SeqNo,Date,UTC Time,Nr,ProbeNr,m_SL120,m_Wasser,m_IPA,m_PG,m_MG,m_vorher,m_nachher,Pumpe_pct,Rho_M,Rho_S,Rho_Sp,C_M,C_S,C_Sp,T_M,T_S,Per_M,Per_S,RunT_M,RunT_S,N,Stabil,SensOK,Gueltig,Source_File,Source_Path,Source_Row,Measurement_Time_UTC,Experiment_Key,Phase,Experiment_Elapsed_h,Phase_Elapsed_h,m_Al_nom_g,m_IPA_nom_g,m_PG_nom_g,m_Water_nom_g,m_MG_nom_g,m_Total_nom_g,Selected_For_Calibration,Selection_Method,IPA_Evaporation_Rate_g_h,IPA_Loss_g,m_IPA_eff_g,m_Total_eff_g,Al_wt_pct_eff,IPA_wt_pct_eff,PG_wt_pct_eff,MG_wt_pct_eff,Water_wt_pct_eff,Composition_Sum_wt_pct,Rho_Physics_kg_m3,C_Physics_m_s,Simulation_Status,A_Rho_kg_m3,A_C_m_s
629,2026-09-07,09:08:25.839,27,9,90.96,909.63,0.0,0.0,0.0,0.0,0.0,100.0,1005.543,0.0006053919,0.002563477,1540.252,0.007210524,0.03344727,22.3999,0.006397493,1497.794,0.001257914,6.898029,1.81523e-05,100,1,1,1,Kennfeld_v2 (21)_korrigiert.csv,C:\dev\masterarbeit\sim_par_ink_prop\laboratory_measurement_L-Com\measurement_data\Kennfeld_v2 (21)_korrigiert.csv,630,2026-07-09 09:08:25.839000+00:00,C:\dev\masterarbeit\sim_par_ink_prop\laboratory_measurement_L-Com\measurement_data\Kennfeld_v2 (21)_korrigiert.csv|Probe=9,1,0.0,0.0,18.192,36.384,36.384,909.63,0.0,1000.59,True,quality flags,0.6843436003640443,0.0,36.384,1000.59,1.8181273048901148,3.6362546097802295,3.6362546097802295,0.0,90.90936347554943,100.0,1005.8087447841384,1539.2907878321348,ok,-0.2657447841384055,0.961212167865142
630,2026-09-07,09:10:25.841,28,9,90.96,909.63,0.0,0.0,0.0,0.0,0.0,100.0,1005.542,0.0009716341,0.004150391,1540.276,0.008652131,0.04467773,22.42177,0.005218286,1497.798,0.0009719462,6.897971,2.212768e-05,100,1,1,1,Kennfeld_v2 (21)_korrigiert.csv,C:\dev\masterarbeit\sim_par_ink_prop\laboratory_measurement_L-Com\measurement_data\Kennfeld_v2 (21)_korrigiert.csv,631,2026-07-09 09:10:25.841000+00:00,C:\dev\masterarbeit\sim_par_ink_prop\laboratory_measurement_L-Com\measurement_data\Kennfeld_v2 (21)_korrigiert.csv|Probe=9,1,0.033333888888888885,0.033333888888888885,18.192,36.384,36.384,909.63,0.0,1000.59,True,quality flags,0.6843436003640443,0.022811833536357233,36.36118816646364,1000.5671881664637,1.8181687561968511,3.6340576221668237,3.6363375123937023,0.0,90.91143610924262,100.0,1005.8058220845685,1539.3123391217916,ok,-0.26382208456846,0.9636608782084295
631,2026-09-07,09:12:25.843,29,9,90.96,909.63,0.0,0.0,0.0,0.0,0.0,100.0,1005.54,0.0005939396,0.002807617,1540.292,0.006238205,0.03063965,22.44124,0.003730904,1497.802,0.0007123146,6.897932,1.631107e-05,100,1,1,1,Kennfeld_v2 (21)_korrigiert.csv,C:\dev\masterarbeit\sim_par_ink_prop\laboratory_measurement_L-Com\measurement_data\Kennfeld_v2 (21)_korrigiert.csv,632,2026-07-09 09:12:25.843000+00:00,C:\dev\masterarbeit\sim_par_ink_prop\laboratory_measurement_L-Com\measurement_data\Kennfeld_v2 (21)_korrigiert.csv|Probe=9,1,0.06666777777777777,0.06666777777777777,18.192,36.384,36.384,909.63,0.0,1000.59,True,quality flags,0.6843436003640443,0.045623667072714466,36.33837633292728,1000.5443763329273,1.8182102093937194,3.6318605343733226,3.6364204187874387,0.0,90.91350883744552,100.0,1005.8036523605285,1539.329414557075,ok,-0.26365236052856744,0.9625854429248193
632,2026-09-07,09:14:25.845,30,9,90.96,909.63,0.0,0.0,0.0,0.0,0.0,100.0,1005.54,0.0004779922,0.002075195,1540.302,0.006389807,0.03466797,22.45623,0.00364117,1497.805,0.0007818153,6.897912,1.66553e-05,100,1,1,1,Kennfeld_v2 (21)_korrigiert.csv,C:\dev\masterarbeit\sim_par_ink_prop\laboratory_measurement_L-Com\measurement_data\Kennfeld_v2 (21)_korrigiert.csv,633,2026-07-09 09:14:25.845000+00:00,C:\dev\masterarbeit\sim_par_ink_prop\laboratory_measurement_L-Com\measurement_data\Kennfeld_v2 (21)_korrigiert.csv|Probe=9,1,0.10000166666666666,0.10000166666666666,18.192,36.384,36.384,909.63,0.0,1000.59,True,quality flags,0.6843436003640443,0.06843550060907169,36.31556449939093,1000.5215644993909,1.8182516644808484,3.629663346392874,3.636503328961697,0.0,90.91558166016458,100.0,1005.8028868947399,1539.3381718038486,ok,-0.26288689473994964,0.9638281961513258
633,2026-09-07,09:16:25.847,31,9,90.96,909.63,0.0,0.0,0.0,0.0,0.0,100.0,1005.54,0.0004587281,0.00201416,1540.31,0.00615256,0.02770996,22.46985,0.003738742,1497.807,0.000821111,6.897893,1.603653e-05,100,1,1,1,Kennfeld_v2 (21)_korrigiert.csv,C:\dev\masterarbeit\sim_par_ink_prop\laboratory_measurement_L-Com\measurement_data\Kennfeld_v2 (21)_korrigiert.csv,634,2026-07-09 09:16:25.847000+00:00,C:\dev\masterarbeit\sim_par_ink_prop\laboratory_measurement_L-Com\measurement_data\Kennfeld_v2 (21)_korrigiert.csv|Probe=9,1,0.13333555555555554,0.13333555555555554,18.192,36.384,36.384,909.63,0.0,1000.59,True,quality flags,0.6843436003640443,0.09124733414542893,36.29275266585457,1000.4987526658546,1.8182931214583677,3.627466058218624,3.6365862429167355,0.0,90.91765457740627,100.0,1005.8025515202955,1539.3443815675644,ok,-0.26255152029557394,0.9656184324355763
634,2026-09-07,09:18:25.849,32,9,90.96,909.63,0.0,0.0,0.0,0.0,0.0,100.0,1005.54,0.0004918654,0.002319336,1540.323,0.006105707,0.03259277,22.4846,0.003700477,1497.811,0.0007951776,6.897863,1.592138e-05,100,1,1,1,Kennfeld_v2 (21)_korrigiert.csv,C:\dev\masterarbeit\sim_par_ink_prop\laboratory_measurement_L-Com\measurement_data\Kennfeld_v2 (21)_korrigiert.csv,635,2026-07-09 09:18:25.849000+00:00,C:\dev\masterarbeit\sim_par_ink_prop\laboratory_measurement_L-Com\measurement_data\Kennfeld_v2 (21)_korrigiert.csv|Probe=9,1,0.16666944444444445,0.16666944444444445,18.192,36.384,36.384,909.63,0.0,1000.59,True,quality flags,0.6843436003640443,0.11405916768178617,36.26994083231821,1000.4759408323182,1.8183345803264066,3.6252686698437184,3.636669160652813,0.0,90.91972758917706,100.0,1005.801863307122,1539.3526730798362,ok,-0.2618633071219847,0.9703269201638705
635,2026-09-07,09:20:25.851,33,9,90.96,909.63,0.0,0.0,0.0,0.0,0.0,100.0,1005.54,0.0004766836,0.002258301,1540.331,0.005403562,0.02600098,22.49834,0.00328032,1497.813,0.0006347407,6.897844,1.42906e-05,100,1,1,1,Kennfeld_v2 (21)_korrigiert.csv,C:\dev\masterarbeit\sim_par_ink_prop\laboratory_measurement_L-Com\measurement_data\Kennfeld_v2 (21)_korrigiert.csv,636,2026-07-09 09:20:25.851000+00:00,C:\dev\masterarbeit\sim_par_ink_prop\laboratory_measurement_L-Com\measurement_data\Kennfeld_v2 (21)_korrigiert.csv|Probe=9,1,0.2000033333333333,0.2000033333333333,18.192,36.384,36.384,909.63,0.0,1000.59,True,quality flags,0.6843436003640443,0.13687100121814338,36.247128998781854,1000.4531289987818,1.8183760410850942,3.623071181261305,3.6367520821701884,0.0,90.92180069548341,100.0,1005.8014924025144,1539.3590858010132,ok,-0.26149240251447736,0.9719141989867239
636,2026-09-07,09:22:25.853,34,9,90.96,909.63,0.0,0.0,0.0,0.0,0.0,100.0,1005.54,0.0005686777,0.002563477,1540.339,0.005824553,0.03393555,22.51012,0.003419458,1497.816,0.0007348674,6.897827,1.525553e-05,100,1,1,1,Kennfeld_v2 (21)_korrigiert.csv,C:\dev\masterarbeit\sim_par_ink_prop\laboratory_measurement_L-Com\measurement_data\Kennfeld_v2 (21)_korrigiert.csv,637,2026-07-09 09:22:25.853000+00:00,C:\dev\masterarbeit\sim_par_ink_prop\laboratory_measurement_L-Com\measurement_data\Kennfeld_v2 (21)_korrigiert.csv|Probe=9,1,0.23333722222222222,0.23333722222222222,18.192,36.384,36.384,909.63,0.0,1000.59,True,quality flags,0.6843436003640443,0.15968283475450065,36.2243171652455,1000.4303171652456,1.81841750373456,3.620873592464528,3.63683500746912,0.0,90.92387389633178,100.0,1005.8017362048844,1539.3618663873044,ok,-0.2617362048844143,0.9771336126955248
637,2026-09-07,09:24:25.855,35,9,90.96,909.63,0.0,0.0,0.0,0.0,0.0,100.0,1005.54,0.0005525211,0.002746582,1540.348,0.005709718,0.03283691,22.5228,0.003206155,1497.818,0.0006579363,6.897806,1.500212e-05,100,1,1,1,Kennfeld_v2 (21)_korrigiert.csv,C:\dev\masterarbeit\sim_par_ink_prop\laboratory_measurement_L-Com\measurement_data\Kennfeld_v2 (21)_korrigiert.csv,638,2026-07-09 09:24:25.855000+00:00,C:\dev\masterarbeit\sim_par_ink_prop\laboratory_measurement_L-Com\measurement_data\Kennfeld_v2 (21)_korrigiert.csv|Probe=9,1,0.2666711111111111,0.2666711111111111,18.192,36.384,36.384,909.63,0.0,1000.59,True,quality flags,0.6843436003640443,0.18249466829085786,36.20150533170914,1000.4075053317092,1.8184589682749335,3.618675903446532,3.636917936549867,0.0,90.92594719172865,99.99999999999999,1005.8016991728862,1539.3663039070984,ok,-0.26169917288621036,0.9816960929015295
638,2026-09-07,09:26:25.857,36,9,90.96,909.63,0.0,0.0,0.0,0.0,0.0,100.0,1005.54,0.0004359952,0.001831055,1540.356,0.005139723,0.02502441,22.53539,0.003130744,1497.821,0.0006396258,6.897788,1.358393e-05,100,1,1,1,Kennfeld_v2 (21)_korrigiert.csv,C:\dev\masterarbeit\sim_par_ink_prop\laboratory_measurement_L-Com\measurement_data\Kennfeld_v2 (21)_korrigiert.csv,639,2026-07-09 09:26:25.857000+00:00,C:\dev\masterarbeit\sim_par_ink_prop\laboratory_measurement_L-Com\measurement_data\Kennfeld_v2 (21)_korrigiert.csv|Probe=9,1,0.300005,0.300005,18.192,36.384,36.384,909.63,0.0,1000.59,True,quality flags,0.6843436003640443,0.20530650182721513,36.178693498172784,1000.3846934981729,1.818500434706344,3.616478114200461,3.637000869412688,0.0,90.9280205816805,100.0,1005.8016912953574,1539.370567770227,ok,-0.26169129535742286,0.985432229773096
639,2026-09-07,09:28:25.859,37,9,90.96,909.63,0.0,0.0,0.0,0.0,0.0,100.0,1005.54,0.0005531447,0.002746582,1540.367,0.006064904,0.02990723,22.54853,0.003312102,1497.824,0.000643484,6.897762,1.583861e-05,100,1,1,1,Kennfeld_v2 (21)_korrigiert.csv,C:\dev\masterarbeit\sim_par_ink_prop\laboratory_measurement_L-Com\measurement_data\Kennfeld_v2 (21)_korrigiert.csv,640,2026-07-09 09:28:25.859000+00:00,C:\dev\masterarbeit\sim_par_ink_prop\laboratory_measurement_L-Com\measurement_data\Kennfeld_v2 (21)_korrigiert.csv|Probe=9,1,0.3333388888888889,0.3333388888888889,18.192,36.384,36.384,909.63,0.0,1000.59,True,quality flags,0.6843436003640443,0.22811833536357234,36.155881664636425,1000.3618816646365,1.8185419030289207,3.6142802247194585,3.6370838060578414,0.0,90.93009406619377,100.0,1005.8015122120547,1539.375839653095,ok,-0.26151221205475395,0.9911603469049624
640,2026-09-07,09:30:25.861,38,9,90.96,909.63,0.0,0.0,0.0,0.0,0.0,100.0,1005.539,0.0005358679,0.002502441,1540.375,0.004738953,0.02758789,22.56065,0.002890444,1497.826,0.0005884534,6.897743,1.264562e-05,100,1,1,1,Kennfeld_v2 (21)_korrigiert.csv,C:\dev\masterarbeit\sim_par_ink_prop\laboratory_measurement_L-Com\measurement_data\Kennfeld_v2 (21)_korrigiert.csv,641,2026-07-09 09:30:25.861000+00:00,C:\dev\masterarbeit\sim_par_ink_prop\laboratory_measurement_L-Com\measurement_data\Kennfeld_v2 (21)_korrigiert.csv|Probe=9,1,0.36667277777777774,0.36667277777777774,18.192,36.384,36.384,909.63,0.0,1000.59,True,quality flags,0.6843436003640443,0.25093016889992953,36.13306983110007,1000.3390698311001,1.8185833732427932,3.6120822349966675,3.6371667464855864,0.0,90.93216764527494,99.99999999999999,1005.8016534201383,1539.3792211762993,ok,-0.26265342013834925,0.9957788237006753
641,2026-09-07,09:32:25.863,39,9,90.96,909.63,0.0,0.0,0.0,0.0,0.0,100.0,1005.539,0.0005782093,0.002929688,1540.382,0.005838647,0.03063965,22.57117,0.003342358,1497.828,0.000658941,6.897728,1.526594e-05,100,1,1,1,Kennfeld_v2 (21)_korrigiert.csv,C:\dev\masterarbeit\sim_par_ink_prop\laboratory_measurement_L-Com\measurement_data\Kennfeld_v2 (21)_korrigiert.csv,642,2026-07-09 09:32:25.863000+00:00,C:\dev\masterarbeit\sim_par_ink_prop\laboratory_measurement_L-Com\measurement_data\Kennfeld_v2 (21)_korrigiert.csv|Probe=9,1,0.4000066666666666,0.4000066666666666,18.192,36.384,36.384,909.63,0.0,1000.59,True,quality flags,0.6843436003640443,0.27374200243628677,36.110257997563714,1000.3162579975638,1.8186248453480907,3.6098841450252284,3.6372496906961813,0.0,90.93424131893049,99.99999999999999,1005.8022964169928,1539.3796448268429,ok,-0.26329641699283,1.0023551731571843
642,2026-09-07,09:34:25.865,40,9,90.96,909.63,0.0,0.0,0.0,0.0,0.0,100.0,1005.539,0.0005457579,0.002624512,1540.4,0.006204683,0.0279541,22.58609,0.004455169,1497.832,0.0009502084,6.897684,1.580616e-05,100,1,1,1,Kennfeld_v2 (21)_korrigiert.csv,C:\dev\masterarbeit\sim_par_ink_prop\laboratory_measurement_L-Com\measurement_data\Kennfeld_v2 (21)_korrigiert.csv,643,2026-07-09 09:34:25.865000+00:00,C:\dev\masterarbeit\sim_par_ink_prop\laboratory_measurement_L-Com\measurement_data\Kennfeld_v2 (21)_korrigiert.csv|Probe=9,1,0.43334055555555556,0.43334055555555556,18.192,36.384,36.384,909.63,0.0,1000.59,True,quality flags,0.6843436003640443,0.29655383597264406,36.087446164027355,1000.2934461640274,1.8186663193449424,3.6076859547982845,3.6373326386898848,0.0,90.93631508716689,100.0,1005.8015631046619,1539.3881768092251,ok,-0.2625631046619219,1.011823190774976
643,2026-09-07,09:53:08.224,41,9,90.96,909.63,0.0,15.01,0.0,0.0,0.0,100.0,1006.602,0.001378535,0.005371094,1549.199,0.008559042,0.04272461,22.83602,0.002030174,1498.14,0.0006947616,6.874305,2.279295e-05,100,1,1,1,Kennfeld_v2 (21)_korrigiert.csv,C:\dev\masterarbeit\sim_par_ink_prop\laboratory_measurement_L-Com\measurement_data\Kennfeld_v2 (21)_korrigiert.csv,644,2026-07-09 09:53:08.224000+00:00,C:\dev\masterarbeit\sim_par_ink_prop\laboratory_measurement_L-Com\measurement_data\Kennfeld_v2 (21)_korrigiert.csv|Probe=9,2,0.7451069444444445,0.0,18.192,36.384,51.394,909.63,0.0,1015.6,True,quality flags,0.6843436003640443,0.509909169017363,35.87409083098264,1015.0900908309826,1.7921562001563323,3.5340795024030873,5.062998886919225,0.0,89.61076541052135,100.0,1007.1359939677113,1546.579891104217,ok,-0.5339939677113534,2.619108895783029
644,2026-09-07,09:55:08.226,42,9,90.96,909.63,0.0,15.01,0.0,0.0,0.0,100.0,1006.607,0.00109653,0.005187988,1549.182,0.007800825,0.03674316,22.84152,0.001363201,1498.142,0.0005109308,6.874351,2.072876e-05,100,1,1,1,Kennfeld_v2 (21)_korrigiert.csv,C:\dev\masterarbeit\sim_par_ink_prop\laboratory_measurement_L-Com\measurement_data\Kennfeld_v2 (21)_korrigiert.csv,645,2026-07-09 09:55:08.226000+00:00,C:\dev\masterarbeit\sim_par_ink_prop\laboratory_measurement_L-Com\measurement_data\Kennfeld_v2 (21)_korrigiert.csv|Probe=9,2,0.7784408333333334,0.033333888888888885,18.192,36.384,51.394,909.63,0.0,1015.6,True,quality flags,0.6843436003640443,0.5327210025537203,35.85127899744628,1015.0672789974464,1.7921964756826494,3.5319116022393695,5.063112668823333,0.0,89.61277925325464,100.0,1007.1379982952453,1546.5692884915206,ok,-0.5309982952453538,2.6127115084793786
645,2026-09-07,09:57:08.228,43,9,90.96,909.63,0.0,15.01,0.0,0.0,0.0,100.0,1006.611,0.007874889,0.09051514,1549.171,0.007464656,0.0402832,22.84765,0.001751602,1498.144,0.002536549,6.874383,1.99274e-05,100,0,1,0,Kennfeld_v2 (21)_korrigiert.csv,C:\dev\masterarbeit\sim_par_ink_prop\laboratory_measurement_L-Com\measurement_data\Kennfeld_v2 (21)_korrigiert.csv,646,2026-07-09 09:57:08.228000+00:00,C:\dev\masterarbeit\sim_par_ink_prop\laboratory_measurement_L-Com\measurement_data\Kennfeld_v2 (21)_korrigiert.csv|Probe=9,2,0.8117747222222222,0.06666777777777777,18.192,36.384,51.394,909.63,0.0,1015.6,False,not selected,0.6843436003640443,0.5555328360900775,35.82846716390992,1015.04446716391,1.7922367530192493,3.5297436046340533,5.06322645584165,0.0,89.61479318650504,100.0,1007.1397910816868,1546.5596371048682,ok,-0.5287910816867907,2.6113628951318333
646,2026-09-07,09:59:08.230,44,9,90.96,909.63,0.0,15.01,0.0,0.0,0.0,100.0,1006.614,0.001206118,0.005126953,1549.155,0.009663169,0.04748535,22.85083,0.0008475023,1498.145,0.0002876676,6.874426,2.55942e-05,100,1,1,1,Kennfeld_v2 (21)_korrigiert.csv,C:\dev\masterarbeit\sim_par_ink_prop\laboratory_measurement_L-Com\measurement_data\Kennfeld_v2 (21)_korrigiert.csv,647,2026-07-09 09:59:08.230000+00:00,C:\dev\masterarbeit\sim_par_ink_prop\laboratory_measurement_L-Com\measurement_data\Kennfeld_v2 (21)_korrigiert.csv|Probe=9,2,0.8451086111111111,0.10000166666666666,18.192,36.384,51.394,909.63,0.0,1015.6,True,quality flags,0.6843436003640443,0.5783446696264347,35.80565533037357,1015.0216553303736,1.7922770321662536,3.5275755095805708,5.0633402479745175,0.0,89.61680721027865,100.0,1007.1425779098912,1546.5455332747536,ok,-0.5285779098911689,2.6094667252464205
647,2026-09-07,10:01:08.232,45,9,90.96,909.63,0.0,15.01,0.0,0.0,0.0,100.0,1006.618,0.001175409,0.004821777,1549.136,0.008008055,0.04455566,22.85172,0.001088804,1498.146,0.0003869627,6.874475,2.129457e-05,100,1,1,1,Kennfeld_v2 (21)_korrigiert.csv,C:\dev\masterarbeit\sim_par_ink_prop\laboratory_measurement_L-Com\measurement_data\Kennfeld_v2 (21)_korrigiert.csv,648,2026-07-09 10:01:08.232000+00:00,C:\dev\masterarbeit\sim_par_ink_prop\laboratory_measurement_L-Com\measurement_data\Kennfeld_v2 (21)_korrigiert.csv|Probe=9,2,0.8784425,0.13333555555555554,18.192,36.384,51.394,909.63,0.0,1015.6,True,quality flags,0.6843436003640443,0.601156503162792,35.78284349683721,1014.9988434968373,1.7923173131237846,3.525407317072348,5.063454045222283,0.0,89.61882132458157,99.99999999999999,1007.1461364019716,1546.5279727209788,ok,-0.5281364019715511,2.608027279021144
648,2026-09-07,10:03:08.234,46,9,90.96,909.63,0.0,15.01,0.0,0.0,0.0,100.0,1006.621,0.001120334,0.005004883,1549.124,0.008265975,0.04638672,22.85473,0.001070659,1498.147,0.0002615125,6.874507,2.198423e-05,100,1,1,1,Kennfeld_v2 (21)_korrigiert.csv,C:\dev\masterarbeit\sim_par_ink_prop\laboratory_measurement_L-Com\measurement_data\Kennfeld_v2 (21)_korrigiert.csv,649,2026-07-09 10:03:08.234000+00:00,C:\dev\masterarbeit\sim_par_ink_prop\laboratory_measurement_L-Com\measurement_data\Kennfeld_v2 (21)_korrigiert.csv|Probe=9,2,0.9117763888888889,0.16666944444444445,18.192,36.384,51.394,909.63,0.0,1015.6,True,quality flags,0.6843436003640443,0.6239683366991492,35.76003166330085,1014.9760316633009,1.7923575958919642,3.523239027102816,5.06356784758529,0.0,89.62083552941992,99.99999999999999,1007.1489815339787,1546.5136127352569,ok,-0.5279815339787319,2.610387264743167
649,2026-09-07,10:05:08.236,47,9,90.96,909.63,0.0,15.01,0.0,0.0,0.0,100.0,1006.625,0.001309066,0.005493164,1549.111,0.009371948,0.03808594,22.8569,0.001023945,1498.148,0.0003465723,6.874544,2.494501e-05,100,1,1,1,Kennfeld_v2 (21)_korrigiert.csv,C:\dev\masterarbeit\sim_par_ink_prop\laboratory_measurement_L-Com\measurement_data\Kennfeld_v2 (21)_korrigiert.csv,650,2026-07-09 10:05:08.236000+00:00,C:\dev\masterarbeit\sim_par_ink_prop\laboratory_measurement_L-Com\measurement_data\Kennfeld_v2 (21)_korrigiert.csv|Probe=9,2,0.9451102777777778,0.2000033333333333,18.192,36.384,51.394,909.63,0.0,1015.6,True,quality flags,0.6843436003640443,0.6467801702355065,35.73721982976449,1014.9532198297645,1.7923978804709144,3.521070639665403,5.063681655063884,0.0,89.6228498247998,100.0,1007.1521100384231,1546.4979847087877,ok,-0.5271100384230749,2.6130152912123776
650,2026-09-07,10:07:08.238,48,9,90.96,909.63,0.0,15.01,0.0,0.0,0.0,100.0,1006.628,0.001172953,0.005371094,1549.096,0.009285718,0.04162598,22.85848,0.00121322,1498.15,0.0003330425,6.874585,2.465874e-05,100,1,1,1,Kennfeld_v2 (21)_korrigiert.csv,C:\dev\masterarbeit\sim_par_ink_prop\laboratory_measurement_L-Com\measurement_data\Kennfeld_v2 (21)_korrigiert.csv,651,2026-07-09 10:07:08.238000+00:00,C:\dev\masterarbeit\sim_par_ink_prop\laboratory_measurement_L-Com\measurement_data\Kennfeld_v2 (21)_korrigiert.csv|Probe=9,2,0.9784441666666667,0.23333722222222222,18.192,36.384,51.394,909.63,0.0,1015.6,True,quality flags,0.6843436003640443,0.6695920037718637,35.71440799622814,1014.9304079962282,1.7924381668607576,3.518902154753537,5.063795467658409,0.0,89.6248642107273,100.0,1007.1554377055419,1546.4814657866016,ok,-0.5274377055418427,2.6145342133984286
651,2026-09-07,10:09:08.240,49,9,90.96,909.63,0.0,15.01,0.0,0.0,0.0,100.0,1006.63,0.0007394826,0.003540039,1549.085,0.006034328,0.02868652,22.86169,0.0008870443,1498.151,0.0003879649,6.874615,1.600749e-05,100,1,1,1,Kennfeld_v2 (21)_korrigiert.csv,C:\dev\masterarbeit\sim_par_ink_prop\laboratory_measurement_L-Com\measurement_data\Kennfeld_v2 (21)_korrigiert.csv,652,2026-07-09 10:09:08.240000+00:00,C:\dev\masterarbeit\sim_par_ink_prop\laboratory_measurement_L-Com\measurement_data\Kennfeld_v2 (21)_korrigiert.csv|Probe=9,2,1.0117780555555556,0.2666711111111111,18.192,36.384,51.394,909.63,0.0,1015.6,True,quality flags,0.6843436003640443,0.6924038373082209,35.69159616269178,1014.9075961626918,1.7924784550616157,3.516733572360645,5.063909285369211,0.0,89.62687868720853,100.0,1007.1582170996534,1546.4674086043701,ok,-0.528217099653375,2.6175913956299155
652,2026-09-07,10:11:08.242,50,9,90.96,909.63,0.0,15.01,0.0,0.0,0.0,100.0,1006.633,0.0008939496,0.00402832,1549.079,0.005583167,0.02709961,22.86709,0.001937618,1498.152,0.0004439292,6.87463,1.486264e-05,100,1,1,1,Kennfeld_v2 (21)_korrigiert.csv,C:\dev\masterarbeit\sim_par_ink_prop\laboratory_measurement_L-Com\measurement_data\Kennfeld_v2 (21)_korrigiert.csv,653,2026-07-09 10:11:08.242000+00:00,C:\dev\masterarbeit\sim_par_ink_prop\laboratory_measurement_L-Com\measurement_data\Kennfeld_v2 (21)_korrigiert.csv|Probe=9,2,1.0451119444444443,0.300005,18.192,36.384,51.394,909.63,0.0,1015.6,True,quality flags,0.6843436003640443,0.715215670844578,35.66878432915542,1014.8847843291554,1.792518745073611,3.514564892480154,5.064023108196634,0.0,89.6288932542496,100.0,1007.1602597683187,1546.4566592482984,ok,-0.5272597683186859,2.6223407517015858
653,2026-09-07,10:13:08.244,51,9,90.96,909.63,0.0,15.01,0.0,0.0,0.0,100.0,1006.634,0.0009447874,0.004333496,1549.074,0.006465511,0.02661133,22.87236,0.001502582,1498.154,0.0004130396,6.874644,1.72257e-05,100,1,1,1,Kennfeld_v2 (21)_korrigiert.csv,C:\dev\masterarbeit\sim_par_ink_prop\laboratory_measurement_L-Com\measurement_data\Kennfeld_v2 (21)_korrigiert.csv,654,2026-07-09 10:13:08.244000+00:00,C:\dev\masterarbeit\sim_par_ink_prop\laboratory_measurement_L-Com\measurement_data\Kennfeld_v2 (21)_korrigiert.csv|Probe=9,2,1.0784458333333333,0.3333388888888889,18.192,36.384,51.394,909.63,0.0,1015.6,True,quality flags,0.6843436003640443,0.7380275043809353,35.64597249561906,1014.861972495619,1.7925590368968654,3.512396115105489,5.064136936141023,0.0,89.63090791185662,100.0,1007.1623468169253,1546.445713883966,ok,-0.5283468169252501,2.6282861160341326
654,2026-09-07,10:15:08.246,52,9,90.96,909.63,0.0,15.01,0.0,0.0,0.0,100.0,1006.635,0.0007931145,0.00390625,1549.073,0.005742431,0.02832031,22.87848,0.001871216,1498.156,0.0004680906,6.874649,1.523389e-05,100,1,1,1,Kennfeld_v2 (21)_korrigiert.csv,C:\dev\masterarbeit\sim_par_ink_prop\laboratory_measurement_L-Com\measurement_data\Kennfeld_v2 (21)_korrigiert.csv,655,2026-07-09 10:15:08.246000+00:00,C:\dev\masterarbeit\sim_par_ink_prop\laboratory_measurement_L-Com\measurement_data\Kennfeld_v2 (21)_korrigiert.csv|Probe=9,2,1.1117797222222223,0.36667277777777774,18.192,36.384,51.394,909.63,0.0,1015.6,True,quality flags,0.6843436003640443,0.7608393379172926,35.62316066208271,1014.8391606620827,1.7925993305315013,3.5102272402300776,5.064250769202725,0.0,89.6329226600357,100.0,1007.1641483470912,1546.4360523086568,ok,-0.5291483470912226,2.6369476913432663
655,2026-09-07,10:17:08.248,53,9,90.96,909.63,0.0,15.01,0.0,0.0,0.0,100.0,1006.637,0.000736035,0.00390625,1549.07,0.006125134,0.03112793,22.885,0.00188583,1498.157,0.0004431827,6.87466,1.615257e-05,100,1,1,1,Kennfeld_v2 (21)_korrigiert.csv,C:\dev\masterarbeit\sim_par_ink_prop\laboratory_measurement_L-Com\measurement_data\Kennfeld_v2 (21)_korrigiert.csv,656,2026-07-09 10:17:08.248000+00:00,C:\dev\masterarbeit\sim_par_ink_prop\laboratory_measurement_L-Com\measurement_data\Kennfeld_v2 (21)_korrigiert.csv|Probe=9,2,1.145113611111111,0.4000066666666666,18.192,36.384,51.394,909.63,0.0,1015.6,True,quality flags,0.6843436003640443,0.7836511714536498,35.60034882854635,1014.8163488285463,1.7926396259776405,3.508058267847343,5.064364607382083,0.0,89.63493749879294,100.0,1007.1658158720587,1546.426994742265,ok,-0.5288158720587717,2.6430052577350125
656,2026-09-07,10:19:08.250,54,9,90.96,909.63,0.0,15.01,0.0,0.0,0.0,100.0,1006.638,0.0006581065,0.002990723,1549.07,0.006386566,0.03112793,22.89272,0.001557282,1498.159,0.0004179861,6.874661,1.694566e-05,100,1,1,1,Kennfeld_v2 (21)_korrigiert.csv,C:\dev\masterarbeit\sim_par_ink_prop\laboratory_measurement_L-Com\measurement_data\Kennfeld_v2 (21)_korrigiert.csv,657,2026-07-09 10:19:08.250000+00:00,C:\dev\masterarbeit\sim_par_ink_prop\laboratory_measurement_L-Com\measurement_data\Kennfeld_v2 (21)_korrigiert.csv|Probe=9,2,1.1784475,0.43334055555555556,18.192,36.384,51.394,909.63,0.0,1015.6,True,quality flags,0.6843436003640443,0.8064630049900071,35.57753699500999,1014.7935369950101,1.7926799232354054,3.505889197950709,5.064478450679442,0.0,89.63695242813444,99.99999999999999,1007.1670801343884,1546.4197485330137,ok,-0.5290801343883231,2.6502514669862194
657,2026-09-07,10:21:08.252,55,9,90.96,909.63,0.0,15.01,0.0,0.0,0.0,100.0,1006.639,0.0007396027,0.00378418,1549.072,0.005438694,0.02575684,22.90019,0.002853417,1498.161,0.0006098569,6.874658,1.43973e-05,100,1,1,1,Kennfeld_v2 (21)_korrigiert.csv,C:\dev\masterarbeit\sim_par_ink_prop\laboratory_measurement_L-Com\measurement_data\Kennfeld_v2 (21)_korrigiert.csv,658,2026-07-09 10:21:08.252000+00:00,C:\dev\masterarbeit\sim_par_ink_prop\laboratory_measurement_L-Com\measurement_data\Kennfeld_v2 (21)_korrigiert.csv|Probe=9,2,1.2117813888888889,0.46667444444444445,18.192,36.384,51.394,909.63,0.0,1015.6,True,quality flags,0.6843436003640443,0.8292748385263643,35.554725161473634,1014.7707251614737,1.7927202223049181,3.5037200305336014,5.064592299095149,0.0,89.63896744806632,100.0,1007.1684292289891,1546.4121244151274,ok,-0.5294292289891018,2.6598755848724522
658,2026-09-07,10:38:16.054,56,9,90.96,1009.71,0.0,15.01,0.0,0.0,0.0,100.0,1005.748,0.005477304,0.01751709,1543.975,0.0110114,0.05419922,22.97371,0.002749398,1497.963,0.001790285,6.888231,2.980093e-05,100,0,1,0,Kennfeld_v2 (21)_korrigiert.csv,C:\dev\masterarbeit\sim_par_ink_prop\laboratory_measurement_L-Com\measurement_data\Kennfeld_v2 (21)_korrigiert.csv,659,2026-07-09 10:38:16.054000+00:00,C:\dev\masterarbeit\sim_par_ink_prop\laboratory_measurement_L-Com\measurement_data\Kennfeld_v2 (21)_korrigiert.csv|Probe=9,3,1.4972819444444445,0.0,18.192,36.384,51.394,1009.71,0.0,1115.68,False,not selected,0.6843436003640443,1.024655316621188,35.359344683378815,1114.6553446833789,1.632073993703183,3.172222234615736,4.610752574339346,0.0,90.58495119734172,99.99999999999999,1006.244253781754,1541.3948883790245,ok,-0.49625378175392143,2.580111620975458
659,2026-09-07,10:40:16.056,57,9,90.96,1009.71,0.0,15.01,0.0,0.0,0.0,100.0,1005.757,0.0007340887,0.00378418,1543.957,0.009543575,0.04577637,22.98405,0.003043793,1497.966,0.000622839,6.888281,2.567214e-05,100,1,1,1,Kennfeld_v2 (21)_korrigiert.csv,C:\dev\masterarbeit\sim_par_ink_prop\laboratory_measurement_L-Com\measurement_data\Kennfeld_v2 (21)_korrigiert.csv,660,2026-07-09 10:40:16.056000+00:00,C:\dev\masterarbeit\sim_par_ink_prop\laboratory_measurement_L-Com\measurement_data\Kennfeld_v2 (21)_korrigiert.csv|Probe=9,3,1.5306158333333333,0.033333888888888885,18.192,36.384,51.394,1009.71,0.0,1115.68,True,quality flags,0.6843436003640443,1.0474671501575452,35.336532849842456,1114.6325328498426,1.632107395384155,3.1702405778068927,4.610846937025794,0.0,90.58680508978314,99.99999999999999,1006.2444315148409,1541.394931106227,ok,-0.4874315148409778,2.56206889377313
660,2026-09-07,10:42:16.058,58,9,90.96,1009.71,0.0,15.01,0.0,0.0,0.0,100.0,1005.757,0.0006906429,0.003540039,1543.956,0.00854353,0.03259277,22.99597,0.003414179,1497.969,0.0007319943,6.888286,2.287838e-05,100,1,1,1,Kennfeld_v2 (21)_korrigiert.csv,C:\dev\masterarbeit\sim_par_ink_prop\laboratory_measurement_L-Com\measurement_data\Kennfeld_v2 (21)_korrigiert.csv,661,2026-07-09 10:42:16.058000+00:00,C:\dev\masterarbeit\sim_par_ink_prop\laboratory_measurement_L-Com\measurement_data\Kennfeld_v2 (21)_korrigiert.csv|Probe=9,3,1.5639497222222223,0.06666777777777777,18.192,36.384,51.394,1009.71,0.0,1115.68,True,quality flags,0.6843436003640443,1.0702789836939026,35.3137210163061,1114.6097210163061,1.6321407984323386,3.1682588398840528,4.610941303574736,0.0,90.58865905810887,100.0,1006.2440937907082,1541.3975866982296,ok,-0.4870937907082862,2.5584133017703152
661,2026-09-07,10:44:16.060,59,9,90.96,1009.71,0.0,15.01,0.0,0.0,0.0,100.0,1005.757,0.0006544575,0.003295898,1543.953,0.008548569,0.03820801,23.00769,0.002855695,1497.972,0.0005843941,6.888297,2.280422e-05,100,1,1,1,Kennfeld_v2 (21)_korrigiert.csv,C:\dev\masterarbeit\sim_par_ink_prop\laboratory_measurement_L-Com\measurement_data\Kennfeld_v2 (21)_korrigiert.csv,662,2026-07-09 10:44:16.060000+00:00,C:\dev\masterarbeit\sim_par_ink_prop\laboratory_measurement_L-Com\measurement_data\Kennfeld_v2 (21)_korrigiert.csv|Probe=9,3,1.597283611111111,0.10000166666666666,18.192,36.384,51.394,1009.71,0.0,1115.68,True,quality flags,0.6843436003640443,1.0930908172302598,35.29090918276974,1114.58690918277,1.6321742028478174,3.1662770208422337,4.611035673986407,0.0,90.59051310232353,99.99999999999999,1006.2438221041145,1541.3999048996711,ok,-0.48682210411459437,2.5530951003288465
662,2026-09-07,10:46:16.062,60,9,90.96,1009.71,0.0,15.01,0.0,0.0,0.0,100.0,1005.757,0.0006895786,0.003112793,1543.955,0.009133289,0.04443359,23.01843,0.002398741,1497.974,0.0005815476,6.888296,2.408954e-05,100,1,1,1,Kennfeld_v2 (21)_korrigiert.csv,C:\dev\masterarbeit\sim_par_ink_prop\laboratory_measurement_L-Com\measurement_data\Kennfeld_v2 (21)_korrigiert.csv,663,2026-07-09 10:46:16.062000+00:00,C:\dev\masterarbeit\sim_par_ink_prop\laboratory_measurement_L-Com\measurement_data\Kennfeld_v2 (21)_korrigiert.csv|Probe=9,3,1.6306175,0.13333555555555554,18.192,36.384,51.394,1009.71,0.0,1115.68,True,quality flags,0.6843436003640443,1.115902650766617,35.268097349233386,1114.5640973492334,1.6322076086306758,3.1642951206764565,4.611130048261046,0.0,90.59236722243182,100.0,1006.2438712236755,1541.4005954096324,ok,-0.4868712236755073,2.5544045903675396
663,2026-09-07,10:48:16.064,61,9,90.96,1009.71,0.0,15.01,0.0,0.0,0.0,100.0,1005.758,0.0006966566,0.003295898,1543.958,0.008233023,0.04187012,23.02864,0.00261295,1497.976,0.0005048973,6.888289,2.201186e-05,100,1,1,1,Kennfeld_v2 (21)_korrigiert.csv,C:\dev\masterarbeit\sim_par_ink_prop\laboratory_measurement_L-Com\measurement_data\Kennfeld_v2 (21)_korrigiert.csv,664,2026-07-09 10:48:16.064000+00:00,C:\dev\masterarbeit\sim_par_ink_prop\laboratory_measurement_L-Com\measurement_data\Kennfeld_v2 (21)_korrigiert.csv|Probe=9,3,1.663951388888889,0.16666944444444445,18.192,36.384,51.394,1009.71,0.0,1115.68,True,quality flags,0.6843436003640443,1.1387144843029744,35.24528551569703,1114.5412855156972,1.6322410157809972,3.1623131393817383,4.611224426398888,0.0,90.59422141843837,99.99999999999999,1006.2440941314006,1541.4004045710649,ok,-0.4860941314005913,2.557595428935201
664,2026-09-07,10:50:16.066,62,9,90.96,1009.71,0.0,15.01,0.0,0.0,0.0,100.0,1005.758,0.0007872715,0.00378418,1543.959,0.008065986,0.03649902,23.03769,0.002127988,1497.978,0.0004418101,6.88829,2.156061e-05,100,1,1,1,Kennfeld_v2 (21)_korrigiert.csv,C:\dev\masterarbeit\sim_par_ink_prop\laboratory_measurement_L-Com\measurement_data\Kennfeld_v2 (21)_korrigiert.csv,665,2026-07-09 10:50:16.066000+00:00,C:\dev\masterarbeit\sim_par_ink_prop\laboratory_measurement_L-Com\measurement_data\Kennfeld_v2 (21)_korrigiert.csv|Probe=9,3,1.6972852777777778,0.2000033333333333,18.192,36.384,51.394,1009.71,0.0,1115.68,True,quality flags,0.6843436003640443,1.1615263178393316,35.22247368216067,1114.5184736821607,1.6322744242988663,3.160331076953099,4.611318808400172,0.0,90.59607569034786,100.0,1006.2446965722114,1541.3982915727543,ok,-0.48669657221137186,2.5607084272457996
665,2026-09-07,10:52:16.068,63,9,90.96,1009.71,0.0,15.01,0.0,0.0,0.0,100.0,1005.759,0.0007485672,0.003356934,1543.959,0.007771019,0.03625488,23.04564,0.002336289,1497.979,0.0004876937,6.888293,2.06988e-05,100,1,1,1,Kennfeld_v2 (21)_korrigiert.csv,C:\dev\masterarbeit\sim_par_ink_prop\laboratory_measurement_L-Com\measurement_data\Kennfeld_v2 (21)_korrigiert.csv,666,2026-07-09 10:52:16.068000+00:00,C:\dev\masterarbeit\sim_par_ink_prop\laboratory_measurement_L-Com\measurement_data\Kennfeld_v2 (21)_korrigiert.csv|Probe=9,3,1.7306191666666668,0.23333722222222222,18.192,36.384,51.394,1009.71,0.0,1115.68,True,quality flags,0.6843436003640443,1.1843381513756888,35.19966184862431,1114.4956618486244,1.6323078341843664,3.158348933385555,4.6114131942651335,0.0,90.59793003816493,99.99999999999999,1006.2456589062634,1541.3943574452649,ok,-0.4866589062634148,2.564642554735201
666,2026-09-07,10:54:16.070,64,9,90.96,1009.71,0.0,15.01,0.0,0.0,0.0,100.0,1005.759,0.0006198715,0.002868652,1543.964,0.00730716,0.03417969,23.05517,0.001904586,1497.981,0.0004018744,6.888281,1.941724e-05,100,1,1,1,Kennfeld_v2 (21)_korrigiert.csv,C:\dev\masterarbeit\sim_par_ink_prop\laboratory_measurement_L-Com\measurement_data\Kennfeld_v2 (21)_korrigiert.csv,667,2026-07-09 10:54:16.070000+00:00,C:\dev\masterarbeit\sim_par_ink_prop\laboratory_measurement_L-Com\measurement_data\Kennfeld_v2 (21)_korrigiert.csv|Probe=9,3,1.7639530555555556,0.2666711111111111,18.192,36.384,51.394,1009.71,0.0,1115.68,True,quality flags,0.6843436003640443,1.207149984912046,35.17685001508796,1114.472850015088,1.6323412454375819,3.156366708674126,4.611507583994013,0.0,90.59978446189429,100.0,1006.2461058408685,1541.393033037528,ok,-0.4871058408684803,2.570966962471857
667,2026-09-07,10:56:16.072,65,9,90.96,1009.71,0.0,15.01,0.0,0.0,0.0,100.0,1005.758,0.0006609584,0.002807617,1543.969,0.006886348,0.03442383,23.06432,0.002437817,1497.983,0.0004938765,6.888272,1.822652e-05,100,1,1,1,Kennfeld_v2 (21)_korrigiert.csv,C:\dev\masterarbeit\sim_par_ink_prop\laboratory_measurement_L-Com\measurement_data\Kennfeld_v2 (21)_korrigiert.csv,668,2026-07-09 10:56:16.072000+00:00,C:\dev\masterarbeit\sim_par_ink_prop\laboratory_measurement_L-Com\measurement_data\Kennfeld_v2 (21)_korrigiert.csv|Probe=9,3,1.7972869444444446,0.300005,18.192,36.384,51.394,1009.71,0.0,1115.68,True,quality flags,0.6843436003640443,1.2299618184484034,35.1540381815516,1114.4500381815517,1.6323746580585963,3.1543844028138266,4.611601977587044,0.0,90.60163896154053,100.0,1006.2466775197263,1541.3910776523785,ok,-0.4886775197262523,2.577922347621552
668,2026-09-07,10:58:16.074,66,9,90.96,1009.71,0.0,15.01,0.0,0.0,0.0,100.0,1005.758,0.0007609208,0.003295898,1543.976,0.007796004,0.04602051,23.07432,0.002883951,1497.985,0.0005569695,6.888254,2.061246e-05,100,1,1,1,Kennfeld_v2 (21)_korrigiert.csv,C:\dev\masterarbeit\sim_par_ink_prop\laboratory_measurement_L-Com\measurement_data\Kennfeld_v2 (21)_korrigiert.csv,669,2026-07-09 10:58:16.074000+00:00,C:\dev\masterarbeit\sim_par_ink_prop\laboratory_measurement_L-Com\measurement_data\Kennfeld_v2 (21)_korrigiert.csv|Probe=9,3,1.8306208333333331,0.3333388888888889,18.192,36.384,51.394,1009.71,0.0,1115.68,True,quality flags,0.6843436003640443,1.2527736519847603,35.13122634801524,1114.4272263480152,1.6324080720474943,3.152402015799675,4.611696375044465,0.0,90.60349353710836,100.0,1006.2469722580995,1541.3905233050855,ok,-0.48897225809946576,2.5854766949146324
669,2026-09-07,11:00:16.076,67,9,90.96,1009.71,0.0,15.01,0.0,0.0,0.0,100.0,1005.758,0.0007763904,0.003356934,1543.985,0.008004499,0.04577637,23.08464,0.002529936,1497.987,0.0004817268,6.888233,2.134824e-05,100,1,1,1,Kennfeld_v2 (21)_korrigiert.csv,C:\dev\masterarbeit\sim_par_ink_prop\laboratory_measurement_L-Com\measurement_data\Kennfeld_v2 (21)_korrigiert.csv,670,2026-07-09 11:00:16.076000+00:00,C:\dev\masterarbeit\sim_par_ink_prop\laboratory_measurement_L-Com\measurement_data\Kennfeld_v2 (21)_korrigiert.csv|Probe=9,3,1.8639547222222221,0.36667277777777774,18.192,36.384,51.394,1009.71,0.0,1115.68,True,quality flags,0.6843436003640443,1.2755854855211175,35.10841451447888,1114.404414514479,1.6324414874043591,3.1504195476266874,4.611790776366514,0.0,90.60534818860243,100.0,1006.2471631584817,1541.3904934826314,ok,-0.4891631584816878,2.5945065173684725
670,2026-09-07,11:02:16.078,68,9,90.96,1009.71,0.0,15.01,0.0,0.0,0.0,100.0,1005.757,0.0006450271,0.003295898,1543.996,0.009533828,0.04223633,23.09585,0.003048921,1497.99,0.0005807823,6.888208,2.499287e-05,100,1,1,1,Kennfeld_v2 (21)_korrigiert.csv,C:\dev\masterarbeit\sim_par_ink_prop\laboratory_measurement_L-Com\measurement_data\Kennfeld_v2 (21)_korrigiert.csv,671,2026-07-09 11:02:16.078000+00:00,C:\dev\masterarbeit\sim_par_ink_prop\laboratory_measurement_L-Com\measurement_data\Kennfeld_v2 (21)_korrigiert.csv|Probe=9,3,1.897288611111111,0.4000066666666666,18.192,36.384,51.394,1009.71,0.0,1115.68,True,quality flags,0.6843436003640443,1.2983973190574747,35.08560268094253,1114.3816026809425,1.6324749041292757,3.1484369982898808,4.611885181553429,0.0,90.60720291602742,100.0,1006.2470641070096,1541.3919281649803,ok,-0.4900641070096299,2.604071835019795
671,2026-09-07,11:04:16.081,69,9,90.96,1009.71,0.0,15.01,0.0,0.0,0.0,100.0,1005.756,0.0005657321,0.002746582,1544.007,0.006883822,0.03442383,23.10782,0.002771228,1497.992,0.0005114667,6.888181,1.816299e-05,100,1,1,1,Kennfeld_v2 (21)_korrigiert.csv,C:\dev\masterarbeit\sim_par_ink_prop\laboratory_measurement_L-Com\measurement_data\Kennfeld_v2 (21)_korrigiert.csv,672,2026-07-09 11:04:16.081000+00:00,C:\dev\masterarbeit\sim_par_ink_prop\laboratory_measurement_L-Com\measurement_data\Kennfeld_v2 (21)_korrigiert.csv|Probe=9,3,1.9306227777777778,0.43334083333333334,18.192,36.384,51.394,1009.71,0.0,1115.68,True,quality flags,0.6843436003640443,1.3212093426892766,35.06279065731072,1114.3587906573107,1.6325083225008121,3.146454351262284,4.611979591392191,0.0,90.60905773484471,100.0,1006.2467176145302,1541.394610883718,ok,-0.4907176145302401,2.6123891162819746
672,2026-09-07,11:06:16.082,70,9,90.96,1009.71,0.0,15.01,0.0,0.0,0.0,100.0,1005.755,0.0005685824,0.002502441,1544.017,0.007655513,0.03259277,23.11854,0.002714081,1497.994,0.0005191472,6.888157,2.035459e-05,100,1,1,1,Kennfeld_v2 (21)_korrigiert.csv,C:\dev\masterarbeit\sim_par_ink_prop\laboratory_measurement_L-Com\measurement_data\Kennfeld_v2 (21)_korrigiert.csv,673,2026-07-09 11:06:16.082000+00:00,C:\dev\masterarbeit\sim_par_ink_prop\laboratory_measurement_L-Com\measurement_data\Kennfeld_v2 (21)_korrigiert.csv|Probe=9,3,1.963956388888889,0.46667444444444445,18.192,36.384,51.394,1009.71,0.0,1115.68,True,quality flags,0.6843436003640443,1.3440209861301893,35.03997901386981,1114.33597901387,1.6325417416835974,3.1444716561048662,4.612074003522801,0.0,90.61091259868871,99.99999999999997,1006.2467799077541,1541.3952265414916,ok,-0.4917799077541076,2.6217734585084145
673,2026-09-07,11:08:16.085,71,9,90.96,1009.71,0.0,15.01,0.0,0.0,0.0,100.0,1005.755,0.0006080897,0.002807617,1544.027,0.008424463,0.03833008,23.12827,0.00287115,1497.996,0.0005104931,6.888133,2.232456e-05,100,1,1,1,Kennfeld_v2 (21)_korrigiert.csv,C:\dev\masterarbeit\sim_par_ink_prop\laboratory_measurement_L-Com\measurement_data\Kennfeld_v2 (21)_korrigiert.csv,674,2026-07-09 11:08:16.085000+00:00,C:\dev\masterarbeit\sim_par_ink_prop\laboratory_measurement_L-Com\measurement_data\Kennfeld_v2 (21)_korrigiert.csv|Probe=9,3,1.9972905555555556,0.5000086111111111,18.192,36.384,51.394,1009.71,0.0,1115.68,True,quality flags,0.6843436003640443,1.3668330097619912,35.01716699023801,1114.313166990238,1.6325751627916798,3.142488846723354,4.612168421092545,0.0,90.61276756939243,100.00000000000001,1006.2471661687373,1541.3942055877064,ok,-0.4921661687372989,2.632794412293606
674,2026-09-07,11:10:16.087,72,9,90.96,1009.71,0.0,15.01,0.0,0.0,0.0,100.0,1005.755,0.0006282888,0.003051758,1544.037,0.008164421,0.03479004,23.13815,0.002225892,1497.998,0.0005257619,6.88811,2.160646e-05,100,1,1,1,Kennfeld_v2 (21)_korrigiert.csv,C:\dev\masterarbeit\sim_par_ink_prop\laboratory_measurement_L-Com\measurement_data\Kennfeld_v2 (21)_korrigiert.csv,675,2026-07-09 11:10:16.087000+00:00,C:\dev\masterarbeit\sim_par_ink_prop\laboratory_measurement_L-Com\measurement_data\Kennfeld_v2 (21)_korrigiert.csv|Probe=9,3,2.0306244444444443,0.5333424999999999,18.192,36.384,51.394,1009.71,0.0,1115.68,True,quality flags,0.6843436003640443,1.3896448432983484,34.99435515670165,1114.2903551567017,1.6326085849896523,3.14050597268074,4.612262841741325,0.0,90.61462260058828,100.0,1006.2475040767562,1541.3934284179809,ok,-0.4925040767561768,2.643571582019149
675,2026-09-07,11:12:16.089,73,9,90.96,1009.71,0.0,15.01,0.0,0.0,0.0,100.0,1005.754,0.0005449419,0.002441406,1544.042,0.007056087,0.03540039,23.14848,0.002417546,1498.0,0.000467653,6.888098,1.879008e-05,100,1,1,1,Kennfeld_v2 (21)_korrigiert.csv,C:\dev\masterarbeit\sim_par_ink_prop\laboratory_measurement_L-Com\measurement_data\Kennfeld_v2 (21)_korrigiert.csv,676,2026-07-09 11:12:16.089000+00:00,C:\dev\masterarbeit\sim_par_ink_prop\laboratory_measurement_L-Com\measurement_data\Kennfeld_v2 (21)_korrigiert.csv|Probe=9,3,2.0639583333333333,0.5666763888888889,18.192,36.384,51.394,1009.71,0.0,1115.68,True,quality flags,0.6843436003640443,1.4124566768347055,34.97154332316529,1114.2675433231655,1.6326420085560964,3.1385230174493803,4.612357266256157,0.0,90.61647770773835,99.99999999999999,1006.2476957247048,1541.393388675116,ok,-0.49369572470482126,2.648611324883859
676,2026-09-07,11:14:16.091,74,9,90.96,1009.71,0.0,15.01,0.0,0.0,0.0,100.0,1005.754,0.0006459715,0.002929688,1544.052,0.007370114,0.03662109,23.15854,0.002330509,1498.002,0.0005093966,6.888074,1.953429e-05,100,1,1,1,Kennfeld_v2 (21)_korrigiert.csv,C:\dev\masterarbeit\sim_par_ink_prop\laboratory_measurement_L-Com\measurement_data\Kennfeld_v2 (21)_korrigiert.csv,677,2026-07-09 11:14:16.091000+00:00,C:\dev\masterarbeit\sim_par_ink_prop\laboratory_measurement_L-Com\measurement_data\Kennfeld_v2 (21)_korrigiert.csv|Probe=9,3,2.0972922222222223,0.6000102777777777,18.192,36.384,51.394,1009.71,0.0,1115.68,True,quality flags,0.6843436003640443,1.435268510371063,34.94873148962894,1114.244731489629,1.6326754334910962,3.1365399810242884,4.612451694637279,0.0,90.61833289084733,99.99999999999999,1006.247976181395,1541.3929001976,ok,-0.4939761813949417,2.659099802399851
677,2026-09-07,12:27:11.178,75,9,111.24,1009.71,0.0,15.01,0.0,0.0,0.0,100.0,1007.548,0.001368154,0.00604248,1552.43,0.01688413,0.07507324,23.15479,0.01081536,1498.431,0.002079606,6.865848,4.188006e-05,100,1,1,1,Kennfeld_v2 (21)_korrigiert.csv,C:\dev\masterarbeit\sim_par_ink_prop\laboratory_measurement_L-Com\measurement_data\Kennfeld_v2 (21)_korrigiert.csv,678,2026-07-09 12:27:11.178000+00:00,C:\dev\masterarbeit\sim_par_ink_prop\laboratory_measurement_L-Com\measurement_data\Kennfeld_v2 (21)_korrigiert.csv|Probe=9,4,3.3125941666666665,0.0,22.248,44.496,59.506,1009.71,0.0,1135.96,True,quality flags,0.6843436003640443,2.2669526185615974,42.229047381438406,1133.6930473814384,1.962435956662837,3.724910149089956,5.248863450070963,0.0,89.06379044417625,100.0,1007.9518211151543,1549.540804286892,ok,-0.40382111515430097,2.8891957131081654
678,2026-09-07,12:29:11.180,76,9,111.24,1009.71,0.0,15.01,0.0,0.0,0.0,100.0,1007.542,0.001629435,0.006652832,1552.49,0.0141874,0.05834961,23.19699,0.009370821,1498.439,0.001707996,6.865701,3.515006e-05,100,1,1,1,Kennfeld_v2 (21)_korrigiert.csv,C:\dev\masterarbeit\sim_par_ink_prop\laboratory_measurement_L-Com\measurement_data\Kennfeld_v2 (21)_korrigiert.csv,679,2026-07-09 12:29:11.180000+00:00,C:\dev\masterarbeit\sim_par_ink_prop\laboratory_measurement_L-Com\measurement_data\Kennfeld_v2 (21)_korrigiert.csv|Probe=9,4,3.3459280555555555,0.033333888888888885,22.248,44.496,59.506,1009.71,0.0,1135.96,True,quality flags,0.6843436003640443,2.289764452097955,42.20623554790205,1133.6702355479022,1.9624754450087116,3.722972891451436,5.248969068261794,0.0,89.06558259527804,99.99999999999999,1007.9408740784248,1549.582947027936,ok,-0.3988740784247966,2.9070529720640934
679,2026-09-07,12:31:11.182,77,9,111.24,1009.71,0.0,15.01,0.0,0.0,0.0,100.0,1007.535,0.001711576,0.006835937,1552.546,0.01427069,0.05822754,23.23486,0.009037265,1498.446,0.001618636,6.865563,3.540972e-05,100,1,1,1,Kennfeld_v2 (21)_korrigiert.csv,C:\dev\masterarbeit\sim_par_ink_prop\laboratory_measurement_L-Com\measurement_data\Kennfeld_v2 (21)_korrigiert.csv,680,2026-07-09 12:31:11.182000+00:00,C:\dev\masterarbeit\sim_par_ink_prop\laboratory_measurement_L-Com\measurement_data\Kennfeld_v2 (21)_korrigiert.csv|Probe=9,4,3.3792619444444445,0.06666777777777777,22.248,44.496,59.506,1009.71,0.0,1135.96,True,quality flags,0.6843436003640443,2.312576285634312,42.18342371436569,1133.6474237143657,1.9625149349437958,3.7210355558479393,5.249074690703233,0.0,89.06737481850503,100.0,1007.9314062958302,1549.6189514765533,ok,-0.39640629583027476,2.9270485234467287
680,2026-09-07,12:33:11.185,78,9,111.24,1009.71,0.0,15.01,0.0,0.0,0.0,100.0,1007.529,0.001599199,0.006713867,1552.594,0.01274314,0.05627441,23.26981,0.00839543,1498.452,0.00147853,6.865446,3.158723e-05,100,1,1,1,Kennfeld_v2 (21)_korrigiert.csv,C:\dev\masterarbeit\sim_par_ink_prop\laboratory_measurement_L-Com\measurement_data\Kennfeld_v2 (21)_korrigiert.csv,681,2026-07-09 12:33:11.185000+00:00,C:\dev\masterarbeit\sim_par_ink_prop\laboratory_measurement_L-Com\measurement_data\Kennfeld_v2 (21)_korrigiert.csv|Probe=9,4,3.412596111111111,0.10000194444444445,22.248,44.496,59.506,1009.71,0.0,1135.96,True,quality flags,0.6843436003640443,2.335388309266114,42.16061169073389,1133.624611690734,1.9625544267972825,3.7190981261295866,5.2491803182757595,0.0,89.06916712879737,100.0,1007.9229364299944,1549.6508105015118,ok,-0.39393642999436906,2.943189498488209
681,2026-09-07,12:35:11.186,79,9,111.24,1009.71,0.0,15.01,0.0,0.0,0.0,100.0,1007.523,0.001695242,0.006164551,1552.638,0.0122727,0.06079102,23.30263,0.007798939,1498.457,0.001319794,6.86534,3.053666e-05,100,1,1,1,Kennfeld_v2 (21)_korrigiert.csv,C:\dev\masterarbeit\sim_par_ink_prop\laboratory_measurement_L-Com\measurement_data\Kennfeld_v2 (21)_korrigiert.csv,682,2026-07-09 12:35:11.186000+00:00,C:\dev\masterarbeit\sim_par_ink_prop\laboratory_measurement_L-Com\measurement_data\Kennfeld_v2 (21)_korrigiert.csv|Probe=9,4,3.445929722222222,0.13333555555555554,22.248,44.496,59.506,1009.71,0.0,1135.96,True,quality flags,0.6843436003640443,2.3581999527070265,42.13780004729298,1133.601800047293,1.9625939195819762,3.7171606507271795,5.2492859483389545,0.0,89.07095948135189,100.0,1007.9151946832126,1549.6796412651865,ok,-0.39219468321255135,2.9583587348133733
682,2026-09-07,12:37:11.189,80,9,111.24,1009.71,0.0,15.01,0.0,0.0,0.0,100.0,1007.517,0.00151167,0.006164551,1552.681,0.01181198,0.05480957,23.33415,0.007635457,1498.463,0.001310294,6.865234,2.939272e-05,100,1,1,1,Kennfeld_v2 (21)_korrigiert.csv,C:\dev\masterarbeit\sim_par_ink_prop\laboratory_measurement_L-Com\measurement_data\Kennfeld_v2 (21)_korrigiert.csv,683,2026-07-09 12:37:11.189000+00:00,C:\dev\masterarbeit\sim_par_ink_prop\laboratory_measurement_L-Com\measurement_data\Kennfeld_v2 (21)_korrigiert.csv|Probe=9,4,3.479263888888889,0.1666697222222222,22.248,44.496,59.506,1009.71,0.0,1135.96,True,quality flags,0.6843436003640443,2.3810119763388284,42.114988023661176,1133.5789880236612,1.9626334146143876,3.7152230650540354,5.249391584414049,0.0,89.07275193591752,100.0,1007.9078978533324,1549.7066065616257,ok,-0.39089785333237614,2.9743934383743635
683,2026-09-07,12:39:11.191,81,9,111.24,1009.71,0.0,15.01,0.0,0.0,0.0,100.0,1007.512,0.001325259,0.004882812,1552.718,0.01062244,0.04602051,23.36406,0.007403286,1498.468,0.001221748,6.865147,2.63616e-05,100,1,1,1,Kennfeld_v2 (21)_korrigiert.csv,C:\dev\masterarbeit\sim_par_ink_prop\laboratory_measurement_L-Com\measurement_data\Kennfeld_v2 (21)_korrigiert.csv,684,2026-07-09 12:39:11.191000+00:00,C:\dev\masterarbeit\sim_par_ink_prop\laboratory_measurement_L-Com\measurement_data\Kennfeld_v2 (21)_korrigiert.csv|Probe=9,4,3.512597777777778,0.20000361111111112,22.248,44.496,59.506,1009.71,0.0,1135.96,True,quality flags,0.6843436003640443,2.403823809875186,42.09217619012482,1133.556176190125,1.9626729109072818,3.7132854175429006,5.249497223860514,0.0,89.07454444768929,99.99999999999999,1007.9011515802961,1549.7312870488402,ok,-0.3891515802961294,2.986712951159916
684,2026-09-07,12:41:11.193,82,9,111.24,1009.71,0.0,15.01,0.0,0.0,0.0,100.0,1007.507,0.001214606,0.005310059,1552.752,0.009847776,0.04931641,23.39156,0.006664454,1498.472,0.001109251,6.865063,2.454915e-05,100,1,1,1,Kennfeld_v2 (21)_korrigiert.csv,C:\dev\masterarbeit\sim_par_ink_prop\laboratory_measurement_L-Com\measurement_data\Kennfeld_v2 (21)_korrigiert.csv,685,2026-07-09 12:41:11.193000+00:00,C:\dev\masterarbeit\sim_par_ink_prop\laboratory_measurement_L-Com\measurement_data\Kennfeld_v2 (21)_korrigiert.csv|Probe=9,4,3.5459316666666667,0.2333375,22.248,44.496,59.506,1009.71,0.0,1135.96,True,quality flags,0.6843436003640443,2.426635643411543,42.06936435658846,1133.5333643565884,1.9627124087898657,3.7113476920432507,5.24960286755887,0.0,89.07633703160802,100.0,1007.8952287965421,1549.752588798466,ok,-0.3882287965421938,2.9994112015340306
685,2026-09-07,12:43:11.195,83,9,111.24,1009.71,0.0,15.01,0.0,0.0,0.0,100.0,1007.503,0.001124834,0.004638672,1552.784,0.009559827,0.04443359,23.4175,0.006262559,1498.477,0.001018612,6.864985,2.385054e-05,100,1,1,1,Kennfeld_v2 (21)_korrigiert.csv,C:\dev\masterarbeit\sim_par_ink_prop\laboratory_measurement_L-Com\measurement_data\Kennfeld_v2 (21)_korrigiert.csv,686,2026-07-09 12:43:11.195000+00:00,C:\dev\masterarbeit\sim_par_ink_prop\laboratory_measurement_L-Com\measurement_data\Kennfeld_v2 (21)_korrigiert.csv|Probe=9,4,3.5792655555555557,0.2666713888888889,22.248,44.496,59.506,1009.71,0.0,1135.96,True,quality flags,0.6843436003640443,2.4494474769479,42.0465525230521,1133.5105525230522,1.9627519082622342,3.7094098885503755,5.249708515509372,0.0,89.07812968767801,100.0,1007.8898393833601,1549.7716968474422,ok,-0.3868393833600976,3.0123031525579336
686,2026-09-07,12:45:11.197,84,9,111.24,1009.71,0.0,15.01,0.0,0.0,0.0,100.0,1007.498,0.001288852,0.005432129,1552.816,0.00986784,0.04699707,23.44252,0.006294544,1498.481,0.001026858,6.864908,2.466682e-05,100,1,1,1,Kennfeld_v2 (21)_korrigiert.csv,C:\dev\masterarbeit\sim_par_ink_prop\laboratory_measurement_L-Com\measurement_data\Kennfeld_v2 (21)_korrigiert.csv,687,2026-07-09 12:45:11.197000+00:00,C:\dev\masterarbeit\sim_par_ink_prop\laboratory_measurement_L-Com\measurement_data\Kennfeld_v2 (21)_korrigiert.csv|Probe=9,4,3.6125994444444447,0.3000052777777778,22.248,44.496,59.506,1009.71,0.0,1135.96,True,quality flags,0.6843436003640443,2.4722593104842576,42.02374068951575,1133.4877406895157,1.9627914093244843,3.7074720070595686,5.2498141677122785,0.0,89.07992241590367,100.0,1007.8847649177017,1549.7895003115427,ok,-0.3867649177016119,3.0264996884573065
687,2026-09-07,12:47:11.199,85,9,111.24,1009.71,0.0,15.01,0.0,0.0,0.0,100.0,1007.494,0.001194296,0.005493164,1552.845,0.00977997,0.04162598,23.46663,0.006183229,1498.485,0.001017133,6.864837,2.448294e-05,100,1,1,1,Kennfeld_v2 (21)_korrigiert.csv,C:\dev\masterarbeit\sim_par_ink_prop\laboratory_measurement_L-Com\measurement_data\Kennfeld_v2 (21)_korrigiert.csv,688,2026-07-09 12:47:11.199000+00:00,C:\dev\masterarbeit\sim_par_ink_prop\laboratory_measurement_L-Com\measurement_data\Kennfeld_v2 (21)_korrigiert.csv|Probe=9,4,3.6459333333333337,0.33333916666666663,22.248,44.496,59.506,1009.71,0.0,1135.96,True,quality flags,0.6843436003640443,2.495071144020615,42.00092885597939,1133.4649288559795,1.9628309119767111,3.705534047566118,5.249919824167843,0.0,89.08171521628933,100.0,1007.8800019497673,1549.806017577176,ok,-0.3860019497673193,3.0389824228241196
688,2026-09-07,12:49:11.201,86,9,111.24,1009.71,0.0,15.01,0.0,0.0,0.0,100.0,1007.49,0.001050744,0.004150391,1552.876,0.008533659,0.0369873,23.49072,0.005834916,1498.489,0.0009492036,6.864763,2.12462e-05,100,1,1,1,Kennfeld_v2 (21)_korrigiert.csv,C:\dev\masterarbeit\sim_par_ink_prop\laboratory_measurement_L-Com\measurement_data\Kennfeld_v2 (21)_korrigiert.csv,689,2026-07-09 12:49:11.201000+00:00,C:\dev\masterarbeit\sim_par_ink_prop\laboratory_measurement_L-Com\measurement_data\Kennfeld_v2 (21)_korrigiert.csv|Probe=9,4,3.679267222222222,0.3666730555555555,22.248,44.496,59.506,1009.71,0.0,1135.96,True,quality flags,0.6843436003640443,2.5178829775569715,41.97811702244303,1133.442117022443,1.9628704162190116,3.7035960100653145,5.250025484876326,0.0,89.08350808883935,100.0,1007.8752468115124,1549.8224750980107,ok,-0.3852468115123884,3.053524901989249
689,2026-09-07,12:51:11.203,87,9,111.24,1009.71,0.0,15.01,0.0,0.0,0.0,100.0,1007.486,0.000894851,0.00378418,1552.901,0.00850496,0.04223633,23.51378,0.005511552,1498.492,0.0009156334,6.864702,2.132292e-05,100,1,1,1,Kennfeld_v2 (21)_korrigiert.csv,C:\dev\masterarbeit\sim_par_ink_prop\laboratory_measurement_L-Com\measurement_data\Kennfeld_v2 (21)_korrigiert.csv,690,2026-07-09 12:51:11.203000+00:00,C:\dev\masterarbeit\sim_par_ink_prop\laboratory_measurement_L-Com\measurement_data\Kennfeld_v2 (21)_korrigiert.csv|Probe=9,4,3.712601111111111,0.40000694444444446,22.248,44.496,59.506,1009.71,0.0,1135.96,True,quality flags,0.6843436003640443,2.5406948110933287,41.95530518890667,1133.4193051889067,1.9629099220514805,3.701657894552448,5.250131149837981,0.0,89.08530103355808,99.99999999999999,1007.8708440574187,1549.8374877260921,ok,-0.38484405741871797,3.063512273907918
690,2026-09-07,12:53:11.205,88,9,111.24,1009.71,0.0,15.01,0.0,0.0,0.0,100.0,1007.483,0.001068507,0.004455566,1552.927,0.007783315,0.03625488,23.53574,0.005555439,1498.496,0.0008989834,6.86464,1.949524e-05,100,1,1,1,Kennfeld_v2 (21)_korrigiert.csv,C:\dev\masterarbeit\sim_par_ink_prop\laboratory_measurement_L-Com\measurement_data\Kennfeld_v2 (21)_korrigiert.csv,691,2026-07-09 12:53:11.205000+00:00,C:\dev\masterarbeit\sim_par_ink_prop\laboratory_measurement_L-Com\measurement_data\Kennfeld_v2 (21)_korrigiert.csv|Probe=9,4,3.745935,0.43334083333333334,22.248,44.496,59.506,1009.71,0.0,1135.96,True,quality flags,0.6843436003640443,2.563506644629686,41.93249335537032,1133.3964933553702,1.9629494294742151,3.69971970102281,5.250236819053067,0.0,89.08709405044992,100.00000000000001,1007.8668175240105,1549.850964292207,ok,-0.38381752401051017,3.0760357077929257
691,2026-09-07,13:05:37.066,89,9,111.24,1009.71,10.33,15.01,0.0,0.0,0.0,100.0,1005.803,0.00536705,0.02642822,1561.29,0.05287433,0.2403564,23.86068,0.002539095,1498.159,0.001297462,6.842795,0.0001384836,100,0,1,0,Kennfeld_v2 (21)_korrigiert.csv,C:\dev\masterarbeit\sim_par_ink_prop\laboratory_measurement_L-Com\measurement_data\Kennfeld_v2 (21)_korrigiert.csv,692,2026-07-09 13:05:37.066000+00:00,C:\dev\masterarbeit\sim_par_ink_prop\laboratory_measurement_L-Com\measurement_data\Kennfeld_v2 (21)_korrigiert.csv|Probe=9,5,3.9531186111111114,0.0,22.248,54.826,59.506,1009.71,0.0,1146.29,False,not selected,0.6843436003640443,2.7052914229938883,52.12070857700611,1143.584708577006,1.9454614803029153,4.557660502636604,5.203462371759496,0.0,88.293415645301,100.00000000000001,1006.2385481913645,1557.4450153266753,ok,-0.43554819136454626,3.8449846733246886
692,2026-09-07,13:07:37.068,90,9,111.24,1009.71,10.33,15.01,0.0,0.0,0.0,100.0,1005.846,0.006802284,0.02728271,1561.125,0.0333735,0.1401367,23.8654,0.0008928623,1498.169,0.001752011,6.843228,8.713255e-05,100,0,1,0,Kennfeld_v2 (21)_korrigiert.csv,C:\dev\masterarbeit\sim_par_ink_prop\laboratory_measurement_L-Com\measurement_data\Kennfeld_v2 (21)_korrigiert.csv,693,2026-07-09 13:07:37.068000+00:00,C:\dev\masterarbeit\sim_par_ink_prop\laboratory_measurement_L-Com\measurement_data\Kennfeld_v2 (21)_korrigiert.csv|Probe=9,5,3.9864525,0.033333888888888885,22.248,54.826,59.506,1009.71,0.0,1146.29,False,not selected,0.6843436003640443,2.7281032565302454,52.097896743469754,1143.5618967434698,1.9455002884719932,4.555756613772227,5.203566170703633,0.0,88.29517692705214,100.0,1006.2402379694233,1557.4351002777998,ok,-0.39423796942332956,3.6898997222001526
693,2026-09-07,13:09:37.070,91,9,111.24,1009.71,10.33,15.01,0.0,0.0,0.0,100.0,1005.86,0.002285671,0.00970459,1561.047,0.02270616,0.1253662,23.87049,0.00186075,1498.174,0.0008057528,6.843431,5.952059e-05,100,1,1,1,Kennfeld_v2 (21)_korrigiert.csv,C:\dev\masterarbeit\sim_par_ink_prop\laboratory_measurement_L-Com\measurement_data\Kennfeld_v2 (21)_korrigiert.csv,694,2026-07-09 13:09:37.070000+00:00,C:\dev\masterarbeit\sim_par_ink_prop\laboratory_measurement_L-Com\measurement_data\Kennfeld_v2 (21)_korrigiert.csv|Probe=9,5,4.019786388888889,0.06666777777777777,22.248,54.826,59.506,1009.71,0.0,1146.29,True,quality flags,0.6843436003640443,2.7509150900666026,52.075084909933395,1143.5390849099333,1.9455390981893972,4.553852648948584,5.203669973789027,0.0,88.296938279073,100.00000000000001,1006.2417996219202,1557.4256201544104,ok,-0.38179962192020866,3.621379845589672
694,2026-09-07,13:11:37.072,92,9,111.24,1009.71,10.33,15.01,0.0,0.0,0.0,100.0,1005.871,0.002946762,0.01177979,1560.993,0.02181024,0.09631348,23.87712,0.001559621,1498.177,0.0009238324,6.843575,5.721608e-05,100,0,1,0,Kennfeld_v2 (21)_korrigiert.csv,C:\dev\masterarbeit\sim_par_ink_prop\laboratory_measurement_L-Com\measurement_data\Kennfeld_v2 (21)_korrigiert.csv,695,2026-07-09 13:11:37.072000+00:00,C:\dev\masterarbeit\sim_par_ink_prop\laboratory_measurement_L-Com\measurement_data\Kennfeld_v2 (21)_korrigiert.csv|Probe=9,5,4.0531202777777775,0.10000166666666666,22.248,54.826,59.506,1009.71,0.0,1146.29,False,not selected,0.6843436003640443,2.7737269236029594,52.05227307639704,1143.516273076397,1.9455779094552192,4.551948608161126,5.203773781015924,0.0,88.29869970136772,100.0,1006.2428267005474,1557.4179533017455,ok,-0.3718267005474445,3.575046698254482
695,2026-09-07,13:13:37.074,93,9,111.24,1009.71,10.33,15.01,0.0,0.0,0.0,100.0,1005.881,0.002384421,0.009460449,1560.949,0.01733705,0.09082031,23.88328,0.001665,1498.181,0.0008279248,6.843691,4.541693e-05,100,1,1,1,Kennfeld_v2 (21)_korrigiert.csv,C:\dev\masterarbeit\sim_par_ink_prop\laboratory_measurement_L-Com\measurement_data\Kennfeld_v2 (21)_korrigiert.csv,696,2026-07-09 13:13:37.074000+00:00,C:\dev\masterarbeit\sim_par_ink_prop\laboratory_measurement_L-Com\measurement_data\Kennfeld_v2 (21)_korrigiert.csv|Probe=9,5,4.086454166666667,0.13333555555555554,22.248,54.826,59.506,1009.71,0.0,1146.29,True,quality flags,0.6843436003640443,2.796538757139317,52.029461242860684,1143.4934612428606,1.9456167222695526,4.550044491405309,5.203877592384574,0.0,88.30046119394058,100.00000000000001,1006.244017526511,1557.4097302474488,ok,-0.3630175265110438,3.539269752551263
696,2026-09-07,13:15:37.076,94,9,111.24,1009.71,10.33,15.01,0.0,0.0,0.0,100.0,1005.889,0.002130056,0.00769043,1560.9,0.01581766,0.06518555,23.88878,0.001779996,1498.184,0.0007466798,6.843821,4.154331e-05,100,1,1,1,Kennfeld_v2 (21)_korrigiert.csv,C:\dev\masterarbeit\sim_par_ink_prop\laboratory_measurement_L-Com\measurement_data\Kennfeld_v2 (21)_korrigiert.csv,697,2026-07-09 13:15:37.076000+00:00,C:\dev\masterarbeit\sim_par_ink_prop\laboratory_measurement_L-Com\measurement_data\Kennfeld_v2 (21)_korrigiert.csv|Probe=9,5,4.1197880555555555,0.16666944444444445,22.248,54.826,59.506,1009.71,0.0,1146.29,True,quality flags,0.6843436003640443,2.819350590675674,52.006649409324325,1143.4706494093243,1.9456555366324895,4.548140298676585,5.203981407895223,0.0,88.3022227567957,100.0,1006.2454380818114,1557.4007278215977,ok,-0.35643808181134773,3.499272178402407
697,2026-09-07,13:17:37.078,95,9,111.24,1009.71,10.33,15.01,0.0,0.0,0.0,100.0,1005.896,0.001373562,0.005065918,1560.867,0.01268536,0.05773926,23.89487,0.001902182,1498.186,0.0007283115,6.843909,3.330136e-05,100,1,1,1,Kennfeld_v2 (21)_korrigiert.csv,C:\dev\masterarbeit\sim_par_ink_prop\laboratory_measurement_L-Com\measurement_data\Kennfeld_v2 (21)_korrigiert.csv,698,2026-07-09 13:17:37.078000+00:00,C:\dev\masterarbeit\sim_par_ink_prop\laboratory_measurement_L-Com\measurement_data\Kennfeld_v2 (21)_korrigiert.csv|Probe=9,5,4.153121944444444,0.2000033333333333,22.248,54.826,59.506,1009.71,0.0,1146.29,True,quality flags,0.6843436003640443,2.8421624242120314,51.983837575787966,1143.4478375757878,1.945694352544123,4.546236029970407,5.204085227548121,0.0,88.30398438993736,100.0,1006.2466541350033,1557.3924182463782,ok,-0.35065413500331033,3.4745817536218055
698,2026-09-07,13:19:37.081,96,9,111.24,1009.71,10.33,15.01,0.0,0.0,0.0,100.0,1005.899,0.0009466382,0.004943848,1560.852,0.01432033,0.06628418,23.90435,0.00273167,1498.189,0.0007274099,6.843949,3.762199e-05,100,1,1,1,Kennfeld_v2 (21)_korrigiert.csv,C:\dev\masterarbeit\sim_par_ink_prop\laboratory_measurement_L-Com\measurement_data\Kennfeld_v2 (21)_korrigiert.csv,699,2026-07-09 13:19:37.081000+00:00,C:\dev\masterarbeit\sim_par_ink_prop\laboratory_measurement_L-Com\measurement_data\Kennfeld_v2 (21)_korrigiert.csv|Probe=9,5,4.186456111111111,0.2333375,22.248,54.826,59.506,1009.71,0.0,1146.29,True,quality flags,0.6843436003640443,2.8649744478438333,51.961025552156165,1143.425025552156,1.9457331703280256,4.544331669412637,5.204189052208715,0.0,88.30574610805063,100.0,1006.2466931617373,1557.3880952198597,ok,-0.34769316173731113,3.4639047801404104
699,2026-09-07,13:21:37.083,97,9,111.24,1009.71,10.33,15.01,0.0,0.0,0.0,100.0,1005.901,0.0008502406,0.00390625,1560.84,0.01316219,0.05615234,23.91418,0.002899217,1498.192,0.0006792156,6.843985,3.432944e-05,100,1,1,1,Kennfeld_v2 (21)_korrigiert.csv,C:\dev\masterarbeit\sim_par_ink_prop\laboratory_measurement_L-Com\measurement_data\Kennfeld_v2 (21)_korrigiert.csv,700,2026-07-09 13:21:37.083000+00:00,C:\dev\masterarbeit\sim_par_ink_prop\laboratory_measurement_L-Com\measurement_data\Kennfeld_v2 (21)_korrigiert.csv|Probe=9,5,4.219790000000001,0.2666713888888889,22.248,54.826,59.506,1009.71,0.0,1146.29,True,quality flags,0.6843436003640443,2.887786281380191,51.93821371861981,1143.4022137186198,1.9457719893373426,4.542427248737276,5.204292880146886,0.0,88.30750788177849,100.0,1006.2466111477069,1557.3841780876426,ok,-0.3456111477069044,3.455821912357351
700,2026-09-07,13:23:37.085,98,9,111.24,1009.71,10.33,15.01,0.0,0.0,0.0,100.0,1005.902,0.0005647719,0.002868652,1560.837,0.01255838,0.05822754,23.92539,0.0028606,1498.194,0.000633953,6.843996,3.300156e-05,100,1,1,1,Kennfeld_v2 (21)_korrigiert.csv,C:\dev\masterarbeit\sim_par_ink_prop\laboratory_measurement_L-Com\measurement_data\Kennfeld_v2 (21)_korrigiert.csv,701,2026-07-09 13:23:37.085000+00:00,C:\dev\masterarbeit\sim_par_ink_prop\laboratory_measurement_L-Com\measurement_data\Kennfeld_v2 (21)_korrigiert.csv|Probe=9,5,4.253123888888888,0.3000052777777778,22.248,54.826,59.506,1009.71,0.0,1146.29,True,quality flags,0.6843436003640443,2.910598114916547,51.915401885083455,1143.3794018850833,1.9458108098956346,4.540522752070819,5.204396712228049,0.0,88.3092697258055,100.00000000000001,1006.2460503950812,1557.3818762408077,ok,-0.3440503950811262,3.4551237591922472
701,2026-09-07,13:25:37.087,99,9,111.24,1009.71,10.33,15.01,0.0,0.0,0.0,100.0,1005.903,0.0006466256,0.003173828,1560.828,0.01208191,0.0657959,23.93622,0.002990627,1498.197,0.0006072909,6.844022,3.151174e-05,100,1,1,1,Kennfeld_v2 (21)_korrigiert.csv,C:\dev\masterarbeit\sim_par_ink_prop\laboratory_measurement_L-Com\measurement_data\Kennfeld_v2 (21)_korrigiert.csv,702,2026-07-09 13:25:37.087000+00:00,C:\dev\masterarbeit\sim_par_ink_prop\laboratory_measurement_L-Com\measurement_data\Kennfeld_v2 (21)_korrigiert.csv|Probe=9,5,4.286457777777778,0.33333916666666663,22.248,54.826,59.506,1009.71,0.0,1146.29,True,quality flags,0.6843436003640443,2.933409948452905,51.892590051547096,1143.356590051547,1.9458496320029934,4.538618179408715,5.204500548452451,0.0,88.31103164013584,100.0,1006.2456222222478,1557.379119850338,ok,-0.34262222224776906,3.4488801496620454
702,2026-09-07,13:27:37.089,100,9,111.24,1009.71,10.33,15.01,0.0,0.0,0.0,100.0,1005.903,0.0006961501,0.003662109,1560.823,0.01159411,0.05480957,23.94711,0.002973648,1498.199,0.0005611909,6.844038,3.034365e-05,100,1,1,1,Kennfeld_v2 (21)_korrigiert.csv,C:\dev\masterarbeit\sim_par_ink_prop\laboratory_measurement_L-Com\measurement_data\Kennfeld_v2 (21)_korrigiert.csv,703,2026-07-09 13:27:37.089000+00:00,C:\dev\masterarbeit\sim_par_ink_prop\laboratory_measurement_L-Com\measurement_data\Kennfeld_v2 (21)_korrigiert.csv|Probe=9,5,4.319791666666666,0.3666730555555555,22.248,54.826,59.506,1009.71,0.0,1146.29,True,quality flags,0.6843436003640443,2.956221781989262,51.86977821801074,1143.3337782180106,1.9458884556595124,4.536713530746418,5.204604388820341,0.0,88.31279362477375,100.00000000000001,1006.2451738045472,1557.3764261139615,ok,-0.34217380454720114,3.44657388603855
703,2026-09-07,13:29:37.091,101,9,111.24,1009.71,10.33,15.01,0.0,0.0,0.0,100.0,1005.902,0.0005378161,0.002258301,1560.822,0.01067949,0.05322266,23.95828,0.002635257,1498.201,0.0006009375,6.844044,2.808404e-05,100,1,1,1,Kennfeld_v2 (21)_korrigiert.csv,C:\dev\masterarbeit\sim_par_ink_prop\laboratory_measurement_L-Com\measurement_data\Kennfeld_v2 (21)_korrigiert.csv,704,2026-07-09 13:29:37.091000+00:00,C:\dev\masterarbeit\sim_par_ink_prop\laboratory_measurement_L-Com\measurement_data\Kennfeld_v2 (21)_korrigiert.csv|Probe=9,5,4.353125555555556,0.40000694444444446,22.248,54.826,59.506,1009.71,0.0,1146.29,True,quality flags,0.6843436003640443,2.9790336155256196,51.84696638447438,1143.3109663844743,1.9459272808652839,4.534808806079378,5.204708233331966,0.0,88.31455567972337,100.0,1006.2446287433681,1557.374052853535,ok,-0.34262874336809546,3.4479471464649123
704,2026-09-07,13:31:37.093,102,9,111.24,1009.71,10.33,15.01,0.0,0.0,0.0,100.0,1005.902,0.0006270391,0.002929688,1560.824,0.01051346,0.05505371,23.97058,0.002685547,1498.203,0.0005591798,6.844041,2.740446e-05,100,1,1,1,Kennfeld_v2 (21)_korrigiert.csv,C:\dev\masterarbeit\sim_par_ink_prop\laboratory_measurement_L-Com\measurement_data\Kennfeld_v2 (21)_korrigiert.csv,705,2026-07-09 13:31:37.093000+00:00,C:\dev\masterarbeit\sim_par_ink_prop\laboratory_measurement_L-Com\measurement_data\Kennfeld_v2 (21)_korrigiert.csv|Probe=9,5,4.386459444444444,0.43334083333333334,22.248,54.826,59.506,1009.71,0.0,1146.29,True,quality flags,0.6843436003640443,3.0018454490619764,51.824154550938026,1143.288154550938,1.9459661076204007,4.532904005403045,5.2048120819875745,0.0,88.31631780498897,99.99999999999999,1006.2436918756987,1557.3729953078844,ok,-0.34169187569864334,3.4510046921157027
705,2026-09-07,13:33:37.095,103,9,111.24,1009.71,10.33,15.01,0.0,0.0,0.0,100.0,1005.901,0.0005816253,0.002319336,1560.823,0.01074312,0.05432129,23.98092,0.002476109,1498.206,0.0004586838,6.844047,2.798877e-05,100,1,1,1,Kennfeld_v2 (21)_korrigiert.csv,C:\dev\masterarbeit\sim_par_ink_prop\laboratory_measurement_L-Com\measurement_data\Kennfeld_v2 (21)_korrigiert.csv,706,2026-07-09 13:33:37.095000+00:00,C:\dev\masterarbeit\sim_par_ink_prop\laboratory_measurement_L-Com\measurement_data\Kennfeld_v2 (21)_korrigiert.csv|Probe=9,5,4.419793333333333,0.4666747222222222,22.248,54.826,59.506,1009.71,0.0,1146.29,True,quality flags,0.6843436003640443,3.0246572825983336,51.80134271740167,1143.2653427174016,1.9460049359249563,4.530999128712869,5.204915934787416,0.0,88.31808000057477,100.00000000000001,1006.2434362538833,1557.3696327127795,ok,-0.34243625388330656,3.4533672872205443
706,2026-09-07,13:45:37.732,104,9,111.24,1059.72,10.33,15.01,0.0,0.0,0.0,100.0,1005.418,0.03044745,0.1004639,1558.371,0.04895413,0.213623,24.0438,0.00370568,1498.103,0.007890556,6.850474,0.0001291441,100,0,1,0,Kennfeld_v2 (21)_korrigiert.csv,C:\dev\masterarbeit\sim_par_ink_prop\laboratory_measurement_L-Com\measurement_data\Kennfeld_v2 (21)_korrigiert.csv,707,2026-07-09 13:45:37.732000+00:00,C:\dev\masterarbeit\sim_par_ink_prop\laboratory_measurement_L-Com\measurement_data\Kennfeld_v2 (21)_korrigiert.csv|Probe=9,6,4.619970277777778,0.0,22.248,54.826,59.506,1059.72,0.0,1196.3,False,not selected,0.6843436003640443,3.1616470934693184,51.66435290653068,1193.1383529065306,1.8646622117043699,4.33012255290213,4.987351203239852,0.0,88.81786403215365,100.0,1005.8222463230057,1554.8168880672404,ok,-0.4042463230057365,3.5541119327597244
707,2026-09-07,13:47:37.734,105,9,111.24,1059.72,10.33,15.01,0.0,0.0,0.0,100.0,1005.463,0.0353943,0.1865234,1558.267,0.01897588,0.09143066,24.05656,0.002961211,1498.116,0.008529022,6.850749,5.037955e-05,100,0,1,0,Kennfeld_v2 (21)_korrigiert.csv,C:\dev\masterarbeit\sim_par_ink_prop\laboratory_measurement_L-Com\measurement_data\Kennfeld_v2 (21)_korrigiert.csv,708,2026-07-09 13:47:37.734000+00:00,C:\dev\masterarbeit\sim_par_ink_prop\laboratory_measurement_L-Com\measurement_data\Kennfeld_v2 (21)_korrigiert.csv|Probe=9,6,4.653304166666667,0.033333888888888885,22.248,54.826,59.506,1059.72,0.0,1196.3,False,not selected,0.6843436003640443,3.1844589270056756,51.64154107299432,1193.1155410729943,1.8646978632087803,4.328293387793104,4.987446559155955,0.0,88.81956218984216,100.0,1005.8210832327967,1554.8177621856826,ok,-0.35808323279673004,3.4492378143174847
708,2026-09-07,13:49:37.736,106,9,111.24,1059.72,10.33,15.01,0.0,0.0,0.0,100.0,1005.482,0.001375812,0.005187988,1558.222,0.01391225,0.06213379,24.07003,0.003384285,1498.124,0.0008939127,6.850872,3.704608e-05,100,1,1,1,Kennfeld_v2 (21)_korrigiert.csv,C:\dev\masterarbeit\sim_par_ink_prop\laboratory_measurement_L-Com\measurement_data\Kennfeld_v2 (21)_korrigiert.csv,709,2026-07-09 13:49:37.736000+00:00,C:\dev\masterarbeit\sim_par_ink_prop\laboratory_measurement_L-Com\measurement_data\Kennfeld_v2 (21)_korrigiert.csv|Probe=9,6,4.686638055555556,0.06666777777777777,22.248,54.826,59.506,1059.72,0.0,1196.3,True,quality flags,0.6843436003640443,3.207270760542033,51.61872923945797,1193.0927292394579,1.8647335160764986,4.32646415273711,4.987541918718452,0.0,88.82126041246795,100.00000000000001,1005.8196776723598,1554.8195303588304,ok,-0.33767767235985957,3.402469641169546
709,2026-09-07,13:51:37.738,107,9,111.24,1059.72,10.33,15.01,0.0,0.0,0.0,100.0,1005.484,0.00169981,0.008483887,1558.192,0.01044913,0.0534668,24.08376,0.003459433,1498.127,0.0008578948,6.850953,2.795351e-05,100,1,1,1,Kennfeld_v2 (21)_korrigiert.csv,C:\dev\masterarbeit\sim_par_ink_prop\laboratory_measurement_L-Com\measurement_data\Kennfeld_v2 (21)_korrigiert.csv,710,2026-07-09 13:51:37.738000+00:00,C:\dev\masterarbeit\sim_par_ink_prop\laboratory_measurement_L-Com\measurement_data\Kennfeld_v2 (21)_korrigiert.csv|Probe=9,6,4.719971944444445,0.10000166666666666,22.248,54.826,59.506,1059.72,0.0,1196.3,True,quality flags,0.6843436003640443,3.23008259407839,51.59591740592161,1193.0699174059216,1.8647691703076024,4.324634847730134,4.987637281927553,0.0,88.82295870003472,100.0,1005.8181837546421,1554.8216243421004,ok,-0.33418375464202654,3.370375657899558
710,2026-09-07,13:53:37.740,108,9,111.24,1059.72,10.33,15.01,0.0,0.0,0.0,100.0,1005.489,0.001935651,0.009033203,1558.173,0.01051061,0.05200195,24.09745,0.003996305,1498.13,0.001166656,6.851008,2.814003e-05,100,1,1,1,Kennfeld_v2 (21)_korrigiert.csv,C:\dev\masterarbeit\sim_par_ink_prop\laboratory_measurement_L-Com\measurement_data\Kennfeld_v2 (21)_korrigiert.csv,711,2026-07-09 13:53:37.740000+00:00,C:\dev\masterarbeit\sim_par_ink_prop\laboratory_measurement_L-Com\measurement_data\Kennfeld_v2 (21)_korrigiert.csv|Probe=9,6,4.753305833333334,0.13333555555555554,22.248,54.826,59.506,1059.72,0.0,1196.3,True,quality flags,0.6843436003640443,3.2528944276147476,51.57310557238525,1193.0471055723851,1.8648048259021706,4.322805472768165,4.987732648783466,0.0,88.82465705254621,100.00000000000001,1005.8167042082265,1554.8236657850953,ok,-0.3277042082264643,3.3493342149047294
711,2026-09-07,13:55:37.742,109,9,111.24,1059.72,10.33,15.01,0.0,0.0,0.0,100.0,1005.492,0.0009397452,0.00402832,1558.158,0.007944296,0.03833008,24.11355,0.003766783,1498.134,0.0008885633,6.851049,2.085429e-05,100,1,1,1,Kennfeld_v2 (21)_korrigiert.csv,C:\dev\masterarbeit\sim_par_ink_prop\laboratory_measurement_L-Com\measurement_data\Kennfeld_v2 (21)_korrigiert.csv,712,2026-07-09 13:55:37.742000+00:00,C:\dev\masterarbeit\sim_par_ink_prop\laboratory_measurement_L-Com\measurement_data\Kennfeld_v2 (21)_korrigiert.csv|Probe=9,6,4.786639722222222,0.16666944444444445,22.248,54.826,59.506,1059.72,0.0,1196.3,True,quality flags,0.6843436003640443,3.275706261151104,51.55029373884889,1193.0242937388489,1.8648404828602807,4.320976027847189,4.987828019286401,0.0,88.82635547000613,100.0,1005.8144002080315,1554.828738328508,ok,-0.3224002080315813,3.3292616714918495
712,2026-09-07,13:57:37.744,110,9,111.24,1059.72,10.33,15.01,0.0,0.0,0.0,100.0,1005.493,0.0008344854,0.004333496,1558.142,0.008821371,0.03979492,24.12672,0.002929148,1498.137,0.0006728748,6.851096,2.354017e-05,100,1,1,1,Kennfeld_v2 (21)_korrigiert.csv,C:\dev\masterarbeit\sim_par_ink_prop\laboratory_measurement_L-Com\measurement_data\Kennfeld_v2 (21)_korrigiert.csv,713,2026-07-09 13:57:37.744000+00:00,C:\dev\masterarbeit\sim_par_ink_prop\laboratory_measurement_L-Com\measurement_data\Kennfeld_v2 (21)_korrigiert.csv|Probe=9,6,4.819973611111111,0.2000033333333333,22.248,54.826,59.506,1059.72,0.0,1196.3,True,quality flags,0.6843436003640443,3.2985180946874615,51.52748190531254,1193.0014819053124,1.8648761411820114,4.319146512963195,4.987923393436568,0.0,88.82805395241824,100.00000000000001,1005.8131000738967,1554.8301196646132,ok,-0.3201000738966968,3.3118803353868316
713,2026-09-07,13:59:37.746,111,9,111.24,1059.72,10.33,15.01,0.0,0.0,0.0,100.0,1005.495,0.0007052801,0.003173828,1558.132,0.007824175,0.04077148,24.13769,0.002899524,1498.14,0.000678079,6.851126,2.078093e-05,100,1,1,1,Kennfeld_v2 (21)_korrigiert.csv,C:\dev\masterarbeit\sim_par_ink_prop\laboratory_measurement_L-Com\measurement_data\Kennfeld_v2 (21)_korrigiert.csv,714,2026-07-09 13:59:37.746000+00:00,C:\dev\masterarbeit\sim_par_ink_prop\laboratory_measurement_L-Com\measurement_data\Kennfeld_v2 (21)_korrigiert.csv|Probe=9,6,4.8533075,0.23333722222222222,22.248,54.826,59.506,1059.72,0.0,1196.3,True,quality flags,0.6843436003640443,3.3213299282238187,51.50467007177618,1192.9786700717762,1.8649118008674406,4.317316928112167,4.988018771234175,0.0,88.82975249978622,100.0,1005.8125537661684,1554.828732583558,ok,-0.31755376616843023,3.303267416442168
714,2026-09-07,14:01:37.748,112,9,111.24,1059.72,10.33,15.01,0.0,0.0,0.0,100.0,1005.495,0.0006657483,0.003051758,1558.12,0.006473051,0.0345459,24.14855,0.002613955,1498.142,0.000576045,6.85116,1.715705e-05,100,1,1,1,Kennfeld_v2 (21)_korrigiert.csv,C:\dev\masterarbeit\sim_par_ink_prop\laboratory_measurement_L-Com\measurement_data\Kennfeld_v2 (21)_korrigiert.csv,715,2026-07-09 14:01:37.748000+00:00,C:\dev\masterarbeit\sim_par_ink_prop\laboratory_measurement_L-Com\measurement_data\Kennfeld_v2 (21)_korrigiert.csv|Probe=9,6,4.886641388888889,0.2666711111111111,22.248,54.826,59.506,1059.72,0.0,1196.3,True,quality flags,0.6843436003640443,3.3441417617601763,51.48185823823982,1192.9558582382397,1.8649474619166468,4.315487273290092,4.988114152679431,0.0,88.83145111211384,100.00000000000001,1005.8120457124467,1554.8272072802934,ok,-0.3170457124466566,3.29279271970654
715,2026-09-07,14:03:37.750,113,9,111.24,1059.72,10.33,15.01,0.0,0.0,0.0,100.0,1005.496,0.0006367756,0.003417969,1558.109,0.005898509,0.02697754,24.15787,0.00217417,1498.144,0.0005163447,6.85119,1.568935e-05,100,1,1,1,Kennfeld_v2 (21)_korrigiert.csv,C:\dev\masterarbeit\sim_par_ink_prop\laboratory_measurement_L-Com\measurement_data\Kennfeld_v2 (21)_korrigiert.csv,716,2026-07-09 14:03:37.750000+00:00,C:\dev\masterarbeit\sim_par_ink_prop\laboratory_measurement_L-Com\measurement_data\Kennfeld_v2 (21)_korrigiert.csv|Probe=9,6,4.919975277777778,0.300005,22.248,54.826,59.506,1059.72,0.0,1196.3,True,quality flags,0.6843436003640443,3.3669535952965335,51.459046404703464,1192.9330464047034,1.864983124329708,4.313657548492956,4.988209537772546,0.0,88.8331497894048,100.00000000000001,1005.812065425473,1554.8237462980803,ok,-0.3160654254729707,3.2852537019196006
716,2026-09-07,14:05:37.752,114,9,111.24,1059.72,10.33,15.01,0.0,0.0,0.0,100.0,1005.496,0.0006927132,0.003112793,1558.104,0.006412405,0.0300293,24.16665,0.002454932,1498.146,0.0005337514,6.851206,1.694197e-05,100,1,1,1,Kennfeld_v2 (21)_korrigiert.csv,C:\dev\masterarbeit\sim_par_ink_prop\laboratory_measurement_L-Com\measurement_data\Kennfeld_v2 (21)_korrigiert.csv,717,2026-07-09 14:05:37.752000+00:00,C:\dev\masterarbeit\sim_par_ink_prop\laboratory_measurement_L-Com\measurement_data\Kennfeld_v2 (21)_korrigiert.csv|Probe=9,6,4.953309166666667,0.3333388888888889,22.248,54.826,59.506,1059.72,0.0,1196.3,True,quality flags,0.6843436003640443,3.3897654288328907,51.43623457116711,1192.9102345711672,1.8650187881067024,4.311827753716745,4.988304926513728,0.0,88.83484853166281,99.99999999999999,1005.8122705338246,1554.8196075172607,ok,-0.31627053382464965,3.2843924827393494
717,2026-09-07,14:07:37.754,115,9,111.24,1059.72,10.33,15.01,0.0,0.0,0.0,100.0,1005.496,0.0006759778,0.003540039,1558.102,0.006541965,0.03369141,24.17607,0.002642279,1498.148,0.0005418455,6.851215,1.722884e-05,100,1,1,1,Kennfeld_v2 (21)_korrigiert.csv,C:\dev\masterarbeit\sim_par_ink_prop\laboratory_measurement_L-Com\measurement_data\Kennfeld_v2 (21)_korrigiert.csv,718,2026-07-09 14:07:37.754000+00:00,C:\dev\masterarbeit\sim_par_ink_prop\laboratory_measurement_L-Com\measurement_data\Kennfeld_v2 (21)_korrigiert.csv|Probe=9,6,4.986643055555556,0.36667277777777774,22.248,54.826,59.506,1059.72,0.0,1196.3,True,quality flags,0.6843436003640443,3.412577262369248,51.41342273763075,1192.8874227376307,1.8650544532477087,4.309997888957445,4.98840031890319,0.0,88.83654733889166,100.0,1005.8122571107706,1554.8162740334374,ok,-0.31625711077060714,3.2857259665627225
718,2026-09-07,14:18:56.831,116,9,111.24,1110.37,10.33,15.01,0.0,0.0,0.0,100.0,1005.1,0.005107095,0.02062988,1555.68,0.01539683,0.0760498,24.21927,0.004498156,1498.063,0.002077999,6.85758,4.091529e-05,100,0,1,0,Kennfeld_v2 (21)_korrigiert.csv,C:\dev\masterarbeit\sim_par_ink_prop\laboratory_measurement_L-Com\measurement_data\Kennfeld_v2 (21)_korrigiert.csv,719,2026-07-09 14:18:56.831000+00:00,C:\dev\masterarbeit\sim_par_ink_prop\laboratory_measurement_L-Com\measurement_data\Kennfeld_v2 (21)_korrigiert.csv|Probe=9,7,5.175275555555555,0.0,22.248,54.826,59.506,1110.37,0.0,1246.9499999999998,False,not selected,0.6843436003640443,3.5416667065649183,51.28433329343508,1243.408333293435,1.7892754459085358,4.124496508528094,4.785716679442347,0.0,89.30051136612103,100.0,1005.4260377156061,1552.3834827261549,ok,-0.32603771560604855,3.296517273845211
719,2026-09-07,14:20:56.833,117,9,111.24,1110.37,10.33,15.01,0.0,0.0,0.0,100.0,1005.106,0.0008344175,0.004455566,1555.663,0.01260488,0.05786133,24.2392,0.00506006,1498.068,0.001199182,6.857631,3.316992e-05,100,1,1,1,Kennfeld_v2 (21)_korrigiert.csv,C:\dev\masterarbeit\sim_par_ink_prop\laboratory_measurement_L-Com\measurement_data\Kennfeld_v2 (21)_korrigiert.csv,720,2026-07-09 14:20:56.833000+00:00,C:\dev\masterarbeit\sim_par_ink_prop\laboratory_measurement_L-Com\measurement_data\Kennfeld_v2 (21)_korrigiert.csv|Probe=9,7,5.208609444444444,0.033333888888888885,22.248,54.826,59.506,1110.37,0.0,1246.9499999999998,True,quality flags,0.6843436003640443,3.5644785401012755,51.261521459898724,1243.3855214598987,1.7893082729383816,4.122737523894514,4.785804480828449,0.0,89.30214972233865,100.0,1005.4224036796707,1552.3957112572405,ok,-0.31640367967065686,3.267288742759547
720,2026-09-07,14:22:56.835,118,9,111.24,1110.37,10.33,15.01,0.0,0.0,0.0,100.0,1005.107,0.0007377457,0.003479004,1555.659,0.01313184,0.06616211,24.25999,0.004842906,1498.073,0.001037464,6.857646,3.465106e-05,100,1,1,1,Kennfeld_v2 (21)_korrigiert.csv,C:\dev\masterarbeit\sim_par_ink_prop\laboratory_measurement_L-Com\measurement_data\Kennfeld_v2 (21)_korrigiert.csv,721,2026-07-09 14:22:56.835000+00:00,C:\dev\masterarbeit\sim_par_ink_prop\laboratory_measurement_L-Com\measurement_data\Kennfeld_v2 (21)_korrigiert.csv|Probe=9,7,5.241943333333333,0.06666777777777777,22.248,54.826,59.506,1110.37,0.0,1246.9499999999998,True,quality flags,0.6843436003640443,3.5872903736376327,51.238709626362365,1243.3627096263622,1.789341101172775,4.120978474717156,4.785892285436315,0.0,89.30378813867375,100.0,1005.418480206417,1552.4090840478666,ok,-0.311480206417059,3.249915952133506
721,2026-09-07,14:24:56.837,119,9,111.24,1110.37,10.33,15.01,0.0,0.0,0.0,100.0,1005.108,0.0007717051,0.003479004,1555.65,0.01221944,0.05249023,24.27826,0.004335861,1498.077,0.0008909443,6.857676,3.235227e-05,100,1,1,1,Kennfeld_v2 (21)_korrigiert.csv,C:\dev\masterarbeit\sim_par_ink_prop\laboratory_measurement_L-Com\measurement_data\Kennfeld_v2 (21)_korrigiert.csv,722,2026-07-09 14:24:56.837000+00:00,C:\dev\masterarbeit\sim_par_ink_prop\laboratory_measurement_L-Com\measurement_data\Kennfeld_v2 (21)_korrigiert.csv|Probe=9,7,5.275277222222222,0.10000166666666666,22.248,54.826,59.506,1110.37,0.0,1246.9499999999998,True,quality flags,0.6843436003640443,3.61010220717399,51.21589779282601,1243.339897792826,1.789373930611782,4.119219360992465,4.785980093266122,0.0,89.30542661512963,100.0,1005.4154081330697,1552.4190194281555,ok,-0.3074081330697709,3.2309805718446114
722,2026-09-07,14:26:56.839,120,9,111.24,1110.37,10.33,15.01,0.0,0.0,0.0,100.0,1005.109,0.0006528526,0.003112793,1555.642,0.01064695,0.06262207,24.29568,0.004100887,1498.08,0.0008282292,6.8577,2.795473e-05,100,1,1,1,Kennfeld_v2 (21)_korrigiert.csv,C:\dev\masterarbeit\sim_par_ink_prop\laboratory_measurement_L-Com\measurement_data\Kennfeld_v2 (21)_korrigiert.csv,723,2026-07-09 14:26:56.839000+00:00,C:\dev\masterarbeit\sim_par_ink_prop\laboratory_measurement_L-Com\measurement_data\Kennfeld_v2 (21)_korrigiert.csv|Probe=9,7,5.308611111111111,0.13333555555555554,22.248,54.826,59.506,1110.37,0.0,1246.9499999999998,True,quality flags,0.6843436003640443,3.6329140407103475,51.193085959289654,1243.3170859592894,1.7894067612554694,4.117460182716889,4.786067904318049,0.0,89.3070651517096,100.0,1005.4126237265995,1552.4277868931665,ok,-0.30362372659942594,3.2142131068335402
723,2026-09-07,14:28:56.841,121,9,111.24,1110.37,10.33,15.01,0.0,0.0,0.0,100.0,1005.108,0.0007362188,0.003295898,1555.643,0.01016826,0.04968262,24.31198,0.00454693,1498.084,0.0009414654,6.857702,2.660277e-05,100,1,1,1,Kennfeld_v2 (21)_korrigiert.csv,C:\dev\masterarbeit\sim_par_ink_prop\laboratory_measurement_L-Com\measurement_data\Kennfeld_v2 (21)_korrigiert.csv,724,2026-07-09 14:28:56.841000+00:00,C:\dev\masterarbeit\sim_par_ink_prop\laboratory_measurement_L-Com\measurement_data\Kennfeld_v2 (21)_korrigiert.csv|Probe=9,7,5.341945,0.16666944444444445,22.248,54.826,59.506,1110.37,0.0,1246.9499999999998,True,quality flags,0.6843436003640443,3.6557258742467047,51.170274125753295,1243.2942741257532,1.7894395931039029,4.115700939886873,4.786155718592271,0.0,89.30870374841695,100.0,1005.4102180726088,1552.4350242022595,ok,-0.30221807260886635,3.2079757977405734
724,2026-09-07,14:30:56.843,122,9,111.24,1110.37,10.33,15.01,0.0,0.0,0.0,100.0,1005.106,0.0007479134,0.003540039,1555.649,0.009122085,0.04492187,24.33092,0.004597835,1498.087,0.0008115601,6.857692,2.364205e-05,100,1,1,1,Kennfeld_v2 (21)_korrigiert.csv,C:\dev\masterarbeit\sim_par_ink_prop\laboratory_measurement_L-Com\measurement_data\Kennfeld_v2 (21)_korrigiert.csv,725,2026-07-09 14:30:56.843000+00:00,C:\dev\masterarbeit\sim_par_ink_prop\laboratory_measurement_L-Com\measurement_data\Kennfeld_v2 (21)_korrigiert.csv|Probe=9,7,5.375278888888889,0.2000033333333333,22.248,54.826,59.506,1110.37,0.0,1246.9499999999998,True,quality flags,0.6843436003640443,3.6785377077830623,51.147462292216936,1243.2714622922167,1.7894724261571495,4.113941632498865,4.786243536088967,0.0,89.31034240525503,100.00000000000001,1005.4069222257293,1552.445815563577,ok,-0.30092222572932315,3.2031844364228164
725,2026-09-07,14:32:56.845,123,9,111.24,1110.37,10.33,15.01,0.0,0.0,0.0,100.0,1005.104,0.0007779582,0.003723145,1555.653,0.00892448,0.04870605,24.34735,0.004244644,1498.09,0.0007666957,6.857686,2.339362e-05,100,1,1,1,Kennfeld_v2 (21)_korrigiert.csv,C:\dev\masterarbeit\sim_par_ink_prop\laboratory_measurement_L-Com\measurement_data\Kennfeld_v2 (21)_korrigiert.csv,726,2026-07-09 14:32:56.845000+00:00,C:\dev\masterarbeit\sim_par_ink_prop\laboratory_measurement_L-Com\measurement_data\Kennfeld_v2 (21)_korrigiert.csv|Probe=9,7,5.408612777777778,0.23333722222222222,22.248,54.826,59.506,1110.37,0.0,1246.9499999999998,True,quality flags,0.6843436003640443,3.701349541319419,51.124650458680584,1243.2486504586805,1.789505260415275,4.112182260549312,4.786331356808313,0.0,89.3119811222271,100.0,1005.404474210333,1552.4531993310247,ok,-0.3004742103329363,3.1998006689752856
726,2026-09-07,14:34:56.847,124,9,111.24,1110.37,10.33,15.01,0.0,0.0,0.0,100.0,1005.103,0.0008176024,0.003723145,1555.657,0.008990126,0.04406738,24.36276,0.004100649,1498.093,0.0007537071,6.857679,2.33776e-05,100,1,1,1,Kennfeld_v2 (21)_korrigiert.csv,C:\dev\masterarbeit\sim_par_ink_prop\laboratory_measurement_L-Com\measurement_data\Kennfeld_v2 (21)_korrigiert.csv,727,2026-07-09 14:34:56.847000+00:00,C:\dev\masterarbeit\sim_par_ink_prop\laboratory_measurement_L-Com\measurement_data\Kennfeld_v2 (21)_korrigiert.csv|Probe=9,7,5.441946666666667,0.2666711111111111,22.248,54.826,59.506,1110.37,0.0,1246.9499999999998,True,quality flags,0.6843436003640443,3.7241613748557767,51.101838625144225,1243.225838625144,1.7895380958783462,4.11042282403466,4.786419180750488,0.0,89.31361989933652,100.00000000000001,1005.4023711278141,1552.4591936728514,ok,-0.2993711278141973,3.1978063271485553
727,2026-09-07,14:36:56.849,125,9,111.24,1110.37,10.33,15.01,0.0,0.0,0.0,100.0,1005.102,0.0008060721,0.004333496,1555.655,0.005951197,0.03063965,24.37618,0.003255278,1498.096,0.0006595073,6.857688,1.556377e-05,100,1,1,1,Kennfeld_v2 (21)_korrigiert.csv,C:\dev\masterarbeit\sim_par_ink_prop\laboratory_measurement_L-Com\measurement_data\Kennfeld_v2 (21)_korrigiert.csv,728,2026-07-09 14:36:56.849000+00:00,C:\dev\masterarbeit\sim_par_ink_prop\laboratory_measurement_L-Com\measurement_data\Kennfeld_v2 (21)_korrigiert.csv|Probe=9,7,5.475280555555555,0.300005,22.248,54.826,59.506,1110.37,0.0,1246.9499999999998,True,quality flags,0.6843436003640443,3.746973208392133,51.079026791607866,1243.2030267916077,1.7895709325464286,4.108663322951353,4.786507007915668,0.0,89.31525873658656,100.0,1005.4009402429477,1552.4624938200075,ok,-0.298940242947765,3.192506179992506
728,2026-09-07,14:38:56.851,126,9,111.24,1110.37,10.33,15.01,0.0,0.0,0.0,100.0,1005.102,0.0005852988,0.002502441,1555.656,0.007173308,0.04528809,24.38786,0.002910144,1498.098,0.000626296,6.85769,1.888906e-05,100,1,1,1,Kennfeld_v2 (21)_korrigiert.csv,C:\dev\masterarbeit\sim_par_ink_prop\laboratory_measurement_L-Com\measurement_data\Kennfeld_v2 (21)_korrigiert.csv,729,2026-07-09 14:38:56.851000+00:00,C:\dev\masterarbeit\sim_par_ink_prop\laboratory_measurement_L-Com\measurement_data\Kennfeld_v2 (21)_korrigiert.csv|Probe=9,7,5.5086144444444445,0.3333388888888889,22.248,54.826,59.506,1110.37,0.0,1246.9499999999998,True,quality flags,0.6843436003640443,3.7697850419284906,51.05621495807151,1243.1802149580712,1.7896037704195895,4.1069037572958385,4.7865948383040315,0.0,89.31689763398055,100.0,1005.4000971176174,1552.4634414960494,ok,-0.29809711761743074,3.192558503950522
729,2026-09-07,14:40:56.853,127,9,111.24,1110.37,10.33,15.01,0.0,0.0,0.0,100.0,1005.102,0.0005766861,0.002868652,1555.655,0.007450027,0.03894043,24.39916,0.002873649,1498.1,0.0005351948,6.857695,1.96172e-05,100,1,1,1,Kennfeld_v2 (21)_korrigiert.csv,C:\dev\masterarbeit\sim_par_ink_prop\laboratory_measurement_L-Com\measurement_data\Kennfeld_v2 (21)_korrigiert.csv,730,2026-07-09 14:40:56.853000+00:00,C:\dev\masterarbeit\sim_par_ink_prop\laboratory_measurement_L-Com\measurement_data\Kennfeld_v2 (21)_korrigiert.csv|Probe=9,7,5.541948333333333,0.36667277777777774,22.248,54.826,59.506,1110.37,0.0,1246.9499999999998,True,quality flags,0.6843436003640443,3.792596875464848,51.033403124535155,1243.157403124535,1.7896366094978946,4.105144127064561,4.786682671915755,0.0,89.31853659152179,100.0,1005.3993828108878,1552.4638720688602,ok,-0.29738281088782514,3.1911279311398175
730,2026-09-07,14:49:42.895,128,9,111.24,1160.77,10.33,15.01,0.0,0.0,0.0,100.0,1004.748,0.006384136,0.03106689,1553.375,0.02528685,0.1348877,24.408,0.004107696,1498.017,0.001884607,6.863698,6.738024e-05,100,0,1,0,Kennfeld_v2 (21)_korrigiert.csv,C:\dev\masterarbeit\sim_par_ink_prop\laboratory_measurement_L-Com\measurement_data\Kennfeld_v2 (21)_korrigiert.csv,731,2026-07-09 14:49:42.895000+00:00,C:\dev\masterarbeit\sim_par_ink_prop\laboratory_measurement_L-Com\measurement_data\Kennfeld_v2 (21)_korrigiert.csv|Probe=9,8,5.688071111111111,0.0,22.248,54.826,59.506,1160.77,0.0,1297.35,False,not selected,0.6843436003640443,3.892595063304488,50.93340493669551,1293.4574049366954,1.7200411791750396,3.9377721092553717,4.600538044228241,0.0,89.74164866734135,100.0,1005.0539365654878,1550.2079026154472,ok,-0.30593656548774106,3.1670973845527897
731,2026-09-07,14:51:42.897,129,9,111.24,1160.77,10.33,15.01,0.0,0.0,0.0,100.0,1004.76,0.002272517,0.008544922,1553.337,0.01559693,0.06713867,24.41891,0.003214009,1498.022,0.001184768,6.8638,4.146822e-05,100,1,1,1,Kennfeld_v2 (21)_korrigiert.csv,C:\dev\masterarbeit\sim_par_ink_prop\laboratory_measurement_L-Com\measurement_data\Kennfeld_v2 (21)_korrigiert.csv,732,2026-07-09 14:51:42.897000+00:00,C:\dev\masterarbeit\sim_par_ink_prop\laboratory_measurement_L-Com\measurement_data\Kennfeld_v2 (21)_korrigiert.csv|Probe=9,8,5.721405,0.033333888888888885,22.248,54.826,59.506,1160.77,0.0,1297.35,True,quality flags,0.6843436003640443,3.9154068968408446,50.91059310315916,1293.4345931031592,1.720071514913131,3.9360778948254658,4.600619182237539,0.0,89.74323140802386,100.0,1005.0532957552421,1550.2091330341889,ok,-0.2932957552420703,3.1278669658111085
732,2026-09-07,14:53:42.899,130,9,111.24,1160.77,10.33,15.01,0.0,0.0,0.0,100.0,1004.765,0.0007157674,0.003845215,1553.315,0.01601881,0.09619141,24.43082,0.003289316,1498.025,0.0007888912,6.863863,4.249144e-05,100,1,1,1,Kennfeld_v2 (21)_korrigiert.csv,C:\dev\masterarbeit\sim_par_ink_prop\laboratory_measurement_L-Com\measurement_data\Kennfeld_v2 (21)_korrigiert.csv,733,2026-07-09 14:53:42.899000+00:00,C:\dev\masterarbeit\sim_par_ink_prop\laboratory_measurement_L-Com\measurement_data\Kennfeld_v2 (21)_korrigiert.csv|Probe=9,8,5.754738888888889,0.06666777777777777,22.248,54.826,59.506,1160.77,0.0,1297.35,True,quality flags,0.6843436003640443,3.9382187303772023,50.8877812696228,1293.4117812696227,1.7201018517212823,3.9343836206340237,4.600700323108891,0.0,89.74481420453581,100.00000000000001,1005.0523226401664,1550.2117856455347,ok,-0.2873226401663942,3.103214354465308
733,2026-09-07,14:55:42.901,131,9,111.24,1160.77,10.33,15.01,0.0,0.0,0.0,100.0,1004.766,0.0005943225,0.003295898,1553.306,0.0125664,0.05310059,24.44458,0.004115135,1498.028,0.0007544287,6.86389,3.317859e-05,100,1,1,1,Kennfeld_v2 (21)_korrigiert.csv,C:\dev\masterarbeit\sim_par_ink_prop\laboratory_measurement_L-Com\measurement_data\Kennfeld_v2 (21)_korrigiert.csv,734,2026-07-09 14:55:42.901000+00:00,C:\dev\masterarbeit\sim_par_ink_prop\laboratory_measurement_L-Com\measurement_data\Kennfeld_v2 (21)_korrigiert.csv|Probe=9,8,5.788072777777778,0.10000166666666666,22.248,54.826,59.506,1160.77,0.0,1297.35,True,quality flags,0.6843436003640443,3.9610305639135595,50.86496943608644,1293.3889694360864,1.7201321895995496,3.932689286677882,4.600781466842449,0.0,89.74639705688013,100.0,1005.0507343337626,1550.217070649808,ok,-0.2847343337626853,3.0889293501920747
734,2026-09-07,14:57:42.903,132,9,111.24,1160.77,10.33,15.01,0.0,0.0,0.0,100.0,1004.766,0.0006423884,0.002746582,1553.312,0.01279832,0.06774902,24.4593,0.004080366,1498.031,0.0007914256,6.863878,3.382954e-05,100,1,1,1,Kennfeld_v2 (21)_korrigiert.csv,C:\dev\masterarbeit\sim_par_ink_prop\laboratory_measurement_L-Com\measurement_data\Kennfeld_v2 (21)_korrigiert.csv,735,2026-07-09 14:57:42.903000+00:00,C:\dev\masterarbeit\sim_par_ink_prop\laboratory_measurement_L-Com\measurement_data\Kennfeld_v2 (21)_korrigiert.csv|Probe=9,8,5.821406666666666,0.13333555555555554,22.248,54.826,59.506,1160.77,0.0,1297.35,True,quality flags,0.6843436003640443,3.983842397449916,50.84215760255008,1293.36615760255,1.7201625285479898,3.9309948929538807,4.600862613438362,0.0,89.74797996505978,100.00000000000001,1005.0488271406646,1550.2237144982598,ok,-0.2828271406646081,3.0882855017400743
735,2026-09-07,14:59:42.905,133,9,111.24,1160.77,10.33,15.01,0.0,0.0,0.0,100.0,1004.764,0.0007814735,0.003662109,1553.317,0.01092821,0.05407715,24.47525,0.004260665,1498.034,0.0007306225,6.86387,2.879731e-05,100,1,1,1,Kennfeld_v2 (21)_korrigiert.csv,C:\dev\masterarbeit\sim_par_ink_prop\laboratory_measurement_L-Com\measurement_data\Kennfeld_v2 (21)_korrigiert.csv,736,2026-07-09 14:59:42.905000+00:00,C:\dev\masterarbeit\sim_par_ink_prop\laboratory_measurement_L-Com\measurement_data\Kennfeld_v2 (21)_korrigiert.csv|Probe=9,8,5.854740555555555,0.16666944444444445,22.248,54.826,59.506,1160.77,0.0,1297.35,True,quality flags,0.6843436003640443,4.006654230986273,50.81934576901373,1293.3433457690137,1.7201928685666592,3.929300439458856,4.600943762896782,0.0,89.74956292907771,100.00000000000001,1005.046511236204,1550.2320989085626,ok,-0.282511236203959,3.0849010914373594
736,2026-09-07,15:01:42.908,134,9,111.24,1160.77,10.33,15.01,0.0,0.0,0.0,100.0,1004.764,0.0006613894,0.002929688,1553.321,0.010222,0.0534668,24.48945,0.003298805,1498.037,0.0006556159,6.863862,2.690757e-05,100,1,1,1,Kennfeld_v2 (21)_korrigiert.csv,C:\dev\masterarbeit\sim_par_ink_prop\laboratory_measurement_L-Com\measurement_data\Kennfeld_v2 (21)_korrigiert.csv,737,2026-07-09 15:01:42.908000+00:00,C:\dev\masterarbeit\sim_par_ink_prop\laboratory_measurement_L-Com\measurement_data\Kennfeld_v2 (21)_korrigiert.csv|Probe=9,8,5.888074722222222,0.20000361111111112,22.248,54.826,59.506,1160.77,0.0,1297.35,True,quality flags,0.6843436003640443,4.029466254618075,50.79653374538192,1293.320533745382,1.7202232099084573,3.927605912068687,4.601024915894133,0.0,89.75114596212872,100.0,1005.0447784835144,1550.2379785334929,ok,-0.28077848351438206,3.0830214665070343
737,2026-09-07,15:03:42.910,135,9,111.24,1160.77,10.33,15.01,0.0,0.0,0.0,100.0,1004.763,0.0005544679,0.002624512,1553.323,0.0108366,0.05395508,24.50282,0.003151738,1498.04,0.0006443302,6.863862,2.843442e-05,100,1,1,1,Kennfeld_v2 (21)_korrigiert.csv,C:\dev\masterarbeit\sim_par_ink_prop\laboratory_measurement_L-Com\measurement_data\Kennfeld_v2 (21)_korrigiert.csv,738,2026-07-09 15:03:42.910000+00:00,C:\dev\masterarbeit\sim_par_ink_prop\laboratory_measurement_L-Com\measurement_data\Kennfeld_v2 (21)_korrigiert.csv|Probe=9,8,5.9214086111111115,0.2333375,22.248,54.826,59.506,1160.77,0.0,1297.35,True,quality flags,0.6843436003640443,4.052278088154433,50.77372191184557,1293.2977219118454,1.7202535520677646,3.92591133902163,4.601106071078047,0.0,89.75272903783257,100.0,1005.0433225842412,1550.2426672391002,ok,-0.2803225842411621,3.0803327608998643
738,2026-09-07,15:05:42.912,136,9,111.24,1160.77,10.33,15.01,0.0,0.0,0.0,100.0,1004.763,0.0007473739,0.002929688,1553.326,0.01166236,0.05114746,24.51509,0.00319121,1498.042,0.0006130472,6.863854,3.105214e-05,100,1,1,1,Kennfeld_v2 (21)_korrigiert.csv,C:\dev\masterarbeit\sim_par_ink_prop\laboratory_measurement_L-Com\measurement_data\Kennfeld_v2 (21)_korrigiert.csv,739,2026-07-09 15:05:42.912000+00:00,C:\dev\masterarbeit\sim_par_ink_prop\laboratory_measurement_L-Com\measurement_data\Kennfeld_v2 (21)_korrigiert.csv|Probe=9,8,5.9547425,0.2666713888888889,22.248,54.826,59.506,1160.77,0.0,1297.35,True,quality flags,0.6843436003640443,4.07508992169079,50.75091007830921,1293.2749100783092,1.720283895297471,3.924216706194059,4.601187229124924,0.0,89.75431216938355,100.0,1005.0422333821649,1550.245783196559,ok,-0.27923338216487537,3.0802168034410897
739,2026-09-07,15:07:42.913,137,9,111.24,1160.77,10.33,15.01,0.0,0.0,0.0,100.0,1004.762,0.0005582015,0.002685547,1553.326,0.01070423,0.05029297,24.52681,0.003139017,1498.045,0.0005908529,6.863859,2.822594e-05,100,1,1,1,Kennfeld_v2 (21)_korrigiert.csv,C:\dev\masterarbeit\sim_par_ink_prop\laboratory_measurement_L-Com\measurement_data\Kennfeld_v2 (21)_korrigiert.csv,740,2026-07-09 15:07:42.913000+00:00,C:\dev\masterarbeit\sim_par_ink_prop\laboratory_measurement_L-Com\measurement_data\Kennfeld_v2 (21)_korrigiert.csv|Probe=9,8,5.988076111111111,0.300005,22.248,54.826,59.506,1160.77,0.0,1297.35,True,quality flags,0.6843436003640443,4.097901565131703,50.7280984348683,1293.2520984348682,1.720314239344764,3.922522027705266,4.601268389358572,0.0,89.7558953435914,100.0,1005.0413277817296,1550.2481106204027,ok,-0.27932778172964845,3.077889379597309
740,2026-09-07,15:15:17.777,138,9,111.24,1210.38,10.33,15.01,0.0,0.0,0.0,100.0,1004.158,0.2246548,0.7232056,1551.321,0.03052837,0.1390381,24.51971,0.003326852,1497.899,0.05362465,6.869147,8.140963e-05,100,0,1,0,Kennfeld_v2 (21)_korrigiert.csv,C:\dev\masterarbeit\sim_par_ink_prop\laboratory_measurement_L-Com\measurement_data\Kennfeld_v2 (21)_korrigiert.csv,741,2026-07-09 15:15:17.777000+00:00,C:\dev\masterarbeit\sim_par_ink_prop\laboratory_measurement_L-Com\measurement_data\Kennfeld_v2 (21)_korrigiert.csv|Probe=9,9,6.114427222222222,0.0,22.248,54.826,59.506,1210.38,0.0,1346.96,False,not selected,0.6843436003640443,4.184369139419478,50.64163086058052,1342.7756308605806,1.6568665299459844,3.7714142032890825,4.431566870323882,0.0,90.14015239644105,100.0,1004.7320967967217,1548.1822004140586,ok,-0.574096796721733,3.1387995859413422
741,2026-09-07,15:17:17.779,139,9,111.24,1210.38,10.33,15.01,0.0,0.0,0.0,100.0,1004.114,0.2421942,0.9684448,1551.242,0.01541879,0.07971191,24.53493,0.004191556,1497.892,0.05903902,6.869361,4.1292e-05,100,0,1,0,Kennfeld_v2 (21)_korrigiert.csv,C:\dev\masterarbeit\sim_par_ink_prop\laboratory_measurement_L-Com\measurement_data\Kennfeld_v2 (21)_korrigiert.csv,742,2026-07-09 15:17:17.779000+00:00,C:\dev\masterarbeit\sim_par_ink_prop\laboratory_measurement_L-Com\measurement_data\Kennfeld_v2 (21)_korrigiert.csv|Probe=9,9,6.147761111111111,0.033333888888888885,22.248,54.826,59.506,1210.38,0.0,1346.96,False,not selected,0.6843436003640443,4.207180972955835,50.61881902704417,1342.752819027044,1.656894678211948,3.7697793897556258,4.431642157572823,0.0,90.14168377445962,100.00000000000001,1004.7299934612852,1548.1909880276814,ok,-0.615993461285143,3.05101197231852
742,2026-09-07,15:19:17.781,140,9,111.24,1210.38,10.33,15.01,0.0,0.0,0.0,100.0,1004.181,0.6883792,3.397095,1551.262,0.01508863,0.06872559,24.56249,0.008254482,1497.912,0.1698396,6.869316,3.976784e-05,100,0,1,0,Kennfeld_v2 (21)_korrigiert.csv,C:\dev\masterarbeit\sim_par_ink_prop\laboratory_measurement_L-Com\measurement_data\Kennfeld_v2 (21)_korrigiert.csv,743,2026-07-09 15:19:17.781000+00:00,C:\dev\masterarbeit\sim_par_ink_prop\laboratory_measurement_L-Com\measurement_data\Kennfeld_v2 (21)_korrigiert.csv|Probe=9,9,6.181095,0.06666777777777777,22.248,54.826,59.506,1210.38,0.0,1346.96,False,not selected,0.6843436003640443,4.229992806492192,50.59600719350781,1342.7300071935078,1.656922827434341,3.768144520674003,4.431717447379895,0.0,90.14321520451178,100.00000000000001,1004.7238366665341,1548.2181110694878,ok,-0.5428366665340718,3.0438889305121393
743,2026-09-07,15:21:17.783,141,9,111.24,1210.38,10.33,15.01,0.0,0.0,0.0,100.0,1004.45,0.0006709102,0.002929688,1551.255,0.007060744,0.03063965,24.57941,0.004299531,1497.98,0.0008694873,6.869339,1.878782e-05,100,1,1,1,Kennfeld_v2 (21)_korrigiert.csv,C:\dev\masterarbeit\sim_par_ink_prop\laboratory_measurement_L-Com\measurement_data\Kennfeld_v2 (21)_korrigiert.csv,744,2026-07-09 15:21:17.783000+00:00,C:\dev\masterarbeit\sim_par_ink_prop\laboratory_measurement_L-Com\measurement_data\Kennfeld_v2 (21)_korrigiert.csv|Probe=9,9,6.214428888888889,0.10000166666666666,22.248,54.826,59.506,1210.38,0.0,1346.96,True,quality flags,0.6843436003640443,4.2528046400285495,50.57319535997145,1342.7071953599716,1.656950977613213,3.766509596041383,4.431792739745228,0.0,90.14474668660017,100.0,1004.7211763057124,1548.2293833277135,ok,-0.2711763057124017,3.02561667228656
744,2026-09-07,15:23:17.785,142,9,111.24,1210.38,10.33,15.01,0.0,0.0,0.0,100.0,1004.45,0.0006947108,0.002990723,1551.256,0.007069055,0.03491211,24.59525,0.003699277,1497.984,0.0007547449,6.86934,1.867155e-05,100,1,1,1,Kennfeld_v2 (21)_korrigiert.csv,C:\dev\masterarbeit\sim_par_ink_prop\laboratory_measurement_L-Com\measurement_data\Kennfeld_v2 (21)_korrigiert.csv,745,2026-07-09 15:23:17.785000+00:00,C:\dev\masterarbeit\sim_par_ink_prop\laboratory_measurement_L-Com\measurement_data\Kennfeld_v2 (21)_korrigiert.csv|Probe=9,9,6.247762777777778,0.13333555555555554,22.248,54.826,59.506,1210.38,0.0,1346.96,True,quality flags,0.6843436003640443,4.275616473564907,50.55038352643509,1342.684383526435,1.6569791287486124,3.7648746158549358,4.431868034668955,0.0,90.14627822072751,100.00000000000001,1004.7188714281679,1548.2390353722324,ok,-0.26887142816781306,3.0169646277677202
745,2026-09-07,15:25:17.788,143,9,111.24,1210.38,10.33,15.01,0.0,0.0,0.0,100.0,1004.448,0.001269617,0.006103516,1551.275,0.01284123,0.05749512,24.61646,0.007704167,1497.988,0.00152854,6.869297,3.240466e-05,100,1,1,1,Kennfeld_v2 (21)_korrigiert.csv,C:\dev\masterarbeit\sim_par_ink_prop\laboratory_measurement_L-Com\measurement_data\Kennfeld_v2 (21)_korrigiert.csv,746,2026-07-09 15:25:17.788000+00:00,C:\dev\masterarbeit\sim_par_ink_prop\laboratory_measurement_L-Com\measurement_data\Kennfeld_v2 (21)_korrigiert.csv|Probe=9,9,6.281096944444444,0.1666697222222222,22.248,54.826,59.506,1210.38,0.0,1346.96,True,quality flags,0.6843436003640443,4.298428497196708,50.52757150280329,1342.6615715028033,1.6570072810751886,3.7632395664865275,4.431943332778685,0.0,90.14780981965961,100.00000000000001,1004.7148032205946,1548.2566344929364,ok,-0.2668032205946247,3.0183655070636632
746,2026-09-07,15:27:17.790,144,9,111.24,1210.38,10.33,15.01,0.0,0.0,0.0,100.0,1004.447,0.0006345558,0.002807617,1551.283,0.00658227,0.03381348,24.63597,0.004048216,1497.991,0.0008217854,6.86928,1.705829e-05,100,1,1,1,Kennfeld_v2 (21)_korrigiert.csv,C:\dev\masterarbeit\sim_par_ink_prop\laboratory_measurement_L-Com\measurement_data\Kennfeld_v2 (21)_korrigiert.csv,747,2026-07-09 15:27:17.790000+00:00,C:\dev\masterarbeit\sim_par_ink_prop\laboratory_measurement_L-Com\measurement_data\Kennfeld_v2 (21)_korrigiert.csv|Probe=9,9,6.314430833333334,0.20000361111111112,22.248,54.826,59.506,1210.38,0.0,1346.96,True,quality flags,0.6843436003640443,4.321240330733066,50.50475966926693,1342.638759669267,1.657035434123797,3.761604475183466,4.4320186328196085,0.0,90.14934145787313,100.0,1004.7112942135685,1548.2716865012333,ok,-0.2642942135685189,3.01131349876664
747,2026-09-07,15:29:17.792,145,9,111.24,1210.38,10.33,15.01,0.0,0.0,0.0,100.0,1004.445,0.0009562865,0.004699707,1551.296,0.006950236,0.03149414,24.65285,0.004264182,1497.994,0.0008281929,6.86925,1.783097e-05,100,1,1,1,Kennfeld_v2 (21)_korrigiert.csv,C:\dev\masterarbeit\sim_par_ink_prop\laboratory_measurement_L-Com\measurement_data\Kennfeld_v2 (21)_korrigiert.csv,748,2026-07-09 15:29:17.792000+00:00,C:\dev\masterarbeit\sim_par_ink_prop\laboratory_measurement_L-Com\measurement_data\Kennfeld_v2 (21)_korrigiert.csv|Probe=9,9,6.347764722222222,0.2333375,22.248,54.826,59.506,1210.38,0.0,1346.96,True,quality flags,0.6843436003640443,4.344052164269423,50.48194783573058,1342.6159478357306,1.6570635881290792,3.759969328318083,4.432093935419317,0.0,90.15087314813353,100.0,1004.7086498422922,1548.282822444552,ok,-0.26364984229212496,3.01317755544801
770,2026-09-08,08:22:58.860,23,10,90.94,909.4,0.0,0.0,0.0,0.0,0.0,100.0,1005.377,0.003879522,0.01434326,1542.031,0.01212267,0.05322266,23.52434,0.005392874,1497.986,0.001966084,6.893573,3.294252e-05,100,0,1,0,Kennfeld_v2 (21)_korrigiert.csv,C:\dev\masterarbeit\sim_par_ink_prop\laboratory_measurement_L-Com\measurement_data\Kennfeld_v2 (21)_korrigiert.csv,771,2026-08-09 08:22:58.860000+00:00,C:\dev\masterarbeit\sim_par_ink_prop\laboratory_measurement_L-Com\measurement_data\Kennfeld_v2 (21)_korrigiert.csv|Probe=10,1,0.0,0.0,18.188,36.376,36.376,909.4,0.0,1000.3399999999999,False,not selected,0.6754327197809971,0.0,36.376,1000.3399999999999,1.8181818181818183,3.6363636363636367,3.6363636363636367,0.0,90.90909090909092,100.00000000000001,1005.4567965353993,1541.3282409250426,ok,-0.07979653539939591,0.7027590749573847
771,2026-09-08,08:24:58.862,24,10,90.94,909.4,0.0,0.0,0.0,0.0,0.0,100.0,1005.381,0.0006011112,0.003051758,1542.029,0.01142553,0.04980469,23.54468,0.004782964,1497.991,0.0009488864,6.893582,3.02731e-05,100,1,1,1,Kennfeld_v2 (21)_korrigiert.csv,C:\dev\masterarbeit\sim_par_ink_prop\laboratory_measurement_L-Com\measurement_data\Kennfeld_v2 (21)_korrigiert.csv,772,2026-08-09 08:24:58.862000+00:00,C:\dev\masterarbeit\sim_par_ink_prop\laboratory_measurement_L-Com\measurement_data\Kennfeld_v2 (21)_korrigiert.csv|Probe=10,1,0.033333888888888885,0.033333888888888885,18.188,36.376,36.376,909.4,0.0,1000.3399999999999,True,quality flags,0.6754327197809971,0.022514799233099778,36.3534852007669,1000.3174852007668,1.8182227411879752,3.634194717037326,3.6364454823759504,0.0,90.91113705939875,100.0,1005.4543224060848,1541.3455640482548,ok,-0.07332240608479879,0.6834359517451958
772,2026-09-08,08:26:58.865,25,10,90.94,909.4,0.0,0.0,0.0,0.0,0.0,100.0,1005.381,0.0007666846,0.004272461,1542.035,0.01023111,0.04919434,23.56347,0.004733611,1497.994,0.000988478,6.893571,2.672221e-05,100,1,1,1,Kennfeld_v2 (21)_korrigiert.csv,C:\dev\masterarbeit\sim_par_ink_prop\laboratory_measurement_L-Com\measurement_data\Kennfeld_v2 (21)_korrigiert.csv,773,2026-08-09 08:26:58.865000+00:00,C:\dev\masterarbeit\sim_par_ink_prop\laboratory_measurement_L-Com\measurement_data\Kennfeld_v2 (21)_korrigiert.csv|Probe=10,1,0.06666805555555555,0.06666805555555555,18.188,36.376,36.376,909.4,0.0,1000.3399999999999,True,quality flags,0.6754327197809971,0.045029786086399494,36.330970213913595,1000.2949702139135,1.8182636663773775,3.632025681999001,3.636527332754755,0.0,90.91318331886887,100.0,1005.4523349883885,1541.3601298068286,ok,-0.07133498838857122,0.6748701931715004
773,2026-09-08,08:28:58.867,26,10,90.94,909.4,0.0,0.0,0.0,0.0,0.0,100.0,1005.381,0.0009665847,0.005065918,1542.044,0.007031093,0.03405762,23.58179,0.004426677,1497.998,0.0009019663,6.893552,1.855154e-05,100,1,1,1,Kennfeld_v2 (21)_korrigiert.csv,C:\dev\masterarbeit\sim_par_ink_prop\laboratory_measurement_L-Com\measurement_data\Kennfeld_v2 (21)_korrigiert.csv,774,2026-08-09 08:28:58.867000+00:00,C:\dev\masterarbeit\sim_par_ink_prop\laboratory_measurement_L-Com\measurement_data\Kennfeld_v2 (21)_korrigiert.csv|Probe=10,1,0.10000194444444445,0.10000194444444445,18.188,36.376,36.376,909.4,0.0,1000.3399999999999,True,quality flags,0.6754327197809971,0.06754458531949928,36.3084554146805,1000.2724554146804,1.8183045930680803,3.629856567391751,3.6366091861361607,0.0,90.91522965340401,100.0,1005.4504958941624,1541.3738463899235,ok,-0.06949589416240087,0.6701536100765679
774,2026-09-08,08:30:58.869,27,10,90.94,909.4,0.0,0.0,0.0,0.0,0.0,100.0,1005.38,0.0008608143,0.004821777,1542.057,0.009227782,0.05432129,23.59954,0.004326859,1498.001,0.0007935718,6.893524,2.424528e-05,100,1,1,1,Kennfeld_v2 (21)_korrigiert.csv,C:\dev\masterarbeit\sim_par_ink_prop\laboratory_measurement_L-Com\measurement_data\Kennfeld_v2 (21)_korrigiert.csv,775,2026-08-09 08:30:58.869000+00:00,C:\dev\masterarbeit\sim_par_ink_prop\laboratory_measurement_L-Com\measurement_data\Kennfeld_v2 (21)_korrigiert.csv|Probe=10,1,0.13333583333333335,0.13333583333333335,18.188,36.376,36.376,909.4,0.0,1000.3399999999999,True,quality flags,0.6754327197809971,0.09005938455259907,36.2859406154474,1000.2499406154474,1.818345521601235,3.6276873551345474,3.63669104320247,0.0,90.91727608006175,100.0,1005.4488364476,1541.3865395326247,ok,-0.06883644760000607,0.6704604673752783
775,2026-09-08,08:32:58.871,28,10,90.94,909.4,0.0,0.0,0.0,0.0,0.0,100.0,1005.379,0.0007455228,0.004089355,1542.067,0.007312081,0.04016113,23.61589,0.003806281,1498.005,0.0007532706,6.893501,1.936476e-05,100,1,1,1,Kennfeld_v2 (21)_korrigiert.csv,C:\dev\masterarbeit\sim_par_ink_prop\laboratory_measurement_L-Com\measurement_data\Kennfeld_v2 (21)_korrigiert.csv,776,2026-08-09 08:32:58.871000+00:00,C:\dev\masterarbeit\sim_par_ink_prop\laboratory_measurement_L-Com\measurement_data\Kennfeld_v2 (21)_korrigiert.csv|Probe=10,1,0.1666697222222222,0.1666697222222222,18.188,36.376,36.376,909.4,0.0,1000.3399999999999,True,quality flags,0.6754327197809971,0.11257418378569883,36.2634258162143,1000.2274258162142,1.8183864519769661,3.6255180452207965,3.6367729039539323,0.0,90.91932259884831,100.0,1005.4476165342705,1541.3967520654992,ok,-0.06861653427051806,0.6702479345008214
776,2026-09-08,08:34:58.873,29,10,90.94,909.4,0.0,0.0,0.0,0.0,0.0,100.0,1005.379,0.0005268272,0.002624512,1542.073,0.008522711,0.04626465,23.6295,0.003773975,1498.007,0.0007960176,6.893489,2.245657e-05,100,1,1,1,Kennfeld_v2 (21)_korrigiert.csv,C:\dev\masterarbeit\sim_par_ink_prop\laboratory_measurement_L-Com\measurement_data\Kennfeld_v2 (21)_korrigiert.csv,777,2026-08-09 08:34:58.873000+00:00,C:\dev\masterarbeit\sim_par_ink_prop\laboratory_measurement_L-Com\measurement_data\Kennfeld_v2 (21)_korrigiert.csv|Probe=10,1,0.20000361111111112,0.20000361111111112,18.188,36.376,36.376,909.4,0.0,1000.3399999999999,True,quality flags,0.6754327197809971,0.13508898301879863,36.2409110169812,1000.2049110169811,1.8184273841953982,3.623348637643903,3.6368547683907964,0.0,90.9213692097699,100.0,1005.4472556805782,1541.4021341106575,ok,-0.06825568057820419,0.6708658893426218
777,2026-09-08,08:36:58.875,30,10,90.94,909.4,0.0,0.0,0.0,0.0,0.0,100.0,1005.378,0.0006866921,0.003417969,1542.086,0.007632403,0.04272461,23.64554,0.003787042,1498.01,0.000755562,6.893458,2.016233e-05,100,1,1,1,Kennfeld_v2 (21)_korrigiert.csv,C:\dev\masterarbeit\sim_par_ink_prop\laboratory_measurement_L-Com\measurement_data\Kennfeld_v2 (21)_korrigiert.csv,778,2026-08-09 08:36:58.875000+00:00,C:\dev\masterarbeit\sim_par_ink_prop\laboratory_measurement_L-Com\measurement_data\Kennfeld_v2 (21)_korrigiert.csv|Probe=10,1,0.2333375,0.2333375,18.188,36.376,36.376,909.4,0.0,1000.3399999999999,True,quality flags,0.6754327197809971,0.15760378225189842,36.2183962177481,1000.182396217748,1.8184683182566554,3.621179132397273,3.636936636513311,0.0,90.92341591283278,100.00000000000001,1005.4461349283579,1541.4117738894683,ok,-0.06813492835783563,0.6742261105316629
778,2026-09-08,08:38:58.877,31,10,90.94,909.4,0.0,0.0,0.0,0.0,0.0,100.0,1005.376,0.0006332448,0.003479004,1542.096,0.008667261,0.04187012,23.65987,0.00328107,1498.013,0.0006853651,6.893435,2.282283e-05,100,1,1,1,Kennfeld_v2 (21)_korrigiert.csv,C:\dev\masterarbeit\sim_par_ink_prop\laboratory_measurement_L-Com\measurement_data\Kennfeld_v2 (21)_korrigiert.csv,779,2026-08-09 08:38:58.877000+00:00,C:\dev\masterarbeit\sim_par_ink_prop\laboratory_measurement_L-Com\measurement_data\Kennfeld_v2 (21)_korrigiert.csv|Probe=10,1,0.2666713888888889,0.2666713888888889,18.188,36.376,36.376,909.4,0.0,1000.3399999999999,True,quality flags,0.6754327197809971,0.1801185814849982,36.195881418515,1000.1598814185149,1.818509254160862,3.6190095294743085,3.637018508321724,0.0,90.92546270804311,100.00000000000001,1005.4455506361451,1541.4183973409854,ok,-0.06955063614509527,0.6776026590146103
779,2026-09-08,08:40:58.879,32,10,90.94,909.4,0.0,0.0,0.0,0.0,0.0,100.0,1005.376,0.0006482034,0.002868652,1542.104,0.00673992,0.03515625,23.67332,0.0032806,1498.016,0.0006931621,6.893418,1.776895e-05,100,1,1,1,Kennfeld_v2 (21)_korrigiert.csv,C:\dev\masterarbeit\sim_par_ink_prop\laboratory_measurement_L-Com\measurement_data\Kennfeld_v2 (21)_korrigiert.csv,780,2026-08-09 08:40:58.879000+00:00,C:\dev\masterarbeit\sim_par_ink_prop\laboratory_measurement_L-Com\measurement_data\Kennfeld_v2 (21)_korrigiert.csv|Probe=10,1,0.3000052777777778,0.3000052777777778,18.188,36.376,36.376,909.4,0.0,1000.3399999999999,True,quality flags,0.6754327197809971,0.20263338071809797,36.1733666192819,1000.1373666192818,1.8185501919081433,3.6168398288684145,3.6371003838162865,0.0,90.92750959540716,100.0,1005.4452428561102,1541.423465620642,ok,-0.06924285611023606,0.6805343793580505
780,2026-09-08,08:42:58.881,33,10,90.94,909.4,0.0,0.0,0.0,0.0,0.0,100.0,1005.375,0.0005653502,0.002929688,1542.114,0.007537717,0.03930664,23.68654,0.003092997,1498.018,0.0006373249,6.893394,2.002363e-05,100,1,1,1,Kennfeld_v2 (21)_korrigiert.csv,C:\dev\masterarbeit\sim_par_ink_prop\laboratory_measurement_L-Com\measurement_data\Kennfeld_v2 (21)_korrigiert.csv,781,2026-08-09 08:42:58.881000+00:00,C:\dev\masterarbeit\sim_par_ink_prop\laboratory_measurement_L-Com\measurement_data\Kennfeld_v2 (21)_korrigiert.csv|Probe=10,1,0.33333916666666663,0.33333916666666663,18.188,36.376,36.376,909.4,0.0,1000.3399999999999,True,quality flags,0.6754327197809971,0.2251481799511977,36.1508518200488,1000.1148518200487,1.818591131498623,3.6146700305729933,3.637182262997246,0.0,90.92955657493115,100.00000000000001,1005.4450080498023,1541.4281208468929,ok,-0.07000804980225439,0.6858791531071802
781,2026-09-08,08:44:58.882,34,10,90.94,909.4,0.0,0.0,0.0,0.0,0.0,100.0,1005.375,0.0005300441,0.002563477,1542.122,0.007622271,0.04785156,23.69827,0.003055646,1498.021,0.0006275577,6.893375,2.035639e-05,100,1,1,1,Kennfeld_v2 (21)_korrigiert.csv,C:\dev\masterarbeit\sim_par_ink_prop\laboratory_measurement_L-Com\measurement_data\Kennfeld_v2 (21)_korrigiert.csv,782,2026-08-09 08:44:58.882000+00:00,C:\dev\masterarbeit\sim_par_ink_prop\laboratory_measurement_L-Com\measurement_data\Kennfeld_v2 (21)_korrigiert.csv|Probe=10,1,0.36667277777777774,0.36667277777777774,18.188,36.376,36.376,909.4,0.0,1000.3399999999999,True,quality flags,0.6754327197809971,0.24766279156409757,36.1283372084359,1000.0923372084358,1.818632072591245,3.6125001526640195,3.63726414518249,0.0,90.93160362956226,100.00000000000001,1005.4452406122538,1541.4301556138848,ok,-0.07024061225376954,0.6918443861152355
782,2026-09-08,08:46:58.885,35,10,90.94,909.4,0.0,0.0,0.0,0.0,0.0,100.0,1005.376,0.0005621727,0.003051758,1542.124,0.007999306,0.04150391,23.70892,0.002649461,1498.023,0.0006146263,6.893375,2.124392e-05,100,1,1,1,Kennfeld_v2 (21)_korrigiert.csv,C:\dev\masterarbeit\sim_par_ink_prop\laboratory_measurement_L-Com\measurement_data\Kennfeld_v2 (21)_korrigiert.csv,783,2026-08-09 08:46:58.885000+00:00,C:\dev\masterarbeit\sim_par_ink_prop\laboratory_measurement_L-Com\measurement_data\Kennfeld_v2 (21)_korrigiert.csv|Probe=10,1,0.40000694444444446,0.40000694444444446,18.188,36.376,36.376,909.4,0.0,1000.3399999999999,True,quality flags,0.6754327197809971,0.2701777784173973,36.1058222215826,1000.0698222215825,1.818673016209676,3.610330140887177,3.637346032419352,0.0,90.9336508104838,100.0,1005.4458122208407,1541.4302912210292,ok,-0.06981222084073124,0.6937087789708585
783,2026-09-08,08:57:45.366,36,10,90.94,939.82,0.0,0.0,0.0,0.0,0.0,100.0,1005.08,0.08025917,0.3398438,1540.749,0.009937697,0.0489502,23.74935,0.004994147,1497.961,0.01906101,6.897065,2.642268e-05,100,0,1,0,Kennfeld_v2 (21)_korrigiert.csv,C:\dev\masterarbeit\sim_par_ink_prop\laboratory_measurement_L-Com\measurement_data\Kennfeld_v2 (21)_korrigiert.csv,784,2026-08-09 08:57:45.366000+00:00,C:\dev\masterarbeit\sim_par_ink_prop\laboratory_measurement_L-Com\measurement_data\Kennfeld_v2 (21)_korrigiert.csv|Probe=10,2,0.5795849999999999,0.0,18.188,36.376,36.376,939.82,0.0,1030.76,False,not selected,0.6754327197809971,0.3914706728942691,35.984529327105726,1030.3685293271058,1.7651936644336261,3.4923940612399957,3.5303873288672523,0.0,91.21202494545912,100.0,1005.1942313173994,1540.0191738817157,ok,-0.11423131739934433,0.7298261182843362
784,2026-09-08,08:59:45.368,37,10,90.94,939.82,0.0,0.0,0.0,0.0,0.0,100.0,1005.111,0.003548049,0.01507568,1540.755,0.008879626,0.04223633,23.76771,0.004242204,1497.972,0.001631725,6.897053,2.409416e-05,100,0,1,0,Kennfeld_v2 (21)_korrigiert.csv,C:\dev\masterarbeit\sim_par_ink_prop\laboratory_measurement_L-Com\measurement_data\Kennfeld_v2 (21)_korrigiert.csv,785,2026-08-09 08:59:45.368000+00:00,C:\dev\masterarbeit\sim_par_ink_prop\laboratory_measurement_L-Com\measurement_data\Kennfeld_v2 (21)_korrigiert.csv|Probe=10,2,0.6129188888888888,0.033333888888888885,18.188,36.376,36.376,939.82,0.0,1030.76,False,not selected,0.6754327197809971,0.4139854721273689,35.962014527872626,1030.3460145278725,1.7652322368941415,3.490285207183649,3.530464473788283,0.0,91.21401808213393,100.0,1005.192352053498,1540.033958557199,ok,-0.08135205349799435,0.7210414428011518
785,2026-09-08,09:01:45.370,38,10,90.94,939.82,0.0,0.0,0.0,0.0,0.0,100.0,1005.118,0.001103452,0.005004883,1540.751,0.009020581,0.03869629,23.78335,0.004370916,1497.977,0.001081917,6.897069,2.432095e-05,100,1,1,1,Kennfeld_v2 (21)_korrigiert.csv,C:\dev\masterarbeit\sim_par_ink_prop\laboratory_measurement_L-Com\measurement_data\Kennfeld_v2 (21)_korrigiert.csv,786,2026-08-09 09:01:45.370000+00:00,C:\dev\masterarbeit\sim_par_ink_prop\laboratory_measurement_L-Com\measurement_data\Kennfeld_v2 (21)_korrigiert.csv|Probe=10,2,0.6462527777777778,0.06666777777777777,18.188,36.376,36.376,939.82,0.0,1030.76,True,quality flags,0.6754327197809971,0.43650027136046876,35.93949972863953,1030.3234997286395,1.76527081104044,3.488176260961248,3.53054162208088,0.0,91.21601130591743,100.0,1005.1913164582012,1540.0438826148834,ok,-0.07331645820113408,0.7071173851165895
786,2026-09-08,09:03:45.372,39,10,90.94,939.82,0.0,0.0,0.0,0.0,0.0,100.0,1005.119,0.0008499609,0.004211426,1540.757,0.009735544,0.05187988,23.80063,0.004309961,1497.981,0.000822061,6.897057,2.538856e-05,100,1,1,1,Kennfeld_v2 (21)_korrigiert.csv,C:\dev\masterarbeit\sim_par_ink_prop\laboratory_measurement_L-Com\measurement_data\Kennfeld_v2 (21)_korrigiert.csv,787,2026-08-09 09:03:45.372000+00:00,C:\dev\masterarbeit\sim_par_ink_prop\laboratory_measurement_L-Com\measurement_data\Kennfeld_v2 (21)_korrigiert.csv|Probe=10,2,0.6795866666666667,0.10000166666666666,18.188,36.376,36.376,939.82,0.0,1030.76,True,quality flags,0.6754327197809971,0.45901507059356855,35.91698492940643,1030.3009849294065,1.7653093868726326,3.48606722256675,3.5306187737452652,0.0,91.21800461681535,100.0,1005.1897738325721,1540.0567069105298,ok,-0.07077383257205838,0.7002930894702786
787,2026-09-08,09:05:45.374,40,10,90.94,939.82,0.0,0.0,0.0,0.0,0.0,100.0,1005.118,0.0007850753,0.004638672,1540.77,0.008153563,0.03796387,23.81714,0.003768415,1497.984,0.000764221,6.897027,2.135158e-05,100,1,1,1,Kennfeld_v2 (21)_korrigiert.csv,C:\dev\masterarbeit\sim_par_ink_prop\laboratory_measurement_L-Com\measurement_data\Kennfeld_v2 (21)_korrigiert.csv,788,2026-08-09 09:05:45.374000+00:00,C:\dev\masterarbeit\sim_par_ink_prop\laboratory_measurement_L-Com\measurement_data\Kennfeld_v2 (21)_korrigiert.csv|Probe=10,2,0.7129205555555556,0.13333555555555554,18.188,36.376,36.376,939.82,0.0,1030.76,True,quality flags,0.6754327197809971,0.4815298698266683,35.89447013017333,1030.2784701301732,1.76534796439083,3.483958091994114,3.53069592878166,0.0,91.21999801483341,100.00000000000001,1005.1884707455565,1540.0681440442002,ok,-0.07047074555646304,0.7018559557998287
788,2026-09-08,09:07:45.376,41,10,90.94,939.82,0.0,0.0,0.0,0.0,0.0,100.0,1005.117,0.0008276766,0.004577637,1540.784,0.008275184,0.04138184,23.83346,0.003931296,1497.987,0.0007977553,6.896995,2.177931e-05,100,1,1,1,Kennfeld_v2 (21)_korrigiert.csv,C:\dev\masterarbeit\sim_par_ink_prop\laboratory_measurement_L-Com\measurement_data\Kennfeld_v2 (21)_korrigiert.csv,789,2026-08-09 09:07:45.376000+00:00,C:\dev\masterarbeit\sim_par_ink_prop\laboratory_measurement_L-Com\measurement_data\Kennfeld_v2 (21)_korrigiert.csv|Probe=10,2,0.7462544444444444,0.16666944444444445,18.188,36.376,36.376,939.82,0.0,1030.76,True,quality flags,0.6754327197809971,0.5040446690597681,35.87195533094023,1030.2559553309402,1.7653865435951424,3.481848869237295,3.5307730871902847,0.0,91.22199149997728,100.0,1005.1872275154429,1540.0792264778827,ok,-0.0702275154429799,0.7047735221174207
789,2026-09-08,09:09:45.378,42,10,90.94,939.82,0.0,0.0,0.0,0.0,0.0,100.0,1005.116,0.0008173959,0.003662109,1540.798,0.00938485,0.04724121,23.84925,0.003645949,1497.99,0.0007132764,6.896961,2.474545e-05,100,1,1,1,Kennfeld_v2 (21)_korrigiert.csv,C:\dev\masterarbeit\sim_par_ink_prop\laboratory_measurement_L-Com\measurement_data\Kennfeld_v2 (21)_korrigiert.csv,790,2026-08-09 09:09:45.378000+00:00,C:\dev\masterarbeit\sim_par_ink_prop\laboratory_measurement_L-Com\measurement_data\Kennfeld_v2 (21)_korrigiert.csv|Probe=10,2,0.7795883333333333,0.2000033333333333,18.188,36.376,36.376,939.82,0.0,1030.76,True,quality flags,0.6754327197809971,0.5265594682928678,35.84944053170713,1030.2334405317072,1.7654251244856805,3.4797395542902496,3.530850248971361,0.0,91.2239850722527,100.0,1005.1861494357697,1540.089351680441,ok,-0.07014943576973565,0.7086483195589608
790,2026-09-08,09:11:45.380,43,10,90.94,939.82,0.0,0.0,0.0,0.0,0.0,100.0,1005.115,0.0006819059,0.003417969,1540.805,0.007574737,0.0369873,23.86365,0.003352247,1497.993,0.0006680436,6.896945,2.021437e-05,100,1,1,1,Kennfeld_v2 (21)_korrigiert.csv,C:\dev\masterarbeit\sim_par_ink_prop\laboratory_measurement_L-Com\measurement_data\Kennfeld_v2 (21)_korrigiert.csv,791,2026-08-09 09:11:45.380000+00:00,C:\dev\masterarbeit\sim_par_ink_prop\laboratory_measurement_L-Com\measurement_data\Kennfeld_v2 (21)_korrigiert.csv|Probe=10,2,0.8129222222222222,0.23333722222222222,18.188,36.376,36.376,939.82,0.0,1030.76,True,quality flags,0.6754327197809971,0.5490742675259677,35.82692573247403,1030.210925732474,1.765463707062555,3.477630147146935,3.53092741412511,0.0,91.2259787316654,100.0,1005.1855028222467,1540.096996669581,ok,-0.07050282224668081,0.7080033304191602
791,2026-09-08,09:13:45.382,44,10,90.94,939.82,0.0,0.0,0.0,0.0,0.0,100.0,1005.115,0.0007285626,0.003723145,1540.817,0.008885052,0.03942871,23.87698,0.004131256,1497.996,0.0007866375,6.896916,2.278015e-05,100,1,1,1,Kennfeld_v2 (21)_korrigiert.csv,C:\dev\masterarbeit\sim_par_ink_prop\laboratory_measurement_L-Com\measurement_data\Kennfeld_v2 (21)_korrigiert.csv,792,2026-08-09 09:13:45.382000+00:00,C:\dev\masterarbeit\sim_par_ink_prop\laboratory_measurement_L-Com\measurement_data\Kennfeld_v2 (21)_korrigiert.csv|Probe=10,2,0.8462561111111111,0.2666711111111111,18.188,36.376,36.376,939.82,0.0,1030.76,True,quality flags,0.6754327197809971,0.5715890667590674,35.80441093324093,1030.188410933241,1.765502291325876,3.4755206478013037,3.531004582651752,0.0,91.22797247822108,100.0,1005.1851885091907,1540.1027328652578,ok,-0.07018850919064334,0.7142671347421583
792,2026-09-08,09:15:45.384,45,10,90.94,939.82,0.0,0.0,0.0,0.0,0.0,100.0,1005.115,0.0007949599,0.003601074,1540.825,0.007912181,0.0378418,23.88946,0.002501846,1497.998,0.0005712235,6.8969,2.125382e-05,100,1,1,1,Kennfeld_v2 (21)_korrigiert.csv,C:\dev\masterarbeit\sim_par_ink_prop\laboratory_measurement_L-Com\measurement_data\Kennfeld_v2 (21)_korrigiert.csv,793,2026-08-09 09:15:45.384000+00:00,C:\dev\masterarbeit\sim_par_ink_prop\laboratory_measurement_L-Com\measurement_data\Kennfeld_v2 (21)_korrigiert.csv|Probe=10,2,0.87959,0.300005,18.188,36.376,36.376,939.82,0.0,1030.76,True,quality flags,0.6754327197809971,0.5941038659921672,35.78189613400783,1030.1658961340079,1.7655408772757544,3.4734110562473117,3.5310817545515087,0.0,91.22996631192542,100.0,1005.1851383181419,1540.1069529936512,ok,-0.07013831814185778,0.7180470063487974
793,2026-09-08,09:24:40.178,46,10,90.94,970.54,0.0,0.0,0.0,0.0,0.0,100.0,1004.872,0.001568811,0.00769043,1539.521,0.01183675,0.04943848,23.94018,0.006913573,1497.951,0.001087672,6.900408,3.089035e-05,100,1,1,1,Kennfeld_v2 (21)_korrigiert.csv,C:\dev\masterarbeit\sim_par_ink_prop\laboratory_measurement_L-Com\measurement_data\Kennfeld_v2 (21)_korrigiert.csv,794,2026-08-09 09:24:40.178000+00:00,C:\dev\masterarbeit\sim_par_ink_prop\laboratory_measurement_L-Com\measurement_data\Kennfeld_v2 (21)_korrigiert.csv|Probe=10,3,1.028143888888889,0.0,18.188,36.376,36.376,970.54,0.0,1061.48,True,quality flags,0.6754327197809971,0.6944420231984335,35.681557976801564,1060.7855579768016,1.7145783955325828,3.363691908179418,3.4291567910651657,0.0,91.49257290522283,100.0,1004.9398762408761,1538.8225603809342,ok,-0.06787624087610311,0.6984396190657662
794,2026-09-08,09:26:40.180,47,10,90.94,970.54,0.0,0.0,0.0,0.0,0.0,100.0,1004.872,0.001974427,0.007385254,1539.532,0.01165912,0.05212402,23.96412,0.005625834,1497.955,0.001348696,6.900386,3.145391e-05,100,1,1,1,Kennfeld_v2 (21)_korrigiert.csv,C:\dev\masterarbeit\sim_par_ink_prop\laboratory_measurement_L-Com\measurement_data\Kennfeld_v2 (21)_korrigiert.csv,795,2026-08-09 09:26:40.180000+00:00,C:\dev\masterarbeit\sim_par_ink_prop\laboratory_measurement_L-Com\measurement_data\Kennfeld_v2 (21)_korrigiert.csv|Probe=10,3,1.0614777777777777,0.033333888888888885,18.188,36.376,36.376,970.54,0.0,1061.48,True,quality flags,0.6754327197809971,0.7169568224315332,35.65904317756846,1060.7630431775685,1.7146147876265503,3.3616407930983363,3.4292295752531006,0.0,91.494514844022,100.0,1004.9362572862282,1538.8482226248286,ok,-0.06425728622821225,0.683777375171303
795,2026-09-08,09:28:40.181,48,10,90.94,970.54,0.0,0.0,0.0,0.0,0.0,100.0,1004.874,0.0006658025,0.003479004,1539.539,0.01045155,0.04870605,23.98089,0.004043078,1497.959,0.0007802668,6.900373,2.793082e-05,100,1,1,1,Kennfeld_v2 (21)_korrigiert.csv,C:\dev\masterarbeit\sim_par_ink_prop\laboratory_measurement_L-Com\measurement_data\Kennfeld_v2 (21)_korrigiert.csv,796,2026-08-09 09:28:40.181000+00:00,C:\dev\masterarbeit\sim_par_ink_prop\laboratory_measurement_L-Com\measurement_data\Kennfeld_v2 (21)_korrigiert.csv|Probe=10,3,1.0948113888888888,0.06666749999999999,18.188,36.376,36.376,970.54,0.0,1061.48,True,quality flags,0.6754327197809971,0.739471434044433,35.636528565955565,1060.7405285659556,1.7146511809621208,3.3595896080386,3.4293023619242415,0.0,91.49645684907503,100.0,1004.9348378209413,1538.8609913719783,ok,-0.060837820941287646,0.6780086280216437
796,2026-09-08,09:30:40.184,49,10,90.94,970.54,0.0,0.0,0.0,0.0,0.0,100.0,1004.874,0.0004875934,0.002746582,1539.546,0.01018288,0.04541016,23.99558,0.003502751,1497.962,0.0007093915,6.900357,2.695789e-05,100,1,1,1,Kennfeld_v2 (21)_korrigiert.csv,C:\dev\masterarbeit\sim_par_ink_prop\laboratory_measurement_L-Com\measurement_data\Kennfeld_v2 (21)_korrigiert.csv,797,2026-08-09 09:30:40.184000+00:00,C:\dev\masterarbeit\sim_par_ink_prop\laboratory_measurement_L-Com\measurement_data\Kennfeld_v2 (21)_korrigiert.csv|Probe=10,3,1.1281455555555555,0.10000166666666666,18.188,36.376,36.376,970.54,0.0,1061.48,True,quality flags,0.6754327197809971,0.7619864208977328,35.61401357910226,1060.7180135791023,1.7146875764492373,3.3575383017143765,3.4293751528984746,0.0,91.4983989689379,100.0,1004.9340570746601,1538.8700142739674,ok,-0.0600570746601079,0.6759857260326498
797,2026-09-08,09:32:40.186,50,10,90.94,970.54,0.0,0.0,0.0,0.0,0.0,100.0,1004.874,0.0006488796,0.002929688,1539.56,0.01148412,0.05236816,24.009,0.003371452,1497.965,0.0006985211,6.900323,3.046299e-05,100,1,1,1,Kennfeld_v2 (21)_korrigiert.csv,C:\dev\masterarbeit\sim_par_ink_prop\laboratory_measurement_L-Com\measurement_data\Kennfeld_v2 (21)_korrigiert.csv,798,2026-08-09 09:32:40.186000+00:00,C:\dev\masterarbeit\sim_par_ink_prop\laboratory_measurement_L-Com\measurement_data\Kennfeld_v2 (21)_korrigiert.csv|Probe=10,3,1.1614794444444445,0.13333555555555554,18.188,36.376,36.376,970.54,0.0,1061.48,True,quality flags,0.6754327197809971,0.7845012201308327,35.59149877986916,1060.6954987798692,1.714723973178153,3.3554869254004087,3.429447946356306,0.0,91.50034115506513,100.0,1004.9336665357853,1538.876749092206,ok,-0.05966653578525438,0.6832509077939903
798,2026-09-08,09:34:40.188,51,10,90.94,970.54,0.0,0.0,0.0,0.0,0.0,100.0,1004.873,0.0006955877,0.003662109,1539.567,0.01052657,0.04370117,24.02187,0.003792095,1497.967,0.0007271792,6.900307,2.797513e-05,100,1,1,1,Kennfeld_v2 (21)_korrigiert.csv,C:\dev\masterarbeit\sim_par_ink_prop\laboratory_measurement_L-Com\measurement_data\Kennfeld_v2 (21)_korrigiert.csv,799,2026-08-09 09:34:40.188000+00:00,C:\dev\masterarbeit\sim_par_ink_prop\laboratory_measurement_L-Com\measurement_data\Kennfeld_v2 (21)_korrigiert.csv|Probe=10,3,1.1948133333333335,0.16666944444444445,18.188,36.376,36.376,970.54,0.0,1061.48,True,quality flags,0.6754327197809971,0.8070160193639325,35.56898398063606,1060.672983980636,1.7147603714522484,3.353435461997722,3.4295207429044967,0.0,91.50228342364554,100.0,1004.9334454545549,1538.8824880820498,ok,-0.06044545455483785,0.6845119179502035
799,2026-09-08,09:36:40.190,52,10,90.94,970.54,0.0,0.0,0.0,0.0,0.0,100.0,1004.872,0.0006244379,0.002929688,1539.58,0.0115049,0.05310059,24.03554,0.003431386,1497.97,0.0006459354,6.900278,3.068762e-05,100,1,1,1,Kennfeld_v2 (21)_korrigiert.csv,C:\dev\masterarbeit\sim_par_ink_prop\laboratory_measurement_L-Com\measurement_data\Kennfeld_v2 (21)_korrigiert.csv,800,2026-08-09 09:36:40.190000+00:00,C:\dev\masterarbeit\sim_par_ink_prop\laboratory_measurement_L-Com\measurement_data\Kennfeld_v2 (21)_korrigiert.csv|Probe=10,3,1.2281472222222223,0.2000033333333333,18.188,36.376,36.376,970.54,0.0,1061.48,True,quality flags,0.6754327197809971,0.8295308185970321,35.54646918140296,1060.650469181403,1.7147967712716212,3.3513839115007693,3.4295935425432424,0.0,91.50422577468437,100.0,1004.9329799668159,1538.8896476194523,ok,-0.060979966815921216,0.6903523805476652
800,2026-09-08,09:38:40.192,53,10,90.94,970.54,0.0,0.0,0.0,0.0,0.0,100.0,1004.872,0.0006955495,0.003723145,1539.583,0.01021072,0.04663086,24.04659,0.002677064,1497.972,0.0005724803,6.90027,2.718264e-05,100,1,1,1,Kennfeld_v2 (21)_korrigiert.csv,C:\dev\masterarbeit\sim_par_ink_prop\laboratory_measurement_L-Com\measurement_data\Kennfeld_v2 (21)_korrigiert.csv,801,2026-08-09 09:38:40.192000+00:00,C:\dev\masterarbeit\sim_par_ink_prop\laboratory_measurement_L-Com\measurement_data\Kennfeld_v2 (21)_korrigiert.csv|Probe=10,3,1.2614811111111113,0.23333722222222222,18.188,36.376,36.376,970.54,0.0,1061.48,True,quality flags,0.6754327197809971,0.852045617830132,35.52395438216987,1060.62795438217,1.7148331726363704,3.3493322739040052,3.4296663452727407,0.0,91.50616820818688,100.0,1004.9333184511287,1538.8921111148431,ok,-0.06131845112872725,0.6908888851569372
801,2026-09-08,09:40:40.194,54,10,90.94,970.54,0.0,0.0,0.0,0.0,0.0,100.0,1004.871,0.0005616316,0.002807617,1539.596,0.009192992,0.04577637,24.05871,0.003315224,1497.974,0.0006572669,6.900241,2.445839e-05,100,1,1,1,Kennfeld_v2 (21)_korrigiert.csv,C:\dev\masterarbeit\sim_par_ink_prop\laboratory_measurement_L-Com\measurement_data\Kennfeld_v2 (21)_korrigiert.csv,802,2026-08-09 09:40:40.194000+00:00,C:\dev\masterarbeit\sim_par_ink_prop\laboratory_measurement_L-Com\measurement_data\Kennfeld_v2 (21)_korrigiert.csv|Probe=10,3,1.294815,0.2666711111111111,18.188,36.376,36.376,970.54,0.0,1061.48,True,quality flags,0.6754327197809971,0.8745604170632317,35.50143958293677,1060.6054395829367,1.7148695755465946,3.347280549201883,3.429739151093189,0.0,91.50811072415834,100.00000000000001,1004.9333297382226,1538.896479481652,ok,-0.06232973822261556,0.6995205183479811
802,2026-09-08,09:42:40.196,55,10,90.94,970.54,0.0,0.0,0.0,0.0,0.0,100.0,1004.871,0.0005154607,0.002502441,1539.61,0.009977781,0.04345703,24.0712,0.002829649,1497.977,0.0005671869,6.900205,2.661548e-05,100,1,1,1,Kennfeld_v2 (21)_korrigiert.csv,C:\dev\masterarbeit\sim_par_ink_prop\laboratory_measurement_L-Com\measurement_data\Kennfeld_v2 (21)_korrigiert.csv,803,2026-08-09 09:42:40.196000+00:00,C:\dev\masterarbeit\sim_par_ink_prop\laboratory_measurement_L-Com\measurement_data\Kennfeld_v2 (21)_korrigiert.csv|Probe=10,3,1.328148888888889,0.300005,18.188,36.376,36.376,970.54,0.0,1061.48,True,quality flags,0.6754327197809971,0.8970752162963316,35.47892478370367,1060.5829247837037,1.7149059800023914,3.345228737388854,3.4298119600047827,0.0,91.51005332260397,100.0,1004.9332284271604,1538.9014996090543,ok,-0.06222842716044852,0.7085003909455736
803,2026-09-08,09:51:40.599,56,10,90.94,1001.14,0.0,0.0,0.0,0.0,0.0,100.0,1004.617,0.004781529,0.02069092,1538.428,0.01663453,0.09216309,24.09981,0.003898903,1497.922,0.00145277,6.903386,4.529786e-05,100,0,1,0,Kennfeld_v2 (21)_korrigiert.csv,C:\dev\masterarbeit\sim_par_ink_prop\laboratory_measurement_L-Com\measurement_data\Kennfeld_v2 (21)_korrigiert.csv,804,2026-08-09 09:51:40.599000+00:00,C:\dev\masterarbeit\sim_par_ink_prop\laboratory_measurement_L-Com\measurement_data\Kennfeld_v2 (21)_korrigiert.csv|Probe=10,4,1.4782608333333331,0.0,18.188,36.376,36.376,1001.14,0.0,1092.08,False,not selected,0.6754327197809971,0.9984657352040563,35.37753426479594,1091.081534264796,1.6669698302845561,3.242428100355892,3.3339396605691123,0.0,91.75666240879045,100.0,1004.7101274325929,1537.6755001029526,ok,-0.09312743259295075,0.7524998970475281
804,2026-09-08,09:53:40.601,57,10,90.94,1001.14,0.0,0.0,0.0,0.0,0.0,100.0,1004.635,0.004395432,0.01696777,1538.405,0.01158088,0.06176758,24.11485,0.003352193,1497.93,0.001685527,6.903454,3.144697e-05,100,0,1,0,Kennfeld_v2 (21)_korrigiert.csv,C:\dev\masterarbeit\sim_par_ink_prop\laboratory_measurement_L-Com\measurement_data\Kennfeld_v2 (21)_korrigiert.csv,805,2026-08-09 09:53:40.601000+00:00,C:\dev\masterarbeit\sim_par_ink_prop\laboratory_measurement_L-Com\measurement_data\Kennfeld_v2 (21)_korrigiert.csv|Probe=10,4,1.5115947222222221,0.033333888888888885,18.188,36.376,36.376,1001.14,0.0,1092.08,False,not selected,0.6754327197809971,1.0209805344371563,35.35501946556284,1091.0590194655629,1.667004229423729,3.2404314372361736,3.334008458847458,0.0,91.75855587449264,100.0,1004.7091990224875,1537.68594461553,ok,-0.07419902248750532,0.7190553844700389
805,2026-09-08,09:55:40.603,58,10,90.94,1001.14,0.0,0.0,0.0,0.0,0.0,100.0,1004.642,0.0007682969,0.003601074,1538.395,0.008703792,0.04248047,24.12929,0.003627047,1497.934,0.0007996925,6.903483,2.328832e-05,100,1,1,1,Kennfeld_v2 (21)_korrigiert.csv,C:\dev\masterarbeit\sim_par_ink_prop\laboratory_measurement_L-Com\measurement_data\Kennfeld_v2 (21)_korrigiert.csv,806,2026-08-09 09:55:40.603000+00:00,C:\dev\masterarbeit\sim_par_ink_prop\laboratory_measurement_L-Com\measurement_data\Kennfeld_v2 (21)_korrigiert.csv|Probe=10,4,1.5449286111111111,0.06666777777777777,18.188,36.376,36.376,1001.14,0.0,1092.08,True,quality flags,0.6754327197809971,1.0434953336702562,35.33250466632974,1091.0365046663296,1.667038629982634,3.2384346917095534,3.334077259965268,0.0,91.76044941834256,100.00000000000001,1004.7084536333581,1537.6952893468315,ok,-0.06645363335803722,0.6997106531684949
806,2026-09-08,09:57:40.605,59,10,90.94,1001.14,0.0,0.0,0.0,0.0,0.0,100.0,1004.642,0.000718746,0.003967285,1538.404,0.009587591,0.04760742,24.1429,0.003297301,1497.937,0.0006499495,6.903464,2.573274e-05,100,1,1,1,Kennfeld_v2 (21)_korrigiert.csv,C:\dev\masterarbeit\sim_par_ink_prop\laboratory_measurement_L-Com\measurement_data\Kennfeld_v2 (21)_korrigiert.csv,807,2026-08-09 09:57:40.605000+00:00,C:\dev\masterarbeit\sim_par_ink_prop\laboratory_measurement_L-Com\measurement_data\Kennfeld_v2 (21)_korrigiert.csv|Probe=10,4,1.5782625,0.10000166666666666,18.188,36.376,36.376,1001.14,0.0,1092.08,True,quality flags,0.6754327197809971,1.0660101329033558,35.30998986709664,1091.0139898670966,1.667073031961359,3.2364378637709286,3.334146063922718,0.0,91.762343040345,100.0,1004.7079610770234,1537.7031209333818,ok,-0.065961077023303,0.7008790666181994
807,2026-09-08,09:59:40.607,60,10,90.94,1001.14,0.0,0.0,0.0,0.0,0.0,100.0,1004.642,0.0006663164,0.003601074,1538.404,0.01020825,0.06408691,24.15552,0.003012963,1497.939,0.000649208,6.903466,2.750514e-05,100,1,1,1,Kennfeld_v2 (21)_korrigiert.csv,C:\dev\masterarbeit\sim_par_ink_prop\laboratory_measurement_L-Com\measurement_data\Kennfeld_v2 (21)_korrigiert.csv,808,2026-08-09 09:59:40.607000+00:00,C:\dev\masterarbeit\sim_par_ink_prop\laboratory_measurement_L-Com\measurement_data\Kennfeld_v2 (21)_korrigiert.csv|Probe=10,4,1.611596388888889,0.13333555555555554,18.188,36.376,36.376,1001.14,0.0,1092.08,True,quality flags,0.6754327197809971,1.0885249321364556,35.28747506786354,1090.9914750678636,1.6671074353599913,3.234440953415198,3.3342148707199826,0.0,91.76423674050483,100.0,1004.7077698998072,1537.7091531678134,ok,-0.06576989980715098,0.694846832186613
808,2026-09-08,10:01:40.609,61,10,90.94,1001.14,0.0,0.0,0.0,0.0,0.0,100.0,1004.642,0.0005484852,0.002441406,1538.41,0.008561465,0.04833984,24.16658,0.002899632,1497.942,0.0005989392,6.903454,2.313696e-05,100,1,1,1,Kennfeld_v2 (21)_korrigiert.csv,C:\dev\masterarbeit\sim_par_ink_prop\laboratory_measurement_L-Com\measurement_data\Kennfeld_v2 (21)_korrigiert.csv,809,2026-08-09 10:01:40.609000+00:00,C:\dev\masterarbeit\sim_par_ink_prop\laboratory_measurement_L-Com\measurement_data\Kennfeld_v2 (21)_korrigiert.csv|Probe=10,4,1.6449302777777777,0.16666944444444445,18.188,36.376,36.376,1001.14,0.0,1092.08,True,quality flags,0.6754327197809971,1.1110397313695553,35.26496026863044,1090.9689602686303,1.6671418401786198,3.232443960637259,3.3342836803572395,0.0,91.7661305188269,100.00000000000001,1004.708053119419,1537.7123605750255,ok,-0.06605311941893888,0.6976394249745681
809,2026-09-08,10:03:40.611,62,10,90.94,1001.14,0.0,0.0,0.0,0.0,0.0,100.0,1004.642,0.000592854,0.003112793,1538.419,0.01150492,0.06225586,24.17856,0.003467769,1497.944,0.0006662737,6.903434,3.038159e-05,100,1,1,1,Kennfeld_v2 (21)_korrigiert.csv,C:\dev\masterarbeit\sim_par_ink_prop\laboratory_measurement_L-Com\measurement_data\Kennfeld_v2 (21)_korrigiert.csv,810,2026-08-09 10:03:40.611000+00:00,C:\dev\masterarbeit\sim_par_ink_prop\laboratory_measurement_L-Com\measurement_data\Kennfeld_v2 (21)_korrigiert.csv|Probe=10,4,1.6782641666666667,0.2000033333333333,18.188,36.376,36.376,1001.14,0.0,1092.08,True,quality flags,0.6754327197809971,1.1335545306026553,35.24244546939734,1090.9464454693973,1.6671762464173316,3.2304468854320074,3.3343524928346633,0.0,91.768024375316,100.0,1004.7080577564737,1537.7172191130933,ok,-0.06605775647369683,0.7017808869068176
810,2026-09-08,10:05:40.613,63,10,90.94,1001.14,0.0,0.0,0.0,0.0,0.0,100.0,1004.642,0.0005659822,0.002624512,1538.424,0.008594653,0.04223633,24.1911,0.003040243,1497.947,0.0005795876,6.903421,2.295654e-05,100,1,1,1,Kennfeld_v2 (21)_korrigiert.csv,C:\dev\masterarbeit\sim_par_ink_prop\laboratory_measurement_L-Com\measurement_data\Kennfeld_v2 (21)_korrigiert.csv,811,2026-08-09 10:05:40.613000+00:00,C:\dev\masterarbeit\sim_par_ink_prop\laboratory_measurement_L-Com\measurement_data\Kennfeld_v2 (21)_korrigiert.csv|Probe=10,4,1.7115980555555554,0.23333722222222222,18.188,36.376,36.376,1001.14,0.0,1092.08,True,quality flags,0.6754327197809971,1.156069329835755,35.219930670164246,1090.9239306701643,1.667210654076215,3.228449727794341,3.33442130815243,0.0,91.76991830997702,100.0,1004.7078931362053,1537.7230774847833,ok,-0.06589313620520443,0.7009225152166891
811,2026-09-08,10:07:40.615,64,10,90.94,1001.14,0.0,0.0,0.0,0.0,0.0,100.0,1004.641,0.0006467886,0.003295898,1538.433,0.008314102,0.04174805,24.20185,0.002885165,1497.949,0.0005747907,6.9034,2.21808e-05,100,1,1,1,Kennfeld_v2 (21)_korrigiert.csv,C:\dev\masterarbeit\sim_par_ink_prop\laboratory_measurement_L-Com\measurement_data\Kennfeld_v2 (21)_korrigiert.csv,812,2026-08-09 10:07:40.615000+00:00,C:\dev\masterarbeit\sim_par_ink_prop\laboratory_measurement_L-Com\measurement_data\Kennfeld_v2 (21)_korrigiert.csv|Probe=10,4,1.7449319444444444,0.2666711111111111,18.188,36.376,36.376,1001.14,0.0,1092.08,True,quality flags,0.6754327197809971,1.1785841290688548,35.197415870931145,1090.901415870931,1.6672450631553581,3.2264524877191554,3.3344901263107163,0.0,91.77181232281478,100.00000000000001,1004.7082726691301,1537.7257009993987,ok,-0.06727266913014773,0.7072990006013242
812,2026-09-08,10:09:40.617,65,10,90.94,1001.14,0.0,0.0,0.0,0.0,0.0,100.0,1004.641,0.000637639,0.002868652,1538.44,0.007717277,0.04138184,24.21254,0.002627226,1497.951,0.0005337853,6.903387,2.04055e-05,100,1,1,1,Kennfeld_v2 (21)_korrigiert.csv,C:\dev\masterarbeit\sim_par_ink_prop\laboratory_measurement_L-Com\measurement_data\Kennfeld_v2 (21)_korrigiert.csv,813,2026-08-09 10:09:40.617000+00:00,C:\dev\masterarbeit\sim_par_ink_prop\laboratory_measurement_L-Com\measurement_data\Kennfeld_v2 (21)_korrigiert.csv|Probe=10,4,1.7782658333333332,0.300005,18.188,36.376,36.376,1001.14,0.0,1092.08,True,quality flags,0.6754327197809971,1.2010989283019544,35.174901071698045,1090.878901071698,1.6672794736548482,3.224455165201346,3.3345589473096964,0.0,91.7737064138341,100.0,1004.7086711315047,1537.7282091367715,ok,-0.06767113150476689,0.7117908632285435
813,2026-09-08,10:20:38.018,66,10,90.94,1001.14,0.0,18.04,0.0,0.0,0.0,100.0,1005.756,0.001661374,0.006774902,1548.099,0.01450988,0.06872559,24.51627,0.002222373,1498.282,0.0004161817,6.877677,3.806189e-05,100,1,1,1,Kennfeld_v2 (21)_korrigiert.csv,C:\dev\masterarbeit\sim_par_ink_prop\laboratory_measurement_L-Com\measurement_data\Kennfeld_v2 (21)_korrigiert.csv,814,2026-08-09 10:20:38.018000+00:00,C:\dev\masterarbeit\sim_par_ink_prop\laboratory_measurement_L-Com\measurement_data\Kennfeld_v2 (21)_korrigiert.csv|Probe=10,5,1.9608772222222224,0.0,18.188,36.376,54.416,1001.14,0.0,1110.12,True,quality flags,0.6754327197809971,1.3244406353621623,35.05155936463783,1108.7955593646377,1.6403384597267048,3.161228331823685,4.907667562375653,0.0,90.29076564607396,100.0,1006.0997233642963,1545.171293538874,ok,-0.343723364296352,2.9277064611260357
814,2026-09-08,10:22:38.020,67,10,90.94,1001.14,0.0,18.04,0.0,0.0,0.0,100.0,1005.761,0.002672932,0.009765625,1548.059,0.01371795,0.06469727,24.50889,0.001360909,1498.281,0.0003424216,6.877782,3.616269e-05,100,1,1,1,Kennfeld_v2 (21)_korrigiert.csv,C:\dev\masterarbeit\sim_par_ink_prop\laboratory_measurement_L-Com\measurement_data\Kennfeld_v2 (21)_korrigiert.csv,815,2026-08-09 10:22:38.020000+00:00,C:\dev\masterarbeit\sim_par_ink_prop\laboratory_measurement_L-Com\measurement_data\Kennfeld_v2 (21)_korrigiert.csv|Probe=10,5,1.9942111111111112,0.033333888888888885,18.188,36.376,54.416,1001.14,0.0,1110.12,True,quality flags,0.6754327197809971,1.346955434595262,35.02904456540474,1108.7730445654047,1.640371768519046,3.1592619190282303,4.90776721771126,0.0,90.29259909474146,100.0,1006.1057113349168,1545.143785047488,ok,-0.3447113349168376,2.9152149525118602
815,2026-09-08,10:24:38.022,68,10,90.94,1001.14,0.0,18.04,0.0,0.0,0.0,100.0,1005.769,0.001502416,0.00604248,1548.024,0.01051039,0.04992676,24.50285,0.001848238,1498.282,0.0001078235,6.877874,2.758109e-05,100,1,1,1,Kennfeld_v2 (21)_korrigiert.csv,C:\dev\masterarbeit\sim_par_ink_prop\laboratory_measurement_L-Com\measurement_data\Kennfeld_v2 (21)_korrigiert.csv,816,2026-08-09 10:24:38.022000+00:00,C:\dev\masterarbeit\sim_par_ink_prop\laboratory_measurement_L-Com\measurement_data\Kennfeld_v2 (21)_korrigiert.csv|Probe=10,5,2.027545,0.06666777777777777,18.188,36.376,54.416,1001.14,0.0,1110.12,True,quality flags,0.6754327197809971,1.3694702338283615,35.00652976617164,1108.7505297661714,1.6404050786641549,3.157295426371007,4.907866877094164,0.0,90.2944326178707,100.00000000000003,1006.11125551193,1545.1182342923555,ok,-0.3422555119300341,2.9057657076443775
816,2026-09-08,10:26:38.024,69,10,90.94,1001.14,0.0,18.04,0.0,0.0,0.0,100.0,1005.774,0.001417346,0.005187988,1547.992,0.01154411,0.06152344,24.49612,0.0018457,1498.282,0.0001355325,6.877956,3.027917e-05,100,1,1,1,Kennfeld_v2 (21)_korrigiert.csv,C:\dev\masterarbeit\sim_par_ink_prop\laboratory_measurement_L-Com\measurement_data\Kennfeld_v2 (21)_korrigiert.csv,817,2026-08-09 10:26:38.024000+00:00,C:\dev\masterarbeit\sim_par_ink_prop\laboratory_measurement_L-Com\measurement_data\Kennfeld_v2 (21)_korrigiert.csv|Probe=10,5,2.060878888888889,0.10000166666666666,18.188,36.376,54.416,1001.14,0.0,1110.12,True,quality flags,0.6754327197809971,1.3919850330614616,34.98401496693854,1108.7280149669384,1.6404383901621133,3.1553288538471485,4.907966540524607,0.0,90.29626621546615,100.00000000000001,1006.1170285334047,1545.0916639295574,ok,-0.343028533404663,2.900336070442563
817,2026-09-08,10:28:38.026,70,10,90.94,1001.14,0.0,18.04,0.0,0.0,0.0,100.0,1005.778,0.0009021006,0.003967285,1547.969,0.01006951,0.05163574,24.49153,0.00150093,1498.282,7.257122e-05,6.878016,2.648765e-05,100,1,1,1,Kennfeld_v2 (21)_korrigiert.csv,C:\dev\masterarbeit\sim_par_ink_prop\laboratory_measurement_L-Com\measurement_data\Kennfeld_v2 (21)_korrigiert.csv,818,2026-08-09 10:28:38.026000+00:00,C:\dev\masterarbeit\sim_par_ink_prop\laboratory_measurement_L-Com\measurement_data\Kennfeld_v2 (21)_korrigiert.csv|Probe=10,5,2.094212777777778,0.13333555555555554,18.188,36.376,54.416,1001.14,0.0,1110.12,True,quality flags,0.6754327197809971,1.4144998322945614,34.96150016770544,1108.7055001677054,1.6404717030130038,3.1533622014517904,4.908066208002838,0.0,90.29809988753237,100.0,1006.1220927620423,1545.0682295401027,ok,-0.34409276204223715,2.9007704598973305
818,2026-09-08,10:30:38.028,71,10,90.94,1001.14,0.0,18.04,0.0,0.0,0.0,100.0,1005.782,0.001324128,0.005310059,1547.947,0.01075061,0.05090332,24.48736,0.001194589,1498.282,6.578265e-05,6.878073,2.834009e-05,100,1,1,1,Kennfeld_v2 (21)_korrigiert.csv,C:\dev\masterarbeit\sim_par_ink_prop\laboratory_measurement_L-Com\measurement_data\Kennfeld_v2 (21)_korrigiert.csv,819,2026-08-09 10:30:38.028000+00:00,C:\dev\masterarbeit\sim_par_ink_prop\laboratory_measurement_L-Com\measurement_data\Kennfeld_v2 (21)_korrigiert.csv|Probe=10,5,2.1275466666666665,0.16666944444444445,18.188,36.376,54.416,1001.14,0.0,1110.12,True,quality flags,0.6754327197809971,1.4370146315276608,34.93898536847234,1108.6829853684721,1.6405050172169093,3.1513954691800667,4.908165879529104,0.0,90.29993363407394,100.00000000000001,1006.1270181124313,1545.0454077970512,ok,-0.3450181124312621,2.9015922029486774
819,2026-09-08,10:32:38.030,72,10,90.94,1001.14,0.0,18.04,0.0,0.0,0.0,100.0,1005.786,0.0008201206,0.004150391,1547.927,0.0119613,0.0501709,24.48418,0.001027452,1498.282,6.450027e-05,6.878125,3.160619e-05,100,1,1,1,Kennfeld_v2 (21)_korrigiert.csv,C:\dev\masterarbeit\sim_par_ink_prop\laboratory_measurement_L-Com\measurement_data\Kennfeld_v2 (21)_korrigiert.csv,820,2026-08-09 10:32:38.030000+00:00,C:\dev\masterarbeit\sim_par_ink_prop\laboratory_measurement_L-Com\measurement_data\Kennfeld_v2 (21)_korrigiert.csv|Probe=10,5,2.1608805555555555,0.2000033333333333,18.188,36.376,54.416,1001.14,0.0,1110.12,True,quality flags,0.6754327197809971,1.4595294307607607,34.91647056923924,1108.6604705692391,1.6405383327739118,3.149428657027111,4.908265555103649,0.0,90.30176745509534,100.00000000000001,1006.1316157669345,1545.0240373391064,ok,-0.345615766934543,2.902962660893536
820,2026-09-08,10:34:38.032,73,10,90.94,1001.14,0.0,18.04,0.0,0.0,0.0,100.0,1005.789,0.001057284,0.004211426,1547.909,0.008703499,0.05212402,24.48128,0.0007170994,1498.282,0.0001088724,6.878172,2.301641e-05,100,1,1,1,Kennfeld_v2 (21)_korrigiert.csv,C:\dev\masterarbeit\sim_par_ink_prop\laboratory_measurement_L-Com\measurement_data\Kennfeld_v2 (21)_korrigiert.csv,821,2026-08-09 10:34:38.032000+00:00,C:\dev\masterarbeit\sim_par_ink_prop\laboratory_measurement_L-Com\measurement_data\Kennfeld_v2 (21)_korrigiert.csv|Probe=10,5,2.1942144444444445,0.23333722222222222,18.188,36.376,54.416,1001.14,0.0,1110.12,True,quality flags,0.6754327197809971,1.4820442299938605,34.89395577000614,1108.637955770006,1.6405716496840934,3.147461764988056,4.908365234726722,0.0,90.30360135060113,100.0,1006.1361209674034,1545.0030756749095,ok,-0.3471209674033844,2.9059243250906093
821,2026-09-08,10:36:38.034,74,10,90.94,1001.14,0.0,18.04,0.0,0.0,0.0,100.0,1005.792,0.001157429,0.005310059,1547.891,0.01039635,0.04931641,24.47925,0.0007566768,1498.282,0.000107481,6.878221,2.747125e-05,100,1,1,1,Kennfeld_v2 (21)_korrigiert.csv,C:\dev\masterarbeit\sim_par_ink_prop\laboratory_measurement_L-Com\measurement_data\Kennfeld_v2 (21)_korrigiert.csv,822,2026-08-09 10:36:38.034000+00:00,C:\dev\masterarbeit\sim_par_ink_prop\laboratory_measurement_L-Com\measurement_data\Kennfeld_v2 (21)_korrigiert.csv|Probe=10,5,2.2275483333333335,0.2666711111111111,18.188,36.376,54.416,1001.14,0.0,1110.12,True,quality flags,0.6754327197809971,1.5045590292269604,34.87144097077304,1108.6154409707729,1.6406049679475374,3.1454947930580355,4.90846491839857,0.0,90.30543532059588,100.00000000000001,1006.1403382797997,1544.9833910248374,ok,-0.348338279799691,2.9076089751627023
822,2026-09-08,10:38:38.036,75,10,90.94,1001.14,0.0,18.04,0.0,0.0,0.0,100.0,1005.796,0.0008137602,0.003295898,1547.873,0.008470072,0.03771973,24.47732,0.0005101053,1498.283,0.0001675856,6.878267,2.240566e-05,100,1,1,1,Kennfeld_v2 (21)_korrigiert.csv,C:\dev\masterarbeit\sim_par_ink_prop\laboratory_measurement_L-Com\measurement_data\Kennfeld_v2 (21)_korrigiert.csv,823,2026-08-09 10:38:38.036000+00:00,C:\dev\masterarbeit\sim_par_ink_prop\laboratory_measurement_L-Com\measurement_data\Kennfeld_v2 (21)_korrigiert.csv|Probe=10,5,2.2608822222222225,0.300005,18.188,36.376,54.416,1001.14,0.0,1110.12,True,quality flags,0.6754327197809971,1.5270738284600602,34.84892617153994,1108.5929261715398,1.6406382875643255,3.1435277412321803,4.9085646061194375,0.0,90.30726936508407,100.00000000000001,1006.14452279885,1544.9638516188922,ok,-0.3485227988498991,2.909148381107798
823,2026-09-08,10:40:38.038,76,10,90.94,1001.14,0.0,18.04,0.0,0.0,0.0,100.0,1005.798,0.0006910035,0.003356934,1547.861,0.007469789,0.0480957,24.47757,0.0005813315,1498.283,0.0002157971,6.878299,1.988762e-05,100,1,1,1,Kennfeld_v2 (21)_korrigiert.csv,C:\dev\masterarbeit\sim_par_ink_prop\laboratory_measurement_L-Com\measurement_data\Kennfeld_v2 (21)_korrigiert.csv,824,2026-08-09 10:40:38.038000+00:00,C:\dev\masterarbeit\sim_par_ink_prop\laboratory_measurement_L-Com\measurement_data\Kennfeld_v2 (21)_korrigiert.csv|Probe=10,5,2.294216111111111,0.3333388888888889,18.188,36.376,54.416,1001.14,0.0,1110.12,True,quality flags,0.6754327197809971,1.5495886276931599,34.826411372306836,1108.5704113723068,1.6406716085345405,3.1415606095056234,4.908664297889573,0.0,90.30910348407026,100.0,1006.1479855546783,1544.9475183792802,ok,-0.34998555467825554,2.913481620719949
824,2026-09-08,10:42:38.040,77,10,90.94,1001.14,0.0,18.04,0.0,0.0,0.0,100.0,1005.799,0.0007381727,0.003234863,1547.852,0.00726128,0.03796387,24.47887,0.0006986989,1498.284,0.0002161873,6.878324,1.932073e-05,100,1,1,1,Kennfeld_v2 (21)_korrigiert.csv,C:\dev\masterarbeit\sim_par_ink_prop\laboratory_measurement_L-Com\measurement_data\Kennfeld_v2 (21)_korrigiert.csv,825,2026-08-09 10:42:38.040000+00:00,C:\dev\masterarbeit\sim_par_ink_prop\laboratory_measurement_L-Com\measurement_data\Kennfeld_v2 (21)_korrigiert.csv|Probe=10,5,2.32755,0.36667277777777774,18.188,36.376,54.416,1001.14,0.0,1110.12,True,quality flags,0.6754327197809971,1.5721034269262597,34.803896573073736,1108.5478965730736,1.640704930858265,3.1395933978734964,4.908763993709223,0.0,90.31093767755902,100.00000000000001,1006.1511009123974,1544.9327298583262,ok,-0.35210091239741814,2.9192701416739055
825,2026-09-08,10:44:38.042,78,10,90.94,1001.14,0.0,18.04,0.0,0.0,0.0,100.0,1005.801,0.0007462291,0.003662109,1547.846,0.007093905,0.03515625,24.48141,0.0009006938,1498.285,0.0002523264,6.878339,1.886813e-05,100,1,1,1,Kennfeld_v2 (21)_korrigiert.csv,C:\dev\masterarbeit\sim_par_ink_prop\laboratory_measurement_L-Com\measurement_data\Kennfeld_v2 (21)_korrigiert.csv,826,2026-08-09 10:44:38.042000+00:00,C:\dev\masterarbeit\sim_par_ink_prop\laboratory_measurement_L-Com\measurement_data\Kennfeld_v2 (21)_korrigiert.csv|Probe=10,5,2.360883888888889,0.4000066666666666,18.188,36.376,54.416,1001.14,0.0,1110.12,True,quality flags,0.6754327197809971,1.5946182261593596,34.781381773840636,1108.5253817738405,1.6407382545355813,3.1376261063309303,4.908863693578633,0.0,90.31277194555486,100.0,1006.1538059804838,1544.9197660352622,ok,-0.3528059804837085,2.9262339647377758
826,2026-09-08,10:46:38.044,79,10,90.94,1001.14,0.0,18.04,0.0,0.0,0.0,100.0,1005.803,0.0006888273,0.003479004,1547.842,0.00713665,0.03234863,24.48477,0.0009349198,1498.286,0.0002735084,6.878352,1.896622e-05,100,1,1,1,Kennfeld_v2 (21)_korrigiert.csv,C:\dev\masterarbeit\sim_par_ink_prop\laboratory_measurement_L-Com\measurement_data\Kennfeld_v2 (21)_korrigiert.csv,827,2026-08-09 10:46:38.044000+00:00,C:\dev\masterarbeit\sim_par_ink_prop\laboratory_measurement_L-Com\measurement_data\Kennfeld_v2 (21)_korrigiert.csv|Probe=10,5,2.3942177777777776,0.43334055555555556,18.188,36.376,54.416,1001.14,0.0,1110.12,True,quality flags,0.6754327197809971,1.6171330253924592,34.758866974607535,1108.5028669746075,1.6407715795665716,3.1356587348730565,4.908963397498051,0.0,90.31460628806232,100.0,1006.1562399089565,1544.9080089264428,ok,-0.3532399089565388,2.9339910735573085
827,2026-09-08,10:48:38.046,80,10,90.94,1001.14,0.0,18.04,0.0,0.0,0.0,100.0,1005.805,0.001023826,0.005004883,1547.84,0.009425508,0.046875,24.48762,0.0007609297,1498.287,0.0002253505,6.878358,2.500177e-05,100,1,1,1,Kennfeld_v2 (21)_korrigiert.csv,C:\dev\masterarbeit\sim_par_ink_prop\laboratory_measurement_L-Com\measurement_data\Kennfeld_v2 (21)_korrigiert.csv,828,2026-08-09 10:48:38.046000+00:00,C:\dev\masterarbeit\sim_par_ink_prop\laboratory_measurement_L-Com\measurement_data\Kennfeld_v2 (21)_korrigiert.csv|Probe=10,5,2.4275516666666666,0.46667444444444445,18.188,36.376,54.416,1001.14,0.0,1110.12,True,quality flags,0.6754327197809971,1.639647824625559,34.736352175374435,1108.4803521753743,1.640804905951319,3.133691283495005,4.909063105467724,0.0,90.31644070508597,100.00000000000001,1006.1588432083178,1544.895501357102,ok,-0.35384320831781224,2.9444986428979973
828,2026-09-08,10:50:38.048,81,10,90.94,1001.14,0.0,18.04,0.0,0.0,0.0,100.0,1005.806,0.0009839329,0.003967285,1547.834,0.00805192,0.03869629,24.49111,0.001308163,1498.288,0.0003144072,6.878374,2.134836e-05,100,1,1,1,Kennfeld_v2 (21)_korrigiert.csv,C:\dev\masterarbeit\sim_par_ink_prop\laboratory_measurement_L-Com\measurement_data\Kennfeld_v2 (21)_korrigiert.csv,829,2026-08-09 10:50:38.048000+00:00,C:\dev\masterarbeit\sim_par_ink_prop\laboratory_measurement_L-Com\measurement_data\Kennfeld_v2 (21)_korrigiert.csv|Probe=10,5,2.4608855555555555,0.5000083333333333,18.188,36.376,54.416,1001.14,0.0,1110.12,True,quality flags,0.6754327197809971,1.6621626238586589,34.71383737614134,1108.4578373761412,1.6408382336899054,3.1317237521919057,4.909162817487898,0.0,90.3182751966303,100.0,1006.1612350075367,1544.8839355632356,ok,-0.35523500753663484,2.950064436764478
829,2026-09-08,10:52:38.050,82,10,90.94,1001.14,0.0,18.04,0.0,0.0,0.0,100.0,1005.806,0.0005928616,0.003112793,1547.836,0.00772314,0.03637695,24.49645,0.001477276,1498.289,0.0002956562,6.878371,2.045712e-05,100,1,1,1,Kennfeld_v2 (21)_korrigiert.csv,C:\dev\masterarbeit\sim_par_ink_prop\laboratory_measurement_L-Com\measurement_data\Kennfeld_v2 (21)_korrigiert.csv,830,2026-08-09 10:52:38.050000+00:00,C:\dev\masterarbeit\sim_par_ink_prop\laboratory_measurement_L-Com\measurement_data\Kennfeld_v2 (21)_korrigiert.csv|Probe=10,5,2.4942194444444445,0.5333422222222222,18.188,36.376,54.416,1001.14,0.0,1110.12,True,quality flags,0.6754327197809971,1.6846774230917587,34.69132257690824,1108.4353225769082,1.6408715627824135,3.1297561409588877,4.909262533558819,0.0,90.32010976269989,100.0,1006.1630146222383,1544.8750916442655,ok,-0.3570146222382391,2.9609083557345457
830,2026-09-08,10:54:38.052,83,10,90.94,1001.14,0.0,18.04,0.0,0.0,0.0,100.0,1005.807,0.0006770169,0.002990723,1547.834,0.008466571,0.03320313,24.50094,0.001168363,1498.291,0.0002757855,6.878377,2.252069e-05,100,1,1,1,Kennfeld_v2 (21)_korrigiert.csv,C:\dev\masterarbeit\sim_par_ink_prop\laboratory_measurement_L-Com\measurement_data\Kennfeld_v2 (21)_korrigiert.csv,831,2026-08-09 10:54:38.052000+00:00,C:\dev\masterarbeit\sim_par_ink_prop\laboratory_measurement_L-Com\measurement_data\Kennfeld_v2 (21)_korrigiert.csv|Probe=10,5,2.527553333333333,0.5666761111111112,18.188,36.376,54.416,1001.14,0.0,1110.12,True,quality flags,0.6754327197809971,1.7071922223248581,34.66880777767514,1108.412807777675,1.640904893228926,3.1277884497910815,4.909362253680737,0.0,90.32194440329927,100.00000000000001,1006.1650762290759,1544.8649967871406,ok,-0.3580762290758912,2.969003212859434
831,2026-09-08,12:16:20.427,84,10,110.9,1001.14,0.0,18.04,0.0,0.0,0.0,100.0,1007.687,0.002496538,0.01055908,1555.224,0.02492319,0.1116943,24.4028,0.01162409,1498.718,0.002388343,6.858828,6.285407e-05,100,0,1,0,Kennfeld_v2 (21)_korrigiert.csv,C:\dev\masterarbeit\sim_par_ink_prop\laboratory_measurement_L-Com\measurement_data\Kennfeld_v2 (21)_korrigiert.csv,832,2026-08-09 12:16:20.427000+00:00,C:\dev\masterarbeit\sim_par_ink_prop\laboratory_measurement_L-Com\measurement_data\Kennfeld_v2 (21)_korrigiert.csv|Probe=10,6,3.8893241666666665,0.0,22.180000000000003,44.36000000000001,62.400000000000006,1001.14,0.0,1130.08,False,not selected,0.6754327197809971,2.6269768000016263,41.73302319999838,1127.4530231999984,1.9672660007640517,3.7015310031764734,5.534598667613923,0.0,88.79660432844555,100.0,1007.876240465035,1552.384668768485,ok,-0.18924046503502723,2.8393312315149615
832,2026-09-08,12:18:20.429,85,10,110.9,1001.14,0.0,18.04,0.0,0.0,0.0,100.0,1007.686,0.002594629,0.01165771,1555.287,0.01471164,0.0838623,24.44316,0.007956819,1498.727,0.002126423,6.858675,3.769827e-05,100,0,1,0,Kennfeld_v2 (21)_korrigiert.csv,C:\dev\masterarbeit\sim_par_ink_prop\laboratory_measurement_L-Com\measurement_data\Kennfeld_v2 (21)_korrigiert.csv,833,2026-08-09 12:18:20.429000+00:00,C:\dev\masterarbeit\sim_par_ink_prop\laboratory_measurement_L-Com\measurement_data\Kennfeld_v2 (21)_korrigiert.csv|Probe=10,6,3.9226580555555555,0.033333888888888885,22.180000000000003,44.36000000000001,62.400000000000006,1001.14,0.0,1130.08,False,not selected,0.6754327197809971,2.649491599234726,41.71050840076528,1127.4305084007651,1.9673052870869918,3.6996079217273174,5.534709193608128,0.0,88.79837759757758,100.00000000000003,1007.865762054688,1552.4178060760116,ok,-0.17976205468801254,2.869193923988405
833,2026-09-08,12:20:20.431,86,10,110.9,1001.14,0.0,18.04,0.0,0.0,0.0,100.0,1007.691,0.00130409,0.004882812,1555.298,0.01350691,0.06860352,24.46103,0.002706378,1498.732,0.0008729159,6.858649,3.542773e-05,100,1,1,1,Kennfeld_v2 (21)_korrigiert.csv,C:\dev\masterarbeit\sim_par_ink_prop\laboratory_measurement_L-Com\measurement_data\Kennfeld_v2 (21)_korrigiert.csv,834,2026-08-09 12:20:20.431000+00:00,C:\dev\masterarbeit\sim_par_ink_prop\laboratory_measurement_L-Com\measurement_data\Kennfeld_v2 (21)_korrigiert.csv|Probe=10,6,3.9559919444444445,0.06666777777777777,22.180000000000003,44.36000000000001,62.400000000000006,1001.14,0.0,1130.08,True,quality flags,0.6754327197809971,2.672006398467826,41.68799360153218,1127.407993601532,1.9673445749790595,3.6976847634687133,5.534819724016831,0.0,88.8001509375354,100.00000000000001,1007.8630453084438,1552.4235480276102,ok,-0.17204530844378496,2.8744519723898065
834,2026-09-08,12:22:20.433,87,10,110.9,1001.14,0.0,18.04,0.0,0.0,0.0,100.0,1007.693,0.0009294435,0.004272461,1555.318,0.01662047,0.07373047,24.47352,0.004881882,1498.736,0.001288777,6.858602,4.30465e-05,100,1,1,1,Kennfeld_v2 (21)_korrigiert.csv,C:\dev\masterarbeit\sim_par_ink_prop\laboratory_measurement_L-Com\measurement_data\Kennfeld_v2 (21)_korrigiert.csv,835,2026-08-09 12:22:20.433000+00:00,C:\dev\masterarbeit\sim_par_ink_prop\laboratory_measurement_L-Com\measurement_data\Kennfeld_v2 (21)_korrigiert.csv|Probe=10,6,3.9893258333333335,0.10000166666666666,22.180000000000003,44.36000000000001,62.400000000000006,1001.14,0.0,1130.08,True,quality flags,0.6754327197809971,2.694521197700926,41.66547880229908,1127.385478802299,1.9673838644403492,3.695761528396059,5.534930258840297,0.0,88.8019243483233,100.0,1007.8621856788254,1552.42274652132,ok,-0.16918567882544266,2.8952534786799333
835,2026-09-08,12:24:20.435,88,10,110.9,1001.14,0.0,18.04,0.0,0.0,0.0,100.0,1007.692,0.001099197,0.004943848,1555.341,0.01360486,0.06665039,24.49259,0.003808172,1498.741,0.0007432045,6.858544,3.550649e-05,100,1,1,1,Kennfeld_v2 (21)_korrigiert.csv,C:\dev\masterarbeit\sim_par_ink_prop\laboratory_measurement_L-Com\measurement_data\Kennfeld_v2 (21)_korrigiert.csv,836,2026-08-09 12:24:20.435000+00:00,C:\dev\masterarbeit\sim_par_ink_prop\laboratory_measurement_L-Com\measurement_data\Kennfeld_v2 (21)_korrigiert.csv|Probe=10,6,4.0226597222222225,0.13333555555555554,22.180000000000003,44.36000000000001,62.400000000000006,1001.14,0.0,1130.08,True,quality flags,0.6754327197809971,2.7170359969340256,41.642964003065984,1127.3629640030658,1.967423155470955,3.693838216504754,5.535040798078791,0.0,88.80369782994552,100.00000000000001,1007.8590564106531,1552.4299202812567,ok,-0.16705641065311738,2.911079718743167
836,2026-09-08,12:26:20.437,89,10,110.9,1001.14,0.0,18.04,0.0,0.0,0.0,100.0,1007.703,0.005139541,0.01812744,1555.284,0.0319137,0.1242676,24.48056,0.01001813,1498.739,0.001362967,6.858692,8.145565e-05,100,0,1,0,Kennfeld_v2 (21)_korrigiert.csv,C:\dev\masterarbeit\sim_par_ink_prop\laboratory_measurement_L-Com\measurement_data\Kennfeld_v2 (21)_korrigiert.csv,837,2026-08-09 12:26:20.437000+00:00,C:\dev\masterarbeit\sim_par_ink_prop\laboratory_measurement_L-Com\measurement_data\Kennfeld_v2 (21)_korrigiert.csv|Probe=10,6,4.055993611111111,0.16666944444444445,22.180000000000003,44.36000000000001,62.400000000000006,1001.14,0.0,1130.08,False,not selected,0.6754327197809971,2.7395507961671255,41.620449203832884,1127.3404492038328,1.9674624480709706,3.6919148277901943,5.535151341732576,0.0,88.80547138240627,100.00000000000001,1007.8666579528149,1552.3993592345703,ok,-0.16365795281490136,2.884640765429822
837,2026-09-08,12:28:20.439,90,10,110.9,1001.14,0.0,18.04,0.0,0.0,0.0,100.0,1007.725,0.005680756,0.01916504,1555.172,0.03165984,0.1315918,24.4289,0.01457331,1498.733,0.001565331,6.858974,7.961228e-05,100,0,1,0,Kennfeld_v2 (21)_korrigiert.csv,C:\dev\masterarbeit\sim_par_ink_prop\laboratory_measurement_L-Com\measurement_data\Kennfeld_v2 (21)_korrigiert.csv,838,2026-08-09 12:28:20.439000+00:00,C:\dev\masterarbeit\sim_par_ink_prop\laboratory_measurement_L-Com\measurement_data\Kennfeld_v2 (21)_korrigiert.csv|Probe=10,6,4.0893275,0.2000033333333333,22.180000000000003,44.36000000000001,62.400000000000006,1001.14,0.0,1130.08,False,not selected,0.6754327197809971,2.762065595400225,41.59793440459978,1127.3179344045998,1.96750174224049,3.6899913622477762,5.5352618898019195,0.0,88.80724500570982,100.0,1007.8879319489149,1552.3205310653675,ok,-0.16293194891488838,2.8514689346325213
838,2026-09-08,12:30:20.441,91,10,110.9,1001.14,0.0,18.04,0.0,0.0,0.0,100.0,1007.744,0.004530842,0.01544189,1555.084,0.0250015,0.09741211,24.38162,0.01107703,1498.729,0.001075387,6.859191,6.316877e-05,100,0,1,0,Kennfeld_v2 (21)_korrigiert.csv,C:\dev\masterarbeit\sim_par_ink_prop\laboratory_measurement_L-Com\measurement_data\Kennfeld_v2 (21)_korrigiert.csv,839,2026-08-09 12:30:20.441000+00:00,C:\dev\masterarbeit\sim_par_ink_prop\laboratory_measurement_L-Com\measurement_data\Kennfeld_v2 (21)_korrigiert.csv|Probe=10,6,4.122661388888889,0.23333722222222222,22.180000000000003,44.36000000000001,62.400000000000006,1001.14,0.0,1130.08,False,not selected,0.6754327197809971,2.784580394633325,41.57541960536668,1127.2954196053665,1.9675410379796079,3.6880678198728987,5.535372442287084,0.0,88.80901869986043,100.00000000000003,1007.9076938542038,1552.246785167273,ok,-0.16369385420375693,2.8372148327271134
839,2026-09-08,12:32:20.443,92,10,110.9,1001.14,0.0,18.04,0.0,0.0,0.0,100.0,1007.761,0.005955856,0.0211792,1554.998,0.04303935,0.168335,24.34086,0.01349364,1498.724,0.00184432,6.859407,0.0001097949,100,0,1,0,Kennfeld_v2 (21)_korrigiert.csv,C:\dev\masterarbeit\sim_par_ink_prop\laboratory_measurement_L-Com\measurement_data\Kennfeld_v2 (21)_korrigiert.csv,840,2026-08-09 12:32:20.443000+00:00,C:\dev\masterarbeit\sim_par_ink_prop\laboratory_measurement_L-Com\measurement_data\Kennfeld_v2 (21)_korrigiert.csv|Probe=10,6,4.1559952777777776,0.2666711111111111,22.180000000000003,44.36000000000001,62.400000000000006,1001.14,0.0,1130.08,False,not selected,0.6754327197809971,2.8070951938664246,41.55290480613358,1127.2729048061335,1.9675803352884174,3.6861442006609555,5.535482999188334,0.0,88.8107924648623,100.00000000000001,1007.9252055947585,1552.180807567797,ok,-0.1642055947585277,2.817192432203001
840,2026-09-08,12:34:20.445,93,10,110.9,1001.14,0.0,18.04,0.0,0.0,0.0,100.0,1007.787,0.004217166,0.01647949,1554.864,0.02033354,0.09228516,24.27343,0.01329946,1498.716,0.0008850525,6.85974,5.081053e-05,100,0,1,0,Kennfeld_v2 (21)_korrigiert.csv,C:\dev\masterarbeit\sim_par_ink_prop\laboratory_measurement_L-Com\measurement_data\Kennfeld_v2 (21)_korrigiert.csv,841,2026-08-09 12:34:20.445000+00:00,C:\dev\masterarbeit\sim_par_ink_prop\laboratory_measurement_L-Com\measurement_data\Kennfeld_v2 (21)_korrigiert.csv|Probe=10,6,4.189329166666666,0.300005,22.180000000000003,44.36000000000001,62.400000000000006,1001.14,0.0,1130.08,False,not selected,0.6754327197809971,2.8296099930995244,41.53039000690048,1127.2503900069005,1.9676196341670131,3.6842205046073437,5.535593560505934,0.0,88.81256630071971,100.0,1007.9519167398596,1552.0817826999955,ok,-0.16491673985956368,2.782217300004504
841,2026-09-08,12:36:20.447,94,10,110.9,1001.14,0.0,18.04,0.0,0.0,0.0,100.0,1007.799,0.002867185,0.009643555,1554.819,0.01605735,0.06628418,24.24362,0.005646085,1498.715,0.000376264,6.85985,4.11795e-05,100,1,1,1,Kennfeld_v2 (21)_korrigiert.csv,C:\dev\masterarbeit\sim_par_ink_prop\laboratory_measurement_L-Com\measurement_data\Kennfeld_v2 (21)_korrigiert.csv,842,2026-08-09 12:36:20.447000+00:00,C:\dev\masterarbeit\sim_par_ink_prop\laboratory_measurement_L-Com\measurement_data\Kennfeld_v2 (21)_korrigiert.csv|Probe=10,6,4.2226630555555555,0.3333388888888889,22.180000000000003,44.36000000000001,62.400000000000006,1001.14,0.0,1130.08,True,quality flags,0.6754327197809971,2.8521247923326243,41.50787520766738,1127.2278752076672,1.9676589346154896,3.682296731707461,5.535704126240151,0.0,88.81434020743691,100.00000000000001,1007.9656494344473,1552.02888486246,ok,-0.16664943444732216,2.7901151375399422
842,2026-09-08,12:38:20.449,95,10,110.9,1001.14,0.0,18.04,0.0,0.0,0.0,100.0,1007.807,0.001999691,0.007446289,1554.786,0.01249069,0.05786133,24.2298,0.002599162,1498.714,0.0001056519,6.859932,3.257603e-05,100,1,1,1,Kennfeld_v2 (21)_korrigiert.csv,C:\dev\masterarbeit\sim_par_ink_prop\laboratory_measurement_L-Com\measurement_data\Kennfeld_v2 (21)_korrigiert.csv,843,2026-08-09 12:38:20.449000+00:00,C:\dev\masterarbeit\sim_par_ink_prop\laboratory_measurement_L-Com\measurement_data\Kennfeld_v2 (21)_korrigiert.csv|Probe=10,6,4.255996944444444,0.36667277777777774,22.180000000000003,44.36000000000001,62.400000000000006,1001.14,0.0,1130.08,True,quality flags,0.6754327197809971,2.874639591565724,41.48536040843428,1127.2053604084342,1.9676982366339397,3.6803728819566985,5.535814696391245,0.0,88.81611418501812,100.0,1007.973866139557,1551.995689601451,ok,-0.16686613955698704,2.7903103985490816
843,2026-09-08,12:47:38.886,96,10,110.9,1031.61,0.0,18.04,0.0,0.0,0.0,100.0,1007.559,0.007355459,0.02581787,1552.882,0.03091775,0.1152344,24.06548,0.01189539,1498.62,0.001307054,6.864902,7.851807e-05,100,0,1,0,Kennfeld_v2 (21)_korrigiert.csv,C:\dev\masterarbeit\sim_par_ink_prop\laboratory_measurement_L-Com\measurement_data\Kennfeld_v2 (21)_korrigiert.csv,844,2026-08-09 12:47:38.886000+00:00,C:\dev\masterarbeit\sim_par_ink_prop\laboratory_measurement_L-Com\measurement_data\Kennfeld_v2 (21)_korrigiert.csv|Probe=10,7,4.4111183333333335,0.0,22.180000000000003,44.36000000000001,62.400000000000006,1031.61,0.0,1160.55,False,not selected,0.6754327197809971,2.979413653159152,41.38058634684086,1157.5705863468409,1.9160818581264685,3.574778664464273,5.390599997614591,0.0,89.11853947979466,100.0,1007.7402281719096,1550.213021153757,ok,-0.1812281719096518,2.668978846243135
844,2026-09-08,12:49:38.888,97,10,110.9,1031.61,0.0,18.04,0.0,0.0,0.0,100.0,1007.578,0.006172505,0.02081299,1552.804,0.01818727,0.08459473,24.02723,0.006570662,1498.617,0.0006223071,6.8651,4.660867e-05,100,0,1,0,Kennfeld_v2 (21)_korrigiert.csv,C:\dev\masterarbeit\sim_par_ink_prop\laboratory_measurement_L-Com\measurement_data\Kennfeld_v2 (21)_korrigiert.csv,845,2026-08-09 12:49:38.888000+00:00,C:\dev\masterarbeit\sim_par_ink_prop\laboratory_measurement_L-Com\measurement_data\Kennfeld_v2 (21)_korrigiert.csv|Probe=10,7,4.444452222222222,0.033333888888888885,22.180000000000003,44.36000000000001,62.400000000000006,1031.61,0.0,1160.55,False,not selected,0.6754327197809971,3.0019284523922516,41.35807154760776,1157.5480715476076,1.9161191267284476,3.572903153154861,5.3907048470629,0.0,89.12027287305379,100.0,1007.7566750936815,1550.1467745618315,ok,-0.17867509368147694,2.6572254381685525
845,2026-09-08,12:51:38.890,98,10,110.9,1031.61,0.0,18.04,0.0,0.0,0.0,100.0,1007.597,0.003165307,0.01080322,1552.747,0.01868403,0.08557129,24.00785,0.004536771,1498.618,0.0003205703,6.865243,4.831769e-05,100,0,1,0,Kennfeld_v2 (21)_korrigiert.csv,C:\dev\masterarbeit\sim_par_ink_prop\laboratory_measurement_L-Com\measurement_data\Kennfeld_v2 (21)_korrigiert.csv,846,2026-08-09 12:51:38.890000+00:00,C:\dev\masterarbeit\sim_par_ink_prop\laboratory_measurement_L-Com\measurement_data\Kennfeld_v2 (21)_korrigiert.csv|Probe=10,7,4.4777861111111115,0.06666777777777777,22.180000000000003,44.36000000000001,62.400000000000006,1031.61,0.0,1160.55,False,not selected,0.6754327197809971,3.024443251625352,41.33555674837466,1157.5255567483746,1.9161563967802346,3.5710275688850532,5.39080970059002,0.0,89.1220063337447,100.0,1007.7666673066292,1550.1052963577683,ok,-0.16966730662920781,2.6417036422317324
846,2026-09-08,12:53:38.892,99,10,110.9,1031.61,0.0,18.04,0.0,0.0,0.0,100.0,1007.613,0.004630426,0.01721191,1552.665,0.02443831,0.1033936,23.97728,0.009730072,1498.615,0.001119476,6.865452,6.205185e-05,100,0,1,0,Kennfeld_v2 (21)_korrigiert.csv,C:\dev\masterarbeit\sim_par_ink_prop\laboratory_measurement_L-Com\measurement_data\Kennfeld_v2 (21)_korrigiert.csv,847,2026-08-09 12:53:38.892000+00:00,C:\dev\masterarbeit\sim_par_ink_prop\laboratory_measurement_L-Com\measurement_data\Kennfeld_v2 (21)_korrigiert.csv|Probe=10,7,4.51112,0.10000166666666666,22.180000000000003,44.36000000000001,62.400000000000006,1031.61,0.0,1160.55,False,not selected,0.6754327197809971,3.0469580508584513,41.31304194914156,1157.5030419491416,1.9161936682819145,3.569151911650593,5.390914558196188,0.0,89.12373986187129,99.99999999999999,1007.7804864718152,1550.0489776030042,ok,-0.16748647181509568,2.6160223969957315
847,2026-09-08,12:55:38.894,100,10,110.9,1031.61,0.0,18.04,0.0,0.0,0.0,100.0,1007.632,0.004622096,0.01611328,1552.564,0.02639043,0.1099854,23.93266,0.01165325,1498.61,0.001138199,6.865706,6.673689e-05,100,0,1,0,Kennfeld_v2 (21)_korrigiert.csv,C:\dev\masterarbeit\sim_par_ink_prop\laboratory_measurement_L-Com\measurement_data\Kennfeld_v2 (21)_korrigiert.csv,848,2026-08-09 12:55:38.894000+00:00,C:\dev\masterarbeit\sim_par_ink_prop\laboratory_measurement_L-Com\measurement_data\Kennfeld_v2 (21)_korrigiert.csv|Probe=10,7,4.544453888888889,0.13333555555555554,22.180000000000003,44.36000000000001,62.400000000000006,1031.61,0.0,1160.55,False,not selected,0.6754327197809971,3.069472850091551,41.290527149908456,1157.4805271499083,1.9162309412335725,3.567276181447225,5.391019419881646,0.0,89.12547345743755,100.0,1007.7991102770765,1549.9739272809995,ok,-0.16711027707651738,2.5900727190005455
848,2026-09-08,12:57:38.896,101,10,110.9,1031.61,0.0,18.04,0.0,0.0,0.0,100.0,1007.646,0.002993125,0.01086426,1552.5,0.01400005,0.07653809,23.89937,0.005438641,1498.607,0.0004070397,6.865865,3.600731e-05,100,0,1,0,Kennfeld_v2 (21)_korrigiert.csv,C:\dev\masterarbeit\sim_par_ink_prop\laboratory_measurement_L-Com\measurement_data\Kennfeld_v2 (21)_korrigiert.csv,849,2026-08-09 12:57:38.896000+00:00,C:\dev\masterarbeit\sim_par_ink_prop\laboratory_measurement_L-Com\measurement_data\Kennfeld_v2 (21)_korrigiert.csv|Probe=10,7,4.577787777777778,0.16666944444444445,22.180000000000003,44.36000000000001,62.400000000000006,1031.61,0.0,1160.55,False,not selected,0.6754327197809971,3.091987649324651,41.268012350675356,1157.4580123506753,1.9162682156352921,3.565400378270687,5.391124285646629,0.0,89.12720712044738,99.99999999999999,1007.8138585297578,1549.913751391517,ok,-0.16785852975783655,2.586248608482947
849,2026-09-08,12:59:38.899,102,10,110.9,1031.61,0.0,18.04,0.0,0.0,0.0,100.0,1007.656,0.002977563,0.01226807,1552.458,0.01965358,0.09838867,23.88029,0.005418549,1498.606,0.000615753,6.865972,5.06909e-05,100,0,1,0,Kennfeld_v2 (21)_korrigiert.csv,C:\dev\masterarbeit\sim_par_ink_prop\laboratory_measurement_L-Com\measurement_data\Kennfeld_v2 (21)_korrigiert.csv,850,2026-08-09 12:59:38.899000+00:00,C:\dev\masterarbeit\sim_par_ink_prop\laboratory_measurement_L-Com\measurement_data\Kennfeld_v2 (21)_korrigiert.csv|Probe=10,7,4.611121944444444,0.20000361111111112,22.180000000000003,44.36000000000001,62.400000000000006,1031.61,0.0,1160.55,False,not selected,0.6754327197809971,3.1145026361779506,41.245497363822054,1157.435497363822,1.9163054917977917,3.5635244864843787,5.391229156365293,0.0,89.12894086535253,100.0,1007.8237468108277,1549.8723915299433,ok,-0.16774681082779352,2.5856084700567408
850,2026-09-08,13:01:38.901,103,10,110.9,1031.61,0.0,18.04,0.0,0.0,0.0,100.0,1007.669,0.003690184,0.01293945,1552.381,0.01987645,0.0871582,23.8503,0.008332156,1498.603,0.0008330638,6.866168,5.050539e-05,100,0,1,0,Kennfeld_v2 (21)_korrigiert.csv,C:\dev\masterarbeit\sim_par_ink_prop\laboratory_measurement_L-Com\measurement_data\Kennfeld_v2 (21)_korrigiert.csv,851,2026-08-09 13:01:38.901000+00:00,C:\dev\masterarbeit\sim_par_ink_prop\laboratory_measurement_L-Com\measurement_data\Kennfeld_v2 (21)_korrigiert.csv|Probe=10,7,4.644455833333334,0.2333375,22.180000000000003,44.36000000000001,62.400000000000006,1031.61,0.0,1160.55,False,not selected,0.6754327197809971,3.137017435411051,41.22298256458895,1157.412982564589,1.9163427690999015,3.561648537348122,5.391334030290075,0.0,89.1306746632619,100.0,1007.8373656970414,1549.8164324064817,ok,-0.16836569704139492,2.5645675935184045
851,2026-09-08,13:03:38.903,104,10,110.9,1031.61,0.0,18.04,0.0,0.0,0.0,100.0,1007.68,0.002998449,0.01141357,1552.335,0.01863819,0.09472656,23.82781,0.005594242,1498.601,0.0005945808,6.866282,4.797129e-05,100,0,1,0,Kennfeld_v2 (21)_korrigiert.csv,C:\dev\masterarbeit\sim_par_ink_prop\laboratory_measurement_L-Com\measurement_data\Kennfeld_v2 (21)_korrigiert.csv,852,2026-08-09 13:03:38.903000+00:00,C:\dev\masterarbeit\sim_par_ink_prop\laboratory_measurement_L-Com\measurement_data\Kennfeld_v2 (21)_korrigiert.csv|Probe=10,7,4.677789722222222,0.2666713888888889,22.180000000000003,44.36000000000001,62.400000000000006,1031.61,0.0,1160.55,False,not selected,0.6754327197809971,3.1595322346441503,41.20046776535585,1157.3904677653559,1.9163800478523276,3.5597725152259203,5.391438908295096,0.0,89.13240852862664,99.99999999999999,1007.8484195140276,1549.7704051290877,ok,-0.1684195140276188,2.5645948709122877
852,2026-09-08,13:05:38.905,105,10,110.9,1031.61,0.0,18.04,0.0,0.0,0.0,100.0,1007.696,0.00436284,0.01538086,1552.249,0.03195453,0.1108398,23.79166,0.01148049,1498.596,0.001310359,6.866499,8.14539e-05,100,0,1,0,Kennfeld_v2 (21)_korrigiert.csv,C:\dev\masterarbeit\sim_par_ink_prop\laboratory_measurement_L-Com\measurement_data\Kennfeld_v2 (21)_korrigiert.csv,853,2026-08-09 13:05:38.905000+00:00,C:\dev\masterarbeit\sim_par_ink_prop\laboratory_measurement_L-Com\measurement_data\Kennfeld_v2 (21)_korrigiert.csv|Probe=10,7,4.711123611111111,0.3000052777777778,22.180000000000003,44.36000000000001,62.400000000000006,1031.61,0.0,1160.55,False,not selected,0.6754327197809971,3.1820470338772497,41.17795296612276,1157.3679529661226,1.9164173280551544,3.557896420113516,5.391543790380597,0.0,89.13414246145074,100.0,1007.8641439192952,1549.706021481187,ok,-0.1681439192951757,2.5429785188130154
853,2026-09-08,13:07:38.907,106,10,110.9,1031.61,0.0,18.04,0.0,0.0,0.0,100.0,1007.713,0.003906101,0.01275635,1552.161,0.02100158,0.08935547,23.75025,0.009019195,1498.592,0.0008831602,6.86672,5.334277e-05,100,0,1,0,Kennfeld_v2 (21)_korrigiert.csv,C:\dev\masterarbeit\sim_par_ink_prop\laboratory_measurement_L-Com\measurement_data\Kennfeld_v2 (21)_korrigiert.csv,854,2026-08-09 13:07:38.907000+00:00,C:\dev\masterarbeit\sim_par_ink_prop\laboratory_measurement_L-Com\measurement_data\Kennfeld_v2 (21)_korrigiert.csv|Probe=10,7,4.744457499999999,0.33333916666666663,22.180000000000003,44.36000000000001,62.400000000000006,1031.61,0.0,1160.55,False,not selected,0.6754327197809971,3.2045618331103496,41.15543816688966,1157.3454381668896,1.9164546097084665,3.5560202520066473,5.391648676546812,0.0,89.13587646173806,99.99999999999999,1007.8816662295391,1549.6344362192312,ok,-0.16866622953909882,2.526563780768811
854,2026-09-08,13:09:38.909,107,10,110.9,1031.61,0.0,18.04,0.0,0.0,0.0,100.0,1007.724,0.0019669,0.008361816,1552.111,0.01448311,0.06420898,23.72339,0.004643277,1498.59,0.0002538459,6.866845,3.757728e-05,100,1,1,1,Kennfeld_v2 (21)_korrigiert.csv,C:\dev\masterarbeit\sim_par_ink_prop\laboratory_measurement_L-Com\measurement_data\Kennfeld_v2 (21)_korrigiert.csv,855,2026-08-09 13:09:38.909000+00:00,C:\dev\masterarbeit\sim_par_ink_prop\laboratory_measurement_L-Com\measurement_data\Kennfeld_v2 (21)_korrigiert.csv|Probe=10,7,4.777791388888889,0.3666730555555555,22.180000000000003,44.36000000000001,62.400000000000006,1031.61,0.0,1160.55,True,quality flags,0.6754327197809971,3.2270766323434494,41.13292336765656,1157.3229233676566,1.9164918928123482,3.554144010901054,5.391753566793982,0.0,89.1376105294926,99.99999999999999,1007.8942130009453,1549.5822792461438,ok,-0.1702130009452958,2.5287207538563052
855,2026-09-08,13:11:38.911,108,10,110.9,1031.61,0.0,18.04,0.0,0.0,0.0,100.0,1007.734,0.002932566,0.009643555,1552.061,0.02376736,0.0892334,23.70341,0.007065597,1498.588,0.0008303029,6.866971,6.106313e-05,100,1,1,1,Kennfeld_v2 (21)_korrigiert.csv,C:\dev\masterarbeit\sim_par_ink_prop\laboratory_measurement_L-Com\measurement_data\Kennfeld_v2 (21)_korrigiert.csv,856,2026-08-09 13:11:38.911000+00:00,C:\dev\masterarbeit\sim_par_ink_prop\laboratory_measurement_L-Com\measurement_data\Kennfeld_v2 (21)_korrigiert.csv|Probe=10,7,4.811125277777777,0.40000694444444446,22.180000000000003,44.36000000000001,62.400000000000006,1031.61,0.0,1160.55,True,quality flags,0.6754327197809971,3.2495914315765493,41.11040856842346,1157.3004085684233,1.916529177366885,3.5522676967924776,5.391858461122346,0.0,89.1393446647183,100.0,1007.9044071493988,1549.5393224880195,ok,-0.17040714939878399,2.5216775119804424
856,2026-09-08,13:13:38.913,109,10,110.9,1031.61,0.0,18.04,0.0,0.0,0.0,100.0,1007.747,0.003186566,0.01159668,1551.995,0.0197343,0.08544922,23.67518,0.007357145,1498.585,0.0007511816,6.867138,5.037979e-05,100,0,1,0,Kennfeld_v2 (21)_korrigiert.csv,C:\dev\masterarbeit\sim_par_ink_prop\laboratory_measurement_L-Com\measurement_data\Kennfeld_v2 (21)_korrigiert.csv,857,2026-08-09 13:13:38.913000+00:00,C:\dev\masterarbeit\sim_par_ink_prop\laboratory_measurement_L-Com\measurement_data\Kennfeld_v2 (21)_korrigiert.csv|Probe=10,7,4.844459166666667,0.43334083333333334,22.180000000000003,44.36000000000001,62.400000000000006,1031.61,0.0,1160.55,False,not selected,0.6754327197809971,3.272106230809649,41.08789376919036,1157.2778937691903,1.9165664633721609,3.5503913096766544,5.391963359532139,0.0,89.14107886741904,100.0,1007.9174216524104,1549.485174426418,ok,-0.17042165241048224,2.509825573581793
857,2026-09-08,13:15:38.915,110,10,110.9,1031.61,0.0,18.04,0.0,0.0,0.0,100.0,1007.763,0.004329712,0.01513672,1551.909,0.02754284,0.1236572,23.63852,0.01016838,1498.581,0.001135005,6.867354,7.033685e-05,100,0,1,0,Kennfeld_v2 (21)_korrigiert.csv,C:\dev\masterarbeit\sim_par_ink_prop\laboratory_measurement_L-Com\measurement_data\Kennfeld_v2 (21)_korrigiert.csv,858,2026-08-09 13:15:38.915000+00:00,C:\dev\masterarbeit\sim_par_ink_prop\laboratory_measurement_L-Com\measurement_data\Kennfeld_v2 (21)_korrigiert.csv|Probe=10,7,4.877793055555555,0.4666747222222222,22.180000000000003,44.36000000000001,62.400000000000006,1031.61,0.0,1160.55,False,not selected,0.6754327197809971,3.294621030042749,41.06537896995726,1157.2553789699573,1.9166037508282607,3.5485148495493255,5.3920682620236,0.0,89.1428131375988,99.99999999999997,1007.9333177280847,1549.4195252576976,ok,-0.17031772808468304,2.489474742302491
858,2026-09-08,13:17:38.917,111,10,110.9,1031.61,0.0,18.04,0.0,0.0,0.0,100.0,1007.781,0.004344657,0.01538086,1551.808,0.02579185,0.1075439,23.59256,0.01165625,1498.575,0.00121538,6.86761,6.528912e-05,100,0,1,0,Kennfeld_v2 (21)_korrigiert.csv,C:\dev\masterarbeit\sim_par_ink_prop\laboratory_measurement_L-Com\measurement_data\Kennfeld_v2 (21)_korrigiert.csv,859,2026-08-09 13:17:38.917000+00:00,C:\dev\masterarbeit\sim_par_ink_prop\laboratory_measurement_L-Com\measurement_data\Kennfeld_v2 (21)_korrigiert.csv|Probe=10,7,4.911126944444445,0.5000086111111111,22.180000000000003,44.36000000000001,62.400000000000006,1031.61,0.0,1160.55,False,not selected,0.6754327197809971,3.317135829275849,41.04286417072416,1157.232864170724,1.9166410397352696,3.54663831640623,5.392173168596971,0.0,89.14454747526153,100.0,1007.9523924671945,1549.3411080966478,ok,-0.1713924671945506,2.4668919033522343
859,2026-09-08,13:19:38.919,112,10,110.9,1031.61,0.0,18.04,0.0,0.0,0.0,100.0,1007.793,0.002258813,0.008361816,1551.754,0.01608412,0.06933594,23.5603,0.005176151,1498.572,0.0003506546,6.867743,4.149359e-05,100,1,1,1,Kennfeld_v2 (21)_korrigiert.csv,C:\dev\masterarbeit\sim_par_ink_prop\laboratory_measurement_L-Com\measurement_data\Kennfeld_v2 (21)_korrigiert.csv,860,2026-08-09 13:19:38.919000+00:00,C:\dev\masterarbeit\sim_par_ink_prop\laboratory_measurement_L-Com\measurement_data\Kennfeld_v2 (21)_korrigiert.csv|Probe=10,7,4.944460833333333,0.5333424999999999,22.180000000000003,44.36000000000001,62.400000000000006,1031.61,0.0,1160.55,True,quality flags,0.6754327197809971,3.3396506285089487,41.02034937149106,1157.210349371491,1.9166783300932713,3.5447617102431033,5.392278079252486,0.0,89.14628188041114,100.0,1007.9667830600896,1549.281146361466,ok,-0.17378306008959044,2.472853638533934
860,2026-09-08,13:21:38.921,113,10,110.9,1031.61,0.0,18.04,0.0,0.0,0.0,100.0,1007.801,0.001631857,0.006652832,1551.717,0.01190024,0.06054687,23.54484,0.00225849,1498.572,0.0001551666,6.867836,3.111984e-05,100,1,1,1,Kennfeld_v2 (21)_korrigiert.csv,C:\dev\masterarbeit\sim_par_ink_prop\laboratory_measurement_L-Com\measurement_data\Kennfeld_v2 (21)_korrigiert.csv,861,2026-08-09 13:21:38.921000+00:00,C:\dev\masterarbeit\sim_par_ink_prop\laboratory_measurement_L-Com\measurement_data\Kennfeld_v2 (21)_korrigiert.csv|Probe=10,7,4.977794722222223,0.5666763888888889,22.180000000000003,44.36000000000001,62.400000000000006,1031.61,0.0,1160.55,True,quality flags,0.6754327197809971,3.3621654277420485,40.99783457225796,1157.187834572258,1.9167156219023511,3.542885031055686,5.392382993990383,0.0,89.14801635305156,99.99999999999997,1007.9754303556274,1549.2439895217124,ok,-0.17443035562735076,2.4730104782877333
861,2026-09-08,13:23:38.923,114,10,110.9,1031.61,0.0,18.04,0.0,0.0,0.0,100.0,1007.808,0.003079869,0.0112915,1551.682,0.01563784,0.07580566,23.53471,0.004861895,1498.571,0.0006598723,6.867927,4.036057e-05,100,0,1,0,Kennfeld_v2 (21)_korrigiert.csv,C:\dev\masterarbeit\sim_par_ink_prop\laboratory_measurement_L-Com\measurement_data\Kennfeld_v2 (21)_korrigiert.csv,862,2026-08-09 13:23:38.923000+00:00,C:\dev\masterarbeit\sim_par_ink_prop\laboratory_measurement_L-Com\measurement_data\Kennfeld_v2 (21)_korrigiert.csv|Probe=10,7,5.01112861111111,0.6000102777777777,22.180000000000003,44.36000000000001,62.400000000000006,1031.61,0.0,1160.55,False,not selected,0.6754327197809971,3.3846802269751475,40.97531977302486,1157.1653197730247,1.916752915162594,3.541008278839714,5.392487912810904,0.0,89.14975089318679,100.0,1007.9822556768381,1549.2140747589694,ok,-0.17425567683812915,2.4679252410305708
862,2026-09-08,13:25:38.925,115,10,110.9,1031.61,0.0,18.04,0.0,0.0,0.0,100.0,1007.821,0.002498377,0.009033203,1551.615,0.01434313,0.07275391,23.50863,0.005448057,1498.568,0.0003501907,6.868095,3.692613e-05,100,1,1,1,Kennfeld_v2 (21)_korrigiert.csv,C:\dev\masterarbeit\sim_par_ink_prop\laboratory_measurement_L-Com\measurement_data\Kennfeld_v2 (21)_korrigiert.csv,863,2026-08-09 13:25:38.925000+00:00,C:\dev\masterarbeit\sim_par_ink_prop\laboratory_measurement_L-Com\measurement_data\Kennfeld_v2 (21)_korrigiert.csv|Probe=10,7,5.0444625,0.6333441666666667,22.180000000000003,44.36000000000001,62.400000000000006,1031.61,0.0,1160.55,True,quality flags,0.6754327197809971,3.4071950262082478,40.95280497379176,1157.1428049737917,1.9167902098740839,3.539131453590925,5.392592835714285,0.0,89.1514855008207,100.0,1007.994532885085,1549.162353159338,ok,-0.17353288508502374,2.452646840662055
863,2026-09-08,13:27:38.927,116,10,110.9,1031.61,0.0,18.04,0.0,0.0,0.0,100.0,1007.83,0.00233685,0.009216309,1551.579,0.02039733,0.105957,23.49104,0.0042499,1498.567,0.000372414,6.868186,5.305309e-05,100,1,1,1,Kennfeld_v2 (21)_korrigiert.csv,C:\dev\masterarbeit\sim_par_ink_prop\laboratory_measurement_L-Com\measurement_data\Kennfeld_v2 (21)_korrigiert.csv,864,2026-08-09 13:27:38.927000+00:00,C:\dev\masterarbeit\sim_par_ink_prop\laboratory_measurement_L-Com\measurement_data\Kennfeld_v2 (21)_korrigiert.csv|Probe=10,7,5.077796388888888,0.6666780555555556,22.180000000000003,44.36000000000001,62.400000000000006,1031.61,0.0,1160.55,True,quality flags,0.6754327197809971,3.429709825441347,40.93029017455866,1157.1202901745587,1.916827506036906,3.537254555305056,5.392697762700763,0.0,89.15322017595726,99.99999999999999,1008.003907913829,1549.122179655773,ok,-0.17390791382899806,2.456820344227026
864,2026-09-08,13:29:38.929,117,10,110.9,1031.61,0.0,18.04,0.0,0.0,0.0,100.0,1007.842,0.003590473,0.01220703,1551.51,0.02482638,0.1070557,23.46628,0.008244645,1498.564,0.0009800849,6.868361,6.363343e-05,100,0,1,0,Kennfeld_v2 (21)_korrigiert.csv,C:\dev\masterarbeit\sim_par_ink_prop\laboratory_measurement_L-Com\measurement_data\Kennfeld_v2 (21)_korrigiert.csv,865,2026-08-09 13:29:38.929000+00:00,C:\dev\masterarbeit\sim_par_ink_prop\laboratory_measurement_L-Com\measurement_data\Kennfeld_v2 (21)_korrigiert.csv|Probe=10,7,5.111130277777778,0.7000119444444445,22.180000000000003,44.36000000000001,62.400000000000006,1031.61,0.0,1160.55,False,not selected,0.6754327197809971,3.4522246246744475,40.907775375325556,1157.0977753753255,1.9168648036511455,3.5353775839778434,5.39280269377058,0.0,89.15495491860042,100.0,1008.0157333877788,1549.0721401617934,ok,-0.17373338777883873,2.4378598382065775
865,2026-09-08,13:31:38.931,118,10,110.9,1031.61,0.0,18.04,0.0,0.0,0.0,100.0,1007.854,0.002502575,0.008300781,1551.451,0.01597072,0.06677246,23.4381,0.005542918,1498.562,0.0003060155,6.868511,4.111325e-05,100,1,1,1,Kennfeld_v2 (21)_korrigiert.csv,C:\dev\masterarbeit\sim_par_ink_prop\laboratory_measurement_L-Com\measurement_data\Kennfeld_v2 (21)_korrigiert.csv,866,2026-08-09 13:31:38.931000+00:00,C:\dev\masterarbeit\sim_par_ink_prop\laboratory_measurement_L-Com\measurement_data\Kennfeld_v2 (21)_korrigiert.csv|Probe=10,7,5.144464166666666,0.7333458333333334,22.180000000000003,44.36000000000001,62.400000000000006,1031.61,0.0,1160.55,True,quality flags,0.6754327197809971,3.474739423907547,40.88526057609246,1157.0752605760924,1.916902102716886,3.533500539605024,5.392907628923972,0.0,89.15668972875412,100.0,1008.0287273987208,1549.0173355182772,ok,-0.17472739872073362,2.4336644817228716
866,2026-09-08,13:33:38.933,119,10,110.9,1031.61,0.0,18.04,0.0,0.0,0.0,100.0,1007.861,0.002165376,0.00793457,1551.427,0.0121991,0.05981445,23.42466,0.002458363,1498.561,0.0001194781,6.868569,3.200608e-05,100,1,1,1,Kennfeld_v2 (21)_korrigiert.csv,C:\dev\masterarbeit\sim_par_ink_prop\laboratory_measurement_L-Com\measurement_data\Kennfeld_v2 (21)_korrigiert.csv,867,2026-08-09 13:33:38.933000+00:00,C:\dev\masterarbeit\sim_par_ink_prop\laboratory_measurement_L-Com\measurement_data\Kennfeld_v2 (21)_korrigiert.csv|Probe=10,7,5.177798055555556,0.7666797222222222,22.180000000000003,44.36000000000001,62.400000000000006,1031.61,0.0,1160.55,True,quality flags,0.6754327197809971,3.497254223140647,40.862745776859356,1157.0527457768594,1.916939403234213,3.5316234221823315,5.3930125681611765,0.0,89.15842460642226,99.99999999999997,1008.0366835313532,1548.9827231448771,ok,-0.17568353135322923,2.44427685512278
867,2026-09-08,13:35:38.935,120,10,110.9,1031.61,0.0,18.04,0.0,0.0,0.0,100.0,1007.866,0.0008637959,0.003540039,1551.412,0.01251585,0.05041504,23.41946,0.0008523087,1498.562,0.000475576,6.868607,3.307733e-05,100,1,1,1,Kennfeld_v2 (21)_korrigiert.csv,C:\dev\masterarbeit\sim_par_ink_prop\laboratory_measurement_L-Com\measurement_data\Kennfeld_v2 (21)_korrigiert.csv,868,2026-08-09 13:35:38.935000+00:00,C:\dev\masterarbeit\sim_par_ink_prop\laboratory_measurement_L-Com\measurement_data\Kennfeld_v2 (21)_korrigiert.csv|Probe=10,7,5.211131944444444,0.8000136111111111,22.180000000000003,44.36000000000001,62.400000000000006,1031.61,0.0,1160.55,True,quality flags,0.6754327197809971,3.5197690223737466,40.84023097762626,1157.0302309776262,1.9169767052032114,3.5297462317055053,5.393117511482434,0.0,89.16015955160884,100.0,1008.0418236819108,1548.959425373167,ok,-0.17582368191085607,2.452574626832984
868,2026-09-08,13:37:38.937,121,10,110.9,1031.61,0.0,18.04,0.0,0.0,0.0,100.0,1007.873,0.003170636,0.01116943,1551.368,0.01281683,0.05786133,23.41085,0.005010855,1498.561,0.0006039544,6.868721,3.302091e-05,100,0,1,0,Kennfeld_v2 (21)_korrigiert.csv,C:\dev\masterarbeit\sim_par_ink_prop\laboratory_measurement_L-Com\measurement_data\Kennfeld_v2 (21)_korrigiert.csv,869,2026-08-09 13:37:38.937000+00:00,C:\dev\masterarbeit\sim_par_ink_prop\laboratory_measurement_L-Com\measurement_data\Kennfeld_v2 (21)_korrigiert.csv|Probe=10,7,5.244465833333334,0.8333475,22.180000000000003,44.36000000000001,62.400000000000006,1031.61,0.0,1160.55,False,not selected,0.6754327197809971,3.542283821606847,40.81771617839316,1157.0077161783931,1.9170140086239653,3.5278689681702766,5.393222458887982,0.0,89.16189456431776,99.99999999999999,1008.0481293232308,1548.9314262572732,ok,-0.17512932323074892,2.4365737427267504
869,2026-09-08,13:39:38.939,122,10,110.9,1031.61,0.0,18.04,0.0,0.0,0.0,100.0,1007.882,0.001800181,0.006958008,1551.329,0.01474606,0.06433105,23.3938,0.003220058,1498.56,0.000134008,6.86882,3.854955e-05,100,1,1,1,Kennfeld_v2 (21)_korrigiert.csv,C:\dev\masterarbeit\sim_par_ink_prop\laboratory_measurement_L-Com\measurement_data\Kennfeld_v2 (21)_korrigiert.csv,870,2026-08-09 13:39:38.939000+00:00,C:\dev\masterarbeit\sim_par_ink_prop\laboratory_measurement_L-Com\measurement_data\Kennfeld_v2 (21)_korrigiert.csv|Probe=10,7,5.277799722222222,0.8666813888888889,22.180000000000003,44.36000000000001,62.400000000000006,1031.61,0.0,1160.55,True,quality flags,0.6754327197809971,3.5647986208399463,40.79520137916006,1156.9852013791601,1.9170513134965597,3.5259916315723823,5.393327410378057,0.0,89.16362964455298,99.99999999999999,1008.0573191629245,1548.8917820985896,ok,-0.17531916292455207,2.4372179014103494
870,2026-09-08,13:41:38.941,123,10,110.9,1031.61,0.0,18.04,0.0,0.0,0.0,100.0,1007.89,0.00237551,0.00793457,1551.283,0.01492915,0.078125,23.37852,0.00452005,1498.558,0.000428653,6.868937,3.856314e-05,100,1,1,1,Kennfeld_v2 (21)_korrigiert.csv,C:\dev\masterarbeit\sim_par_ink_prop\laboratory_measurement_L-Com\measurement_data\Kennfeld_v2 (21)_korrigiert.csv,871,2026-08-09 13:41:38.941000+00:00,C:\dev\masterarbeit\sim_par_ink_prop\laboratory_measurement_L-Com\measurement_data\Kennfeld_v2 (21)_korrigiert.csv|Probe=10,7,5.311133611111111,0.9000152777777777,22.180000000000003,44.36000000000001,62.400000000000006,1031.61,0.0,1160.55,True,quality flags,0.6754327197809971,3.587313420073046,40.77268657992696,1156.9626865799269,1.9170886198210797,3.5241142219075576,5.393432365952902,0.0,89.16536479231846,100.0,1008.0659040736475,1548.8545447716608,ok,-0.1759040736475299,2.4284552283390894
871,2026-09-08,13:43:38.943,124,10,110.9,1031.61,0.0,18.04,0.0,0.0,0.0,100.0,1007.898,0.002061837,0.0078125,1551.255,0.01811796,0.0723877,23.36444,0.003947319,1498.557,0.0002608873,6.869007,4.707873e-05,100,1,1,1,Kennfeld_v2 (21)_korrigiert.csv,C:\dev\masterarbeit\sim_par_ink_prop\laboratory_measurement_L-Com\measurement_data\Kennfeld_v2 (21)_korrigiert.csv,872,2026-08-09 13:43:38.943000+00:00,C:\dev\masterarbeit\sim_par_ink_prop\laboratory_measurement_L-Com\measurement_data\Kennfeld_v2 (21)_korrigiert.csv|Probe=10,7,5.3444674999999995,0.9333491666666666,22.180000000000003,44.36000000000001,62.400000000000006,1031.61,0.0,1160.55,True,quality flags,0.6754327197809971,3.6098282193061455,40.75017178069386,1156.9401717806938,1.9171259275976096,3.5222367391715346,5.393537325612751,0.0,89.16710000761809,99.99999999999999,1008.0740788879837,1548.818935175795,ok,-0.17607888798363547,2.4360648242050047
872,2026-09-08,13:45:38.945,125,10,110.9,1031.61,0.0,18.04,0.0,0.0,0.0,100.0,1007.908,0.003675765,0.01226807,1551.192,0.01902578,0.08435059,23.34352,0.007798027,1498.555,0.001017531,6.869167,4.856892e-05,100,0,1,0,Kennfeld_v2 (21)_korrigiert.csv,C:\dev\masterarbeit\sim_par_ink_prop\laboratory_measurement_L-Com\measurement_data\Kennfeld_v2 (21)_korrigiert.csv,873,2026-08-09 13:45:38.945000+00:00,C:\dev\masterarbeit\sim_par_ink_prop\laboratory_measurement_L-Com\measurement_data\Kennfeld_v2 (21)_korrigiert.csv|Probe=10,7,5.377801388888889,0.9666830555555556,22.180000000000003,44.36000000000001,62.400000000000006,1031.61,0.0,1160.55,False,not selected,0.6754327197809971,3.632343018539246,40.72765698146076,1156.9176569814606,1.9171632368262346,3.520359183360049,5.393642289357847,0.0,89.16883529045587,100.0,1008.0845907509411,1548.773836659703,ok,-0.17659075094104537,2.418163340297042
873,2026-09-08,13:47:38.947,126,10,110.9,1031.61,0.0,18.04,0.0,0.0,0.0,100.0,1007.917,0.001877334,0.007141113,1551.152,0.01457788,0.06494141,23.32232,0.003646801,1498.554,0.0002530144,6.869268,3.792818e-05,100,1,1,1,Kennfeld_v2 (21)_korrigiert.csv,C:\dev\masterarbeit\sim_par_ink_prop\laboratory_measurement_L-Com\measurement_data\Kennfeld_v2 (21)_korrigiert.csv,874,2026-08-09 13:47:38.947000+00:00,C:\dev\masterarbeit\sim_par_ink_prop\laboratory_measurement_L-Com\measurement_data\Kennfeld_v2 (21)_korrigiert.csv|Probe=10,7,5.4111352777777775,1.0000169444444444,22.180000000000003,44.36000000000001,62.400000000000006,1031.61,0.0,1160.55,True,quality flags,0.6754327197809971,3.654857817772345,40.70514218222766,1156.8951421822276,1.917200547507039,3.5184815544688335,5.393747257188423,0.0,89.1705706408357,100.0,1008.0951980702802,1548.7282995285718,ok,-0.17819807028013201,2.4237004714282193
874,2026-09-08,13:49:38.949,127,10,110.9,1031.61,0.0,18.04,0.0,0.0,0.0,100.0,1007.923,0.001666791,0.00592041,1551.129,0.01166119,0.05493164,23.31227,0.002180051,1498.553,0.0001195725,6.869326,3.055048e-05,100,1,1,1,Kennfeld_v2 (21)_korrigiert.csv,C:\dev\masterarbeit\sim_par_ink_prop\laboratory_measurement_L-Com\measurement_data\Kennfeld_v2 (21)_korrigiert.csv,875,2026-08-09 13:49:38.949000+00:00,C:\dev\masterarbeit\sim_par_ink_prop\laboratory_measurement_L-Com\measurement_data\Kennfeld_v2 (21)_korrigiert.csv|Probe=10,7,5.444469166666667,1.0333508333333334,22.180000000000003,44.36000000000001,62.400000000000006,1031.61,0.0,1160.55,True,quality flags,0.6754327197809971,3.6773726170054455,40.68262738299456,1156.8726273829946,1.9172378596401078,3.516603852493621,5.393852229104722,0.0,89.17230605876154,99.99999999999999,1008.1019957381296,1548.6981793770162,ok,-0.178995738129629,2.430820622983674
875,2026-09-08,13:51:38.951,128,10,110.9,1031.61,0.0,18.04,0.0,0.0,0.0,100.0,1007.929,0.002528159,0.008117676,1551.1,0.01510089,0.06555176,23.30358,0.003561073,1498.553,0.0004761374,6.869401,3.929183e-05,100,1,1,1,Kennfeld_v2 (21)_korrigiert.csv,C:\dev\masterarbeit\sim_par_ink_prop\laboratory_measurement_L-Com\measurement_data\Kennfeld_v2 (21)_korrigiert.csv,876,2026-08-09 13:51:38.951000+00:00,C:\dev\masterarbeit\sim_par_ink_prop\laboratory_measurement_L-Com\measurement_data\Kennfeld_v2 (21)_korrigiert.csv|Probe=10,7,5.4778030555555555,1.0666847222222222,22.180000000000003,44.36000000000001,62.400000000000006,1031.61,0.0,1160.55,True,quality flags,0.6754327197809971,3.699887416238545,40.66011258376146,1156.8501125837613,1.9172751732255262,3.514726077430146,5.393957205106981,0.0,89.17404154423735,100.0,1008.1083288433844,1548.6699309158178,ok,-0.1793288433843827,2.4300690841821506
876,2026-09-08,13:53:38.953,129,10,110.9,1031.61,0.0,18.04,0.0,0.0,0.0,100.0,1007.94,0.002972993,0.01123047,1551.04,0.01998295,0.08935547,23.28218,0.006346618,1498.55,0.000795171,6.869555,5.147675e-05,100,0,1,0,Kennfeld_v2 (21)_korrigiert.csv,C:\dev\masterarbeit\sim_par_ink_prop\laboratory_measurement_L-Com\measurement_data\Kennfeld_v2 (21)_korrigiert.csv,877,2026-08-09 13:53:38.953000+00:00,C:\dev\masterarbeit\sim_par_ink_prop\laboratory_measurement_L-Com\measurement_data\Kennfeld_v2 (21)_korrigiert.csv|Probe=10,7,5.511136944444445,1.1000186111111112,22.180000000000003,44.36000000000001,62.400000000000006,1031.61,0.0,1160.55,False,not selected,0.6754327197809971,3.722402215471645,40.63759778452836,1156.8275977845283,1.9173124882633783,3.512848229274139,5.394062185195438,0.0,89.17577709726704,100.0,1008.1190041413905,1548.6240094446105,ok,-0.1790041413904646,2.4159905553894987
877,2026-09-08,13:55:38.955,130,10,110.9,1031.61,0.0,18.04,0.0,0.0,0.0,100.0,1007.949,0.001398283,0.00592041,1550.999,0.01722123,0.07922363,23.26336,0.002989869,1498.549,0.0005039051,6.869656,4.5047e-05,100,1,1,1,Kennfeld_v2 (21)_korrigiert.csv,C:\dev\masterarbeit\sim_par_ink_prop\laboratory_measurement_L-Com\measurement_data\Kennfeld_v2 (21)_korrigiert.csv,878,2026-08-09 13:55:38.955000+00:00,C:\dev\masterarbeit\sim_par_ink_prop\laboratory_measurement_L-Com\measurement_data\Kennfeld_v2 (21)_korrigiert.csv|Probe=10,7,5.5444708333333335,1.1333525,22.180000000000003,44.36000000000001,62.400000000000006,1031.61,0.0,1160.55,True,quality flags,0.6754327197809971,3.7449170147047446,40.61508298529526,1156.8050829852953,1.9173498047537492,3.510970308021333,5.394167169370331,0.0,89.17751271785457,99.99999999999999,1008.1287978516946,1548.581626756859,ok,-0.17979785169461593,2.417373243141128
878,2026-09-08,13:57:38.957,131,10,110.9,1031.61,0.0,18.04,0.0,0.0,0.0,100.0,1007.953,0.002861909,0.0111084,1550.97,0.01827881,0.07971191,23.26375,0.006796887,1498.55,0.0008256236,6.869735,4.667602e-05,100,0,1,0,Kennfeld_v2 (21)_korrigiert.csv,C:\dev\masterarbeit\sim_par_ink_prop\laboratory_measurement_L-Com\measurement_data\Kennfeld_v2 (21)_korrigiert.csv,879,2026-08-09 13:57:38.957000+00:00,C:\dev\masterarbeit\sim_par_ink_prop\laboratory_measurement_L-Com\measurement_data\Kennfeld_v2 (21)_korrigiert.csv|Probe=10,7,5.577804722222223,1.1666863888888888,22.180000000000003,44.36000000000001,62.400000000000006,1031.61,0.0,1160.55,False,not selected,0.6754327197809971,3.767431813937845,40.59256818606216,1156.782568186062,1.917387122696724,3.509092313667461,5.394272157631901,0.0,89.17924840600392,100.0,1008.132029228538,1548.5659597844303,ok,-0.17902922853807013,2.404040215569694
879,2026-09-08,13:59:38.959,132,10,110.9,1031.61,0.0,18.04,0.0,0.0,0.0,100.0,1007.96,0.001574351,0.00579834,1550.934,0.009898854,0.04907227,23.24613,0.002424261,1498.548,0.0001135817,6.869823,2.577344e-05,100,1,1,1,Kennfeld_v2 (21)_korrigiert.csv,C:\dev\masterarbeit\sim_par_ink_prop\laboratory_measurement_L-Com\measurement_data\Kennfeld_v2 (21)_korrigiert.csv,880,2026-08-09 13:59:38.959000+00:00,C:\dev\masterarbeit\sim_par_ink_prop\laboratory_measurement_L-Com\measurement_data\Kennfeld_v2 (21)_korrigiert.csv|Probe=10,7,5.611138611111111,1.200020277777778,22.180000000000003,44.36000000000001,62.400000000000006,1031.61,0.0,1160.55,True,quality flags,0.6754327197809971,3.789946613170944,40.57005338682906,1156.760053386829,1.9174244420923872,3.5072142462082527,5.394377149980385,0.0,89.18098416171897,100.0,1008.1414129679422,1548.5252010882048,ok,-0.18141296794215123,2.408798911795202
880,2026-09-08,14:01:38.961,133,10,110.9,1031.61,0.0,18.04,0.0,0.0,0.0,100.0,1007.966,0.00135031,0.005554199,1550.911,0.008794714,0.03796387,23.23957,0.001667385,1498.549,0.0002178001,6.869882,2.302268e-05,100,1,1,1,Kennfeld_v2 (21)_korrigiert.csv,C:\dev\masterarbeit\sim_par_ink_prop\laboratory_measurement_L-Com\measurement_data\Kennfeld_v2 (21)_korrigiert.csv,881,2026-08-09 14:01:38.961000+00:00,C:\dev\masterarbeit\sim_par_ink_prop\laboratory_measurement_L-Com\measurement_data\Kennfeld_v2 (21)_korrigiert.csv|Probe=10,7,5.6444725,1.2333541666666665,22.180000000000003,44.36000000000001,62.400000000000006,1031.61,0.0,1160.55,True,quality flags,0.6754327197809971,3.812461412404044,40.547538587595966,1156.737538587596,1.9174617629408233,3.505336105639441,5.394482146416022,0.0,89.1827199850037,99.99999999999999,1008.1470187453949,1548.4998355156652,ok,-0.18101874539490836,2.411164484334904
881,2026-09-08,14:03:38.964,134,10,110.9,1031.61,0.0,18.04,0.0,0.0,0.0,100.0,1007.972,0.002081855,0.008361816,1550.883,0.01004201,0.046875,23.23275,0.002364542,1498.549,0.0001087617,6.869956,2.602786e-05,100,1,1,1,Kennfeld_v2 (21)_korrigiert.csv,C:\dev\masterarbeit\sim_par_ink_prop\laboratory_measurement_L-Com\measurement_data\Kennfeld_v2 (21)_korrigiert.csv,882,2026-08-09 14:03:38.964000+00:00,C:\dev\masterarbeit\sim_par_ink_prop\laboratory_measurement_L-Com\measurement_data\Kennfeld_v2 (21)_korrigiert.csv|Probe=10,7,5.677806666666666,1.2666883333333334,22.180000000000003,44.36000000000001,62.400000000000006,1031.61,0.0,1160.55,True,quality flags,0.6754327197809971,3.8349763992573433,40.525023600742664,1156.7150236007426,1.917499085553138,3.5034578763049318,5.394587147814058,0.0,89.18445589032787,100.0,1008.1527135165287,1548.474098076605,ok,-0.18071351652872636,2.4089019233949784
882,2026-09-08,14:05:38.966,135,10,110.9,1031.61,0.0,18.04,0.0,0.0,0.0,100.0,1007.98,0.002000995,0.007873535,1550.843,0.01087982,0.06091309,23.21952,0.003356536,1498.548,0.0001963386,6.870057,2.818784e-05,100,1,1,1,Kennfeld_v2 (21)_korrigiert.csv,C:\dev\masterarbeit\sim_par_ink_prop\laboratory_measurement_L-Com\measurement_data\Kennfeld_v2 (21)_korrigiert.csv,883,2026-08-09 14:05:38.966000+00:00,C:\dev\masterarbeit\sim_par_ink_prop\laboratory_measurement_L-Com\measurement_data\Kennfeld_v2 (21)_korrigiert.csv|Probe=10,7,5.711140555555556,1.3000222222222222,22.180000000000003,44.36000000000001,62.400000000000006,1031.61,0.0,1160.55,True,quality flags,0.6754327197809971,3.8574911984904436,40.50250880150956,1156.6925088015096,1.9175364093073877,3.5015795895034936,5.394692152424751,0.0,89.18619184876435,99.99999999999999,1008.1605977557404,1548.439398129032,ok,-0.18059775574033665,2.403601870968032
883,2026-09-08,14:07:38.968,136,10,110.9,1031.61,0.0,18.04,0.0,0.0,0.0,100.0,1007.985,0.001788019,0.006958008,1550.82,0.01062669,0.05175781,23.21206,0.002042891,1498.548,0.0001646727,6.870116,2.773418e-05,100,1,1,1,Kennfeld_v2 (21)_korrigiert.csv,C:\dev\masterarbeit\sim_par_ink_prop\laboratory_measurement_L-Com\measurement_data\Kennfeld_v2 (21)_korrigiert.csv,884,2026-08-09 14:07:38.968000+00:00,C:\dev\masterarbeit\sim_par_ink_prop\laboratory_measurement_L-Com\measurement_data\Kennfeld_v2 (21)_korrigiert.csv|Probe=10,7,5.744474444444444,1.3333561111111112,22.180000000000003,44.36000000000001,62.400000000000006,1031.61,0.0,1160.55,True,quality flags,0.6754327197809971,3.880005997723543,40.47999400227646,1156.6699940022763,1.9175737345146653,3.499701229579644,5.394797161123314,0.0,89.18792787478237,100.0,1008.1665113072287,1548.4127418922003,ok,-0.18151130722867492,2.4072581077996347
884,2026-09-08,14:09:38.970,137,10,110.9,1031.61,0.0,18.04,0.0,0.0,0.0,100.0,1007.993,0.001986543,0.008117676,1550.781,0.01144881,0.05041504,23.19952,0.003801482,1498.547,0.0002497964,6.870215,2.947963e-05,100,1,1,1,Kennfeld_v2 (21)_korrigiert.csv,C:\dev\masterarbeit\sim_par_ink_prop\laboratory_measurement_L-Com\measurement_data\Kennfeld_v2 (21)_korrigiert.csv,885,2026-08-09 14:09:38.970000+00:00,C:\dev\masterarbeit\sim_par_ink_prop\laboratory_measurement_L-Com\measurement_data\Kennfeld_v2 (21)_korrigiert.csv|Probe=10,7,5.777808333333334,1.36669,22.180000000000003,44.36000000000001,62.400000000000006,1031.61,0.0,1160.55,True,quality flags,0.6754327197809971,3.9025207969566433,40.45747920304336,1156.6474792030433,1.9176110611750552,3.4978227965291113,5.394902173909983,0.0,89.18966396838584,100.0,1008.1741599463855,1548.37896774985,ok,-0.18115994638549182,2.4020322501498867
885,2026-09-08,14:11:38.972,138,10,110.9,1031.61,0.0,18.04,0.0,0.0,0.0,100.0,1008.0,0.001618323,0.006774902,1550.749,0.009778859,0.05407715,23.18769,0.002405883,1498.546,9.562371e-05,6.870298,2.548929e-05,100,1,1,1,Kennfeld_v2 (21)_korrigiert.csv,C:\dev\masterarbeit\sim_par_ink_prop\laboratory_measurement_L-Com\measurement_data\Kennfeld_v2 (21)_korrigiert.csv,886,2026-08-09 14:11:38.972000+00:00,C:\dev\masterarbeit\sim_par_ink_prop\laboratory_measurement_L-Com\measurement_data\Kennfeld_v2 (21)_korrigiert.csv|Probe=10,7,5.811142222222222,1.400023888888889,22.180000000000003,44.36000000000001,62.400000000000006,1031.61,0.0,1160.55,True,quality flags,0.6754327197809971,3.9250355961897427,40.43496440381026,1156.6249644038103,1.9176483892886427,3.4959442903476257,5.395007190785,0.0,89.19140012957872,100.0,1008.1815661188573,1548.346166059257,ok,-0.18156611885729035,2.402833940742994
886,2026-09-08,14:13:38.974,139,10,110.9,1031.61,0.0,18.04,0.0,0.0,0.0,100.0,1008.004,0.001413122,0.005310059,1550.736,0.009011138,0.04931641,23.18427,0.0005726079,1498.547,0.0001729993,6.870332,2.379986e-05,100,1,1,1,Kennfeld_v2 (21)_korrigiert.csv,C:\dev\masterarbeit\sim_par_ink_prop\laboratory_measurement_L-Com\measurement_data\Kennfeld_v2 (21)_korrigiert.csv,887,2026-08-09 14:13:38.974000+00:00,C:\dev\masterarbeit\sim_par_ink_prop\laboratory_measurement_L-Com\measurement_data\Kennfeld_v2 (21)_korrigiert.csv|Probe=10,7,5.844476111111112,1.4333577777777777,22.180000000000003,44.36000000000001,62.400000000000006,1031.61,0.0,1160.55,True,quality flags,0.6754327197809971,3.947550395422843,40.41244960457716,1156.602449604577,1.917685718855513,3.494065711030917,5.395112211748602,0.0,89.19313635836497,100.0,1008.1861002995893,1548.3251312156676,ok,-0.18210029958925134,2.4108687843324788
887,2026-09-08,14:15:38.976,140,10,110.9,1031.61,0.0,18.04,0.0,0.0,0.0,100.0,1008.01,0.002400189,0.009155273,1550.703,0.01528143,0.07556152,23.17738,0.003975223,1498.547,0.0004613015,6.870415,3.946156e-05,100,1,1,1,Kennfeld_v2 (21)_korrigiert.csv,C:\dev\masterarbeit\sim_par_ink_prop\laboratory_measurement_L-Com\measurement_data\Kennfeld_v2 (21)_korrigiert.csv,888,2026-08-09 14:15:38.976000+00:00,C:\dev\masterarbeit\sim_par_ink_prop\laboratory_measurement_L-Com\measurement_data\Kennfeld_v2 (21)_korrigiert.csv|Probe=10,7,5.87781,1.4666916666666667,22.180000000000003,44.36000000000001,62.400000000000006,1031.61,0.0,1160.55,True,quality flags,0.6754327197809971,3.9700651946559424,40.38993480534406,1156.579934805344,1.91772304987575,3.4921870585747117,5.395217236801027,0.0,89.19487265474851,100.0,1008.1918196824254,1548.2992273977293,ok,-0.1818196824253846,2.403772602270692
888,2026-09-08,14:28:50.126,141,10,110.9,1064.25,0.0,18.04,0.0,0.0,0.0,100.0,1007.728,0.003796768,0.01733398,1548.884,0.01581122,0.08239746,23.08247,0.003498575,1498.461,0.0009464905,6.875206,4.258453e-05,100,0,1,0,Kennfeld_v2 (21)_korrigiert.csv,C:\dev\masterarbeit\sim_par_ink_prop\laboratory_measurement_L-Com\measurement_data\Kennfeld_v2 (21)_korrigiert.csv,889,2026-08-09 14:28:50.126000+00:00,C:\dev\masterarbeit\sim_par_ink_prop\laboratory_measurement_L-Com\measurement_data\Kennfeld_v2 (21)_korrigiert.csv|Probe=10,8,6.097573888888888,0.0,22.180000000000003,44.36000000000001,62.400000000000006,1064.25,0.0,1193.19,False,not selected,0.6754327197809971,4.118500915837813,40.24149908416219,1189.0714990841623,1.8653209682582854,3.384279172039419,5.247792083828539,0.0,89.50260777587376,100.0,1007.9293278285377,1546.4907362074953,ok,-0.20132782853772824,2.39326379250474
889,2026-09-08,14:30:50.128,142,10,110.9,1064.25,0.0,18.04,0.0,0.0,0.0,100.0,1007.74,0.004472131,0.01745605,1548.831,0.0216562,0.09533691,23.08351,0.001895994,1498.463,0.0006555792,6.875347,5.698519e-05,100,0,1,0,Kennfeld_v2 (21)_korrigiert.csv,C:\dev\masterarbeit\sim_par_ink_prop\laboratory_measurement_L-Com\measurement_data\Kennfeld_v2 (21)_korrigiert.csv,890,2026-08-09 14:30:50.128000+00:00,C:\dev\masterarbeit\sim_par_ink_prop\laboratory_measurement_L-Com\measurement_data\Kennfeld_v2 (21)_korrigiert.csv|Probe=10,8,6.130907777777778,0.033333888888888885,22.180000000000003,44.36000000000001,62.400000000000006,1064.25,0.0,1193.19,False,not selected,0.6754327197809971,4.141015715070913,40.21898428492909,1189.0489842849292,1.865356288356667,3.3824497406316696,5.247891451463301,0.0,89.50430251954835,99.99999999999999,1007.9322578246073,1546.4763754849475,ok,-0.1922578246072817,2.3546245150523646
890,2026-09-08,14:32:50.130,143,10,110.9,1064.25,0.0,18.04,0.0,0.0,0.0,100.0,1007.76,0.00423532,0.01593018,1548.775,0.01684283,0.0859375,23.0755,0.00259754,1498.466,0.0004851517,6.875494,4.417348e-05,100,0,1,0,Kennfeld_v2 (21)_korrigiert.csv,C:\dev\masterarbeit\sim_par_ink_prop\laboratory_measurement_L-Com\measurement_data\Kennfeld_v2 (21)_korrigiert.csv,891,2026-08-09 14:32:50.130000+00:00,C:\dev\masterarbeit\sim_par_ink_prop\laboratory_measurement_L-Com\measurement_data\Kennfeld_v2 (21)_korrigiert.csv|Probe=10,8,6.164241666666666,0.06666777777777777,22.180000000000003,44.36000000000001,62.400000000000006,1064.25,0.0,1193.19,True,automatic low-noise fallback,0.6754327197809971,4.163530514304012,40.19646948569599,1189.026469485696,1.8653916097926557,3.38062023994156,5.2479908228612135,0.0,89.50599732740457,100.0,1007.9382512162578,1546.4487271170522,ok,-0.1782512162577632,2.326272882947933
891,2026-09-08,14:34:50.132,144,10,110.9,1064.25,0.0,18.04,0.0,0.0,0.0,100.0,1007.769,0.001164315,0.005432129,1548.737,0.01241158,0.06152344,23.06839,0.0006235454,1498.467,0.0004487666,6.875592,3.292825e-05,100,1,1,1,Kennfeld_v2 (21)_korrigiert.csv,C:\dev\masterarbeit\sim_par_ink_prop\laboratory_measurement_L-Com\measurement_data\Kennfeld_v2 (21)_korrigiert.csv,892,2026-08-09 14:34:50.132000+00:00,C:\dev\masterarbeit\sim_par_ink_prop\laboratory_measurement_L-Com\measurement_data\Kennfeld_v2 (21)_korrigiert.csv|Probe=10,8,6.197575555555556,0.10000166666666666,22.180000000000003,44.36000000000001,62.400000000000006,1064.25,0.0,1193.19,True,automatic low-noise fallback,0.6754327197809971,4.186045313537113,40.17395468646289,1189.003954686463,1.8654269325663269,3.3787906699651518,5.248090198022488,0.0,89.50769219944603,100.0,1007.9439401310515,1546.4223907956118,ok,-0.17494013105147133,2.314609204388262
892,2026-09-08,14:36:50.134,145,10,110.9,1064.25,0.0,18.04,0.0,0.0,0.0,100.0,1007.772,0.0007677518,0.003051758,1548.731,0.009899154,0.04382324,23.07195,0.002184171,1498.469,0.00066509,6.875608,2.624344e-05,100,1,1,1,Kennfeld_v2 (21)_korrigiert.csv,C:\dev\masterarbeit\sim_par_ink_prop\laboratory_measurement_L-Com\measurement_data\Kennfeld_v2 (21)_korrigiert.csv,893,2026-08-09 14:36:50.134000+00:00,C:\dev\masterarbeit\sim_par_ink_prop\laboratory_measurement_L-Com\measurement_data\Kennfeld_v2 (21)_korrigiert.csv|Probe=10,8,6.230909444444444,0.13333555555555554,22.180000000000003,44.36000000000001,62.400000000000006,1064.25,0.0,1193.19,True,automatic low-noise fallback,0.6754327197809971,4.208560112770212,40.15143988722979,1188.98143988723,1.8654622566777566,3.3769610306985105,5.248189576947341,0.0,89.50938713567638,99.99999999999999,1007.9460181024014,1546.411729130208,ok,-0.17401810240130544,2.3192708697920352
893,2026-09-08,14:38:50.136,146,10,110.9,1064.25,0.0,18.04,0.0,0.0,0.0,100.0,1007.776,0.00160104,0.006652832,1548.719,0.01195063,0.0534668,23.0757,0.001002614,1498.47,0.0003384068,6.875643,3.159557e-05,100,1,1,1,Kennfeld_v2 (21)_korrigiert.csv,C:\dev\masterarbeit\sim_par_ink_prop\laboratory_measurement_L-Com\measurement_data\Kennfeld_v2 (21)_korrigiert.csv,894,2026-08-09 14:38:50.136000+00:00,C:\dev\masterarbeit\sim_par_ink_prop\laboratory_measurement_L-Com\measurement_data\Kennfeld_v2 (21)_korrigiert.csv|Probe=10,8,6.264243333333334,0.16666944444444445,22.180000000000003,44.36000000000001,62.400000000000006,1064.25,0.0,1193.19,True,automatic low-noise fallback,0.6754327197809971,4.231074912003312,40.12892508799669,1188.9589250879967,1.8654975821270217,3.3751313221377,5.2482889596359845,0.0,89.51108213609929,100.0,1007.948032181895,1546.4013468774142,ok,-0.17203218189501968,2.3176531225858525
894,2026-09-08,14:40:50.138,147,10,110.9,1064.25,0.0,18.04,0.0,0.0,0.0,100.0,1007.782,0.00234346,0.008422852,1548.667,0.02153017,0.09057617,23.0666,0.006105693,1498.469,0.001098303,6.875778,5.583349e-05,100,1,1,1,Kennfeld_v2 (21)_korrigiert.csv,C:\dev\masterarbeit\sim_par_ink_prop\laboratory_measurement_L-Com\measurement_data\Kennfeld_v2 (21)_korrigiert.csv,895,2026-08-09 14:40:50.138000+00:00,C:\dev\masterarbeit\sim_par_ink_prop\laboratory_measurement_L-Com\measurement_data\Kennfeld_v2 (21)_korrigiert.csv|Probe=10,8,6.2975772222222215,0.2000033333333333,22.180000000000003,44.36000000000001,62.400000000000006,1064.25,0.0,1193.19,True,automatic low-noise fallback,0.6754327197809971,4.253589711236412,40.1064102887636,1188.9364102887637,1.865532908914197,3.3733015442787835,5.248388346088633,0.0,89.51277720071838,99.99999999999999,1007.9543952369731,1546.3720764469049,ok,-0.17239523697310233,2.294923553095032
