SeqNo,Date,Deutsche Zeit,UTC Offset,Nr,ProbeNr,m_SL120,m_Wasser,m_IPA,m_PG,m_MG,m_vorher,m_nachher,Pumpe_pct,Rho_M,Rho_S,Rho_Sp,C_M,C_S,C_Sp,T_M,T_S,Per_M,Per_S,RunT_M,RunT_S,N,Stabil,SensOK,Gueltig,Source_File,Source_Path,Source_Row,Measurement_Time_UTC,Measurement_Time_Local,Experiment_Date_Local,Experiment_Key,Phase,Experiment_Elapsed_h,Phase_Elapsed_h,Used,Elapsed_h,C_at25_nominal_m_s,Rho_at25_nominal_kg_m3,C_temperature_effect_vs25_m_s,C_at25_fittedcomposition_m_s,Rho_at25_fittedcomposition_kg_m3,Fit_Al_wt_pct,Fit_IPA_wt_pct,Fit_PG_wt_pct,Fit_MG_wt_pct,Fit_Water_wt_pct,C_fit_m_s,Rho_fit_kg_m3,C_temp_delta_from_min_m_s,C_composition_delta_from_min_m_s,C_model_delta_from_min_m_s,C_observed_delta_from_min_m_s
1054,2026-09-16,11:24:29.401,+02:00,20,12,110.0,1099.99,0.0,0.0,0.0,0.0,0.0,100.0,1004.936,0.001683165,0.008117676,1543.936,0.01204209,0.04711914,23.84388,0.00218985,1497.945,0.0001215204,6.88857,3.159668e-05,100,1,1,1,Messdaten_2026-10-05_16-50-09.csv,C:\Users\nikla\OneDrive\Documents\01_Uni\01_Master\00_Masterarbeit\sim_par_ink_prop\laboratory_measurement_L-Com\measurement_data\Messdaten_2026-10-05_16-50-09.csv,1055,2026-09-16 09:24:29.401000+00:00,2026-09-16 11:24:29.401000+02:00,2026-09-16,C:\Users\nikla\OneDrive\Documents\01_Uni\01_Master\00_Masterarbeit\sim_par_ink_prop\laboratory_measurement_L-Com\measurement_data\Messdaten_2026-10-05_16-50-09.csv|Probe=12|Date=2026-09-16,1,0.0,0.0,True,0.0,1545.8890878432267,1004.5738530992508,-1.95308784322674,1545.8890878432267,1004.5738530992508,1.8181968446020216,3.636393689204043,3.636393689204043,0.0,90.90901577698989,1543.8396524056166,1004.9417741150835,-0.17418101047042,0.6601259646351991,0.4859449541647791,0.6159999999999854
1055,2026-09-16,11:26:29.403,+02:00,21,12,110.0,1099.99,0.0,0.0,0.0,0.0,0.0,100.0,1004.943,0.001962492,0.008178711,1543.9,0.01105359,0.04748535,23.83802,0.001652377,1497.946,0.0001788472,6.888667,2.914092e-05,100,1,1,1,Messdaten_2026-10-05_16-50-09.csv,C:\Users\nikla\OneDrive\Documents\01_Uni\01_Master\00_Masterarbeit\sim_par_ink_prop\laboratory_measurement_L-Com\measurement_data\Messdaten_2026-10-05_16-50-09.csv,1056,2026-09-16 09:26:29.403000+00:00,2026-09-16 11:26:29.403000+02:00,2026-09-16,C:\Users\nikla\OneDrive\Documents\01_Uni\01_Master\00_Masterarbeit\sim_par_ink_prop\laboratory_measurement_L-Com\measurement_data\Messdaten_2026-10-05_16-50-09.csv|Probe=12|Date=2026-09-16,1,0.033333888888888885,0.033333888888888885,True,0.033333888888888885,1545.8632757383118,1004.5790175069832,-1.9632757383117223,1545.8633516607624,1004.5790241321455,1.818314913855851,3.635204533195837,3.636629827711702,0.0,90.90985072523661,1543.8199258904572,1004.9465932637,-0.1844448280060078,0.6506632670113959,0.46621843900538806,0.5800000000001546
1056,2026-09-16,11:28:29.405,+02:00,22,12,110.0,1099.99,0.0,0.0,0.0,0.0,0.0,100.0,1004.949,0.001276043,0.005004883,1543.873,0.008063477,0.03503418,23.83296,0.001313269,1497.946,0.0001108996,6.888736,2.12389e-05,100,1,1,1,Messdaten_2026-10-05_16-50-09.csv,C:\Users\nikla\OneDrive\Documents\01_Uni\01_Master\00_Masterarbeit\sim_par_ink_prop\laboratory_measurement_L-Com\measurement_data\Messdaten_2026-10-05_16-50-09.csv,1057,2026-09-16 09:28:29.405000+00:00,2026-09-16 11:28:29.405000+02:00,2026-09-16,C:\Users\nikla\OneDrive\Documents\01_Uni\01_Master\00_Masterarbeit\sim_par_ink_prop\laboratory_measurement_L-Com\measurement_data\Messdaten_2026-10-05_16-50-09.csv|Probe=12|Date=2026-09-16,1,0.06666777777777777,0.06666777777777777,True,0.06666777777777777,1545.8450751021921,1004.5834325076287,-1.9720751021920933,1545.8452275360391,1004.5834458113962,1.8184329984449332,3.634015222735839,3.6368659968898664,0.0,90.91068578192937,1543.801584582825,1004.9511628878332,-0.1933207032827795,0.6411978346559408,0.4478771313731613,0.553000000000111
1057,2026-09-16,11:30:29.407,+02:00,23,12,110.0,1099.99,0.0,0.0,0.0,0.0,0.0,100.0,1004.953,0.001115826,0.004638672,1543.849,0.008623463,0.04248047,23.82926,0.0009077882,1497.946,0.0001317882,6.888799,2.279674e-05,100,1,1,1,Messdaten_2026-10-05_16-50-09.csv,C:\Users\nikla\OneDrive\Documents\01_Uni\01_Master\00_Masterarbeit\sim_par_ink_prop\laboratory_measurement_L-Com\measurement_data\Messdaten_2026-10-05_16-50-09.csv,1058,2026-09-16 09:30:29.407000+00:00,2026-09-16 11:30:29.407000+02:00,2026-09-16,C:\Users\nikla\OneDrive\Documents\01_Uni\01_Master\00_Masterarbeit\sim_par_ink_prop\laboratory_measurement_L-Com\measurement_data\Messdaten_2026-10-05_16-50-09.csv|Probe=12|Date=2026-09-16,1,0.10000166666666666,0.10000166666666666,True,0.10000166666666666,1545.8275107730951,1004.5862735160711,-1.978510773095195,1545.827740039919,1004.5862935285764,1.818551098372256,3.6328257577939556,3.637102196744512,0.0,90.91152094708927,1543.7856038976854,1004.9553076035276,-0.19983320716278286,0.6317296533964054,0.43189644623362256,0.5289999999999964
1058,2026-09-16,11:32:29.409,+02:00,24,12,110.0,1099.99,0.0,0.0,0.0,0.0,0.0,100.0,1004.959,0.00132323,0.005493164,1543.822,0.008678115,0.03930664,23.82503,0.001277285,1497.947,8.846961e-05,6.88887,2.291641e-05,100,1,1,1,Messdaten_2026-10-05_16-50-09.csv,C:\Users\nikla\OneDrive\Documents\01_Uni\01_Master\00_Masterarbeit\sim_par_ink_prop\laboratory_measurement_L-Com\measurement_data\Messdaten_2026-10-05_16-50-09.csv,1059,2026-09-16 09:32:29.409000+00:00,2026-09-16 11:32:29.409000+02:00,2026-09-16,C:\Users\nikla\OneDrive\Documents\01_Uni\01_Master\00_Masterarbeit\sim_par_ink_prop\laboratory_measurement_L-Com\measurement_data\Messdaten_2026-10-05_16-50-09.csv|Probe=12|Date=2026-09-16,1,0.13333555555555554,0.13333555555555554,True,0.13333555555555554,1545.8078697108613,1004.5909485068713,-1.9858697108613796,1545.808176358807,1004.5909752780335,1.818669213640808,3.631636138340085,3.637338427281616,0.0,90.9123562207375,1543.7686966343642,1004.9596194241329,-0.2072695260508226,0.6222587089632725,0.4149891829124499,0.5019999999999527
1059,2026-09-16,11:34:29.411,+02:00,25,12,110.0,1099.99,0.0,0.0,0.0,0.0,0.0,100.0,1004.962,0.00128351,0.004882812,1543.804,0.007647892,0.03820801,23.8223,0.0003916332,1497.947,0.0002000786,6.888917,2.034874e-05,100,1,1,1,Messdaten_2026-10-05_16-50-09.csv,C:\Users\nikla\OneDrive\Documents\01_Uni\01_Master\00_Masterarbeit\sim_par_ink_prop\laboratory_measurement_L-Com\measurement_data\Messdaten_2026-10-05_16-50-09.csv,1060,2026-09-16 09:34:29.411000+00:00,2026-09-16 11:34:29.411000+02:00,2026-09-16,C:\Users\nikla\OneDrive\Documents\01_Uni\01_Master\00_Masterarbeit\sim_par_ink_prop\laboratory_measurement_L-Com\measurement_data\Messdaten_2026-10-05_16-50-09.csv|Probe=12|Date=2026-09-16,1,0.16666944444444445,0.16666944444444445,True,0.16666944444444445,1545.7946198894301,1004.5930933591288,-1.990619889430036,1545.7950039073216,1004.5931268900604,1.8187873442535787,3.6304463643441216,3.6375746885071574,0.0,90.91319160289514,1543.7543953638828,1004.9634625271307,-0.21209707456523574,0.6127849869963029,0.40068791243106716,0.484000000000151
1060,2026-09-16,11:36:29.413,+02:00,26,12,110.0,1099.99,0.0,0.0,0.0,0.0,0.0,100.0,1004.967,0.001276999,0.004516602,1543.793,0.006961507,0.03283691,23.82118,0.0005311068,1497.948,0.000155186,6.888946,1.849986e-05,100,1,1,1,Messdaten_2026-10-05_16-50-09.csv,C:\Users\nikla\OneDrive\Documents\01_Uni\01_Master\00_Masterarbeit\sim_par_ink_prop\laboratory_measurement_L-Com\measurement_data\Messdaten_2026-10-05_16-50-09.csv,1061,2026-09-16 09:36:29.413000+00:00,2026-09-16 11:36:29.413000+02:00,2026-09-16,C:\Users\nikla\OneDrive\Documents\01_Uni\01_Master\00_Masterarbeit\sim_par_ink_prop\laboratory_measurement_L-Com\measurement_data\Messdaten_2026-10-05_16-50-09.csv|Probe=12|Date=2026-09-16,1,0.2000033333333333,0.2000033333333333,True,0.2000033333333333,1545.7855688606278,1004.5977425292945,-1.9925688606278982,1545.78602990073,1004.597782791721,1.818905490213558,3.629256435775945,3.637810980427116,0.0,90.91402709358337,1543.7428928565214,1004.9668024933092,-0.21412306797378733,0.6033084730433984,0.3891854050696111,0.47299999999995634
1061,2026-09-16,11:38:29.415,+02:00,27,12,110.0,1099.99,0.0,0.0,0.0,0.0,0.0,100.0,1004.97,0.0008728211,0.003540039,1543.776,0.006791379,0.03112793,23.82008,0.0003535721,1497.948,0.0002093717,6.88899,1.81076e-05,100,1,1,1,Messdaten_2026-10-05_16-50-09.csv,C:\Users\nikla\OneDrive\Documents\01_Uni\01_Master\00_Masterarbeit\sim_par_ink_prop\laboratory_measurement_L-Com\measurement_data\Messdaten_2026-10-05_16-50-09.csv,1062,2026-09-16 09:38:29.415000+00:00,2026-09-16 11:38:29.415000+02:00,2026-09-16,C:\Users\nikla\OneDrive\Documents\01_Uni\01_Master\00_Masterarbeit\sim_par_ink_prop\laboratory_measurement_L-Com\measurement_data\Messdaten_2026-10-05_16-50-09.csv|Probe=12|Date=2026-09-16,1,0.23333722222222222,0.23333722222222222,True,0.23333722222222222,1545.7704831306955,1004.6003979642832,-1.9944831306954711,1545.7710212562622,1004.6004449658045,1.8190236515237377,3.628066352605434,3.6380473030474754,0.0,90.91486269282335,1543.731422180508,1004.97013734781,-0.21611442350581456,0.5938291525619661,0.37771472905615155,0.45600000000013097
1062,2026-09-16,11:40:29.417,+02:00,28,12,110.0,1099.99,0.0,0.0,0.0,0.0,0.0,100.0,1004.974,0.0009198965,0.004211426,1543.764,0.006070197,0.02709961,23.81988,0.0003690686,1497.949,0.0002210243,6.889024,1.619013e-05,100,1,1,1,Messdaten_2026-10-05_16-50-09.csv,C:\Users\nikla\OneDrive\Documents\01_Uni\01_Master\00_Masterarbeit\sim_par_ink_prop\laboratory_measurement_L-Com\measurement_data\Messdaten_2026-10-05_16-50-09.csv,1063,2026-09-16 09:40:29.417000+00:00,2026-09-16 11:40:29.417000+02:00,2026-09-16,C:\Users\nikla\OneDrive\Documents\01_Uni\01_Master\00_Masterarbeit\sim_par_ink_prop\laboratory_measurement_L-Com\measurement_data\Messdaten_2026-10-05_16-50-09.csv|Probe=12|Date=2026-09-16,1,0.2666711111111111,0.2666711111111111,True,0.2666711111111111,1545.7588311906504,1004.6043353161,-1.9948311906505296,1545.75944600221,1004.6043890239025,1.8191418281871086,3.626876114802454,3.638283656374217,0.0,90.91569840063622,1543.7215152929193,1004.9731914870495,-0.2165391694538812,0.5843470109214195,0.3678078414675383,0.44399999999996
1063,2026-09-16,11:42:29.419,+02:00,29,12,110.0,1099.99,0.0,0.0,0.0,0.0,0.0,100.0,1004.977,0.0009362133,0.003479004,1543.748,0.006126497,0.02844238,23.81956,0.0004343544,1497.95,0.0001934035,6.889067,1.628055e-05,100,1,1,1,Messdaten_2026-10-05_16-50-09.csv,C:\Users\nikla\OneDrive\Documents\01_Uni\01_Master\00_Masterarbeit\sim_par_ink_prop\laboratory_measurement_L-Com\measurement_data\Messdaten_2026-10-05_16-50-09.csv,1064,2026-09-16 09:42:29.419000+00:00,2026-09-16 11:42:29.419000+02:00,2026-09-16,C:\Users\nikla\OneDrive\Documents\01_Uni\01_Master\00_Masterarbeit\sim_par_ink_prop\laboratory_measurement_L-Com\measurement_data\Messdaten_2026-10-05_16-50-09.csv|Probe=12|Date=2026-09-16,1,0.300005,0.300005,True,0.300005,1545.743388093524,1004.607235079007,-1.995388093523843,1545.7440796139995,1004.6072954971561,1.8192600202066642,3.6256857223368666,3.6385200404133284,0.0,90.91653421704315,1543.7113967036137,1004.9762843879721,-0.21717278124310724,0.5748620334049974,0.3576892521618902,0.42800000000011096
1064,2026-09-16,11:44:29.421,+02:00,30,12,110.0,1099.99,0.0,0.0,0.0,0.0,0.0,100.0,1004.98,0.001138123,0.004821777,1543.735,0.006757278,0.03283691,23.81854,0.0003591474,1497.951,0.0001848603,6.8891,1.800059e-05,100,1,1,1,Messdaten_2026-10-05_16-50-09.csv,C:\Users\nikla\OneDrive\Documents\01_Uni\01_Master\00_Masterarbeit\sim_par_ink_prop\laboratory_measurement_L-Com\measurement_data\Messdaten_2026-10-05_16-50-09.csv,1065,2026-09-16 09:44:29.421000+00:00,2026-09-16 11:44:29.421000+02:00,2026-09-16,C:\Users\nikla\OneDrive\Documents\01_Uni\01_Master\00_Masterarbeit\sim_par_ink_prop\laboratory_measurement_L-Com\measurement_data\Messdaten_2026-10-05_16-50-09.csv|Probe=12|Date=2026-09-16,1,0.3333388888888889,0.3333388888888889,True,0.3333388888888889,1545.7321632784779,1004.609915573276,-1.9971632784779558,1545.7329319315527,1004.6099827408483,1.8193782275853967,3.624495175178523,3.6387564551707934,0.0,90.9173701420653,1543.700056557867,1004.979597703458,-0.2190250987964646,0.5653742052115831,0.3463491064151185,0.4149999999999636
1065,2026-09-16,11:46:29.423,+02:00,31,12,110.0,1099.99,0.0,0.0,0.0,0.0,0.0,100.0,1004.984,0.001033291,0.004882812,1543.721,0.005627374,0.02770996,23.8174,0.0003432032,1497.951,0.0002267886,6.889137,1.498404e-05,100,1,1,1,Messdaten_2026-10-05_16-50-09.csv,C:\Users\nikla\OneDrive\Documents\01_Uni\01_Master\00_Masterarbeit\sim_par_ink_prop\laboratory_measurement_L-Com\measurement_data\Messdaten_2026-10-05_16-50-09.csv,1066,2026-09-16 09:46:29.423000+00:00,2026-09-16 11:46:29.423000+02:00,2026-09-16,C:\Users\nikla\OneDrive\Documents\01_Uni\01_Master\00_Masterarbeit\sim_par_ink_prop\laboratory_measurement_L-Com\measurement_data\Messdaten_2026-10-05_16-50-09.csv|Probe=12|Date=2026-09-16,1,0.36667277777777774,0.36667277777777774,True,0.36667277777777774,1545.7201474114897,1004.6135584786406,-1.99914741148973,1545.7209933417132,1004.6136324103378,1.8194964503263011,3.623304473297268,3.6389929006526023,0.0,90.91820617572381,1543.6885044539538,1004.9829497863878,-0.22108650895688697,0.5558835114588874,0.3347970025020004,0.4010000000000673
1066,2026-09-16,11:48:29.425,+02:00,32,12,110.0,1099.99,0.0,0.0,0.0,0.0,0.0,100.0,1004.987,0.0008169262,0.00378418,1543.71,0.005789631,0.03393555,23.81829,0.000372931,1497.952,0.0002568082,6.889166,1.544408e-05,100,1,1,1,Messdaten_2026-10-05_16-50-09.csv,C:\Users\nikla\OneDrive\Documents\01_Uni\01_Master\00_Masterarbeit\sim_par_ink_prop\laboratory_measurement_L-Com\measurement_data\Messdaten_2026-10-05_16-50-09.csv,1067,2026-09-16 09:48:29.425000+00:00,2026-09-16 11:48:29.425000+02:00,2026-09-16,C:\Users\nikla\OneDrive\Documents\01_Uni\01_Master\00_Masterarbeit\sim_par_ink_prop\laboratory_measurement_L-Com\measurement_data\Messdaten_2026-10-05_16-50-09.csv|Probe=12|Date=2026-09-16,1,0.4000066666666666,0.4000066666666666,True,0.4000066666666666,1545.7075983860805,1004.6168372630483,-1.9975983860804263,1545.708520083578,1004.6169178289962,1.8196146884323725,3.622113616662939,3.639229376864745,0.0,90.91904231803994,1543.6804841378123,1004.9856673217071,-0.2196132508215669,0.5463899371820844,0.3267766863605175,0.39000000000010004
1067,2026-09-16,11:50:29.427,+02:00,33,12,110.0,1099.99,0.0,0.0,0.0,0.0,0.0,100.0,1004.989,0.0007592809,0.002990723,1543.704,0.006478622,0.03015137,23.82058,0.0008298423,1497.953,0.0002885687,6.889182,1.738207e-05,100,1,1,1,Messdaten_2026-10-05_16-50-09.csv,C:\Users\nikla\OneDrive\Documents\01_Uni\01_Master\00_Masterarbeit\sim_par_ink_prop\laboratory_measurement_L-Com\measurement_data\Messdaten_2026-10-05_16-50-09.csv,1068,2026-09-16 09:50:29.427000+00:00,2026-09-16 11:50:29.427000+02:00,2026-09-16,C:\Users\nikla\OneDrive\Documents\01_Uni\01_Master\00_Masterarbeit\sim_par_ink_prop\laboratory_measurement_L-Com\measurement_data\Messdaten_2026-10-05_16-50-09.csv|Probe=12|Date=2026-09-16,1,0.43334055555555556,0.43334055555555556,True,0.43334055555555556,1545.697612995416,1004.6195545847422,-1.993612995416015,1545.698609088846,1004.6196416671112,1.8197329419066053,3.6209226052453634,3.6394658838132106,0.0,90.91987856903482,1543.6748986627044,1004.9879476475203,-0.21570225608979854,0.5368934673424519,0.3211912112526534,0.38400000000001455
1068,2026-09-16,11:52:29.429,+02:00,34,12,110.0,1099.99,0.0,0.0,0.0,0.0,0.0,100.0,1004.991,0.0007282227,0.003173828,1543.695,0.00589167,0.03210449,23.82283,0.0007334035,1497.954,0.000281118,6.889208,1.577632e-05,100,1,1,1,Messdaten_2026-10-05_16-50-09.csv,C:\Users\nikla\OneDrive\Documents\01_Uni\01_Master\00_Masterarbeit\sim_par_ink_prop\laboratory_measurement_L-Com\measurement_data\Messdaten_2026-10-05_16-50-09.csv,1069,2026-09-16 09:52:29.429000+00:00,2026-09-16 11:52:29.429000+02:00,2026-09-16,C:\Users\nikla\OneDrive\Documents\01_Uni\01_Master\00_Masterarbeit\sim_par_ink_prop\laboratory_measurement_L-Com\measurement_data\Messdaten_2026-10-05_16-50-09.csv|Probe=12|Date=2026-09-16,1,0.46667444444444445,0.46667444444444445,True,0.46667444444444445,1545.6846976449185,1004.6222593768201,-1.9896976449185786,1545.685767801523,1004.6223529485144,1.8198512107519975,3.6197314390143616,3.639702421503995,0.0,90.92071492872965,1543.6692405695098,1004.9902417484637,-0.21186096876681404,0.5273940868248701,0.31553311805805606,0.375
1069,2026-09-16,11:54:29.431,+02:00,35,12,110.0,1099.99,0.0,0.0,0.0,0.0,0.0,100.0,1004.994,0.0009535686,0.003723145,1543.685,0.006653083,0.02966309,23.82468,0.0004310149,1497.955,0.0001604318,6.889235,1.778572e-05,100,1,1,1,Messdaten_2026-10-05_16-50-09.csv,C:\Users\nikla\OneDrive\Documents\01_Uni\01_Master\00_Masterarbeit\sim_par_ink_prop\laboratory_measurement_L-Com\measurement_data\Messdaten_2026-10-05_16-50-09.csv,1070,2026-09-16 09:54:29.431000+00:00,2026-09-16 11:54:29.431000+02:00,2026-09-16,C:\Users\nikla\OneDrive\Documents\01_Uni\01_Master\00_Masterarbeit\sim_par_ink_prop\laboratory_measurement_L-Com\measurement_data\Messdaten_2026-10-05_16-50-09.csv|Probe=12|Date=2026-09-16,1,0.5000083333333333,0.5000083333333333,True,0.5000083333333333,1545.6714786733417,1004.625838872544,-1.9864786733417077,1545.6726229191258,1004.6259389378191,1.819969494971545,3.6185401179397467,3.63993898994309,0.0,90.92155139714562,1543.6628831455241,1004.992662368467,-0.20871608636957717,0.5178917804419143,0.30917569407233714,0.3650000000000091
1070,2026-09-16,11:56:29.433,+02:00,36,12,110.0,1099.99,0.0,0.0,0.0,0.0,0.0,100.0,1005.0,0.002158121,0.007873535,1543.646,0.01408822,0.05712891,23.81546,0.004526492,1497.954,0.0004754747,6.889336,3.643067e-05,100,1,1,1,Messdaten_2026-10-05_16-50-09.csv,C:\Users\nikla\OneDrive\Documents\01_Uni\01_Master\00_Masterarbeit\sim_par_ink_prop\laboratory_measurement_L-Com\measurement_data\Messdaten_2026-10-05_16-50-09.csv,1071,2026-09-16 09:56:29.433000+00:00,2026-09-16 11:56:29.433000+02:00,2026-09-16,C:\Users\nikla\OneDrive\Documents\01_Uni\01_Master\00_Masterarbeit\sim_par_ink_prop\laboratory_measurement_L-Com\measurement_data\Messdaten_2026-10-05_16-50-09.csv|Probe=12|Date=2026-09-16,1,0.5333422222222222,0.5333422222222222,True,0.5333422222222222,1545.6485241679081,1004.6289507912901,-2.0025241679081773,1545.6497536855295,1004.6290583299885,1.8200877945682465,3.6173486419913248,3.640175589136493,0.0,90.92238797430393,1543.6372471316167,1004.9985508211837,-0.2248468527732257,0.5083865329381752,0.28353968016494946,0.32600000000002183
1071,2026-09-16,11:58:29.435,+02:00,37,12,110.0,1099.99,0.0,0.0,0.0,0.0,0.0,100.0,1005.01,0.002345312,0.008422852,1543.59,0.01437508,0.0534668,23.79461,0.005732501,1497.952,0.0005861674,6.88948,3.694451e-05,100,1,1,1,Messdaten_2026-10-05_16-50-09.csv,C:\Users\nikla\OneDrive\Documents\01_Uni\01_Master\00_Masterarbeit\sim_par_ink_prop\laboratory_measurement_L-Com\measurement_data\Messdaten_2026-10-05_16-50-09.csv,1072,2026-09-16 09:58:29.435000+00:00,2026-09-16 11:58:29.435000+02:00,2026-09-16,C:\Users\nikla\OneDrive\Documents\01_Uni\01_Master\00_Masterarbeit\sim_par_ink_prop\laboratory_measurement_L-Com\measurement_data\Messdaten_2026-10-05_16-50-09.csv|Probe=12|Date=2026-09-16,1,0.5666761111111112,0.5666761111111112,True,0.5666761111111112,1545.628835421231,1004.6324197194394,-2.0388354212311697,1545.6301641490131,1004.632535952845,1.8202061095451008,3.6161570111388923,3.6404122190902015,0.0,90.92322466022581,1543.591328464188,1005.0080822874826,-0.26125731625688786,0.4988783289932144,0.23762101273632652,0.2699999999999818
1072,2026-09-16,12:00:29.437,+02:00,38,12,110.0,1099.99,0.0,0.0,0.0,0.0,0.0,100.0,1005.016,0.00125601,0.004638672,1543.56,0.006977336,0.03601074,23.78144,0.001467429,1497.952,0.0001280637,6.889557,1.835282e-05,100,1,1,1,Messdaten_2026-10-05_16-50-09.csv,C:\Users\nikla\OneDrive\Documents\01_Uni\01_Master\00_Masterarbeit\sim_par_ink_prop\laboratory_measurement_L-Com\measurement_data\Messdaten_2026-10-05_16-50-09.csv,1073,2026-09-16 10:00:29.437000+00:00,2026-09-16 12:00:29.437000+02:00,2026-09-16,C:\Users\nikla\OneDrive\Documents\01_Uni\01_Master\00_Masterarbeit\sim_par_ink_prop\laboratory_measurement_L-Com\measurement_data\Messdaten_2026-10-05_16-50-09.csv|Probe=12|Date=2026-09-16,1,0.60001,0.60001,True,0.60001,1545.6217902791866,1004.6342943382687,-2.0617902791866527,1545.6232118625098,1004.6344187131822,1.820324439905107,3.6149652253522393,3.640648879810214,0.0,90.92406145493244,1543.558769574922,1005.0152098693326,-0.2843050297535683,0.4893671532238386,0.2050621234702703,0.2400000000000091
1073,2026-09-16,12:02:29.439,+02:00,39,12,110.0,1099.99,0.0,0.0,0.0,0.0,0.0,100.0,1005.019,0.0009029109,0.004150391,1543.547,0.00608387,0.02893066,23.77997,0.0005697883,1497.952,0.0002776349,6.88959,1.63191e-05,100,1,1,1,Messdaten_2026-10-05_16-50-09.csv,C:\Users\nikla\OneDrive\Documents\01_Uni\01_Master\00_Masterarbeit\sim_par_ink_prop\laboratory_measurement_L-Com\measurement_data\Messdaten_2026-10-05_16-50-09.csv,1074,2026-09-16 10:02:29.439000+00:00,2026-09-16 12:02:29.439000+02:00,2026-09-16,C:\Users\nikla\OneDrive\Documents\01_Uni\01_Master\00_Masterarbeit\sim_par_ink_prop\laboratory_measurement_L-Com\measurement_data\Messdaten_2026-10-05_16-50-09.csv|Probe=12|Date=2026-09-16,1,0.6333438888888889,0.6333438888888889,True,0.6333438888888889,1545.6113533358457,1004.6368338743547,-2.0643533358456807,1545.6128549861467,1004.6369652744654,1.820442785651266,3.6137732846011468,3.640885571302532,0.0,90.92489835844506,1543.5466122882497,1005.0186749121019,-0.28694815339031265,0.47985299018819205,0.1929048367978794,0.22700000000008913
1074,2026-09-16,12:04:29.441,+02:00,40,12,110.0,1099.99,0.0,0.0,0.0,0.0,0.0,100.0,1005.021,0.0005368974,0.002319336,1543.545,0.006056764,0.02941895,23.78256,0.001022804,1497.954,0.0003278682,6.889599,1.618304e-05,100,1,1,1,Messdaten_2026-10-05_16-50-09.csv,C:\Users\nikla\OneDrive\Documents\01_Uni\01_Master\00_Masterarbeit\sim_par_ink_prop\laboratory_measurement_L-Com\measurement_data\Messdaten_2026-10-05_16-50-09.csv,1075,2026-09-16 10:04:29.441000+00:00,2026-09-16 12:04:29.441000+02:00,2026-09-16,C:\Users\nikla\OneDrive\Documents\01_Uni\01_Master\00_Masterarbeit\sim_par_ink_prop\laboratory_measurement_L-Com\measurement_data\Messdaten_2026-10-05_16-50-09.csv|Probe=12|Date=2026-09-16,1,0.6666777777777778,0.6666777777777778,True,0.6666777777777778,1545.6048375950186,1004.6396451679234,-2.0598375950185073,1545.606414165666,1004.6397831450527,1.8205611467865785,3.612581188855388,3.641122293573157,0.0,90.92573537078488,1543.541535942934,1005.0208699163383,-0.2825073329095176,0.4703358243916682,0.18782849148215064,0.22500000000013642
1075,2026-09-16,12:06:29.443,+02:00,41,12,110.0,1099.99,0.0,0.0,0.0,0.0,0.0,100.0,1005.023,0.0007276654,0.003356934,1543.541,0.005747997,0.03137207,23.78623,0.001017492,1497.955,0.0002990377,6.889608,1.537477e-05,100,1,1,1,Messdaten_2026-10-05_16-50-09.csv,C:\Users\nikla\OneDrive\Documents\01_Uni\01_Master\00_Masterarbeit\sim_par_ink_prop\laboratory_measurement_L-Com\measurement_data\Messdaten_2026-10-05_16-50-09.csv,1076,2026-09-16 10:06:29.443000+00:00,2026-09-16 12:06:29.443000+02:00,2026-09-16,C:\Users\nikla\OneDrive\Documents\01_Uni\01_Master\00_Masterarbeit\sim_par_ink_prop\laboratory_measurement_L-Com\measurement_data\Messdaten_2026-10-05_16-50-09.csv|Probe=12|Date=2026-09-16,1,0.7000116666666667,0.7000116666666667,True,0.7000116666666667,1545.594439800191,1004.6427947615595,-2.053439800190972,1545.5960894148204,1004.6429391535006,1.8206795233140465,3.6113889380847297,3.641359046628093,0.0,90.92657249197312,1543.5383405096763,1005.0227280624575,-0.2761825820641661,0.4608156402887289,0.18463305822456277,0.22100000000000364
1076,2026-09-16,12:08:29.445,+02:00,42,12,110.0,1099.99,0.0,0.0,0.0,0.0,0.0,100.0,1005.024,0.0007077811,0.004211426,1543.541,0.005575548,0.02734375,23.79056,0.001588016,1497.956,0.0003629722,6.889609,1.486436e-05,100,1,1,1,Messdaten_2026-10-05_16-50-09.csv,C:\Users\nikla\OneDrive\Documents\01_Uni\01_Master\00_Masterarbeit\sim_par_ink_prop\laboratory_measurement_L-Com\measurement_data\Messdaten_2026-10-05_16-50-09.csv,1077,2026-09-16 10:08:29.445000+00:00,2026-09-16 12:08:29.445000+02:00,2026-09-16,C:\Users\nikla\OneDrive\Documents\01_Uni\01_Master\00_Masterarbeit\sim_par_ink_prop\laboratory_measurement_L-Com\measurement_data\Messdaten_2026-10-05_16-50-09.csv|Probe=12|Date=2026-09-16,1,0.7333455555555555,0.7333455555555555,True,0.7333455555555555,1545.5868928923137,1004.6451510941757,-2.045892892313759,1545.5886140654245,1004.6453017728537,1.8207979152366731,3.61019653225893,3.6415958304733462,0.0,90.92740972203106,1543.5362926410714,1005.0243808864568,-0.26870723266824825,0.45129242228790645,0.1825851896196582,0.22100000000000364
1077,2026-09-16,12:10:29.447,+02:00,43,12,110.0,1099.99,0.0,0.0,0.0,0.0,0.0,100.0,1005.026,0.0008170103,0.003479004,1543.537,0.005789681,0.03076172,23.79432,0.0009085042,1497.957,0.0002978272,6.889623,1.550478e-05,100,1,1,1,Messdaten_2026-10-05_16-50-09.csv,C:\Users\nikla\OneDrive\Documents\01_Uni\01_Master\00_Masterarbeit\sim_par_ink_prop\laboratory_measurement_L-Com\measurement_data\Messdaten_2026-10-05_16-50-09.csv,1078,2026-09-16 10:10:29.447000+00:00,2026-09-16 12:10:29.447000+02:00,2026-09-16,C:\Users\nikla\OneDrive\Documents\01_Uni\01_Master\00_Masterarbeit\sim_par_ink_prop\laboratory_measurement_L-Com\measurement_data\Messdaten_2026-10-05_16-50-09.csv|Probe=12|Date=2026-09-16,1,0.7666794444444444,0.7666794444444444,True,0.7666794444444444,1545.5763407255452,1004.6483288796032,-2.0393407255451166,1545.5781336753726,1004.6484858660227,1.820916322557461,3.6090039713477373,3.641832645114922,0.0,90.92824706097988,1543.5332467635935,1005.026213534533,-0.2622268426162009,0.4417661547579428,0.1795393121417419,0.21700000000009823
1078,2026-09-16,12:12:29.449,+02:00,44,12,110.0,1099.99,0.0,0.0,0.0,0.0,0.0,100.0,1005.028,0.0007387559,0.003173828,1543.529,0.005705449,0.03222656,23.79676,0.0005523563,1497.958,0.000256981,6.889644,1.527209e-05,100,1,1,1,Messdaten_2026-10-05_16-50-09.csv,C:\Users\nikla\OneDrive\Documents\01_Uni\01_Master\00_Masterarbeit\sim_par_ink_prop\laboratory_measurement_L-Com\measurement_data\Messdaten_2026-10-05_16-50-09.csv,1079,2026-09-16 10:12:29.449000+00:00,2026-09-16 12:12:29.449000+02:00,2026-09-16,C:\Users\nikla\OneDrive\Documents\01_Uni\01_Master\00_Masterarbeit\sim_par_ink_prop\laboratory_measurement_L-Com\measurement_data\Messdaten_2026-10-05_16-50-09.csv|Probe=12|Date=2026-09-16,1,0.8000133333333332,0.8000133333333332,True,0.8000133333333332,1545.564089418353,1004.6510931871987,-2.0350894183529817,1545.5659556369076,1004.6512566138912,1.8210347452794153,3.6078112553208963,3.6420694905588307,0.0,90.92908450884086,1543.527895469331,1005.0284608349748,-0.2580488041512581,0.43223682203051794,0.17418801787925986,0.20900000000006003
1079,2026-09-16,12:14:29.451,+02:00,45,12,110.0,1099.99,0.0,0.0,0.0,0.0,0.0,100.0,1005.03,0.000831874,0.003356934,1543.524,0.006696627,0.03955078,23.79944,0.000794709,1497.959,0.0002604745,6.889658,1.793207e-05,100,1,1,1,Messdaten_2026-10-05_16-50-09.csv,C:\Users\nikla\OneDrive\Documents\01_Uni\01_Master\00_Masterarbeit\sim_par_ink_prop\laboratory_measurement_L-Com\measurement_data\Messdaten_2026-10-05_16-50-09.csv,1080,2026-09-16 10:14:29.451000+00:00,2026-09-16 12:14:29.451000+02:00,2026-09-16,C:\Users\nikla\OneDrive\Documents\01_Uni\01_Master\00_Masterarbeit\sim_par_ink_prop\laboratory_measurement_L-Com\measurement_data\Messdaten_2026-10-05_16-50-09.csv|Probe=12|Date=2026-09-16,1,0.8333472222222222,0.8333472222222222,True,0.8333472222222222,1545.5544205220301,1004.6539326726181,-2.0304205220302265,1545.5563592349044,1004.6541024737164,1.8211531834055403,3.6066183841481383,3.6423063668110807,0.0,90.92992206563524,1543.5229594577122,1005.0306343397589,-0.25345240214824116,0.42270440840866286,0.1692520062604217,0.2039999999999509
1080,2026-09-16,12:16:29.453,+02:00,46,12,110.0,1099.99,0.0,0.0,0.0,0.0,0.0,100.0,1005.033,0.0009466303,0.00402832,1543.517,0.005021779,0.02246094,23.8022,0.0005680739,1497.96,0.0002511305,6.889678,1.342012e-05,100,1,1,1,Messdaten_2026-10-05_16-50-09.csv,C:\Users\nikla\OneDrive\Documents\01_Uni\01_Master\00_Masterarbeit\sim_par_ink_prop\laboratory_measurement_L-Com\measurement_data\Messdaten_2026-10-05_16-50-09.csv,1081,2026-09-16 10:16:29.453000+00:00,2026-09-16 12:16:29.453000+02:00,2026-09-16,C:\Users\nikla\OneDrive\Documents\01_Uni\01_Master\00_Masterarbeit\sim_par_ink_prop\laboratory_measurement_L-Com\measurement_data\Messdaten_2026-10-05_16-50-09.csv|Probe=12|Date=2026-09-16,1,0.8666811111111111,0.8666811111111111,True,0.8666811111111111,1545.5426128818729,1004.6577972173342,-2.025612881872803,1545.5446235378442,1004.6579733464841,1.821271636938842,3.6054253577991924,3.642543273877684,0.0,90.9307597313843,1543.518159644533,1005.0327841571952,-0.24871670508787247,0.4131688981690331,0.16445219308116066,0.19700000000011642
1081,2026-09-16,12:18:29.455,+02:00,47,12,110.0,1099.99,0.0,0.0,0.0,0.0,0.0,100.0,1005.035,0.0009480675,0.004211426,1543.508,0.005584674,0.03393555,23.8036,0.0005244505,1497.961,0.0002785361,6.889702,1.490718e-05,100,1,1,1,Messdaten_2026-10-05_16-50-09.csv,C:\Users\nikla\OneDrive\Documents\01_Uni\01_Master\00_Masterarbeit\sim_par_ink_prop\laboratory_measurement_L-Com\measurement_data\Messdaten_2026-10-05_16-50-09.csv,1082,2026-09-16 10:18:29.455000+00:00,2026-09-16 12:18:29.455000+02:00,2026-09-16,C:\Users\nikla\OneDrive\Documents\01_Uni\01_Master\00_Masterarbeit\sim_par_ink_prop\laboratory_measurement_L-Com\measurement_data\Messdaten_2026-10-05_16-50-09.csv|Probe=12|Date=2026-09-16,1,0.900015,0.900015,True,0.900015,1545.5311744667426,1004.6602357545207,-2.023174466742603,1545.5332590096361,1004.6604183838887,1.8213901058823272,3.604232176243776,3.6427802117646544,0.0,90.93159750610924,1543.5109855501435,1005.0353611449435,-0.24635217687978184,0.4036302755714587,0.15727809869167686,0.18800000000010186
1082,2026-09-16,12:20:29.457,+02:00,48,12,110.0,1099.99,0.0,0.0,0.0,0.0,0.0,100.0,1005.037,0.001041365,0.004150391,1543.502,0.006149745,0.03283691,23.80579,0.0007755379,1497.962,0.0003155922,6.889718,1.645768e-05,100,1,1,1,Messdaten_2026-10-05_16-50-09.csv,C:\Users\nikla\OneDrive\Documents\01_Uni\01_Master\00_Masterarbeit\sim_par_ink_prop\laboratory_measurement_L-Com\measurement_data\Messdaten_2026-10-05_16-50-09.csv,1083,2026-09-16 10:20:29.457000+00:00,2026-09-16 12:20:29.457000+02:00,2026-09-16,C:\Users\nikla\OneDrive\Documents\01_Uni\01_Master\00_Masterarbeit\sim_par_ink_prop\laboratory_measurement_L-Com\measurement_data\Messdaten_2026-10-05_16-50-09.csv|Probe=12|Date=2026-09-16,1,0.9333488888888889,0.9333488888888889,True,0.9333488888888889,1545.5213604167452,1004.6629217519927,-2.0193604167452577,1545.5235171664551,1004.6631107363489,1.8215085902390027,3.6030388394515995,3.6430171804780054,0.0,90.93243538983138,1543.5051856426153,1005.0376921619966,-0.242610333698849,0.39408852486235446,0.15147819116350547,0.18200000000001637
1083,2026-09-16,12:22:29.459,+02:00,49,12,110.0,1099.99,0.0,0.0,0.0,0.0,0.0,100.0,1005.04,0.0008256455,0.003601074,1543.496,0.005335557,0.02624512,23.80869,0.0007385613,1497.964,0.0002487215,6.889737,1.428075e-05,100,1,1,1,Messdaten_2026-10-05_16-50-09.csv,C:\Users\nikla\OneDrive\Documents\01_Uni\01_Master\00_Masterarbeit\sim_par_ink_prop\laboratory_measurement_L-Com\measurement_data\Messdaten_2026-10-05_16-50-09.csv,1084,2026-09-16 10:22:29.459000+00:00,2026-09-16 12:22:29.459000+02:00,2026-09-16,C:\Users\nikla\OneDrive\Documents\01_Uni\01_Master\00_Masterarbeit\sim_par_ink_prop\laboratory_measurement_L-Com\measurement_data\Messdaten_2026-10-05_16-50-09.csv|Probe=12|Date=2026-09-16,1,0.9666827777777778,0.9666827777777778,True,0.9666827777777778,1545.5103104640352,1004.6668301505015,-2.014310464035134,1545.5125377395582,1004.6670253444681,1.8216270900118778,3.6018453473923677,3.6432541800237557,0.0,90.93327338257201,1543.5006201749325,1005.0398022772148,-0.23763090680176902,0.384543630282451,0.14691272348068196,0.17600000000015825
1084,2026-09-16,12:24:29.461,+02:00,50,12,110.0,1099.99,0.0,0.0,0.0,0.0,0.0,100.0,1005.042,0.000713924,0.003234863,1543.489,0.004729435,0.02001953,23.81126,0.00108731,1497.965,0.000338778,6.889756,1.26809e-05,100,1,1,1,Messdaten_2026-10-05_16-50-09.csv,C:\Users\nikla\OneDrive\Documents\01_Uni\01_Master\00_Masterarbeit\sim_par_ink_prop\laboratory_measurement_L-Com\measurement_data\Messdaten_2026-10-05_16-50-09.csv,1085,2026-09-16 10:24:29.461000+00:00,2026-09-16 12:24:29.461000+02:00,2026-09-16,C:\Users\nikla\OneDrive\Documents\01_Uni\01_Master\00_Masterarbeit\sim_par_ink_prop\laboratory_measurement_L-Com\measurement_data\Messdaten_2026-10-05_16-50-09.csv|Probe=12|Date=2026-09-16,1,1.0000166666666666,1.0000166666666666,True,1.0000166666666666,1545.4988357476195,1004.669635179553,-2.0098357476194906,1545.5011337441408,1004.6698366020955,1.82174560520396,3.6006517000357725,3.64349121040792,0.0,90.93411148435234,1543.495476116144,1005.0420171062657,-0.23322691138446316,0.3749955760765715,0.14176866469210836,0.1690000000000964
1085,2026-09-16,12:26:29.463,+02:00,51,12,110.0,1099.99,0.0,0.0,0.0,0.0,0.0,100.0,1005.044,0.00085825,0.004394531,1543.486,0.005189331,0.02282715,23.81535,0.001209084,1497.966,0.0003497606,6.889764,1.388728e-05,100,1,1,1,Messdaten_2026-10-05_16-50-09.csv,C:\Users\nikla\OneDrive\Documents\01_Uni\01_Master\00_Masterarbeit\sim_par_ink_prop\laboratory_measurement_L-Com\measurement_data\Messdaten_2026-10-05_16-50-09.csv,1086,2026-09-16 10:26:29.463000+00:00,2026-09-16 12:26:29.463000+02:00,2026-09-16,C:\Users\nikla\OneDrive\Documents\01_Uni\01_Master\00_Masterarbeit\sim_par_ink_prop\laboratory_measurement_L-Com\measurement_data\Messdaten_2026-10-05_16-50-09.csv|Probe=12|Date=2026-09-16,1,1.0333505555555555,1.0333505555555555,True,1.0333505555555555,1545.488715642889,1004.6729163347914,-2.0027156428889157,1545.4910809239957,1004.6731236865902,1.8218641358182606,3.599457897351504,3.643728271636521,0.0,90.93494969519372,1543.4929777067086,1005.0437574813544,-0.22617409123927246,0.3654443464961332,0.13927025525686076,0.16600000000016735
1086,2026-09-16,12:28:29.465,+02:00,52,12,110.0,1099.99,0.0,0.0,0.0,0.0,0.0,100.0,1005.046,0.000846634,0.00390625,1543.482,0.005504188,0.03015137,23.81949,0.0008326562,1497.967,0.0003114757,6.889777,1.47124e-05,100,1,1,1,Messdaten_2026-10-05_16-50-09.csv,C:\Users\nikla\OneDrive\Documents\01_Uni\01_Master\00_Masterarbeit\sim_par_ink_prop\laboratory_measurement_L-Com\measurement_data\Messdaten_2026-10-05_16-50-09.csv,1087,2026-09-16 10:28:29.465000+00:00,2026-09-16 12:28:29.465000+02:00,2026-09-16,C:\Users\nikla\OneDrive\Documents\01_Uni\01_Master\00_Masterarbeit\sim_par_ink_prop\laboratory_measurement_L-Com\measurement_data\Messdaten_2026-10-05_16-50-09.csv|Probe=12|Date=2026-09-16,1,1.0666844444444443,1.0666844444444443,True,1.0666844444444443,1545.477509917167,1004.6762131521431,-1.9955099171670554,1545.479941786947,1004.6764263739672,1.8219826818577884,3.5982639393092386,3.643965363715577,0.0,90.93578801511741,1543.4905624230728,1005.0454836360767,-0.2190349541906471,0.3558899258116526,0.13685497162100546,0.16200000000003456
1087,2026-09-16,12:30:29.467,+02:00,53,12,110.0,1099.99,0.0,0.0,0.0,0.0,0.0,100.0,1005.047,0.0007116,0.002929688,1543.478,0.005684227,0.03234863,23.82349,0.001097602,1497.968,0.0003191586,6.889787,1.526078e-05,100,1,1,1,Messdaten_2026-10-05_16-50-09.csv,C:\Users\nikla\OneDrive\Documents\01_Uni\01_Master\00_Masterarbeit\sim_par_ink_prop\laboratory_measurement_L-Com\measurement_data\Messdaten_2026-10-05_16-50-09.csv,1088,2026-09-16 10:30:29.467000+00:00,2026-09-16 12:30:29.467000+02:00,2026-09-16,C:\Users\nikla\OneDrive\Documents\01_Uni\01_Master\00_Masterarbeit\sim_par_ink_prop\laboratory_measurement_L-Com\measurement_data\Messdaten_2026-10-05_16-50-09.csv|Probe=12|Date=2026-09-16,1,1.1000183333333333,1.1000183333333333,True,1.1000183333333333,1545.466549222274,1004.6784661158337,-1.9885492222738321,1545.4690473796488,1004.6786851830374,1.822101243325556,3.5970698258786493,3.644202486651112,0.0,90.93662644414468,1543.4878992028791,1005.0472550612741,-0.21214054689244222,0.34633229831979406,0.13419175142735185,0.15800000000012915
1088,2026-09-16,12:32:29.469,+02:00,54,12,110.0,1099.99,0.0,0.0,0.0,0.0,0.0,100.0,1005.05,0.0007046481,0.002990723,1543.471,0.005182934,0.02612305,23.8255,0.0005768818,1497.969,0.0003113669,6.889807,1.388058e-05,100,1,1,1,Messdaten_2026-10-05_16-50-09.csv,C:\Users\nikla\OneDrive\Documents\01_Uni\01_Master\00_Masterarbeit\sim_par_ink_prop\laboratory_measurement_L-Com\measurement_data\Messdaten_2026-10-05_16-50-09.csv,1089,2026-09-16 10:32:29.469000+00:00,2026-09-16 12:32:29.469000+02:00,2026-09-16,C:\Users\nikla\OneDrive\Documents\01_Uni\01_Master\00_Masterarbeit\sim_par_ink_prop\laboratory_measurement_L-Com\measurement_data\Messdaten_2026-10-05_16-50-09.csv|Probe=12|Date=2026-09-16,1,1.1333522222222223,1.1333522222222223,True,1.1333522222222223,1545.4560519773338,1004.6820957301126,-1.9850519773337965,1545.4586201952552,1004.6823209752697,1.822219820224575,3.5958755570293994,3.64443964044915,0.0,90.93746498229689,1543.4817655373047,1005.0496509051686,-0.20871336249888373,0.33677144835178296,0.12805808585289924,0.1510000000000673
1089,2026-09-16,12:34:29.471,+02:00,55,12,110.0,1099.99,0.0,0.0,0.0,0.0,0.0,100.0,1005.052,0.0007822519,0.003356934,1543.468,0.005603736,0.02539063,23.8289,0.0008443422,1497.971,0.0002854615,6.889816,1.504669e-05,100,1,1,1,Messdaten_2026-10-05_16-50-09.csv,C:\Users\nikla\OneDrive\Documents\01_Uni\01_Master\00_Masterarbeit\sim_par_ink_prop\laboratory_measurement_L-Com\measurement_data\Messdaten_2026-10-05_16-50-09.csv,1090,2026-09-16 10:34:29.471000+00:00,2026-09-16 12:34:29.471000+02:00,2026-09-16,C:\Users\nikla\OneDrive\Documents\01_Uni\01_Master\00_Masterarbeit\sim_par_ink_prop\laboratory_measurement_L-Com\measurement_data\Messdaten_2026-10-05_16-50-09.csv|Probe=12|Date=2026-09-16,1,1.166686111111111,1.166686111111111,True,1.166686111111111,1545.4471370075064,1004.6851607493277,-1.9791370075063242,1545.4497718300834,1004.6853918712026,1.8223384125578581,3.594681132731144,3.6446768251157162,0.0,90.93830362959528,1543.478049814407,1005.0516130569488,-0.2028649973269694,0.32720736028227293,0.12434236295530354,0.14800000000013824
1090,2026-09-16,12:36:29.473,+02:00,56,12,110.0,1099.99,0.0,0.0,0.0,0.0,0.0,100.0,1005.054,0.0007723745,0.003479004,1543.462,0.005349908,0.02526855,23.83229,0.0009360686,1497.972,0.0003402853,6.889833,1.429445e-05,100,1,1,1,Messdaten_2026-10-05_16-50-09.csv,C:\Users\nikla\OneDrive\Documents\01_Uni\01_Master\00_Masterarbeit\sim_par_ink_prop\laboratory_measurement_L-Com\measurement_data\Messdaten_2026-10-05_16-50-09.csv,1091,2026-09-16 10:36:29.473000+00:00,2026-09-16 12:36:29.473000+02:00,2026-09-16,C:\Users\nikla\OneDrive\Documents\01_Uni\01_Master\00_Masterarbeit\sim_par_ink_prop\laboratory_measurement_L-Com\measurement_data\Messdaten_2026-10-05_16-50-09.csv|Probe=12|Date=2026-09-16,1,1.20002,1.20002,True,1.20002,1545.4352403956707,1004.6882226361803,-1.9732403956707003,1545.437941343265,1004.6884595944489,1.8224570203284196,3.593486552953531,3.644914040656839,0.0,90.93914238606122,1543.474312959486,1005.0535798027597,-0.197034510508729,0.3176400185429884,0.1206055080342594,0.14200000000005275
1091,2026-09-16,12:38:29.475,+02:00,57,12,110.0,1099.99,0.0,0.0,0.0,0.0,0.0,100.0,1005.056,0.0007901122,0.003479004,1543.458,0.005488573,0.02575684,23.83619,0.001107953,1497.973,0.0003594825,6.889844,1.468663e-05,100,1,1,1,Messdaten_2026-10-05_16-50-09.csv,C:\Users\nikla\OneDrive\Documents\01_Uni\01_Master\00_Masterarbeit\sim_par_ink_prop\laboratory_measurement_L-Com\measurement_data\Messdaten_2026-10-05_16-50-09.csv,1092,2026-09-16 10:38:29.475000+00:00,2026-09-16 12:38:29.475000+02:00,2026-09-16,C:\Users\nikla\OneDrive\Documents\01_Uni\01_Master\00_Masterarbeit\sim_par_ink_prop\laboratory_measurement_L-Com\measurement_data\Messdaten_2026-10-05_16-50-09.csv|Probe=12|Date=2026-09-16,1,1.2333538888888889,1.2333538888888889,True,1.2333538888888889,1545.4244578701043,1004.6914442759794,-1.96645787010425,1545.4272232295993,1004.6916869220904,1.8225756435392726,3.5922918176661978,3.645151287078545,0.0,90.93998125171598,1543.4714604622354,1005.0553883753029,-0.19031639684294532,0.30806940762658996,0.11775301078364464,0.13800000000014734
1092,2026-09-16,12:40:29.477,+02:00,58,12,110.0,1099.99,0.0,0.0,0.0,0.0,0.0,100.0,1005.057,0.0006881824,0.003356934,1543.456,0.005532397,0.02380371,23.84031,0.001371994,1497.974,0.0003730339,6.889852,1.475922e-05,100,1,1,1,Messdaten_2026-10-05_16-50-09.csv,C:\Users\nikla\OneDrive\Documents\01_Uni\01_Master\00_Masterarbeit\sim_par_ink_prop\laboratory_measurement_L-Com\measurement_data\Messdaten_2026-10-05_16-50-09.csv,1093,2026-09-16 10:40:29.477000+00:00,2026-09-16 12:40:29.477000+02:00,2026-09-16,C:\Users\nikla\OneDrive\Documents\01_Uni\01_Master\00_Masterarbeit\sim_par_ink_prop\laboratory_measurement_L-Com\measurement_data\Messdaten_2026-10-05_16-50-09.csv|Probe=12|Date=2026-09-16,1,1.2666877777777779,1.2666877777777779,True,1.2666877777777779,1545.415294120436,1004.6937348288598,-1.9592941204361978,1545.41812279047,1004.6939830678656,1.8226942821934335,3.5910969268387807,3.645388564386867,0.0,90.94082022658091,1543.4689870058455,1005.057129570648,-0.18321595771385546,0.29849551210759273,0.11527955439373727,0.13599999999996726
1093,2026-09-16,12:42:29.479,+02:00,59,12,110.0,1099.99,0.0,0.0,0.0,0.0,0.0,100.0,1005.059,0.0006314014,0.003051758,1543.451,0.004988845,0.02502441,23.84494,0.001135236,1497.976,0.0003650562,6.889864,1.332639e-05,100,1,1,1,Messdaten_2026-10-05_16-50-09.csv,C:\Users\nikla\OneDrive\Documents\01_Uni\01_Master\00_Masterarbeit\sim_par_ink_prop\laboratory_measurement_L-Com\measurement_data\Messdaten_2026-10-05_16-50-09.csv,1094,2026-09-16 10:42:29.479000+00:00,2026-09-16 12:42:29.479000+02:00,2026-09-16,C:\Users\nikla\OneDrive\Documents\01_Uni\01_Master\00_Masterarbeit\sim_par_ink_prop\laboratory_measurement_L-Com\measurement_data\Messdaten_2026-10-05_16-50-09.csv|Probe=12|Date=2026-09-16,1,1.3000216666666669,1.3000216666666669,True,1.3000216666666669,1545.4022452880545,1004.6971851347269,-1.9512452880544515,1545.405135400556,1004.6974388043537,1.822812936293918,3.5899018804409,3.645625872587836,0.0,90.94165931067735,1543.4673972002954,1005.0587126260385,-0.17522856779964968,0.28891831664327583,0.11368974884362615,0.1310000000000855
1094,2026-09-16,12:44:29.481,+02:00,60,12,110.0,1099.99,0.0,0.0,0.0,0.0,0.0,100.0,1005.061,0.001337665,0.00567627,1543.447,0.0091997,0.03991699,23.8484,0.0009229684,1497.977,0.0002318038,6.889878,2.45044e-05,100,1,1,1,Messdaten_2026-10-05_16-50-09.csv,C:\Users\nikla\OneDrive\Documents\01_Uni\01_Master\00_Masterarbeit\sim_par_ink_prop\laboratory_measurement_L-Com\measurement_data\Messdaten_2026-10-05_16-50-09.csv,1095,2026-09-16 10:44:29.481000+00:00,2026-09-16 12:44:29.481000+02:00,2026-09-16,C:\Users\nikla\OneDrive\Documents\01_Uni\01_Master\00_Masterarbeit\sim_par_ink_prop\laboratory_measurement_L-Com\measurement_data\Messdaten_2026-10-05_16-50-09.csv|Probe=12|Date=2026-09-16,1,1.3333555555555556,1.3333555555555556,True,1.3333555555555556,1545.392231563188,1004.7002689486711,-1.9452315631881447,1545.3951854652798,1004.7005282565187,1.822931605843743,3.5887066784421724,3.645863211687486,0.0,90.94249850402659,1543.4637666249234,1005.0606634263484,-0.1692786325236284,0.2793378059952829,0.1100591734716545,0.1269999999999527
1095,2026-09-16,12:46:29.483,+02:00,61,12,110.0,1099.99,0.0,0.0,0.0,0.0,0.0,100.0,1005.067,0.001587255,0.008056641,1543.415,0.008327319,0.04248047,23.84014,0.002671629,1497.976,0.0001097331,6.889961,2.170986e-05,100,1,1,1,Messdaten_2026-10-05_16-50-09.csv,C:\Users\nikla\OneDrive\Documents\01_Uni\01_Master\00_Masterarbeit\sim_par_ink_prop\laboratory_measurement_L-Com\measurement_data\Messdaten_2026-10-05_16-50-09.csv,1096,2026-09-16 10:46:29.483000+00:00,2026-09-16 12:46:29.483000+02:00,2026-09-16,C:\Users\nikla\OneDrive\Documents\01_Uni\01_Master\00_Masterarbeit\sim_par_ink_prop\laboratory_measurement_L-Com\measurement_data\Messdaten_2026-10-05_16-50-09.csv|Probe=12|Date=2026-09-16,1,1.3666894444444446,1.3666894444444446,True,1.3666894444444446,1545.3745896840032,1004.7036815778898,-1.9595896840032765,1545.3776376778565,1004.703949185512,1.8230502908459254,3.587511320812206,3.646100581691851,0.0,90.94333780665,1543.4397305713867,1005.0662842202692,-0.1837308451001718,0.2697539650350791,0.0860231199349073,0.09500000000002728
1096,2026-09-16,12:48:29.485,+02:00,62,12,110.0,1099.99,0.0,0.0,0.0,0.0,0.0,100.0,1005.071,0.0009017533,0.003662109,1543.394,0.006149748,0.02868652,23.83417,0.0006917318,1497.976,0.0002189821,6.890013,1.6319e-05,100,1,1,1,Messdaten_2026-10-05_16-50-09.csv,C:\Users\nikla\OneDrive\Documents\01_Uni\01_Master\00_Masterarbeit\sim_par_ink_prop\laboratory_measurement_L-Com\measurement_data\Messdaten_2026-10-05_16-50-09.csv,1097,2026-09-16 10:48:29.485000+00:00,2026-09-16 12:48:29.485000+02:00,2026-09-16,C:\Users\nikla\OneDrive\Documents\01_Uni\01_Master\00_Masterarbeit\sim_par_ink_prop\laboratory_measurement_L-Com\measurement_data\Messdaten_2026-10-05_16-50-09.csv|Probe=12|Date=2026-09-16,1,1.4000233333333334,1.4000233333333334,True,1.4000233333333334,1545.3639707119435,1004.705811529204,-1.9699707119434606,1545.367107599752,1004.7060869827362,1.8231689913034845,3.5863158075206014,3.646337982606969,0.0,90.94417721856895,1543.4196734632217,1005.0711896262425,-0.1942007669956638,0.2601667787655515,0.0659660117698877,0.07400000000006912
1097,2026-09-16,12:50:29.487,+02:00,63,12,110.0,1099.99,0.0,0.0,0.0,0.0,0.0,100.0,1005.073,0.0006598837,0.003417969,1543.393,0.0050113,0.02453613,23.83655,0.001259064,1497.978,0.0003623912,6.890018,1.334344e-05,100,1,1,1,Messdaten_2026-10-05_16-50-09.csv,C:\Users\nikla\OneDrive\Documents\01_Uni\01_Master\00_Masterarbeit\sim_par_ink_prop\laboratory_measurement_L-Com\measurement_data\Messdaten_2026-10-05_16-50-09.csv,1098,2026-09-16 10:50:29.487000+00:00,2026-09-16 12:50:29.487000+02:00,2026-09-16,C:\Users\nikla\OneDrive\Documents\01_Uni\01_Master\00_Masterarbeit\sim_par_ink_prop\laboratory_measurement_L-Com\measurement_data\Messdaten_2026-10-05_16-50-09.csv|Probe=12|Date=2026-09-16,1,1.4333572222222224,1.4333572222222224,True,1.4333572222222224,1545.358831854864,1004.7085570427333,-1.9658318548640636,1545.3620353148176,1004.7088383845338,1.8232877072194387,3.58512013853695,3.6465754144388773,0.0,90.94501673980473,1543.4141552017195,1005.0734829177652,-0.19012848206125454,0.2505762323289673,0.06044775026771276,0.07300000000009277
1098,2026-09-16,12:52:29.489,+02:00,64,12,110.0,1099.99,0.0,0.0,0.0,0.0,0.0,100.0,1005.075,0.0006251326,0.002563477,1543.392,0.004792701,0.0213623,23.8409,0.001463221,1497.979,0.0004428157,6.890022,1.275736e-05,100,1,1,1,Messdaten_2026-10-05_16-50-09.csv,C:\Users\nikla\OneDrive\Documents\01_Uni\01_Master\00_Masterarbeit\sim_par_ink_prop\laboratory_measurement_L-Com\measurement_data\Messdaten_2026-10-05_16-50-09.csv,1099,2026-09-16 10:52:29.489000+00:00,2026-09-16 12:52:29.489000+02:00,2026-09-16,C:\Users\nikla\OneDrive\Documents\01_Uni\01_Master\00_Masterarbeit\sim_par_ink_prop\laboratory_measurement_L-Com\measurement_data\Messdaten_2026-10-05_16-50-09.csv|Probe=12|Date=2026-09-16,1,1.466691111111111,1.466691111111111,True,1.466691111111111,1545.350268359727,1004.7119196410496,-1.9582683597268442,1545.3535324712836,1004.7122063529192,1.8234064385968085,3.5839243138308383,3.646812877193617,0.0,90.94585637037873,1543.4120641239494,1005.0751611426514,-0.18262563852726998,0.24098231102493628,0.058356672497666295,0.07200000000011642
1099,2026-09-16,12:54:29.491,+02:00,65,12,110.0,1099.99,0.0,0.0,0.0,0.0,0.0,100.0,1005.075,0.0007049919,0.002746582,1543.392,0.005046666,0.0291748,23.84657,0.001359298,1497.981,0.0003792464,6.890022,1.351599e-05,100,1,1,1,Messdaten_2026-10-05_16-50-09.csv,C:\Users\nikla\OneDrive\Documents\01_Uni\01_Master\00_Masterarbeit\sim_par_ink_prop\laboratory_measurement_L-Com\measurement_data\Messdaten_2026-10-05_16-50-09.csv,1100,2026-09-16 10:54:29.491000+00:00,2026-09-16 12:54:29.491000+02:00,2026-09-16,C:\Users\nikla\OneDrive\Documents\01_Uni\01_Master\00_Masterarbeit\sim_par_ink_prop\laboratory_measurement_L-Com\measurement_data\Messdaten_2026-10-05_16-50-09.csv|Probe=12|Date=2026-09-16,1,1.500025,1.500025,True,1.500025,1545.340412108081,1004.7136957175904,-1.9484121080809018,1545.3437324528493,1004.7139874130265,1.8235251854386139,3.58272833337184,3.6470503708772277,0.0,90.94669611031232,1543.4122668316875,1005.0764277855752,-0.17282562009290814,0.23138500032860065,0.058559380235692515,0.07200000000011642
1100,2026-09-16,12:56:29.493,+02:00,66,12,110.0,1099.99,0.0,0.0,0.0,0.0,0.0,100.0,1005.077,0.0008278157,0.00390625,1543.391,0.004461241,0.02294922,23.85201,0.001397559,1497.982,0.0003071815,6.890026,1.199034e-05,100,1,1,1,Messdaten_2026-10-05_16-50-09.csv,C:\Users\nikla\OneDrive\Documents\01_Uni\01_Master\00_Masterarbeit\sim_par_ink_prop\laboratory_measurement_L-Com\measurement_data\Messdaten_2026-10-05_16-50-09.csv,1101,2026-09-16 10:56:29.493000+00:00,2026-09-16 12:56:29.493000+02:00,2026-09-16,C:\Users\nikla\OneDrive\Documents\01_Uni\01_Master\00_Masterarbeit\sim_par_ink_prop\laboratory_measurement_L-Com\measurement_data\Messdaten_2026-10-05_16-50-09.csv|Probe=12|Date=2026-09-16,1,1.5333588888888887,1.5333588888888887,True,1.5333588888888887,1545.3299581940387,1004.7173997488205,-1.9389581940386051,1545.3333346671159,1004.7176964200614,1.823643947747877,3.5815321971295253,3.647287895495754,0.0,90.94753595962683,1543.412063902996,1005.0777680011146,-0.1634278343594815,0.22178428590359545,0.05835645154411395,0.07100000000014006
1101,2026-09-16,12:58:29.495,+02:00,67,12,110.0,1099.99,0.0,0.0,0.0,0.0,0.0,100.0,1005.079,0.0007513537,0.003479004,1543.39,0.00487261,0.02331543,23.85624,0.001705535,1497.983,0.0003881104,6.890031,1.29024e-05,100,1,1,1,Messdaten_2026-10-05_16-50-09.csv,C:\Users\nikla\OneDrive\Documents\01_Uni\01_Master\00_Masterarbeit\sim_par_ink_prop\laboratory_measurement_L-Com\measurement_data\Messdaten_2026-10-05_16-50-09.csv,1102,2026-09-16 10:58:29.495000+00:00,2026-09-16 12:58:29.495000+02:00,2026-09-16,C:\Users\nikla\OneDrive\Documents\01_Uni\01_Master\00_Masterarbeit\sim_par_ink_prop\laboratory_measurement_L-Com\measurement_data\Messdaten_2026-10-05_16-50-09.csv|Probe=12|Date=2026-09-16,1,1.5666927777777777,1.5666927777777777,True,1.5666927777777777,1545.3216087898854,1004.720724758481,-1.9316087898853311,1545.3250442751166,1004.7210266603472,1.82376272552762,3.5803359050734533,3.64752545105524,0.0,90.94837591834369,1543.4097501627143,1005.079488512695,-0.15613744236020466,0.21218015362273945,0.056042711262534795,0.07000000000016371
1102,2026-09-16,13:00:29.497,+02:00,68,12,110.0,1099.99,0.0,0.0,0.0,0.0,0.0,100.0,1005.08,0.000802704,0.003173828,1543.389,0.005776337,0.03088379,23.861,0.001215276,1497.984,0.000290544,6.890037,1.545972e-05,100,1,1,1,Messdaten_2026-10-05_16-50-09.csv,C:\Users\nikla\OneDrive\Documents\01_Uni\01_Master\00_Masterarbeit\sim_par_ink_prop\laboratory_measurement_L-Com\measurement_data\Messdaten_2026-10-05_16-50-09.csv,1103,2026-09-16 11:00:29.497000+00:00,2026-09-16 13:00:29.497000+02:00,2026-09-16,C:\Users\nikla\OneDrive\Documents\01_Uni\01_Master\00_Masterarbeit\sim_par_ink_prop\laboratory_measurement_L-Com\measurement_data\Messdaten_2026-10-05_16-50-09.csv|Probe=12|Date=2026-09-16,1,1.6000266666666665,1.6000266666666665,True,1.6000266666666665,1545.3123403267664,1004.7232157859867,-1.9233403267664926,1545.3158325988773,1004.7235227244636,1.8238815187808655,3.5791394571731767,3.647763037561731,0.0,90.94921598648422,1543.408354274917,1005.0810447394426,-0.14792576612103403,0.20257258958622515,0.05464682346519112,0.06899999999995998
1103,2026-09-16,13:02:29.500,+02:00,69,12,110.0,1099.99,0.0,0.0,0.0,0.0,0.0,100.0,1005.082,0.0007252755,0.003295898,1543.387,0.005578323,0.02941895,23.86634,0.001248461,1497.986,0.0003286409,6.890041,1.502682e-05,100,1,1,1,Messdaten_2026-10-05_16-50-09.csv,C:\Users\nikla\OneDrive\Documents\01_Uni\01_Master\00_Masterarbeit\sim_par_ink_prop\laboratory_measurement_L-Com\measurement_data\Messdaten_2026-10-05_16-50-09.csv,1104,2026-09-16 11:02:29.500000+00:00,2026-09-16 13:02:29.500000+02:00,2026-09-16,C:\Users\nikla\OneDrive\Documents\01_Uni\01_Master\00_Masterarbeit\sim_par_ink_prop\laboratory_measurement_L-Com\measurement_data\Messdaten_2026-10-05_16-50-09.csv|Probe=12|Date=2026-09-16,1,1.6333608333333334,1.6333608333333334,True,1.6333608333333334,1545.3010666162104,1004.7268884934236,-1.914066616210448,1545.3046131956742,1004.7272002520625,1.8240003285007587,3.57794284342606,3.6480006570015173,0.0,90.95005617107167,1543.407962588571,1005.0824210768169,-0.13870636291790106,0.19296150003719958,0.054255137119298524,0.06700000000000728
1104,2026-09-16,13:04:29.502,+02:00,70,12,110.0,1099.99,0.0,0.0,0.0,0.0,0.0,100.0,1005.084,0.0005793587,0.002990723,1543.381,0.005398727,0.02746582,23.8695,0.001070364,1497.987,0.0003381666,6.890058,1.447996e-05,100,1,1,1,Messdaten_2026-10-05_16-50-09.csv,C:\Users\nikla\OneDrive\Documents\01_Uni\01_Master\00_Masterarbeit\sim_par_ink_prop\laboratory_measurement_L-Com\measurement_data\Messdaten_2026-10-05_16-50-09.csv,1105,2026-09-16 11:04:29.502000+00:00,2026-09-16 13:04:29.502000+02:00,2026-09-16,C:\Users\nikla\OneDrive\Documents\01_Uni\01_Master\00_Masterarbeit\sim_par_ink_prop\laboratory_measurement_L-Com\measurement_data\Messdaten_2026-10-05_16-50-09.csv|Probe=12|Date=2026-09-16,1,1.6666947222222221,1.6666947222222221,True,1.6666947222222221,1545.289579925363,1004.7298783353318,-1.908579925362801,1545.293187033205,1004.7301954623487,1.8241191527102116,3.5767460837447027,3.6482383054204233,0.0,90.95089645812466,1543.4037742827754,1005.0844812643118,-0.13328020044855293,0.18334703177220035,0.05006683132364742,0.06100000000014916
1105,2026-09-16,13:06:29.504,+02:00,71,12,110.0,1099.99,0.0,0.0,0.0,0.0,0.0,100.0,1005.085,0.0008503993,0.003479004,1543.38,0.006304306,0.03198242,23.87441,0.0008350498,1497.988,0.0002233378,6.890063,1.693047e-05,100,1,1,1,Messdaten_2026-10-05_16-50-09.csv,C:\Users\nikla\OneDrive\Documents\01_Uni\01_Master\00_Masterarbeit\sim_par_ink_prop\laboratory_measurement_L-Com\measurement_data\Messdaten_2026-10-05_16-50-09.csv,1106,2026-09-16 11:06:29.504000+00:00,2026-09-16 13:06:29.504000+02:00,2026-09-16,C:\Users\nikla\OneDrive\Documents\01_Uni\01_Master\00_Masterarbeit\sim_par_ink_prop\laboratory_measurement_L-Com\measurement_data\Messdaten_2026-10-05_16-50-09.csv|Probe=12|Date=2026-09-16,1,1.7000286111111111,1.7000286111111111,True,1.7000286111111111,1545.2800563757573,1004.7324163492633,-1.9000563757572309,1545.2837178534285,1004.73273830481,1.8242379924022412,3.575549168127751,3.6484759848044823,0.0,90.95173685466553,1543.402625522401,1005.0859953874062,-0.1248110206720412,0.17372909162122596,0.048918070949184767,0.060000000000172804
1106,2026-09-16,13:08:29.506,+02:00,72,12,110.0,1099.99,0.0,0.0,0.0,0.0,0.0,100.0,1005.088,0.0006467769,0.002868652,1543.374,0.004596292,0.02563477,23.87703,0.001448599,1497.99,0.0004430281,6.890079,1.214493e-05,100,1,1,1,Messdaten_2026-10-05_16-50-09.csv,C:\Users\nikla\OneDrive\Documents\01_Uni\01_Master\00_Masterarbeit\sim_par_ink_prop\laboratory_measurement_L-Com\measurement_data\Messdaten_2026-10-05_16-50-09.csv,1107,2026-09-16 11:08:29.506000+00:00,2026-09-16 13:08:29.506000+02:00,2026-09-16,C:\Users\nikla\OneDrive\Documents\01_Uni\01_Master\00_Masterarbeit\sim_par_ink_prop\laboratory_measurement_L-Com\measurement_data\Messdaten_2026-10-05_16-50-09.csv|Probe=12|Date=2026-09-16,1,1.7333625,1.7333625,True,1.7333625,1545.2695089930198,1004.7362370410544,-1.8955089930198028,1545.2732317534717,1004.7365644343494,1.824356847579874,3.5743520965447253,3.648713695159748,0.0,90.95257736071565,1543.397490197541,1005.0882278006413,-0.12032492071534762,0.1641076668045116,0.04378274608916399,0.05400000000008731
1107,2026-09-16,13:10:29.508,+02:00,73,12,110.0,1099.99,0.0,0.0,0.0,0.0,0.0,100.0,1005.09,0.0008533189,0.003845215,1543.37,0.004807319,0.02416992,23.88094,0.0008019189,1497.991,0.0003017759,6.890091,1.286149e-05,100,1,1,1,Messdaten_2026-10-05_16-50-09.csv,C:\Users\nikla\OneDrive\Documents\01_Uni\01_Master\00_Masterarbeit\sim_par_ink_prop\laboratory_measurement_L-Com\measurement_data\Messdaten_2026-10-05_16-50-09.csv,1108,2026-09-16 11:10:29.508000+00:00,2026-09-16 13:10:29.508000+02:00,2026-09-16,C:\Users\nikla\OneDrive\Documents\01_Uni\01_Master\00_Masterarbeit\sim_par_ink_prop\laboratory_measurement_L-Com\measurement_data\Messdaten_2026-10-05_16-50-09.csv|Probe=12|Date=2026-09-16,1,1.766696388888889,1.766696388888889,True,1.766696388888889,1545.258723699594,1004.7394618139705,-1.8887236995940384,1545.2625029891492,1004.7397942285606,1.8244757182461366,3.573154868965141,3.6489514364922733,0.0,90.95341797629644,1543.394594039938,1005.0900581357765,-0.11359615639298681,0.15448274487926028,0.04088658848627347,0.049999999999954525
1108,2026-09-16,13:12:29.510,+02:00,74,12,110.0,1099.99,0.0,0.0,0.0,0.0,0.0,100.0,1005.092,0.0007825155,0.003479004,1543.362,0.005248055,0.02905273,23.88385,0.000895263,1497.992,0.0003357432,6.890113,1.404149e-05,100,1,1,1,Messdaten_2026-10-05_16-50-09.csv,C:\Users\nikla\OneDrive\Documents\01_Uni\01_Master\00_Masterarbeit\sim_par_ink_prop\laboratory_measurement_L-Com\measurement_data\Messdaten_2026-10-05_16-50-09.csv,1109,2026-09-16 11:12:29.510000+00:00,2026-09-16 13:12:29.510000+02:00,2026-09-16,C:\Users\nikla\OneDrive\Documents\01_Uni\01_Master\00_Masterarbeit\sim_par_ink_prop\laboratory_measurement_L-Com\measurement_data\Messdaten_2026-10-05_16-50-09.csv|Probe=12|Date=2026-09-16,1,1.800030277777778,1.800030277777778,True,1.800030277777778,1545.2456746054486,1004.7423733457713,-1.8836746054485047,1545.2495133091534,1004.7427110368525,1.824594604404057,3.5719574853585,3.649189208808114,0.0,90.95425870142932,1543.3899552888217,1005.0922030526517,-0.10860647639697163,0.1448543137669276,0.03624783736995596,0.0420000000001437
1109,2026-09-16,13:14:29.512,+02:00,75,12,110.0,1099.99,0.0,0.0,0.0,0.0,0.0,100.0,1005.094,0.0006562929,0.002990723,1543.359,0.005826538,0.02612305,23.88699,0.0009949435,1497.993,0.0002980495,6.890122,1.564569e-05,100,1,1,1,Messdaten_2026-10-05_16-50-09.csv,C:\Users\nikla\OneDrive\Documents\01_Uni\01_Master\00_Masterarbeit\sim_par_ink_prop\laboratory_measurement_L-Com\measurement_data\Messdaten_2026-10-05_16-50-09.csv,1110,2026-09-16 11:14:29.512000+00:00,2026-09-16 13:14:29.512000+02:00,2026-09-16,C:\Users\nikla\OneDrive\Documents\01_Uni\01_Master\00_Masterarbeit\sim_par_ink_prop\laboratory_measurement_L-Com\measurement_data\Messdaten_2026-10-05_16-50-09.csv|Probe=12|Date=2026-09-16,1,1.8333641666666667,1.8333641666666667,True,1.8333641666666667,1545.237227236699,1004.7453569230794,-1.8782272366991037,1545.241124118432,1004.745699783442,1.8247135060566642,3.5707599456943004,3.6494270121133283,0.0,90.9550995361357,1543.3857125275563,1005.0942776361841,-0.10321728567578248,0.13522236178027924,0.032005076104496766,0.03899999999998727
1110,2026-09-16,13:16:29.514,+02:00,76,12,110.0,1099.99,0.0,0.0,0.0,0.0,0.0,100.0,1005.096,0.0008232621,0.003601074,1543.356,0.005258976,0.02709961,23.89079,0.001305175,1497.994,0.0003693948,6.890132,1.41099e-05,100,1,1,1,Messdaten_2026-10-05_16-50-09.csv,C:\Users\nikla\OneDrive\Documents\01_Uni\01_Master\00_Masterarbeit\sim_par_ink_prop\laboratory_measurement_L-Com\measurement_data\Messdaten_2026-10-05_16-50-09.csv,1111,2026-09-16 11:16:29.514000+00:00,2026-09-16 13:16:29.514000+02:00,2026-09-16,C:\Users\nikla\OneDrive\Documents\01_Uni\01_Master\00_Masterarbeit\sim_par_ink_prop\laboratory_measurement_L-Com\measurement_data\Messdaten_2026-10-05_16-50-09.csv|Probe=12|Date=2026-09-16,1,1.8666980555555557,1.8666980555555557,True,1.8666980555555557,1545.2276359829486,1004.74854723962,-1.8716359829486464,1545.231588231769,1004.7488950234542,1.824832423206987,3.569562249942032,3.649664846413974,0.0,90.95594048043701,1543.382612930089,1005.0961473402517,-0.09668139901259565,0.1255868776497664,0.028905478637170745,0.03600000000005821
1111,2026-09-16,13:18:29.516,+02:00,77,12,110.0,1099.99,0.0,0.0,0.0,0.0,0.0,100.0,1005.097,0.0007231387,0.003234863,1543.354,0.004912896,0.02697754,23.89599,0.001248702,1497.996,0.0003557366,6.890137,1.308787e-05,100,1,1,1,Messdaten_2026-10-05_16-50-09.csv,C:\Users\nikla\OneDrive\Documents\01_Uni\01_Master\00_Masterarbeit\sim_par_ink_prop\laboratory_measurement_L-Com\measurement_data\Messdaten_2026-10-05_16-50-09.csv,1112,2026-09-16 11:18:29.516000+00:00,2026-09-16 13:18:29.516000+02:00,2026-09-16,C:\Users\nikla\OneDrive\Documents\01_Uni\01_Master\00_Masterarbeit\sim_par_ink_prop\laboratory_measurement_L-Com\measurement_data\Messdaten_2026-10-05_16-50-09.csv|Probe=12|Date=2026-09-16,1,1.9000319444444445,1.9000319444444445,True,1.9000319444444445,1545.216618330825,1004.7511760939283,-1.8626183308249438,1545.2206203305573,1004.7515283084745,1.824951355858056,3.5683643980711737,3.649902711716112,0.0,90.95678153435465,1543.381941804207,1005.0975806221326,-0.08771349780090532,0.11594785055604007,0.02823435275513475,0.0340000000001055
1112,2026-09-16,13:20:29.518,+02:00,78,12,110.0,1099.99,0.0,0.0,0.0,0.0,0.0,100.0,1005.099,0.000780071,0.003295898,1543.353,0.005022588,0.02270508,23.9011,0.001523077,1497.997,0.0003957603,6.890142,1.340648e-05,100,1,1,1,Messdaten_2026-10-05_16-50-09.csv,C:\Users\nikla\OneDrive\Documents\01_Uni\01_Master\00_Masterarbeit\sim_par_ink_prop\laboratory_measurement_L-Com\measurement_data\Messdaten_2026-10-05_16-50-09.csv,1113,2026-09-16 11:20:29.518000+00:00,2026-09-16 13:20:29.518000+02:00,2026-09-16,C:\Users\nikla\OneDrive\Documents\01_Uni\01_Master\00_Masterarbeit\sim_par_ink_prop\laboratory_measurement_L-Com\measurement_data\Messdaten_2026-10-05_16-50-09.csv|Probe=12|Date=2026-09-16,1,1.9333658333333335,1.9333658333333335,True,1.9333658333333335,1545.2067589582994,1004.7547767566339,-1.853758958299295,1545.2108103289188,1004.7551333697135,1.8250703040129015,3.5671663900512005,3.650140608025803,0.0,90.9576226979101,1543.3811092254484,1005.09904375932,-0.0789034961624111,0.106305270159055,0.027401773996643897,0.03300000000012915
1113,2026-09-16,13:22:29.520,+02:00,79,12,110.0,1099.99,0.0,0.0,0.0,0.0,0.0,100.0,1005.1,0.000595084,0.002868652,1543.356,0.005206387,0.02319336,23.90767,0.00155496,1497.999,0.000420365,6.890136,1.380607e-05,100,1,1,1,Messdaten_2026-10-05_16-50-09.csv,C:\Users\nikla\OneDrive\Documents\01_Uni\01_Master\00_Masterarbeit\sim_par_ink_prop\laboratory_measurement_L-Com\measurement_data\Messdaten_2026-10-05_16-50-09.csv,1114,2026-09-16 11:22:29.520000+00:00,2026-09-16 13:22:29.520000+02:00,2026-09-16,C:\Users\nikla\OneDrive\Documents\01_Uni\01_Master\00_Masterarbeit\sim_par_ink_prop\laboratory_measurement_L-Com\measurement_data\Messdaten_2026-10-05_16-50-09.csv|Probe=12|Date=2026-09-16,1,1.9666997222222222,1.9666997222222222,True,1.9666997222222222,1545.1983715486213,1004.757834751696,-1.8423715486212586,1545.2024661157873,1004.7581952211094,1.8251892676745565,3.5659682258515786,3.650378535349113,0.0,90.95846397112476,1543.3828072950541,1005.1000517464082,-0.0675592830309597,0.09665912663331255,0.02909984360235285,0.03600000000005821
1114,2026-09-16,13:24:29.522,+02:00,80,12,110.0,1099.99,0.0,0.0,0.0,0.0,0.0,100.0,1005.1,0.0006570584,0.003601074,1543.362,0.004933663,0.02270508,23.91508,0.001988578,1498.001,0.0004361043,6.890123,1.301974e-05,100,1,1,1,Messdaten_2026-10-05_16-50-09.csv,C:\Users\nikla\OneDrive\Documents\01_Uni\01_Master\00_Masterarbeit\sim_par_ink_prop\laboratory_measurement_L-Com\measurement_data\Messdaten_2026-10-05_16-50-09.csv,1115,2026-09-16 11:24:29.522000+00:00,2026-09-16 13:24:29.522000+02:00,2026-09-16,C:\Users\nikla\OneDrive\Documents\01_Uni\01_Master\00_Masterarbeit\sim_par_ink_prop\laboratory_measurement_L-Com\measurement_data\Messdaten_2026-10-05_16-50-09.csv|Probe=12|Date=2026-09-16,1,2.000033611111111,2.000033611111111,True,2.000033611111111,1545.1915325516213,1004.7601558696234,-1.8295325516212415,1545.195666234853,1004.7605198372502,1.825308246846052,3.564769905441762,3.650616493692104,0.0,90.95930535402007,1543.3859574600563,1005.100798617153,-0.054759402096578924,0.08700941070105728,0.03225000860447835,0.0420000000001437
1115,2026-09-16,13:26:29.524,+02:00,81,12,110.0,1099.99,0.0,0.0,0.0,0.0,0.0,100.0,1005.101,0.0005739295,0.002502441,1543.368,0.006223576,0.03015137,23.9236,0.002452891,1498.003,0.0005319564,6.890109,1.622582e-05,100,1,1,1,Messdaten_2026-10-05_16-50-09.csv,C:\Users\nikla\OneDrive\Documents\01_Uni\01_Master\00_Masterarbeit\sim_par_ink_prop\laboratory_measurement_L-Com\measurement_data\Messdaten_2026-10-05_16-50-09.csv,1116,2026-09-16 11:26:29.524000+00:00,2026-09-16 13:26:29.524000+02:00,2026-09-16,C:\Users\nikla\OneDrive\Documents\01_Uni\01_Master\00_Masterarbeit\sim_par_ink_prop\laboratory_measurement_L-Com\measurement_data\Messdaten_2026-10-05_16-50-09.csv|Probe=12|Date=2026-09-16,1,2.0333674999999998,2.0333674999999998,True,2.0333674999999998,1545.1827759880766,1004.7638246856527,-1.8147759880766898,1545.1869435071906,1004.7641916875793,1.8254272415304227,3.5635714287912044,3.6508544830608454,0.0,90.96014684661753,1543.3910268906873,1005.1011999102483,-0.04003667443430459,0.07735611366979356,0.03731943923548897,0.04800000000000182
1116,2026-09-16,13:28:29.526,+02:00,82,12,110.0,1099.99,0.0,0.0,0.0,0.0,0.0,100.0,1005.101,0.0005715554,0.002563477,1543.374,0.005513337,0.0213623,23.93282,0.002244941,1498.005,0.0004560131,6.890094,1.464216e-05,100,1,1,1,Messdaten_2026-10-05_16-50-09.csv,C:\Users\nikla\OneDrive\Documents\01_Uni\01_Master\00_Masterarbeit\sim_par_ink_prop\laboratory_measurement_L-Com\measurement_data\Messdaten_2026-10-05_16-50-09.csv,1117,2026-09-16 11:28:29.526000+00:00,2026-09-16 13:28:29.526000+02:00,2026-09-16,C:\Users\nikla\OneDrive\Documents\01_Uni\01_Master\00_Masterarbeit\sim_par_ink_prop\laboratory_measurement_L-Com\measurement_data\Messdaten_2026-10-05_16-50-09.csv|Probe=12|Date=2026-09-16,1,2.0667013888888888,2.0667013888888888,True,2.0667013888888888,1545.1728138827575,1004.7667127709348,-1.7988138827574858,1545.177011367164,1004.7670824671624,1.8255462517307015,3.5623727958693414,3.651092503461403,0.0,90.96098844893855,1543.3973021445142,1005.1013839385422,-0.0241045344075701,0.06769922747002965,0.043594693062459555,0.05400000000008731
1117,2026-09-16,13:30:29.528,+02:00,83,12,110.0,1099.99,0.0,0.0,0.0,0.0,0.0,100.0,1005.101,0.0005909191,0.002746582,1543.383,0.00547922,0.02404785,23.94198,0.002682792,1498.006,0.0005549987,6.890074,1.436911e-05,100,1,1,1,Messdaten_2026-10-05_16-50-09.csv,C:\Users\nikla\OneDrive\Documents\01_Uni\01_Master\00_Masterarbeit\sim_par_ink_prop\laboratory_measurement_L-Com\measurement_data\Messdaten_2026-10-05_16-50-09.csv,1118,2026-09-16 11:30:29.528000+00:00,2026-09-16 13:30:29.528000+02:00,2026-09-16,C:\Users\nikla\OneDrive\Documents\01_Uni\01_Master\00_Masterarbeit\sim_par_ink_prop\laboratory_measurement_L-Com\measurement_data\Messdaten_2026-10-05_16-50-09.csv|Probe=12|Date=2026-09-16,1,2.1000352777777778,2.1000352777777778,True,2.1000352777777778,1545.1659627074962,1004.7695820620759,-1.7829627074961536,1545.170189196011,1004.7699543686857,1.8256652774499242,3.5611740066456106,3.6513305548998485,0.0,90.9618301610046,1543.4034638328924,1005.1015885170199,-0.008282363254693337,0.05803874469529546,0.04975638144060213,0.06300000000010186
1118,2026-09-16,13:32:29.530,+02:00,84,12,110.0,1099.99,0.0,0.0,0.0,0.0,0.0,100.0,1005.102,0.0006057113,0.002868652,1543.389,0.005520556,0.02929688,23.95183,0.002431348,1498.008,0.0005135753,6.890059,1.446743e-05,100,1,1,1,Messdaten_2026-10-05_16-50-09.csv,C:\Users\nikla\OneDrive\Documents\01_Uni\01_Master\00_Masterarbeit\sim_par_ink_prop\laboratory_measurement_L-Com\measurement_data\Messdaten_2026-10-05_16-50-09.csv,1119,2026-09-16 11:32:29.530000+00:00,2026-09-16 13:32:29.530000+02:00,2026-09-16,C:\Users\nikla\OneDrive\Documents\01_Uni\01_Master\00_Masterarbeit\sim_par_ink_prop\laboratory_measurement_L-Com\measurement_data\Messdaten_2026-10-05_16-50-09.csv|Probe=12|Date=2026-09-16,1,2.1333691666666668,2.1333691666666668,True,2.1333691666666668,1545.1549253519534,1004.7736674901546,-1.765925351953456,1545.1591768531737,1004.7740420562728,1.8257843186911267,3.559975061089437,3.6515686373822533,0.0,90.9626719828372,1543.4108120896794,1005.1015789889647,0.008729979582540182,0.04837465864511614,0.057104638227656324,0.06899999999995998
1119,2026-09-16,13:34:29.532,+02:00,85,12,110.0,1099.99,0.0,0.0,0.0,0.0,0.0,100.0,1005.101,0.0006136775,0.002990723,1543.403,0.005707578,0.02966309,23.96346,0.003215549,1498.011,0.0006118835,6.890027,1.494805e-05,100,1,1,1,Messdaten_2026-10-05_16-50-09.csv,C:\Users\nikla\OneDrive\Documents\01_Uni\01_Master\00_Masterarbeit\sim_par_ink_prop\laboratory_measurement_L-Com\measurement_data\Messdaten_2026-10-05_16-50-09.csv,1120,2026-09-16 11:34:29.532000+00:00,2026-09-16 13:34:29.532000+02:00,2026-09-16,C:\Users\nikla\OneDrive\Documents\01_Uni\01_Master\00_Masterarbeit\sim_par_ink_prop\laboratory_measurement_L-Com\measurement_data\Messdaten_2026-10-05_16-50-09.csv|Probe=12|Date=2026-09-16,1,2.1667030555555558,2.1667030555555558,True,2.1667030555555558,1545.1488196403618,1004.7763104884825,-1.7458196403617876,1545.153087548256,1004.7766865565335,1.8259033754573442,3.5587759591702355,3.6518067509146883,0.0,90.96351391445774,1543.4212336993232,1005.1010143348916,0.028819284500286813,0.03870696337116897,0.06752624787145578,0.08300000000008367
1120,2026-09-16,13:36:29.534,+02:00,86,12,110.0,1099.99,0.0,0.0,0.0,0.0,0.0,100.0,1005.101,0.0009492662,0.003845215,1543.403,0.007452179,0.0369873,23.97285,0.0009576244,1498.013,0.0001613253,6.890028,1.992357e-05,100,1,1,1,Messdaten_2026-10-05_16-50-09.csv,C:\Users\nikla\OneDrive\Documents\01_Uni\01_Master\00_Masterarbeit\sim_par_ink_prop\laboratory_measurement_L-Com\measurement_data\Messdaten_2026-10-05_16-50-09.csv,1121,2026-09-16 11:36:29.534000+00:00,2026-09-16 13:36:29.534000+02:00,2026-09-16,C:\Users\nikla\OneDrive\Documents\01_Uni\01_Master\00_Masterarbeit\sim_par_ink_prop\laboratory_measurement_L-Com\measurement_data\Messdaten_2026-10-05_16-50-09.csv|Probe=12|Date=2026-09-16,1,2.2000369444444443,2.2000369444444443,True,2.2000369444444443,1545.1325946759314,1004.7792518263103,-1.7295946759313665,1545.1368868625243,1004.7796300902825,1.8260224477516156,3.5575767008574184,3.652044895503231,0.0,90.96435595588774,1543.4277630754045,1005.1011523408024,0.0450199702320333,0.029035653720711707,0.07405562395274501,0.08300000000008367
1121,2026-09-16,13:38:29.536,+02:00,87,12,110.0,1099.99,0.0,0.0,0.0,0.0,0.0,100.0,1005.107,0.001743588,0.006835937,1543.37,0.01196317,0.05603027,23.96581,0.003768568,1498.012,0.0004038769,6.890114,3.102925e-05,100,1,1,1,Messdaten_2026-10-05_16-50-09.csv,C:\Users\nikla\OneDrive\Documents\01_Uni\01_Master\00_Masterarbeit\sim_par_ink_prop\laboratory_measurement_L-Com\measurement_data\Messdaten_2026-10-05_16-50-09.csv,1122,2026-09-16 11:38:29.536000+00:00,2026-09-16 13:38:29.536000+02:00,2026-09-16,C:\Users\nikla\OneDrive\Documents\01_Uni\01_Master\00_Masterarbeit\sim_par_ink_prop\laboratory_measurement_L-Com\measurement_data\Messdaten_2026-10-05_16-50-09.csv|Probe=12|Date=2026-09-16,1,2.2333708333333333,2.2333708333333333,True,2.2333708333333333,1545.1117583853793,1004.7830466060099,-1.7417583853793985,1545.1161433190352,1004.7834331002409,1.8261415355769774,3.5563772861203846,3.652283071153955,0.0,90.96519810714868,1543.405831690561,1005.106432570463,0.03276351372096542,0.019360725388196443,0.05212423910916186,0.049999999999954525
1122,2026-09-16,13:40:29.538,+02:00,88,12,110.0,1099.99,0.0,0.0,0.0,0.0,0.0,100.0,1005.114,0.001595316,0.006652832,1543.331,0.00895457,0.04321289,23.95081,0.003106917,1498.011,0.0001997322,6.890214,2.323565e-05,100,1,1,1,Messdaten_2026-10-05_16-50-09.csv,C:\Users\nikla\OneDrive\Documents\01_Uni\01_Master\00_Masterarbeit\sim_par_ink_prop\laboratory_measurement_L-Com\measurement_data\Messdaten_2026-10-05_16-50-09.csv,1123,2026-09-16 11:40:29.538000+00:00,2026-09-16 13:40:29.538000+02:00,2026-09-16,C:\Users\nikla\OneDrive\Documents\01_Uni\01_Master\00_Masterarbeit\sim_par_ink_prop\laboratory_measurement_L-Com\measurement_data\Messdaten_2026-10-05_16-50-09.csv|Probe=12|Date=2026-09-16,1,2.2667047222222223,2.2667047222222223,True,2.2667047222222223,1545.098689248705,1004.7853479838786,-1.76768924870521,1545.1032019742681,1004.7857457994905,1.8262606389364697,3.5551777149285284,3.6525212778729395,0.0,90.96604036826206,1543.3700944849058,1005.1142048169252,0.0067048584880922135,0.0096821749659739,0.016387033454066113,0.010999999999967258
1123,2026-09-16,13:42:29.540,+02:00,89,12,110.0,1099.99,0.0,0.0,0.0,0.0,0.0,100.0,1005.118,0.0006622323,0.003479004,1543.32,0.005009126,0.02319336,23.94698,0.001161852,1498.011,0.0003890865,6.890242,1.334948e-05,100,1,1,1,Messdaten_2026-10-05_16-50-09.csv,C:\Users\nikla\OneDrive\Documents\01_Uni\01_Master\00_Masterarbeit\sim_par_ink_prop\laboratory_measurement_L-Com\measurement_data\Messdaten_2026-10-05_16-50-09.csv,1124,2026-09-16 11:42:29.540000+00:00,2026-09-16 13:42:29.540000+02:00,2026-09-16,C:\Users\nikla\OneDrive\Documents\01_Uni\01_Master\00_Masterarbeit\sim_par_ink_prop\laboratory_measurement_L-Com\measurement_data\Messdaten_2026-10-05_16-50-09.csv|Probe=12|Date=2026-09-16,1,2.300038611111111,2.300038611111111,True,2.300038611111111,1545.094313286958,1004.7881482691735,-1.7743132869579767,1545.0989068327563,1004.7885532688813,1.8263797578331318,3.553977987251237,3.6527595156662636,0.0,90.96688273924937,1543.3537074514518,1005.1184840050901,0.0,0.0,0.0,0.0
1124,2026-09-16,13:44:29.542,+02:00,90,12,110.0,1099.99,0.0,0.0,0.0,0.0,0.0,100.0,1005.118,0.0005327551,0.002319336,1543.328,0.005296233,0.02819824,23.95428,0.002435995,1498.013,0.0005219534,6.890223,1.386486e-05,100,1,1,1,Messdaten_2026-10-05_16-50-09.csv,C:\Users\nikla\OneDrive\Documents\01_Uni\01_Master\00_Masterarbeit\sim_par_ink_prop\laboratory_measurement_L-Com\measurement_data\Messdaten_2026-10-05_16-50-09.csv,1125,2026-09-16 11:44:29.542000+00:00,2026-09-16 13:44:29.542000+02:00,2026-09-16,C:\Users\nikla\OneDrive\Documents\01_Uni\01_Master\00_Masterarbeit\sim_par_ink_prop\laboratory_measurement_L-Com\measurement_data\Messdaten_2026-10-05_16-50-09.csv|Probe=12|Date=2026-09-16,1,2.3333725,2.3333725,True,2.3333725,1545.0896888976313,1004.7904349317174,-1.761688897631302,1545.094314419804,1004.79084281136,1.826498892270004,3.5527781030578853,3.652997784540008,0.0,90.9677252201321,1543.3566140634493,1005.1192828373546,0.012592412952244558,-0.009685800954684964,0.002906611997559594,0.008000000000038199
1125,2026-09-16,13:46:29.544,+02:00,91,12,110.0,1099.99,0.0,0.0,0.0,0.0,0.0,100.0,1005.118,0.0006977641,0.003051758,1543.339,0.005761725,0.03076172,23.96557,0.003085427,1498.015,0.0005636531,6.890198,1.49874e-05,100,1,1,1,Messdaten_2026-10-05_16-50-09.csv,C:\Users\nikla\OneDrive\Documents\01_Uni\01_Master\00_Masterarbeit\sim_par_ink_prop\laboratory_measurement_L-Com\measurement_data\Messdaten_2026-10-05_16-50-09.csv,1126,2026-09-16 11:46:29.544000+00:00,2026-09-16 13:46:29.544000+02:00,2026-09-16,C:\Users\nikla\OneDrive\Documents\01_Uni\01_Master\00_Masterarbeit\sim_par_ink_prop\laboratory_measurement_L-Com\measurement_data\Messdaten_2026-10-05_16-50-09.csv|Probe=12|Date=2026-09-16,1,2.366706388888889,2.366706388888889,True,2.366706388888889,1545.0811731306007,1004.7939714280488,-1.7421731306008041,1545.085811775537,1004.7943805259628,1.8266180422501277,3.551578062317844,3.6532360845002554,0.0,90.96856781093177,1543.366427280397,1005.1188352195896,0.032095057219294176,-0.019375228274157053,0.012719828945137124,0.019000000000005457
1126,2026-09-16,13:48:29.546,+02:00,92,12,110.0,1099.99,0.0,0.0,0.0,0.0,0.0,100.0,1005.117,0.0006247669,0.002807617,1543.351,0.006290068,0.03039551,23.97792,0.003461583,1498.017,0.0006425524,6.89017,1.626455e-05,100,1,1,1,Messdaten_2026-10-05_16-50-09.csv,C:\Users\nikla\OneDrive\Documents\01_Uni\01_Master\00_Masterarbeit\sim_par_ink_prop\laboratory_measurement_L-Com\measurement_data\Messdaten_2026-10-05_16-50-09.csv,1127,2026-09-16 11:48:29.546000+00:00,2026-09-16 13:48:29.546000+02:00,2026-09-16,C:\Users\nikla\OneDrive\Documents\01_Uni\01_Master\00_Masterarbeit\sim_par_ink_prop\laboratory_measurement_L-Com\measurement_data\Messdaten_2026-10-05_16-50-09.csv|Probe=12|Date=2026-09-16,1,2.400040277777778,2.400040277777778,True,2.400040277777778,1545.071837308245,1004.7968399609405,-1.7208373082448816,1545.076482815872,1004.7972497253303,1.826737207776545,3.550377865000474,3.65347441555309,0.0,90.96941051166989,1543.378063187135,1005.118057843593,0.05342401688449172,-0.029068281201261925,0.024355735683229796,0.031000000000176442
1127,2026-09-16,13:50:29.548,+02:00,93,12,110.0,1099.99,0.0,0.0,0.0,0.0,0.0,100.0,1005.117,0.0006369656,0.003234863,1543.361,0.005136028,0.02746582,23.99032,0.002492089,1498.02,0.0004946682,6.890146,1.34778e-05,100,1,1,1,Messdaten_2026-10-05_16-50-09.csv,C:\Users\nikla\OneDrive\Documents\01_Uni\01_Master\00_Masterarbeit\sim_par_ink_prop\laboratory_measurement_L-Com\measurement_data\Messdaten_2026-10-05_16-50-09.csv,1128,2026-09-16 11:50:29.548000+00:00,2026-09-16 13:50:29.548000+02:00,2026-09-16,C:\Users\nikla\OneDrive\Documents\01_Uni\01_Master\00_Masterarbeit\sim_par_ink_prop\laboratory_measurement_L-Com\measurement_data\Messdaten_2026-10-05_16-50-09.csv|Probe=12|Date=2026-09-16,1,2.433374166666667,2.433374166666667,True,2.433374166666667,1545.0604279873248,1004.8007241565288,-1.699427987324725,1545.065078559621,1004.801134428915,1.8268563888522984,3.5491775110751287,3.653712777704597,0.0,90.97025332236798,1543.389770766806,1005.1172666938515,0.0748282731353811,-0.038764957781268095,0.036063315354113,0.04100000000016735
1128,2026-09-16,13:52:29.550,+02:00,94,12,110.0,1099.99,0.0,0.0,0.0,0.0,0.0,100.0,1005.117,0.0006188119,0.003051758,1543.37,0.006009802,0.03137207,24.00039,0.002433695,1498.022,0.0005215192,6.890124,1.577221e-05,100,1,1,1,Messdaten_2026-10-05_16-50-09.csv,C:\Users\nikla\OneDrive\Documents\01_Uni\01_Master\00_Masterarbeit\sim_par_ink_prop\laboratory_measurement_L-Com\measurement_data\Messdaten_2026-10-05_16-50-09.csv,1129,2026-09-16 11:52:29.550000+00:00,2026-09-16 13:52:29.550000+02:00,2026-09-16,C:\Users\nikla\OneDrive\Documents\01_Uni\01_Master\00_Masterarbeit\sim_par_ink_prop\laboratory_measurement_L-Com\measurement_data\Messdaten_2026-10-05_16-50-09.csv|Probe=12|Date=2026-09-16,1,2.4667080555555554,2.4667080555555554,True,2.4667080555555554,1545.0520510479553,1004.8038784996937,-1.6820510479553832,1545.0567159901707,1004.8042901010193,1.826975585480432,3.5479770005111546,3.653951170960864,0.0,90.97109624304754,1543.3974330392473,1005.1172063094697,0.09219084258552357,-0.04846525479001684,0.043725587795506726,0.049999999999954525
1129,2026-09-16,13:54:29.552,+02:00,95,12,110.0,1099.99,0.0,0.0,0.0,0.0,0.0,100.0,1005.116,0.0007039441,0.002990723,1543.382,0.006136923,0.0291748,24.01198,0.003375906,1498.024,0.0006719425,6.890094,1.582921e-05,100,1,1,1,Messdaten_2026-10-05_16-50-09.csv,C:\Users\nikla\OneDrive\Documents\01_Uni\01_Master\00_Masterarbeit\sim_par_ink_prop\laboratory_measurement_L-Com\measurement_data\Messdaten_2026-10-05_16-50-09.csv,1130,2026-09-16 11:54:29.552000+00:00,2026-09-16 13:54:29.552000+02:00,2026-09-16,C:\Users\nikla\OneDrive\Documents\01_Uni\01_Master\00_Masterarbeit\sim_par_ink_prop\laboratory_measurement_L-Com\measurement_data\Messdaten_2026-10-05_16-50-09.csv|Probe=12|Date=2026-09-16,1,2.5000419444444444,2.5000419444444444,True,2.5000419444444444,1545.044061719599,1004.8065089706358,-1.6620617195990235,1545.0487325577935,1004.8069211535594,1.82709479766399,3.5467763332778883,3.65418959532798,0.0,90.97193927373013,1543.4077125587496,1005.1166722813681,0.11217427496285381,-0.058169167665028,0.054005107297825816,0.06200000000012551
1130,2026-09-16,13:56:29.554,+02:00,96,12,110.0,1099.99,0.0,0.0,0.0,0.0,0.0,100.0,1005.115,0.0006350368,0.002746582,1543.397,0.005828271,0.03320313,24.02554,0.003213492,1498.027,0.0005663158,6.890059,1.515156e-05,100,1,1,1,Messdaten_2026-10-05_16-50-09.csv,C:\Users\nikla\OneDrive\Documents\01_Uni\01_Master\00_Masterarbeit\sim_par_ink_prop\laboratory_measurement_L-Com\measurement_data\Messdaten_2026-10-05_16-50-09.csv,1131,2026-09-16 11:56:29.554000+00:00,2026-09-16 13:56:29.554000+02:00,2026-09-16,C:\Users\nikla\OneDrive\Documents\01_Uni\01_Master\00_Masterarbeit\sim_par_ink_prop\laboratory_measurement_L-Com\measurement_data\Messdaten_2026-10-05_16-50-09.csv|Probe=12|Date=2026-09-16,1,2.5333758333333334,2.5333758333333334,True,2.5333758333333334,1545.03568905439,1004.8097565283545,-1.63868905439017,1545.0403548847046,1004.8101683307721,1.8272140254060176,3.5455755093446597,3.6544280508120353,0.0,90.97278241443729,1543.4213827090784,1005.1155238675419,0.13555194805167048,-0.06787669042500966,0.06767525762666082,0.07699999999999818
1131,2026-09-16,13:58:29.556,+02:00,97,12,110.0,1099.99,0.0,0.0,0.0,0.0,0.0,100.0,1005.115,0.0007467101,0.003723145,1543.41,0.00687798,0.02990723,24.03822,0.0037292,1498.029,0.0006825041,6.890027,1.76659e-05,100,1,1,1,Messdaten_2026-10-05_16-50-09.csv,C:\Users\nikla\OneDrive\Documents\01_Uni\01_Master\00_Masterarbeit\sim_par_ink_prop\laboratory_measurement_L-Com\measurement_data\Messdaten_2026-10-05_16-50-09.csv,1132,2026-09-16 11:58:29.556000+00:00,2026-09-16 13:58:29.556000+02:00,2026-09-16,C:\Users\nikla\OneDrive\Documents\01_Uni\01_Master\00_Masterarbeit\sim_par_ink_prop\laboratory_measurement_L-Com\measurement_data\Messdaten_2026-10-05_16-50-09.csv|Probe=12|Date=2026-09-16,1,2.5667097222222224,2.5667097222222224,True,2.5667097222222224,1545.0268471878546,1004.8137284340322,-1.616847187854546,1545.0315105731688,1004.8141400819331,1.827333268709561,3.54437452868079,3.654666537419122,0.0,90.97362566519053,1543.4335158954464,1005.1146526203012,0.15739625958758552,-0.07758781559300587,0.07980844399457965,0.09000000000014552
1132,2026-09-16,14:00:29.558,+02:00,98,12,110.0,1099.99,0.0,0.0,0.0,0.0,0.0,100.0,1005.114,0.0007687934,0.00378418,1543.427,0.005662212,0.03088379,24.05262,0.003509482,1498.032,0.0006230806,6.889987,1.457797e-05,100,1,1,1,Messdaten_2026-10-05_16-50-09.csv,C:\Users\nikla\OneDrive\Documents\01_Uni\01_Master\00_Masterarbeit\sim_par_ink_prop\laboratory_measurement_L-Com\measurement_data\Messdaten_2026-10-05_16-50-09.csv,1133,2026-09-16 12:00:29.558000+00:00,2026-09-16 14:00:29.558000+02:00,2026-09-16,C:\Users\nikla\OneDrive\Documents\01_Uni\01_Master\00_Masterarbeit\sim_par_ink_prop\laboratory_measurement_L-Com\measurement_data\Messdaten_2026-10-05_16-50-09.csv|Probe=12|Date=2026-09-16,1,2.600043611111111,2.600043611111111,True,2.600043611111111,1545.0190589469112,1004.8172391163465,-1.5920589469112656,1545.023709844998,1004.8176497231703,1.8274525275776665,3.5431733912555927,3.654905055155333,0.0,90.97446902601142,1543.4486019051005,1005.1132452244173,0.18219698775828874,-0.08730253410953992,0.09489445364874882,0.1069999999999709
1133,2026-09-16,14:02:29.560,+02:00,99,12,110.0,1099.99,0.0,0.0,0.0,0.0,0.0,100.0,1005.113,0.0005674015,0.002441406,1543.439,0.005762139,0.02905273,24.06573,0.002810135,1498.034,0.0005609495,6.889957,1.513227e-05,100,1,1,1,Messdaten_2026-10-05_16-50-09.csv,C:\Users\nikla\OneDrive\Documents\01_Uni\01_Master\00_Masterarbeit\sim_par_ink_prop\laboratory_measurement_L-Com\measurement_data\Messdaten_2026-10-05_16-50-09.csv,1134,2026-09-16 12:02:29.560000+00:00,2026-09-16 14:02:29.560000+02:00,2026-09-16,C:\Users\nikla\OneDrive\Documents\01_Uni\01_Master\00_Masterarbeit\sim_par_ink_prop\laboratory_measurement_L-Com\measurement_data\Messdaten_2026-10-05_16-50-09.csv|Probe=12|Date=2026-09-16,1,2.6333775,2.6333775,True,2.6333775,1545.0085064965779,1004.8203457174324,-1.5695064965777874,1545.0131495183766,1004.8207556898491,1.8275718020133824,3.5419720970383737,3.655143604026765,0.0,90.97531249692148,1543.4614439305856,1005.1122432446957,0.2047573143797763,-0.09702083524598493,0.10773647913379136,0.11900000000014188
1134,2026-09-16,14:04:29.562,+02:00,100,12,110.0,1099.99,0.0,0.0,0.0,0.0,0.0,100.0,1005.112,0.0005238715,0.00213623,1543.45,0.006863218,0.03417969,24.07738,0.003393541,1498.037,0.0006810923,6.889931,1.781462e-05,100,1,1,1,Messdaten_2026-10-05_16-50-09.csv,C:\Users\nikla\OneDrive\Documents\01_Uni\01_Master\00_Masterarbeit\sim_par_ink_prop\laboratory_measurement_L-Com\measurement_data\Messdaten_2026-10-05_16-50-09.csv,1135,2026-09-16 12:04:29.562000+00:00,2026-09-16 14:04:29.562000+02:00,2026-09-16,C:\Users\nikla\OneDrive\Documents\01_Uni\01_Master\00_Masterarbeit\sim_par_ink_prop\laboratory_measurement_L-Com\measurement_data\Messdaten_2026-10-05_16-50-09.csv|Probe=12|Date=2026-09-16,1,2.666711388888889,2.666711388888889,True,2.666711388888889,1544.99947775272,1004.8229949859517,-1.5494777527198949,1545.0041186009387,1004.823404827217,1.8276910920197562,3.5407706459984287,3.6553821840395124,0.0,90.97615607794229,1543.4717529767584,1005.1116998352828,0.22478823181768348,-0.10674270651111328,0.1180455253065702,0.13000000000010914
1135,2026-09-16,14:06:29.564,+02:00,101,12,110.0,1099.99,0.0,0.0,0.0,0.0,0.0,100.0,1005.111,0.0006629162,0.003356934,1543.467,0.00710737,0.03369141,24.0921,0.003475759,1498.039,0.0006361335,6.889891,1.839934e-05,100,1,1,1,Messdaten_2026-10-05_16-50-09.csv,C:\Users\nikla\OneDrive\Documents\01_Uni\01_Master\00_Masterarbeit\sim_par_ink_prop\laboratory_measurement_L-Com\measurement_data\Messdaten_2026-10-05_16-50-09.csv,1136,2026-09-16 12:06:29.564000+00:00,2026-09-16 14:06:29.564000+02:00,2026-09-16,C:\Users\nikla\OneDrive\Documents\01_Uni\01_Master\00_Masterarbeit\sim_par_ink_prop\laboratory_measurement_L-Com\measurement_data\Messdaten_2026-10-05_16-50-09.csv|Probe=12|Date=2026-09-16,1,2.700045277777778,2.700045277777778,True,2.700045277777778,1544.9911873982242,1004.8266059079897,-1.5241873982240577,1544.9958089767686,1004.8270141082243,1.8278103975998385,3.53956903810505,3.655620795199677,0.0,90.97699976909544,1543.4873371738843,1005.1101980217991,0.2500978559878604,-0.11646813355537233,0.13362972243248805,0.1470000000001619
1136,2026-09-16,14:08:29.566,+02:00,102,12,110.0,1099.99,0.0,0.0,0.0,0.0,0.0,100.0,1005.11,0.0006961616,0.003723145,1543.482,0.00621462,0.02954102,24.10575,0.003336436,1498.042,0.0006348889,6.889854,1.601822e-05,100,1,1,1,Messdaten_2026-10-05_16-50-09.csv,C:\Users\nikla\OneDrive\Documents\01_Uni\01_Master\00_Masterarbeit\sim_par_ink_prop\laboratory_measurement_L-Com\measurement_data\Messdaten_2026-10-05_16-50-09.csv,1137,2026-09-16 12:08:29.566000+00:00,2026-09-16 14:08:29.566000+02:00,2026-09-16,C:\Users\nikla\OneDrive\Documents\01_Uni\01_Master\00_Masterarbeit\sim_par_ink_prop\laboratory_measurement_L-Com\measurement_data\Messdaten_2026-10-05_16-50-09.csv|Probe=12|Date=2026-09-16,1,2.733379166666667,2.733379166666667,True,2.733379166666667,1544.9827517243853,1004.8298816618847,-1.5007517243852817,1544.9873577135518,1004.8302885455685,1.827929718756678,3.5383672733275158,3.655859437513356,0.0,90.97784357040246,1543.50105947059,1005.1090327892447,0.2735491192045174,-0.12619710006629248,0.14735201913822493,0.16200000000003456
1137,2026-09-16,14:10:29.568,+02:00,103,12,110.0,1099.99,0.0,0.0,0.0,0.0,0.0,100.0,1005.109,0.0004906165,0.002197266,1543.496,0.006590487,0.03112793,24.11959,0.004021141,1498.045,0.000685119,6.88982,1.700933e-05,100,1,1,1,Messdaten_2026-10-05_16-50-09.csv,C:\Users\nikla\OneDrive\Documents\01_Uni\01_Master\00_Masterarbeit\sim_par_ink_prop\laboratory_measurement_L-Com\measurement_data\Messdaten_2026-10-05_16-50-09.csv,1138,2026-09-16 12:10:29.568000+00:00,2026-09-16 14:10:29.568000+02:00,2026-09-16,C:\Users\nikla\OneDrive\Documents\01_Uni\01_Master\00_Masterarbeit\sim_par_ink_prop\laboratory_measurement_L-Com\measurement_data\Messdaten_2026-10-05_16-50-09.csv|Probe=12|Date=2026-09-16,1,2.7667130555555555,2.7667130555555555,True,2.7667130555555555,1544.9730058808557,1004.8332169325364,-1.477005880855586,1544.977593589606,1004.833622261475,1.8280490554933264,3.5371653516351023,3.656098110986653,0.0,90.97868748188492,1543.5150911069393,1005.1078100121648,0.2973132431504837,-0.1359295876629858,0.1613836554874979,0.17600000000015825
1138,2026-09-16,14:12:29.570,+02:00,104,12,110.0,1099.99,0.0,0.0,0.0,0.0,0.0,100.0,1005.108,0.001018422,0.004333496,1543.516,0.009282355,0.03894043,24.13504,0.004575752,1498.047,0.0009002492,6.889772,2.384793e-05,100,1,1,1,Messdaten_2026-10-05_16-50-09.csv,C:\Users\nikla\OneDrive\Documents\01_Uni\01_Master\00_Masterarbeit\sim_par_ink_prop\laboratory_measurement_L-Com\measurement_data\Messdaten_2026-10-05_16-50-09.csv,1139,2026-09-16 12:12:29.570000+00:00,2026-09-16 14:12:29.570000+02:00,2026-09-16,C:\Users\nikla\OneDrive\Documents\01_Uni\01_Master\00_Masterarbeit\sim_par_ink_prop\laboratory_measurement_L-Com\measurement_data\Messdaten_2026-10-05_16-50-09.csv|Probe=12|Date=2026-09-16,1,2.8000469444444445,2.8000469444444445,True,2.8000469444444445,1544.9665167850787,1004.8370565238822,-1.450516785078662,1544.9710760039827,1004.8374593955239,1.8281684078128344,3.5359632729970722,3.656336815625669,0.0,90.97953150356442,1543.5318727044407,1005.1060855467682,0.32383082877367997,-0.14566557578473294,0.17816525298894703,0.19600000000014006
1139,2026-09-16,14:14:29.572,+02:00,105,12,110.0,1099.99,0.0,0.0,0.0,0.0,0.0,100.0,1005.107,0.0007335267,0.003540039,1543.526,0.006470739,0.03039551,24.14902,0.002850948,1498.05,0.0005960737,6.889749,1.679165e-05,100,1,1,1,Messdaten_2026-10-05_16-50-09.csv,C:\Users\nikla\OneDrive\Documents\01_Uni\01_Master\00_Masterarbeit\sim_par_ink_prop\laboratory_measurement_L-Com\measurement_data\Messdaten_2026-10-05_16-50-09.csv,1140,2026-09-16 12:14:29.572000+00:00,2026-09-16 14:14:29.572000+02:00,2026-09-16,C:\Users\nikla\OneDrive\Documents\01_Uni\01_Master\00_Masterarbeit\sim_par_ink_prop\laboratory_measurement_L-Com\measurement_data\Messdaten_2026-10-05_16-50-09.csv|Probe=12|Date=2026-09-16,1,2.8333808333333335,2.8333808333333335,True,2.8333808333333335,1544.9525653755252,1004.8404356500869,-1.426565375525115,1544.9571020313717,1004.8408365873265,1.8282877757182552,3.5347610373826845,3.6565755514365104,0.0,90.98037563546255,1543.5461072112648,1005.1048227481915,0.34780480138465464,-0.15540504157161195,0.1923997598130427,0.20600000000013097
1140,2026-09-16,14:16:29.574,+02:00,106,12,110.0,1099.99,0.0,0.0,0.0,0.0,0.0,100.0,1005.106,0.0004956243,0.00201416,1543.541,0.005671636,0.02636719,24.16159,0.002895301,1498.052,0.0005420357,6.889712,1.471586e-05,100,1,1,1,Messdaten_2026-10-05_16-50-09.csv,C:\Users\nikla\OneDrive\Documents\01_Uni\01_Master\00_Masterarbeit\sim_par_ink_prop\laboratory_measurement_L-Com\measurement_data\Messdaten_2026-10-05_16-50-09.csv,1141,2026-09-16 12:16:29.574000+00:00,2026-09-16 14:16:29.574000+02:00,2026-09-16,C:\Users\nikla\OneDrive\Documents\01_Uni\01_Master\00_Masterarbeit\sim_par_ink_prop\laboratory_measurement_L-Com\measurement_data\Messdaten_2026-10-05_16-50-09.csv|Probe=12|Date=2026-09-16,1,2.8667147222222225,2.8667147222222225,True,2.8667147222222225,1544.9460437582668,1004.8433731054384,-1.4050437582668565,1544.9505637218547,1004.8437726264611,1.8284071592126414,3.5335586447611886,3.656814318425283,0.0,90.98121987760089,1543.5579026026103,1005.1040028205028,0.3693431109015819,-0.16514795974308072,0.20419515115850118,0.22100000000000364
1141,2026-09-16,14:18:29.576,+02:00,107,12,110.0,1099.99,0.0,0.0,0.0,0.0,0.0,100.0,1005.106,0.0005994579,0.002990723,1543.552,0.006164973,0.02502441,24.17307,0.003461394,1498.055,0.0006542198,6.889686,1.591613e-05,100,1,1,1,Messdaten_2026-10-05_16-50-09.csv,C:\Users\nikla\OneDrive\Documents\01_Uni\01_Master\00_Masterarbeit\sim_par_ink_prop\laboratory_measurement_L-Com\measurement_data\Messdaten_2026-10-05_16-50-09.csv,1142,2026-09-16 12:18:29.576000+00:00,2026-09-16 14:18:29.576000+02:00,2026-09-16,C:\Users\nikla\OneDrive\Documents\01_Uni\01_Master\00_Masterarbeit\sim_par_ink_prop\laboratory_measurement_L-Com\measurement_data\Messdaten_2026-10-05_16-50-09.csv|Probe=12|Date=2026-09-16,1,2.900048611111111,2.900048611111111,True,2.900048611111111,1544.9374000386365,1004.8469691272722,-1.3854000386365897,1544.9419076922347,1004.8473676189268,1.8285265582990475,3.532356095101826,3.657053116598095,0.0,90.98206423000103,1543.5678122895056,1005.1035256501833,0.3889991405214914,-0.1748943024676919,0.21410483805379954,0.2319999999999709
1142,2026-09-16,14:20:29.578,+02:00,108,12,110.0,1099.99,0.0,0.0,0.0,0.0,0.0,100.0,1005.105,0.0005319263,0.002441406,1543.571,0.007862509,0.03820801,24.18836,0.003628071,1498.057,0.0006654656,6.88964,2.023531e-05,100,1,1,1,Messdaten_2026-10-05_16-50-09.csv,C:\Users\nikla\OneDrive\Documents\01_Uni\01_Master\00_Masterarbeit\sim_par_ink_prop\laboratory_measurement_L-Com\measurement_data\Messdaten_2026-10-05_16-50-09.csv,1143,2026-09-16 12:20:29.578000+00:00,2026-09-16 14:20:29.578000+02:00,2026-09-16,C:\Users\nikla\OneDrive\Documents\01_Uni\01_Master\00_Masterarbeit\sim_par_ink_prop\laboratory_measurement_L-Com\measurement_data\Messdaten_2026-10-05_16-50-09.csv|Probe=12|Date=2026-09-16,1,2.9333825,2.9333825,True,2.9333825,1544.9302542305256,1004.8507586031719,-1.3592542305257211,1544.9347271446547,1004.8511540822363,1.8286459729805282,3.5311533883738293,3.6572919459610564,0.0,90.9829086926846,1543.584243100328,1005.1018587109662,0.41517968810148886,-0.18464403922530437,0.2305356488761845,0.25099999999997635
1143,2026-09-16,14:22:29.580,+02:00,109,12,110.0,1099.99,0.0,0.0,0.0,0.0,0.0,100.0,1005.104,0.000763277,0.003601074,1543.585,0.006059055,0.0291748,24.20236,0.003211198,1498.06,0.0006040042,6.889605,1.583311e-05,100,1,1,1,Messdaten_2026-10-05_16-50-09.csv,C:\Users\nikla\OneDrive\Documents\01_Uni\01_Master\00_Masterarbeit\sim_par_ink_prop\laboratory_measurement_L-Com\measurement_data\Messdaten_2026-10-05_16-50-09.csv,1144,2026-09-16 12:22:29.580000+00:00,2026-09-16 14:22:29.580000+02:00,2026-09-16,C:\Users\nikla\OneDrive\Documents\01_Uni\01_Master\00_Masterarbeit\sim_par_ink_prop\laboratory_measurement_L-Com\measurement_data\Messdaten_2026-10-05_16-50-09.csv|Probe=12|Date=2026-09-16,1,2.966716388888889,2.966716388888889,True,2.966716388888889,1544.9203316538114,1004.8541439972379,-1.3353316538114086,1544.9247751348753,1004.8545369319106,1.8287654032601381,3.529950524546422,3.6575308065202763,0.0,90.98375326567317,1543.5984420126617,1005.1005970772733,0.43913169788106643,-0.1943971366711139,0.24473456120995252,0.26500000000010004
1144,2026-09-16,14:24:29.582,+02:00,110,12,110.0,1099.99,0.0,0.0,0.0,0.0,0.0,100.0,1005.103,0.0005496533,0.002624512,1543.592,0.005493704,0.02331543,24.21312,0.002245863,1498.062,0.0005114946,6.889588,1.447166e-05,100,1,1,1,Messdaten_2026-10-05_16-50-09.csv,C:\Users\nikla\OneDrive\Documents\01_Uni\01_Master\00_Masterarbeit\sim_par_ink_prop\laboratory_measurement_L-Com\measurement_data\Messdaten_2026-10-05_16-50-09.csv,1145,2026-09-16 12:24:29.582000+00:00,2026-09-16 14:24:29.582000+02:00,2026-09-16,C:\Users\nikla\OneDrive\Documents\01_Uni\01_Master\00_Masterarbeit\sim_par_ink_prop\laboratory_measurement_L-Com\measurement_data\Messdaten_2026-10-05_16-50-09.csv|Probe=12|Date=2026-09-16,1,3.000050277777778,3.000050277777778,True,3.000050277777778,1544.9089567154513,1004.8565144863583,-1.3169567154511697,1544.913387286018,1004.8569063368943,1.828884849140935,3.528747503588823,3.65776969828187,0.0,90.98459794898837,1543.6070734397108,1005.1003505687229,0.4575195467384674,-0.20415355847944738,0.25336598825902,0.2720000000001619
1145,2026-09-16,14:26:29.584,+02:00,111,12,110.0,1099.99,0.0,0.0,0.0,0.0,0.0,100.0,1005.106,0.001433171,0.005310059,1543.582,0.009999719,0.04309082,24.21689,0.001554101,1498.063,0.0002130772,6.889617,2.638942e-05,100,1,1,1,Messdaten_2026-10-05_16-50-09.csv,C:\Users\nikla\OneDrive\Documents\01_Uni\01_Master\00_Masterarbeit\sim_par_ink_prop\laboratory_measurement_L-Com\measurement_data\Messdaten_2026-10-05_16-50-09.csv,1146,2026-09-16 12:26:29.584000+00:00,2026-09-16 14:26:29.584000+02:00,2026-09-16,C:\Users\nikla\OneDrive\Documents\01_Uni\01_Master\00_Masterarbeit\sim_par_ink_prop\laboratory_measurement_L-Com\measurement_data\Messdaten_2026-10-05_16-50-09.csv|Probe=12|Date=2026-09-16,1,3.033384166666667,3.033384166666667,True,3.033384166666667,1544.8925209743147,1004.8606954106309,-1.3105209743146133,1544.8969770831277,1004.8610895771524,1.8290043106259752,3.527544325470242,3.6580086212519505,0.0,90.98544274265183,1543.6037239358861,1005.1022918924575,0.4639297496287327,-0.21391326519437825,0.2500164844343544,0.262000000000171
1146,2026-09-16,14:28:29.586,+02:00,112,12,110.0,1099.99,0.0,0.0,0.0,0.0,0.0,100.0,1005.111,0.001228248,0.004882812,1543.554,0.008260623,0.03979492,24.20862,0.002473131,1498.063,0.0001181606,6.88969,2.153116e-05,100,1,1,1,Messdaten_2026-10-05_16-50-09.csv,C:\Users\nikla\OneDrive\Documents\01_Uni\01_Master\00_Masterarbeit\sim_par_ink_prop\laboratory_measurement_L-Com\measurement_data\Messdaten_2026-10-05_16-50-09.csv,1147,2026-09-16 12:28:29.586000+00:00,2026-09-16 14:28:29.586000+02:00,2026-09-16,C:\Users\nikla\OneDrive\Documents\01_Uni\01_Master\00_Masterarbeit\sim_par_ink_prop\laboratory_measurement_L-Com\measurement_data\Messdaten_2026-10-05_16-50-09.csv|Probe=12|Date=2026-09-16,1,3.0667180555555555,3.0667180555555555,True,3.0667180555555555,1544.8786402095743,1004.8631048951263,-1.324640209574227,1544.8831906022108,1004.8635074591618,1.829123787718317,3.5263409901598792,3.658247575436634,0.0,90.98628764668517,1543.5797474679366,1005.1080002275665,0.4497162305456186,-0.22367621406078797,0.22604001648483063,0.23400000000015098
1147,2026-09-16,14:30:29.588,+02:00,113,12,110.0,1099.99,0.0,0.0,0.0,0.0,0.0,100.0,1005.114,0.0007005963,0.003479004,1543.546,0.005084103,0.02246094,24.20695,0.00142824,1498.064,0.0004743908,6.889711,1.346955e-05,100,1,1,1,Messdaten_2026-10-05_16-50-09.csv,C:\Users\nikla\OneDrive\Documents\01_Uni\01_Master\00_Masterarbeit\sim_par_ink_prop\laboratory_measurement_L-Com\measurement_data\Messdaten_2026-10-05_16-50-09.csv,1148,2026-09-16 12:30:29.588000+00:00,2026-09-16 14:30:29.588000+02:00,2026-09-16,C:\Users\nikla\OneDrive\Documents\01_Uni\01_Master\00_Masterarbeit\sim_par_ink_prop\laboratory_measurement_L-Com\measurement_data\Messdaten_2026-10-05_16-50-09.csv|Probe=12|Date=2026-09-16,1,3.1000519444444445,3.1000519444444445,True,3.1000519444444445,1544.8734920756415,1004.865581780179,-1.3274920756414303,1544.878099337648,1004.8659894341067,1.8292432804210192,3.5251374976269276,3.6584865608420385,0.0,90.98713266111002,1543.5670725877007,1005.1116461068113,0.4468074951082599,-0.23344235885929265,0.21336513624896725,0.22600000000011278
1148,2026-09-16,14:32:29.591,+02:00,114,12,110.0,1099.99,0.0,0.0,0.0,0.0,0.0,100.0,1005.113,0.0006813729,0.003112793,1543.556,0.005377789,0.02319336,24.21544,0.002939601,1498.066,0.0005969253,6.889686,1.393019e-05,100,1,1,1,Messdaten_2026-10-05_16-50-09.csv,C:\Users\nikla\OneDrive\Documents\01_Uni\01_Master\00_Masterarbeit\sim_par_ink_prop\laboratory_measurement_L-Com\measurement_data\Messdaten_2026-10-05_16-50-09.csv,1149,2026-09-16 12:32:29.591000+00:00,2026-09-16 14:32:29.591000+02:00,2026-09-16,C:\Users\nikla\OneDrive\Documents\01_Uni\01_Master\00_Masterarbeit\sim_par_ink_prop\laboratory_measurement_L-Com\measurement_data\Messdaten_2026-10-05_16-50-09.csv|Probe=12|Date=2026-09-16,1,3.133386111111111,3.133386111111111,True,3.133386111111111,1544.8689961169864,1004.8672412089807,-1.312996116986369,1544.8736007550087,1004.8676486901848,1.8293627897330924,3.523933837809669,3.658725579466185,0.0,90.98797779299106,1543.571801798055,1005.1121163503078,0.4613060777476221,-0.24321173114435624,0.21809434660326588,0.23600000000010368
1149,2026-09-16,14:34:29.593,+02:00,115,12,110.0,1099.99,0.0,0.0,0.0,0.0,0.0,100.0,1005.113,0.0005333816,0.002685547,1543.566,0.005895136,0.03808594,24.22668,0.002884217,1498.068,0.0005795162,6.889661,1.53649e-05,100,1,1,1,Messdaten_2026-10-05_16-50-09.csv,C:\Users\nikla\OneDrive\Documents\01_Uni\01_Master\00_Masterarbeit\sim_par_ink_prop\laboratory_measurement_L-Com\measurement_data\Messdaten_2026-10-05_16-50-09.csv,1150,2026-09-16 12:34:29.593000+00:00,2026-09-16 14:34:29.593000+02:00,2026-09-16,C:\Users\nikla\OneDrive\Documents\01_Uni\01_Master\00_Masterarbeit\sim_par_ink_prop\laboratory_measurement_L-Com\measurement_data\Messdaten_2026-10-05_16-50-09.csv|Probe=12|Date=2026-09-16,1,3.1667199999999998,3.1667199999999998,True,3.1667199999999998,1544.8598141519465,1004.870762055098,-1.2938141519464352,1544.8643987991497,1004.8711678265886,1.8294823136658247,3.5227300307377765,3.6589646273316494,0.0,90.98882302826476,1543.5812313706629,1005.1117282871282,0.4805080336066112,-0.2529841143955309,0.22752391921108028,0.2460000000000946
1150,2026-09-16,14:36:29.595,+02:00,116,12,110.0,1099.99,0.0,0.0,0.0,0.0,0.0,100.0,1005.112,0.0005937166,0.002807617,1543.582,0.006967722,0.03283691,24.23922,0.003398604,1498.07,0.0006513317,6.889622,1.793206e-05,100,1,1,1,Messdaten_2026-10-05_16-50-09.csv,C:\Users\nikla\OneDrive\Documents\01_Uni\01_Master\00_Masterarbeit\sim_par_ink_prop\laboratory_measurement_L-Com\measurement_data\Messdaten_2026-10-05_16-50-09.csv,1151,2026-09-16 12:36:29.595000+00:00,2026-09-16 14:36:29.595000+02:00,2026-09-16,C:\Users\nikla\OneDrive\Documents\01_Uni\01_Master\00_Masterarbeit\sim_par_ink_prop\laboratory_measurement_L-Com\measurement_data\Messdaten_2026-10-05_16-50-09.csv|Probe=12|Date=2026-09-16,1,3.2000538888888888,3.2000538888888888,True,3.2000538888888888,1544.8544262588657,1004.8736901171162,-1.2724262588656075,1544.8589817448205,1004.8740933666636,1.8296018532180987,3.521526066350825,3.6592037064361973,0.0,90.98966837399487,1543.5928730071078,1005.1109353985134,0.5019250879358879,-0.2627595322799152,0.23916555565597264,0.262000000000171
1151,2026-09-16,14:38:29.597,+02:00,117,12,110.0,1099.99,0.0,0.0,0.0,0.0,0.0,100.0,1005.111,0.0008078423,0.003417969,1543.6,0.007828515,0.04602051,24.25361,0.00418209,1498.073,0.0007534754,6.88958,1.999087e-05,100,1,1,1,Messdaten_2026-10-05_16-50-09.csv,C:\Users\nikla\OneDrive\Documents\01_Uni\01_Master\00_Masterarbeit\sim_par_ink_prop\laboratory_measurement_L-Com\measurement_data\Messdaten_2026-10-05_16-50-09.csv,1152,2026-09-16 12:38:29.597000+00:00,2026-09-16 14:38:29.597000+02:00,2026-09-16,C:\Users\nikla\OneDrive\Documents\01_Uni\01_Master\00_Masterarbeit\sim_par_ink_prop\laboratory_measurement_L-Com\measurement_data\Messdaten_2026-10-05_16-50-09.csv|Probe=12|Date=2026-09-16,1,3.2333877777777777,3.2333877777777777,True,3.2333877777777777,1544.847899470679,1004.8771976787,-1.2478994706791582,1544.8524130690507,1004.8775972789431,1.8297214083929754,3.520321944617976,3.6594428167859507,0.0,90.99051383020308,1543.6076632923264,1005.1095656924346,0.5264937637055027,-0.2725379228309066,0.2539558408745961,0.2799999999999727
1152,2026-09-16,14:40:29.600,+02:00,118,12,110.0,1099.99,0.0,0.0,0.0,0.0,0.0,100.0,1005.109,0.0006717876,0.003356934,1543.62,0.00650609,0.03063965,24.27027,0.003712316,1498.076,0.0006886743,6.88953,1.678917e-05,100,1,1,1,Messdaten_2026-10-05_16-50-09.csv,C:\Users\nikla\OneDrive\Documents\01_Uni\01_Master\00_Masterarbeit\sim_par_ink_prop\laboratory_measurement_L-Com\measurement_data\Messdaten_2026-10-05_16-50-09.csv,1153,2026-09-16 12:40:29.600000+00:00,2026-09-16 14:40:29.600000+02:00,2026-09-16,C:\Users\nikla\OneDrive\Documents\01_Uni\01_Master\00_Masterarbeit\sim_par_ink_prop\laboratory_measurement_L-Com\measurement_data\Messdaten_2026-10-05_16-50-09.csv|Probe=12|Date=2026-09-16,1,3.2667219444444444,3.2667219444444444,True,3.2667219444444444,1544.8395255445287,1004.8804163021206,-1.2195255445287785,1544.8439816376278,1004.8808108692149,1.8298409801899909,3.5191176554722343,3.6596819603799817,0.0,90.9913594039578,1543.626313345425,1005.1074878636267,0.5549251951283622,-0.2823193011552121,0.27260589397315016,0.2999999999999545
1153,2026-09-16,14:42:29.602,+02:00,119,12,110.0,1099.99,0.0,0.0,0.0,0.0,0.0,100.0,1005.108,0.0006217357,0.003173828,1543.638,0.006899092,0.03942871,24.28574,0.00373381,1498.079,0.0006413648,6.889487,1.780387e-05,100,1,1,1,Messdaten_2026-10-05_16-50-09.csv,C:\Users\nikla\OneDrive\Documents\01_Uni\01_Master\00_Masterarbeit\sim_par_ink_prop\laboratory_measurement_L-Com\measurement_data\Messdaten_2026-10-05_16-50-09.csv,1154,2026-09-16 12:42:29.602000+00:00,2026-09-16 14:42:29.602000+02:00,2026-09-16,C:\Users\nikla\OneDrive\Documents\01_Uni\01_Master\00_Masterarbeit\sim_par_ink_prop\laboratory_measurement_L-Com\measurement_data\Messdaten_2026-10-05_16-50-09.csv|Probe=12|Date=2026-09-16,1,3.300055833333333,3.300055833333333,True,3.300055833333333,1544.8311994054538,1004.88426216773,-1.1931994054539246,1544.835603312166,1004.8846521710833,1.829960566619394,3.517913218953729,3.659921133238788,0.0,90.99220508118808,1543.6429075388967,1005.105783798378,0.5813035205901542,-0.29210343314525744,0.2892000874448968,0.31799999999998363
1154,2026-09-16,14:44:29.604,+02:00,120,12,110.0,1099.99,0.0,0.0,0.0,0.0,0.0,100.0,1005.107,0.0009393389,0.004272461,1543.65,0.006860705,0.03295898,24.29867,0.003502471,1498.081,0.000641346,6.889459,1.780869e-05,100,1,1,1,Messdaten_2026-10-05_16-50-09.csv,C:\Users\nikla\OneDrive\Documents\01_Uni\01_Master\00_Masterarbeit\sim_par_ink_prop\laboratory_measurement_L-Com\measurement_data\Messdaten_2026-10-05_16-50-09.csv,1155,2026-09-16 12:44:29.604000+00:00,2026-09-16 14:44:29.604000+02:00,2026-09-16,C:\Users\nikla\OneDrive\Documents\01_Uni\01_Master\00_Masterarbeit\sim_par_ink_prop\laboratory_measurement_L-Com\measurement_data\Messdaten_2026-10-05_16-50-09.csv|Probe=12|Date=2026-09-16,1,3.333389722222222,3.333389722222222,True,3.333389722222222,1544.821211302587,1004.8873123974524,-1.1712113025869257,1544.8255769615428,1004.8876990700546,1.830080168680592,3.5167086249967605,3.660160337361184,0.0,90.99305086896148,1543.655146998364,1005.1048756071123,0.6033298712136457,-0.30189032430143925,0.3014395469122064,0.3300000000001546
1155,2026-09-16,14:46:29.606,+02:00,121,12,110.0,1099.99,0.0,0.0,0.0,0.0,0.0,100.0,1005.106,0.0007488326,0.003295898,1543.665,0.006554451,0.03063965,24.31264,0.003805747,1498.083,0.0006969345,6.889421,1.684436e-05,100,1,1,1,Messdaten_2026-10-05_16-50-09.csv,C:\Users\nikla\OneDrive\Documents\01_Uni\01_Master\00_Masterarbeit\sim_par_ink_prop\laboratory_measurement_L-Com\measurement_data\Messdaten_2026-10-05_16-50-09.csv,1156,2026-09-16 12:46:29.606000+00:00,2026-09-16 14:46:29.606000+02:00,2026-09-16,C:\Users\nikla\OneDrive\Documents\01_Uni\01_Master\00_Masterarbeit\sim_par_ink_prop\laboratory_measurement_L-Com\measurement_data\Messdaten_2026-10-05_16-50-09.csv|Probe=12|Date=2026-09-16,1,3.366723611111111,3.366723611111111,True,3.366723611111111,1544.8124705806604,1004.8906884004722,-1.1474705806604106,1544.8167898827153,1004.8910710230201,1.8301997863766486,3.5155038735704554,3.660399572753297,0.0,90.9938967672996,1543.6691445080187,1005.1036438002677,0.6271169500409997,-0.31167989347409275,0.3154370565669069,0.3450000000000273
1156,2026-09-16,14:48:29.608,+02:00,122,12,110.0,1099.99,0.0,0.0,0.0,0.0,0.0,100.0,1005.105,0.0005561975,0.002563477,1543.679,0.006638105,0.0279541,24.32624,0.003287939,1498.086,0.0006371832,6.889388,1.707216e-05,100,1,1,1,Messdaten_2026-10-05_16-50-09.csv,C:\Users\nikla\OneDrive\Documents\01_Uni\01_Master\00_Masterarbeit\sim_par_ink_prop\laboratory_measurement_L-Com\measurement_data\Messdaten_2026-10-05_16-50-09.csv,1157,2026-09-16 12:48:29.608000+00:00,2026-09-16 14:48:29.608000+02:00,2026-09-16,C:\Users\nikla\OneDrive\Documents\01_Uni\01_Master\00_Masterarbeit\sim_par_ink_prop\laboratory_measurement_L-Com\measurement_data\Messdaten_2026-10-05_16-50-09.csv|Probe=12|Date=2026-09-16,1,3.4000575,3.4000575,True,3.4000575,1544.8033745635573,1004.8939485043841,-1.1243745635572395,1544.8076481631424,1004.8943271335911,1.830319419710631,3.514298964643936,3.660638839421262,0.0,90.99474277622416,1543.682494066962,1005.1025292389604,0.6502586696140042,-0.3214720541038787,0.32878661551012556,0.359000000000151
1157,2026-09-16,14:50:29.610,+02:00,123,12,110.0,1099.99,0.0,0.0,0.0,0.0,0.0,100.0,1005.103,0.0006803383,0.003173828,1543.694,0.007196696,0.03540039,24.3395,0.003273835,1498.088,0.0005987482,6.889352,1.866223e-05,100,1,1,1,Messdaten_2026-10-05_16-50-09.csv,C:\Users\nikla\OneDrive\Documents\01_Uni\01_Master\00_Masterarbeit\sim_par_ink_prop\laboratory_measurement_L-Com\measurement_data\Messdaten_2026-10-05_16-50-09.csv,1158,2026-09-16 12:50:29.610000+00:00,2026-09-16 14:50:29.610000+02:00,2026-09-16,C:\Users\nikla\OneDrive\Documents\01_Uni\01_Master\00_Masterarbeit\sim_par_ink_prop\laboratory_measurement_L-Com\measurement_data\Messdaten_2026-10-05_16-50-09.csv|Probe=12|Date=2026-09-16,1,3.433391388888889,3.433391388888889,True,3.433391388888889,1544.7958710802227,1004.8961021064179,-1.101871080222736,1544.800099507732,1004.8964767880366,1.8304390686856054,3.5130938981863142,3.6608781373712107,0.0,90.99558889575687,1543.6952480625228,1005.1015224989102,0.6728073250242232,-0.331266713953255,0.3415406110709682,0.37400000000002365
1158,2026-09-16,14:52:29.612,+02:00,124,12,110.0,1099.99,0.0,0.0,0.0,0.0,0.0,100.0,1005.102,0.0006303612,0.002746582,1543.709,0.005720546,0.02978516,24.35341,0.00320117,1498.091,0.000571213,6.889315,1.481968e-05,100,1,1,1,Messdaten_2026-10-05_16-50-09.csv,C:\Users\nikla\OneDrive\Documents\01_Uni\01_Master\00_Masterarbeit\sim_par_ink_prop\laboratory_measurement_L-Com\measurement_data\Messdaten_2026-10-05_16-50-09.csv,1159,2026-09-16 12:52:29.612000+00:00,2026-09-16 14:52:29.612000+02:00,2026-09-16,C:\Users\nikla\OneDrive\Documents\01_Uni\01_Master\00_Masterarbeit\sim_par_ink_prop\laboratory_measurement_L-Com\measurement_data\Messdaten_2026-10-05_16-50-09.csv|Probe=12|Date=2026-09-16,1,3.4667252777777775,3.4667252777777775,True,3.4667252777777775,1544.7872805509867,1004.8994593171581,-1.0782805509866193,1544.791458002127,1004.8998295356297,1.8305587333046391,3.5118886741666944,3.6611174666092783,0.0,90.99643512591939,1543.7090925072487,1005.1003139899516,0.6964488306293788,-0.3410637748324916,0.3553850557968872,0.3890000000001237
1159,2026-09-16,14:54:29.614,+02:00,125,12,110.0,1099.99,0.0,0.0,0.0,0.0,0.0,100.0,1005.101,0.0005870574,0.002685547,1543.723,0.005680688,0.02905273,24.36567,0.003084513,1498.093,0.0005355195,6.889281,1.473384e-05,100,1,1,1,Messdaten_2026-10-05_16-50-09.csv,C:\Users\nikla\OneDrive\Documents\01_Uni\01_Master\00_Masterarbeit\sim_par_ink_prop\laboratory_measurement_L-Com\measurement_data\Messdaten_2026-10-05_16-50-09.csv,1160,2026-09-16 12:54:29.614000+00:00,2026-09-16 14:54:29.614000+02:00,2026-09-16,C:\Users\nikla\OneDrive\Documents\01_Uni\01_Master\00_Masterarbeit\sim_par_ink_prop\laboratory_measurement_L-Com\measurement_data\Messdaten_2026-10-05_16-50-09.csv|Probe=12|Date=2026-09-16,1,3.5000591666666665,3.5000591666666665,True,3.5000591666666665,1544.7805019685804,1004.9022996775245,-1.0575019685804818,1544.7846375245635,1004.9026662363052,1.8306784135708012,3.5106832925541718,3.6613568271416024,0.0,90.99728146673343,1543.7201136273432,1005.0996228082305,0.7172693081927264,-0.350863132301356,0.36640617589137037,0.40300000000002
1160,2026-09-16,14:56:29.616,+02:00,126,12,110.0,1099.99,0.0,0.0,0.0,0.0,0.0,100.0,1005.1,0.0005734467,0.002624512,1543.734,0.005710654,0.02770996,24.37735,0.002780146,1498.095,0.0005950565,6.889256,1.49349e-05,100,1,1,1,Messdaten_2026-10-05_16-50-09.csv,C:\Users\nikla\OneDrive\Documents\01_Uni\01_Master\00_Masterarbeit\sim_par_ink_prop\laboratory_measurement_L-Com\measurement_data\Messdaten_2026-10-05_16-50-09.csv,1161,2026-09-16 12:56:29.616000+00:00,2026-09-16 14:56:29.616000+02:00,2026-09-16,C:\Users\nikla\OneDrive\Documents\01_Uni\01_Master\00_Masterarbeit\sim_par_ink_prop\laboratory_measurement_L-Com\measurement_data\Messdaten_2026-10-05_16-50-09.csv|Probe=12|Date=2026-09-16,1,3.5333930555555555,3.5333930555555555,True,3.5333930555555555,1544.7717182833317,1004.9049583574598,-1.037718283331742,1544.7758142787509,1004.9053214623511,1.8307981094871606,3.5094777533178365,3.661596218974321,0.0,90.99812791822069,1543.7301353300866,1005.0991143343565,0.7370925540053577,-0.3606646753705718,0.3764278786347859,0.41399999999998727
1161,2026-09-16,14:58:29.618,+02:00,127,12,110.0,1099.99,0.0,0.0,0.0,0.0,0.0,100.0,1005.1,0.0005502305,0.002380371,1543.744,0.006598942,0.03259277,24.38893,0.003099498,1498.098,0.0006047077,6.889231,1.710252e-05,100,1,1,1,Messdaten_2026-10-05_16-50-09.csv,C:\Users\nikla\OneDrive\Documents\01_Uni\01_Master\00_Masterarbeit\sim_par_ink_prop\laboratory_measurement_L-Com\measurement_data\Messdaten_2026-10-05_16-50-09.csv,1162,2026-09-16 12:58:29.618000+00:00,2026-09-16 14:58:29.618000+02:00,2026-09-16,C:\Users\nikla\OneDrive\Documents\01_Uni\01_Master\00_Masterarbeit\sim_par_ink_prop\laboratory_measurement_L-Com\measurement_data\Messdaten_2026-10-05_16-50-09.csv|Probe=12|Date=2026-09-16,1,3.5667269444444445,3.5667269444444445,True,3.5667269444444445,1544.7621154441242,1004.9085857136248,-1.0181154441243052,1544.7661711316791,1004.9089452973062,1.8309178210567867,3.508272056426767,3.6618356421135734,0.0,90.99897448040286,1543.739974866346,1005.098638434346,0.7567357010771047,-0.37046828618281324,0.3862674148942915,0.42399999999997817
1162,2026-09-16,15:00:29.620,+02:00,128,12,110.0,1099.99,0.0,0.0,0.0,0.0,0.0,100.0,1005.1,0.0006871745,0.003295898,1543.756,0.006642031,0.02868652,24.4003,0.002628678,1498.1,0.0005191704,6.889203,1.735751e-05,100,1,1,1,Messdaten_2026-10-05_16-50-09.csv,C:\Users\nikla\OneDrive\Documents\01_Uni\01_Master\00_Masterarbeit\sim_par_ink_prop\laboratory_measurement_L-Com\measurement_data\Messdaten_2026-10-05_16-50-09.csv,1163,2026-09-16 13:00:29.620000+00:00,2026-09-16 15:00:29.620000+02:00,2026-09-16,C:\Users\nikla\OneDrive\Documents\01_Uni\01_Master\00_Masterarbeit\sim_par_ink_prop\laboratory_measurement_L-Com\measurement_data\Messdaten_2026-10-05_16-50-09.csv|Probe=12|Date=2026-09-16,1,3.600060833333333,3.600060833333333,True,3.600060833333333,1544.7548792085215,1004.9121472892465,-0.99887920852143,1544.7588945973507,1004.91250335144,1.8310375482827517,3.5070662018500367,3.6620750965655033,0.0,90.99982115330171,1543.749445847175,1005.0982294439741,0.7760122354056875,-0.3802738396825589,0.39573839572312863,0.43600000000014916
1163,2026-09-16,15:02:29.622,+02:00,129,12,110.0,1099.99,0.0,0.0,0.0,0.0,0.0,100.0,1005.098,0.0005721187,0.002319336,1543.769,0.005938864,0.0300293,24.41237,0.003085564,1498.102,0.0005884943,6.88917,1.53755e-05,100,1,1,1,Messdaten_2026-10-05_16-50-09.csv,C:\Users\nikla\OneDrive\Documents\01_Uni\01_Master\00_Masterarbeit\sim_par_ink_prop\laboratory_measurement_L-Com\measurement_data\Messdaten_2026-10-05_16-50-09.csv,1164,2026-09-16 13:02:29.622000+00:00,2026-09-16 15:02:29.622000+02:00,2026-09-16,C:\Users\nikla\OneDrive\Documents\01_Uni\01_Master\00_Masterarbeit\sim_par_ink_prop\laboratory_measurement_L-Com\measurement_data\Messdaten_2026-10-05_16-50-09.csv|Probe=12|Date=2026-09-16,1,3.633394722222222,3.633394722222222,True,3.633394722222222,1544.7474707365657,1004.9139281357072,-0.9784707365656686,1544.7514397275143,1004.9142801344653,1.8311572911681255,3.505860189556707,3.662314582336251,0.0,91.00066793693891,1543.7600933534204,1005.0976027958851,0.7964671052420726,-0.3900812032734393,0.40638590196863333,0.4490000000000691
1164,2026-09-16,15:04:29.624,+02:00,130,12,110.0,1099.99,0.0,0.0,0.0,0.0,0.0,100.0,1005.098,0.0005248951,0.002685547,1543.78,0.005857409,0.02880859,24.42424,0.002997717,1498.104,0.0005776314,6.889145,1.532485e-05,100,1,1,1,Messdaten_2026-10-05_16-50-09.csv,C:\Users\nikla\OneDrive\Documents\01_Uni\01_Master\00_Masterarbeit\sim_par_ink_prop\laboratory_measurement_L-Com\measurement_data\Messdaten_2026-10-05_16-50-09.csv,1165,2026-09-16 13:04:29.624000+00:00,2026-09-16 15:04:29.624000+02:00,2026-09-16,C:\Users\nikla\OneDrive\Documents\01_Uni\01_Master\00_Masterarbeit\sim_par_ink_prop\laboratory_measurement_L-Com\measurement_data\Messdaten_2026-10-05_16-50-09.csv|Probe=12|Date=2026-09-16,1,3.666728611111111,3.666728611111111,True,3.666728611111111,1544.7384125438127,1004.9176463340849,-0.9584125438127558,1544.7423350494905,1004.9179942604142,1.831277049715982,3.504654019515836,3.662554099431964,0.0,91.00151483133622,1543.7703889982583,1005.0970398145384,0.816571783265772,-0.39989023645921407,0.4166815468065579,0.4600000000000364
1165,2026-09-16,15:06:29.626,+02:00,131,12,110.0,1099.99,0.0,0.0,0.0,0.0,0.0,100.0,1005.098,0.0005955012,0.002807617,1543.785,0.00662363,0.03186035,24.43319,0.00237293,1498.106,0.0005448815,6.889133,1.738444e-05,100,1,1,1,Messdaten_2026-10-05_16-50-09.csv,C:\Users\nikla\OneDrive\Documents\01_Uni\01_Master\00_Masterarbeit\sim_par_ink_prop\laboratory_measurement_L-Com\measurement_data\Messdaten_2026-10-05_16-50-09.csv,1166,2026-09-16 13:06:29.626000+00:00,2026-09-16 15:06:29.626000+02:00,2026-09-16,C:\Users\nikla\OneDrive\Documents\01_Uni\01_Master\00_Masterarbeit\sim_par_ink_prop\laboratory_measurement_L-Com\measurement_data\Messdaten_2026-10-05_16-50-09.csv|Probe=12|Date=2026-09-16,1,3.7000625,3.7000625,True,3.7000625,1544.7282965771071,1004.9204498623031,-0.9432965771070485,1544.7321912400785,1004.9207953686275,1.8313968239293934,3.5034476916964707,3.662793647858787,0.0,91.00236183651535,1543.7757222536588,1005.0973907950258,0.8317155926779378,-0.40970079047087893,0.4220148022070589,0.4650000000001455
1166,2026-09-16,15:08:29.628,+02:00,132,12,110.0,1099.99,0.0,0.0,0.0,0.0,0.0,100.0,1005.098,0.0005936659,0.002624512,1543.794,0.005529726,0.02575684,24.4436,0.002974445,1498.108,0.0005745169,6.889112,1.454562e-05,100,1,1,1,Messdaten_2026-10-05_16-50-09.csv,C:\Users\nikla\OneDrive\Documents\01_Uni\01_Master\00_Masterarbeit\sim_par_ink_prop\laboratory_measurement_L-Com\measurement_data\Messdaten_2026-10-05_16-50-09.csv,1167,2026-09-16 13:08:29.628000+00:00,2026-09-16 15:08:29.628000+02:00,2026-09-16,C:\Users\nikla\OneDrive\Documents\01_Uni\01_Master\00_Masterarbeit\sim_par_ink_prop\laboratory_measurement_L-Com\measurement_data\Messdaten_2026-10-05_16-50-09.csv|Probe=12|Date=2026-09-16,1,3.733396388888889,3.733396388888889,True,3.733396388888889,1544.7197233610796,1004.9237107262577,-0.9257233610794628,1544.7235789812094,1004.9240528181792,1.8315166138114336,3.5022412060676498,3.663033227622867,0.0,91.00320895249804,1543.7835225951183,1005.0972863084507,0.8493278515470593,-0.41951270788058537,0.4298151436664739,0.47400000000016007
1167,2026-09-16,15:10:29.630,+02:00,133,12,110.0,1099.99,0.0,0.0,0.0,0.0,0.0,100.0,1005.098,0.0005599962,0.002380371,1543.803,0.005731503,0.03015137,24.45351,0.002720648,1498.11,0.0005314185,6.889091,1.513204e-05,100,1,1,1,Messdaten_2026-10-05_16-50-09.csv,C:\Users\nikla\OneDrive\Documents\01_Uni\01_Master\00_Masterarbeit\sim_par_ink_prop\laboratory_measurement_L-Com\measurement_data\Messdaten_2026-10-05_16-50-09.csv,1168,2026-09-16 13:10:29.630000+00:00,2026-09-16 15:10:29.630000+02:00,2026-09-16,C:\Users\nikla\OneDrive\Documents\01_Uni\01_Master\00_Masterarbeit\sim_par_ink_prop\laboratory_measurement_L-Com\measurement_data\Messdaten_2026-10-05_16-50-09.csv|Probe=12|Date=2026-09-16,1,3.7667302777777776,3.7667302777777776,True,3.7667302777777776,1544.712002790966,1004.926814968912,-0.9090027909658147,1544.715821612793,1004.9271538445405,1.8316364193651786,3.5010345625984067,3.6632728387303573,0.0,91.00405617930606,1543.7904668492174,1005.0973390450612,0.8660852199634519,-0.4293258221978249,0.436759397765627,0.4830000000001746
1168,2026-09-16,15:12:29.632,+02:00,134,12,110.0,1099.99,0.0,0.0,0.0,0.0,0.0,100.0,1005.098,0.0005853242,0.003295898,1543.805,0.005430429,0.02478027,24.46187,0.002061516,1498.112,0.0004686176,6.889089,1.437157e-05,100,1,1,1,Messdaten_2026-10-05_16-50-09.csv,C:\Users\nikla\OneDrive\Documents\01_Uni\01_Master\00_Masterarbeit\sim_par_ink_prop\laboratory_measurement_L-Com\measurement_data\Messdaten_2026-10-05_16-50-09.csv,1169,2026-09-16 13:12:29.632000+00:00,2026-09-16 15:12:29.632000+02:00,2026-09-16,C:\Users\nikla\OneDrive\Documents\01_Uni\01_Master\00_Masterarbeit\sim_par_ink_prop\laboratory_measurement_L-Com\measurement_data\Messdaten_2026-10-05_16-50-09.csv|Probe=12|Date=2026-09-16,1,3.8000641666666666,3.8000641666666666,True,3.8000641666666666,1544.6999039648358,1004.929433684517,-0.8949039648357484,1544.703695721832,1004.929770206639,1.8317562405937025,3.4998277612577624,3.663512481187405,0.0,91.00490351696112,1543.7947786049222,1005.0978771669729,0.8802111109243924,-0.43913995745401735,0.44107115347037507,0.48500000000012733
1169,2026-09-16,15:14:29.634,+02:00,135,12,110.0,1099.99,0.0,0.0,0.0,0.0,0.0,100.0,1005.101,0.001302436,0.005371094,1543.796,0.007379159,0.03283691,24.4652,0.00074293,1498.113,7.365205e-05,6.889114,1.955464e-05,100,1,1,1,Messdaten_2026-10-05_16-50-09.csv,C:\Users\nikla\OneDrive\Documents\01_Uni\01_Master\00_Masterarbeit\sim_par_ink_prop\laboratory_measurement_L-Com\measurement_data\Messdaten_2026-10-05_16-50-09.csv,1170,2026-09-16 13:14:29.634000+00:00,2026-09-16 15:14:29.634000+02:00,2026-09-16,C:\Users\nikla\OneDrive\Documents\01_Uni\01_Master\00_Masterarbeit\sim_par_ink_prop\laboratory_measurement_L-Com\measurement_data\Messdaten_2026-10-05_16-50-09.csv|Probe=12|Date=2026-09-16,1,3.8333980555555556,3.8333980555555556,True,3.8333980555555556,1544.6852897066492,1004.933476785429,-0.8892897066491514,1544.6890891316998,1004.9338140360339,1.8318760775000833,3.498620802014735,3.6637521550001666,0.0,91.00575096548502,1543.790570224745,1005.0999884587773,0.8858177010565669,-0.44895492776345236,0.4368627732931145,0.4760000000001128
1170,2026-09-16,15:16:29.636,+02:00,136,12,110.0,1099.99,0.0,0.0,0.0,0.0,0.0,100.0,1005.103,0.0005559129,0.002624512,1543.79,0.004814537,0.02416992,24.466,0.001378823,1498.114,0.0003998411,6.889131,1.275396e-05,100,1,1,1,Messdaten_2026-10-05_16-50-09.csv,C:\Users\nikla\OneDrive\Documents\01_Uni\01_Master\00_Masterarbeit\sim_par_ink_prop\laboratory_measurement_L-Com\measurement_data\Messdaten_2026-10-05_16-50-09.csv,1171,2026-09-16 13:16:29.636000+00:00,2026-09-16 15:16:29.636000+02:00,2026-09-16,C:\Users\nikla\OneDrive\Documents\01_Uni\01_Master\00_Masterarbeit\sim_par_ink_prop\laboratory_measurement_L-Com\measurement_data\Messdaten_2026-10-05_16-50-09.csv|Probe=12|Date=2026-09-16,1,3.8667319444444446,3.8667319444444446,True,3.8667319444444446,1544.677941076979,1004.9357273802491,-0.887941076979132,1544.6817658729992,1004.9360669309369,1.8319959300873965,3.497413684838328,3.663991860174793,0.0,91.00659852489947,1543.78207787433,1005.1028912332882,0.8871409597570619,-0.4587705368787738,0.4283704228782881,0.4700000000000273
1171,2026-09-16,15:18:29.638,+02:00,137,12,110.0,1099.99,0.0,0.0,0.0,0.0,0.0,100.0,1005.103,0.000624217,0.002929688,1543.794,0.005251023,0.02355957,24.47218,0.00190472,1498.116,0.0004244609,6.889122,1.383551e-05,100,1,1,1,Messdaten_2026-10-05_16-50-09.csv,C:\Users\nikla\OneDrive\Documents\01_Uni\01_Master\00_Masterarbeit\sim_par_ink_prop\laboratory_measurement_L-Com\measurement_data\Messdaten_2026-10-05_16-50-09.csv,1172,2026-09-16 13:18:29.638000+00:00,2026-09-16 15:18:29.638000+02:00,2026-09-16,C:\Users\nikla\OneDrive\Documents\01_Uni\01_Master\00_Masterarbeit\sim_par_ink_prop\laboratory_measurement_L-Com\measurement_data\Messdaten_2026-10-05_16-50-09.csv|Probe=12|Date=2026-09-16,1,3.900065833333333,3.900065833333333,True,3.900065833333333,1544.6715247547215,1004.9376632253236,-0.8775247547214349,1544.6753359425372,1004.9380016161042,1.8321157983587215,3.496206409697544,3.664231596717443,0.0,91.00744619522628,1543.78269176395,1005.1041126714142,0.8975708902191855,-0.4685865777209983,0.42898431249818714,0.47400000000016007
1172,2026-09-16,15:20:29.640,+02:00,138,12,110.0,1099.99,0.0,0.0,0.0,0.0,0.0,100.0,1005.104,0.0005447679,0.002624512,1543.8,0.005233798,0.02819824,24.48046,0.002026783,1498.118,0.0004335133,6.889107,1.395223e-05,100,1,1,1,Messdaten_2026-10-05_16-50-09.csv,C:\Users\nikla\OneDrive\Documents\01_Uni\01_Master\00_Masterarbeit\sim_par_ink_prop\laboratory_measurement_L-Com\measurement_data\Messdaten_2026-10-05_16-50-09.csv,1173,2026-09-16 13:20:29.640000+00:00,2026-09-16 15:20:29.640000+02:00,2026-09-16,C:\Users\nikla\OneDrive\Documents\01_Uni\01_Master\00_Masterarbeit\sim_par_ink_prop\laboratory_measurement_L-Com\measurement_data\Messdaten_2026-10-05_16-50-09.csv|Probe=12|Date=2026-09-16,1,3.933399722222222,3.933399722222222,True,3.933399722222222,1544.6635740188626,1004.9412568820726,-0.8635740188626642,1544.6673555604775,1004.94159268849,1.8322356823171366,3.494998976561372,3.6644713646342733,0.0,91.00829397648722,1543.7868558918303,1005.1046780762551,0.9115512722787571,-0.4784028319002118,0.4331484403785453,0.4800000000000182
1173,2026-09-16,15:22:29.642,+02:00,139,12,110.0,1099.99,0.0,0.0,0.0,0.0,0.0,100.0,1005.104,0.0005872051,0.002624512,1543.803,0.004828202,0.02966309,24.48771,0.001767818,1498.119,0.0004629642,6.889102,1.276319e-05,100,1,1,1,Messdaten_2026-10-05_16-50-09.csv,C:\Users\nikla\OneDrive\Documents\01_Uni\01_Master\00_Masterarbeit\sim_par_ink_prop\laboratory_measurement_L-Com\measurement_data\Messdaten_2026-10-05_16-50-09.csv,1174,2026-09-16 13:22:29.642000+00:00,2026-09-16 15:22:29.642000+02:00,2026-09-16,C:\Users\nikla\OneDrive\Documents\01_Uni\01_Master\00_Masterarbeit\sim_par_ink_prop\laboratory_measurement_L-Com\measurement_data\Messdaten_2026-10-05_16-50-09.csv|Probe=12|Date=2026-09-16,1,3.966733611111111,3.966733611111111,True,3.966733611111111,1544.6543635104422,1004.9435278981736,-0.85136351044207,1544.6581219707803,1004.9438617024344,1.8323555819657216,3.493791385398796,3.664711163931443,0.0,91.00914186870403,1543.7892732442147,1005.1055657876634,0.9237848619761735,-0.4882190692133008,0.43556579276287266,0.4830000000001746
1174,2026-09-16,15:24:29.644,+02:00,140,12,110.0,1099.99,0.0,0.0,0.0,0.0,0.0,100.0,1005.105,0.000556784,0.002258301,1543.808,0.005179947,0.0234375,24.49611,0.002336375,1498.121,0.0004086194,6.889089,1.378166e-05,100,1,1,1,Messdaten_2026-10-05_16-50-09.csv,C:\Users\nikla\OneDrive\Documents\01_Uni\01_Master\00_Masterarbeit\sim_par_ink_prop\laboratory_measurement_L-Com\measurement_data\Messdaten_2026-10-05_16-50-09.csv,1175,2026-09-16 13:24:29.644000+00:00,2026-09-16 15:24:29.644000+02:00,2026-09-16,C:\Users\nikla\OneDrive\Documents\01_Uni\01_Master\00_Masterarbeit\sim_par_ink_prop\laboratory_measurement_L-Com\measurement_data\Messdaten_2026-10-05_16-50-09.csv|Probe=12|Date=2026-09-16,1,4.0000675,4.0000675,True,4.0000675,1544.645221780125,1004.94715914468,-0.8372217801249917,1544.6489477822886,1004.9474901133104,1.8324754973075568,3.4925836361787894,3.6649509946151135,0.0,91.00998987189854,1543.7936314547899,1005.1060942383311,0.9379590504677253,-0.4980350471296333,0.439924003338092,0.4880000000000564
1175,2026-09-16,15:26:29.646,+02:00,141,12,110.0,1099.99,0.0,0.0,0.0,0.0,0.0,100.0,1005.105,0.0005299252,0.002685547,1543.816,0.005305343,0.02331543,24.50564,0.002524643,1498.123,0.0004908806,6.889071,1.400469e-05,100,1,1,1,Messdaten_2026-10-05_16-50-09.csv,C:\Users\nikla\OneDrive\Documents\01_Uni\01_Master\00_Masterarbeit\sim_par_ink_prop\laboratory_measurement_L-Com\measurement_data\Messdaten_2026-10-05_16-50-09.csv,1176,2026-09-16 13:26:29.646000+00:00,2026-09-16 15:26:29.646000+02:00,2026-09-16,C:\Users\nikla\OneDrive\Documents\01_Uni\01_Master\00_Masterarbeit\sim_par_ink_prop\laboratory_measurement_L-Com\measurement_data\Messdaten_2026-10-05_16-50-09.csv|Probe=12|Date=2026-09-16,1,4.0334013888888895,4.0334013888888895,True,4.0334013888888895,1544.637184954012,1004.950144356836,-0.8211849540118692,1544.6408690720727,1004.9504716516471,1.8325954283457233,3.4913757288703184,3.6651908566914466,0.0,91.01083798609251,1543.799894701876,1005.1062695793955,0.9540377606836046,-0.507850510259459,0.44618725042414553,0.4960000000000946
1176,2026-09-16,15:28:29.648,+02:00,142,12,110.0,1099.99,0.0,0.0,0.0,0.0,0.0,100.0,1005.106,0.0006591006,0.003112793,1543.822,0.00490524,0.02355957,24.51427,0.001778683,1498.125,0.0004145528,6.889058,1.308304e-05,100,1,1,1,Messdaten_2026-10-05_16-50-09.csv,C:\Users\nikla\OneDrive\Documents\01_Uni\01_Master\00_Masterarbeit\sim_par_ink_prop\laboratory_measurement_L-Com\measurement_data\Messdaten_2026-10-05_16-50-09.csv,1177,2026-09-16 13:28:29.648000+00:00,2026-09-16 15:28:29.648000+02:00,2026-09-16,C:\Users\nikla\OneDrive\Documents\01_Uni\01_Master\00_Masterarbeit\sim_par_ink_prop\laboratory_measurement_L-Com\measurement_data\Messdaten_2026-10-05_16-50-09.csv|Probe=12|Date=2026-09-16,1,4.066735277777777,4.066735277777777,True,4.066735277777777,1544.628669324341,1004.9538476500072,-0.806669324341101,1544.6323171856743,1004.9541717698535,1.8327153750833038,3.490167663442344,3.6654307501666077,0.0,91.01168621130776,1543.8046319087302,1005.1067262334342,0.9685896470818989,-0.5176651898034379,0.450924457278461,0.5019999999999527
1177,2026-09-16,15:30:29.650,+02:00,143,12,110.0,1099.99,0.0,0.0,0.0,0.0,0.0,100.0,1005.106,0.0005244347,0.002197266,1543.828,0.006350724,0.03295898,24.52242,0.002486943,1498.127,0.0005232135,6.889043,1.668317e-05,100,1,1,1,Messdaten_2026-10-05_16-50-09.csv,C:\Users\nikla\OneDrive\Documents\01_Uni\01_Master\00_Masterarbeit\sim_par_ink_prop\laboratory_measurement_L-Com\measurement_data\Messdaten_2026-10-05_16-50-09.csv,1178,2026-09-16 13:30:29.650000+00:00,2026-09-16 15:30:29.650000+02:00,2026-09-16,C:\Users\nikla\OneDrive\Documents\01_Uni\01_Master\00_Masterarbeit\sim_par_ink_prop\laboratory_measurement_L-Com\measurement_data\Messdaten_2026-10-05_16-50-09.csv|Probe=12|Date=2026-09-16,1,4.100069166666667,4.100069166666667,True,4.100069166666667,1544.6209669019859,1004.9564005864768,-0.792966901985892,1544.6245811126355,1004.9567217619611,1.8328353375233803,3.488959439863814,3.6656706750467607,0.0,91.01253454756605,1543.8085543685822,1005.1073327744349,0.982325720120798,-0.5274788029903448,0.4548469171304532,0.5080000000000382
1178,2026-09-16,15:32:29.652,+02:00,144,12,110.0,1099.99,0.0,0.0,0.0,0.0,0.0,100.0,1005.106,0.0006788751,0.003601074,1543.836,0.005517109,0.0279541,24.53259,0.002384632,1498.129,0.0004878048,6.889026,1.450085e-05,100,1,1,1,Messdaten_2026-10-05_16-50-09.csv,C:\Users\nikla\OneDrive\Documents\01_Uni\01_Master\00_Masterarbeit\sim_par_ink_prop\laboratory_measurement_L-Com\measurement_data\Messdaten_2026-10-05_16-50-09.csv,1179,2026-09-16 13:32:29.652000+00:00,2026-09-16 15:32:29.652000+02:00,2026-09-16,C:\Users\nikla\OneDrive\Documents\01_Uni\01_Master\00_Masterarbeit\sim_par_ink_prop\laboratory_measurement_L-Com\measurement_data\Messdaten_2026-10-05_16-50-09.csv|Probe=12|Date=2026-09-16,1,4.133403055555555,4.133403055555555,True,4.133403055555555,1544.6118762674482,1004.9595862756747,-0.7758762674482114,1544.6154404520848,1004.9599030506295,1.832955315669037,3.4877510581036733,3.665910631338074,0.0,91.01338299488921,1543.81588277963,1005.1073076404941,0.9994663806714925,-0.537291052493174,0.4621753281783185,0.5160000000000764
1179,2026-09-16,15:34:29.654,+02:00,145,12,110.0,1099.99,0.0,0.0,0.0,0.0,0.0,100.0,1005.106,0.000582981,0.002685547,1543.845,0.005807836,0.02502441,24.54299,0.002694763,1498.131,0.0005280087,6.889005,1.514747e-05,100,1,1,1,Messdaten_2026-10-05_16-50-09.csv,C:\Users\nikla\OneDrive\Documents\01_Uni\01_Master\00_Masterarbeit\sim_par_ink_prop\laboratory_measurement_L-Com\measurement_data\Messdaten_2026-10-05_16-50-09.csv,1180,2026-09-16 13:34:29.654000+00:00,2026-09-16 15:34:29.654000+02:00,2026-09-16,C:\Users\nikla\OneDrive\Documents\01_Uni\01_Master\00_Masterarbeit\sim_par_ink_prop\laboratory_measurement_L-Com\measurement_data\Messdaten_2026-10-05_16-50-09.csv|Probe=12|Date=2026-09-16,1,4.166736944444445,4.166736944444445,True,4.166736944444445,1544.603408274506,1004.9628440113735,-0.7584082745058822,1544.6069194648019,1004.9631561206558,1.8330753095233585,3.486542518130853,3.666150619046717,0.0,91.01423155329908,1543.8235931935724,1005.1072102000008,1.0169873679544708,-0.547101625833875,0.46988574212059575,0.525000000000091
1180,2026-09-16,15:36:29.656,+02:00,146,12,110.0,1099.99,0.0,0.0,0.0,0.0,0.0,100.0,1005.106,0.0005028671,0.002319336,1543.85,0.006406847,0.03393555,24.55189,0.002620157,1498.133,0.0005648854,6.888992,1.666724e-05,100,1,1,1,Messdaten_2026-10-05_16-50-09.csv,C:\Users\nikla\OneDrive\Documents\01_Uni\01_Master\00_Masterarbeit\sim_par_ink_prop\laboratory_measurement_L-Com\measurement_data\Messdaten_2026-10-05_16-50-09.csv,1181,2026-09-16 13:36:29.656000+00:00,2026-09-16 15:36:29.656000+02:00,2026-09-16,C:\Users\nikla\OneDrive\Documents\01_Uni\01_Master\00_Masterarbeit\sim_par_ink_prop\laboratory_measurement_L-Com\measurement_data\Messdaten_2026-10-05_16-50-09.csv|Probe=12|Date=2026-09-16,1,4.200070833333333,4.200070833333333,True,4.200070833333333,1544.5934670573538,1004.9656318816936,-0.7434670573538824,1544.596935639915,1004.9659402472414,1.8331953190894297,3.4853338199142794,3.6663906381788594,0.0,91.01508022281743,1543.8287684495194,1005.107581023058,1.0319711928411834,-0.5569101947735362,0.47506099806764723,0.5299999999999727
1181,2026-09-16,15:38:29.658,+02:00,147,12,110.0,1099.99,0.0,0.0,0.0,0.0,0.0,100.0,1005.106,0.0005621195,0.002746582,1543.858,0.004751877,0.02392578,24.56206,0.002282156,1498.135,0.0004896111,6.888976,1.247137e-05,100,1,1,1,Messdaten_2026-10-05_16-50-09.csv,C:\Users\nikla\OneDrive\Documents\01_Uni\01_Master\00_Masterarbeit\sim_par_ink_prop\laboratory_measurement_L-Com\measurement_data\Messdaten_2026-10-05_16-50-09.csv,1182,2026-09-16 13:38:29.658000+00:00,2026-09-16 15:38:29.658000+02:00,2026-09-16,C:\Users\nikla\OneDrive\Documents\01_Uni\01_Master\00_Masterarbeit\sim_par_ink_prop\laboratory_measurement_L-Com\measurement_data\Messdaten_2026-10-05_16-50-09.csv|Probe=12|Date=2026-09-16,1,4.233404722222222,4.233404722222222,True,4.233404722222222,1544.584402084654,1004.9688175721029,-0.7264020846539552,1544.587817103621,1004.9691212187344,1.8333153443703365,3.4841249634228717,3.666630688740673,0.0,91.01592900346611,1543.836080765903,1005.1075541584237,1.0490897291351757,-0.5667164146839241,0.48237331445125164,0.5380000000000109
1182,2026-09-16,15:40:29.660,+02:00,148,12,110.0,1099.99,0.0,0.0,0.0,0.0,0.0,100.0,1005.105,0.0004620872,0.00213623,1543.866,0.005876241,0.03125,24.57159,0.002855138,1498.137,0.0005817353,6.888955,1.542746e-05,100,1,1,1,Messdaten_2026-10-05_16-50-09.csv,C:\Users\nikla\OneDrive\Documents\01_Uni\01_Master\00_Masterarbeit\sim_par_ink_prop\laboratory_measurement_L-Com\measurement_data\Messdaten_2026-10-05_16-50-09.csv,1183,2026-09-16 13:40:29.660000+00:00,2026-09-16 15:40:29.660000+02:00,2026-09-16,C:\Users\nikla\OneDrive\Documents\01_Uni\01_Master\00_Masterarbeit\sim_par_ink_prop\laboratory_measurement_L-Com\measurement_data\Messdaten_2026-10-05_16-50-09.csv|Probe=12|Date=2026-09-16,1,4.266738611111111,4.266738611111111,True,4.266738611111111,1544.5764190567504,1004.9708027867993,-0.7104190567504247,1544.5797843447822,1004.9711020539237,1.833435385369167,3.48291594862554,3.666870770738334,0.0,91.01677789526696,1543.842310015515,1005.1077264158869,1.0651224879741221,-0.576519923910837,0.48860256406328517,0.5460000000000491
1183,2026-09-16,15:42:29.662,+02:00,149,12,110.0,1099.99,0.0,0.0,0.0,0.0,0.0,100.0,1005.105,0.0005808792,0.003051758,1543.877,0.005355829,0.02404785,24.58281,0.00292331,1498.139,0.000575445,6.888929,1.389643e-05,100,1,1,1,Messdaten_2026-10-05_16-50-09.csv,C:\Users\nikla\OneDrive\Documents\01_Uni\01_Master\00_Masterarbeit\sim_par_ink_prop\laboratory_measurement_L-Com\measurement_data\Messdaten_2026-10-05_16-50-09.csv,1184,2026-09-16 13:42:29.662000+00:00,2026-09-16 15:42:29.662000+02:00,2026-09-16,C:\Users\nikla\OneDrive\Documents\01_Uni\01_Master\00_Masterarbeit\sim_par_ink_prop\laboratory_measurement_L-Com\measurement_data\Messdaten_2026-10-05_16-50-09.csv|Probe=12|Date=2026-09-16,1,4.3000725,4.3000725,True,4.3000725,1544.5686116602956,1004.9743173842153,-0.6916116602956208,1544.5719127234527,1004.9746109815381,1.8335554420890074,3.4817067754911837,3.667110884178015,0.0,91.01762689824179,1543.8513812176336,1005.1073693864374,1.0839941093036032,-0.5863203431217698,0.49767376618183334,0.5570000000000164
1184,2026-09-16,15:44:29.664,+02:00,150,12,110.0,1099.99,0.0,0.0,0.0,0.0,0.0,100.0,1005.105,0.0007124825,0.002990723,1543.885,0.004953237,0.02490234,24.59273,0.002611945,1498.141,0.0005106936,6.888912,1.304292e-05,100,1,1,1,Messdaten_2026-10-05_16-50-09.csv,C:\Users\nikla\OneDrive\Documents\01_Uni\01_Master\00_Masterarbeit\sim_par_ink_prop\laboratory_measurement_L-Com\measurement_data\Messdaten_2026-10-05_16-50-09.csv,1185,2026-09-16 13:44:29.664000+00:00,2026-09-16 15:44:29.664000+02:00,2026-09-16,C:\Users\nikla\OneDrive\Documents\01_Uni\01_Master\00_Masterarbeit\sim_par_ink_prop\laboratory_measurement_L-Com\measurement_data\Messdaten_2026-10-05_16-50-09.csv|Probe=12|Date=2026-09-16,1,4.333406388888889,4.333406388888889,True,4.333406388888889,1544.5599923643306,1004.9774247648858,-0.674992364330592,1544.5632382528834,1004.9777134957362,1.8336755145329475,3.4804974439886984,3.667351029065895,0.0,91.01847601241246,1543.8582587566818,1005.1074173864422,1.100668579872945,-0.5961172746428929,0.5045513052300521,0.5650000000000546
1185,2026-09-16,15:46:29.666,+02:00,151,12,110.0,1099.99,0.0,0.0,0.0,0.0,0.0,100.0,1005.105,0.0005440988,0.003173828,1543.891,0.005436974,0.02368164,24.60262,0.002719825,1498.143,0.0005162996,6.888899,1.419129e-05,100,1,1,1,Messdaten_2026-10-05_16-50-09.csv,C:\Users\nikla\OneDrive\Documents\01_Uni\01_Master\00_Masterarbeit\sim_par_ink_prop\laboratory_measurement_L-Com\measurement_data\Messdaten_2026-10-05_16-50-09.csv,1186,2026-09-16 13:46:29.666000+00:00,2026-09-16 15:46:29.666000+02:00,2026-09-16,C:\Users\nikla\OneDrive\Documents\01_Uni\01_Master\00_Masterarbeit\sim_par_ink_prop\laboratory_measurement_L-Com\measurement_data\Messdaten_2026-10-05_16-50-09.csv|Probe=12|Date=2026-09-16,1,4.366740277777778,4.366740277777778,True,4.366740277777778,1544.5494317306302,1004.9805227486315,-0.6584317306301273,1544.5526215244583,1004.9808065297279,1.8337956027040756,3.4792879540869674,3.667591205408151,0.0,91.0193252378008,1543.8650824579624,1005.107473283676,1.117285308298051,-0.6059103017873895,0.5113750065106615,0.5710000000001401
1186,2026-09-16,15:48:29.668,+02:00,152,12,110.0,1099.99,0.0,0.0,0.0,0.0,0.0,100.0,1005.106,0.0005859102,0.002929688,1543.896,0.00507189,0.02819824,24.61152,0.001864035,1498.145,0.000404919,6.888887,1.35095e-05,100,1,1,1,Messdaten_2026-10-05_16-50-09.csv,C:\Users\nikla\OneDrive\Documents\01_Uni\01_Master\00_Masterarbeit\sim_par_ink_prop\laboratory_measurement_L-Com\measurement_data\Messdaten_2026-10-05_16-50-09.csv,1187,2026-09-16 13:48:29.668000+00:00,2026-09-16 15:48:29.668000+02:00,2026-09-16,C:\Users\nikla\OneDrive\Documents\01_Uni\01_Master\00_Masterarbeit\sim_par_ink_prop\laboratory_measurement_L-Com\measurement_data\Messdaten_2026-10-05_16-50-09.csv|Probe=12|Date=2026-09-16,1,4.400074166666666,4.400074166666666,True,4.400074166666666,1544.5395360090588,1004.9843106210966,-0.6435360090588347,1544.5426765567167,1004.9845900603184,1.8339157066054825,3.478078305754869,3.667831413210965,0.0,91.02017457442867,1543.870238739316,1005.1078368924365,1.132230276039536,-0.6156989881753816,0.5165312878641544,0.5760000000000218
1187,2026-09-16,15:50:29.670,+02:00,153,12,110.0,1099.99,0.0,0.0,0.0,0.0,0.0,100.0,1005.106,0.0006320647,0.002868652,1543.9,0.004778356,0.02148438,24.61906,0.001855715,1498.147,0.0004737876,6.888879,1.258316e-05,100,1,1,1,Messdaten_2026-10-05_16-50-09.csv,C:\Users\nikla\OneDrive\Documents\01_Uni\01_Master\00_Masterarbeit\sim_par_ink_prop\laboratory_measurement_L-Com\measurement_data\Messdaten_2026-10-05_16-50-09.csv,1188,2026-09-16 13:50:29.670000+00:00,2026-09-16 15:50:29.670000+02:00,2026-09-16,C:\Users\nikla\OneDrive\Documents\01_Uni\01_Master\00_Masterarbeit\sim_par_ink_prop\laboratory_measurement_L-Com\measurement_data\Messdaten_2026-10-05_16-50-09.csv|Probe=12|Date=2026-09-16,1,4.433408055555556,4.433408055555556,True,4.433408055555556,1544.5309218070852,1004.9866724818401,-0.6309218070850875,1544.5340231410332,1004.9869484706468,1.8340358262402592,3.4768684989612724,3.6680716524805184,0.0,91.02102402231796,1543.8731082661272,1005.1086236104537,1.1448836917231802,-0.6254828770477161,0.5194008146754641,0.5800000000001546
1188,2026-09-16,15:52:29.672,+02:00,154,12,110.0,1099.99,0.0,0.0,0.0,0.0,0.0,100.0,1005.106,0.0006384941,0.002502441,1543.909,0.005892874,0.02612305,24.62883,0.002639959,1498.149,0.0005268487,6.888857,1.543037e-05,100,1,1,1,Messdaten_2026-10-05_16-50-09.csv,C:\Users\nikla\OneDrive\Documents\01_Uni\01_Master\00_Masterarbeit\sim_par_ink_prop\laboratory_measurement_L-Com\measurement_data\Messdaten_2026-10-05_16-50-09.csv,1189,2026-09-16 13:52:29.672000+00:00,2026-09-16 15:52:29.672000+02:00,2026-09-16,C:\Users\nikla\OneDrive\Documents\01_Uni\01_Master\00_Masterarbeit\sim_par_ink_prop\laboratory_measurement_L-Com\measurement_data\Messdaten_2026-10-05_16-50-09.csv|Probe=12|Date=2026-09-16,1,4.466741944444444,4.466741944444444,True,4.466741944444444,1544.5235841392575,1004.9897328773365,-0.6145841392574312,1544.5266270913285,1004.9900037087981,1.8341559616114966,3.475658533675036,3.6683119232229933,0.0,91.02187358149047,1543.8797257023023,1005.1087112599303,1.1612797414279612,-0.6352614905774772,0.526018250850484,0.5890000000001692
1189,2026-09-16,15:54:29.674,+02:00,155,12,110.0,1099.99,0.0,0.0,0.0,0.0,0.0,100.0,1005.106,0.0005961432,0.002746582,1543.919,0.005323125,0.02197266,24.64004,0.002738665,1498.151,0.0005504783,6.888832,1.391507e-05,100,1,1,1,Messdaten_2026-10-05_16-50-09.csv,C:\Users\nikla\OneDrive\Documents\01_Uni\01_Master\00_Masterarbeit\sim_par_ink_prop\laboratory_measurement_L-Com\measurement_data\Messdaten_2026-10-05_16-50-09.csv,1190,2026-09-16 13:54:29.674000+00:00,2026-09-16 15:54:29.674000+02:00,2026-09-16,C:\Users\nikla\OneDrive\Documents\01_Uni\01_Master\00_Masterarbeit\sim_par_ink_prop\laboratory_measurement_L-Com\measurement_data\Messdaten_2026-10-05_16-50-09.csv|Probe=12|Date=2026-09-16,1,4.500075833333333,4.500075833333333,True,4.500075833333333,1544.5148485620814,1004.9932443449061,-0.5958485620813008,1544.5178201069705,1004.9935088581432,1.8342761127222886,3.474448409865016,3.6685522254445773,0.0,91.02272325196812,1543.8887598480612,1005.1083465168523,1.1800867257859409,-0.6450343291764966,0.5350523966094443,0.5990000000001601
1190,2026-09-16,15:56:29.676,+02:00,156,12,110.0,1099.99,0.0,0.0,0.0,0.0,0.0,100.0,1005.107,0.0007735986,0.003601074,1543.921,0.00561978,0.0279541,24.64863,0.001542636,1498.153,0.0004177141,6.88883,1.503933e-05,100,1,1,1,Messdaten_2026-10-05_16-50-09.csv,C:\Users\nikla\OneDrive\Documents\01_Uni\01_Master\00_Masterarbeit\sim_par_ink_prop\laboratory_measurement_L-Com\measurement_data\Messdaten_2026-10-05_16-50-09.csv,1191,2026-09-16 13:56:29.676000+00:00,2026-09-16 15:56:29.676000+02:00,2026-09-16,C:\Users\nikla\OneDrive\Documents\01_Uni\01_Master\00_Masterarbeit\sim_par_ink_prop\laboratory_measurement_L-Com\measurement_data\Messdaten_2026-10-05_16-50-09.csv|Probe=12|Date=2026-09-16,1,4.533409722222222,4.533409722222222,True,4.533409722222222,1544.5024991679068,1004.9969351129951,-0.5814991679067134,1544.505419786881,1004.9971951294718,1.8343962795757274,3.473238127500053,3.6687925591514547,0.0,91.02357303377276,1543.8933936265187,1005.1087979185054,1.1944870458753485,-0.6548008708084581,0.5396861750668904,0.6010000000001128
1191,2026-09-16,15:58:29.678,+02:00,157,12,110.0,1099.99,0.0,0.0,0.0,0.0,0.0,100.0,1005.107,0.0006850133,0.002807617,1543.93,0.007102829,0.03466797,24.65789,0.003560847,1498.155,0.0007093756,6.888809,1.827662e-05,100,1,1,1,Messdaten_2026-10-05_16-50-09.csv,C:\Users\nikla\OneDrive\Documents\01_Uni\01_Master\00_Masterarbeit\sim_par_ink_prop\laboratory_measurement_L-Com\measurement_data\Messdaten_2026-10-05_16-50-09.csv,1192,2026-09-16 13:58:29.678000+00:00,2026-09-16 15:58:29.678000+02:00,2026-09-16,C:\Users\nikla\OneDrive\Documents\01_Uni\01_Master\00_Masterarbeit\sim_par_ink_prop\laboratory_measurement_L-Com\measurement_data\Messdaten_2026-10-05_16-50-09.csv|Probe=12|Date=2026-09-16,1,4.566743611111111,4.566743611111111,True,4.566743611111111,1544.4960376568874,1004.999835755064,-0.5660376568873744,1544.4989007434626,1005.0000906852645,1.8345164621749077,3.472027686548985,3.6690329243498154,0.0,91.02442292692628,1543.8991529704401,1005.109037038862,1.2100060892937563,-0.6645605703054116,0.5454455189883447,0.6100000000001273
1192,2026-09-16,16:00:29.680,+02:00,158,12,110.0,1099.99,0.0,0.0,0.0,0.0,0.0,100.0,1005.106,0.0006198567,0.002990723,1543.943,0.005441953,0.02661133,24.67107,0.003227774,1498.157,0.0005580158,6.888778,1.407663e-05,100,1,1,1,Messdaten_2026-10-05_16-50-09.csv,C:\Users\nikla\OneDrive\Documents\01_Uni\01_Master\00_Masterarbeit\sim_par_ink_prop\laboratory_measurement_L-Com\measurement_data\Messdaten_2026-10-05_16-50-09.csv,1193,2026-09-16 14:00:29.680000+00:00,2026-09-16 16:00:29.680000+02:00,2026-09-16,C:\Users\nikla\OneDrive\Documents\01_Uni\01_Master\00_Masterarbeit\sim_par_ink_prop\laboratory_measurement_L-Com\measurement_data\Messdaten_2026-10-05_16-50-09.csv|Probe=12|Date=2026-09-16,1,4.600077499999999,4.600077499999999,True,4.600077499999999,1544.487043597392,1005.0029643153237,-0.5440435973919193,1544.4898150467745,1005.0032111208213,1.8346366605229245,3.4708170869806416,3.669273321045849,0.0,91.02527293145059,1543.9114863787436,1005.1080480071105,1.2320917859817655,-0.6743128586899729,0.5577789272917926,0.6230000000000473
1193,2026-09-16,16:02:29.682,+02:00,159,12,110.0,1099.99,0.0,0.0,0.0,0.0,0.0,100.0,1005.105,0.0006402315,0.003234863,1543.956,0.006068284,0.03088379,24.68328,0.003436852,1498.16,0.0006047974,6.888746,1.580724e-05,100,1,1,1,Messdaten_2026-10-05_16-50-09.csv,C:\Users\nikla\OneDrive\Documents\01_Uni\01_Master\00_Masterarbeit\sim_par_ink_prop\laboratory_measurement_L-Com\measurement_data\Messdaten_2026-10-05_16-50-09.csv,1194,2026-09-16 14:02:29.682000+00:00,2026-09-16 16:02:29.682000+02:00,2026-09-16,C:\Users\nikla\OneDrive\Documents\01_Uni\01_Master\00_Masterarbeit\sim_par_ink_prop\laboratory_measurement_L-Com\measurement_data\Messdaten_2026-10-05_16-50-09.csv|Probe=12|Date=2026-09-16,1,4.633411388888889,4.633411388888889,True,4.633411388888889,1544.4796815517586,1005.0057890292109,-0.5236815517587274,1544.4823680768393,1005.0060283055263,1.8347568746228737,3.469606328763841,3.6695137492457475,0.0,91.02612304736753,1543.9221890648528,1005.1073586660622,1.2525387559169303,-0.6840571425159396,0.5684816134009907,0.6359999999999673
1194,2026-09-16,16:04:29.684,+02:00,160,12,110.0,1099.99,0.0,0.0,0.0,0.0,0.0,100.0,1005.104,0.0005788545,0.002624512,1543.971,0.006506165,0.03027344,24.69724,0.00380223,1498.162,0.0006782577,6.888709,1.673165e-05,100,1,1,1,Messdaten_2026-10-05_16-50-09.csv,C:\Users\nikla\OneDrive\Documents\01_Uni\01_Master\00_Masterarbeit\sim_par_ink_prop\laboratory_measurement_L-Com\measurement_data\Messdaten_2026-10-05_16-50-09.csv,1195,2026-09-16 14:04:29.684000+00:00,2026-09-16 16:04:29.684000+02:00,2026-09-16,C:\Users\nikla\OneDrive\Documents\01_Uni\01_Master\00_Masterarbeit\sim_par_ink_prop\laboratory_measurement_L-Com\measurement_data\Messdaten_2026-10-05_16-50-09.csv|Probe=12|Date=2026-09-16,1,4.666745277777777,4.666745277777777,True,4.666745277777777,1544.4714168302592,1005.009161921502,-0.5004168302591552,1544.4740020832023,1005.0093922103232,1.8348771044778518,3.468395411867396,3.6697542089557036,0.0,91.02697327469906,1543.935819397783,1005.1061187443512,1.2759047495540017,-0.6937928032227774,0.5821119463312243,0.6510000000000673
