Scenario,Loss_g_per_100g_initial,Temperature_C,Remaining_total_g,m_Al_g,Al_wt_pct,m_IPA_g,IPA_wt_pct,m_PG_g,PG_wt_pct,m_MG_g,MG_wt_pct,m_Water_g,Water_wt_pct,Rho_Physics_kg_m3,Rho_Hybrid_kg_m3,Rho_Hybrid_latest_MGfree_kg_m3,A_Rho_kg_m3,C_Physics_m_s,C_Hybrid_m_s,C_Hybrid_latest_MGfree_m_s,A_C_m_s,Outside_field_box,Outside_axes,Nearest_normalized_distance,Nearest_node,MG_density_extrapolated
water,0.0,25.0,100.0,1.81,1.81,3.63,3.63,3.63,3.63,0.22,0.22,90.71,90.71,1005.6348872124258,1004.6202902787192,1005.0460755486722,-1.0145969337066858,1543.7664821842166,1547.8175448244672,1546.6545662987435,4.0510626402506364,False,,0.1447316496389915,16,False
water,0.05,25.0,99.95,1.81,1.810905452726363,3.63,3.631815907953977,3.63,3.631815907953977,0.22,0.22011005502751374,90.66,90.70535267633817,1005.6395363895718,1004.6251987362806,1005.0507187779839,-1.0143376532912298,1543.7894046596998,1547.840795510207,1546.6774099270447,4.051390850507153,False,,0.14493068605108822,16,False
water,0.1,25.0,99.9,1.81,1.8118118118118116,3.63,3.6336336336336332,3.63,3.6336336336336332,0.22,0.2202202202202202,90.61,90.7007007007007,1005.6441906954019,1004.6301230219135,1005.0553670394985,-1.0140676734883798,1543.8123517006834,1547.864067887339,1546.7002797088742,4.051716186655561,False,,0.1451426833007971,16,False
water,0.15000000000000002,25.0,99.85,1.81,1.812719078617927,3.63,3.6354531797696548,3.63,3.6354531797696548,0.22,0.22033049574361543,90.55999999999999,90.69604406609913,1005.6488501379271,1004.6350631888522,1005.0600203392062,-1.0137869490748843,1543.835323345376,1547.8873621485589,1546.7231756927392,4.052038803182734,False,,0.1453676240930163,16,False
water,0.2,25.0,99.8,1.81,1.8136272545090182,3.63,3.6372745490981964,3.63,3.6372745490981964,0.22,0.22044088176352705,90.50999999999999,90.69138276553106,1005.6535147251728,1004.6400192886758,1005.0646786832326,-1.0134954364969648,1543.8583196320626,1547.9106784892235,1546.7460979261668,4.052358857160964,False,,0.1456054879026099,16,False
water,0.25,25.0,99.75,1.81,1.8145363408521302,3.63,3.6390977443609023,3.63,3.6390977443609023,0.22,0.22055137844611528,90.46,90.68671679197995,1005.6581844651799,1004.6449913712779,1005.0693420778435,-1.013193093901989,1543.8813405991073,1547.9340171072324,1546.769046455713,4.05267650812527,False,,0.14585625101790703,16,False
water,0.30000000000000004,25.0,99.7,1.81,1.815446339017051,3.63,3.6409227683049146,3.63,3.6409227683049146,0.22,0.22066198595787362,90.41,90.68204613841525,1005.6628593660073,1004.6499794848376,1005.0740105294515,-1.0128798811697421,1543.9043862849492,1547.9573782028976,1546.792021326962,4.052991917948381,False,,0.14611988658797997,16,False
water,0.35000000000000003,25.0,99.65,1.81,1.816357250376317,3.63,3.64274962368289,3.63,3.64274962368289,0.22,0.2207727044656297,90.36,90.67737079779226,1005.6675394357277,1004.6549836757845,1005.0786840446143,-1.0125557599432555,1543.9274567281075,1547.9807619788212,1546.81502258454,4.053305250713622,False,,0.1463963646735578,16,False
water,0.4,25.0,99.6,1.81,1.817269076305221,3.63,3.644578313253012,3.63,3.644578313253012,0.22,0.22088353413654618,90.30999999999999,90.6726907630522,1005.6722246824302,1004.660003988771,1005.0833626300401,-1.012220693659169,1543.9505519671775,1548.0041686397633,1546.8380502721182,4.053616672585892,False,,0.14668565230141342,16,False
water,0.45,25.0,99.55,1.81,1.8181818181818183,3.63,3.6464088397790055,3.63,3.6464088397790055,0.22,0.22099447513812157,90.25999999999999,90.66800602712205,1005.6769151142199,1004.6650404666424,1005.0880462925896,-1.0118746475775975,1543.9736720408332,1548.0275983925142,1546.861104432425,4.05392635168098,False,,0.14698771352206313,16,False
water,0.5,25.0,99.5,1.81,1.8190954773869348,3.63,3.648241206030151,3.63,3.648241206030151,0.22,0.22110552763819097,90.21,90.66331658291458,1005.6816107392194,1004.670093150408,1005.0927350392791,-1.0115175888114847,1543.9968169878275,1548.051051445761,1546.8841851072582,4.054234457933429,False,,0.14730250947060286,16,False
water,0.55,25.0,99.45,1.81,1.820010055304173,3.63,3.650075414781297,3.63,3.650075414781297,0.22,0.2212166918049271,90.16,90.6586224233283,1005.6863115655646,1004.6751620792091,1005.0974288772783,-1.0111494863554,1544.0199868469904,1548.0745280099536,1546.9072923374936,4.054541162963143,False,,0.1476299984305038,16,False
water,0.6000000000000001,25.0,99.4,1.81,1.8209255533199193,3.63,3.651911468812877,3.63,3.651911468812877,0.22,0.22132796780684103,90.11,90.65392354124748,1005.6910176014095,1004.6802472902957,1005.1021278139164,-1.0107703111137663,1544.0431816572316,1548.0980282971725,1546.9304261631025,4.0548466399410135,False,,0.14797013590018337,16,False
water,0.65,25.0,99.35,1.81,1.821841972823352,3.63,3.653749370910921,3.63,3.653749370910921,0.22,0.2214393558127831,90.05999999999999,90.64921992954201,1005.6957288549229,1004.6853488189944,1005.1068318566792,-1.010380035928486,1544.0664014575386,1548.1215525209923,1546.9535866231633,4.055151063453728,False,,0.14832287466216199,16,False
water,0.7000000000000001,25.0,99.3,1.81,1.8227593152064452,3.63,3.6555891238670695,3.63,3.6555891238670695,0.22,0.2215508559919436,90.00999999999999,90.64451158106748,1005.7004453342914,1004.6904666986854,1005.1115410132129,-1.0099786356059355,1544.0896462869794,1548.1451008963475,1546.9767737558798,4.0554546093680335,False,,0.1486881648546137,16,False
water,0.75,25.0,99.25,1.81,1.8236775818639799,3.63,3.6574307304785894,3.63,3.6574307304785894,0.22,0.2216624685138539,89.96,90.639798488665,1005.7051670477166,1004.6956009607733,1005.1162552913217,-1.0095660869433087,1544.1129161846995,1548.1686736393942,1546.999987598595,4.055757454694627,False,,0.14906595404511566,16,False
water,0.8,25.0,99.2,1.81,1.8245967741935483,3.63,3.659274193548387,3.63,3.659274193548387,0.22,0.2217741935483871,89.91,90.63508064516128,1005.7098940034161,1004.7007516346619,1005.1209746989687,-1.009142368754277,1544.1362111899252,1548.1922709673772,1547.023228187812,4.056059777451923,False,,0.14945618730639917,16,False
water,0.8500000000000001,25.0,99.15,1.81,1.8255168935955621,3.63,3.6611195158850225,3.63,3.6611195158850225,0.22,0.22188603126575893,89.86,90.63035804336863,1005.7146262096244,1004.7059187477305,1005.1256992442753,-1.0087074618939407,1544.159531341962,1548.215893098492,1547.0464955592101,4.05636175652991,False,,0.1498588072939039,16,False
water,0.9,25.0,99.1,1.81,1.8264379414732594,3.63,3.6629667003027246,3.63,3.6629667003027246,0.22,0.22199798183652877,89.80999999999999,90.62563067608475,1005.7193636745925,1004.7111023253094,1005.1304289355215,-1.0082613492830488,1544.1828766801939,1548.2395402517482,1547.0697897476648,4.0566635715542905,False,,0.15027375432493778,16,False
water,0.9500000000000001,25.0,99.05,1.81,1.8273599192327108,3.63,3.6648157496214036,3.63,3.6648157496214036,0.22,0.2221100454316002,89.75999999999999,90.62089853609288,1005.7241064065871,1004.7163023906556,1005.1351637811432,-1.0078040159314592,1544.2062472440878,1548.2632126468388,1547.0931107872716,4.0569654027511275,False,,0.15070096645924447,16,False
water,1.0,25.0,99.0,1.81,1.8282828282828283,3.63,3.6666666666666665,3.63,3.6666666666666665,0.22,0.2222222222222222,89.71,90.61616161616162,1005.7288544138913,1004.7215189649305,1005.1399037897313,-1.0073354489608142,1544.2296430731876,1548.286910504,1547.116458711361,4.057267430812211,False,,0.15114037958078164,16,False
water,1.05,25.0,98.95,1.81,1.8292066700353713,3.63,3.668519454269833,3.63,3.668519454269833,0.22,0.22233451237998988,89.66,90.61141990904497,1005.7336077048049,1004.7267520671785,1005.1446489700307,-1.0068556376264048,1544.2530642071195,1548.3106340438808,1547.1398335525255,4.057569836761313,False,,0.15159192748051747,16,False
water,1.1,25.0,98.9,1.81,1.8301314459049545,3.63,3.670374115267947,3.63,3.670374115267947,0.22,0.22244691607684527,89.61,90.6066734074823,1005.7383662876442,1004.732001714306,1005.1493993309383,-1.0063645733382056,1544.2765106855898,1548.3343834874113,1547.16323534264,4.057872801821558,False,,0.15205554194005147,16,False
water,1.1500000000000001,25.0,98.85,1.81,1.8310571573090542,3.63,3.672230652503794,3.63,3.672230652503794,0.22,0.22255943348507842,89.55999999999999,90.60192210419827,1005.7431301707418,1004.7372679210607,1005.1541548814998,-1.0058622496810459,1544.299982548385,1548.3581590556691,1547.1866641128852,4.058176507284097,False,,0.1525311528158749,16,False
water,1.2000000000000002,25.0,98.8,1.81,1.8319838056680162,3.63,3.674089068825911,3.63,3.674089068825911,0.22,0.22267206477732795,89.50999999999999,90.59716599190284,1005.7478993624462,1004.7425507000123,1005.1589156309077,-1.0053486624339043,1544.323479835374,1548.3819609697523,1547.2101198937717,4.058481134378237,False,,0.15301868812408334,16,False
water,1.25,25.0,98.75,1.81,1.8329113924050633,3.63,3.6759493670886076,3.63,3.6759493670886076,0.22,0.22278481012658227,89.46,90.59240506329114,1005.7526738711244,1004.7478500615362,1005.1636815885005,-1.0048238095882953,1544.3470025865051,1548.4057894506484,1547.233602715163,4.058786864143244,False,,0.15351807412536692,16,False
water,1.3,25.0,98.7,1.81,1.833839918946302,3.63,3.6778115501519757,3.63,3.6778115501519757,0.22,0.22289766970618033,89.41,90.58763931104356,1005.7574537051579,1004.7531660137922,1005.1684527637558,-1.0042876913657302,1544.37055084181,1548.429644719112,1547.2571126063026,4.059093877301963,False,,0.15402923541009944,16,False
water,1.35,25.0,98.65,1.81,1.8347693867207298,3.63,3.6796756208819055,3.63,3.6796756208819055,0.22,0.22301064368981247,89.36,90.58286872782564,1005.7622388729457,1004.7584985627115,1005.1732291662909,-1.003740310234229,1544.3941246414,1548.4535269955363,1547.280649595835,4.059402354136446,False,,0.15455209498336153,16,False
water,1.4000000000000001,25.0,98.6,1.81,1.8356997971602436,3.63,3.6815415821501016,3.63,3.6815415821501016,0.22,0.22312373225152132,89.30999999999999,90.57809330628803,1005.767029382904,1004.7638477119801,1005.1780108058582,-1.0031816709238615,1544.417724025469,1548.4774364998345,1547.304213711834,4.059712474365697,False,,0.15508657434973505,16,False
water,1.4500000000000002,25.0,98.55,1.81,1.836631151699645,3.63,3.6834094368340944,3.63,3.6834094368340944,0.22,0.2232369355657027,89.25999999999999,90.57331303906646,1005.7718252434648,1004.7692134630236,1005.1827976923407,-1.0026117804412955,1544.4413490342934,1548.501373451319,1547.3278049818284,4.0600244170257564,False,,0.15563259359771062,16,False
water,1.5,25.0,98.5,1.81,1.8375634517766497,3.63,3.685279187817259,3.63,3.685279187817259,0.22,0.2233502538071066,89.21,90.56852791878173,1005.7766264630767,1004.7745958149934,1005.1875898357489,-1.0020306480833368,1544.464999708231,1548.5253380685833,1547.351423432825,4.060338360352191,False,,0.1561900714835641,16,False
water,1.55,25.0,98.45,1.81,1.8384966988318943,3.63,3.6871508379888267,3.63,3.6871508379888267,0.22,0.22346368715083798,89.16,90.56373793803961,1005.7814330502068,1004.7799947647574,1005.192387246219,-1.001438285449438,1544.4886760877228,1548.5493305693878,1547.3750690913373,4.06065448166518,False,,0.15675892551455478,16,False
water,1.6,25.0,98.4,1.81,1.839430894308943,3.63,3.6890243902439024,3.63,3.6890243902439024,0.22,0.22357723577235772,89.11,90.55894308943088,1005.7862450133368,1004.7854103068837,1005.197189934005,-1.0008347064531546,1544.5123782132907,1548.573351170548,1547.3987419834086,4.060972957257291,False,,0.15733907203131517,16,False
water,1.6500000000000001,25.0,98.35,1.81,1.840366039654296,3.63,3.6908998474834775,3.63,3.6908998474834775,0.22,0.2236908998474835,89.05999999999999,90.55414336553125,1005.791062360967,1004.7908424336345,1005.2019979094786,-1.0002199273325414,1544.5361061255421,1548.5974000878261,1547.422442134642,4.061293962284089,False,,0.15793042628930218,16,False
water,1.7000000000000002,25.0,98.3,1.81,1.8413021363173958,3.63,3.6927772126144456,3.63,3.6927772126144456,0.22,0.22380467955239064,89.00999999999999,90.54933875890133,1005.7958851016135,1004.7962911349541,1005.2068111831219,-0.9995939666594581,1544.5598598651652,1548.6214775358228,1547.4461695702228,4.06161767065765,False,,0.15853290253919153,16,False
water,1.75,25.0,98.25,1.81,1.8422391857506362,3.63,3.6946564885496183,3.63,3.6946564885496183,0.22,0.22391857506361323,88.96,90.54452926208651,1005.80071324381,1004.8017563984622,1005.2116297655251,-0.9989568453477785,1544.5836394729317,1548.645583727875,1547.4699243149446,4.061944254943133,False,,0.15914641410610425,16,False
water,1.8,25.0,98.2,1.81,1.8431771894093685,3.63,3.696537678207739,3.63,3.696537678207739,0.22,0.2240325865580448,88.91,90.5397148676171,1005.8055467961069,1004.8072382094464,1005.2164536673814,-0.9983085866604863,1544.6074449896978,1548.6697188759563,1547.493706393238,4.062273886258453,False,,0.15977087346755933,16,False
water,1.85,25.0,98.15,1.81,1.8441161487519102,3.63,3.6984207845134995,3.63,3.6984207845134995,0.22,0.22414671421293936,88.86,90.53489556800814,1005.8103857670721,1004.8127365508565,1005.2212828994828,-0.9976492162156365,1544.6312764564025,1548.6938831905798,1547.5175158291936,4.062606734177173,False,,0.16040619233005765,16,False
water,1.9000000000000001,25.0,98.1,1.81,1.8450560652395516,3.63,3.7003058103975537,3.63,3.7003058103975537,0.22,0.22426095820591235,88.80999999999999,90.53007135575942,1005.8152301652897,1004.8182514032985,1005.2261174727148,-0.9969787619911784,1544.6551339140685,1548.7180768807032,1547.5413526465886,4.062942966634679,False,,0.16105228170420754,16,False
water,1.9500000000000002,25.0,98.05,1.81,1.845996940336563,3.63,3.7021927587965324,3.63,3.7021927587965324,0.22,0.22437531871494137,88.75999999999999,90.52524222335543,1005.8200799993613,1004.8237827450326,1005.2309573980527,-0.9962972543286229,1544.6790174038028,1548.7423001536406,1547.565216868912,4.063282749837689,False,,0.16170905197831184,16,False
water,2.0,25.0,98.0,1.81,1.846938775510204,3.63,3.704081632653061,3.63,3.704081632653061,0.22,0.22448979591836735,88.71,90.5204081632653,1005.8249352779065,1004.829330551971,1005.235802686558,-0.9956047259355392,1544.702926966797,1548.766553214974,1547.5891085193898,4.063626248177201,False,,0.16237641299034328,16,False
water,2.0500000000000003,25.0,97.95,1.81,1.84788157223073,3.63,3.705972434915773,3.63,3.705972434915773,0.22,0.22460438999489535,88.66,90.51556916794283,1005.8297960095608,1004.834894797674,1005.2406533493713,-0.9949012118868781,1544.7268626443263,1548.7908362684711,1547.613027621009,4.063973624144872,False,,0.1630542740982407,16,False
water,2.1,25.0,97.9,1.81,1.8488253319713992,3.63,3.7078651685393256,3.63,3.7078651685393256,0.22,0.2247191011235955,88.61,90.51072522982635,1005.834662202977,1004.8404754533519,1005.2455093977094,-0.9941867496251083,1544.750824477751,1548.8151495160039,1547.6369741965432,4.06432503825292,False,,0.16374254424846796,16,False
water,2.15,25.0,97.85,1.81,1.8497700562084824,3.63,3.709759836484415,3.63,3.709759836484415,0.22,0.22483392948390396,88.55999999999999,90.50587634133878,1005.8395338668266,1004.8460724878674,1005.2503708428616,-0.9934613789591534,1544.7748125085172,1548.8394931574749,1547.6609482685767,4.064680648957551,False,,0.16444113204278643,16,False
water,2.2,25.0,97.8,1.81,1.850715746421268,3.63,3.7116564417177913,3.63,3.7116564417177913,0.22,0.22494887525562374,88.50999999999999,90.50102249488752,1005.8444110097968,1004.8516858677347,1005.2552376961828,-0.9927251420621337,1544.7988267781543,1548.8638673907403,1547.684949859526,4.06504061258596,False,,0.16514994580319106,16,False
water,2.25,25.0,97.75,1.81,1.8516624040920715,3.63,3.713554987212276,3.63,3.713554987212276,0.22,0.22506393861892582,88.46,90.49616368286445,1005.8492936405931,1004.8573155571253,1005.2601099690916,-0.9919780834678894,1544.8228673282788,1548.8882724115456,1547.7089789916663,4.065405083266901,False,,0.16586889363497875,16,False
water,2.3000000000000003,25.0,97.7,1.81,1.8526100307062436,3.63,3.7154554759467757,3.63,3.7154554759467757,0.22,0.22517911975435004,88.41,90.49129989764585,1005.854181767938,1004.8629615178718,1005.2649876730634,-0.9912202500662993,1544.8469342005908,1548.9127084134557,1547.7330356871512,4.0657742128648735,False,,0.16659788348791119,16,False
water,2.35,25.0,97.65,1.81,1.853558627752176,3.63,3.7173579109062977,3.63,3.7173579109062977,0.22,0.22529441884280593,88.36,90.48643113159241,1005.8590754005717,1004.8686237094743,1005.2698708196281,-0.9904516910973747,1544.871027436878,1548.9371755877958,1547.7571199680383,4.066148150917881,False,,0.1673368232154511,16,False
water,2.4000000000000004,25.0,97.6,1.81,1.8545081967213115,3.63,3.7192622950819674,3.63,3.7192622950819674,0.22,0.22540983606557377,88.30999999999999,90.48155737704917,1005.8639745472507,1004.8743020891065,1005.2747594203635,-0.9896724581441342,1544.8951470790116,1548.9616741235905,1547.781231856307,4.0665270445788,False,,0.16808562063205135,16,False
water,2.45,25.0,97.55,1.81,1.8554587391081496,3.63,3.721168631471041,3.63,3.721168631471041,0.22,0.2255253716043055,88.25999999999999,90.47667862634546,1005.8688792167518,1004.8799966116276,1005.2796534868951,-0.9888826051242565,1544.9192931689527,1548.986204207513,1547.8053713738857,4.06691103856034,False,,0.16884418356848122,16,False
water,2.5,25.0,97.5,1.81,1.8564102564102565,3.63,3.723076923076923,3.63,3.723076923076923,0.22,0.22564102564102564,88.21,90.47179487179487,1005.873789417866,1004.8857072295855,1005.2845530308861,-0.9880821882805083,1544.9434657487448,1549.0107660238284,1547.8295385426657,4.067300275083546,False,,0.16961241992518594,16,False
water,2.5500000000000003,25.0,97.45,1.81,1.8573627501282708,3.63,3.724987172909184,3.63,3.724987172909184,0.22,0.22575679835813237,88.16,90.46690610569523,1005.8787051594043,1004.8914338932343,1005.2894580640384,-0.9872712661699486,1544.967664860521,1549.0353597543508,1547.853733384528,4.0676948938298825,False,,0.17039023772367184,16,False
water,2.6,25.0,97.4,1.81,1.8583162217659137,3.63,3.7268993839835725,3.63,3.7268993839835725,0.22,0.22587268993839835,88.11,90.46201232032854,1005.8836264501938,1004.8971765505419,1005.2943685980855,-0.9864498996519129,1544.9918905464992,1549.059985578396,1547.8779559213579,4.0680950318967986,False,,0.17117754515592187,16,False
water,2.6500000000000004,25.0,97.35,1.81,1.859270672829995,3.63,3.728813559322034,3.63,3.728813559322034,0.22,0.22598870056497178,88.05999999999999,90.45711350796095,1005.8885532990806,1004.9029351472059,1005.2992846447908,-0.9856181518747764,1545.0161428489846,1549.0846436727413,1547.9022061750668,4.068500823756804,False,,0.17197425063184588,16,False
water,2.7,25.0,97.3,1.81,1.8602261048304214,3.63,3.7307297019527237,3.63,3.7307297019527237,0.22,0.2261048304213772,88.00999999999999,90.45220966084275,1005.8934857149276,1004.9087096266661,1005.3042062159415,-0.9847760882615054,1545.0404218103708,1549.1093342115907,1547.9264841676118,4.068912401219958,False,,0.17278026282477643,16,False
water,2.75,25.0,97.25,1.81,1.8611825192802056,3.63,3.7326478149100257,3.63,3.7326478149100257,0.22,0.2262210796915167,87.96,90.44730077120822,1005.8984237066157,1004.9144999301218,1005.3091333233469,-0.9839237764939964,1545.064727473138,1549.1340573665377,1547.9507899210107,4.069329893399776,False,,0.17359549071502772,16,False
water,2.8000000000000003,25.0,97.2,1.81,1.8621399176954732,3.63,3.7345679012345676,3.63,3.7345679012345676,0.22,0.22633744855967078,87.91,90.44238683127571,1005.9033672830444,1004.9203059965482,1005.3140659788343,-0.9830612864962127,1545.0890598798542,1549.1588133065366,1547.9751234573628,4.0697534266824755,False,,0.1744198436315301,16,False
water,2.85,25.0,97.15,1.81,1.8630983015954707,3.63,3.736489963973237,3.63,3.736489963973237,0.22,0.22645393721049922,87.86,90.43746783324755,1005.908316453129,1004.9261277627129,1005.3190041942431,-0.982188690416125,1545.1134190731743,1549.1836021978738,1547.9994847988617,4.0701831246995,False,,0.17525323129156684,16,False
water,2.9000000000000004,25.0,97.1,1.81,1.8640576725025748,3.63,3.738414006179197,3.63,3.738414006179197,0.22,0.22657054582904224,87.80999999999999,90.43254376930997,1005.9132712258046,1004.9319651631981,1005.3239479814259,-0.9813060626064654,1545.1378050958433,1549.2084242041467,1548.0238739678166,4.070619108303281,False,,0.17609556383863514,16,False
water,2.95,25.0,97.05,1.81,1.8650180319422978,3.63,3.7403400309119013,3.63,3.7403400309119013,0.22,0.22668727460072127,87.75999999999999,90.42761463163318,1005.9182316100234,1004.9378181304191,1005.3288973522419,-0.9804134796043038,1545.162217990693,1549.2332794862393,1548.0482909866637,4.071061495546169,False,,0.17694675187845918,16,False
water,3.0,25.0,97.0,1.81,1.865979381443299,3.63,3.7422680412371134,3.63,3.7422680412371134,0.22,0.2268041237113402,87.71,90.42268041237114,1005.9231976147564,1004.9436865946469,1005.3338523185553,-0.9795110201094583,1545.1866578006443,1549.2581682023067,1548.0727358779832,4.071510401662456,False,,0.17780670651318847,16,False
water,3.0500000000000003,25.0,96.95,1.81,1.8669417225373903,3.63,3.744198040226921,3.63,3.744198040226921,0.22,0.22692109334708613,87.66,90.41774110366168,1005.9281692489916,1004.9495704840299,1005.3388128922311,-0.9785987649617482,1545.2111245687063,1549.2830905077597,1548.097208664513,4.071965939053427,False,,0.17867533937380864,16,False
water,3.1,25.0,96.9,1.81,1.8679050567595459,3.63,3.746130030959752,3.63,3.746130030959752,0.22,0.22703818369453044,87.61,90.41279669762642,1005.9331465217347,1004.9554697246176,1005.3437790851324,-0.9776767971171124,1545.2356183379784,1549.3080465552537,1548.1217093691644,4.072428217275361,False,,0.17955256265080477,16,False
water,3.1500000000000004,25.0,96.85,1.81,1.8688693856479093,3.63,3.7480640165203924,3.63,3.7480640165203924,0.22,0.22715539494062986,87.55999999999999,90.40784718637066,1005.9381294420118,1004.9613842403892,1005.3487509091209,-0.9767452016225942,1545.260139151647,1549.3330364946776,1548.1462380150313,4.072897343030426,False,,0.18043828912310958,16,False
water,3.2,25.0,96.8,1.81,1.8698347107438018,3.63,3.75,3.63,3.75,0.22,0.2272727272727273,87.50999999999999,90.40289256198348,1005.9431180188641,1004.9673139532739,1005.3537283760481,-0.9758040655902201,1545.28468705299,1549.3580604731503,1548.170794625408,4.073373420160337,False,,0.1813324321853774,16,False
water,3.25,25.0,96.75,1.81,1.8708010335917313,3.63,3.751937984496124,3.63,3.751937984496124,0.22,0.22739018087855298,87.46,90.39793281653746,1005.9481122613529,1004.9732587831832,1005.3587114977586,-0.9748534781697832,1545.3092620853738,1549.3831186350167,1548.1953792237973,4.073856549642767,False,,0.18223490587362354,16,False
water,3.3000000000000003,25.0,96.7,1.81,1.8717683557394003,3.63,3.7538779731127194,3.63,3.7538779731127194,0.22,0.22750775594622544,87.41,90.39296794208893,1005.9531121785578,1004.9792186480373,1005.3637002860854,-0.9738935305205454,1545.3338642922552,1549.4082111218456,1548.219991833924,4.074346829590364,False,,0.18314562488926756,16,False
water,3.35,25.0,96.65,1.81,1.8727366787377133,3.63,3.7558199689601652,3.63,3.7558199689601652,0.22,0.22762545266425244,87.36,90.3879979306777,1005.9581177795753,1004.9851934637934,1005.3686947528464,-0.9729243157818884,1545.3584937171813,1549.4333380724336,1548.2446324797456,4.074844355252318,False,,0.1840645046216254,16,False
water,3.4000000000000004,25.0,96.6,1.81,1.873706004140787,3.63,3.75776397515528,3.63,3.75776397515528,0.22,0.2277432712215321,87.30999999999999,90.3830227743271,1005.9631290735216,1004.9911831444787,1005.3736949098452,-0.971945929042922,1545.3831504037882,1549.4584996228066,1548.2693011854608,4.075349219018398,False,,0.1849914611688906,16,False
water,3.45,25.0,96.55,1.81,1.8746763335059555,3.63,3.7597099948213364,3.63,3.7597099948213364,0.22,0.22786121180735372,87.25999999999999,90.37804246504402,1005.9681460695302,1004.9971876022191,1005.3787007688665,-0.9709584673110765,1545.4078343958038,1549.483695906229,1548.2939979755222,4.075861510425344,False,,0.18592641135764867,16,False
water,3.5,25.0,96.5,1.81,1.8756476683937824,3.63,3.761658031088083,3.63,3.761658031088083,0.22,0.22797927461139897,87.21,90.37305699481865,1005.9731687767542,1005.0032067472745,1005.3837123416766,-0.9699620294796971,1545.4325457370473,1549.5089270532128,1548.3187228746444,4.076381316165552,False,,0.186869272760972,16,False
water,3.5500000000000003,25.0,96.45,1.81,1.8766200103680664,3.63,3.7636080870917574,3.63,3.7636080870917574,0.22,0.22809745982374285,87.16,90.36806635562468,1005.9781972043636,1005.0092404880689,1005.3887296400193,-0.9689567162946684,1545.4572844714273,1549.5341931915252,1548.3434759078114,4.076908720097947,False,,0.18781996371513326,16,False
water,3.6,25.0,96.4,1.81,1.8775933609958506,3.63,3.7655601659751037,3.63,3.7655601659751037,0.22,0.22821576763485477,87.11,90.36307053941908,1005.983231361548,1005.0152887312279,1005.3937526756159,-0.9679426303200881,1545.4820506429442,1549.559494446205,1548.368257100286,4.077443803260955,False,,0.1887784033349865,16,False
water,3.6500000000000004,25.0,96.35,1.81,1.8785677218474313,3.63,3.76751427088739,3.63,3.76751427088739,0.22,0.2283341982355994,87.05999999999999,90.35806953814217,1005.9882712575154,1005.0213513816124,1005.3987814601642,-0.9669198759030161,1545.5068442956904,1549.5848309395778,1548.3930664776178,4.077986643887494,False,,0.18974451152806013,16,False
water,3.7,25.0,96.3,1.81,1.8795430944963656,3.63,3.769470404984424,3.63,3.769470404984424,0.22,0.22845275181723781,87.00999999999999,90.35306334371755,1005.9933169014921,1005.0274283423548,1005.4038160053351,-0.9658885591373243,1545.5316654738494,1549.6102027912714,1548.4179040656497,4.078537317421872,False,,0.1907182090074035,16,False
water,3.75,25.0,96.25,1.81,1.8805194805194805,3.63,3.7714285714285714,3.63,3.7714285714285714,0.22,0.22857142857142856,86.96,90.34805194805195,1005.9983683027234,1005.0335195148967,1005.4088563227734,-0.964848787826672,1545.5565142216967,1549.6356101182353,1548.4427698905247,4.079095896538528,False,,0.1916994173032359,16,False
water,3.8000000000000003,25.0,96.2,1.81,1.8814968814968815,3.63,3.773388773388773,3.63,3.773388773388773,0.22,0.22869022869022868,86.91,90.34303534303534,1006.0034254704724,1005.0396247990258,1005.4139024240952,-0.9638006714466385,1545.5813905836,1549.6610530347625,1548.467663978692,4.0796624511625055,False,,0.19268805877343795,16,False
water,3.85,25.0,96.15,1.81,1.8824752990119604,3.63,3.7753510140405613,3.63,3.7753510140405613,0.22,0.22880915236609464,86.86,90.33801352054081,1006.0084884140213,1005.0457440929152,1005.4189543208876,-0.9627443211060347,1545.6062946040206,1549.6865316525123,1548.4925863569142,4.080237048491578,False,,0.19368405661293045,16,False
water,3.9000000000000004,25.0,96.1,1.81,1.883454734651405,3.63,3.7773152965660772,3.63,3.7773152965660772,0.22,0.22892819979188347,86.80999999999999,90.33298647242455,1006.0135571426716,1005.0518772931642,1005.4240120247083,-0.9616798495074276,1545.6312263275097,1549.7120460805297,1548.5175370522688,4.080819753019933,False,,0.19468733486198656,16,False
water,3.95,25.0,96.05,1.81,1.8844351900052057,3.63,3.7792816241540863,3.63,3.7792816241540863,0.22,0.22904737116085372,86.75999999999999,90.32795419052577,1006.0186316657431,1005.0580242948362,1005.4290755470839,-0.960607370906904,1545.6561857987133,1549.7375964252767,1548.5425160921577,4.081410626563339,False,,0.19569781841351416,16,False
water,4.0,25.0,96.0,1.81,1.8854166666666667,3.63,3.78125,3.63,3.78125,0.22,0.22916666666666666,86.71,90.32291666666667,1006.0237119925748,1005.0641849915017,1005.43414489951,-0.9595270010731021,1545.6811730623706,1549.7631827906562,1548.5675235043088,4.082009728285686,False,,0.19671543301935943,16,False
water,4.05,25.0,95.95,1.81,1.8863991662324127,3.63,3.7832204273058885,3.63,3.7832204273058885,0.22,0.22928608650338717,86.66,90.31787389265241,1006.0287981325235,1005.070359275278,1005.4392200934486,-0.9584388572455484,1545.706188163313,1549.78880527804,1548.5925593167801,4.082617114726832,False,,0.19774010529566227,16,False
water,4.1000000000000005,25.0,95.9,1.81,1.8873826903023982,3.63,3.7851929092805,3.63,3.7851929092805,0.22,0.22940563086548488,86.61,90.3128258602711,1006.0338900949664,1005.0765470368741,1005.4443011403313,-0.9573430580923213,1545.7312311464664,1549.814463986298,1548.6176235579649,4.083232839831674,False,,0.1987717627273143,16,False
water,4.15,25.0,95.85,1.81,1.8883672404799166,3.63,3.78716744913928,3.63,3.78716744913928,0.22,0.22952529994783516,86.55999999999999,90.30777256129367,1006.0389878892986,1005.0827481656315,1005.4493880515549,-0.9562397236670818,1545.7563020568493,1549.8401590118297,1548.6427162565922,4.0838569549803285,False,,0.19981033367155332,16,False
water,4.2,25.0,95.8,1.81,1.8893528183716075,3.63,3.789144050104384,3.63,3.789144050104384,0.22,0.22964509394572025,86.50999999999999,90.30271398747391,1006.0440915249346,1005.0889625495691,1005.4544808384842,-0.9551289753655008,1545.7814009395763,1549.8658904485958,1548.667837441734,4.084489509019399,False,,0.20085574736073394,16,False
water,4.25,25.0,95.75,1.81,1.8903394255874673,3.63,3.7911227154046996,3.63,3.7911227154046996,0.22,0.2297650130548303,86.46,90.2976501305483,1006.0492010113082,1005.0951900754271,1005.4595795124497,-0.9540109358811105,1545.8065278398537,1549.891658388148,1548.6929871428028,4.085130548294174,False,,0.20190793390431688,16,False
water,4.3,25.0,95.7,1.81,1.8913270637408568,3.63,3.793103448275862,3.63,3.793103448275862,0.22,0.22988505747126436,86.41,90.29258098223615,1006.0543163578715,1005.1014306287109,1005.4646840847481,-0.9528857291606231,1545.8316828029842,1549.917462919666,1548.718165389557,4.085780116681754,False,,0.20296682429010887,16,False
water,4.3500000000000005,25.0,95.65,1.81,1.89231573444851,3.63,3.7950862519602717,3.63,3.7950862519602717,0.22,0.23000522739153162,86.36,90.28750653423941,1006.0594375740961,1005.1076840937374,1005.4697945666426,-0.951753480358743,1545.856865874364,1549.943304129989,1548.7433722121013,4.0864382556249685,False,,0.20403235038479184,16,False
water,4.4,25.0,95.6,1.81,1.893305439330544,3.63,3.7970711297071134,3.63,3.7970711297071134,0.22,0.23012552301255232,86.30999999999999,90.28242677824267,1006.064564669474,1005.1139503536815,1005.4749109693632,-0.9506143157925063,1545.8820770994857,1549.9691821036529,1548.7686076408904,4.087105004167054,False,,0.20510444493377983,16,False
water,4.45,25.0,95.55,1.81,1.8942961800104658,3.63,3.7990580847723705,3.63,3.7990580847723705,0.22,0.23024594453165884,86.25999999999999,90.27734170591313,1006.0696976535139,1005.1202292906187,1005.4800333041047,-0.9494683628951892,1545.9073165239356,1549.9950969229226,1548.7938717067261,4.087780398986985,False,,0.2061830415604308,16,False
water,4.5,25.0,95.5,1.81,1.8952879581151831,3.63,3.8010471204188483,3.63,3.8010471204188483,0.22,0.23036649214659685,86.21,90.27225130890052,1006.0748365357464,1005.1265207855765,1005.48516158203,-0.9483157501698081,1545.9325841933958,1550.021048667831,1548.8191644407618,4.088464474435422,False,,0.20726807476465683,16,False
water,4.55,25.0,95.45,1.81,1.896280775275013,3.63,3.8030382399161864,3.63,3.8030382399161864,0.22,0.23048716605552644,86.16,90.26715557883709,1006.0799813257202,1005.1328247185779,1005.4902958142676,-0.9471566071422586,1545.957880153644,1550.0470374162153,1548.8444858745017,4.0891572625711685,False,,0.2083594799209555,16,False
water,4.6000000000000005,25.0,95.4,1.81,1.8972746331236896,3.63,3.8050314465408803,3.63,3.8050314465408803,0.22,0.23060796645702306,86.11,90.26205450733752,1006.0851320330022,1005.139140968688,1005.495436011912,-0.9459910643141187,1545.9832044505554,1550.0730632437535,1548.8698360398027,4.089858793198109,False,,0.2094571932759006,16,False
water,4.65,25.0,95.35,1.81,1.8982695332983746,3.63,3.807026743576298,3.63,3.807026743576298,0.22,0.23072889355007867,86.05999999999999,90.25694808599894,1006.0902886671817,1005.1454694140665,1005.5005821860275,-0.9448192531151558,1546.0085571300992,1550.0991262240018,1548.8952149688716,4.090569093902535,False,,0.21056115194512065,16,False
water,4.7,25.0,95.3,1.81,1.8992654774396642,3.63,3.809024134312697,3.63,3.809024134312697,0.22,0.23084994753410285,86.00999999999999,90.25183630640085,1006.0954512378639,1005.1518099320084,1005.5057343476425,-0.9436413058555733,1546.033938238342,1550.1252264284328,1548.920622694267,4.091288190090817,False,,0.21167129390979286,16,False
water,4.75,25.0,95.25,1.81,1.900262467191601,3.63,3.811023622047244,3.63,3.811023622047244,0.22,0.23097112860892388,85.96,90.24671916010499,1006.1006197546769,1005.1581623989989,1005.5108925077566,-0.9424573556780279,1546.059347821447,1550.1513639264745,1548.9460592488992,4.092016105027344,False,,0.21278755801268598,16,False
water,4.800000000000001,25.0,95.2,1.81,1.9012605042016806,3.63,3.8130252100840334,3.63,3.8130252100840334,0.22,0.2310924369747899,85.91,90.24159663865547,1006.1057942272657,1005.1645266907562,1005.5160566773354,-0.9412675365094547,1546.0847859256742,1550.1775387855469,1548.9715246660287,4.092752859872691,False,,0.21390988395377394,16,False
water,4.8500000000000005,25.0,95.15,1.81,1.9022595901208617,3.63,3.8150289017341037,3.63,3.8150289017341037,0.22,0.23121387283236994,85.86,90.23646873357856,1006.1109746652966,1005.1709026822838,1005.521226867315,-0.9400719830127389,1546.1102525973808,1550.2037510711027,1548.9970189792657,4.093498473721935,False,,0.21503821228545109,16,False
water,4.9,25.0,95.1,1.81,1.9032597266035753,3.63,3.8170347003154577,3.63,3.8170347003154577,0.22,0.231335436382755,85.80999999999999,90.23133543638274,1006.1161610784542,1005.177290247916,1005.5264030885997,-0.9388708305382633,1546.1357478830216,1550.2300008466648,1549.0225422225697,4.094252963643103,False,,0.21617248440737283,16,False
water,4.95,25.0,95.05,1.81,1.9042609153077328,3.63,3.8190426091530774,3.63,3.8190426091530774,0.22,0.23145712782745925,85.75999999999999,90.22619673855866,1006.1213534764435,1005.183689261368,1005.5315853520644,-0.9376642150753712,1546.1612718291485,1550.2562881738643,1549.0480944302474,4.095016344715655,False,,0.21731264256094476,16,False
water,5.0,25.0,95.0,1.81,1.9052631578947368,3.63,3.8210526315789473,3.63,3.8210526315789473,0.22,0.23157894736842105,85.71,90.22105263157894,1006.1265518689903,1005.1900995957865,1005.5367736685562,-0.9364522732037729,1546.1868244824109,1550.2826131124798,1549.0736756369513,4.095788630068995,False,,0.2184586298234908,16,False
water,5.050000000000001,25.0,94.95,1.81,1.906266456029489,3.63,3.8230647709320693,3.63,3.8230647709320693,0.22,0.23170089520800422,85.66,90.21590310689837,1006.1317562658376,1005.1965211237926,1005.5419680488903,-0.9352351420449388,1546.2124058895583,1550.3089757204793,1549.099285877681,4.096569830920931,False,,0.21961039010211278,16,False
water,5.1000000000000005,25.0,94.9,1.81,1.9072708113804002,3.63,3.8250790305584825,3.63,3.8250790305584825,0.22,0.23182297154899895,85.61,90.21074815595362,1006.1369666767508,1005.2029537175373,1005.5471685038573,-0.9340129592135091,1546.2380160974365,1550.3353760540524,1549.124925187777,4.097359956616058,False,,0.22076786812727217,16,False
water,5.15,25.0,94.85,1.81,1.9082762256193992,3.63,3.827095413811281,3.63,3.827095413811281,0.22,0.2319451765946231,85.55999999999999,90.2055877701634,1006.1421831115136,1005.209397248745,1005.5523750442183,-0.9327858627687512,1546.2636551529904,1550.3618141676543,1549.150593602923,4.098159014664015,False,,0.22193100944611088,16,False
water,5.2,25.0,94.8,1.81,1.909282700421941,3.63,3.829113924050633,3.63,3.829113924050633,0.22,0.2320675105485232,85.50999999999999,90.20042194092828,1006.1474055799303,1005.2158515887642,1005.5575876807092,-0.9315539911661054,1546.2893231032642,1550.3882901140419,1549.1762911591416,4.098967010777574,False,,0.2230997604155306,16,False
water,5.25,25.0,94.75,1.81,1.9102902374670185,3.63,3.8311345646437993,3.63,3.8311345646437993,0.22,0.23218997361477572,85.46,90.1952506596306,1006.152634091825,1005.2223166086162,1005.5628064240399,-0.9303174832088442,1546.3150199954011,1550.4148039443116,1549.2020178927933,4.099783948910531,False,,0.224274068195055,16,False
water,5.300000000000001,25.0,94.7,1.81,1.9112988384371699,3.63,3.833157338965153,3.63,3.833157338965153,0.22,0.23231256599788805,85.41,90.19007391763463,1006.1578686570411,1005.2287921790413,1005.5680312848946,-0.9290764779998854,1546.3407458766437,1550.441355707939,1549.2277738405744,4.1006098312953485,False,,0.22545388073948577,16,False
water,5.3500000000000005,25.0,94.65,1.81,1.9123085050184891,3.63,3.8351822503961963,3.63,3.8351822503961963,0.22,0.23243528790279977,85.36,90.18489170628631,1006.1631092854437,1005.2352781705499,1005.573262273935,-0.9278311148937852,1546.3665007943341,1550.4679454528145,1549.2535590395144,4.101444658480523,False,,0.22663914679137592,16,False
water,5.4,25.0,94.6,1.81,1.9133192389006344,3.63,3.8372093023255816,3.63,3.8372093023255816,0.22,0.23255813953488375,85.30999999999999,90.1797040169133,1006.1683559869166,1005.2417744534677,1005.5784994017984,-0.9265815334489502,1546.3922847959138,1550.4945732252816,1549.2793735269736,4.102288429367654,False,,0.2278298158733351,16,False
water,5.45,25.0,94.55,1.81,1.9143310417768378,3.63,3.8392384981491277,3.63,3.8392384981491277,0.22,0.23268112109994712,85.25999999999999,90.17451084082496,1006.1736087713642,1005.2482808979842,1005.5837426791002,-0.9253278733800935,1546.4180979289256,1550.5212390701738,1549.3052173406418,4.103141141248154,False,,0.22902583828018225,16,False
water,5.5,25.0,94.5,1.81,1.9153439153439153,3.63,3.8412698412698414,3.63,3.8412698412698414,0.22,0.2328042328042328,85.21,90.16931216931216,1006.1788676487114,1005.2547973742004,1005.5889921164342,-0.9240702745109647,1546.4439402410112,1550.5479430308508,1549.3310905185333,4.104002789839619,False,,0.23022716507096344,16,False
water,5.550000000000001,25.0,94.45,1.81,1.9163578613022763,3.63,3.8433033350979353,3.63,3.8433033350979353,0.22,0.2329274748544203,85.16,90.16410799364743,1006.184132628903,1005.2613237521756,1005.5942477243735,-0.9228088767273958,1546.4698117799144,1550.574685149236,1549.3569930989884,4.104873369321785,False,,0.23143374806084652,16,False
water,5.6000000000000005,25.0,94.4,1.81,1.917372881355932,3.63,3.8453389830508473,3.63,3.8453389830508473,0.22,0.2330508474576271,85.11,90.15889830508473,1006.1894037219041,1005.2678599019735,1005.5995095134717,-0.9215438199306772,1546.4957125934784,1550.6014654658504,1549.3829251206657,4.105752872372068,False,,0.23264553981290792,16,False
water,5.65,25.0,94.35,1.81,1.9183889772125067,3.63,3.8473767885532593,3.63,3.8473767885532593,0.22,0.23317435082140966,85.05999999999999,90.15368309485955,1006.1946809376998,1005.2744056937084,1005.6047774942626,-0.9202752439913048,1546.521642729649,1550.6282840198498,1549.4088866225445,4.106641290200668,False,,0.2338624936298254,16,False
water,5.7,25.0,94.3,1.81,1.919406150583245,3.63,3.8494167550371157,3.63,3.8494167550371157,0.22,0.2332979851537646,85.00999999999999,90.14846235418877,1006.1999642862967,1005.2809609975935,1005.6100516772636,-0.9190032887031201,1546.5476022364724,1550.6551408490575,1549.4348776439178,4.107538612585202,False,,0.235084563545487,16,False
water,5.75,25.0,94.25,1.81,1.9204244031830238,3.63,3.8514588859416445,3.63,3.8514588859416445,0.22,0.23342175066312998,84.96,90.14323607427056,1006.2052537777204,1005.2875256839825,1005.6153320729736,-0.9177280937378749,1546.5735911620966,1550.6820359900014,1549.4608982243928,4.108444827904864,False,,0.23631170431653237,16,False
water,5.800000000000001,25.0,94.2,1.81,1.921443736730361,3.63,3.8535031847133756,3.63,3.8535031847133756,0.22,0.23354564755838642,84.91,90.1380042462845,1006.2105494220193,1005.294099623419,1005.6206186918774,-0.916449798600244,1546.5996095547719,1550.7089694779459,1549.4869484038861,4.1093599231740665,False,,0.23754387141383249,16,False
water,5.8500000000000005,25.0,94.15,1.81,1.9224641529474242,3.63,3.8555496548061603,3.63,3.8555496548061603,0.22,0.2336696760488582,84.86,90.13276686139139,1006.215851229259,1005.3006826866757,1005.6259115444415,-0.9151685425833179,1546.6256574628508,1550.7359413469264,1549.5130282226214,4.110283884075578,False,,0.238781021013922,16,False
water,5.9,25.0,94.1,1.81,1.9234856535600426,3.63,3.8575982996811904,3.63,3.8575982996811904,0.22,0.23379383634431458,84.80999999999999,90.12752391073325,1006.2211592095281,1005.3072747448035,1005.6312106411202,-0.9138844647245946,1546.6517349347873,1550.7629516297804,1549.5391377211263,4.11121669499312,False,,0.2400231099903942,16,False
water,5.95,25.0,94.05,1.81,1.924508240297714,3.63,3.8596491228070176,3.63,3.8596491228070176,0.22,0.23391812865497078,84.75999999999999,90.12227538543328,1006.2264733729356,1005.3138756691732,1005.6365159923546,-0.9125977037625009,1546.677842019139,1550.7900003581824,1549.56527694023,4.1121583390434076,False,,0.2412700959052653,16,False
water,6.0,25.0,94.0,1.81,1.925531914893617,3.63,3.8617021276595747,3.63,3.8617021276595747,0.22,0.23404255319148937,84.71,90.11702127659575,1006.2317937296103,1005.3204853315169,1005.6418276085719,-0.9113083980934619,1546.7039787645665,1550.8170875626743,1549.5914459210605,4.113108798107655,False,,0.24252193700032226,16,False
water,6.050000000000001,25.0,93.95,1.81,1.9265566790846194,3.63,3.8637573177221927,3.63,3.8637573177221927,0.22,0.23416711016498137,84.66,90.111761575306,1006.2371202897032,1005.3271036039736,1005.6471455001896,-0.91001668572955,1546.7301452198328,1550.8442132726952,1549.617644705041,4.114068052862473,False,,0.24377859218845643,16,False
water,6.1000000000000005,25.0,93.9,1.81,1.9275825346112885,3.63,3.865814696485623,3.63,3.865814696485623,0.22,0.23429179978700745,84.61,90.10649627263045,1006.2424530633838,1005.333730359127,1005.6524696776122,-0.9087227042567266,1546.7563414338053,1550.8713775166157,1549.6438733338866,4.115036082810222,False,,0.24504002104499628,16,False
water,6.15,25.0,93.85,1.81,1.928609483217901,3.63,3.8678742674480557,3.63,3.8678742674480557,0.22,0.23441662226957913,84.55999999999999,90.1012253596164,1006.2477920608442,1005.3403654700505,1005.657800151236,-0.9074265907937034,1546.7825674554547,1550.8985803217633,1549.670131849603,4.116012866308749,False,,0.24630618379904434,16,False
water,6.2,25.0,93.8,1.81,1.9296375266524521,3.63,3.8699360341151388,3.63,3.8699360341151388,0.22,0.2345415778251599,84.50999999999999,90.09594882729212,1006.2531372922974,1005.347008810346,1005.6631369314485,-0.9061284819514467,1546.8088233338553,1550.9258217144559,1549.6964202944814,4.116998380600535,False,,0.24757704132482397,16,False
water,6.25,25.0,93.75,1.81,1.9306666666666668,3.63,3.872,3.63,3.872,0.22,0.23466666666666666,84.46,90.09066666666666,1006.2584887679764,1005.2183401293503,1005.6684800286282,-1.0401486386260723,1546.8351091181867,1550.971057258624,1549.7227387110975,4.135948140437214,False,,0.24885255513304866,16,False
water,6.300000000000001,25.0,93.7,1.81,1.9316969050160084,3.63,3.8740661686232656,3.63,3.8740661686232656,0.22,0.23479188900747064,84.41,90.08537886872999,1006.263846498136,1005.2241403772937,1005.6738294531476,-1.0397061208422658,1546.8614248577314,1550.998415723272,1549.7490871423063,4.136990865540592,False,,0.2501326873623122,16,False
water,6.3500000000000005,25.0,93.65,1.81,1.9327282434596902,3.63,3.8761345435130803,3.63,3.8761345435130803,0.22,0.2349172450613988,84.36,90.08008542445275,1006.2692104930516,1005.229950684746,1005.6791852153723,-1.0392598083055555,1546.8877706018784,1551.0258123046722,1549.7754656312422,4.138041702793878,False,,0.2514174007705109,16,False
water,6.4,25.0,93.6,1.81,1.9337606837606838,3.63,3.8782051282051286,3.63,3.8782051282051286,0.22,0.23504273504273507,84.30999999999999,90.07478632478632,1006.2745807630193,1005.2357710628617,1005.6845473256622,-1.0388097001576773,1546.9141464001207,1551.0532470225714,1549.801874221313,4.139100622450871,False,,0.25270665872630255,16,False
water,6.45,25.0,93.55,1.81,1.9347942276857295,3.63,3.880277926242651,3.63,3.880277926242651,0.22,0.23516835916622128,84.25999999999999,90.06948156066275,1006.279957318358,1005.2416015224694,1005.6899157943742,-1.038355795888615,1546.940552302057,1551.0807198960242,1549.8283129561994,4.1401675939670675,False,,0.254000425200604,16,False
water,6.5,25.0,93.5,1.81,1.9358288770053476,3.63,3.8823529411764706,3.63,3.8823529411764706,0.22,0.23529411764705882,84.21,90.06417112299465,1006.285340169405,1005.2474420740651,1005.6952906318588,-1.0378980953399002,1546.9669883573922,1551.108230943414,1549.8547818798502,4.141242586021621,False,,0.2552986647581397,16,False
water,6.550000000000001,25.0,93.45,1.81,1.9368646334938469,3.63,3.884430176565008,3.63,3.884430176565008,0.22,0.23542001070090957,84.16,90.05885500267523,1006.2907293265213,1005.2532927278133,1005.7006718484665,-1.0374365987078724,1546.9934546159354,1551.135780182474,1549.88128103648,4.142325566538705,False,,0.2566013425490354,16,False
water,6.6000000000000005,25.0,93.4,1.81,1.9379014989293362,3.63,3.8865096359743037,3.63,3.8865096359743037,0.22,0.2355460385438972,84.11,90.05353319057815,1006.2961248000888,1005.2591534935419,1005.7060594545451,-1.036971306546889,1547.0199511276032,1551.1633676303115,1549.9078104705673,4.143416502708289,False,,0.2579084243004693,16,False
water,6.65,25.0,93.35,1.81,1.9389394750937334,3.63,3.8885913229780398,3.63,3.8885913229780398,0.22,0.23567220139260847,84.05999999999999,90.04820567755756,1006.3015266005091,1005.2650243807366,1005.7114534604394,-1.036502219772488,1547.0464779424185,1551.1909933034249,1549.9343702268507,4.144515361006294,False,,0.25921987630838206,16,False
water,6.7,25.0,93.3,1.81,1.939978563772776,3.63,3.8906752411575565,3.63,3.8906752411575565,0.22,0.2357984994640943,84.00999999999999,90.04287245444802,1006.3069347382068,1005.2709053985423,1005.7168538764957,-1.0360293396645022,1547.0730351105105,1551.2186572177247,1549.9609603503256,4.145622107214178,False,,0.260535665429246,16,False
water,6.75,25.0,93.25,1.81,1.9410187667560321,3.63,3.8927613941018766,3.63,3.8927613941018766,0.22,0.2359249329758713,83.96,90.03753351206434,1006.3123492236278,1005.2767965557578,1005.7222607130607,-1.0355526678701183,1547.099622682115,1551.246359388553,1549.987580886243,4.146736706437936,False,,0.26185575907190356,16,False
water,6.800000000000001,25.0,93.2,1.81,1.94206008583691,3.63,3.8948497854077253,3.63,3.8948497854077253,0.22,0.23605150214592274,83.91,90.03218884120172,1006.3177700672386,1005.2826978608317,1005.727673980481,-1.035072206406887,1547.1262407075765,1551.2740998307029,1550.0142318801054,4.147859123126504,False,,0.2631801251894714,16,False
water,6.8500000000000005,25.0,93.15,1.81,1.9431025228126677,3.63,3.8969404186795487,3.63,3.8969404186795487,0.22,0.23617820719269994,83.86,90.02683843263553,1006.3231972795279,1005.2886093218623,1005.7330936891059,-1.0345879576656745,1547.1528892373447,1551.3018785584343,1550.0409133776636,4.1489893210896085,False,,0.2645087322713152,16,False
water,6.9,25.0,93.1,1.81,1.9441460794844254,3.63,3.8990332975295385,3.63,3.8990332975295385,0.22,0.23630504833512353,83.80999999999999,90.02148227712136,1006.328630871006,1005.2945309465924,1005.6751242638815,-1.0340999244135598,1547.179568321979,1551.3296955854942,1550.1364253934294,4.150127263515028,False,,0.26584154933510107,16,False
water,6.95,25.0,93.05,1.81,1.9451907576571736,3.63,3.9011284255776464,3.63,3.9011284255776464,0.22,0.23643202579258463,83.75999999999999,90.01612036539495,1006.3340708522048,1005.3004627424082,1005.6800872624484,-1.0336081097966725,1547.2062780121464,1551.3575509251318,1550.1637332416205,4.151272912985311,False,,0.2671785459189181,16,False
water,7.0,25.0,93.0,1.81,1.946236559139785,3.63,3.903225806451613,3.63,3.903225806451613,0.22,0.23655913978494625,83.71,90.01075268817205,1006.3395172336773,1005.3064047163343,1005.6850561624193,-1.0331125173429712,1547.2330183586218,1551.3854445901159,1550.1910708836826,4.152426231493931,False,,0.268519692073485,16,False
water,7.050000000000001,25.0,92.95,1.81,1.947283485745024,3.63,3.905325443786982,3.63,3.905325443786982,0.22,0.23668639053254437,83.66,90.00537923614847,1006.3449700259984,1005.3123568750334,1005.690031040796,-1.0326131509649603,1547.2597894122882,1551.413376592749,1550.2184382884277,4.153587180460891,False,,0.26986495835443086,16,False
water,7.1000000000000005,25.0,92.9,1.81,1.9483315392895586,3.63,3.907427341227126,3.63,3.907427341227126,0.22,0.23681377825618943,83.61,90.0,1006.3504292397663,1005.318319224804,1005.6950119748442,-1.0321100149623448,1547.2865912241389,1551.4413469448866,1550.2458354253074,4.1547557207478,False,,0.271214315814662,16,False
water,7.15,25.0,92.85,1.81,1.949380721593969,3.63,3.9095315024232637,3.63,3.9095315024232637,0.22,0.2369413031771675,83.55999999999999,89.99461497038233,1006.355894885599,1005.3242917715744,1005.6999990420586,-1.0316031140246171,1547.3134238452747,1551.469355657947,1550.273262264444,4.155931812672414,False,,0.27256773599680856,16,False
water,7.2,25.0,92.8,1.81,1.9504310344827587,3.63,3.911637931034483,3.63,3.911637931034483,0.22,0.23706896551724138,83.50999999999999,89.98922413793103,1006.3613669741374,1005.3302745209038,1005.7049923201376,-1.0310924532335823,1547.3402873269076,1551.4974027429303,1550.300718776669,4.157115416022647,False,,0.2739251909257574,16,False
water,7.25,25.0,92.75,1.81,1.9514824797843666,3.63,3.9137466307277626,3.63,3.9137466307277626,0.22,0.2371967654986523,83.46,89.98382749326146,1006.3668455160439,1005.3362674779781,1005.7099918869504,-1.0305780380658096,1547.367181720358,1551.5254882104282,1550.3282049335546,4.1583064900700855,False,,0.27528665310127115,16,False
water,7.300000000000001,25.0,92.7,1.81,1.9525350593311759,3.63,3.9158576051779934,3.63,3.9158576051779934,0.22,0.2373247033441208,83.41,89.97842502696871,1006.3723305220045,1005.3422706476096,1005.7149978205084,-1.0300598743950202,1547.394107077057,1551.55361207064,1550.355720707448,4.159504993582985,False,,0.27665209549069314,16,False
water,7.3500000000000005,25.0,92.65,1.81,1.9535887749595249,3.63,3.9179708580679975,3.63,3.9179708580679975,0.22,0.23745277927684835,83.36,89.97301672962763,1006.377822002724,1005.3482840342296,1005.7200101989296,-1.0295379684943986,1547.4210634485453,1551.5817743333841,1550.383266071504,4.1607108848387675,False,,0.2780214915217387,16,False
water,7.4,25.0,92.6,1.81,1.9546436285097193,3.63,3.9200863930885532,3.63,3.9200863930885532,0.22,0.23758099352051837,83.30999999999999,89.96760259179264,1006.383319968932,1005.3543076418932,1005.7250291004138,-1.0290123270388347,1547.4480508864738,1551.6099750081098,1550.4108409997186,4.161924121636057,False,,0.2793948150753785,16,False
water,7.45,25.0,92.55,1.81,1.95569962182604,3.63,3.9222042139384117,3.63,3.9222042139384117,0.22,0.23770934629929769,83.25999999999999,89.96218260399785,1006.3888244313802,1005.360341474273,1005.7300546032085,-1.0284829571070917,1547.4750694426064,1551.6382141039126,1550.4384454669607,4.163144661306198,False,,0.2807720404788051,16,False
water,7.5,25.0,92.5,1.81,1.9567567567567568,3.63,3.924324324324324,3.63,3.924324324324324,0.22,0.23783783783783785,83.21,89.95675675675676,1006.3943354008409,1005.366385534657,1005.7350867855758,-1.0279498661838926,1547.5021191688159,1551.6664916295401,1550.4660794490014,4.164372460724355,False,,0.282153142498496,16,False
water,7.550000000000001,25.0,92.45,1.81,1.9578150351541372,3.63,3.9264467279610598,3.63,3.9264467279610598,0.22,0.23796646836127636,83.16,89.95132504056247,1006.3998528881098,1005.3724398259478,1005.7401257257648,-1.0274130621619373,1547.5292001170865,1551.6948075934065,1550.493742922545,4.165607476320108,False,,0.28353809633336097,16,False
water,7.6000000000000005,25.0,92.4,1.81,1.9588744588744587,3.63,3.9285714285714284,3.63,3.9285714285714284,0.22,0.23809523809523808,83.11,89.94588744588744,1006.4053769040045,1005.3785043506606,1005.7451715019776,-1.0268725533438343,1547.5563123395154,1551.7231620036032,1550.521435865261,4.166849664087636,False,,0.284926877607982,16,False
water,7.65,25.0,92.35,1.81,1.9599350297780185,3.63,3.930698429886302,3.63,3.930698429886302,0.22,0.23822414726583652,83.05999999999999,89.94044396318353,1006.4109074593657,1005.5739661737322,1005.7502241923398,-0.8369412856335546,1547.5834558883112,1552.4629444705356,1550.5491582558109,4.879488582224533,False,,0.2863194623659435,16,False
water,7.7,25.0,92.3,1.81,1.960996749729144,3.63,3.9328277356446373,3.63,3.9328277356446373,0.22,0.23835319609967498,83.00999999999999,89.93499458288191,1006.4164445650551,1005.580825452423,1005.7552838748671,-0.8356191126321375,1547.6106308157946,1552.4956575587958,1550.5769100738764,4.885026743001183,False,,0.2877158270632513,16,False
water,7.75,25.0,92.25,1.81,1.962059620596206,3.63,3.934959349593496,3.63,3.934959349593496,0.22,0.23848238482384823,82.96,89.92953929539296,1006.4219882319587,1005.5876879288537,1005.760350627437,-0.8343003031050271,1547.637837174399,1552.5284085777164,1550.6046913001878,4.89057140331727,False,,0.28911594856184486,16,False
water,7.800000000000001,25.0,92.2,1.81,1.9631236442516269,3.63,3.937093275488069,3.63,3.937093275488069,0.22,0.23861171366594358,82.91,89.92407809110628,1006.4275384709831,1005.5945535193163,1005.7654245277541,-0.8329849516668106,1547.66507501667,1552.5611971855847,1550.6325019165492,4.896122168914685,False,,0.29051980412319783,16,False
water,7.8500000000000005,25.0,92.15,1.81,1.9641888225718935,3.63,3.939229517091698,3.63,3.939229517091698,0.22,0.2387411828540423,82.86,89.91861096039067,1006.4330952930592,1005.6014221419551,1005.7705056533232,-0.8316731511040343,1547.692344395268,1552.594023042626,1550.6603419058677,4.901678647358055,False,,0.29192737140200903,16,False
water,7.9,25.0,92.1,1.81,1.965255157437568,3.63,3.941368078175896,3.63,3.941368078175896,0.22,0.23887079261672098,82.80999999999999,89.91313789359391,1006.4386587091392,1005.6082937167641,1005.7755940814145,-0.8303649923750565,1547.719645362965,1552.6268858110677,1550.688211252173,4.907240448102837,False,,0.2933386284399841,16,False
water,7.95,25.0,92.05,1.81,1.9663226507332972,3.63,3.9435089625203696,3.63,3.9435089625203696,0.22,0.2390005431830527,82.75999999999999,89.90765888104292,1006.4442287301989,1005.6151681655882,1005.7806898890362,-0.8290605646107435,1547.7469779726468,1552.6597851552087,1550.7161099406455,4.9128071825618695,False,,0.2947535536597041,16,False
water,8.0,25.0,92.0,1.81,1.9673913043478262,3.63,3.9456521739130435,3.63,3.9456521739130435,0.22,0.2391304347826087,82.71,89.90217391304348,1006.4498053672362,1005.6220454121202,1005.785793152902,-0.8277599551159746,1547.7743421476732,1552.6927206118437,1550.7440378279978,4.918378464170443,False,,0.29617212585858915,16,False
water,8.05,25.0,91.95,1.81,1.9684611201740077,3.63,3.9477977161500815,3.63,3.9477977161500815,0.22,0.23926046764545947,82.66,89.89668297988037,1006.4553886421463,1005.6289253927744,1005.7909039602763,-0.8264632493719559,1547.8017367806813,1552.7256906891312,1550.7719937413005,4.923953908449845,False,,0.29759432420294435,16,False
water,8.1,25.0,91.9,1.81,1.9695321001088137,3.63,3.9499455930359084,3.63,3.9499455930359084,0.22,0.23939064200217627,82.61,89.89118607181719,1006.4609785803602,1005.6358080493209,1005.7960224015828,-0.8251705310393126,1547.8291616308095,1552.7586947638788,1550.7999773752279,4.929533133069368,False,,0.2990201282220979,16,False
water,8.15,25.0,91.85,1.81,1.970604246053348,3.63,3.9520958083832336,3.63,3.9520958083832336,0.22,0.23952095808383236,82.55999999999999,89.88568317909633,1006.4665751930213,1005.6426933110594,1005.8011485525517,-0.8238818819619402,1547.8566167274644,1552.791732485371,1550.827988695844,4.935115757906817,False,,0.30044951780262663,16,False
water,8.200000000000001,25.0,91.8,1.81,1.971677559912854,3.63,3.954248366013072,3.63,3.954248366013072,0.22,0.23965141612200436,82.50999999999999,89.880174291939,1006.4721784912272,1005.6495811090556,1005.806282488432,-0.8225973821716017,1547.8841021000217,1552.824803505129,1550.8560276703238,4.940701405107429,False,,0.3018824731826663,16,False
water,8.25,25.0,91.75,1.81,1.9727520435967303,3.63,3.956403269754768,3.63,3.956403269754768,0.22,0.23978201634877383,82.46,89.87465940054496,1006.477788486098,1005.6564713762048,1005.8114242840313,-0.8213171098932428,1547.9116177778296,1552.857907476971,1550.884094266974,4.94628969914131,True,MG,0.30331897494631266,16,False
water,8.3,25.0,91.7,1.81,1.9738276990185386,3.63,3.9585605234460197,3.63,3.9585605234460197,0.22,0.23991275899672845,82.41,89.86913849509268,1006.4834051887776,1005.6633640472267,1005.8165740136884,-0.820041141551013,1547.9391637902097,1552.891044057069,1550.9121884552512,4.951880266859275,True,MG,0.30475900401810485,16,False
water,8.35,25.0,91.65,1.81,1.9749045280960174,3.63,3.9607201309328968,3.63,3.9607201309328968,0.22,0.24004364429896344,82.36,89.86361156573922,1006.4890286104318,1005.6702590586568,1005.8217317512435,-0.8187695517749694,1547.9667401664533,1552.9242129040006,1550.940310205776,4.9574727375471745,True,MG,0.3062025416575954,16,False
water,8.4,25.0,91.6,1.81,1.9759825327510918,3.63,3.9628820960698694,3.63,3.9628820960698694,0.22,0.24017467248908297,82.30999999999999,89.85807860262007,1006.4946587622501,1005.6771563488417,1005.8268975700126,-0.8175024134084405,1547.9943469358245,1552.9574136788033,1550.9684594903501,4.963066742978652,True,MG,0.30764956945400546,16,False
water,8.450000000000001,25.0,91.55,1.81,1.9770617149098855,3.63,3.9650464227198254,3.63,3.9650464227198254,0.22,0.24030584380120154,82.25999999999999,89.85253959584927,1006.5002956554446,1005.6840558579286,1005.8320715427593,-0.816239797516037,1548.0219841275568,1552.9906460450231,1550.9966362819673,4.968661917466356,True,MG,0.3091000693209611,16,False
water,8.5,25.0,91.5,1.81,1.9781420765027322,3.63,3.9672131147540983,3.63,3.9672131147540983,0.22,0.24043715846994534,82.21,89.84699453551913,1006.5059393012506,1005.6909575278582,1005.8372537416686,-0.8149817733922836,1548.0496517708548,1553.0239096687665,1551.0248405548296,4.974257897911616,True,MG,0.31055402349131667,16,False
water,8.55,25.0,91.45,1.81,1.9792236194641881,3.63,3.9693821760524877,3.63,3.9693821760524877,0.22,0.2405686167304538,82.16,89.84144341170038,1006.5115897109265,1005.6978613023556,1005.8424442383215,-0.8137284085708533,1548.077349894891,1553.0572042187437,1551.0530722843562,4.979854323852556,True,MG,0.3120114145120569,16,False
water,8.6,25.0,91.4,1.81,1.9803063457330414,3.63,3.971553610503282,3.63,3.971553610503282,0.22,0.24070021881838072,82.11,89.83588621444201,1006.5172468957535,1005.7047671269191,1005.8476431036682,-0.8124797688343888,1548.1050785288091,1553.0905293663197,1551.0813314471975,4.985450837510675,True,MG,0.3134722252392809,16,False
water,8.65,25.0,91.35,1.81,1.9813902572523263,3.63,3.973727422003284,3.63,3.973727422003284,0.22,0.240831964969896,82.05999999999999,89.8303229337712,1006.5229108670368,1005.711674948812,1005.8528504080058,-0.8112359182248837,1548.13283770172,1553.123884785556,1551.1096180212433,4.991047083835874,True,MG,0.3149364388332689,16,False
water,8.700000000000001,25.0,91.3,1.81,1.982475355969332,3.63,3.9759036144578315,3.63,3.9759036144578315,0.22,0.24096385542168675,82.00999999999999,89.82475355969332,1006.5285816361045,1005.7185847170499,1005.8580662209516,-0.8099969190546125,1548.1606274427031,1553.157270153253,1551.137931985632,4.996642710549961,True,MG,0.31640403875362344,16,False
water,8.75,25.0,91.25,1.81,1.9835616438356165,3.63,3.978082191780822,3.63,3.978082191780822,0.22,0.2410958904109589,81.96,89.81917808219178,1006.534259214307,1005.7254963823895,1005.8632906114201,-0.8087628319175788,1548.1884477808057,1553.1906851489944,1551.1662733207595,5.00223736818862,True,MG,0.3178750087544957,16,False
water,8.8,25.0,91.2,1.81,1.9846491228070176,3.63,3.9802631578947367,3.63,3.9802631578947367,0.22,0.2412280701754386,81.91,89.81359649122807,1006.5399436130193,1005.7324098973179,1005.8685236476015,-0.8075337157014759,1548.2162987450424,1553.2241294551843,1551.1946420082863,5.007830710141852,True,MG,0.3193493328798846,16,False
water,8.85,25.0,91.15,1.81,1.985737794843664,3.63,3.9824465167306635,3.63,3.9824465167306635,0.22,0.24136039495337355,81.86,89.80800877674163,1006.5456348436405,1005.7393252160404,1005.8737653969391,-0.8063096276001271,1548.2441803643933,1553.2576027570863,1551.223038031142,5.013422392692914,True,MG,0.3208269954590147,16,False
water,8.9,25.0,91.1,1.81,1.9868276619099892,3.63,3.9846322722283207,3.63,3.9846322722283207,0.22,0.2414928649835346,81.80999999999999,89.80241492864982,1006.5513329175917,1005.7462422944653,1005.8790159261058,-0.8050906231263957,1548.2720926678073,1553.2911047428631,1551.251461373535,5.019012075055724,True,MG,0.3223079811017903,16,False
water,8.950000000000001,25.0,91.05,1.81,1.9879187259747393,3.63,3.9868204283360793,3.63,3.9868204283360793,0.22,0.24162548050521693,81.75999999999999,89.79681493684788,1006.5570378463167,1005.7531610901912,1005.8842753009836,-0.8038767561255444,1548.300035684195,1553.324635103606,1551.279912020949,5.0245994194107855,True,MG,0.3237922746943213,16,False
water,9.0,25.0,91.0,1.81,1.989010989010989,3.63,3.989010989010989,3.63,3.989010989010989,0.22,0.24175824175824176,81.71,89.79120879120877,1006.5627496412866,1005.7600815624976,1005.8895435866484,-0.802668078789018,1548.3280094424363,1553.358193533376,1551.308389960156,5.030184090939625,True,MG,0.3252798613945289,16,False
water,9.05,25.0,90.95,1.81,1.9901044529961516,3.63,3.9912039582188013,3.63,3.9912039582188013,0.22,0.24189114898295766,81.66,89.78559648158328,1006.5684683139915,1005.7670036723229,1005.8948208473416,-0.8014646416686403,1548.3560139713727,1553.3917797292304,1551.3368951792113,5.035765757857733,True,MG,0.32677072662781864,16,False
water,9.1,25.0,90.9,1.81,1.9911991199119912,3.63,3.993399339933993,3.63,3.993399339933993,0.22,0.242024202420242,81.61,89.77997799779978,1006.5741938759489,1005.7739273822577,1005.9001071464602,-0.8002664936912014,1548.3840492998104,1553.4253933912564,1551.3654276674567,5.04134409144604,True,MG,0.328264856082829,16,False
water,9.15,25.0,90.85,1.81,1.9922949917446342,3.63,3.9955971381397912,3.63,3.9955971381397912,0.22,0.24215740231150248,81.55999999999999,89.77435332966428,1006.5799263386983,1005.7808526565249,1005.9054025465333,-0.7990736821734185,1548.4121154565212,1553.4590342226022,1551.3939874155255,5.046918766080956,True,MG,0.3297622357072486,16,False
water,9.200000000000001,25.0,90.8,1.81,1.9933920704845816,3.63,3.997797356828194,3.63,3.997797356828194,0.22,0.2422907488986784,81.50999999999999,89.76872246696034,1006.5856657138035,1005.7877794609662,1005.9107071092072,-0.797886252837253,1548.4402124702365,1553.4927019294994,1551.4225744153348,5.052489459262929,True,MG,0.3312628517037045,16,False
water,9.25,25.0,90.75,1.81,1.9944903581267217,3.63,4.0,3.63,4.0,0.22,0.24242424242424243,81.46,89.76308539944903,1006.5914120128514,1005.7947077630258,1005.9160208952279,-0.7967042498255613,1548.468340369653,1553.5263962212966,1551.4511886600917,5.0580558516436085,True,MG,0.332766690525722,16,False
water,9.3,25.0,90.7,1.81,1.9955898566703418,3.63,4.002205071664829,3.63,4.002205071664829,0.22,0.24255788313120175,81.41,89.7574421168688,1006.5971652474541,1005.801637531736,1005.9213439644268,-0.7955277157180701,1548.4964991834286,1553.5601168104802,1551.4798301442863,5.0636176270515705,True,MG,0.3342737388737485,16,False
water,9.35,25.0,90.65,1.81,1.9966905681191394,3.63,4.004412575841147,3.63,4.004412575841147,0.22,0.24269167126309982,81.36,89.75179260893546,1006.6029254292465,1005.8085687376988,1005.9266763757046,-0.794356691547653,1548.5246889401822,1553.5938634126987,1551.5084988636913,5.069174472516633,True,MG,0.33578398369124657,16,False
water,9.4,25.0,90.6,1.81,1.9977924944812364,3.63,4.006622516556291,3.63,4.006622516556291,0.22,0.24282560706401768,81.30999999999999,89.74613686534217,1006.6086925698885,1005.8155013530716,1005.9320181870181,-0.7931912168168895,1548.5529096684936,1553.6276357467864,1551.5371948153575,5.074726078292818,True,MG,0.33729741216085474,16,False
water,9.450000000000001,25.0,90.55,1.81,1.9988956377691884,3.63,4.008834897846493,3.63,4.008834897846493,0.22,0.24295969077857538,81.25999999999999,89.74047487575925,1006.6144666810637,1005.8224353515488,1005.9373694553669,-0.792031329514899,1548.5811613969038,1553.6614335347836,1551.5659179976099,5.080272137879884,True,MG,0.33881401170060865,16,False
water,9.5,25.0,90.5,1.81,2.0,3.63,4.011049723756906,3.63,4.011049723756906,0.22,0.2430939226519337,81.21,89.73480662983424,1006.6202477744793,1005.8293707083449,1005.9427302367798,-0.7908770661344207,1548.6094441539126,1553.6952565019562,1551.5946684100413,5.0858123480435555,True,MG,0.34033376996023357,16,False
water,9.55,25.0,90.45,1.81,2.001105583195135,3.63,4.013266998341625,3.63,4.013266998341625,0.22,0.24322830292979547,81.16,89.72913211719181,1006.6260358618671,1005.8363074001779,1005.9481005863046,-0.7897284616891345,1548.6377579679802,1553.7291043768146,1551.6234460535088,5.09134640883439,True,MG,0.34185667481749404,16,False
water,9.600000000000001,25.0,90.39999999999999,1.81,2.002212389380531,3.63,4.015486725663717,3.63,4.015486725663717,0.22,0.2433628318584071,81.10999999999999,89.72345132743362,1006.6318309549838,1005.8432454052526,1005.9534805579975,-0.788585549731199,1548.666102867524,1553.7629768911293,1551.6522509301235,5.0968740236053085,True,MG,0.3433827143746094,16,False
water,9.65,25.0,90.35,1.81,2.0033204205866078,3.63,4.017708909795241,3.63,4.017708909795241,0.22,0.24349750968456005,81.05999999999999,89.71776425013834,1006.63763306561,1005.850184703241,1005.9588702049119,-0.787448362368997,1548.6944788809208,1553.7968737799486,1551.6810830432462,5.102394899027842,True,MG,0.3449118769547281,16,False
water,9.700000000000001,25.0,90.3,1.81,2.0044296788482834,3.63,4.019933554817276,3.63,4.019933554817276,0.22,0.24363233665559247,81.00999999999999,89.71207087486157,1006.6434422055493,1005.8571252752641,1005.9642695790885,-0.7863169302850688,1548.7228860365042,1553.8307947816113,1551.709942397477,5.107908745107076,True,MG,0.34644415109846555,16,False
water,9.75,25.0,90.25,1.81,2.005540166204986,3.63,4.022160664819944,3.63,4.022160664819944,0.22,0.24376731301939059,80.96,89.70637119113573,1006.6492583866327,1005.8640671038785,1005.969678731551,-0.7851912827542188,1548.7513243625651,1553.8647396377605,1551.7388289986484,5.113415275195334,True,MG,0.3479795255604998,16,False
water,9.8,25.0,90.2,1.81,2.006651884700665,3.63,4.024390243902439,3.63,4.024390243902439,0.22,0.24390243902439024,80.91,89.70066518847007,1006.6550816207127,1005.871010173051,1005.9750977122924,-0.7840714476617847,1548.7797938873514,1553.898708093356,1551.7677428538138,5.118914206004592,True,MG,0.3495179893062251,16,False
water,9.850000000000001,25.0,90.14999999999999,1.81,2.0077648363838048,3.63,4.026622296173045,3.63,4.026622296173045,0.22,0.2440377149195785,80.85999999999999,89.69495285635051,1006.6609119196677,1005.8779544681456,1005.9952804854681,-0.7829574515220501,1548.808294639066,1553.9326998966835,1551.7656897873915,5.124405257617695,True,MG,0.3510595315084646,16,False
water,9.9,25.0,90.1,1.81,2.0088790233074363,3.63,4.028856825749168,3.63,4.028856825749168,0.22,0.24417314095449502,80.80999999999999,89.68923418423972,1006.6667492954009,1005.8848999759041,1006.0005035972225,-0.7818493194967885,1548.8368266458663,1553.9667147993646,1551.795076176756,5.1298881534983085,True,MG,0.3526041415442387,16,False
water,9.950000000000001,25.0,90.05,1.81,2.0099944475291505,3.63,4.031093836757357,3.63,4.031093836757357,0.22,0.24430871737923376,80.75999999999999,89.6835091615769,1006.67259375984,1005.891846684426,1006.0057397661515,-0.7807470754139272,1548.8653899358678,1554.0007525563676,1551.8244846526613,5.1353626204997305,True,MG,0.35415180899159,16,False
water,10.0,25.0,90.0,1.81,2.011111111111111,3.63,4.033333333333333,3.63,4.033333333333333,0.22,0.24444444444444444,80.71,89.67777777777776,1006.6784453249371,1005.8987945831508,1006.0109890183148,-0.7796507417863111,1548.893984537135,1554.0348129260076,1551.853915252422,5.140828388872496,True,MG,0.355702523626464,16,False
water,10.05,25.0,89.95,1.81,2.0122290161200667,3.63,4.035575319622012,3.63,4.035575319622012,0.22,0.24458032240133407,80.66,89.67204002223457,1006.6843040026689,1005.9057436628383,1006.0162513781067,-0.7785603398305632,1548.922610477691,1554.0688956699619,1551.8833680154023,5.1462851922708355,True,MG,0.35725627541964117,16,False
water,10.100000000000001,25.0,89.89999999999999,1.81,2.013348164627364,3.63,4.037819799777531,3.63,4.037819799777531,0.22,0.24471635150166854,80.60999999999999,89.6662958843159,1006.6901698050377,1005.9126939155517,1006.0215268682821,-0.7774758894860189,1548.9512677855078,1554.1030005532657,1551.9128429829611,5.151732767758,True,MG,0.35881305453372503,16,False
water,10.15,25.0,89.85,1.81,2.0144685587089595,3.63,4.040066777963272,3.63,4.040066777963272,0.22,0.24485253199777407,80.55999999999999,89.66054535336671,1006.6960427440699,1005.9196453346362,1006.0268155099799,-0.77639740943373,1548.9799564885118,1554.1371273443222,1551.9423401984104,5.157170855810473,True,MG,0.3603728513201797,16,False
water,10.200000000000001,25.0,89.8,1.81,2.0155902004454345,3.63,4.042316258351893,3.63,4.042316258351893,0.22,0.24498886414253898,80.50999999999999,89.65478841870824,1006.7019228318172,1005.9265979147017,1006.0321173227499,-0.7753249171155192,1549.0086766145812,1554.1712758149024,1551.9718597069661,5.162599200321107,True,MG,0.36193565631642377,16,False
water,10.25,25.0,89.75,1.81,2.0167130919220058,3.63,4.044568245125348,3.63,4.044568245125348,0.22,0.24512534818941503,80.46,89.64902506963787,1006.7078100803566,1005.9335516516035,1006.037432324579,-0.7742584287530813,1549.0374281915442,1554.2054457401455,1552.0014015557,5.168017548601153,True,MG,0.36350146024296803,16,False
water,10.3,25.0,89.7,1.81,2.0178372352285394,3.63,4.046822742474916,3.63,4.046822742474916,0.22,0.24526198439241917,80.41,89.6432552954292,1006.7137045017893,1005.9405065424221,1006.0427605319168,-0.7731979593671102,1549.06621124718,1554.2396368985612,1552.0309657934956,5.173425651381271,True,MG,0.365070254000608,16,False
water,10.350000000000001,25.0,89.64999999999999,1.81,2.0189626324595653,3.63,4.049079754601228,3.63,4.049079754601228,0.22,0.245398773006135,80.35999999999999,89.63747908533183,1006.7196061082428,1005.9474625854464,1006.0481019597045,-0.7721435227964503,1549.095025809218,1554.2738490720294,1552.0605524709988,5.178823262811511,True,MG,0.3666420286676661,16,False
water,10.4,25.0,89.6,1.81,2.020089285714286,3.63,4.051339285714286,3.63,4.051339285714286,0.22,0.2455357142857143,80.30999999999999,89.63169642857143,1006.725514911869,1005.9544197801517,1006.0534566214,-0.7710951317172549,1549.1238719053363,1554.3080820457965,1552.0901616405727,5.184210140460258,True,MG,0.36821677549727355,16,False
water,10.450000000000001,25.0,89.55,1.81,2.021217197096594,3.63,4.053601340033501,3.63,4.053601340033501,0.22,0.24567280848687884,80.25999999999999,89.62590731434952,1006.7314309248441,1005.9613781271819,1006.0588245290054,-0.7700527976621422,1549.1527495631617,1554.3423356084738,1552.1197933562494,5.18958604531223,True,MG,0.36979448591471287,16,False
water,10.5,25.0,89.5,1.81,2.022346368715084,3.63,4.055865921787709,3.63,4.055865921787709,0.22,0.24581005586592178,80.21,89.62011173184356,1006.737354159372,1005.9683376283326,1006.0642056930993,-0.7690165310393425,1549.1816588102693,1554.3766095520348,1552.149447673685,5.194950741765477,True,MG,0.3713751515147942,16,False
water,10.55,25.0,89.45,1.81,2.023476802683063,3.63,4.058133035215204,3.63,4.058133035215204,0.22,0.24594745667970933,80.16,89.61430967020682,1006.7432846276803,1005.8605244455698,1006.0696001228591,-0.8827601821104996,1549.2105996741811,1554.2967986387723,1552.1791246501127,5.08619896459114,True,MG,0.37295876405928624,16,False
water,10.600000000000001,25.0,89.39999999999999,1.81,2.0246085011185686,3.63,4.060402684563758,3.63,4.060402684563758,0.22,0.24608501118568235,80.10999999999999,89.60850111856823,1006.7492223420215,1005.8669985309865,1006.0750078260922,-0.8822238110350843,1549.2395721823664,1554.3306173088001,1552.2088243442965,5.091045126433824,True,MG,0.37454531547438674,16,False
water,10.65,25.0,89.35,1.81,2.025741466144376,3.63,4.062674874090655,3.63,4.062674874090655,0.22,0.24622271964185788,80.05999999999999,89.60268606603245,1006.7551673146753,1005.8734773648335,1006.080428809266,-0.8816899498417188,1549.2685763622399,1554.3644575983499,1552.2385468164848,5.09588123611007,True,MG,0.3761347978482382,16,False
water,10.700000000000001,25.0,89.3,1.81,2.026875699888018,3.63,4.06494960806271,3.63,4.06494960806271,0.22,0.24636058230683092,80.00999999999999,89.59686450167972,1006.7611195579456,1005.8799609645686,1006.0858630775334,-0.8811585933769854,1549.297612241162,1554.3983193358667,1552.268292128366,5.1007070947049,True,MG,0.37772720342849053,16,False
water,10.75,25.0,89.25,1.81,2.0280112044817926,3.63,4.067226890756302,3.63,4.067226890756302,0.22,0.24649859943977592,79.96,89.59103641456582,1006.7670790841626,1005.8864493477896,1006.0913106347646,-0.8806297363729426,1549.3266798464376,1554.4322023526227,1552.2980603430226,5.105522506185056,True,MG,0.3793225246199007,16,False
water,10.8,25.0,89.2,1.81,2.02914798206278,3.63,4.069506726457399,3.63,4.069506726457399,0.22,0.24663677130044842,79.91,89.58520179372196,1006.7730459056817,1005.8929425322277,1006.0967714835741,-0.8801033734538932,1549.355779205317,1554.4661064827064,1552.3278515248871,5.110327277389496,True,MG,0.3809207539819793,16,False
water,10.850000000000001,25.0,89.14999999999999,1.81,2.030286034772855,3.63,4.071789119461582,3.63,4.071789119461582,0.22,0.2467750981491868,79.85999999999999,89.57936062815479,1006.7790200348836,1005.8994405357406,1006.1022456253504,-0.8795794991429796,1549.3849103449916,1554.500031563011,1552.357665739695,5.115121218019231,True,MG,0.38252188422667505,16,False
water,10.9,25.0,89.1,1.81,2.0314253647586984,3.63,4.074074074074074,3.63,4.074074074074074,0.22,0.2469135802469136,79.80999999999999,89.57351290684623,1006.7850014841762,1005.9059433763076,1006.1077330602863,-0.8790581078686054,1549.4140732925973,1554.5339774332238,1552.3875030544434,5.1199041406265104,True,MG,0.3841259082160988,16,False
water,10.950000000000001,25.0,89.05,1.81,2.032565974171814,3.63,4.07636159460977,3.63,4.07636159460977,0.22,0.24705221785513756,79.75999999999999,89.5676586187535,1006.7909902659912,1005.9124510720205,1006.1132337874055,-0.8785391939706875,1549.4432680752122,1554.5679439358157,1552.4173635373465,5.124675860603398,True,MG,0.38573281896029293,16,False
water,11.0,25.0,89.0,1.81,2.033707865168539,3.63,4.078651685393258,3.63,4.078651685393258,0.22,0.24719101123595505,79.71,89.56179775280899,1006.796986392789,1005.9189636410822,1006.1187478045957,-0.8780227517067395,1549.4724947198545,1554.6019309160242,1552.4472472577904,5.129436196169736,True,MG,0.3873426096150339,16,False
water,11.05,25.0,88.95,1.81,2.0348510399100617,3.63,4.080944350758853,3.63,4.080944350758853,0.22,0.2473299606520517,79.66,89.55593029792017,1006.8029898770529,1005.9254811017952,1006.1242751086327,-0.8775087752577915,1549.5017532534844,1554.635938221845,1552.477154286293,5.134184968360535,True,MG,0.3889552734796756,16,False
water,11.100000000000001,25.0,88.89999999999999,1.81,2.03599550056243,3.63,4.083239595050619,3.63,4.083239595050619,0.22,0.24746906636670418,79.60999999999999,89.55005624296962,1006.809000731294,1005.9320034725598,1006.1298156952134,-0.8769972587341448,1549.5310437030014,1554.6699657040142,1552.5070846944586,5.1389220010128,True,MG,0.39057080399503097,16,False
water,11.15,25.0,88.85,1.81,2.0371412492965675,3.63,4.085537422622398,3.63,4.085537422622398,0.22,0.24760832864378168,79.55999999999999,89.54417557681485,1006.8150189680487,1005.9385307718677,1006.1353695589836,-0.8764881961809687,1549.5603660952445,1554.7040132159964,1552.5370385549388,5.143647120751799,True,MG,0.3921891947412864,16,False
water,11.200000000000001,25.0,88.8,1.81,2.0382882882882885,3.63,4.087837837837838,3.63,4.087837837837838,0.22,0.24774774774774774,79.50999999999999,89.53828828828829,1006.8210445998805,1005.9450630182968,1006.1409366935671,-0.8759815815837362,1549.589720456992,1554.7380806139688,1552.5670159413887,5.148360156976845,True,MG,0.3938104394359604,16,False
water,11.25,25.0,88.75,1.81,2.03943661971831,3.63,4.090140845070422,3.63,4.090140845070422,0.22,0.24788732394366197,79.46,89.53239436619717,1006.8270776393784,1005.9516002305049,1006.1465170915945,-0.8754774088735039,1549.6191068149592,1554.7721677568056,1552.5970169284271,5.153060941846542,True,MG,0.39543453193189143,16,False
water,11.3,25.0,88.7,1.81,2.040586245772266,3.63,4.092446448703495,3.63,4.092446448703495,0.22,0.2480270574971815,79.41,89.52649379932356,1006.8331180991568,1005.9581424272247,1006.1521107447301,-0.8749756719320425,1549.6485251957988,1554.8062745060624,1552.6270415915951,5.157749310263545,True,MG,0.39706146621526206,16,False
water,11.350000000000001,25.0,88.64999999999999,1.81,2.041737168640722,3.63,4.094754653130288,3.63,4.094754653130288,0.22,0.2481669486745629,79.35999999999999,89.52058657642412,1006.8391659918578,1005.964689627261,1006.1577176437042,-0.874476364596811,1549.6779756261008,1554.8404007259596,1552.6570900073173,5.162425099858896,True,MG,0.3986912364036599,16,False
water,11.4,25.0,88.6,1.81,2.0428893905191874,3.63,4.0970654627539504,3.63,4.0970654627539504,0.22,0.24830699774266368,79.30999999999999,89.51467268623024,1006.84522133015,1005.9712418494843,1006.1633377783394,-0.8739794806657865,1549.707458132391,1554.8745462833667,1552.6871622528624,5.1670881509758555,True,MG,0.4003238367441682,16,False
water,11.450000000000001,25.0,88.55,1.81,2.044042913608131,3.63,4.099378881987578,3.63,4.099378881987578,0.22,0.2484472049689441,79.25999999999999,89.50875211744776,1006.8512841267273,1005.9777991128251,1006.1689711375774,-0.8734850139021444,1549.7369727411292,1554.9087110477826,1552.7172584063023,5.171738306653347,True,MG,0.40195926161149576,16,False
water,11.5,25.0,88.5,1.81,2.0451977401129944,3.63,4.101694915254237,3.63,4.101694915254237,0.22,0.24858757062146894,79.21,89.50282485875705,1006.8573543943103,1005.9843614362715,1006.1746177095094,-0.8729929580387978,1549.7665194787107,1554.9428948913196,1552.7473785464767,5.176375412608976,True,MG,0.40359750550613344,16,False
water,11.55,25.0,88.45,1.81,2.0463538722442056,3.63,4.104013566986998,3.63,4.104013566986998,0.22,0.248728094968909,79.16,89.49689089881288,1006.8634321456465,1005.9909288388636,1006.180277481403,-0.872503306782793,1549.7960983714643,1554.977097688686,1552.7775227529532,5.18099931722166,True,MG,0.4052385630525466,16,False
water,11.600000000000001,25.0,88.39999999999999,1.81,2.047511312217195,3.63,4.10633484162896,3.63,4.10633484162896,0.22,0.24886877828054302,79.10999999999999,89.49095022624434,1006.8695173935107,1005.9975013396911,1006.208602356861,-0.8720160538195676,1549.8257094456508,1555.0113193171646,1552.8735774663473,5.1856098715138845,True,MG,0.406882428997398,16,False
water,11.65,25.0,88.35,1.81,2.0486700622524054,3.63,4.108658743633277,3.63,4.108658743633277,0.22,0.24900962082625921,79.05999999999999,89.48500282965477,1006.875610150702,1006.0040789578849,1006.2145693331522,-0.8715311928170726,1549.855352727464,1555.0455596565976,1552.9035445388777,5.190206929133584,True,MG,0.4085290982077987,16,False
water,11.700000000000001,25.0,88.3,1.81,2.0498301245753114,3.63,4.110985277463194,3.63,4.110985277463194,0.22,0.2491506228765572,79.00999999999999,89.47904869762174,1006.8817104300498,1006.01066171262,1005.9717614678245,-0.8710487174297563,1549.8850282430305,1555.0798185893664,1554.979180226261,5.194790346335716,True,MG,0.4101785656695961,16,False
water,11.75,25.0,88.25,1.81,2.0509915014164304,3.63,4.113314447592068,3.63,4.113314447592068,0.22,0.24929178470254956,78.96,89.47308781869687,1006.8878182444076,1006.0172496231053,1005.978870778795,-0.870568621302422,1549.9147360184043,1555.1140960003677,1555.0013329967335,5.199359981963488,True,MG,0.41183082648568514,16,False
water,11.8,25.0,88.2,1.81,2.052154195011338,3.63,4.115646258503401,3.63,4.115646258503401,0.22,0.2494331065759637,78.91,89.46712018140589,1006.8939336066558,1006.0238427085818,1005.9859874411966,-0.8700908980739517,1549.944476079572,1555.1483917770013,1555.023532058841,5.203915697429272,True,MG,0.4134858758743525,16,False
water,11.850000000000001,25.0,88.14999999999999,1.81,2.053318207600681,3.63,4.1179807146908685,3.63,4.1179807146908685,0.22,0.24957458876914354,78.85999999999999,89.46114577424842,1006.900056529704,1006.0304409883231,1005.993111322208,-0.8696155413809037,1549.9742484524484,1555.1827058091437,1555.0457790875785,5.208457356695264,True,MG,0.4151437091676478,16,False
water,11.9,25.0,88.1,1.81,2.054483541430193,3.63,4.120317820658343,3.63,4.120317820658343,0.22,0.2497162315550511,78.80999999999999,89.45516458569807,1006.9061870264852,1006.0370444816242,1006.0002422885192,-0.8691425448609879,1550.0040531628774,1555.2170379891313,1555.0680757744744,5.212984826253805,True,MG,0.4168043218097826,16,False
water,11.950000000000001,25.0,88.05,1.81,2.05565019875071,3.63,4.122657580919932,3.63,4.122657580919932,0.22,0.2498580352072686,78.75999999999999,89.44917660420215,1006.9123251099638,1006.0436532078074,1006.0073802064488,-0.8686719021564131,1550.0338902366295,1555.251388211737,1555.0904238267499,5.217497975107526,True,MG,0.4184677093555624,16,False
water,12.0,25.0,88.0,1.81,2.0568181818181817,3.63,4.125,3.63,4.125,0.22,0.25,78.71,89.44318181818181,1006.9184707931269,1006.0502671862098,1006.0145249420473,-0.8682036069171198,1550.0637596994025,1555.2857563741516,1555.1128249664487,5.221996674749174,True,MG,0.4201338674688366,16,False
water,12.05,25.0,87.95,1.81,2.0579874928936897,3.63,4.127345082433201,3.63,4.127345082433201,0.22,0.25014212620807275,78.66,89.43718021603183,1006.924624088992,1006.0568864361882,1006.0216763612192,-0.8677376528038905,1550.093661576821,1555.3201423759622,1555.1352809295308,5.22648079914126,True,MG,0.42180279192098513,16,False
water,12.100000000000001,25.0,87.89999999999999,1.81,2.0591581342434586,3.63,4.129692832764506,3.63,4.129692832764506,0.22,0.25028441410693975,78.60999999999999,89.43117178612059,1006.9307850106027,1006.0635109771114,1006.0288343298356,-0.8672740334913467,1550.1235958944342,1555.3545461191297,1555.1577934649338,5.230950224695463,True,MG,0.42347447858942266,16,False
water,12.15,25.0,87.85,1.81,2.0603301081388734,3.63,4.132043255549232,3.63,4.132043255549232,0.22,0.2504268639726807,78.55999999999999,89.42515651678998,1006.93695357103,1006.0701408283592,1006.035998713855,-0.866812742670831,1550.1535626777152,1555.388967507967,1555.1803643336,5.235404830251859,True,MG,0.42514892345613486,16,False
water,12.200000000000001,25.0,87.8,1.81,2.061503416856492,3.63,4.134396355353076,3.63,4.134396355353076,0.22,0.2505694760820046,78.50999999999999,89.41913439635535,1006.9431297833711,1006.0767760093179,1006.043169379443,-0.8663537740531786,1550.1835619520623,1555.4234064491202,1555.2029953074768,5.2398444970579465,True,MG,0.4268261226062372,16,False
water,12.25,25.0,87.75,1.81,2.0626780626780628,3.63,4.136752136752137,3.63,4.136752136752137,0.22,0.25071225071225073,78.46,89.4131054131054,1006.949313660753,1006.0834165393816,1006.0503461931008,-0.8658971213713791,1550.2135937427956,1555.4578628515433,1555.22568816848,5.244269108747517,True,MG,0.42850607222655984,16,False
water,12.3,25.0,87.7,1.81,2.063854047890536,3.63,4.139110604332953,3.63,4.139110604332953,0.22,0.25085518814139107,78.41,89.40706955530216,1006.9555052163279,1006.0900624379448,1006.0575290217857,-0.8654427783831309,1550.2436580751573,1555.4923366264766,1555.2484447074298,5.248678551319345,True,MG,0.43018876860425476,16,False
water,12.350000000000001,25.0,87.64999999999999,1.81,2.065031374786081,3.63,4.141471762692528,3.63,4.141471762692528,0.22,0.250998288648032,78.35999999999999,89.40102681118083,1006.9617044632772,1006.0967137244039,1006.0647177330426,-0.8649907388732909,1550.2737549743122,1555.5268276874278,1555.271266722958,5.253072713115783,True,MG,0.43187420812543026,16,False
water,12.4,25.0,87.6,1.81,2.0662100456621006,3.63,4.1438356164383565,3.63,4.1438356164383565,0.22,0.25114155251141557,78.30999999999999,89.39497716894977,1006.9679114148087,1006.1033704181524,1006.0719121951302,-0.8645409966562229,1550.3038844653447,1555.5613359501458,1555.2941560203844,5.2574514848011535,True,MG,0.43356238727380486,16,False
water,12.450000000000001,25.0,87.55,1.81,2.067390062821245,3.63,4.146202170188464,3.63,4.146202170188464,0.22,0.2512849800114221,78.25999999999999,89.3889206167904,1006.9741260841591,1006.1100325385811,1006.0791122771554,-0.8640935455780416,1550.334046573257,1555.595861332597,1555.3171144105647,5.261814759340102,True,MG,0.4352533026293893,16,False
water,12.5,25.0,87.5,1.81,2.0685714285714285,3.63,4.148571428571429,3.63,4.148571428571429,0.22,0.25142857142857145,78.21,89.38285714285713,1006.9803484845918,1006.116700105073,1006.0863178492018,-0.8636483795187615,1550.364241322974,1555.6304037549498,1555.3401437087205,5.26616243197578,True,MG,0.4369469508671868,16,False
water,12.55,25.0,87.45,1.81,2.0697541452258434,3.63,4.150943396226415,3.63,4.150943396226415,0.22,0.25157232704402516,78.16,89.37678673527729,1006.9865786293983,1006.1233731370039,1006.093528782465,-0.8632054923943475,1550.3944687393353,1555.6649631395433,1555.3632457332292,5.270494400207983,True,MG,0.4386433287559185,16,False
water,12.600000000000001,25.0,87.39999999999999,1.81,2.070938215102975,3.63,4.153318077803204,3.63,4.153318077803204,0.22,0.2517162471395881,78.10999999999999,89.37070938215102,1006.9928165318978,1006.1300516537391,1006.1007449493862,-0.8627648781586702,1550.4247288470992,1555.6995394108703,1555.3864223044043,5.274810563771174,True,MG,0.440342433156769,16,False
water,12.65,25.0,87.35,1.81,2.072123640526617,3.63,4.1556954779622215,3.63,4.1556954779622215,0.22,0.25186033199771035,78.05999999999999,89.36462507155123,1006.999062205439,1006.1367356746337,1006.1079662237892,-0.8623265308053716,1550.4550216709395,1555.7341324955519,1555.409675243244,5.279110824612453,True,MG,0.442044261022154,16,False
water,12.700000000000001,25.0,87.3,1.81,2.073310423825888,3.63,4.158075601374571,3.63,4.158075601374571,0.22,0.2520045819014891,78.00999999999999,89.35853379152347,1007.0053156633953,1006.1434252190256,1006.11519248101,-0.8618904443696351,1550.4853472354462,1555.7687423223156,1555.4330063701623,5.283395086869477,True,MG,0.44374880939451095,16,False
water,12.75,25.0,87.25,1.81,2.0744985673352434,3.63,4.160458452722063,3.63,4.160458452722063,0.22,0.2521489971346705,77.96,89.35243553008596,1007.0115769191718,1006.150120306242,1006.1224235980405,-0.861456612929871,1550.5157055651227,1555.8033688219712,1555.4564175036987,5.287663256848313,True,MG,0.44545607540510623,16,False
water,12.8,25.0,87.2,1.81,2.0756880733944953,3.63,4.162844036697248,3.63,4.162844036697248,0.22,0.25229357798165136,77.91,89.34633027522935,1007.0178459861994,1006.1568209555901,1006.129659453658,-0.8610250306093135,1550.546096684388,1555.8380119273893,1555.4799104592119,5.291915243001269,True,MG,0.44716605627286876,16,False
water,12.850000000000001,25.0,87.14999999999999,1.81,2.0768789443488243,3.63,4.1652323580034425,3.63,4.1652323580034425,0.22,0.2524383247274814,77.85999999999999,89.3402180149168,1007.0241228779375,1006.16352718636,1006.1368999285633,-0.8605956915775324,1550.5765206175727,1555.8726715734774,1555.5034870475524,5.296150955904692,True,MG,0.4488787493032363,16,False
water,12.9,25.0,87.1,1.81,2.0780711825487947,3.63,4.167623421354765,3.63,4.167623421354765,0.22,0.25258323765786456,77.80999999999999,89.3340987370838,1007.0304076078748,1006.170239017823,1006.1441449055169,-0.8601685900518633,1550.606977388919,1555.9073476971557,1555.5271490737243,5.300370308236763,True,MG,0.45059415188702673,16,False
water,12.950000000000001,25.0,87.05,1.81,2.0792647903503734,3.63,4.170017231476163,3.63,4.170017231476163,0.22,0.25272831705916143,77.75999999999999,89.32797242963814,1007.0367001895278,1006.176956469229,1006.1513942694719,-0.8597437202987537,1550.6374670225812,1555.9420402373364,1555.5508983355326,5.304573214755259,True,MG,0.45231226149932824,16,False
water,13.0,25.0,87.0,1.81,2.0804597701149423,3.63,4.172413793103448,3.63,4.172413793103448,0.22,0.25287356321839083,77.71,89.32183908045975,1007.0430006364406,1006.1836795598056,1006.1586479077079,-0.8593210766350319,1550.6679895426225,1555.976749134898,1555.574736622217,5.308759592275358,True,MG,0.4540330756984066,16,False
water,13.05,25.0,86.95,1.81,2.0816561242093155,3.63,4.174813110983323,3.63,4.174813110983323,0.22,0.25301897642323173,77.66,89.3156986774008,1007.0493089621868,1006.1904083087577,1006.1659057099648,-0.8589006534290986,1550.6985449730173,1556.0114743326646,1555.5986657130802,5.312929359647418,True,MG,0.4557565921246314,16,False
water,13.100000000000001,25.0,86.89999999999999,1.81,2.082853855005754,3.63,4.177215189873418,3.63,4.177215189873418,0.22,0.25316455696202533,77.60999999999999,89.30955120828537,1007.0556251803685,1006.1971427352664,1006.1731675685733,-0.8584824451020393,1550.7291333376465,1556.0462157753814,1555.6226873761038,5.317082437734809,True,MG,0.45748280849942186,16,False
water,13.15,25.0,86.85,1.81,2.0840529648819808,3.63,4.179620034542315,3.63,4.179620034542315,0.22,0.25331030512377667,77.55999999999999,89.30339666090961,1007.0619493046147,1006.203882858486,1006.1804333785826,-0.8580664461286673,1550.7597546602997,1556.0809734096915,1555.6468033665612,5.321218749391748,True,MG,0.4592117226242078,16,False
water,13.200000000000001,25.0,86.8,1.81,2.0852534562211984,3.63,4.182027649769585,3.63,4.182027649769585,0.22,0.2534562211981567,77.50999999999999,89.29723502304147,1007.0682813485856,1006.2106286975471,1006.1877030378923,-0.8576526510384894,1550.7904089646725,1556.1157471841136,1555.6710154256264,5.3253382194412,True,MG,0.46094333237941193,16,False
water,13.25,25.0,86.75,1.81,2.086455331412104,3.63,4.184438040345821,3.63,4.184438040345821,0.22,0.25360230547550433,77.46,89.29106628242074,1007.0746213259691,1006.2173802715525,1006.1949764473743,-0.8572410544166043,1550.8210962743658,1556.1505370490186,1555.6953252789797,5.329440774652809,True,MG,0.462677635723448,16,False
water,13.3,25.0,86.7,1.81,2.087658592848904,3.63,4.186851211072664,3.63,4.186851211072664,0.22,0.2537485582468281,77.41,89.28489042675893,1007.0809692504807,1006.2241375995762,1006.275849653977,-0.8568316509045291,1550.8518166128865,1556.1853429566074,1554.9839643551934,5.333526343720887,True,MG,0.46441463069173444,16,False
water,13.350000000000001,25.0,86.64999999999999,1.81,2.088863242931333,3.63,4.189267166762839,3.63,4.189267166762839,0.22,0.25389497980380843,77.35999999999999,89.27870744373917,1007.0873251358668,1006.2309007006658,1006.2826962574902,-0.8564244352009615,1550.882570003644,1556.2201648608866,1555.0119683699563,5.337594857242473,True,MG,0.46615431539572755,16,False
water,13.4,25.0,86.6,1.81,2.0900692840646653,3.63,4.191685912240185,3.63,4.191685912240185,0.22,0.2540415704387991,77.30999999999999,89.27251732101617,1007.0936889959004,1006.237669593838,1006.2895488059328,-0.856019402062473,1550.9133564699514,1556.255002717647,1555.0400602735733,5.3416462476954445,True,MG,0.4678966880219657,16,False
water,13.450000000000001,25.0,86.55,1.81,2.0912767186597345,3.63,4.194107452339688,3.63,4.194107452339688,0.22,0.2541883304448296,77.25999999999999,89.26632004621605,1007.1000608443859,1006.2444442980817,1006.2964072897772,-0.8556165463041381,1550.9441760350237,1556.2898564844404,1555.0682409585231,5.345680449416735,True,MG,0.4696417468311381,16,False
water,13.5,25.0,86.5,1.81,2.092485549132948,3.63,4.196531791907514,3.63,4.196531791907514,0.22,0.2543352601156069,77.21,89.26011560693641,1007.1064406951549,1006.2512248323548,1006.3032717015773,-0.8552158628001038,1550.975028721976,1556.3247261205568,1555.0965113051477,5.349697398580604,True,MG,0.4713894901571616,16,False
water,13.55,25.0,86.45,1.81,2.093695777906304,3.63,4.198958935801041,3.63,4.198958935801041,0.22,0.25448235974551764,77.16,89.2539039907461,1007.1128285620688,1006.2580112155847,1006.3101420360164,-0.8548173464840929,1551.0059145538244,1556.3596115870014,1555.1248721809786,5.353697033177027,True,MG,0.4731399164062786,16,False
water,13.600000000000001,25.0,86.39999999999999,1.81,2.0949074074074074,3.63,4.201388888888889,3.63,4.201388888888889,0.22,0.25462962962962965,77.10999999999999,89.24768518518518,1007.1192244590186,1006.2648034666687,1006.3170182899519,-0.854420992349852,1551.036833553483,1556.394512846473,1555.153324440059,5.357679292990149,True,MG,0.47489302405616474,16,False
water,13.65,25.0,86.35,1.81,2.096120440069485,3.63,4.203821656050955,3.63,4.203821656050955,0.22,0.25477707006369427,77.05999999999999,89.24145917776491,1007.1256283999244,1006.2716016044728,1006.3239004624558,-0.8540267954515384,1551.067785743765,1556.4294298633417,1555.1818689222714,5.361644119576875,True,MG,0.47664881165505657,16,False
water,13.700000000000001,25.0,86.3,1.81,2.0973348783314023,3.63,4.206257242178447,3.63,4.206257242178447,0.22,0.2549246813441483,77.00999999999999,89.23522595596755,1007.1320403987345,1006.2784056478305,1006.3307885548529,-0.8536347509040512,1551.0987711473801,1556.4643626036257,1555.210506452665,5.365591456245551,True,MG,0.4784072778208921,16,False
water,13.75,25.0,86.25,1.81,2.0985507246376813,3.63,4.208695652173913,3.63,4.208695652173913,0.22,0.25507246376811593,76.96,89.22898550724636,1007.1384604694275,1006.2852156155442,1006.3376825707594,-0.8532448538833068,1551.1297897869342,1556.499311034969,1555.2392378407894,5.369521248034753,True,MG,0.48016842124046494,16,False
water,13.8,25.0,86.2,1.81,2.099767981438515,3.63,4.211136890951276,3.63,4.211136890951276,0.22,0.2552204176334107,76.91,89.22273781902553,1007.1448886260126,1006.2920315263862,1006.3445825161153,-0.852857099626461,1551.1608416849285,1556.5342751266207,1555.2680638800316,5.373433441692217,True,MG,0.48193224066859364,16,False
water,13.850000000000001,25.0,86.14999999999999,1.81,2.1009866511897854,3.63,4.213580963435868,3.63,4.213580963435868,0.22,0.25536854323853747,76.85999999999999,89.21648287869994,1007.1513248825265,1006.2988533990945,1006.3514883992128,-0.8524714834320766,1551.1919268637582,1556.5692548494121,1555.2969853469592,5.377327985653875,True,MG,0.48369873492730603,16,False
water,13.9,25.0,86.1,1.81,2.102206736353078,3.63,4.21602787456446,3.63,4.21602787456446,0.22,0.25551684088269455,76.80999999999999,89.2102206736353,1007.1577692530362,1006.305681252376,1006.3584002307247,-0.8520880006602427,1551.223045345712,1556.6042501757352,1555.3260030006688,5.381204830023025,True,MG,0.4854679029050325,16,False
water,13.950000000000001,25.0,86.05,1.81,2.1034282393957002,3.63,4.2184776292852995,3.63,4.2184776292852995,0.22,0.2556653108657757,76.75999999999999,89.20395119116792,1007.1642217516384,1006.3125151049057,1006.3653180237276,-0.8517066467326415,1551.2541971529695,1556.6392610795192,1555.3551175821422,5.385063926549645,True,MG,0.487239743555821,16,False
water,14.0,25.0,86.0,1.81,2.104651162790698,3.63,4.22093023255814,3.63,4.22093023255814,0.22,0.2558139534883721,76.71,89.19767441860463,1007.1706823924607,1006.3193549753281,1006.3722417937232,-0.8513274171325671,1551.2853823076027,1556.6742875362127,1555.3843298136132,5.388905228609829,True,MG,0.4890142558985577,16,False
water,14.05,25.0,85.95,1.81,2.10587550901687,3.63,4.223385689354275,3.63,4.223385689354275,0.22,0.2559627690517743,76.66,89.1913903432228,1007.1771511896577,1006.3262008822528,1006.37917155865,-0.8509503074048981,1551.3166008315727,1556.709329522758,1555.413640397939,5.392728691185381,True,MG,0.4907914390162029,16,False
water,14.100000000000001,25.0,85.89999999999999,1.81,2.1071012805587896,3.63,4.225844004656578,3.63,4.225844004656578,0.22,0.2561117578579744,76.60999999999999,89.18509895227007,1007.1836281574172,1006.3330528442611,1006.3861073389013,-0.8505753131560234,1551.3478527467307,1556.7443870175744,1555.4430500179872,5.396534270843553,True,MG,0.4925712920550444,16,False
water,14.15,25.0,85.85,1.81,2.1083284799068145,3.63,4.228305183459523,3.63,4.228305183459523,0.22,0.25626092020966806,76.55999999999999,89.17880023296446,1007.1901133099541,1006.3399108799003,1006.393049157328,-0.8502024300537228,1551.3791380748153,1556.7794600005323,1555.4725593360286,5.400321925716918,True,MG,0.4943538142239528,16,False
water,14.200000000000001,25.0,85.8,1.81,2.1095571095571097,3.63,4.230769230769231,3.63,4.230769230769231,0.22,0.25641025641025644,76.50999999999999,89.17249417249417,1007.1966066615153,1006.3467750076883,1006.3999970392467,-0.8498316538270052,1551.410456837451,1556.8145484529343,1555.5021689931439,5.404091615483425,True,MG,0.49613900479366174,16,False
water,14.25,25.0,85.75,1.81,2.110787172011662,3.63,4.233236151603498,3.63,4.233236151603498,0.22,0.2565597667638484,76.46,89.16618075801748,1007.2031082263766,1006.3536452461107,1006.4069510124365,-0.8494629802659033,1551.4418090561496,1556.8496523574963,1555.5318796086467,5.407843301346589,True,MG,0.4979268630960519,16,False
water,14.3,25.0,85.7,1.81,2.1120186697782963,3.63,4.235705950991832,3.63,4.235705950991832,0.22,0.25670945157526254,76.41,89.15985997666277,1007.2096180188446,1006.3605216136234,1006.4139111071353,-0.8490964052212275,1551.4731947523073,1556.8847716983232,1555.5616917795153,5.411576946015852,True,MG,0.49971738852344844,16,False
water,14.350000000000001,25.0,85.64999999999999,1.81,2.113251605370695,3.63,4.238178633975482,3.63,4.238178633975482,0.22,0.2568593111500292,76.35999999999999,89.1535318155283,1007.2161360532555,1006.3674041286512,1006.42087735603,-0.8487319246042808,1551.504613947205,1556.919906460892,1555.5916060798422,5.415292513687097,True,MG,0.5015105805279324,16,False
water,14.4,25.0,85.6,1.81,2.114485981308411,3.63,4.240654205607477,3.63,4.240654205607477,0.22,0.25700934579439255,76.30999999999999,89.14719626168224,1007.2226623439766,1006.3742928095901,1006.427849794243,-0.848369534386534,1551.5360666620036,1556.955056632027,1555.621623060295,5.418989970023354,True,MG,0.50330643862066,16,False
water,14.450000000000001,25.0,85.55,1.81,2.1157218001168907,3.63,4.24313267095266,3.63,4.24313267095266,0.22,0.2571595558153127,76.25999999999999,89.14085330216247,1007.2291969054037,1006.3811876748044,1006.4348284593107,-0.8480092305992625,1551.5675529177486,1556.9902221998843,1555.6517432476019,5.4226692821356455,True,MG,0.5051049623711987,16,False
water,14.5,25.0,85.5,1.81,2.1169590643274856,3.63,4.245614035087719,3.63,4.245614035087719,0.22,0.2573099415204678,76.21,89.1345029239766,1007.2357397519664,1006.3880887426333,1006.6754100745602,-0.8476510093331486,1551.5990727353642,1557.0254031539282,1554.7298530190405,5.426330418564017,True,MG,0.5069061514068672,16,False
water,14.55,25.0,85.45,1.81,2.118197776477472,3.63,4.248098303101228,3.63,4.248098303101228,0.22,0.2574605032182563,76.16,89.12814511410181,1007.2422908981212,1006.3949960313834,1006.6823443355944,-0.8472948667378467,1551.6306261356547,1557.0605994849134,1554.7618908501913,5.429973349258755,True,MG,0.5087100054120928,16,False
water,14.600000000000001,25.0,85.39999999999999,1.81,2.1194379391100706,3.63,4.250585480093677,3.63,4.250585480093677,0.22,0.2576112412177986,76.10999999999999,89.12177985948476,1007.248850358357,1006.4019095593355,1006.6892968175247,-0.8469407990215142,1551.662213139302,1557.0958111848636,1554.7939763459678,5.433598045561747,True,MG,0.5105165241277767,16,False
water,14.65,25.0,85.35,1.81,2.1206795547744584,3.63,4.253075571177504,3.63,4.253075571177504,0.22,0.2577621558289397,76.05999999999999,89.1154071470416,1007.255418147194,1006.4088293447436,1006.6962675625867,-0.8465888024503107,1551.6938337668666,1557.1310382470547,1554.8261097259674,5.437204480188059,True,MG,0.512325707350667,16,False
water,14.700000000000001,25.0,85.3,1.81,2.1219226260257913,3.63,4.25556858147714,3.63,4.25556858147714,0.22,0.2579132473622509,76.00999999999999,89.10902696365767,1007.2619942791807,1006.4157554058329,1006.7032566079793,-0.846238873347862,1551.7254880387839,1557.1662806659915,1554.8582912097831,5.440792627207662,True,MG,0.5141375549327488,16,False
water,14.75,25.0,85.25,1.81,2.12316715542522,3.63,4.258064516129032,3.63,4.258064516129032,0.22,0.25806451612903225,75.96,89.10263929618768,1007.2685787688987,1006.422687760804,1006.7102639857311,-0.8458910080946956,1551.7571759753641,1557.2015384373915,1554.8905210168853,5.4443624620273585,True,MG,0.5159520667806388,16,False
water,14.8,25.0,85.2,1.81,2.124413145539906,3.63,4.26056338028169,3.63,4.26056338028169,0.22,0.25821596244131456,75.91,89.09624413145539,1007.2751716309593,1006.4296264278316,1006.7172897225664,-0.8455452031276456,1551.7888975967921,1557.236811558165,1554.9227993664922,5.447913961372883,True,MG,0.5177692428549916,16,False
water,14.850000000000001,25.0,85.14999999999999,1.81,2.1256605989430417,3.63,4.2630651790957135,3.63,4.2630651790957135,0.22,0.25836758661186143,75.85999999999999,89.08984145625365,1007.281772880005,1006.4365714250657,1006.7243338397774,-0.8452014549392256,1551.8206529231247,1557.272100026396,1554.9551264774368,5.451447103271191,True,MG,0.5195890831699165,16,False
water,14.9,25.0,85.1,1.81,2.126909518213866,3.63,4.265569917743831,3.63,4.265569917743831,0.22,0.2585193889541716,75.80999999999999,89.0834312573443,1007.2883825307091,1006.4435227706322,1006.7313963531005,-0.8448597600769775,1551.8524419742907,1557.3074038413238,1554.9875025680287,5.454961867032931,True,MG,0.5214115877924028,16,False
water,14.950000000000001,25.0,85.05,1.81,2.1281599059376837,3.63,4.268077601410935,3.63,4.268077601410935,0.22,0.2586713697824809,75.75999999999999,89.07701352145796,1007.2950005977755,1006.4504804826327,1006.7384772725967,-0.8445201151427895,1551.884264770089,1557.3427230033242,1555.019927855912,5.458458233235103,True,MG,0.5232367568417555,16,False
water,15.0,25.0,85.0,1.81,2.1294117647058823,3.63,4.270588235294118,3.63,4.270588235294118,0.22,0.25882352941176473,75.71,89.07058823529411,1007.3016270959412,1006.457444579149,1006.7455766025414,-0.8441825167921896,1551.9161213301884,1557.3780575138924,1555.0524025579166,5.461936183703905,True,MG,0.5250645904890405,16,False
water,15.05,25.0,84.95,1.81,2.1306650971159504,3.63,4.2731018246027075,3.63,4.2731018246027075,0.22,0.2589758681577398,75.66,89.06415538552089,1007.3082620399719,1006.4644150782383,1006.7526943413113,-0.8438469617336122,1551.948011674125,1557.4134073756227,1555.0849268899035,5.46539570149777,True,MG,0.5268950889565377,16,False
water,15.100000000000001,25.0,84.89999999999999,1.81,2.131919905771496,3.63,4.275618374558304,3.63,4.275618374558304,0.22,0.2591283863368669,75.60999999999999,89.05771495877502,1007.314905444666,1006.4713919979383,1006.7598304812875,-0.8435134467276423,1551.9799358213006,1557.4487725921913,1555.1175010666063,5.468836770890592,True,MG,0.5287282525172049,16,False
water,15.15,25.0,84.85,1.81,2.133176193282263,3.63,4.278137890394815,3.63,4.278137890394815,0.22,0.2592810842663524,75.55999999999999,89.05126694166175,1007.3215573248522,1006.4783753562659,1006.7669850087569,-0.8431819685862343,1552.011893790985,1557.48415316834,1555.1501253014703,5.472259377355131,True,MG,0.5305640814941474,16,False
water,15.200000000000001,25.0,84.8,1.81,2.134433962264151,3.63,4.28066037735849,3.63,4.28066037735849,0.22,0.25943396226415094,75.50999999999999,89.0448113207547,1007.3282176953924,1006.4853651712205,1006.774157903828,-0.8428525241719075,1552.0438856023109,1557.5195491098575,1555.1827998064798,5.475663507546617,True,MG,0.5324025762601008,16,False
water,15.25,25.0,84.75,1.81,2.135693215339233,3.63,4.283185840707965,3.63,4.283185840707965,0.22,0.25958702064896755,75.46,89.03834808259586,1007.3348865711778,1006.4923614607809,1006.7813491403444,-0.842525110396922,1552.0759112742749,1557.5549604235614,1555.2155247919857,5.47904914928655,True,MG,0.5342437372369191,16,False
water,15.3,25.0,84.7,1.81,2.1369539551357732,3.63,4.285714285714286,3.63,4.285714285714286,0.22,0.2597402597402597,75.41,89.0318772136954,1007.3415639671326,1006.4993642429102,1006.7885586858162,-0.8421997242224315,1552.1079708257357,1557.5903871172825,1555.248300466525,5.482416291546671,True,MG,0.5360875648950715,16,False
water,15.350000000000001,25.0,84.64999999999999,1.81,2.138216184288246,3.63,4.288245717660957,3.63,4.288245717660957,0.22,0.25989367985823986,75.35999999999999,89.02539870053158,1007.3482498982124,1006.5063735355548,1006.7957865013516,-0.8418763626576151,1552.1400642754124,1557.6258291998456,1555.2811270366367,5.485764924433145,True,MG,0.5379340597531496,16,False
water,15.4,25.0,84.6,1.81,2.1394799054373523,3.63,4.290780141843972,3.63,4.290780141843972,0.22,0.2600472813238771,75.30999999999999,89.01891252955082,1007.3549443794041,1006.5133893566452,1006.8030325416005,-0.8415550227587947,1552.1721916418828,1557.6612866810538,1555.3140047066697,5.489095039170909,True,MG,0.5397832223773782,16,False
water,15.450000000000001,25.0,84.55,1.81,2.1407451212300415,3.63,4.2933175635718515,3.63,4.2933175635718515,0.22,0.26020106445890007,75.25999999999999,89.01241868716735,1007.3616474257263,1006.5204117240978,1006.8102967547056,-0.8412357016285265,1552.2043529435857,1557.696759571674,1555.3469336785934,5.492406628088242,True,MG,0.5416350533811409,16,False
water,15.5,25.0,84.5,1.81,2.1420118343195265,3.63,4.295857988165681,3.63,4.295857988165681,0.22,0.2603550295857988,75.21,89.0059171597633,1007.3683590522306,1006.5274406558159,1006.8175790822637,-0.8409183964146797,1552.2365481988143,1557.7322478834158,1555.3799141517907,5.495699684601485,True,MG,0.5434895534245068,16,False
water,15.55,25.0,84.45,1.81,2.143280047365305,3.63,4.298401420959148,3.63,4.298401420959148,0.22,0.2605091770278271,75.16,88.99940793368857,1007.3750792739986,1006.5344761696891,1006.8248794592926,-0.8406031043094971,1552.268777425718,1557.7677516289182,1555.412946322857,5.498974203199992,True,MG,0.5453467232137698,16,False
water,15.600000000000001,25.0,84.39999999999999,1.81,2.144549763033176,3.63,4.300947867298579,3.63,4.300947867298579,0.22,0.26066350710900477,75.10999999999999,88.99289099526065,1007.3818081061454,1006.5415182835968,1006.8321978142127,-0.8402898225486392,1552.301040642303,1557.8032708217343,1555.446030385391,5.502230179431233,True,MG,0.5472065635009918,16,False
water,15.65,25.0,84.35,1.81,2.145820983995258,3.63,4.303497332542976,3.63,4.303497332542976,0.22,0.26081802015411976,75.05999999999999,88.98636633076467,1007.3885455638176,1006.5485670154075,1006.8395340688346,-0.8399785484102116,1552.3333378664256,1557.8388054763118,1555.4791665297769,5.505467609886102,True,MG,0.5490690750835552,16,False
water,15.700000000000001,25.0,84.3,1.81,2.147093712930012,3.63,4.3060498220640575,3.63,4.3060498220640575,0.22,0.2609727164887307,75.00999999999999,88.97983392645314,1007.3952916621934,1006.5556223829795,1006.8468881383567,-0.8396692792137799,1552.365669115797,1557.8743556079812,1555.5123549429688,5.508686492184418,True,MG,0.5509342588037252,16,False
water,15.75,25.0,84.25,1.81,2.148367952522255,3.63,4.308605341246291,3.63,4.308605341246291,0.22,0.26112759643916916,74.96,88.97329376854599,1007.4020464164844,1006.562684404165,1006.8542599313763,-0.8393620123193685,1552.398034407977,1557.9099212329377,1555.545595808264,5.5118868249606034,True,MG,0.5528021155482135,16,False
water,15.8,25.0,84.2,1.81,2.1496437054631827,3.63,4.311163895486936,3.63,4.311163895486936,0.22,0.26128266033254155,74.91,88.9667458432304,1007.4088098419338,1006.6345124545052,1006.8616493499068,-0.7742973874286687,1552.4304337603764,1557.9811247538676,1555.5788893050762,5.550690993491097,True,MG,0.5546726462477541,16,False
water,15.850000000000001,25.0,84.14999999999999,1.81,2.1509209744503863,3.63,4.313725490196079,3.63,4.313725490196079,0.22,0.26143790849673204,74.85999999999999,88.96019013666071,1007.4155819538169,1006.6415358948019,1006.8690562894078,-0.7740460590149899,1552.4628671902526,1558.0168256330326,1555.6122356087035,5.553958442780043,True,MG,0.556545851876685,16,False
water,15.9,25.0,84.1,1.81,2.152199762187872,3.63,4.316290130796671,3.63,4.316290130796671,0.22,0.2615933412604043,74.80999999999999,88.95362663495838,1007.4223627674419,1006.6485662159033,1006.8764806388261,-0.7737965515385284,1552.4953347147107,1558.0525410214036,1555.6456348900913,5.557206306692993,True,MG,0.558421733452533,16,False
water,15.950000000000001,25.0,84.05,1.81,2.1534800713860798,3.63,4.318857822724569,3.63,4.318857822724569,0.22,0.26174895895300415,74.75999999999999,88.94705532421177,1007.4291522981491,1006.6556034415197,1006.8839222806462,-0.7735488566293871,1552.5278363507014,1558.0882709434004,1555.6790873155937,5.560434592699121,True,MG,0.5603002920356115,16,False
water,16.0,25.0,84.0,1.81,2.1547619047619047,3.63,4.321428571428571,3.63,4.321428571428571,0.22,0.2619047619047619,74.71,88.94047619047618,1007.4359505613118,1006.6626475953007,1006.8913810909522,-0.7733029660110876,1552.5603721150194,1558.1240154243587,1555.7125930467287,5.563643309339378,True,MG,0.562181528728621,16,False
water,16.05,25.0,83.95,1.81,2.1560452650387134,3.63,4.324002382370458,3.63,4.324002382370458,0.22,0.26206075044669447,74.66,88.93388921977368,1007.4427575723353,1006.669698700836,1006.8988569395012,-0.7730588714992577,1552.5929420243021,1558.159774490512,1555.746152239931,5.566832466209995,True,MG,0.5640654446762565,16,False
water,16.1,25.0,83.89999999999999,1.81,2.157330154946365,3.63,4.326579261025031,3.63,4.326579261025031,0.22,0.2622169249106079,74.60999999999999,88.92729439809295,1007.4495733466589,1006.6767567816586,1006.906349689807,-0.7728165650003186,1552.6255460950272,1558.1955481689733,1555.7797650463021,5.570002073946171,True,MG,0.5659520410648222,16,False
water,16.150000000000002,25.0,83.85,1.81,2.1586165772212285,3.63,4.3291592128801435,3.63,4.3291592128801435,0.22,0.2623732856290996,74.55999999999999,88.92069171138938,1007.4563978997528,1006.6838218612427,1006.9138591992328,-0.7725760385101675,1552.6581843435147,1558.2313364877207,1555.8134316113599,5.573152144205964,True,MG,0.567841319121849,16,False
water,16.2,25.0,83.8,1.81,2.159904534606205,3.63,4.3317422434367545,3.63,4.3317422434367545,0.22,0.26252983293556087,74.50999999999999,88.91408114558472,1007.4632312471213,1006.6908939630084,1006.9213853190993,-0.7723372841128581,1552.690856785922,1558.2671394755764,1555.8471520747803,5.5762826896544,True,MG,0.569733280115727,16,False
water,16.25,25.0,83.75,1.81,2.1611940298507464,3.63,4.334328358208955,3.63,4.334328358208955,0.22,0.2626865671641791,74.46,88.90746268656716,1007.4700734043021,1006.6979731103228,1006.9289278948,-0.7721002939792797,1552.723563438244,1558.3029571621917,1555.8809265701411,5.579393723947754,True,MG,0.5716279253553345,16,False
water,16.3,25.0,83.7,1.81,2.162485065710872,3.63,4.336917562724015,3.63,4.336917562724015,0.22,0.2628434886499402,74.41,88.90083632019116,1007.476924386864,1006.7050593264981,1006.9364867659259,-0.7718650603658342,1552.7563043163111,1558.3387895780293,1555.9147552246627,5.582485261718034,True,MG,0.5735252561896766,16,False
water,16.35,25.0,83.64999999999999,1.81,2.1637776449491932,3.63,4.339509862522415,3.63,4.339509862522415,0.22,0.2630005977286312,74.35999999999999,88.89420203227733,1007.4837842104114,1006.7121526347983,1006.9440617664068,-0.7716315756131139,1552.789079435789,1558.3746367543467,1555.9486381589472,5.585557318557679,True,MG,0.5754252740075321,16,False
water,16.400000000000002,25.0,83.6,1.81,2.1650717703349285,3.63,4.342105263157895,3.63,4.342105263157895,0.22,0.26315789473684215,74.30999999999999,88.88755980861244,1007.4906528905791,1006.7192530584346,1006.9516527246535,-0.7713998321445769,1552.821888812176,1558.4104987231804,1555.982575486717,5.5886099110044265,True,MG,0.5773279802371021,16,False
water,16.45,25.0,83.55,1.81,2.166367444643926,3.63,4.344703770197487,3.63,4.344703770197487,0.22,0.2633153800119689,74.25999999999999,88.88090963494912,1007.4975304430383,1006.726360620573,1006.9592594637219,-0.771169822465223,1552.8547324608028,1558.4463755173292,1556.0165673145523,5.591643056526399,True,MG,0.5792333763456673,16,False
water,16.5,25.0,83.5,1.81,2.1676646706586826,3.63,4.347305389221557,3.63,4.347305389221557,0.22,0.2634730538922156,74.21,88.87425149700597,1007.5044168834905,1006.7334753443303,1006.9668818014734,-0.7709415391602724,1552.887610396829,1558.4822671703362,1556.0506137416255,5.594656773507362,True,MG,0.5811414638392499,16,False
water,16.55,25.0,83.45,1.81,2.168963451168364,3.63,4.349910125823847,3.63,4.349910125823847,0.22,0.2636309167165968,74.16,88.86758538046735,1007.5113122276715,1006.7405972527777,1006.9745195507563,-0.7707149748938403,1552.9205226352442,1558.5181737164764,1556.0847148594432,5.597651081232191,True,MG,0.5830522442622817,16,False
water,16.6,25.0,83.39999999999999,1.81,2.170263788968825,3.63,4.352517985611511,3.63,4.352517985611511,0.22,0.2637889688249401,74.10999999999999,88.8609112709832,1007.5182164913527,1006.7477263689451,1006.9821725195934,-0.770490122407618,1552.9534691908655,1558.554095190738,1556.1188707515807,5.600625999872517,True,MG,0.5849657191972755,16,False
water,16.650000000000002,25.0,83.35,1.81,2.1715656868626274,3.63,4.355128974205159,3.63,4.355128974205159,0.22,0.26394721055788845,74.05999999999999,88.85422915416916,1007.525129690336,1006.7548627158164,1006.9898405113711,-0.7702669745195524,1552.9864500783356,1558.5900316288082,1556.1530814934217,5.60358155047258,True,MG,0.5868818902645032,16,False
water,16.7,25.0,83.3,1.81,2.1728691476590636,3.63,4.357743097238895,3.63,4.357743097238895,0.22,0.26410564225690275,74.00999999999999,88.84753901560623,1007.5320518404587,1006.7620063163362,1006.9975233250486,-0.770045524122528,1553.0194653121207,1558.625983067056,1556.187347151897,5.606517754935243,True,MG,0.5888007591216824,16,False
water,16.75,25.0,83.25,1.81,2.174174174174174,3.63,4.36036036036036,3.63,4.36036036036036,0.22,0.26426426426426425,73.96,88.84084084084083,1007.538982957591,1006.769157193408,1007.0052207553664,-0.769825764183053,1553.0525149065115,1558.6619495425198,1556.2216677852302,5.609434636008228,True,MG,0.5907223274636617,16,False
water,16.8,25.0,83.2,1.81,2.175480769230769,3.63,4.362980769230769,3.63,4.362980769230769,0.22,0.2644230769230769,73.91,88.83413461538461,1007.5459230576371,1006.7763153698971,1007.0129325930671,-0.7696076877399461,1553.08559887562,1558.6979310928905,1556.256043442681,5.612332217270495,True,MG,0.5926465970221161,16,False
water,16.85,25.0,83.14999999999999,1.81,2.1767889356584487,3.63,4.365604329524955,3.63,4.365604329524955,0.22,0.26458208057727,73.85999999999999,88.82742032471435,1007.552872156535,1006.7834808686321,1007.0206586251215,-0.7693912879030279,1553.118717233377,1558.7339277564959,1556.2904741642915,5.61521052311886,True,MG,0.5945735695652457,16,False
water,16.900000000000002,25.0,83.1,1.81,2.1780986762936223,3.63,4.368231046931408,3.63,4.368231046931408,0.22,0.2647412755716005,73.80999999999999,88.82069795427196,1007.5598302702571,1006.7906537124053,1007.028398634962,-0.7691765578518139,1553.1518699935332,1558.769939572288,1556.3249599806397,5.6180695787547394,True,MG,0.5965032468974787,16,False
water,16.95,25.0,83.05,1.81,2.1794099939795304,3.63,4.370860927152318,3.63,4.370860927152318,0.22,0.26490066225165565,73.75999999999999,88.81396748946418,1007.5667974148092,1006.797833923975,1007.0361524027219,-0.7689634908342144,1553.1850571696552,1558.8059665798264,1556.3595009125954,5.620909410171117,True,MG,0.5984356308591817,16,False
water,17.0,25.0,83.0,1.81,2.180722891566265,3.63,4.373493975903615,3.63,4.373493975903615,0.22,0.26506024096385544,73.71,88.80722891566263,1007.5737736062312,1006.805021526066,1007.0439197054804,-0.7687520801652359,1553.2182787751258,1558.8420088192654,1556.3940969710793,5.623730044139667,True,MG,0.6003707233263719,16,False
water,17.05,25.0,82.95,1.81,2.1820373719107895,3.63,4.376130198915009,3.63,4.376130198915009,0.22,0.2652200120554551,73.66,88.80048221820374,1007.5807588605978,1006.8122165413721,1007.0517003175149,-0.7685423192256877,1553.251534823141,1558.878066331339,1556.4287481568292,5.6265315081980765,True,MG,0.6023085262104351,16,False
water,17.1,25.0,82.89999999999999,1.81,2.1833534378769603,3.63,4.378769601930037,3.63,4.378769601930037,0.22,0.2653799758745477,73.60999999999999,88.79372738238841,1007.5877531940163,1006.8194189925554,1007.0594940105517,-0.7683342014608946,1553.284825326711,1558.9141391573485,1556.4634544601734,5.629313830637519,True,MG,0.6042490414578504,16,False
water,17.150000000000002,25.0,82.85,1.81,2.184671092335546,3.63,4.3814121907060954,3.63,4.3814121907060954,0.22,0.2655401327700664,73.55999999999999,88.7869643934822,1007.5947566226313,1006.8266289022519,1007.0673005540319,-0.7681277203794125,1553.3181502986536,1558.9502273391438,1556.498215860804,5.632077040490322,True,MG,0.6061922710499136,16,False
water,17.2,25.0,82.8,1.81,2.185990338164251,3.63,4.384057971014493,3.63,4.384057971014493,0.22,0.26570048309178745,73.50999999999999,88.78019323671496,1007.601769162618,1006.8338462930662,1007.0751197153655,-0.7679228695517515,1553.3515097515985,1558.9863309191164,1556.5330323275682,5.634821167517805,True,MG,0.6081382170024742,16,False
water,17.25,25.0,82.75,1.81,2.187311178247734,3.63,4.386706948640484,3.63,4.386706948640484,0.22,0.26586102719033233,73.46,88.77341389728096,1007.6087908301892,1006.84107118758,1007.0829512602045,-0.7677196426091042,1553.3849036979825,1559.0224499401809,1556.5679038182573,5.637546242198279,True,MG,0.6100868813656672,16,False
water,17.3,25.0,82.7,1.81,2.18863361547763,3.63,4.389359129383313,3.63,4.389359129383313,0.22,0.2660217654171705,73.41,88.76662636033856,1007.6158216415901,1006.848303608348,1007.090794952705,-0.7675180332420792,1553.4183321500475,1559.0585844457628,1556.6028302794073,5.640252295715221,True,MG,0.6120382662236562,16,False
water,17.35,25.0,82.64999999999999,1.81,2.1899576527525713,3.63,4.392014519056262,3.63,4.392014519056262,0.22,0.2661826981246219,73.35999999999999,88.75983061101027,1007.6228616131018,1006.8555435779024,1007.0986505558,-0.7673180351994413,1553.4517951198409,1559.0947344797864,1556.6378116461121,5.642939359945636,True,MG,0.6139923736943784,16,False
water,17.400000000000002,25.0,82.6,1.81,2.1912832929782082,3.63,4.394673123486683,3.63,4.394673123486683,0.22,0.26634382566585957,73.30999999999999,88.75302663438256,1007.62991076104,1006.8627911187532,1007.1065178314676,-0.7671196422868591,1553.485292619213,1559.1309000866615,1556.6728478418406,5.645607467448537,True,MG,0.615949205929291,16,False
water,17.45,25.0,82.55,1.81,2.192610539067232,3.63,4.397334948516051,3.63,4.397334948516051,0.22,0.2665051483949122,73.25999999999999,88.74621441550575,1007.6369691017544,1006.8700462533888,1007.114396541002,-0.7669228483656594,1553.5188246598136,1559.1670813112673,1556.7079387782653,5.648256651453639,True,MG,0.6179087651131285,16,False
water,17.5,25.0,82.5,1.81,2.193939393939394,3.63,4.4,3.63,4.4,0.22,0.26666666666666666,73.21,88.73939393939393,1007.6440366516301,1006.8773090042786,1007.1222864452847,-0.766727647351587,1553.5523912530948,1559.203278198945,1556.7430843551062,5.650886945850191,True,MG,0.6198710534636568,16,False
water,17.55,25.0,82.45,1.81,2.195269860521528,3.63,4.402668283808368,3.63,4.402668283808368,0.22,0.2668283808368708,73.16,88.73256519102486,1007.6511134270871,1006.8845793938735,1007.1301873050533,-0.7665340332135746,1553.5859924103042,1559.2394907954802,1556.778284459978,5.653498385175969,True,MG,0.6218360732314357,16,False
water,17.6,25.0,82.39999999999999,1.81,2.196601941747573,3.63,4.4053398058252435,3.63,4.4053398058252435,0.22,0.26699029126213597,73.10999999999999,88.7257281553398,1007.6581994445799,1006.8918574446074,1007.1380988811699,-0.766341999972517,1553.6196281424882,1559.2757191470946,1556.813538968257,5.656091004606435,True,MG,0.6238038266995865,16,False
water,17.650000000000002,25.0,82.35,1.81,2.1979356405585917,3.63,4.408014571948998,3.63,4.408014571948998,0.22,0.2671523982999393,73.05999999999999,88.71888281724347,1007.6652947205988,1006.8991431788987,1007.146020934888,-0.7661515417000581,1553.6532984604844,1559.3119633004285,1556.8488477429528,5.65866483994404,True,MG,0.6257743161835545,16,False
water,17.7,25.0,82.3,1.81,2.199270959902795,3.63,4.4106925880923455,3.63,4.4106925880923455,0.22,0.267314702308627,73.00999999999999,88.71202916160388,1007.6723992716685,1006.9064366191511,1007.1539532281148,-0.7659626525173799,1553.6870033749267,1559.3482233025343,1556.8842106346015,5.6612199276076955,True,MG,0.627747544030891,16,False
water,17.75,25.0,82.25,1.81,2.2006079027355625,3.63,4.413373860182371,3.63,4.413373860182371,0.22,0.2674772036474164,72.96,88.70516717325226,1007.6795131143501,1006.9137377877561,1007.1618955236734,-0.7657753265940064,1553.7207428962386,1559.384499200861,1556.9196274811636,5.663756304622391,True,MG,0.6297235126210234,16,False
water,17.8,25.0,82.2,1.81,2.201946472019465,3.63,4.416058394160584,3.63,4.416058394160584,0.22,0.26763990267639903,72.91,88.69829683698296,1007.6866362652386,1006.9210467070919,1007.1698475855568,-0.7655895581466095,1553.7545170346327,1559.4207910432417,1556.9550981079417,5.666274008608964,True,MG,0.6317022243650394,16,False
water,17.85,25.0,82.14999999999999,1.81,2.203286670724285,3.63,4.418746195982958,3.63,4.418746195982958,0.22,0.2678027997565429,72.85999999999999,88.69141813755324,1007.6937687409651,1006.9283633995273,1007.1778091791831,-0.7654053414378295,1553.7883258001111,1559.457098877885,1556.9906223275116,5.6687730777740155,True,MG,0.6336836817054693,16,False
water,17.900000000000002,25.0,82.1,1.81,2.2046285018270404,3.63,4.421437271619976,3.63,4.421437271619976,0.22,0.2679658952496955,72.80999999999999,88.68453105968331,1007.7009105581965,1006.9356878874214,1007.185780071642,-0.7652226707751016,1553.8221692024601,1559.4934227533602,1557.0261999396653,5.671253550899965,True,MG,0.6356678871160749,16,False
water,17.95,25.0,82.05,1.81,2.205971968312005,3.63,4.424131627056673,3.63,4.424131627056673,0.22,0.2681291895185862,72.75999999999999,88.67763558805605,1007.7080617336338,1006.9430201931243,1007.1937600319354,-0.7650415405094918,1553.8560472512522,1559.5297627185876,1557.0618307313746,5.673715467335273,True,MG,0.6376548431016398,16,False
water,18.0,25.0,82.0,1.81,2.207317073170732,3.63,4.426829268292683,3.63,4.426829268292683,0.22,0.2682926829268293,72.71,88.67073170731706,1007.715222284016,1006.9503603389815,1007.2017488312183,-0.7648619450345432,1553.8899599558413,1559.566118822826,1557.0975144767635,5.676158866984791,True,MG,0.6396445521977658,16,False
water,18.05,25.0,81.95,1.81,2.2086638194020742,3.63,4.429530201342282,3.63,4.429530201342282,0.22,0.2684563758389262,72.66,88.66381940207444,1007.7223922261163,1006.9577083473312,1007.2097462430252,-0.7646838787851314,1553.9239073253623,1559.6024911156626,1557.1332509371039,5.678583790300243,True,MG,0.6416370169706707,16,False
water,18.1,25.0,81.89999999999999,1.81,2.21001221001221,3.63,4.4322344322344325,3.63,4.4322344322344325,0.22,0.26862026862026867,72.60999999999999,88.65689865689865,1007.729571576743,1006.9650642405066,1007.2177520434936,-0.7645073362363307,1553.9578893687299,1559.6388796470007,1557.1690398608227,5.6809902782708575,True,MG,0.64363224001699,16,False
water,18.150000000000002,25.0,81.85,1.81,2.211362248014661,3.63,4.434941967012828,3.63,4.434941967012828,0.22,0.26878436163714114,72.55999999999999,88.64996945632254,1007.7367603527414,1006.9724280408391,1007.2257660115845,-0.7643323119022881,1553.9919060946347,1559.6752844670489,1557.2048809835264,5.683378372414146,True,MG,0.6456302239635807,16,False
water,18.2,25.0,81.8,1.81,2.212713936430318,3.63,4.4376528117359415,3.63,4.4376528117359415,0.22,0.26894865525672373,72.50999999999999,88.64303178484107,1007.7439585709926,1006.9797997706576,1007.2337879292879,-0.7641588003351099,1554.0259575115447,1559.7117056263114,1557.240774028046,5.685748114766796,True,MG,0.6476309714673326,16,False
water,18.25,25.0,81.75,1.81,2.214067278287462,3.63,4.440366972477064,3.63,4.440366972477064,0.22,0.2691131498470948,72.46,88.63608562691131,1007.7511662484134,1006.9871794522896,1007.241817581826,-0.7639867961237584,1554.0600436277002,1559.748143175576,1557.2767187044942,5.688099547875703,True,MG,0.6496344852149769,16,False
water,18.3,25.0,81.7,1.81,2.215422276621787,3.63,4.443084455324358,3.63,4.443084455324358,0.22,0.2692778457772338,72.41,88.62913096695226,1007.7583834019572,1006.9945671080642,1007.2498547578467,-0.7638162938929576,1554.0941644511136,1559.7845971659026,1557.3127147103426,5.690432714789139,True,MG,0.651640767922903,16,False
water,18.35,25.0,81.64999999999999,1.81,2.216778934476424,3.63,4.445805266380894,3.63,4.445805266380894,0.22,0.2694427434170239,72.35999999999999,88.62216778934476,1007.765610048613,1007.0019627603109,1007.2578992496075,-0.7636472883021111,1554.1283199895674,1559.8210676486156,1557.348761730517,5.69274765904805,True,MG,0.6536498223369765,16,False
water,18.400000000000002,25.0,81.6,1.81,2.218137254901961,3.63,4.4485294117647065,3.63,4.4485294117647065,0.22,0.26960784313725494,72.30999999999999,88.61519607843137,1007.7728462054065,1006.9385908860207,1007.2659508531525,-0.8342553193857902,1554.1625102506134,1559.9476698369735,1557.38485943751,5.78515958636005,True,MG,0.6556616512323586,16,False
water,18.45,25.0,81.55,1.81,2.2194972409564686,3.63,4.451256897608829,3.63,4.451256897608829,0.22,0.269773145309626,72.25999999999999,88.60821581851624,1007.7800918893995,1006.9460530805533,1007.2740093684804,-0.8340388088461981,1554.1967352415672,1559.9843772157499,1557.4210074915068,5.787641974182525,True,MG,0.6576762574133318,16,False
water,18.5,25.0,81.5,1.81,2.2208588957055215,3.63,4.45398773006135,3.63,4.45398773006135,0.22,0.26993865030674846,72.21,88.60122699386503,1007.7873471176897,1006.9535228405998,1007.2820745997013,-0.8338242770899121,1554.230994969512,1560.021099817314,1557.457205540538,5.7901048478020405,True,MG,0.6596936437131271,16,False
water,18.55,25.0,81.45,1.81,2.2222222222222223,3.63,4.456721915285451,3.63,4.456721915285451,0.22,0.27010435850214853,72.16,88.59422958870472,1007.7946119074126,1006.9610001850158,1007.290146355189,-0.833611722396742,1554.2652894412913,1560.057837707419,1557.4934532206396,5.792548266127672,True,MG,0.6617138129937531,16,False
water,18.6,25.0,81.39999999999999,1.81,2.2235872235872236,3.63,4.45945945945946,3.63,4.45945945945946,0.22,0.2702702702702703,72.10999999999999,88.58722358722358,1007.8018862757394,1006.9684851327248,1007.298224447718,-0.8334011430145981,1554.2996186635103,1560.09459095207,1557.5297501560374,5.794972288559658,True,MG,0.6637367681458303,16,False
water,18.650000000000002,25.0,81.35,1.81,2.2249539028887524,3.63,4.46220036877689,3.63,4.46220036877689,0.22,0.2704363859864782,72.05999999999999,88.58020897357099,1007.8091702398782,1006.9759777027195,1007.306308694595,-0.8331925371586768,1554.3339826425315,1560.131359617509,1557.566095959345,5.797376974977321,True,MG,0.6657625120884255,16,False
water,18.7,25.0,81.3,1.81,2.2263222632226323,3.63,4.464944649446495,3.63,4.464944649446495,0.22,0.27060270602706027,72.00999999999999,88.57318573185731,1007.816463817073,1006.9834779140623,1007.3143989177796,-0.8329859030106548,1554.3683813844777,1560.168143770205,1557.6024902317852,5.799762385727188,True,MG,0.6677910477688923,16,False
water,18.75,25.0,81.25,1.81,2.227692307692308,3.63,4.467692307692308,3.63,4.467692307692308,0.22,0.27076923076923076,71.96,88.56615384615384,1007.8237670246062,1006.9909857858884,1007.3224949439974,-0.8327812387179004,1554.4028148952223,1560.2049434768335,1557.6389325634152,5.802128581611287,True,MG,0.6698223781627115,16,False
water,18.8,25.0,81.2,1.81,2.229064039408867,3.63,4.470443349753695,3.63,4.470443349753695,0.22,0.270935960591133,71.91,88.55911330049261,1007.8310798797955,1006.9985013374029,1007.330596604839,-0.8325785423926927,1554.4372831803948,1560.2417588042704,1557.6754225333852,5.804475623875592,True,MG,0.671856506273336,16,False
water,18.85,25.0,81.14999999999999,1.81,2.230437461491066,3.63,4.473197781885398,3.63,4.473197781885398,0.22,0.2711028958718423,71.85999999999999,88.55206407886628,1007.838402399998,1007.0060245878866,1007.3387037368559,-0.8323778121114573,1554.4717862453747,1560.2785898195734,1557.7119597101996,5.80680357419867,True,MG,0.6738934351320377,16,False
water,18.900000000000002,25.0,81.1,1.81,2.2318125770653516,3.63,4.475955610357584,3.63,4.475955610357584,0.22,0.2712700369913687,71.80999999999999,88.5450061652281,1007.8457346026046,1007.0135555566906,1007.3468161816385,-0.8321790459140119,1554.5063240952902,1560.3154365899707,1557.7485436520005,5.809112494680478,True,MG,0.675933167797757,16,False
water,18.95,25.0,81.05,1.81,2.233189389265885,3.63,4.478716841455892,3.63,4.478716841455892,0.22,0.2714373843306601,71.75999999999999,88.53793954349166,1007.8530765050454,1007.0210942632425,1007.3549337858939,-0.8319822418028264,1554.5408967350172,1560.3522991828486,1557.7851739068662,5.811402447831333,True,MG,0.6779757073569551,16,False
water,19.0,25.0,81.0,1.81,2.234567901234568,3.63,4.481481481481482,3.63,4.481481481481482,0.22,0.2716049382716049,71.71,88.53086419753085,1007.860428124787,1007.0286407270446,1007.3630564015073,-0.8317873977422975,1554.5755041691757,1560.3891776657367,1557.821850013123,5.813673496561051,True,MG,0.6800210569234708,16,False
water,19.05,25.0,80.95,1.81,2.235948116121062,3.63,4.484249536751081,3.63,4.484249536751081,0.22,0.2717726991970352,71.66,88.52378011117973,1007.8677894793342,1007.0361949676761,1007.3711838855988,-0.831594511658033,1554.6101464021294,1560.4260721062976,1557.8585714996723,5.815925704168242,True,MG,0.6820692196383745,16,False
water,19.1,25.0,80.89999999999999,1.81,2.2373300370828186,3.63,4.487021013597034,3.63,4.487021013597034,0.22,0.2719406674907293,71.60999999999999,88.51668726823237,1007.8751605862277,1007.0437570047916,1007.3793161005667,-0.8314035814361554,1554.6448234379834,1560.4629825723132,1557.8953378863325,5.8181591343297825,True,MG,0.684120198669833,16,False
water,19.150000000000002,25.0,80.85,1.81,2.238713667285096,3.63,4.4897959183673475,3.63,4.4897959183673475,0.22,0.272108843537415,71.55999999999999,88.5095856524428,1007.8825414630486,1007.051326858126,1007.3874529141282,-0.8312146049226136,1554.6795352805816,1560.499909131672,1557.9321486841932,5.82037385109042,True,MG,0.6861739972129657,16,False
water,19.200000000000003,25.0,80.8,1.81,2.24009900990099,3.63,4.492574257425742,3.63,4.492574257425742,0.22,0.2722772277227723,71.50999999999999,88.50247524752474,1007.8899321274115,1007.058904547489,1007.3955941993408,-0.8310275799225133,1554.7142819335036,1560.5368518523562,1557.9690033959791,5.82256991885257,True,MG,0.6882306184897167,16,False
water,19.25,25.0,80.75,1.81,2.2414860681114552,3.63,4.495356037151703,3.63,4.495356037151703,0.22,0.2724458204334365,71.46,88.4953560371517,1007.8973325969718,1007.0664900927723,1007.4037398346297,-0.8308425041994574,1554.749063400065,1560.5738108024314,1558.0059015164336,5.824747402366246,True,MG,0.6902900657487181,16,False
water,19.3,25.0,80.7,1.81,2.2428748451053284,3.63,4.4981412639405205,3.63,4.4981412639405205,0.22,0.2726146220570012,71.41,88.48822800495662,1007.9047428894205,1007.0740835139457,1007.4118897037929,-0.8306593754749043,1554.7838796833148,1560.610786050034,1558.0428425327061,5.826906366719149,True,MG,0.6923523422651592,16,False
water,19.35,25.0,80.64999999999999,1.81,2.2442653440793556,3.63,4.500929944203349,3.63,4.500929944203349,0.22,0.27278363298202113,71.35999999999999,88.48109113453191,1007.9121630224884,1007.0816848310608,1007.4200436960086,-0.8304781914275383,1554.8187307860305,1560.6477776633574,1558.0798259247522,5.829046877326913,True,MG,0.6944174513406625,16,False
water,19.400000000000002,25.0,80.6,1.81,2.2456575682382134,3.63,4.503722084367246,3.63,4.503722084367246,0.22,0.2729528535980149,71.30999999999999,88.47394540942928,1007.9195930139422,1007.0892940642495,1007.4282017058279,-0.8302989496926557,1554.8536167107195,1560.684785710643,1558.1168511657459,5.831168999923497,True,MG,0.6964853963031528,16,False
water,19.450000000000003,25.0,80.55,1.81,2.2470515207945376,3.63,4.506517690875233,3.63,4.506517690875233,0.22,0.27312228429546864,71.25999999999999,88.46679081315952,1007.9270328815886,1007.096911233727,1007.4363636331647,-0.8301216478615657,1554.888537459616,1560.7218102601676,1558.1539177224988,5.833272800551731,True,MG,0.6985561805067405,16,False
water,19.5,25.0,80.5,1.81,2.248447204968944,3.63,4.509316770186335,3.63,4.509316770186335,0.22,0.2732919254658385,71.21,88.45962732919253,1007.9344826432706,1007.1045363597896,1007.4445293832741,-0.8299462834810041,1554.9234930346784,1560.7588513802323,1558.1910250558883,5.835358345553996,True,MG,0.7006298073315953,16,False
water,19.55,25.0,80.45,1.81,2.249844623990056,3.63,4.512119328775637,3.63,4.512119328775637,0.22,0.27346177750155376,71.16,88.45245494095711,1007.9419423168703,1007.1121694628177,1007.4526988667284,-0.8297728540525654,1554.9584834375855,1560.7959091391485,1558.2281726212896,5.837425701563076,True,MG,0.7027062801838302,16,False
water,19.6,25.0,80.39999999999999,1.81,2.2512437810945274,3.63,4.514925373134329,3.63,4.514925373134329,0.22,0.27363184079601993,71.10999999999999,88.44527363184078,1007.9494119203076,1007.1198105632755,1007.4608719993826,-0.8296013570321471,1554.9935086697383,1560.8329836052314,1558.2653598690217,5.839474935493113,True,MG,0.7047856024953836,16,False
water,19.650000000000002,25.0,80.35,1.81,2.2526446795270694,3.63,4.517734909769757,3.63,4.517734909769757,0.22,0.2738021157436217,71.05999999999999,88.43808338518978,1007.9568914715409,1007.1274596817115,1007.4690487023352,-0.8294317898294103,1555.0285687322537,1560.8700748467845,1558.3025862447923,5.841506114530739,True,MG,0.7068677777239065,16,False
water,19.700000000000003,25.0,80.3,1.81,2.2540473225404734,3.63,4.52054794520548,3.63,4.52054794520548,0.22,0.273972602739726,71.00999999999999,88.43088418430884,1007.964380988567,1007.1351168387597,1007.4772289018838,-0.8292641498072557,1555.0636636259655,1560.907182932092,1558.3398511901512,5.843519306126334,True,MG,0.7088811149261747,14,False
water,19.75,25.0,80.25,1.81,2.2554517133956384,3.63,4.5233644859813085,3.63,4.5233644859813085,0.22,0.27414330218068533,70.96,88.42367601246104,1007.9718804894204,1007.1427820551392,1007.485412529472,-0.8290984342813139,1555.0987933514207,1560.944307929406,1558.3771541429464,5.84551457798541,True,MG,0.7091971000795836,14,False
water,19.8,25.0,80.2,1.81,2.256857855361596,3.63,4.526184538653366,3.63,4.526184538653366,0.22,0.2743142144638404,70.91,88.41645885286783,1007.9793899921765,1007.150455351657,1007.4935995216365,-0.8289346405194526,1555.1339579088765,1560.9814499069366,1558.4144945377832,5.84749199806015,True,MG,0.7095197551790446,14,False
water,19.85,25.0,80.14999999999999,1.81,2.2582657517155336,3.63,4.529008109794137,3.63,4.529008109794137,0.22,0.27448533998752345,70.85999999999999,88.40923268870866,1007.9869095149456,1007.1581367492043,1007.5017898199395,-0.8287727657412982,1555.1691572982998,1561.0186089328408,1558.4518718064874,5.849451634541072,True,MG,0.7098490958805169,14,False
water,19.900000000000002,25.0,80.1,1.81,2.2596754057428217,3.63,4.531835205992509,3.63,4.531835205992509,0.22,0.2746566791510612,70.80999999999999,88.4019975031211,1007.9944390758801,1007.1658262687623,1007.5099833709091,-0.8286128071177735,1555.2043915193633,1561.055785075212,1558.489285378567,5.851393555848816,True,MG,0.7101851377141684,14,False
water,19.950000000000003,25.0,80.05,1.81,2.2610868207370394,3.63,4.5346658338538415,3.63,4.5346658338538415,0.22,0.27482823235477827,70.75999999999999,88.39475327920049,1008.0019786931698,1007.1735239313991,1007.5181801259637,-0.8284547617706508,1555.239660571445,1561.0929784020711,1558.5267346816788,5.853317830626075,True,MG,0.7105278960835814,14,False
water,20.0,25.0,80.0,1.81,2.2625,3.63,4.5375,3.63,4.5375,0.22,0.275,70.71,88.38749999999999,1008.0095283850428,1007.1812297582707,1007.5263800413381,-0.8282986267721204,1555.2749644536243,1561.130188981354,1558.5642191420905,5.855224527729656,True,MG,0.7108773862649828,14,False
