Scenario,Loss_g_per_100g_initial,Temperature_C,Remaining_total_g,m_Al_g,Al_wt_pct,m_IPA_g,IPA_wt_pct,m_PG_g,PG_wt_pct,m_MG_g,MG_wt_pct,m_Water_g,Water_wt_pct,Rho_Physics_kg_m3,Rho_Hybrid_kg_m3,Rho_Hybrid_latest_MGfree_kg_m3,A_Rho_kg_m3,C_Physics_m_s,C_Hybrid_m_s,C_Hybrid_latest_MGfree_m_s,A_C_m_s,Outside_field_box,Outside_axes,Nearest_normalized_distance,Nearest_node,MG_density_extrapolated
equal,0.0,25.0,100.0,1.81,1.81,3.63,3.63,3.63,3.63,0.22,0.22,90.71,90.71,1005.6348872124258,1004.6202902787192,1005.0460755486722,-1.0145969337066858,1543.7664821842166,1547.8175448244672,1546.6545662987435,4.0510626402506364,False,,0.1447316496389915,16,False
equal,0.01815,25.0,99.98185,1.81,1.8103285746362965,3.6209249999999997,3.62158231719057,3.63,3.6306589646020755,0.22,0.22003993724861062,90.700925,90.71739020632246,1005.65163483103,1004.6349198693699,1005.0627737010861,-1.016714961660135,1543.6969576626186,1547.7485154944454,1546.5851597416654,4.051557831826763,False,,0.14228992689028078,16,False
equal,0.0363,25.0,99.96369999999999,1.81,1.8106572685884978,3.61185,3.613161577652688,3.63,3.6313181684951643,0.22,0.22007988899970693,90.69184999999999,90.72478309626395,1005.6683930472972,1004.6495988335007,1005.0794804951574,-1.0187942137964512,1543.6274149108528,1547.6795025499378,1546.515741437479,4.052087639084934,False,,0.13986393877472275,16,False
equal,0.05445,25.0,99.94555,1.81,1.8109860819216064,3.602775,3.604737779721058,3.63,3.6319776118096305,0.22,0.2201198552611897,90.68277499999999,90.73217867128652,1005.6851618720701,1004.6643281434202,1005.0961959363643,-1.020833728649872,1543.5578539934488,1547.6105049504167,1546.4463115352223,4.052650956967881,False,,0.13745458362942917,16,False
equal,0.0726,25.0,99.92739999999999,1.81,1.811315014700673,3.5937,3.5963109217291755,3.63,3.632637294675935,0.22,0.22015983604096576,90.6737,90.73957693285325,1005.701941316177,1004.6791087444931,1005.112920035234,-1.0228325716838886,1543.4882749746303,1547.541521542361,1546.3768701716692,4.053246567730644,False,,0.13506281803521894,16,False
equal,0.09075,25.0,99.90924999999999,1.81,1.8116440669907945,3.584625,3.5878810020093237,3.63,3.633297217224632,0.22,0.22019983134694737,90.66462499999999,90.7469778824283,1005.7187313904345,1004.6939415537465,1005.1296528076746,-1.024789836688037,1543.4186779183085,1547.4725510554847,1546.3074174703008,4.053873137176188,False,,0.13268966086892436,16,False
equal,0.1089,25.0,99.8911,1.81,1.8119732388571155,3.57555,3.579448018892574,3.63,3.6339573795863696,0.22,0.22023984118705273,90.65554999999999,90.75438152147687,1005.7355321056439,1004.7088274585162,1005.1463942752874,-1.026704647127623,1543.3490628880807,1547.4035920993035,1546.2379535402924,4.054529211222825,False,,0.130336197602085,16,False
equal,0.12705,25.0,99.87295,1.81,1.8123025303648284,3.566475,3.5710119707087853,3.63,3.6346177818918934,0.22,0.22027986556920567,90.646475,90.76178785146527,1005.7523434725914,1004.7237673151492,1005.1631444656688,-1.0285761574422556,1543.279429947225,1547.3346431600905,1546.1684784755107,4.055213212865498,False,,0.12800358484745067,16,False
equal,0.1452,25.0,99.8548,1.81,1.812631941579173,3.5574,3.5625728557866023,3.63,3.6352784242720433,0.22,0.22031990450133596,90.6374,90.76919687386085,1005.7691655020519,1004.6958939835772,1005.1799034126954,-1.073271518474688,1543.2097791586962,1546.9628168781292,1546.0989923535415,3.75303771943309,False,,0.12569305515057946,16,False
equal,0.16335,25.0,99.83664999999999,1.81,1.8129614725654357,3.5483249999999997,3.5541306724534527,3.63,3.6359393068577526,0.22,0.22035995799137895,90.62832499999999,90.77660859013197,1005.785998204783,1004.7125036471575,1005.1966711567757,-1.0734945576254922,1543.1401105851228,1546.9002006220562,1546.0294952347567,3.760090036933511,False,,0.12340592201848931,16,False
equal,0.1815,25.0,99.8185,1.81,1.813291123388951,3.53925,3.5456854190355496,3.63,3.6366004297800507,0.22,0.2204000260472758,90.61925,90.78402300174817,1005.8028415915279,1004.7291296973344,1005.2134477450832,-1.073711894193464,1543.0704242888016,1546.8375965815771,1545.959987161427,3.767172292775434,False,,0.12114358517053891,16,False
equal,0.19965,25.0,99.80035,1.81,1.8136208941151009,3.530175,3.5372370938578874,3.63,3.6372617931700644,0.22,0.22044010867697358,90.610175,90.79144011017998,1005.8196956730159,1004.745772216894,1005.2302332317522,-1.0739234561218172,1543.0007203316957,1546.7749951952285,1545.890468156901,3.7742748635328445,False,,0.11890753598822279,16,False
equal,0.2178,25.0,99.78219999999999,1.81,1.8139507848093148,3.5210999999999997,3.528785695244242,3.63,3.6379233971590126,0.22,0.220480205888425,90.60109999999999,90.798859916899,1005.8365604599597,1004.7624312868357,1005.2470276780349,-1.0741291731240492,1542.9309987754273,1546.7123861762796,1545.820938224853,3.781387400852286,False,,0.11669936313005591,16,False
equal,0.23595,25.0,99.76405,1.81,1.8142807955370697,3.512025,3.5203312215171696,3.63,3.6385852418782116,0.22,0.2205203176895886,90.59202499999999,90.80628242337795,1005.8534359630573,1004.7791069863127,1005.263831152419,-1.0743289767446396,1542.8612596812773,1546.6497585067123,1545.751397348622,3.788498825435008,False,,0.11452075826485651,16,False
equal,0.2541,25.0,99.74589999999999,1.81,1.8146109263638908,3.50295,3.5118736709980056,3.63,3.6392473274590738,0.22,0.2205604440884287,90.58295,90.81370763109061,1005.8703221929903,1004.7957993925718,1005.2806437306976,-1.0745228004185454,1542.7915031101782,1546.587100436619,1545.6818454906445,3.79559732644094,False,,0.11237352186118514,16,False
equal,0.27225,25.0,99.72774999999999,1.81,1.81494117735535,3.493875,3.503413042006864,3.63,3.6399096540331057,0.22,0.2206005850929155,90.57387499999999,90.82113554151177,1005.8872191604252,1004.8125085808957,1005.2974654959901,-1.0747105795294025,1542.721729122711,1546.5243994896825,1545.6122825919988,3.8026703669714843,False,,0.1102595689521057,16,False
equal,0.2904,25.0,99.7096,1.81,1.8152715485770679,3.4848,3.4949493328626335,3.63,3.64057222173191,0.22,0.22064074071102482,90.56479999999999,90.82856615611736,1005.9041268760105,1004.8292346245443,1005.314296538706,-1.074892251466333,1542.6519377791005,1546.4616424753817,1545.5427085720703,3.809704696281294,False,,0.10818093477247513,16,False
equal,0.30855,25.0,99.69144999999999,1.81,1.8156020400947124,3.4757249999999997,3.4864825418829803,3.63,3.6412350306871857,0.22,0.22068091095073852,90.555725,90.8359994763844,1005.9210453503799,1004.8459775947007,1005.331136956457,-1.0750677556792767,1542.582129139212,1546.39881550856,1545.4731233283487,3.8166863693479405,False,,0.10613978014038768,16,False
equal,0.3267,25.0,99.6733,1.81,1.8159326519739991,3.46665,3.478012667384345,3.63,3.6418980810307273,0.22,0.2207210958200441,90.54665,90.8434355037909,1005.9379745941496,1004.8627375604169,1005.3479868539051,-1.0752370337327426,1542.5123032625472,1546.3359040369378,1545.403526736368,3.8236007743905525,False,,0.1041383964250282,16,False
equal,0.34485,25.0,99.65514999999999,1.81,1.8162633842806921,3.457575,3.469539707681941,3.63,3.6425613728944266,0.22,0.22076129532693495,90.53757499999999,90.85087423981601,1005.9549146179186,1004.8795145885607,1005.3648463425499,-1.075400029357904,1542.4424602082372,1546.2728928771098,1545.3339186497878,3.8304326688726253,False,,0.10217920991003009,16,False
equal,0.363,25.0,99.637,1.81,1.8165942370806025,3.4485,3.461063661089756,3.63,3.643224906410269,0.22,0.22080150947941027,90.5285,90.85831568593994,1005.9718654322685,1004.8963087437655,1005.3817155404543,-1.0755566885029373,1542.3726000350403,1546.2097662594888,1545.2642989006424,3.8371662244485947,False,,0.1002647853247637,16,False
equal,0.38115,25.0,99.61885,1.81,1.8169252104395905,3.439425,3.452584525920546,3.63,3.6438886817103393,0.22,0.2208417382854751,90.519425,90.86575984364404,1005.9888270477633,1004.9131200883818,1005.3985945719069,-1.075706959381532,1542.3027228013384,1546.146507882556,1545.1946672997433,3.8437850812175727,False,,0.0983978282763884,16,False
equal,0.3993,25.0,99.60069999999999,1.81,1.8172563044235635,3.43035,3.44410230048584,3.63,3.644552698926815,0.22,0.2208819817531403,90.51034999999999,90.87320671441063,1006.0057994749501,1004.9299486824306,1005.4154835670221,-1.075850792519478,1542.2328285651297,1546.0831009766598,1545.125023637245,3.8502724115301605,False,,0.09658118627409384,16,False
equal,0.41745,25.0,99.58255,1.81,1.8175875190984767,3.421275,3.435616983095934,3.63,3.6452169581919724,0.22,0.22092223989042256,90.50127499999999,90.88065629972319,1006.0227827243566,1004.9487326724352,1005.4323826612757,-1.074050051921425,1542.1629173840274,1546.0082646658784,1545.055367683384,3.8453472818509846,False,,0.09481784799540584,16,False
equal,0.4356,25.0,99.56439999999999,1.81,1.8179188545303342,3.4122,3.427128572059893,3.63,3.645881459638184,0.22,0.2209625127053445,90.4922,90.88810860106625,1006.039776806493,1004.9655282938287,1005.4492919949868,-1.0742485126642973,1542.092989315252,1545.9447172175394,1544.9856991893712,3.8517279022873216,False,,0.0931109404052028,16,False
equal,0.45375,25.0,99.54624999999999,1.81,1.818250310785188,3.4031249999999997,3.4186370656855485,3.63,3.6465462033979184,0.22,0.22100280020593446,90.48312499999999,90.89556361992541,1006.0567817318502,1004.9845694907705,1005.4662117127398,-1.0722122410796389,1542.0230444156293,1545.9410731443731,1544.9160178884558,3.918028728743858,False,,0.09146372330447039,16,False
equal,0.4719,25.0,99.5281,1.81,1.8185818879291378,3.39405,3.410142462279497,3.63,3.6472111896037402,0.22,0.22104310240022668,90.47404999999999,90.9030213577874,1006.0737975109008,1005.0006265452713,1005.4831419627585,-1.073170965629497,1541.9530827415842,1546.0327794317743,1544.8463234971375,4.079696690190023,False,,0.08987958086210723,16,False
equal,0.49005,25.0,99.50994999999999,1.81,1.818913586028332,3.384975,3.4016447601471014,3.63,3.647876418388312,0.22,0.22108341929626135,90.464975,90.91048181613999,1006.0908241540974,1005.0174349893723,1005.5000828962309,-1.0733891647250475,1541.8831043491368,1545.9636890577701,1544.7766157165279,4.080584708633324,False,,0.08836200967453019,16,False
equal,0.5082,25.0,99.4918,1.81,1.819245405148967,3.3758999999999997,3.3931439575924847,3.63,3.6485418898843927,0.22,0.2211237509020844,90.4559,90.91794499647207,1006.1078616718746,1005.0342675894824,1005.5170346665982,-1.0735940823921934,1541.8131092938968,1545.8945284349134,1544.7068942338503,4.08141914101649,False,,0.08691460291052107,16,False
equal,0.52635,25.0,99.47364999999999,1.81,1.8195773453572883,3.366825,3.384640052918537,3.63,3.649207604224838,0.22,0.22116409722574773,90.44682499999999,90.92541090027359,1006.1249100746454,1005.051124398759,1005.5339974288055,-1.073785675886411,1541.743097631059,1545.825297361768,1544.6371587240626,4.082199730708865,False,,0.08554103013941955,16,False
equal,0.5445,25.0,99.4555,1.81,1.8199094067195882,3.35775,3.376133044426904,3.63,3.6498735615425995,0.22,0.22120445827530905,90.43775,90.93287952903559,1006.1419693728035,1005.0680054668906,1005.5509713385321,-1.0739639059129569,1541.6730694154014,1545.7559956558525,1544.567408851593,4.082926240451136,False,,0.08424501251616211,16,False
equal,0.56265,25.0,99.43735,1.81,1.820241589302209,3.348675,3.367622930417997,3.63,3.6505397619707285,0.22,0.22124483405883202,90.428675,90.94035088425024,1006.1590395767237,1005.0842541729846,1005.567956551404,-1.0747854037390872,1541.603024701274,1545.7025118170982,1544.497644272162,4.099487115824111,False,,0.08303029311287727,16,False
equal,0.5808,25.0,99.41919999999999,1.81,1.8205738931715405,3.3396,3.359109709190981,3.63,3.6512062056423713,0.22,0.22128522458438613,90.41959999999999,90.94782496741072,1006.1761206967574,1005.1012019799967,1005.5849532221908,-1.0749187167606136,1541.5329635426015,1545.632640938334,1544.4278646346936,4.099677395732482,False,,0.08190060234807679,16,False
equal,0.59895,25.0,99.40105,1.81,1.820906318394021,3.3305249999999997,3.3505933790437825,3.63,3.6518728926907715,0.22,0.22132562986004675,90.41052499999999,90.95530178001138,1006.1932127432374,1005.1181725717089,1005.6019615040141,-1.0750401715284565,1541.4628859928707,1545.5627367030154,1544.3580695832675,4.099850710144714,False,,0.08085961867225128,16,False
equal,0.6171,25.0,99.38289999999999,1.81,1.8212388650361382,3.32145,3.3420739382730833,3.63,3.6525398232492714,0.22,0.22136604989389524,90.40145,90.96278132354762,1006.2103157264744,1005.1351659827815,1005.6189815475551,-1.0751497436929691,1541.3927921051313,1545.4927991410523,1544.2882587591223,4.1000070359210214,False,,0.07991092491975509,16,False
equal,0.63525,25.0,99.36474999999999,1.81,1.8215715331644273,3.312375,3.3335513851743204,3.63,3.65320699745131,0.22,0.22140648469401877,90.39237499999999,90.97026359951593,1006.2274296567575,1005.1505003965234,1005.6360135002855,-1.0769292602341278,1541.32268193199,1545.4251974914175,1544.2184318026682,4.1025155594274745,False,,0.07905796102249518,16,False
equal,0.6534,25.0,99.3466,1.81,1.8219043228454723,3.3033,3.325025718041685,3.63,3.6538744154304226,0.22,0.22144693426851045,90.38329999999999,90.97774860941391,1006.2445545443546,1005.1654188338591,1005.6530575057236,-1.0791357104955408,1541.2525555256025,1545.356631239198,1544.148588355493,4.1040757135954085,False,,0.07830397408579859,16,False
equal,0.67155,25.0,99.32844999999999,1.81,1.822237234145907,3.294225,3.316496935168122,3.63,3.6545420773202446,0.22,0.22148739862546937,90.374225,90.98523635474025,1006.2616903995107,1005.1825450707072,1005.6701137027248,-1.079145328803478,1541.1824129376712,1545.2865289357396,1544.0787280623485,4.104115998068468,False,,0.07765196712900409,16,False
equal,0.6897,25.0,99.3103,1.81,1.8225702671324122,3.28515,3.3079650348453282,3.63,3.6552099832545064,0.22,0.2215278777730004,90.36515,90.99272683699475,1006.278837232449,1005.1996838414441,1005.6871822248166,-1.0791533910048696,1541.1122542194387,1545.2164039375423,1544.0088505730873,4.1041497181036695,False,,0.07710464806522586,16,False
equal,0.70785,25.0,99.29214999999999,1.81,1.822903421871719,3.276075,3.2994300153637526,3.63,3.6558781333670387,0.22,0.22156837171921448,90.35607499999999,91.00022005767826,1006.2959950533706,1005.2168351566047,1005.7042631995824,-1.0791598967658438,1541.0420794216827,1545.1462562896472,1543.9389555445348,4.104176867964557,False,,0.07666438070545,16,False
equal,0.726,25.0,99.274,1.81,1.823236698430606,3.267,3.290891875012591,3.63,3.656546527791768,0.22,0.22160888047222838,90.347,91.0077160182928,1006.3131638724514,1005.2339990264016,1005.7213567480989,-1.0791648460496919,1540.9718885947118,1545.0760860381213,1543.8690426422813,4.104197443409552,False,,0.0763331396909567,16,False
equal,0.74415,25.0,99.25585,1.81,1.823570096875902,3.2579249999999997,3.2823506120797914,3.63,3.657215166662721,0.22,0.2216494040401649,90.337925,91.01521472034142,1006.3303436998465,1005.2510359003361,1005.7384629844415,-1.0793077995104334,1540.901681788359,1545.0049160593574,1543.7991115423697,4.10323427099835,False,,0.07611247125899848,16,False
equal,0.7623,25.0,99.23769999999999,1.81,1.8239036172744836,3.24885,3.273806224852047,3.63,3.6578840501140197,0.22,0.2216899424311527,90.32884999999999,91.02271616532829,1006.347534545686,1005.2682255373561,1005.7555820152492,-1.0793090083298722,1540.8314590519772,1544.9347035822848,1543.7291619328719,4.103244530307518,False,,0.0760034616131873,16,False
equal,0.78045,25.0,99.21955,1.81,1.824237259693276,3.239775,3.2652587116147975,3.63,3.6585531782798855,0.22,0.2217304956533264,90.31977499999999,91.03022035475871,1006.3647364200763,1005.2854273476948,1005.7727139393606,-1.0793090723814243,1540.7612204344316,1544.8644658075084,1543.6591935153335,4.103245373076805,False,,0.07600671439909167,16,False
equal,0.7986,25.0,99.20139999999999,1.81,1.8245710241992554,3.2306999999999997,3.2567080706522287,3.63,3.6592225512946395,0.22,0.22177106371482663,90.3107,91.03772729013906,1006.3819493330999,1005.3026413418459,1005.7898588475242,-1.0793079912540202,1540.6909659840992,1544.7942027827612,1543.589206006087,4.103236798662115,False,,0.07612233838993267,16,False
equal,0.81675,25.0,99.18324999999999,1.81,1.8249049108594448,3.221625,3.24815430024727,3.63,3.6598921692926987,0.22,0.2218116466237999,90.30162499999999,91.04523697297678,1006.3991732948139,1005.3173915933169,1005.8070168221751,-1.0817817014970255,1540.6206957488569,1544.7276073479154,1543.519199137406,4.106911599058523,False,,0.07634994599555048,16,False
equal,0.8349,25.0,99.1651,1.81,1.825238919740917,3.21255,3.239597398681593,3.63,3.6605620324085795,0.22,0.22185224438839876,90.29254999999999,91.05274940478051,1006.4164083152511,1005.3346088873459,1005.8241879372908,-1.0817994279052086,1540.5504097760809,1544.6573254211032,1543.449172658519,4.106915645022381,False,,0.0766886626614054,16,False
equal,0.85305,25.0,99.14694999999999,1.81,1.8255730509107948,3.203475,3.2310373642356125,3.63,3.6612321407768977,0.22,0.22189285701678169,90.283475,91.06026458705992,1006.433654404419,1005.3518312526699,1005.8413722583138,-1.0818231517491417,1540.4801081126388,1544.5870290806215,1543.379126336454,4.1069209679826715,False,,0.0771371466722787,16,False
equal,0.8712,25.0,99.1288,1.81,1.8259073044362486,3.1944,3.222474195188482,3.63,3.661902494532366,0.22,0.2219334845171131,90.2744,91.0677825213258,1006.450911572299,1005.3690587037297,1005.8585698421449,-1.081852868569339,1540.4097908048852,1544.5167183745643,1543.3090599567304,4.106927569679189,False,,0.07769361836729412,16,False
equal,0.88935,25.0,99.11064999999999,1.81,1.8262416803844996,3.1853249999999997,3.2139078898180973,3.63,3.662573093809798,0.22,0.2219741268975635,90.26532499999999,91.07530320909004,1006.468179828848,1005.3862912567272,1005.8757807372053,-1.0818885721207507,1540.3394578986552,1544.4463933501736,1543.238973323889,4.10693545151854,False,,0.078355897352496,16,False
equal,0.9075,25.0,99.0925,1.81,1.826576178822817,3.17625,3.2053384464010897,3.63,3.6632439387441025,0.22,0.22201478416630926,90.25625,91.08282665186567,1006.4854591839946,1005.4035289296176,1005.8930049835567,-1.0819302543771383,1540.2691094392578,1544.376054053831,1543.1688662618647,4.1069446145732185,False,,0.07912144599619074,16,False
equal,0.92565,25.0,99.07435,1.81,1.8269107998185201,3.167175,3.1967658632128293,3.63,3.663915029470292,0.22,0.22205545633153284,90.247175,91.09035285116684,1006.5027496476429,1005.4207717421061,1005.9102426130854,-1.081977905536775,1540.1987454714724,1544.3057005310534,1543.0987386142076,4.106955059580913,False,,0.07998741732695205,16,False
equal,0.9438,25.0,99.05619999999999,1.81,1.8272455434389772,3.1581,3.188190138527422,3.63,3.6645863661234737,0.22,0.22209614340142264,90.23809999999999,91.0978818085087,1006.520051229668,1005.4380197156385,1005.927493649735,-1.0820315140294596,1540.1283660395404,1544.2353328264844,1543.0285902441562,4.106966786944023,False,,0.08095070542496739,16,False
equal,0.96195,25.0,99.03805,1.81,1.8275804097516055,3.149025,3.179611270617707,3.63,3.6652579488388555,0.22,0.22213684538417305,90.229025,91.10541352540766,1006.5373639399191,1005.4552728733943,1005.9447581097917,-1.0820910665248342,1540.0579711871621,1544.1649509838915,1542.9584210345747,4.106979796729389,False,,0.0820079964904298,16,False
equal,0.9801,25.0,99.01989999999999,1.81,1.827915398823873,3.13995,3.1710292577552597,3.63,3.665929777751745,0.22,0.22217756228798455,90.21995,91.11294800338113,1006.5546877882176,1005.4725312402757,1005.9620360022086,-1.0821565479419974,1539.9875609574876,1544.0945550461558,1542.8882308877535,4.106994088668254,False,,0.08315581896375442,16,False
equal,0.99825,25.0,99.00174999999999,1.81,1.8282505107232956,3.130875,3.162444098210386,3.63,3.6666018529975486,0.22,0.22221829412106356,90.21087499999999,91.1204852439477,1006.5720227843568,1005.4897948428965,1005.9793273289682,-1.0822279414603952,1539.917135393113,1544.0241450552694,1542.8180197250956,4.1070096621564245,False,,0.08439059133157106,16,False
equal,1.0164,25.0,98.9836,1.81,1.8285857455174392,3.1218,3.153855790252123,3.63,3.6672741747117708,0.22,0.22225904089162246,90.20179999999999,91.12802524862704,1006.5893689381012,1005.5070637095693,1005.9966320854744,-1.0823052285319774,1539.8466945360747,1543.9537210523292,1542.7477874866895,4.107026516254665,False,,0.08570866654860453,16,False
equal,1.0345499999999999,25.0,98.96544999999999,1.81,1.8289211032739205,3.112725,3.14526433214824,3.63,3.667946743030017,0.22,0.22229980260787985,90.192725,91.13556801893995,1006.6067262591876,1005.5243378702929,1006.0139502609709,-1.0823883888946018,1539.7762384278399,1543.883283077529,1542.6775341307803,4.107044649689302,False,,0.08710637231028225,16,False
equal,1.0527,25.0,98.9473,1.81,1.8292565840604038,3.10365,3.1366697221652338,3.63,3.6686195580879923,0.22,0.22234057927806014,90.18365,91.14311355640831,1006.6240947573222,1005.5416173567355,1006.0312818389741,-1.0824774005866697,1539.7057671093053,1543.8128311701582,1542.607259633161,4.107064060853039,False,,0.08858004670097937,16,False
equal,1.07085,25.0,98.92914999999999,1.81,1.8295921879446049,3.094575,3.128071958568329,3.63,3.6692926200215004,0.22,0.22238137091039398,90.17457499999999,91.15066186255517,1006.6414744421828,1005.5561960876398,1006.0486267977249,-1.0852783545429456,1539.6352806207865,1543.7959752143609,1542.5369639864775,4.160694593574259,False,,0.09012606900147772,16,False
equal,1.089,25.0,98.911,1.81,1.8299279149942878,3.0854999999999997,3.1194710396214775,3.63,3.6699659289664446,0.22,0.22242217751311785,90.1655,91.15821293890467,1006.6588653234184,1005.5733926620609,1006.0659851106442,-1.0854726613575052,1539.5647790020157,1543.7272270616295,1542.466647199479,4.162448059613677,False,,0.09174088565635487,16,False
equal,1.1071499999999999,25.0,98.89285,1.81,1.8302637652772673,3.076425,3.1108669635873576,3.63,3.670639485058829,0.22,0.22246299909447448,90.156425,91.16576678698208,1006.6762674106458,1005.5905894518073,1006.0833567467891,-1.0856779588384304,1539.4942622921308,1543.6585534377496,1542.3963092962056,4.164291145618763,False,,0.0934210315733313,16,False
equal,1.1253,25.0,98.87469999999999,1.81,1.8305997388614077,3.06735,3.1022597287273688,3.63,3.6713132884347566,0.22,0.22250383566271253,90.14734999999999,91.17332340831375,1006.6936807134518,1005.607786543795,1006.1007416713124,-1.0858941696568545,1539.4237305296726,1543.5899522207924,1542.3259503151407,4.1662216911196985,False,,0.09516314705251859,16,False
equal,1.14345,25.0,98.85655,1.81,1.8309358358146224,3.058275,3.0936493333016375,3.63,3.6719873392304305,0.22,0.2225446872260867,90.138275,91.18088280442721,1006.7111052413933,1005.6249840293965,1006.1181398459127,-1.0861212119967714,1539.3531837525773,1543.5214212045366,1542.2555703083297,4.168237451959318,False,,0.09696399072771325,16,False
equal,1.1616,25.0,98.8384,1.81,1.8312720562048759,3.0492,3.08503577556901,3.63,3.6726616375821544,0.22,0.22258555379285785,90.1292,91.18844497685112,1006.7285410039948,1005.6421820043552,1006.1355512292731,-1.0863589996395897,1539.2826219981696,1543.4529581049192,1542.1851693404737,4.170336106749465,False,,0.09882044895012523,16,False
equal,1.1797499999999999,25.0,98.82024999999999,1.81,1.8316084001001822,3.0401249999999997,3.076419053787053,3.63,3.6733361836263323,0.22,0.22262643537129287,90.12012499999999,91.19600992711514,1006.7459880107494,1005.6593805686965,1006.1529757774904,-1.086607442052945,1539.2120453031566,1543.3845605665879,1542.1147474880147,4.172515263431304,False,,0.10072954206381109,16,False
equal,1.1979,25.0,98.8021,1.81,1.8319448675686043,3.03105,3.0677991662120547,3.63,3.6740109774994663,0.22,0.22266733196966462,90.11104999999999,91.20357765675021,1006.7634462711193,1005.6765798266357,1006.170413444486,-1.0868664444835994,1539.1414537036208,1543.3162261695277,1542.0443048382122,4.174772465906902,False,,0.10268842801833916,16,False
equal,1.21605,25.0,98.78394999999999,1.81,1.8322814586782572,3.021975,3.0591761110990197,3.63,3.674686019338162,0.22,0.22270824359625224,90.101975,91.21114816728831,1006.7809157945313,1005.693779886477,1006.1878641823952,-1.0871359080542498,1539.0708472350127,1543.2479524357227,1541.9738414882265,4.1771052007100815,False,,0.10469440374406523,16,False
equal,1.2342,25.0,98.7658,1.81,1.8326181734973037,3.0129,3.0505498867016723,3.63,3.675361309279123,0.22,0.2227491702593408,90.0929,91.21872146026257,1006.7983965903824,1005.7109808605182,1006.205327941945,-1.087415729864066,1539.0002259321466,1543.1797368358318,1541.9033575442115,4.179510903685323,False,,0.10674490468424948,16,False
equal,1.2523499999999999,25.0,98.74765,1.81,1.8329550120939588,3.003825,3.041920491272451,3.63,3.676036847459155,0.22,0.2227901119672215,90.08382499999999,91.22629753720722,1006.8158886680347,1005.728182864942,1006.2228046728009,-1.0877058030927598,1538.9295898291905,1543.1115767958352,1541.8328531204213,4.181986966644577,False,,0.10883750284059036,16,False
equal,1.2705,25.0,98.7295,1.81,1.833291974536486,2.99475,3.0332879230625087,3.63,3.676712634015163,0.22,0.22283106872819167,90.07475,91.23387639965763,1006.8333920368167,1005.7453860197087,1006.2402943238949,-1.0880060171079966,1538.8589389596618,1543.0434697036349,1541.7623283383425,4.184530743973054,False,,0.110969903648055,16,False
equal,1.28865,25.0,98.71135,1.81,1.8336290608932002,2.9856749999999996,3.0246521803217155,3.63,3.677388669084153,0.22,0.22287204055055473,90.065675,91.24145804915037,1006.8509067060231,1005.7625904484472,1006.257796843732,-1.0883162575759484,1538.788273356418,1542.9754129155745,1541.6917833258474,4.187139559156502,False,,0.11313994195380266,16,False
equal,1.3068,25.0,98.69319999999999,1.81,1.833966271232466,2.9766,3.0160132612986508,3.63,3.678064952803233,0.22,0.22291302744262018,90.05659999999999,91.24904248722302,1006.8684326849149,1005.7797962783401,1006.2753121806693,-1.0886364065747836,1538.7175930516514,1542.9074037628554,1541.6212182163836,4.1898107112039655,False,,0.11534557733533764,16,False
equal,1.3249499999999999,25.0,98.67505,1.81,1.834303605622698,2.967525,3.007371164240606,3.63,3.67874148530961,0.22,0.22295402941270362,90.047525,91.25662971541438,1006.8859699827163,1005.7970036400054,1006.2928402831716,-1.088966342710888,1538.6468980768836,1542.8394395578255,1541.5506331481927,4.192541480941779,False,,0.11758488895601049,16,False
equal,1.3431,25.0,98.6569,1.81,1.8346410641323618,2.95845,2.998725887393584,3.63,3.6794182667405932,0.22,0.22299504646912685,90.03845,91.26421973526433,1006.9035186086174,1005.8142126673798,1006.3103811000461,-1.0893059412376094,1538.5761884629537,1542.77151760011,1541.4800282635626,4.195329137156235,False,,0.11985607012233462,16,False
equal,1.36125,25.0,98.63874999999999,1.81,1.8349786468299731,2.949375,2.990077429002294,3.63,3.6800952972335925,0.22,0.22303607862021774,90.02937499999999,91.27181254831392,1006.9210785717726,1005.8314234975962,1006.3279345806523,-1.0896550741763078,1538.5054642400144,1542.7036351825786,1541.4094037081215,4.1981709425643,False,,0.12215742267760918,16,False
equal,1.3794,25.0,98.6206,1.81,1.835316353784098,2.9402999999999997,2.981425787310156,3.63,3.680772576926119,0.22,0.22307712587431025,90.02029999999999,91.2794081561053,1006.9386498812995,1005.84863627086,1006.345500675088,-1.0900136104395106,1538.4347254375252,1542.635789597119,1541.3387596301698,4.201064159593604,False,,0.12448735134011653,16,False
equal,1.3975499999999998,25.0,98.60244999999999,1.81,1.835654185063353,2.931225,2.9727709605592967,3.63,3.6814501059557854,0.22,0.22311818823974458,90.011225,91.28700656018182,1006.9562325462801,1005.8658511303242,1006.3630793343567,-1.0903814159559417,1538.3639720842425,1542.5679781401975,1541.2680961800475,4.204006055954946,False,,0.1268443580715726,16,False
equal,1.4157,25.0,98.5843,1.81,1.8359921407364053,2.92215,2.9641129469905447,3.63,3.6821278844603045,0.22,0.22315926572486694,90.00215,91.29460776208788,1006.9738265757575,1005.8830682219602,1006.3806705105094,-1.0907583537972292,1538.293204208215,1542.5001981182074,1541.1974135095465,4.2069939099925024,False,,0.129227036542301,16,False
equal,1.43385,25.0,98.56615,1.81,1.836330220871973,2.913075,2.955451744843438,3.63,3.682805912577493,0.22,0.22320035833802987,89.99307499999999,91.30221176336906,1006.9914319787397,1005.9002876944336,1006.398274156775,-1.0911442843060613,1538.2224218367735,1542.4324468525724,1541.126711771359,4.210025015798858,False,,0.131634066743469,16,False
equal,1.452,25.0,98.548,1.81,1.8366684255388237,2.904,2.946787352356212,3.63,3.6834841904452653,0.22,0.22324146608759182,89.984,91.3098185655721,1007.0090487641943,1005.9175096989687,1006.415890227661,-1.0915390652255865,1538.1516249965252,1542.3647216846093,1541.0559911185665,4.2130966880840415,False,,0.13406420978336023,16,False
equal,1.4701499999999998,25.0,98.52985,1.81,1.8370067548057771,2.8949249999999997,2.9381197677658086,3.63,3.6841627182016414,0.22,0.22328258898191766,89.974925,91.31742817024487,1007.0266769410518,1005.9347343892221,1006.4335186790473,-1.0919425518298433,1538.080813713347,1542.2970199801366,1540.9852517041688,4.216206266789564,False,,0.13651630289365407,16,False
equal,1.4883,25.0,98.51169999999999,1.81,1.837345208741703,2.88585,2.9294489893078692,3.63,3.6848414959847413,0.22,0.22332372702937825,89.96584999999999,91.32504057893631,1007.044316518205,1005.9519619211501,1006.451159468259,-1.092354597055009,1538.0099880123735,1542.229339133814,1540.9144936806458,4.219351121440388,False,,0.1389892546628061,16,False
equal,1.50645,25.0,98.49355,1.81,1.8376837874155212,2.876775,2.9207750152167327,3.63,3.6855205239327855,0.22,0.22336488023835063,89.956775,91.33265579319661,1007.0619675045043,1005.969192452873,1006.4688125541203,-1.0927750516312567,1537.939147917995,1542.1616765732244,1540.843717199563,4.222528655229556,False,,0.14148204050646176,16,False
equal,1.5246,25.0,98.4754,1.81,1.8380224908962037,2.8677,2.9120978437254386,3.63,3.686199802184099,0.22,0.22340604861721813,89.9477,91.34027381457705,1007.0796299087639,1005.9864261445489,1006.4864778970061,-1.0932037642150225,1537.8682934538444,1542.0940297626764,1540.7729224112043,4.225736308831936,False,,0.14399369837920725,16,False
equal,1.5427499999999998,25.0,98.45724999999999,1.81,1.8383613192527724,2.858625,2.903417473065722,3.63,3.686879330877107,0.22,0.22344723217437013,89.93862499999999,91.34789464463003,1007.0973037397553,1006.0036631582337,1006.5041554588677,-1.0936405815214718,1537.7974246427943,1542.0263962067395,1540.7021094642464,4.228971563945212,False,,0.1465233247275581,16,False
equal,1.5609,25.0,98.4391,1.81,1.8387002725543002,2.84955,2.894733901468014,3.63,3.6875591101503367,0.22,0.22348843091820222,89.92954999999999,91.35551828490915,1007.1149890062103,1006.0209036577534,1006.5218452032565,-1.094085348456972,1537.726541506944,1541.9587734535016,1540.6312785054572,4.232231946557776,False,,0.14907007068071496,16,False
equal,1.57905,25.0,98.42094999999999,1.81,1.8390393508699114,2.8404749999999996,2.8860471271614427,3.63,3.6882391401424193,0.22,0.22352964485711632,89.920475,91.3631447369691,1007.1326857168187,1006.0381478085674,1006.5395470953337,-1.0945379082513738,1537.655644067615,1541.8911590975597,1540.5604296794315,4.235515029944698,False,,0.1516331384730987,16,False
equal,1.5972,25.0,98.4028,1.81,1.839378554268781,2.8314,2.8773571483738265,3.63,3.6889194209920855,0.22,0.22357087399952033,89.9114,91.37077400236578,1007.1503938802302,1006.0553957776403,1006.5572611018725,-1.094998102589917,1537.584732345342,1541.8235507827362,1540.4895631283525,4.238818437394238,False,,0.15421177809084197,16,False
equal,1.6153499999999998,25.0,98.38465,1.81,1.8397178828201353,2.822325,2.8686639633316786,3.63,3.6895999528381718,0.22,0.22361211835382858,89.90232499999999,91.37840608265617,1007.1681135050512,1006.0672259116161,1006.5749871912502,-1.10088759343517,1537.513806359864,1541.8563118305665,1540.4186789917787,4.342505470702398,False,,0.15680528413312714,16,False
equal,1.6335,25.0,98.3665,1.81,1.8400573365932507,2.81325,2.8599675702602,3.63,3.6902807358196132,0.22,0.2236533779284614,89.89325,91.38604097939846,1007.1858445998454,1006.0843122463784,1006.5927253334336,-1.1015323534669619,1537.4428661301165,1541.789845549235,1540.3477774064597,4.346979419118432,False,,0.15941299287843502,16,False
equal,1.65165,25.0,98.34835,1.81,1.8403969156574564,2.804175,2.851267967383286,3.63,3.690961770075451,0.22,0.22369465273184552,89.884175,91.39367869415196,1007.2035871731338,1006.1013999807959,1006.6104754999604,-1.1021871923378717,1537.3719116742247,1541.723333698101,1540.2768585061754,4.351422023876253,False,,0.16203427954526559,16,False
equal,1.6698,25.0,98.33019999999999,1.81,1.8407366200821316,2.7950999999999997,2.842565152923517,3.63,3.6916430557448274,0.22,0.2237359427724138,89.87509999999999,91.4013192284771,1007.2213412333946,1006.1184893293087,1006.6282376639135,-1.1028519040858789,1537.3009430094899,1541.6567736949223,1540.2059224215905,4.355830685432492,False,,0.16466855573669098,16,False
equal,1.6879499999999998,25.0,98.31205,1.81,1.8410764499367067,2.786025,2.8338591251021623,3.63,3.6923245929669863,0.22,0.22377724805860522,89.866025,91.40896258393553,1007.2391067890599,1006.1355805078568,1006.6460117998876,-1.1035262812029727,1537.2299601523882,1541.5901631563547,1540.1349692801427,4.360203003966419,False,,0.16731526705808286,16,False
equal,1.7061,25.0,98.2939,1.81,1.841416405290664,2.77695,2.8251498821391765,3.63,3.693006381881277,0.22,0.22381856859886526,89.85695,91.41660876209002,1007.2568838485195,1006.1526737337334,1006.6637978839594,-1.1042101147860963,1537.1589631185568,1541.5234998911965,1540.0639992059355,4.36453677263963,True,IPA,0.16997389089751788,16,False
equal,1.72425,25.0,98.27574999999999,1.81,1.8417564862135372,2.767875,2.8164374222532014,3.63,3.693688422627149,0.22,0.2238599044016454,89.84787499999999,91.42425776450446,1007.2746724201163,1006.1697692254293,1006.6815958936463,-1.1049031946869894,1537.0879519227874,1541.4567818933824,1539.9930123196586,4.36882997059498,True,IPA,0.1726439343586334,16,False
equal,1.7424,25.0,98.2576,1.81,1.84209669277491,2.7588,2.807721743661559,3.63,3.6943707153441565,0.22,0.22390125547540343,89.83879999999999,91.43190959274396,1007.2924725121482,1006.1868672024874,1006.6994058078681,-1.105605309660744,1537.0169265790155,1541.3900073347752,1539.9220087385172,4.373080755759638,True,IPA,0.175324932336064,16,False
equal,1.7605499999999998,25.0,98.23944999999999,1.81,1.8424370250444198,2.7497249999999998,2.7990028445802575,3.63,3.695053260171958,0.22,0.2239426218286035,89.829725,91.43956424837477,1007.3102841328677,1006.2039678853547,1006.7172276069049,-1.1063162475129196,1536.945887100315,1541.3231745578269,1539.8509885761828,4.377287457511709,True,IPA,0.17801644572399808,16,False
equal,1.7787,25.0,98.2213,1.81,1.842777483091753,2.74065,2.7902807232239852,3.63,3.6957360572503113,0.22,0.22398400346971584,89.82065,91.44722173296424,1007.3281072904794,1006.2210714952344,1006.7350612723513,-1.10703579524504,1536.8748334988861,1541.2562820681505,1539.7799519427497,4.381448569264463,True,IPA,0.18071805974885632,16,False
equal,1.79685,25.0,98.20315,1.81,1.8431180669866498,2.731575,2.781555377806109,3.63,3.696419106719082,0.22,0.2240254004072171,89.81157499999999,91.45488204808095,1007.345941993141,1006.2381782539427,1006.7529067870731,-1.1077637391983235,1536.8037657860477,1541.1893285270646,1539.7088989447097,4.3855627410169555,True,IPA,0.1834293824175575,16,False
equal,1.815,25.0,98.185,1.81,1.8434587767989,2.7225,2.772826806538677,3.63,3.697102408718236,0.22,0.22406681264959005,89.8025,91.4625451952946,1007.3637882489639,1006.2552883837684,1006.7707641351615,-1.108499865195495,1536.7326839722277,1541.1223127441426,1539.6378296849334,4.389628771914829,True,IPA,0.18615004307332245,16,False
equal,1.8331499999999998,25.0,98.16685,1.81,1.8437996125983467,2.713425,2.7640950076324136,3.63,3.6977859633878443,0.22,0.2241082402053239,89.793425,91.47021117617608,1007.3816460660095,1006.272402107329,1006.7886333018841,-1.1092439586805336,1536.6615880669558,1541.055233669816,1539.566744262665,4.393645602860154,True,IPA,0.18887969105145433,16,False
equal,1.8513,25.0,98.14869999999999,1.81,1.8441405744548833,2.70435,2.7553599792967205,3.63,3.698469770868081,0.22,0.224149683082914,89.78434999999999,91.4778799922974,1007.3995154522912,1006.289519647435,1006.8065142736415,-1.1099958048562215,1536.590478078851,1540.9880903880555,1539.49564277352,4.397612309204638,True,IPA,0.1916179944279962,16,False
equal,1.86945,25.0,98.13055,1.81,1.8444816624384557,2.6952749999999996,2.746621719739673,3.63,3.699153831299223,0.22,0.224191141290862,89.775275,91.4855516452318,1007.4173964157727,1006.3066412269534,1006.8244070379181,-1.1107551888193676,1536.519354015614,1540.9208821091702,1539.4245253094966,4.401528093556143,True,IPA,0.1943646388546373,16,False
equal,1.8876,25.0,98.1124,1.81,1.8448228766190615,2.6862,2.737880227168024,3.63,3.699838144821654,0.22,0.22423261483767598,89.7662,91.49322613655359,1007.4352889643678,1006.3237670686742,1006.842311583238,-1.1115218956935773,1536.4482158840196,1540.853608162744,1539.3533919589927,4.405392278724352,True,IPA,0.1971193264736731,16,False
equal,1.9057499999999998,25.0,98.09424999999999,1.81,1.8451642170667497,2.677125,2.729135499787195,3.63,3.700522711575857,0.22,0.22427410373187015,89.75712499999999,91.50090346783834,1007.453193105941,1006.3408973951815,1006.8602278991192,-1.1122957107594584,1536.3770636899026,1540.7862679907303,1539.2822428068225,4.409204300827702,True,IPA,0.19988177490725986,16,False
equal,1.9239,25.0,98.0761,1.81,1.8455056838516215,2.66805,2.720387535801281,3.63,3.701207531702423,0.22,0.22431560798196504,89.74804999999999,91.50858364066269,1007.471108848304,1006.3580324287218,1006.8781559760267,-1.1130764195821554,1536.3058974381536,1540.7188611407337,1539.2110779342502,4.412963702580108,True,IPA,0.20265171631559042,16,False
equal,1.94205,25.0,98.05794999999999,1.81,1.84584727704383,2.658975,2.711636333413048,3.63,3.7018926053420453,0.22,0.2243571275964876,89.738975,91.51626665660459,1007.4890361992177,1006.3751723910816,1006.8960958053308,-1.113863808136106,1536.2347171327049,1540.6513872594776,1539.139897419016,4.416670126772794,True,IPA,0.20542889651901433,16,False
equal,1.9602,25.0,98.0398,1.81,1.8461889967135796,2.6498999999999997,2.7028818908239303,3.63,3.7025779326355215,0.22,0.224398662583971,89.7299,91.52395251724299,1007.5069751663906,1006.3923175034637,1006.9018215714535,-1.1146576629269367,1536.163522776523,1540.5838460864866,1539.1369053888288,4.420323309963605,True,IPA,0.20821307417947635,16,False
equal,1.9783499999999998,25.0,98.02165,1.81,1.846530842931128,2.640825,2.694124206234031,3.63,3.703263513723754,0.22,0.2244402129529548,89.72082499999999,91.53164122415812,1007.5249257574801,1006.4094679863697,1006.9197976006366,-1.1154577711104001,1536.0923143715984,1540.516237447982,1539.0657097312303,4.423923076383429,True,IPA,0.21100402003697838,16,False
equal,1.9965,25.0,98.0035,1.81,1.8468728157667837,2.63175,2.6853632778421175,3.63,3.7039493487477486,0.22,0.22448177871198477,89.71175,91.53933277893135,1007.5428879800876,1006.4266240594793,1006.937784805028,-1.116263920608285,1536.0210919189353,1540.4485612510023,1538.9944993556849,4.427469332066998,True,IPA,0.2138015161970978,16,False
equal,2.01465,25.0,97.98535,1.81,1.8472149152909083,2.622675,2.676599103845626,3.63,3.7046354378486175,0.22,0.22452335986961316,89.702675,91.54702718314523,1007.5608618417624,1006.4437859415411,1006.9557831951842,-1.1170759002212196,1535.949855418541,1540.380817477754,1538.923274280928,4.430962059213043,True,IPA,0.21660535546587087,16,False
equal,2.0328,25.0,97.96719999999999,1.81,1.8475571415739147,2.6136,2.667831682440654,3.63,3.7053217811675747,0.22,0.22456495643439847,89.69359999999999,91.55472443838346,1007.5788473499987,1006.4609538502604,1006.9737927820937,-1.117893499738313,1535.8786048694174,1540.3130061801942,1538.8520345241225,4.434401310776927,True,IPA,0.21941534072864216,16,False
equal,2.05095,25.0,97.94905,1.81,1.8478994946862681,2.6045249999999998,2.6590610118219624,3.63,3.706008378845941,0.22,0.2246065684149055,89.684525,91.56242454623091,1007.5968445122359,1006.4781280021923,1006.99181357713,-1.1187165100435652,1535.8073402695493,1540.2451274748464,1538.7807801008764,4.437787205297072,True,IPA,0.2222312843697171,16,False
equal,2.0690999999999997,25.0,97.9309,1.81,1.8482419746984864,2.59545,2.6502870901829763,3.63,3.7066952310251415,0.22,0.22464819581970555,89.67545,91.5701275082737,1007.6148533358569,1006.4953086126379,1007.0098455920058,-1.1195447232190077,1535.7360616158949,1540.17718153785,1538.7095110252615,4.4411199219549955,True,IPA,0.2250530077299019,16,False
equal,2.08725,25.0,97.91274999999999,1.81,1.8485845816811397,2.586375,2.641509915715778,3.63,3.7073823378467057,0.22,0.2246898386573761,89.66637499999999,91.577833326099,1007.6328738281892,1006.5124958955447,1007.0278888387325,-1.1203779326445218,1535.6647689043741,1540.1091686002417,1538.6382273098284,4.444399695867447,True,IPA,0.22788034059923182,16,False
equal,2.1054,25.0,97.8946,1.81,1.84892731570485,2.5773,2.6327294866111104,3.63,3.708069699452268,0.22,0.2247314969365011,89.65729999999999,91.58554200129527,1007.6509059965031,1006.5296900634088,1007.0459433295792,-1.121215933094303,1535.59346212986,1540.041088943468,1538.5669289656203,4.4476268136079335,True,IPA,0.23071312074238443,16,False
equal,2.12355,25.0,97.87644999999999,1.81,1.8492701768402922,2.568225,2.623945801058375,3.63,3.7087573159835694,0.22,0.22477317066567087,89.648225,91.5932535354521,1007.6689498480109,1006.546891327181,1007.0640090770369,-1.1220585208299365,1535.5221412861658,1539.9729428951198,1538.4956160021827,4.450801608953995,True,IPA,0.23355119345447098,16,False
equal,2.1417,25.0,97.8583,1.81,1.849613165158193,2.55915,2.6151588572456297,3.63,3.7094451875824532,0.22,0.224814859853482,89.63915,91.60096793016025,1007.6870053898672,1006.5640998961771,1007.0820860937836,-1.1229054936900684,1535.4508063660357,1539.9047308248914,1538.4242884275739,4.4539244588556715,True,IPA,0.23639441114506632,16,False
equal,2.15985,25.0,97.84015,1.81,1.8499562807293326,2.5500749999999996,2.6063686533595867,3.63,3.7101333143908715,0.22,0.22485656450853767,89.63007499999999,91.60868518701167,1007.7050726291674,1006.5813159779907,1007.1001743926527,-1.1237566511766413,1535.379457361135,1539.836453140755,1538.3529462483737,4.456995779619966,True,IPA,0.23924263294849873,16,False
equal,2.178,25.0,97.822,1.81,1.8502995236245425,2.541,2.5975751875856146,3.63,3.710821696550878,0.22,0.22489828463944717,89.621,91.61640530759952,1007.7231515729475,1006.5985397784098,1007.1182739866031,-1.1246117945376948,1535.308094262036,1539.7681102853417,1538.2815894696855,4.460016023305486,True,IPA,0.24209572435856927,16,False
equal,2.19615,25.0,97.80385,1.81,1.850642893914708,2.531925,2.588778458107733,3.63,3.711510334204635,0.22,0.22494002025482637,89.611925,91.6241282935181,1007.741242228184,1006.6157715013372,1007.136384888692,-1.1254707268467188,1535.2367170582095,1539.6997027325306,1538.2102180951445,4.462985674320977,True,IPA,0.24495355688600895,16,False
equal,2.2142999999999997,25.0,97.78569999999999,1.81,1.8509863916707658,2.52285,2.5799784631086142,3.63,3.712199227494409,0.22,0.22498177136329753,89.60284999999999,91.63185414636293,1007.7593446017903,1006.6330113487118,1007.1545071120466,-1.1263332530785637,1535.165325738013,1539.6312309842342,1538.1388321269187,4.465905246221114,True,IPA,0.24781600773710194,16,False
equal,2.23245,25.0,97.76755,1.81,1.8513300169637064,2.513775,2.5711752007695803,3.63,3.7128883765625713,0.22,0.22502353797348915,89.593775,91.63958286773064,1007.7774587006223,1006.6502595204404,1007.172640669847,-1.127199180181904,1535.0939202886796,1539.5626955673722,1538.0674315657116,4.468775278692623,True,IPA,0.25068295951202724,16,False
equal,2.2506,25.0,97.7494,1.81,1.8516737698645722,2.5046999999999997,2.562368669270604,3.63,3.7135777815516007,0.22,0.2250653200940364,89.5847,91.64731445921919,1007.7955845314704,1006.6675162143221,1007.1907855752958,-1.1280683171482746,1535.022500696305,1539.4940970310288,1537.996016410761,4.471596334723596,True,IPA,0.2535542999215703,16,False
equal,2.26875,25.0,97.73124999999999,1.81,1.8520176504444588,2.495625,2.5535588667903055,3.63,3.7142674426040805,0.22,0.22510711773358064,89.57562499999999,91.65504892242757,1007.8137221010633,1006.6847816259856,1007.2089418416034,-1.1289404750776972,1534.9510669458398,1539.4254359437887,1537.924586659842,4.474368997948781,True,IPA,0.25642992152096455,16,False
equal,2.2869,25.0,97.7131,1.81,1.8523616587745144,2.48655,2.5447457915059495,3.63,3.7149573598627,0.22,0.2251489309007697,89.56654999999999,91.66278625895606,1007.8318714160665,1006.7020559488257,1007.2271094819679,-1.1298154672409026,1534.8796190210726,1539.3567128912362,1537.8531423092606,4.477093870163471,True,IPA,0.2593097214597035,16,False
equal,2.30505,25.0,97.69494999999999,1.81,1.8527057949259405,2.477475,2.53592944159345,3.63,3.7156475334702566,0.22,0.22519075960425797,89.557475,91.6705264704061,1007.8500324870288,1006.7193393778906,1007.2452885135051,-1.130693109138192,1534.8081569046135,1539.2879284736123,1537.7816833538468,4.479771568998729,True,IPA,0.26219360124625524,16,False
equal,2.3232,25.0,97.67679999999999,1.81,1.8530500589699912,2.4684,2.5271098152273623,3.63,3.7163379635696505,0.22,0.2252326038527061,89.54839999999999,91.6782695583803,1007.8682070382849,1006.73663381973,1007.2634806671364,-1.1315732185549547,1534.7366805732916,1539.219083299042,1537.7102097823602,4.4824027257505845,True,IPA,0.2650814665266915,16,False
equal,2.34135,25.0,97.65865,1.81,1.853394450977973,2.4593249999999998,2.5182869105808856,3.63,3.7170286503038903,0.22,0.22527446365478124,89.53932499999999,91.68601552448247,1007.8863964618996,1006.7539408462857,1007.2816873415186,-1.1324556156138796,1534.6651900036577,1539.1501779870136,1537.6387215830007,4.48498798335604,True,IPA,0.2679732268763046,16,False
equal,2.3594999999999997,25.0,97.6405,1.81,1.8537389710212462,2.45025,2.509460725825861,3.63,3.7177195938160907,0.22,0.225316339019157,89.53025,91.69376437031764,1007.904600721363,1006.771260598539,1007.2999085067268,-1.1333401228239,1534.593682670389,1539.0812106648978,1537.5672162418211,4.487527994508729,True,IPA,0.2708687956033636,16,False
equal,2.37765,25.0,97.62235,1.81,1.8540836191712247,2.441175,2.50063125913277,3.63,3.718410794249473,0.22,0.2253582299545135,89.521175,91.70151609749202,1007.9228197801195,1006.7885932149936,1007.3181441327721,-1.1342265651259076,1534.5221492937449,1539.012172713652,1537.4956844901901,4.49002341990727,True,IPA,0.2737680895642152,16,False
equal,2.3958,25.0,97.60419999999999,1.81,1.854428395499374,2.4321,2.4917985086707337,3.63,3.7191022517473638,0.22,0.2254001364695372,89.51209999999999,91.70927070761299,1007.9410536015636,1006.8059388316283,1007.3363941895866,-1.1351147699352877,1534.4505890105304,1538.9430639371599,1537.4241254757615,4.492474926629501,True,IPA,0.2766710289889935,16,False
equal,2.41395,25.0,97.58605,1.81,1.854773300077214,2.423025,2.4829624726075092,3.63,3.719793966453197,0.22,0.22544205857292102,89.503025,91.71702820228916,1007.9593021490444,1006.8232975818631,1007.3546586470192,-1.1360045671813168,1534.3790018258333,1538.8738850124591,1537.3525392142176,4.494883186625958,True,IPA,0.27957753731725565,16,False
equal,2.4321,25.0,97.5679,1.81,1.855118332976317,2.41395,2.474123149109492,3.63,3.7204859385105142,0.22,0.22548399627336452,89.49395,91.72478858313032,1007.9775653858622,1006.8406695965188,1007.3729374748226,-1.1368957893434788,1534.3073877443862,1538.8046366197125,1537.2809257206375,4.497248875326156,True,IPA,0.2824875410429063,16,False
equal,2.45025,25.0,97.54974999999999,1.81,1.8554634942683095,2.4048749999999997,2.4652805363417127,3.63,3.721178168062963,0.22,0.22552594957957353,89.48487499999999,91.73255185174744,1007.995843275272,1006.8580550037873,1007.3912306426505,-1.1377882714847516,1534.235746770565,1538.7353194409163,1537.2092850095005,4.499572670351446,True,IPA,0.2854009695678225,16,False
equal,2.4684,25.0,97.5316,1.81,1.85580878402487,2.3958,2.456434632467836,3.63,3.721870655254297,0.22,0.22556791850026042,89.47579999999999,91.74031800975274,1008.0141357804813,1006.8754539291994,1007.4095381200476,-1.1386818512819195,1534.164078908381,1538.6659341587094,1537.1376170946844,4.501855250328439,True,IPA,0.28831775506362717,16,False
equal,2.48655,25.0,97.51344999999999,1.81,1.8561542023177318,2.386725,2.447585435650159,3.63,3.722563400228379,0.22,0.2256099030441442,89.466725,91.7480870587596,1008.0324428646512,1006.8928664955982,1007.4278598764456,-1.139576369052975,1534.0923841614833,1538.5964814552806,1537.065921989471,4.504097293797213,True,IPA,0.29123783234110184,16,False
equal,2.5046999999999997,25.0,97.4953,1.81,1.8564997492186803,2.37765,2.438732944049611,3.63,3.7232564031291764,0.22,0.2256519032199501,89.45765,91.75585900038257,1008.0507644908989,1006.9102928231173,1007.4461958811592,-1.140471667781665,1534.020662533147,1538.5269620113559,1536.9941997065412,4.506299478208726,True,IPA,0.2941611387267607,16,False
equal,2.52285,25.0,97.47715,1.81,1.8568454247995556,2.368575,2.42987715582575,3.63,3.7239496641007666,0.22,0.2256939190364101,89.44857499999999,91.7636338362375,1008.0691006222958,1006.9277330291565,1007.4645461033801,-1.1413675931392513,1533.9489140262758,1538.457376505282,1536.92245025798,4.5084624790061305,True,IPA,0.2970876139461436,16,False
equal,2.541,25.0,97.45899999999999,1.81,1.8571912291322508,2.3594999999999997,2.421018069136765,3.63,3.7246431832873315,0.22,0.22573595050226253,89.4395,91.77141156794139,1008.0874512218661,1006.9451872283626,1007.4829105121721,-1.142263993503544,1533.8771386433928,1538.3877256121775,1536.8506736552738,4.510586968784857,True,IPA,0.3000172000134151,16,False
equal,2.55915,25.0,97.44085,1.81,1.8575371622887116,2.350425,2.4121556821394723,3.63,3.725336960833162,0.22,0.22577799762625225,89.430425,91.7791921971124,1008.1058162525928,1006.9626555326175,1007.5012890764721,-1.1431607199752787,1533.8053363866402,1538.3180100031668,1536.7788699093128,4.512673616526638,True,IPA,0.3029498411268835,16,False
equal,2.5773,25.0,97.42269999999999,1.81,1.857883224340939,2.34135,2.403289992989314,3.63,3.726030996882657,0.22,0.22582006041713074,89.42134999999999,91.78697572536996,1008.1241956774131,1006.9801380510212,1007.5196817650834,-1.1440576263919093,1533.733507257772,1538.248230344675,1536.7070390303884,4.514723086902792,True,IPA,0.305885483570083,16,False
equal,2.59545,25.0,97.40455,1.81,1.8582294153609866,2.332275,2.394420999840357,3.63,3.7267252915803213,0.22,0.22586213888365583,89.412275,91.79476215433466,1008.1425894592211,1006.9976348898822,1007.5380885466755,-1.1449545693388725,1533.661651258152,1538.1783872977944,1536.635181028195,4.516736039642351,True,IPA,0.30882407561807973,16,False
equal,2.6136,25.0,97.3864,1.81,1.8585757354209624,2.3232,2.3855487008452925,3.63,3.7274198450707696,0.22,0.22590423303459212,89.4032,91.80255148562838,1008.1609975608666,1007.0151461527082,1007.5565093897807,-1.145851408158409,1533.5897683887486,1538.1084815177094,1536.5632959118284,4.518713128960852,True,IPA,0.3117655674486939,16,False
equal,2.63175,25.0,97.36824999999999,1.81,1.8589221845930273,2.3141249999999998,2.3766730941554357,3.63,3.728114657498723,0.22,0.2259463428787105,89.39412499999999,91.8103437208741,1008.1794199451581,1007.0326719402021,1007.5749442627954,-1.1467480049560066,1533.5178586501297,1538.0385136531754,1536.4913836897863,4.52065500304578,True,IPA,0.3147099110583418,16,False
equal,2.6498999999999997,25.0,97.3501,1.81,1.859268762949396,2.30505,2.367794177920721,3.63,3.7288097290090096,0.22,0.22598846842478848,89.38504999999999,91.81813886169608,1008.1978565748601,1007.0502123502556,1007.5617204565194,-1.1476442246045349,1533.4459220424603,1537.9684843460552,1536.516887065625,4.522562303594884,True,IPA,0.3176570601822288,16,False
equal,2.66805,25.0,97.33194999999999,1.81,1.8596154705623387,2.295975,2.3589119502897047,3.63,3.7295050597465687,0.22,0.2260306096816102,89.375975,91.82593690971979,1008.2163074126955,1007.0677674779494,1007.5801939759413,-1.1485399347461471,1533.373958565495,1537.898394230899,1536.444956443526,4.524435665403775,True,IPA,0.3206069702186348,16,False
equal,2.6862,25.0,97.31379999999999,1.81,1.8599623075041776,2.2869,2.35002640940956,3.63,3.730200649856444,0.22,0.22607276665796633,89.36689999999999,91.83373786657185,1008.2347724213467,1007.0853374155547,1007.5986808346439,-1.1494350057920237,1533.3019682185775,1537.828243934577,1536.3729990293518,4.526275715999447,True,IPA,0.323559598157056,16,False
equal,2.70435,25.0,97.29565,1.81,1.8603092738472893,2.277825,2.341137553426078,3.63,3.73089649948379,0.22,0.22611493936265395,89.35782499999999,91.84154173388019,1008.2532515634539,1007.1029222525339,1007.6171810201471,-1.1503293109200248,1533.2299510006321,1537.7580340759487,1536.3010147977702,4.528083075316475,True,IPA,0.32651490250997955,16,False
equal,2.7225,25.0,97.27749999999999,1.81,1.8606563696641054,2.26875,2.332245380483668,3.63,3.731592608773869,0.22,0.22615712780447692,89.34875,91.8493485132739,1008.2717448016167,1007.1205220755463,1007.6356945192098,-1.1512227260703334,1533.1579069101615,1537.6877652655744,1536.2290037243883,4.529858355412914,True,IPA,0.3294728432480812,16,False
equal,2.74065,25.0,97.25935,1.81,1.8610035950271107,2.2596749999999997,2.323349888725351,3.63,3.7322889778720505,0.22,0.22619933199224548,89.339675,91.85715820638325,1008.2902520983938,1007.1381369684547,1007.6542213178479,-1.1521151299391528,1533.0858359452413,1537.6174381054643,1536.156965785688,4.531602160223009,True,IPA,0.3324333817386543,16,False
equal,2.7588,25.0,97.24119999999999,1.81,1.861350950008844,2.2506,2.314451076292765,3.63,3.7329856069238145,0.22,0.22624155193477663,89.33059999999999,91.86497081483981,1008.3087734163058,1007.1557670123353,1007.6727614013545,-1.1530064039705397,1533.0137381035165,1537.5470531888607,1536.0849009589672,4.533315085344071,True,IPA,0.33539648068708094,16,False
equal,2.77695,25.0,97.22305,1.81,1.861698434681899,2.241525,2.305548941326157,3.63,3.733682496074748,0.22,0.2262837876408938,89.321525,91.8727863402763,1008.3273087178319,1007.1734122854855,1007.6913147543147,-1.153896432346441,1532.9416133821956,1537.4766111000506,1536.0128092222797,4.534997717854963,True,IPA,0.33836210408118184,16,False
equal,2.7950999999999997,25.0,97.2049,1.81,1.862046049118923,2.23245,2.2966434819643866,3.63,3.7343796454705473,0.22,0.2263260391194271,89.31245,91.8806047843267,1008.3458579654141,1007.1910728634391,1007.7098813606267,-1.1547851019750104,1532.869461778046,1537.4061124142097,1535.9406905543792,4.536650636163831,True,IPA,0.34133021713827616,16,False
equal,2.81325,25.0,97.18674999999999,1.81,1.862393793392618,2.223375,2.2877346963449234,3.63,3.7350770552570185,0.22,0.22636830637921324,89.30337499999999,91.88842614862624,1008.364421121455,1007.2087488189778,1007.7284612035173,-1.1556723024772706,1532.7972832873884,1537.3355576972713,1535.8685449346613,4.538274409882877,True,IPA,0.3443007862548063,16,False
equal,2.8314,25.0,97.1686,1.81,1.8627416675757396,2.2142999999999997,2.278822582603845,3.63,3.7357747255800744,0.22,0.22641058942909542,89.29429999999999,91.89625043481124,1008.3829981483192,1007.226440222147,1007.7470542655595,-1.1565579261721997,1532.725077906094,1537.264947505822,1535.7963723431128,4.539869599728028,True,IPA,0.3472737789583847,16,False
equal,2.84955,25.0,97.15044999999999,1.81,1.8630896717410985,2.205225,2.2699071388758365,3.63,3.736472656585739,0.22,0.2264528882779236,89.285225,91.9040776445194,1008.4015890083344,1007.2441471402741,1007.7656605286912,-1.1574418680603071,1532.6528456295785,1537.19428238702,1535.7241727602589,4.541436757441591,True,IPA,0.35024916386212884,16,False
equal,2.8677,25.0,97.13229999999999,1.81,1.86343780596156,2.19615,2.2609883632941874,3.63,3.737170848420145,0.22,0.22649520293455425,89.27614999999999,91.91190777938955,1008.4201936637911,1007.2618696379853,1007.7842799742305,-1.1583240258057719,1532.5805864527968,1537.1235628785328,1535.6519461671114,4.542976425736035,True,IPA,0.3532269106211618,16,False
equal,2.88585,25.0,97.11415,1.81,1.8637860703100424,2.187075,2.2520662539907934,3.63,3.7378693012295328,0.22,0.22653753340785046,89.26707499999999,91.91974084106177,1008.438812076943,1007.2796077772258,1007.8029125828921,-1.1592042997172087,1532.5083003702384,1537.0527895084956,1535.579692545121,4.544489138257156,True,IPA,0.3562069898911585,16,False
equal,2.904,25.0,97.09599999999999,1.81,1.8641344648595206,2.178,2.243140809096152,3.63,3.7385680151602543,0.22,0.22657987970668206,89.258,91.92757683117739,1008.457444210008,1007.2973616172809,1007.8215583348053,-1.1600825927271357,1532.4359873759224,1536.9819627954876,1535.507411876129,4.5459754195650595,True,IPA,0.35918937328883255,16,False
equal,2.92215,25.0,97.07785,1.81,1.8644829896830224,2.1689249999999998,2.2342120267393644,3.63,3.739266990358769,0.22,0.22662224183992538,89.248925,91.93541575137893,1008.4760900251688,1007.3151312147986,1007.8402172095285,-1.1609588103702033,1532.3636474633913,1536.9110832485228,1535.4351041423222,4.547435785131426,True,IPA,0.36217403335425347,16,False
equal,2.9402999999999997,25.0,97.05969999999999,1.81,1.8648316448536315,2.15985,2.2252799050481307,3.63,3.7399662269716476,0.22,0.2266646198164635,89.23984999999999,91.94325760331012,1008.4947494845726,1007.3329166238124,1007.8588891860655,-1.1618328607602555,1532.2912806257084,1536.8401513670601,1535.3627693261892,4.548870741351654,True,IPA,0.3651609435149051,16,False
equal,2.95845,25.0,97.04155,1.81,1.8651804304444848,2.150775,2.2163444421487495,3.63,3.7406657251455693,0.22,0.226707013645186,89.230775,91.95110238861601,1008.5134225503327,1007.3507178957665,1007.8775742428808,-1.162704654566288,1532.218886855449,1536.7691676410195,1535.2904074104754,4.550280785570579,True,IPA,0.36815007805138666,16,False
equal,2.9766,25.0,97.0234,1.81,1.8655293465287757,2.1417,2.207405636166121,3.63,3.7413654850273237,0.22,0.2267494233349893,89.2217,91.9589501089428,1008.5321091845283,1007.368535079541,1007.8962723579144,-1.1635741049873602,1532.146466144699,1536.6981325508195,1535.218018378144,4.551666406120548,True,IPA,0.3711414120646737,16,False
equal,2.99475,25.0,97.00524999999999,1.81,1.8658783931797507,2.132625,2.198463485223738,3.63,3.74206550676381,0.22,0.22679184889477633,89.21262499999999,91.96680076593792,1008.550809349205,1007.3863682214785,1007.9149835085972,-1.1644411277265356,1532.0740184850465,1536.6270465674172,1535.1456022123348,4.553028082370686,True,IPA,0.37413492144485994,16,False
equal,3.0129,25.0,96.9871,1.81,1.866227570470712,2.12355,2.1895179874436907,3.63,3.7427657905020357,0.22,0.22683429033345673,89.20354999999999,91.9746543612501,1008.569523006376,1007.4042173654121,1007.9337076718648,-1.165305640963896,1532.001543867579,1536.5559101523652,1535.0731588963258,4.554366284786324,True,IPA,0.37713058284129763,16,False
equal,3.03105,25.0,96.96894999999999,1.81,1.8665768784750172,2.1144749999999997,2.1805691409466634,3.63,3.743466336389123,0.22,0.22687674765994684,89.194475,91.98251089652926,1008.5882501180221,1007.4220825526934,1007.9524448241718,-1.1661675653287034,1531.929042282874,1536.4847237578715,1535.0006884134941,4.5556814749975825,True,IPA,0.3801283736340715,16,False
equal,3.0492,25.0,96.95079999999999,1.81,1.8669263172660775,2.1054,2.1716169438519333,3.63,3.744167144572299,0.22,0.22691922088316963,89.18539999999999,91.99037037342653,1008.606990646092,1007.5117519098056,1007.9711949415055,-1.095238736286276,1531.8565137209991,1536.3818021652478,1534.928190747284,4.525288444248671,True,IPA,0.38312827190673315,16,False
equal,3.06735,25.0,96.93265,1.81,1.8672758869173598,2.096325,2.162661394277367,3.63,3.744868215198904,0.22,0.22696171001205478,89.17632499999999,91.99823279359431,1008.6257445525033,1007.5303567529886,1007.9899579993992,-1.0953877995146968,1531.783958171501,1536.3104237179086,1534.8556658811658,4.526465546407674,True,IPA,0.38613025642023574,16,False
equal,3.0854999999999997,25.0,96.91449999999999,1.81,1.8676255875023864,2.08725,2.153702490339423,3.63,3.745569548416388,0.22,0.22700421505553867,89.16725,92.00609815868629,1008.6445117991445,1007.5489755218382,1008.0087339729471,-1.095536277306345,1531.7113756234037,1536.2389981152603,1534.7831137986088,4.527622491856592,True,IPA,0.389134306588005,16,False
equal,3.10365,25.0,96.89635,1.81,1.8679754190947337,2.078175,2.144740230153148,3.63,3.746271144372311,0.22,0.2270467360225643,89.158175,92.01396647035723,1008.6632923478718,1007.5676081904455,1008.0275228368133,-1.0956841574262155,1531.6387660652013,1536.167525743247,1534.7105344830438,4.528759678045775,True,IPA,0.39214040245209286,16,False
equal,3.1218,25.0,96.87819999999999,1.81,1.8683253817680348,2.0690999999999997,2.1357746118321765,3.63,3.746973003214346,0.22,0.22708927292208156,89.14909999999999,92.02183773026337,1008.682086160513,1007.5862547324379,1008.0463245652478,-1.0958314280751158,1531.5661294848526,1536.0960069794664,1534.6379279178343,4.52987749461389,True,IPA,0.39514852466035927,16,False
equal,3.13995,25.0,96.86005,1.81,1.8686754755959758,2.060025,2.1268056334887295,3.63,3.747675125090272,0.22,0.22713182576304677,89.140025,92.02971194006196,1008.7008931988679,1007.6049151209845,1008.0651391320982,-1.0959780778833335,1531.493465869775,1536.0244421932628,1534.5652940862442,4.5309763234876455,True,IPA,0.39815865444462917,16,False
equal,3.1581,25.0,96.8419,1.81,1.8690257006523003,2.05095,2.1178332932336104,3.63,3.7483775101479835,0.22,0.22717439455442326,89.13095,92.03758910141168,1008.7197134247073,1007.6235893288031,1008.0839665108201,-1.096124095904222,1531.420775206839,1535.9528317458241,1534.4926329714094,4.532056538985195,True,IPA,0.40117077359978176,16,False
equal,3.17625,25.0,96.82374999999999,1.81,1.869376057010806,2.041875,2.1088575891762096,3.63,3.7490801585354836,0.22,0.22721697930518084,89.12187499999999,92.04546921597232,1008.7385467997739,1007.6422773281662,1008.1028066744892,-1.0962694716077008,1531.3480574823623,1535.8811759902849,1534.4199445563104,4.533118507922671,True,IPA,0.40418486446371865,16,False
equal,3.1944,25.0,96.8056,1.81,1.8697265447453453,2.0328,2.099878519424496,3.63,3.749783070400886,0.22,0.2272595800242961,89.1128,92.05335228540497,1008.7573932857847,1007.660979090911,1008.1216595958139,-1.096414194873692,1531.2753126821033,1535.8094752718266,1534.3472288237417,4.534162589723428,True,IPA,0.4072009098981788,16,False
equal,3.21255,25.0,96.78744999999999,1.81,1.870077163929828,2.0237249999999998,2.090896082085022,3.63,3.750486245892417,0.22,0.22730219672075255,89.103725,92.06123831137198,1008.7762528444293,1007.6796945884438,1008.1405252471445,-1.0965582559854936,1531.202540791256,1535.7377299277857,1534.2744857562889,4.53518913652954,True,IPA,0.41021889327034905,16,False
equal,3.2306999999999997,25.0,96.76929999999999,1.81,1.8704279146382172,2.01465,2.0819102752629193,3.63,3.7511896851584132,0.22,0.2273448294035402,89.09464999999999,92.0691272955369,1008.7951254373719,1007.6984237917488,1008.1594036004848,-1.0967016456231,1531.129741794444,1535.6659402877592,1534.2017153363006,4.536198493315191,True,IPA,0.413238798435239,16,False
equal,3.24885,25.0,96.75115,1.81,1.8707787969445324,2.005575,2.0729210970618954,3.63,3.7518933883473222,0.22,0.22738747808165588,89.08557499999999,92.07701923956459,1008.8140110262527,1007.7171666713963,1008.1782946275039,-1.096844354856482,1531.056915675713,1535.5941066737146,1534.1289175458644,4.537190998001573,True,IPA,0.4162606097187833,16,False
equal,3.267,25.0,96.73299999999999,1.81,1.8711298109228496,1.9965,2.063928545584237,3.63,3.752597355607704,0.22,0.22743014276410328,89.0765,92.08491414512112,1008.8329095726849,1007.7359231975461,1008.197198299542,-1.0969863751388265,1530.9840624185258,1535.5222294000987,1534.0560923667824,4.538166981572967,True,IPA,0.4192843119016327,16,False
equal,3.28515,25.0,96.71485,1.81,1.8714809566472987,1.987425,2.0549326189308053,3.63,3.753301587088229,0.22,0.22747282345989267,89.067425,92.09281201387378,1008.8518210382607,1007.7546933399609,1008.2161145876265,-1.0971276982997518,1530.9111820057556,1535.4503087739492,1533.9832397805483,4.539126768193724,True,IPA,0.42230989020360593,16,False
equal,3.3033,25.0,96.69669999999999,1.81,1.8718322341920666,1.9783499999999998,2.0459333152010357,3.63,3.7540060829376807,0.22,0.22751552017804125,89.05834999999999,92.10071284749118,1008.8707453845485,1007.77347706801,1008.2350434624772,-1.0972683165384973,1530.8382744196801,1535.378345095006,1533.9103597683254,4.54007067532584,True,IPA,0.4253373302687702,16,False
equal,3.32145,25.0,96.67855,1.81,1.872183643631395,1.9692749999999999,2.0369306324929366,3.63,3.7547108433049523,0.22,0.22755823292757288,89.049275,92.10861664764315,1008.8896825730924,1007.7922743506753,1008.2539848945152,-1.0974082224171025,1530.7653396419737,1535.3063386558206,1533.837452310922,4.540999013846875,True,IPA,0.42836661815112054,16,False
equal,3.3396,25.0,96.6604,1.81,1.872535185039582,1.9602,2.0279245689030874,3.63,3.755415868339051,0.22,0.22760096171751826,89.0402,92.11652341600077,1008.908632565418,1007.8110851565644,1008.2729388538769,-1.0975474088535784,1530.6923776537042,1535.234289741872,1533.7645173887747,4.5419120881680195,True,IPA,0.4313977403008308,16,False
equal,3.35775,25.0,96.64224999999999,1.81,1.872886858490981,1.951125,2.0189151225266384,3.63,3.7561211581890945,0.22,0.22764370655691482,89.03112499999999,92.12443315423637,1008.9275953230268,1007.8299094539118,1008.2919053104168,-1.0976858691150735,1530.619388435322,1535.162198631674,1533.6915549819237,4.542810196352034,True,IPA,0.43443068355105,16,False
equal,3.3758999999999997,25.0,96.6241,1.81,1.8732386640600016,1.94205,2.0099022914573075,3.63,3.7568267130043127,0.22,0.22768646745480683,89.02205,92.13234586402358,1008.9465708074022,1007.8487472105911,1008.3108842337209,-1.0978235968110495,1530.5463719666564,1535.0900655968874,1533.6185650699945,4.5436936302309405,True,IPA,0.4374654351052204,16,False
equal,3.39405,25.0,96.60594999999999,1.81,1.8735906018211095,1.9329749999999999,2.0008860737873806,3.63,3.7575325329340483,0.22,0.22772924442024536,89.012975,92.14026154703723,1008.965558980007,1007.8675983941206,1008.3298755931128,-1.0979605858864654,1530.4733282269094,1535.0178909024326,1533.5455476321797,4.544562675523224,True,IPA,0.44050198252489037,16,False
equal,3.4122,25.0,96.58779999999999,1.81,1.873942671848826,1.9239,1.9918664676077105,3.63,3.7582386181277556,0.22,0.22777203746228822,89.00389999999999,92.14818020495343,1008.9845598022853,1007.8864629716703,1008.348879357662,-1.0980968306149776,1530.4002571946473,1534.9456748065977,1533.472502647219,4.5454176119504375,True,IPA,0.44354031371800423,16,False
equal,3.43035,25.0,96.56965,1.81,1.874294874217728,1.914825,1.982843471007713,3.63,3.758944968735001,0.22,0.22781484659000006,88.99482499999999,92.15610183944955,1009.0035732356625,1007.9053409100704,1008.3678954961923,-1.0982323255921633,1530.3271588477928,1534.873417561146,1533.3994300933787,4.546258713353042,True,IPA,0.4465804169276447,16,False
equal,3.4485,25.0,96.55149999999999,1.81,1.8746472090024497,1.9057499999999998,1.973817082075369,3.63,3.7596515849054652,0.22,0.22785767181245245,88.98575,92.16402645220427,1009.022599241548,1007.9242321758193,1008.3869239772903,-1.0983670657287674,1530.2540331636214,1534.8011194114267,1533.3263299484381,4.5470862478053515,True,IPA,0.4496222807212074,16,False
equal,3.46665,25.0,96.53335,1.81,1.8749996762776802,1.8966749999999999,1.9647872988972204,3.63,3.7603584667889387,0.22,0.22790051313872356,88.976675,92.17195404489743,1009.0416377813336,1007.9431367350896,1008.4059647693117,-1.0985010462439848,1530.1808801187524,1534.7287805964818,1533.2532021896695,4.547900477729485,True,IPA,0.4526658939799917,16,False
equal,3.4848,25.0,96.5152,1.81,1.875352276118166,1.8876,1.95575411955837,3.63,3.7610656145353274,0.22,0.22794337057789862,88.96759999999999,92.17988461921023,1009.0606888163951,1007.9620545537364,1008.4250178403888,-1.0986342626587764,1530.107699689143,1534.656401349151,1533.1800467938226,4.548701660008202,True,IPA,0.45571124588918555,16,False
equal,3.50295,25.0,96.49705,1.81,1.8757050085987084,1.878525,1.9467175421424798,3.63,3.7617730282946473,0.22,0.22798624413906954,88.958525,92.18781817682509,1009.0797523080935,1007.9809855973042,1008.4440831584386,-1.098766710789223,1530.0344918500787,1534.5839818961751,1533.1068637371063,4.549490046096547,True,IPA,0.45875832592822974,16,False
equal,3.5210999999999997,25.0,96.4789,1.81,1.8760578737941664,1.86945,1.9376775647317703,3.63,3.76248070821703,0.22,0.22802913383133516,88.94945,92.1957547194257,1009.0988282177753,1007.9999298310354,1008.4631606911689,-1.0988983867399291,1529.9612565761693,1534.5115224583014,1533.0336529951742,4.5502658821322,True,IPA,0.46180712386154393,16,False
equal,3.53925,25.0,96.46074999999999,1.81,1.8764108717794545,1.860375,1.928634185407018,3.63,3.763188654452718,0.22,0.2280720396638011,88.94037499999999,92.203694248697,1009.1179165067739,1008.0188872198764,1008.4822504060855,-1.0990292868974683,1529.8879938413402,1534.4390232503847,1532.9604145431088,4.55102940904449,True,IPA,0.46485762972959976,16,False
equal,3.5574,25.0,96.4426,1.81,1.8767640026295433,1.8513,1.9195874022475545,3.63,3.763896867152068,0.22,0.22811496164557987,88.9313,92.21163676632524,1009.1370171364091,1008.0378577284852,1008.5013522704985,-1.0991594079238876,1529.814703618825,1534.3664844814869,1532.8871483554055,4.5517808626619765,True,IPA,0.46790983384032453,16,False
equal,3.57555,25.0,96.42445,1.81,1.877117266419461,1.842225,1.9105372133312661,3.63,3.764605346465549,0.22,0.22815789978579087,88.922225,92.21958227399794,1009.1561300679897,1008.0568413212394,1008.5204662515292,-1.0992887467502583,1529.7413858811578,1534.2939063549763,1532.813854405958,4.552520473818574,True,IPA,0.4709637267608233,16,False
equal,3.5937,25.0,96.40629999999999,1.81,1.8774706632242917,1.8331499999999998,1.9014836167345912,3.63,3.765314092543745,0.22,0.2282008540935603,88.91314999999999,92.22753077340381,1009.1752552628126,1008.0758379622423,1008.5395923161159,-1.0994173005702925,1529.6680406001667,1534.2212890686249,1532.7405326680428,4.553248468458144,True,IPA,0.4740192993094042,16,False
equal,3.61185,25.0,96.38815,1.81,1.877824193119175,1.824075,1.892426610532519,3.63,3.766023105537351,0.22,0.22824382457802128,88.90407499999999,92.23548226623294,1009.1943926821651,1008.0948476153311,1008.5587304310206,-1.0995450668340159,1529.594667746966,1534.1486328147037,1532.667183114307,4.553965067737534,True,IPA,0.47707654254789494,16,False
equal,3.63,25.0,96.36999999999999,1.81,1.878177856179309,1.815,1.883366192798589,3.63,3.766732385597178,0.22,0.22828681124831382,88.895,92.24343675417661,1009.2135422873247,1008.1138702440832,1008.5778805628343,-1.0996720432415081,1529.5212672919483,1534.0759377800764,1532.5938057167525,4.554670488128028,True,IPA,0.48013544777423883,16,False
equal,3.64815,25.0,96.35185,1.81,1.8785316524799471,1.805925,1.8743023616048888,3.63,3.7674419328741484,0.22,0.22832981411358474,88.885925,92.25139423892743,1009.2327040395603,1008.1329058118235,1008.597042677983,-1.0997982277367067,1529.447839204776,1534.0032041462912,1532.5204004467214,4.555364941515168,True,IPA,0.4831960065153571,16,False
equal,3.6662999999999997,25.0,96.3337,1.81,1.8788855820964006,1.79685,1.8652351150220536,3.63,3.7681517475193003,0.22,0.2283728331829879,88.87684999999999,92.25935472217925,1009.251877900133,1008.1519542816317,1008.6162167427337,-1.0999236185012802,1529.3743834543745,1533.9304320896715,1532.4469672748837,4.556048635296932,True,IPA,0.4862582105202678,16,False
equal,3.68445,25.0,96.31554999999999,1.81,1.8792396451040358,1.787775,1.8561644511192636,3.63,3.7688618296837846,0.22,0.22841586846568393,88.867775,92.26731820562725,1009.2710638302975,1008.171015616349,1008.6354027232001,-1.1000482139485748,1529.3009000089255,1533.8576217814057,1532.3735061712252,4.556721772480256,True,IPA,0.48932205175345006,16,False
equal,3.7026,25.0,96.2974,1.81,1.8795938415782774,1.7787,1.8470903679642443,3.63,3.7695721795188657,0.22,0.22845891997084034,88.8587,92.27528469096777,1009.2902617913022,1008.1900897785846,1008.6546005853467,-1.1001720127176309,1529.2273888358561,1533.784773387632,1532.3000171050312,4.557384551775869,True,IPA,0.49238752238844385,16,False
equal,3.72075,25.0,96.27924999999999,1.81,1.8799481715946065,1.769625,1.8380128636232629,3.63,3.7702827971759234,0.22,0.22850198770763172,88.84962499999999,92.28325417989858,1009.3094717443898,1008.2091767307226,1008.673810294995,-1.1002950136672762,1529.153849901833,1533.7118870695244,1532.226500044876,4.558037167691466,True,IPA,0.49545461480167613,16,False
equal,3.7389,25.0,96.2611,1.81,1.8803026352285608,1.7605499999999998,1.8289319361611283,3.63,3.7709936828064503,0.22,0.2285450716852394,88.84055,92.2912266741186,1009.3286936508008,1008.2282764349305,1008.6930318178302,-1.1004172158702967,1529.0802831727535,1533.6389629833766,1532.1529549586091,4.55867981062316,True,IPA,0.4985233215665024,16,False
equal,3.75705,25.0,96.24295,1.81,1.8806572325557354,1.751475,1.8198475836411914,3.63,3.771704836562055,0.22,0.2285881719128518,88.831475,92.29920217532816,1009.3479274717705,1008.2473888531629,1008.7122651194027,-1.100538618607681,1529.0066886137386,1533.5660012806838,1532.0793818133436,4.5593126669452735,True,IPA,0.5015936354474567,16,False
equal,3.7752,25.0,96.22479999999999,1.81,1.8810119636517824,1.7424,1.81075980412534,3.63,3.7724162585944585,0.22,0.22863128839966415,88.82239999999999,92.30718068522874,1009.3671731685323,1008.2665139471693,1008.7315101651352,-1.1006592213629516,1528.9330661891213,1533.4930021082198,1532.0057805754416,4.559935919098418,True,IPA,0.5046655493947022,16,False
equal,3.7933499999999998,25.0,96.20665,1.81,1.8813668285924103,1.733325,1.801668595674,3.63,3.773127949055497,0.22,0.2286744211548786,88.81332499999999,92.31516220552321,1009.386430702319,1008.2856516785024,1008.750766920328,-1.1007790238165687,1528.8594158624433,1533.4199656081191,1531.9321512105055,4.560549745675898,True,IPA,0.5077390565386717,16,False
equal,3.8114999999999997,25.0,96.18849999999999,1.81,1.881721827453386,1.72425,1.7925739563461331,3.63,3.773839908097122,0.22,0.22871757018770436,88.80425,92.32314673791565,1009.4057000343619,1008.3048020085214,1008.7700353501617,-1.100898025840423,1528.7857375964415,1533.34689191795,1531.8584936833613,4.561154321508441,True,IPA,0.5108141501848925,16,False
equal,3.82965,25.0,96.17035,1.81,1.8820769603105323,1.715175,1.783475884199236,3.63,3.774552135871399,0.22,0.2287607355073575,88.795175,92.33113428411147,1009.4249811258942,1008.3239648984018,1008.7893154197043,-1.1010162274924074,1528.7120313530427,1533.27378117079,1531.7848079580508,4.56174981774724,True,IPA,0.5138908238089892,16,False
equal,3.8478,25.0,96.1522,1.81,1.8824322272397305,1.7061,1.7743743772893392,3.63,3.7752646325305093,0.22,0.22880391712306117,88.78609999999999,92.33912484581735,1009.4442739381498,1008.3431403091387,1008.808607093913,-1.1011336290110716,1528.6382970933541,1533.2006334952996,1531.7110939978172,4.562336401945354,True,IPA,0.516969071051854,16,False
equal,3.8659499999999998,25.0,96.13404999999999,1.81,1.882787628316918,1.697025,1.7652694336710042,3.63,3.7759773982267473,0.22,0.22884711504404529,88.777025,92.3471184247413,1009.4635784323651,1008.3623282015548,1008.8279103376404,-1.1012502308103655,1528.5645347776529,1533.1274490157903,1531.6373517650932,4.562914238137461,True,IPA,0.5200488857149821,16,False
equal,3.8841,25.0,96.1159,1.81,1.8831431636180904,1.6879499999999998,1.7561610513973234,3.63,3.7766904331125235,0.22,0.2288903292795469,88.76795,92.35511502259251,1009.48289456978,1008.3815285363055,1008.8472251156377,-1.1013660334744622,1528.4907443653808,1533.0542278522987,1531.5635812214916,4.563483486917965,True,IPA,0.5231302617559629,16,False
equal,3.90225,25.0,96.09774999999999,1.81,1.8834988332193003,1.678875,1.7470492285199186,3.63,3.777403737340365,0.22,0.22893355983880997,88.75887499999999,92.36311464108161,1009.5022223116399,1008.4007412738872,1008.8665513925602,-1.1014810377526705,1528.4169258151326,1532.98097012065,1531.489782327791,4.56404430551752,True,IPA,0.5262131932841216,16,False
equal,3.9204,25.0,96.0796,1.81,1.8838546371966578,1.6698,1.7379339630889388,3.63,3.7781173110629105,0.22,0.22897680673108547,88.7498,92.3711172819204,1009.5215616191944,1008.4199663746399,1008.8858891329693,-1.1015952445544317,1528.3430790846467,1532.9076759325246,1531.4159550439254,4.564596847877914,True,IPA,0.5292976745563059,16,False
equal,3.9385499999999998,25.0,96.06145,1.81,1.884210575626331,1.660725,1.7288152531530598,3.63,3.778831154432918,0.22,0.2290200699656314,88.740725,92.37912294682206,1009.5409124537007,1008.4392037987562,1008.905238301339,-1.1017086549444013,1528.2692041307973,1532.8343453955229,1531.3420993289712,4.5651412647254235,True,IPA,0.5323836999728127,16,False
equal,3.9566999999999997,25.0,96.04329999999999,1.81,1.884566648584545,1.65165,1.7196930967594828,3.63,3.7795452676032584,0.22,0.22906334955171265,88.73164999999999,92.387131637501,1009.5602747764225,1008.4584535062849,1008.9245988620569,-1.1018212701376204,1528.1953009095864,1532.760978613229,1531.26821514114,4.565677703642567,True,IPA,0.5354712640734471,16,False
equal,3.97485,25.0,96.02515,1.81,1.8849228561475821,1.642575,1.7105674919539309,3.63,3.780259650726919,0.22,0.22910664549860116,88.72257499999999,92.39514335567297,1009.5796485486349,1008.4777154571401,1008.9439707794324,-1.1019330914947691,1528.1213693761301,1532.6875756852685,1531.1943024377606,4.566206309138354,True,IPA,0.5385603615337131,16,False
equal,3.993,25.0,96.00699999999999,1.81,1.885279198391784,1.6335,1.7014384367806514,3.63,3.7809743039570036,0.22,0.22914995781557598,88.7135,92.40315810305499,1009.5990337316204,1008.4969896111029,1008.9633540176958,-1.10204412051751,1528.0474094846543,1532.6141367073712,1531.1203611752733,4.566727222716998,True,IPA,0.541650987161124,16,False
equal,4.01115,25.0,95.98885,1.81,1.8856356753935484,1.624425,1.6923059292824114,3.63,3.7816892274467295,0.22,0.229193286511923,88.704425,92.41117588136538,1009.6184302866719,1008.516275927828,1008.982748541003,-1.1021543588439158,1527.9734211884827,1532.540661771428,1531.0463913092167,4.567240582945153,True,IPA,0.5447431358916374,16,False
equal,4.0293,25.0,95.9707,1.81,1.8859922872293315,1.6153499999999998,1.6831699675004976,3.63,3.7824044213494328,0.22,0.22923663159693533,88.69534999999999,92.41919669232381,1009.6378381750968,1008.5355743668529,1009.0021543134425,-1.1022638082439846,1527.899404440025,1532.4671509655425,1530.9723927942134,4.5677465255176655,True,IPA,0.5478368027862004,16,False
equal,4.0474499999999995,25.0,95.95254999999999,1.81,1.8863490339756477,1.6062750000000001,1.6740305494747145,3.63,3.783119885818564,0.22,0.22927999307991295,88.686275,92.42722053765117,1009.6572573582139,1008.5548848875986,1009.0215712990351,-1.10237247061524,1527.8253591907715,1532.3936043740932,1530.8983655839634,4.568245183321887,True,IPA,0.550931983027409,16,False
equal,4.0656,25.0,95.9344,1.81,1.886705915709068,1.5972,1.664887673243383,3.63,3.7838356210076887,0.22,0.22932337097016295,88.6772,92.4352474190697,1009.6766877973578,1008.5742074493794,1009.0409994617403,-1.102480347978416,1527.751285391281,1532.3200220777817,1530.8243096312299,4.568736686500572,True,IPA,0.5540286719162716,16,False
equal,4.08375,25.0,95.91624999999999,1.81,1.8870629325062231,1.5881249999999998,1.6557413368433398,3.63,3.7845516270704915,0.22,0.22936676527699948,88.66812499999999,92.44327733830293,1009.6961294538762,1008.593542011403,1009.060438765456,-1.1025874424732298,1527.6771829911695,1532.2464041536828,1530.7502248878275,4.56922116251336,True,IPA,0.5571268648690768,16,False
equal,4.1019,25.0,95.8981,1.81,1.8874200844438003,1.57905,1.6465915383099352,3.63,3.785267904160771,0.22,0.22941017600974367,88.65905,92.45131029707574,1009.7155822891364,1008.6128885327821,1009.0798891740268,-1.102693756354237,1527.603051939104,1532.172750675301,1530.6761113046139,4.5696987361969,True,IPA,0.5602265574143582,16,False
equal,4.12005,25.0,95.87995,1.81,1.887777371598546,1.569975,1.6374382756770316,3.63,3.785984452432443,0.22,0.2294536031777238,88.649975,92.45934629711425,1009.7350462645205,1008.6322469725337,1009.0993506512424,-1.102799291986772,1527.5288921827866,1532.0990617126104,1530.6019688314732,4.570169529823611,True,IPA,0.5633277451899577,16,False
equal,4.138199999999999,25.0,95.86179999999999,1.81,1.8881347940472641,1.5609000000000002,1.628281546977003,3.63,3.7867012720395405,0.22,0.2294970467902752,88.64089999999999,92.46738534014591,1009.7545213414326,1008.6516172895896,1009.1188231608455,-1.1029040518429725,1527.454703668951,1532.0253373321102,1530.5277974173107,4.570633663159138,True,IPA,0.5664304239401763,16,False
equal,4.15635,25.0,95.84365,1.81,1.8884923518668164,1.551825,1.6191213502407307,3.63,3.787418363136212,0.22,0.22954050685674013,88.63182499999999,92.47542742789949,1009.774007481294,1008.6709994427961,1009.1383066665304,-1.1030080384978858,1527.3804863433463,1531.9515775968648,1530.453597010037,4.571091253518487,True,IPA,0.5695345895130182,16,False
equal,4.1745,25.0,95.82549999999999,1.81,1.8888500451341241,1.5427499999999998,1.6099576834976075,3.63,3.788135725876724,0.22,0.22958398338646813,88.62275,92.48347256210508,1009.7935046455498,1008.6903933909241,1009.1578011319504,-1.1031112546256612,1527.3062401507298,1531.8777825665506,1530.3793675565578,4.571542415820896,True,IPA,0.5726402378575145,16,False
equal,4.1926499999999995,25.0,95.80735,1.81,1.8892078739261653,1.5336750000000001,1.6007905447755313,3.63,3.788853360415459,0.22,0.22962747638881567,88.613675,92.49152074449404,1009.8130127956675,1008.7097990926717,1009.177306520719,-1.103213702995817,1527.2319650348547,1531.8039522974982,1530.3051090027627,4.571987262643451,True,IPA,0.5757473650211353,16,False
equal,4.2108,25.0,95.7892,1.81,1.8895658383199778,1.5246,1.591619932100905,3.63,3.7895712669069166,0.22,0.22967098587314647,88.60459999999999,92.49957197679905,1009.8325318931371,1008.7292165066675,1009.1968227964115,-1.1033153864695973,1527.1576609384608,1531.7300868427344,1530.2308212935131,4.572425904273485,True,IPA,0.5788559671472772,16,False
equal,4.22895,25.0,95.77104999999999,1.81,1.8899239383926565,1.5155249999999998,1.5824458434986355,3.63,3.7902894455057146,0.22,0.22971451184883118,88.595525,92.50762626075418,1009.8520618994753,1008.7486455914789,1009.2163499225711,-1.1034163079964034,1527.0833278032617,1531.6561862520214,1530.156504372631,4.572858448759764,True,IPA,0.5819660404728282,16,False
equal,4.2471,25.0,95.7529,1.81,1.8902821742213551,1.50645,1.5732682769921331,3.63,3.7910078963665854,0.22,0.2297580543252476,88.58645,92.51568359809468,1009.8716027762256,1008.7680863056153,1009.235887862711,-1.1035164706103064,1527.0089655699358,1531.5822505718982,1530.0821581828868,4.573285001962505,True,IPA,0.5850775813258067,16,False
equal,4.26525,25.0,95.73474999999999,1.81,1.8906405458832871,1.497375,1.5640872306033076,3.63,3.791726619644382,0.22,0.22980161331178076,88.57737499999999,92.52374399055725,1009.8911544849569,1008.7875386075303,1009.2554365803139,-1.1036158774266382,1526.9345741781135,1531.5082798457158,1530.0077826659874,4.573705667602239,True,IPA,0.5881905861230725,16,False
equal,4.2834,25.0,95.7166,1.81,1.8909990534557224,1.4882999999999997,1.5549027023525699,3.63,3.7924456154940733,0.22,0.22984518881782262,88.5683,92.53180743987981,1009.9107169872703,1008.8070024556317,1009.2749960388412,-1.1037145316386603,1526.860153566368,1531.4342741136754,1529.9333777625664,4.57412054730754,True,IPA,0.5913050513681049,16,False
equal,4.30155,25.0,95.69845,1.81,1.8913576970159915,1.479225,1.5457146902588288,3.63,3.7931648840707455,0.22,0.22988878085277245,88.559225,92.53987394780168,1009.9302902447955,1008.8264778082812,1009.2945662017304,-1.10381243651431,1526.7857036722014,1531.3602334128632,1529.8589434121686,4.574529740661663,True,IPA,0.5944209736488485,16,False
equal,4.3197,25.0,95.68029999999999,1.81,1.8917164766414822,1.4701499999999998,1.5365231923394889,3.63,3.7938844255296025,0.22,0.22993238942603653,88.55014999999999,92.5479435160634,1009.9498742191944,1008.8459646238014,1009.3141470324009,-1.103909595393022,1526.7112244320351,1531.2861577772833,1529.784479553241,4.574933345248083,True,IPA,0.597538349635623,16,False
equal,4.3378499999999995,25.0,95.66215,1.81,1.8920753924096416,1.4610750000000001,1.5273282066104517,3.63,3.7946042400259663,0.22,0.22997601454702826,88.54107499999999,92.55601614640692,1009.969468872163,1008.8654628604804,1009.3337384942567,-1.104006011682625,1526.6367157811976,1531.2120472378926,1529.7099861231197,4.5753314566949905,True,IPA,0.6006571760790943,16,False
equal,4.356,25.0,95.64399999999999,1.81,1.892434444397976,1.452,1.518129731086111,3.63,3.795324327715278,0.22,0.23001965622516835,88.532,92.56409184057546,1009.9890741654307,1008.8849724765744,1009.3533405506872,-1.1041016888563113,1526.5621776539124,1531.1379018226312,1529.6354630580174,4.575724168718748,True,IPA,0.603777449808306,16,False
equal,4.37415,25.0,95.62584999999999,1.81,1.8927936326840495,1.4429249999999998,1.5089277637793548,3.63,3.796044688753094,0.22,0.23006331446988448,88.52292499999999,92.57217060031363,1010.0086900607639,1008.9044934303142,1009.3729531650727,-1.1041966304496837,1526.4876099832873,1531.0637215564536,1529.5609102930123,4.576111573166328,True,IPA,0.6068991677287681,16,False
equal,4.3923,25.0,95.6077,1.81,1.893152957345486,1.43385,1.499722302701561,3.63,3.7967653232950904,0.22,0.23010698929061155,88.51384999999999,92.58025242736724,1010.028316519966,1008.9240256799081,1009.392576300785,-1.1042908400578682,1526.4130127012993,1530.989506461356,1529.4863277620327,4.5764937600567706,True,IPA,0.6100223268206018,16,False
equal,4.41045,25.0,95.58954999999999,1.81,1.8935124184599679,1.424775,1.490513345862597,3.63,3.7974862314970625,0.22,0.23015068069679168,88.504775,92.58833732348359,1010.0479535048794,1008.9435691835467,1009.4122099211914,-1.1043843213327016,1526.3383857387878,1530.9152565564095,1529.41171539785,4.576870817621667,True,IPA,0.6131469241367389,16,False
equal,4.428599999999999,25.0,95.5714,1.81,1.8938720161052365,1.4157000000000002,1.4813008912708199,3.63,3.798207413514922,0.22,0.23019438869787406,88.4957,92.59642529041115,1010.0676009773865,1008.9631238994066,1009.4318539896568,-1.104477077979989,1526.2637290254365,1530.8409718577811,1529.3370731320606,4.577242832344701,True,IPA,0.6162729568011708,16,False
equal,4.44675,25.0,95.55324999999999,1.81,1.894231750359093,1.406625,1.4720849369330715,3.63,3.7989288695047008,0.22,0.2302381133033152,88.48662499999999,92.60451632989981,1010.0872588994132,1008.9826897856564,1009.4515084695478,-1.1045691137568285,1526.1890424897663,1530.7666523787666,1529.2624008950777,4.5776098890002626,True,IPA,0.6194004220072525,16,False
equal,4.4649,25.0,95.5351,1.81,1.8945916212993967,1.3975499999999998,1.4628654808546806,3.63,3.799650599622547,0.22,0.2302818545225786,88.47755,92.61261044370079,1010.1069272329253,1009.0022668004563,1009.4711733242308,-1.104660432469006,1526.1143260591161,1530.6922981298073,1529.187698616113,4.577972070691155,True,IPA,0.6225293170160493,16,False
equal,4.4830499999999995,25.0,95.51695,1.81,1.8949516290040669,1.3884750000000001,1.45364252103946,3.63,3.800372604024731,0.22,0.2303256123651352,88.468475,92.62070763356661,1010.1266059399379,1009.0218549019695,1009.4908485170831,-1.1047510379684529,1526.0395796596388,1530.6179091185243,1529.1129662231722,4.57832945888543,True,IPA,0.6256596391547357,16,False
equal,4.5012,25.0,95.49879999999999,1.81,1.8953117735510816,1.3794,1.4444160554897025,3.63,3.8010948828676385,0.22,0.23036938684046293,88.45939999999999,92.62880790125111,1010.1462949825093,1009.0414540483586,1009.5105340114866,-1.1048409341507754,1525.9648032162804,1530.5434853497327,1529.038203643033,4.5786821334523475,True,IPA,0.6287913858150376,16,False
equal,4.51935,25.0,95.48065,1.81,1.8956720550184776,1.3703249999999998,1.435186082206185,3.63,3.8018174363077755,0.22,0.230413177958047,88.45032499999999,92.6369112485095,1010.1659943227472,1009.0610641977944,1009.5302297708361,-1.1049301249528425,1525.889996652772,1530.4690268254694,1528.9634108012385,4.579030172697497,True,IPA,0.6319245544517176,16,False
equal,4.5375,25.0,95.46249999999999,1.81,1.8960324734843526,1.36125,1.425952599188163,3.63,3.802540264501768,0.22,0.23045698572737988,88.44125,92.64501767709835,1010.1857039228081,1009.0806853084576,1009.5499357585394,-1.105018614350441,1525.8151598916147,1530.3945335450119,1528.8885876220816,4.579373653397094,True,IPA,0.6350591425811055,16,False
equal,4.55565,25.0,95.44435,1.81,1.8963930290268622,1.352175,1.4167156044333689,3.63,3.803263367606359,0.22,0.23050081015796114,88.432175,92.65312718877546,1010.2054237449005,1009.1003173385445,1009.5696519380217,-1.1051064063559926,1525.740292854065,1530.3200055048965,1528.8137340285891,4.5797126508314845,True,IPA,0.6381951477796675,16,False
equal,4.5738,25.0,95.4262,1.81,1.8967537217242225,1.3430999999999997,1.4074750959380127,3.63,3.8039867457784133,0.22,0.23054465125929777,88.42309999999999,92.66123978530005,1010.2251537512852,1009.1199602462689,1009.5893782727265,-1.105193505016331,1525.665395460126,1530.2454426989439,1528.7388499425144,4.580047238817843,True,IPA,0.6413325676826167,16,False
equal,4.59195,25.0,95.40804999999999,1.81,1.8971145516547085,1.334025,1.3982310716967805,3.63,3.8047103991749127,0.22,0.2305885090409038,88.414025,92.66935546843271,1010.244893904277,1009.1396139898665,1009.6091147261185,-1.1052799144105412,1525.5904676285293,1530.1708451182715,1528.6639352843188,4.580377489742121,True,IPA,0.6444713999825618,16,False
equal,4.6101,25.0,95.3899,1.81,1.8974755188966548,1.3249499999999999,1.38898352970283,3.63,3.8054343279529594,0.22,0.2306323835123006,88.40495,92.67747423993526,1010.2646441662478,1009.1592785275999,1009.6288612616878,-1.1053656386478559,1525.5155092767216,1530.096212751312,1528.5889899731583,4.580703474590233,True,IPA,0.6476116424281928,16,False
equal,4.6282499999999995,25.0,95.37174999999999,1.81,1.8978366235284558,1.3158750000000001,1.379732467947794,3.63,3.806158532269776,0.22,0.23067627468301674,88.39587499999999,92.68559610157097,1010.2844044996265,1009.1789538177609,1009.6486178429503,-1.1054506818656114,1525.440520320854,1530.0215455838324,1528.5140139268724,4.581025262978524,True,IPA,0.6507532928230033,16,False
equal,4.6464,25.0,95.3536,1.81,1.8981978656285656,1.3068,1.3704778844217733,3.63,3.8068830122827033,0.22,0.23072018256258808,88.3868,92.69372105510438,1010.3041748669019,1009.1986398186747,1009.6683844334518,-1.1055350482272606,1525.3655006757642,1529.9468435989477,1528.4390070619668,4.5813429231835165,True,IPA,0.6538963490240483,16,False
equal,4.66455,25.0,95.33545,1.81,1.8985592452754985,1.2977249999999998,1.36121977711334,3.63,3.8076077681492038,0.22,0.2307641071605578,88.377725,92.7018491023014,1010.3239552306236,1009.2183364887031,1009.6881609967696,-1.1056187419204426,1525.2904502549654,1529.8721067771364,1528.363969293602,4.5816565221709595,True,IPA,0.657040808940734,16,False
equal,4.6827,25.0,95.31729999999999,1.81,1.8989207625478273,1.28865,1.3519581440095347,3.63,3.808332800026858,0.22,0.23080804848647624,88.36864999999999,92.7099802449293,1010.3437455534053,1009.2380437862502,1009.7079474965166,-1.1057017671551028,1525.2153689706297,1529.7973350962538,1528.2889005355773,4.5819661256241995,True,IPA,0.6601866705336424,16,False
equal,4.70085,25.0,95.29915,1.81,1.8992824175241858,1.279575,1.3426929830958618,3.63,3.809058108073367,0.22,0.23085200654990104,88.35957499999999,92.71811448475667,1010.3635457979232,1009.2577616697615,1009.7277438963406,-1.105784128161675,1525.1402567335742,1529.7225285315462,1528.2138007003166,4.58227179797189,True,IPA,0.6633339318133878,16,False
equal,4.718999999999999,25.0,95.28099999999999,1.81,1.8996442102832676,1.2705000000000002,1.3334242923562938,3.63,3.8097836924465533,0.22,0.23089598136039716,88.3505,92.72625182355348,1010.3833559269224,1009.2774900977331,1009.7475501599313,-1.105865829189307,1525.0651134532466,1529.6476870556617,1528.1386696988538,4.582573602415044,True,IPA,0.666482590839501,16,False
equal,4.73715,25.0,95.26284999999999,1.81,1.9000061409038258,1.261425,1.3241520697732643,3.63,3.810509553304358,0.22,0.23093997292753685,88.34142499999999,92.73439226309101,1010.4031759032141,1009.2972290287099,1009.7673662510185,-1.1059468745041467,1524.989939037711,1529.5728106386646,1528.0635074408199,4.582871600953465,True,IPA,0.6696326457193482,16,False
equal,4.7553,25.0,95.2447,1.81,1.9003682094646737,1.2523499999999999,1.3148763133276706,3.63,3.811235690804843,0.22,0.23098398126089956,88.33234999999999,92.74253580514191,1010.4230056896819,1009.3169784212942,1009.7662953324646,-1.10602726838767,1524.914733393631,1529.4978992480426,1528.138304024614,4.583165854411557,True,IPA,0.6727840946070744,16,False
equal,4.7734499999999995,25.0,95.22654999999999,1.81,1.9007304160446852,1.2432750000000001,1.305597020998871,3.63,3.811962105106192,0.22,0.23102800637007223,88.323275,92.75068245148019,1010.4428452492796,1009.3367382341445,1009.7860342103637,-1.1061070151350678,1524.8394964262552,1529.4229528487188,1528.0634372198972,4.58345642246352,True,IPA,0.6759369357025771,16,False
equal,4.7916,25.0,95.2084,1.81,1.9010927607227934,1.2342,1.2963141907646805,3.63,3.8126887963667073,0.22,0.23107204826464892,88.3142,92.75883220388117,1010.4626945450357,1009.356508425982,1009.8057839906481,-1.106186119053673,1524.7642280394023,1529.3479714030602,1527.9885347712107,4.583743363657983,True,IPA,0.6790911672505073,16,False
equal,4.80975,25.0,95.19024999999999,1.81,1.9014552435779926,1.2251249999999998,1.2870278206013746,3.63,3.813415764744814,0.22,0.23111610695423115,88.30512499999999,92.76698506412158,1010.4825535400561,1009.3762889555946,1009.8255446247937,-1.1062645844614416,1524.6889281354468,1529.2729548708887,1527.9135966220656,4.584026735442037,True,IPA,0.6822467875392957,16,False
equal,4.8279,25.0,95.1721,1.81,1.9018178646893364,1.21605,1.2777379084836837,3.63,3.814143010399056,0.22,0.23116018244842765,88.29605,92.7751410339795,1010.5024221975203,1009.3960797818348,1009.845316064403,-1.1063424156854753,1524.6135966152992,1529.197903209484,1527.8386227143437,4.584306594184723,True,IPA,0.6854037949002045,16,False
equal,4.84605,25.0,95.15395,1.81,1.9021806241359398,1.206975,1.2684444523847933,3.63,3.8148705334881003,0.22,0.23120427475685457,88.286975,92.78330011523433,1010.522300480692,1009.4158808636314,1009.8650982612193,-1.1064196170605942,1524.538233378394,1529.1228163735939,1527.763612988276,4.584582995199974,True,IPA,0.6885621877064055,16,False
equal,4.8642,25.0,95.13579999999999,1.81,1.902543521996977,1.1978999999999997,1.2591474502763418,3.63,3.8155983341707334,0.22,0.23124838388913535,88.27789999999999,92.79146230966681,1010.5421883529135,1009.4356921599856,1009.8848911671217,-1.1064961929279518,1524.4628383226723,1529.0476943154413,1527.6885673824183,4.584855992769015,True,IPA,0.6917219643720807,16,False
equal,4.88235,25.0,95.11765,1.81,1.9029065583516835,1.188825,1.24984690012842,3.63,3.8163264126058625,0.22,0.23129250985490074,88.26882499999999,92.79962761905914,1010.5620857776125,1009.4555136299789,1009.9046947341353,-1.1065721476336923,1524.3874113445643,1528.9725369847265,1527.6134858336254,4.585125640162246,True,IPA,0.6948831233515456,16,False
equal,4.9005,25.0,95.09949999999999,1.81,1.903269733279355,1.1797499999999999,1.2405427999095684,3.63,3.8170547689525183,0.22,0.231336652663789,88.25975,92.80779604519478,1010.5819927183024,1009.4753452327748,1009.9245089144323,-1.1066474855276536,1524.3119523389742,1528.8973443286347,1527.5383682770287,4.585391989660628,True,IPA,0.6980456631383979,16,False
equal,4.9186499999999995,25.0,95.08135,1.81,1.9036330468593472,1.1706750000000001,1.231235147586777,3.63,3.8177834033698512,0.22,0.23138081232544552,88.250675,92.81596758985859,1010.6019091385832,1009.4951869276211,1009.9443336603349,-1.1067222109621113,1524.236461199264,1528.8221162918408,1527.4632146460137,4.585655092576561,True,IPA,0.7012095822646847,16,False
equal,4.9368,25.0,95.0632,1.81,1.9039964991710778,1.1616,1.221923941125483,3.63,3.818512316017134,0.22,0.23142498884952328,88.24159999999999,92.82414225483679,1010.6218350021463,1009.5150386738558,1009.9641689243223,-1.1067963282905608,1524.1609378172345,1528.7468528165089,1527.3880248721935,4.585914999274281,True,IPA,0.7043748793000933,16,False
equal,4.95495,25.0,95.04504999999999,1.81,1.9043600902940239,1.1525249999999998,1.212609178489569,3.63,3.8192415070537606,0.22,0.23146918224568247,88.232525,92.83232004191696,1010.6417702727732,1009.5349004309066,1009.9840146590303,-1.1068698418665428,1524.0853820831098,1528.6715538422995,1527.312798885388,4.586171759189791,True,IPA,0.7075415528511624,16,False
equal,4.9731,25.0,95.0269,1.81,1.9047238203077235,1.14345,1.2032908576413628,3.63,3.8199709766392465,0.22,0.23151339252359068,88.22345,92.84050095288808,1010.6617149143422,1009.5547721582997,1010.0038708172598,-1.1069427560425056,1524.0097938855183,1528.5962193063685,1527.2375366135986,4.586425420850329,True,IPA,0.7107096015605111,16,False
equal,4.99125,25.0,95.00874999999999,1.81,1.9050876892917759,1.134375,1.1939689765416344,3.63,3.8207007249332303,0.22,0.23155761969292304,88.21437499999999,92.84868498954043,1010.6816688908251,1009.5746538156563,1010.0237373519753,-1.107015075168707,1523.93417311148,1528.5208491433734,1527.1622379829894,4.586676031893388,True,IPA,0.7138790241060906,16,False
equal,5.009399999999999,25.0,94.9906,1.81,1.9054516973258406,1.1253000000000002,1.184643533149596,3.63,3.8214307520954707,0.22,0.23160186376336184,88.2053,92.85687215366572,1010.7016321662943,1009.5945453627022,1010.0436142163126,-1.107086803592151,1523.8585196463812,1528.4454432854666,1527.0869029178568,4.5869236390852945,True,IPA,0.7170498192004533,16,False
equal,5.02755,25.0,94.97245,1.81,1.905815844489639,1.116225,1.175314525422899,3.63,3.8221610582858503,0.22,0.231646124744597,88.196225,92.86506244705701,1010.7216047049224,1009.6144467592668,1010.0635013635799,-1.107157945655564,1523.782833373963,1528.3700016623025,1527.0115313406143,4.587168288339368,True,IPA,0.7202219855900388,16,False
equal,5.0457,25.0,94.95429999999999,1.81,1.9061801308629522,1.1071499999999999,1.165981951317634,3.63,3.8228916436643736,0.22,0.23169040264632568,88.18714999999999,92.8732558715087,1010.7415864709839,1009.6343579652874,1010.0833987472614,-1.107228505696404,1523.7071141763001,1528.2945242010337,1526.9361231717635,4.587410024733651,True,IPA,0.7233955220544795,16,False
equal,5.0638499999999995,25.0,94.93615,1.81,1.9065445565256227,1.0980750000000001,1.156645808788328,3.63,3.8236225083911664,0.22,0.23173469747825248,88.17807499999999,92.88145242881662,1010.7615774288605,1009.6542789408146,1010.1033063210227,-1.1072984880459045,1523.6313619337836,1528.219010826312,1526.860678329876,4.5876488925282555,True,IPA,0.7265704274059243,16,False
equal,5.082,25.0,94.91799999999999,1.81,1.906909121557555,1.089,1.1473060957879433,3.63,3.824353652626478,0.22,0.23177900925008957,88.169,92.88965212077794,1010.78157754304,1009.674209646012,1010.1232240387111,-1.107367897028154,1523.555576525101,1528.1434614602833,1526.7851967315664,4.58788493518228,True,IPA,0.7297467004883762,16,False
equal,5.10015,25.0,94.89984999999999,1.81,1.9072738260387136,1.0799249999999998,1.1379628102678772,3.63,3.82508507653068,0.22,0.23182333797155635,88.15992499999999,92.89785494919117,1010.8015867781211,1009.6941500411618,1010.1431518543615,-1.1074367369592064,1523.47975782722,1528.0678760225903,1526.7096782914737,4.588118195370372,True,IPA,0.7329243401770479,16,False
equal,5.1183,25.0,94.8817,1.81,1.9076386700491244,1.07085,1.1286159501779587,3.63,3.825816780264266,0.22,0.23186768365237975,88.15084999999999,92.90606091585627,1010.8216050988135,1009.7141000866673,1010.1630897221972,-1.1075050121462249,1523.4039057153666,1527.9922544303654,1526.634122922235,4.58834871499889,True,IPA,0.7361033453777336,16,False
equal,5.13645,25.0,94.86354999999999,1.81,1.9080036536688751,1.061775,1.1192655134664473,3.63,3.8265487639878546,0.22,0.23191204630229423,88.141775,92.91427002257454,1010.8416324699434,1009.7340597430567,1010.1830375966368,-1.1075727268866562,1523.3280200630081,1527.91659659823,1526.558530534466,4.588576535221708,True,IPA,0.7392837150261964,16,False
equal,5.1546,25.0,94.8454,1.81,1.908368776978114,1.0526999999999997,1.1099114980800333,3.63,3.8272810278621843,0.22,0.23195642593104146,88.1327,92.92248227114864,1010.8616688564526,1009.7540289709852,1010.2029954322929,-1.1076398854674365,1523.2521007418316,1527.8409024382872,1526.4829010367341,4.588801696455659,True,IPA,0.7424654480875675,16,False
equal,5.17275,25.0,94.82724999999999,1.81,1.9087340400570512,1.043625,1.1005539019638344,3.63,3.8280135720481194,0.22,0.23200082254837087,88.12362499999999,92.93069766338263,1010.8817142234037,1009.7740077312395,1010.2229631839792,-1.1077064921642266,1523.1761476217264,1527.765171860122,1526.4072343355406,4.589024238395625,True,IPA,0.745648543555765,16,False
equal,5.1909,25.0,94.8091,1.81,1.909099442985958,1.0345499999999999,1.0911927230613938,3.63,3.828746396706645,0.22,0.2320452361640391,88.11455,92.93891620108197,1010.9017685359801,1009.7939959847394,1010.2429408067104,-1.1077725512406742,1523.1001605707636,1527.6894047707929,1526.3315303352954,4.589244200029291,True,IPA,0.7488330004529229,16,False
equal,5.2090499999999995,25.0,94.79095,1.81,1.9094649858451678,1.0254750000000001,1.0818279593146816,3.63,3.8294795019988723,0.22,0.23208966678781046,88.105475,92.94713788605348,1010.9218317594908,1009.8139936925431,1010.262928255708,-1.1078380669477093,1523.0241394551736,1527.613601074825,1526.2557889382933,4.589461619651556,True,IPA,0.7520188178288344,16,False
equal,5.2272,25.0,94.77279999999999,1.81,1.9098306687150746,1.0164,1.0724596086640894,3.63,3.8302128880860336,0.22,0.23213411442945658,88.09639999999999,92.95536272010536,1010.9419038593733,1009.8340008158505,1010.2829254864032,-1.107903043522862,1522.948084139329,1527.5377606742077,1526.1800100446937,4.589676534878628,True,IPA,0.7552059947604108,16,False
equal,5.24535,25.0,94.75465,1.81,1.910196491676134,1.0073249999999998,1.0630876690484319,3.63,3.8309465551294846,0.22,0.23217857909875664,88.08732499999999,92.9635907050472,1010.9619848011919,1009.8540173160022,1010.3029324544365,-1.1079674851896104,1522.871994485722,1527.4618834683838,1526.104193552496,4.589888982661794,True,IPA,0.7583945303511511,16,False
equal,5.2635,25.0,94.73649999999999,1.81,1.9105624548088647,0.9982500000000001,1.0537121384049444,3.63,3.8316805032907064,0.22,0.23222306080549737,88.07825,92.97182184268998,1010.9820745506453,1009.8740431544885,1010.322949115665,-1.1080313961567534,1522.795870354945,1527.3859693542458,1526.0283393575187,4.590098999300885,True,IPA,0.7615844237306233,16,False
equal,5.28165,25.0,94.71834999999999,1.81,1.9109285581938456,0.9891749999999999,1.04433301466928,3.63,3.832414732731303,0.22,0.23226755955947292,88.06917499999999,92.98005613484611,1011.0021730735665,1009.8940782929487,1010.3429754261629,-1.1080947806178094,1522.7197116056664,1527.3100182261237,1525.952447353373,4.590306620457427,True,IPA,0.7647756740539627,16,False
equal,5.299799999999999,25.0,94.7002,1.81,1.9112948019117173,0.9801000000000002,1.0349502957755108,3.63,3.833149243613002,0.22,0.23231207537048498,88.06009999999999,92.98829358332927,1011.0222803359279,1009.9141226931774,1010.3630113422271,-1.1081576427504392,1522.6435180946125,1527.23402997578,1525.876517431443,4.5905118811675205,True,IPA,0.7679682805013763,16,False
equal,5.31795,25.0,94.68204999999999,1.81,1.9116611860431836,0.971025,1.025563979656123,3.63,3.833884036097656,0.22,0.23235660824834276,88.051025,92.9965341899547,1011.0423963038402,1009.9341763171243,1010.383056820376,-1.108219986715894,1522.5672896765448,1527.1580044923992,1525.8005494808622,4.590714815854409,True,IPA,0.7711622422776626,16,False
equal,5.3361,25.0,94.6639,1.81,1.9120277106690091,0.9619499999999999,1.0161740642420183,3.63,3.834619110347239,0.22,0.23240115820286297,88.04195,93.00477795653887,1011.0625209435589,1009.9542391269003,1010.4031118173568,-1.1082818166584865,1522.491026204237,1527.0819416625777,1525.7245433884887,4.590915458340769,True,IPA,0.7743575586117414,16,False
equal,5.3542499999999995,25.0,94.64574999999999,1.81,1.9123943758700208,0.9528750000000001,1.0067805474625118,3.63,3.835354466523854,0.22,0.23244572524386992,88.03287499999999,93.01302488489974,1011.082654221485,1009.9743110847799,1010.4231762901459,-1.108343136705085,1522.4147275284538,1527.0058413703146,1525.648499038883,4.591113841860741,True,IPA,0.7775542287561946,16,False
equal,5.3724,25.0,94.6276,1.81,1.912761181727107,0.9438,0.9973834272453279,3.63,3.836090104789723,0.22,0.23249030938119533,88.0238,93.02127497685663,1011.102796104169,1009.9943921532043,1010.4432501959529,-1.108403950964629,1522.3383934979288,1526.9297034970004,1525.5724163142854,4.591309999071677,True,IPA,0.7807522519868183,16,False
equal,5.39055,25.0,94.60945,1.81,1.9131281283212196,0.9347249999999998,0.9879827015166032,3.63,3.8368260253071975,0.22,0.23253491062467863,88.014725,93.0295282342303,1011.1229465583127,1010.014482294785,1010.4633334922236,-1.1084642635276678,1522.2620239593396,1526.8535279214052,1525.4962950945899,4.5915039620656355,True,IPA,0.7839516276021834,16,False
equal,5.4087,25.0,94.59129999999999,1.81,1.9134952157333711,0.9256500000000001,0.9785783682008813,3.63,3.83756222823875,0.22,0.23257952898416664,88.00564999999999,93.03778465884282,1011.1431055507732,1010.0345814723072,1010.4834261366423,-1.1085240784659185,1522.1856187572891,1526.7773145196697,1525.4201352573248,4.591695762380613,True,IPA,0.7871523549232097,16,False
equal,5.42685,25.0,94.57315,1.81,1.9138624440446363,0.9165749999999999,0.969170425221112,3.63,3.838298713746978,0.22,0.2326241644695138,87.99657499999999,93.04604425251776,1011.1632730485644,1009.9821736343048,1010.5035280871352,-1.181099414259657,1522.1091777342765,1526.7341755132904,1525.343936677623,4.624997779013983,True,IPA,0.7903544332927467,16,False
equal,5.445,25.0,94.55499999999999,1.81,1.9142298133361537,0.9074999999999998,0.9597588704986514,3.63,3.8390354819946064,0.22,0.2326688170905822,87.9875,93.05430701708002,1011.1834490188627,1010.0021046031084,1010.5236393018747,-1.1813444157543502,1522.0327007306782,1526.6579060784825,1525.2676992282043,4.625205347804194,True,IPA,0.793557862075165,16,False
equal,5.46315,25.0,94.53684999999999,1.81,1.9145973236891225,0.898425,0.9503437019532597,3.63,3.839772533144483,0.22,0.23271348685724141,87.97842499999999,93.0625729543559,1011.2036334290062,1010.0220457323253,1010.5437597392795,-1.1815876966808834,1521.956187584723,1526.5815982435727,1525.1914227793475,4.6254106588496,True,IPA,0.7967626406559571,16,False
equal,5.4813,25.0,94.5187,1.81,1.9149649751848048,0.8893499999999999,0.9409249175030971,3.63,3.840509867359581,0.22,0.23275817377936853,87.96934999999999,93.07084206617314,1011.2238262465012,1010.0419969777934,1010.56388935802,-1.1818292687078609,1521.879638132465,1526.5052518763614,1525.1151071988654,4.625613743896335,True,IPA,0.7999687684413489,16,False
equal,5.4994499999999995,25.0,94.50054999999999,1.81,1.9153327679045256,0.8802750000000001,0.9315025150647275,3.63,3.8412474848029987,0.22,0.23280287786684842,87.960275,93.07911435436091,1011.2440274390233,1010.0619582955462,1010.5840281170207,-1.182069143477087,1521.803052207764,1526.428866841916,1525.0387523520849,4.625814634152009,True,IPA,0.8031762448579157,16,False
equal,5.5176,25.0,94.4824,1.81,1.9157007019296717,0.8712,0.9220764925531105,3.63,3.84198538563796,0.22,0.23284759912957334,87.9512,93.08738982074969,1011.2642369744211,1010.0819296418193,1010.6041759754626,-1.1823073326018105,1521.7264296422563,1526.3524430025525,1524.9623581018166,4.626013360296257,True,IPA,0.8063850693522129,16,False
equal,5.53575,25.0,94.46424999999999,1.81,1.916068777341693,0.8621249999999998,0.9126468478816059,3.63,3.842723570027815,0.22,0.23289233757744335,87.94212499999999,93.09566846717145,1011.284454820721,1010.101910973056,1010.624332892788,-1.1825438476650305,1521.6497702653323,1526.2759802178234,1524.8859243083343,4.626209952491046,True,IPA,0.8095952413904086,16,False
equal,5.5539,25.0,94.4461,1.81,1.9164369942221013,0.8530500000000001,0.9032135789619689,3.63,3.843462038136037,0.22,0.2329370932203659,87.93305,93.10395029545953,1011.3046809461268,1010.1219022459089,1010.6444988287006,-1.1827787002178622,1521.57307390411,1526.199478344501,1524.8094508293484,4.626404440390752,True,IPA,0.8128067604579298,16,False
equal,5.57205,25.0,94.42795,1.81,1.9168053526524722,0.8439749999999999,0.8937766837043482,3.63,3.8442007901262287,0.22,0.23298186606825627,87.923975,93.11223530744869,1011.3249153190267,1010.1419034172487,1010.6646737431719,-1.183011901777968,1521.4963403834095,1526.1229372365615,1524.7329375199797,4.626596853152039,True,IPA,0.816019626059113,16,False
equal,5.590199999999999,25.0,94.40979999999999,1.81,1.917173852714443,0.8349000000000002,0.8843361600172867,3.63,3.844939826162115,0.22,0.23302665613103726,87.91489999999999,93.12052350497511,1011.3451579079938,1010.1619144441657,1010.6848575964409,-1.183243463828043,1521.4195695257279,1526.0463567451714,1524.6563842327369,4.62678721944349,True,IPA,0.8192338377168649,16,False
equal,5.60835,25.0,94.39165,1.81,1.917542494489714,0.825825,0.8748920058077172,3.63,3.845679146407548,0.22,0.23307146341863927,87.905825,93.12881488987637,1011.3654086817922,1010.1819352839779,1010.705050349021,-1.1834733978143612,1521.3427611512102,1525.9697367186652,1524.5797908174857,4.626975567455068,True,IPA,0.8224493949723286,16,False
equal,5.6265,25.0,94.37349999999999,1.81,1.9179112780600487,0.8167499999999999,0.8654442189809638,3.63,3.8464187510265067,0.22,0.2331162879410004,87.89675,93.13710946399148,1011.3856676093784,1010.201965894233,1010.7252519617002,-1.1837017151453764,1521.2659150776267,1525.893077002534,1524.5031571214295,4.627161924907329,True,IPA,0.8256662973845592,16,False
equal,5.6446499999999995,25.0,94.35534999999999,1.81,1.9182802035072735,0.8076750000000001,0.8559927974407389,3.63,3.8471586401830957,0.22,0.2331611297080664,87.88767499999999,93.14540722916082,1011.4059346599047,1010.2220062327143,1010.7454623955449,-1.1839284271903767,1521.189031120342,1525.8163774394025,1524.426482989077,4.627346319060482,True,IPA,0.8288845445302038,16,False
equal,5.6628,25.0,94.3372,1.81,1.9186492709132772,0.7986,0.8465377390891399,3.63,3.8478988140415447,0.22,0.2332059887297906,87.87859999999999,93.15370818722624,1011.4262098027244,1010.2420562574463,1010.7656816119041,-1.1841535452781942,1521.112109092291,1525.7396378690141,1524.3497682622206,4.627528776723216,True,IPA,0.8321041360031923,16,False
equal,5.68095,25.0,94.31904999999999,1.81,1.9190184803600123,0.7895249999999998,0.837079041826651,3.63,3.8486392727662126,0.22,0.2332508650161341,87.869525,93.162012340031,1011.4464930073927,1010.2621159266968,1010.7859095724107,-1.1843770806959655,1521.0351488039473,1525.6628581282087,1524.273012779905,4.627709324261356,True,IPA,0.8353250714144318,16,False
equal,5.6991,25.0,94.3009,1.81,1.919387831929494,0.7804500000000001,0.8276167035521402,3.63,3.8493800165215815,0.22,0.23329575857706555,87.86045,93.17031968941973,1011.4667842436739,1010.282185198986,1010.8061462389874,-1.1845990446879433,1520.9581500633,1525.5860380509064,1524.1962163784056,4.627887987606328,True,IPA,0.8385473503915081,16,False
equal,5.71725,25.0,94.28275,1.81,1.9197573257038008,0.7713749999999999,0.8181507221628558,3.63,3.8501210454722634,0.22,0.2333406694225614,87.85137499999999,93.17863023723851,1011.4870834815415,1010.3022640330871,1010.8263915738473,-1.184819448454356,1520.8811126758217,1525.509177468085,1524.1193788911962,4.628064792263443,True,IPA,0.841770972578396,16,False
equal,5.7354,25.0,94.26459999999999,1.81,1.9201269617650742,0.7622999999999998,0.8086810955544286,3.63,3.8508623597829943,0.22,0.2333855975626057,87.8423,93.1869439853349,1011.5073906911845,1010.3223523880341,1010.8466455394997,-1.1850383031503178,1520.8040364444407,1525.4322762077607,1524.0425001489252,4.628239763320006,True,IPA,0.8449959376351727,16,False
equal,5.75355,25.0,94.24645,1.81,1.9204967401955193,0.753225,0.7992078216208675,3.63,3.851603959618638,0.22,0.2334305430071902,87.833225,93.1952609355578,1011.527705843009,1010.3424502231243,1010.8669080987506,-1.185255619884782,1520.7269211695116,1525.3553340949647,1523.965579979384,4.628412925453247,True,IPA,0.8482222452377397,16,False
equal,5.7717,25.0,94.22829999999999,1.81,1.9208666610774048,0.7441499999999999,0.7897308982545583,3.63,3.8523458451441877,0.22,0.2334755057663144,87.82414999999999,93.20358108975753,1011.5480289076446,1010.3625574979251,1010.8871792147095,-1.1854714097195425,1520.649766648788,1525.2783509517262,1523.8886182074843,4.6285843029380915,True,IPA,0.8514498950775494,16,False
equal,5.7898499999999995,25.0,94.21015,1.81,1.9212367244930615,0.7350750000000001,0.7802503233462639,3.63,3.853088016524759,0.22,0.2335204858499854,87.815075,93.21190444978593,1011.5683598559444,1010.3826741722762,1010.907458850788,-1.1856856836682794,1520.5725726773885,1525.2013265970434,1523.8116146552225,4.628753919654751,True,IPA,0.8546788868613384,16,False
equal,5.808,25.0,94.192,1.81,1.9216069305248855,0.726,0.7707660947851197,3.63,3.853830473925599,0.22,0.23356548326821813,87.806,93.22023101749619,1011.5886986589946,1010.402800206299,1010.9277469707101,-1.185898452695646,1520.4953390477701,1525.1242608468663,1523.7345691416567,4.62892179909617,True,IPA,0.8579092203108654,16,False
equal,5.82615,25.0,94.17384999999999,1.81,1.921977279255335,0.7169249999999998,0.7612782104586358,3.63,3.8545732175120806,0.22,0.23361049803103517,87.79692499999999,93.22856079474292,1011.6090452881119,1010.4229355603956,1010.9480435385084,-1.1861097277163994,1520.4180655496964,1525.0471535140716,1523.6574814828755,4.629087964375303,True,IPA,0.8611408951626567,16,False
equal,5.8443,25.0,94.1557,1.81,1.9223477707669319,0.7078500000000001,0.7517866682526922,3.63,3.855316247449703,0.22,0.23365553014846685,87.78784999999999,93.23689378338221,1011.6293997148529,1010.4430801952583,1010.9683485185328,-1.18631951959457,1520.340751970206,1524.9700044084382,1523.5803514919678,4.629252438232245,True,IPA,0.8643739111677536,16,False
equal,5.86245,25.0,94.13754999999999,1.81,1.9227184051422628,0.6987749999999999,0.7422914660515385,3.63,3.856059563904096,0.22,0.23370057963055127,87.778775,93.24522998527155,1011.6497619110154,1010.4632340718728,1010.9886618754523,-1.1865278391426743,1520.2633980935818,1524.892813336623,1523.5031789789944,4.629415243041202,True,IPA,0.8676082680914703,16,False
equal,5.880599999999999,25.0,94.1194,1.81,1.9230891824639766,0.6897000000000002,0.7327926017377929,3.63,3.856803167041014,0.22,0.23374564648733417,87.7697,93.25356940226987,1011.6701318486419,1010.4833971515209,1011.0089835742567,-1.186734697120961,1520.186003701319,1524.8155801021362,1523.425963750956,4.6295764008173315,True,IPA,0.8708439657131505,16,False
equal,5.89875,25.0,94.10125,1.81,1.9234601028147873,0.680625,0.7232900731924391,3.63,3.8575470570263417,0.22,0.2337907307288692,87.76062499999999,93.26191203623755,1011.6905095000266,1010.5035693957899,1011.0293135802643,-1.186940104236701,1520.1085685720918,1524.7383045053152,1523.3487056117644,4.629735933223417,True,IPA,0.8740810038259351,16,False
equal,5.9169,25.0,94.08309999999999,1.81,1.923831166277472,0.6715499999999999,0.7137838782948266,3.63,3.8582912340260904,0.22,0.2338358323652176,87.75155,93.2702578890364,1011.7108948377178,1010.5237507665743,1011.0496518591228,-1.187144071143506,1520.0310924817231,1524.6609863432996,1523.2714043622104,4.629893861576428,True,IPA,0.8773193822365314,16,False
equal,5.9350499999999995,25.0,94.06495,1.81,1.9242023729348712,0.6624750000000001,0.704274014922668,3.63,3.859035698206399,0.22,0.23388095140644843,87.742475,93.27860696252961,1011.7312878345213,1010.5439412260805,1011.069998376813,-1.187346608440692,1519.9535752031497,1524.5836254100036,1523.1940597999335,4.630050206853917,True,IPA,0.8805591007649867,16,False
equal,5.9532,25.0,94.04679999999999,1.81,1.9245737228698905,0.6534,0.6947604809520368,3.63,3.8597804497335373,0.22,0.23392608786263863,87.73339999999999,93.28695925858189,1011.7516884635072,1010.5641407368346,1011.0903530996543,-1.187547726672669,1519.8760165063889,1524.5062214960892,1523.116671719389,4.630204989700302,True,IPA,0.8838001592444695,16,False
equal,5.97135,25.0,94.02865,1.81,1.9249452161654985,0.6443249999999998,0.6852432742573671,3.63,3.8605254887739004,0.22,0.23397124174387274,87.724325,93.29531477905935,1011.7720966980122,1010.5843492616839,1011.1107159943068,-1.1877474363283693,1519.798416158505,1524.428774388938,1523.0392399118166,4.630358230433016,True,IPA,0.8870425575210529,16,False
equal,5.9895,25.0,94.0105,1.81,1.9253168529047289,0.6352500000000001,0.6757223927114525,3.63,3.8612708154940143,0.22,0.2340164130602433,87.71525,93.30367352582957,1011.7925125116448,1010.6045667638041,1011.1310870277762,-1.1879457478407045,1519.7207739235748,1524.3512838726233,1522.9617641652073,4.630509949048512,True,IPA,0.890286295453502,16,False
equal,6.00765,25.0,93.99234999999999,1.81,1.9256886331706784,0.6261749999999999,0.6661978341854417,3.63,3.862016430060532,0.22,0.23406160182185043,87.70617499999999,93.3120355007615,1011.8129358782905,1010.6247932067045,1011.151466167418,-1.1881426715860595,1519.643089562653,1524.273749727881,1522.8842442642717,4.6306601652281705,True,IPA,0.8935313729130688,16,False
equal,6.0258,25.0,93.9742,1.81,1.9260605570465086,0.6170999999999998,0.6566695965488398,3.63,3.8627623326402354,0.22,0.23410680803880216,87.69709999999999,93.3204007057256,1011.8333667721158,1010.645028554232,1011.1718533809412,-1.188338217883811,1519.5653628337366,1524.1961717320805,1522.8066799904052,4.63080889834406,True,IPA,0.8967777897832868,16,False
equal,6.04395,25.0,93.95604999999999,1.81,1.9264326246154453,0.608025,0.6471376776695063,3.63,3.863508523400037,0.22,0.23415203172121435,87.688025,93.3287691425938,1011.8538051675716,1010.6652727705757,1011.1922486364109,-1.1885323969958816,1519.4875934917293,1524.1185496591938,1522.729071121655,4.630956167464595,True,IPA,0.9000255459597745,16,False
equal,6.0621,25.0,93.9379,1.81,1.9268048359607783,0.5989499999999999,0.6376020754136508,3.63,3.8642550025069755,0.22,0.23419727287921063,87.67895,93.33714081323939,1011.8742510394003,1010.6855258202739,1011.2126519022552,-1.1887252191263173,1519.4097812884052,1524.0408832797652,1522.6514174326844,4.631101991360065,True,IPA,0.9032746413500391,16,False
equal,6.0802499999999995,25.0,93.91975,1.81,1.9271771911658624,0.5898750000000001,0.6280627876458361,3.63,3.8650017701282215,0.22,0.23424253152292251,87.66987499999999,93.34551571953716,1011.8947043626388,1010.7057876682179,1011.2330631472671,-1.1889166944208993,1519.3319259723728,1523.963172360881,1522.5737186947417,4.631246388508062,True,IPA,0.9065250758732857,16,False
equal,6.0984,25.0,93.90159999999999,1.81,1.9275496903141163,0.5808,0.6185198122289717,3.63,3.865748826431073,0.22,0.23428780766248927,87.6608,93.35389386336337,1011.9151651126236,1010.7260582796569,1011.2534823406095,-1.189106832966776,1519.2540272890367,1523.8854166661354,1522.4959746756201,4.631389377098791,True,IPA,0.9097768494602322,16,False
equal,6.11655,25.0,93.88345,1.81,1.927922333489023,0.5717249999999998,0.6089731470243157,3.63,3.8664961715829573,0.22,0.23433310130805804,87.651725,93.36227524659566,1011.9356332649983,1010.7463376202062,1011.2739094518217,-1.1892956447921292,1519.1760849805612,1523.8076159556015,1522.4181851396265,4.631530975040265,True,IPA,0.9130299620529237,16,False
equal,6.1347,25.0,93.86529999999999,1.81,1.9282951207741308,0.5626500000000001,0.5994227898914722,3.63,3.8672438057514333,0.22,0.23437841246978386,87.64264999999999,93.37065987111319,1011.9561087957138,1010.766625655848,1011.2943444508196,-1.1894831398658585,1519.0980987858313,1523.7297699857947,1522.3403498475423,4.631671199963407,True,IPA,0.9162844136045545,16,False
equal,6.15285,25.0,93.84715,1.81,1.928668052253052,0.5535749999999999,0.5898687386883884,3.63,3.867991729104187,0.22,0.23442374115782952,87.633575,93.37904773879654,1011.9765916810366,1010.7869223529392,1011.3147873079024,-1.1896693280972974,1519.0200684404144,1523.6518785096414,1522.2624685565881,4.631810069227037,True,IPA,0.9195402040792916,16,False
equal,6.170999999999999,25.0,93.829,1.81,1.9290411280094641,0.5445000000000002,0.5803109912713555,3.63,3.868739941809036,0.22,0.2344690873823658,87.6245,93.38743885152778,1011.9970818975537,1010.8072276782177,1011.335237993758,-1.1898542193359491,1518.9419936765212,1523.573941276444,1522.1845410203869,4.631947599922768,True,IPA,0.9227973334521027,16,False
equal,6.18915,25.0,93.81084999999999,1.81,1.9294143481271093,0.535425,0.5707495454950041,3.63,3.869488444033926,0.22,0.23451445115357128,87.61542499999999,93.39583321119039,1012.017579422178,1010.8275415988068,1011.3556964794672,-1.1900378233712448,1518.8638742229655,1523.4959580318452,1522.1065669889254,4.632083808879789,True,IPA,0.9260558017085874,16,False
equal,6.2073,25.0,93.7927,1.81,1.9297877126897935,0.5263499999999999,0.5611843992123053,3.63,3.8702372359469344,0.22,0.23455983248163237,87.60634999999999,93.40423081966932,1012.0380842321504,1010.847864082218,1011.3761627365051,-1.1902201499323313,1518.7857098051256,1523.4179285177952,1522.0285462085174,4.632218712669565,True,IPA,0.9293156088448102,16,False
equal,6.2254499999999995,25.0,93.77454999999999,1.81,1.9301612217813897,0.5172750000000002,0.5516155502745683,3.63,3.8709863177162678,0.22,0.2346052313767435,87.597275,93.41263167885103,1012.0585963050506,1010.8681950963628,1011.3966367367518,-1.1904012086878735,1518.7075001449014,1523.339852472512,1521.950478421763,4.632352327610432,True,IPA,0.9325767548671403,16,False
equal,6.2436,25.0,93.7564,1.81,1.9305348754858336,0.5082,0.5420429965314368,3.63,3.871735689510263,0.22,0.23465064784910683,87.5882,93.42103579062336,1012.0791156187978,1010.8885346095519,1011.4171184524918,-1.1905810092458813,1518.6292449606744,1523.2617296304466,1521.8723633675113,4.632484669772105,True,IPA,0.9358392397920914,16,False
equal,6.26175,25.0,93.73825,1.81,1.9309086738871273,0.4991249999999998,0.5324667358308907,3.63,3.872485351497388,0.22,0.2346960819089326,87.57912499999999,93.42944315687565,1012.0996421516581,1010.9088825905046,1011.4376078564216,-1.1907595611535573,1518.5509439672664,1523.1835597222466,1521.7942007808201,4.632615754980091,True,IPA,0.9391030636461647,16,False
equal,6.2799,25.0,93.72009999999999,1.81,1.9312826170693376,0.4900500000000001,0.5228867660192426,3.63,3.8732353038462404,0.22,0.23474153356643881,87.57005,93.43785377949874,1012.1201758822507,1010.9292390083535,1011.4581049216545,-1.190936873897164,1518.4725968758958,1523.1053424747158,1521.7159903929153,4.632745598820021,True,IPA,0.9423682264656982,16,False
equal,6.29805,25.0,93.70195,1.81,1.9316567051165958,0.48097499999999993,0.5133030849411352,3.63,3.8739855467255486,0.22,0.23478700283185142,87.560975,93.44626766038488,1012.1407167895511,1010.9496038326492,1011.478609621724,-1.191112956901911,1518.3942033941353,1523.0270776107773,1521.6377319311503,4.632874216641885,True,IPA,0.9456347282967146,16,False
equal,6.3162,25.0,93.68379999999999,1.81,1.9320309381130998,0.47189999999999976,0.5037156904395421,3.63,3.8747360803041726,0.22,0.23483248971540438,87.55189999999999,93.45468480142777,1012.161264852901,1010.9925387247305,1011.4991219305922,-1.1687261281705228,1518.3157632258687,1523.4064122686877,1521.5594251189643,5.090649042819072,True,IPA,0.9489025691947758,16,False
equal,6.33435,25.0,93.66565,1.81,1.9324053161431112,0.46282500000000004,0.4941245803557655,3.63,3.8754869047511016,0.22,0.2348779942273395,87.542825,93.46310520452268,1012.1818200520098,1011.0130135143014,1011.5196418226514,-1.1688065377084011,1518.237276071247,1523.3291104063435,1521.4810696758414,5.091834335096504,True,IPA,0.9521717492248374,16,False
equal,6.3525,25.0,93.6475,1.81,1.9327798392909583,0.4537499999999999,0.48452975252943203,3.63,3.8762380202354576,0.22,0.23492351637790654,87.53375,93.47152887156625,1012.202382366962,1011.0334961045762,1011.5401692727306,-1.1688862623857612,1518.158741626642,1523.251752440836,1521.402665317266,5.093010814193961,True,IPA,0.9554422684611092,16,False
equal,6.3706499999999995,25.0,93.62934999999999,1.81,1.9331545076410337,0.44467500000000015,0.47493120479849554,3.63,3.8769894269264933,0.22,0.23496905617736322,87.52467499999999,93.47995580445661,1012.2229517782245,1011.0539864691012,1011.5607042561024,-1.1689653091232381,1518.0801595846028,1523.1743381406252,1521.3242117546806,5.094178556022388,True,IPA,0.9587141269869138,16,False
equal,6.3888,25.0,93.6112,1.81,1.933529321277796,0.4356,0.4653289349992309,3.63,3.8777411249935905,0.22,0.2350146136359752,87.51559999999999,93.4883860050934,1012.2435282666509,1011.0744845818865,1011.5812467484863,-1.1690436847643948,1518.0015296338097,1523.096867269596,1521.2457086954435,5.095337635786432,True,IPA,0.9619873248945537,16,False
equal,6.40695,25.0,93.59304999999999,1.81,1.9339042802857693,0.4265249999999998,0.4557229409662361,3.63,3.8784931146062664,0.22,0.23506018876401616,87.506525,93.49681947537772,1012.2641118134885,1011.094990417412,1011.6017967260555,-1.1691213960765745,1517.9228514590272,1523.0193395870176,1521.1671558427818,5.096488127990408,True,IPA,0.9652618622851753,16,False
equal,6.4251,25.0,93.5749,1.81,1.934279384749543,0.4174500000000001,0.44611322053242924,3.63,3.879245395934166,0.22,0.23510578157176765,87.49745,93.50525621721211,1012.2847024003847,1011.115503950633,1011.6223541654422,-1.1691984497517456,1517.8441247410562,1522.9417548475005,1521.0885528957474,5.097630106444278,True,IPA,0.9685377392686392,16,False
equal,6.44325,25.0,93.55675,1.81,1.9346546347537725,0.40837499999999993,0.4364997715290451,3.63,3.8799979691470687,0.22,0.23515139206951932,87.48837499999999,93.51369623250059,1012.3053000093922,1011.1360251569848,1011.642919043743,-1.169274852407342,1517.7653491566878,1522.8641128009574,1521.0098995491717,5.098763644269602,True,IPA,0.9718149559633925,16,False
equal,6.461399999999999,25.0,93.53859999999999,1.81,1.935030030383179,0.3993000000000002,0.4268825917856374,3.63,3.8807508344148838,0.22,0.23519702026756872,87.4793,93.52213952314875,1012.3259046229773,1011.1565540123902,1011.6634913385258,-1.1693506105870926,1517.6865243786535,1522.786413192559,1520.9311954936193,5.099888813905489,True,IPA,0.9750935124963411,16,False
equal,6.47955,25.0,93.52045,1.81,1.9354055717225485,0.39022500000000004,0.4172616791300727,3.63,3.8815039919076524,0.22,0.23524266617622136,87.470225,93.5305860910635,1012.3465162240242,1011.1770904932623,1011.6840710278341,-1.1694257307618456,1517.6076500755767,1522.7086557626913,1520.8524404153393,5.101005687114521,True,IPA,0.9783734090027284,16,False
equal,6.4977,25.0,93.50229999999999,1.81,1.9357812588567342,0.3811499999999999,0.4076370313885326,3.63,3.88225744179555,0.22,0.2352883298057909,87.46114999999999,93.5390359381534,1012.3671347958423,1011.1976345765119,1011.7046580901931,-1.169500219330387,1517.5287259119225,1522.6308402469112,1520.7736339962198,5.102114334988667,True,IPA,0.9816546456260119,16,False
equal,6.5158499999999995,25.0,93.48415,1.81,1.936157091870654,0.37207500000000016,0.3980086463855105,3.63,3.883011184248881,0.22,0.23533401116659883,87.452075,93.54748906632834,1012.3877603221749,1011.2181862395547,1011.7252525046185,-1.169574082620249,1517.4497515479477,1522.5529663759028,1520.6947759137377,5.103214827955177,True,IPA,0.9849372225177458,16,False
equal,6.534,25.0,93.466,1.81,1.936533070849293,0.363,0.38837652194380845,3.63,3.8837652194380845,0.22,0.23537971026897483,87.443,93.55594547749983,1012.4083927872025,1011.238745460314,1011.7458542506187,-1.1696473268885126,1517.3707266396498,1522.4750338754322,1520.6158658409113,5.1043072357824535,True,IPA,0.9882211398374641,16,False
equal,6.55215,25.0,93.44784999999999,1.81,1.936909195877701,0.3539249999999998,0.3787406558845387,3.63,3.8845195475337317,0.22,0.23542542712325648,87.43392499999999,93.56440517358077,1012.4290321755525,1011.2593122172299,1011.7664633082039,-1.169719958322603,1517.2916508387138,1522.3970424662998,1520.5369034462483,5.1053916275859015,True,IPA,0.9915063977525654,16,False
equal,6.5703,25.0,93.4297,1.81,1.9372854670409945,0.3448500000000001,0.36910104602712,3.63,3.885274168706525,0.22,0.23547116173978938,87.42484999999999,93.57286815648555,1012.4496784723052,1011.2798864892642,1011.7870796578921,-1.169791983041078,1517.2125237924613,1522.318991864295,1520.4578883936972,5.106468071833766,True,IPA,0.9947929964382013,16,False
equal,6.58845,25.0,93.41154999999999,1.81,1.9376618844243567,0.33577499999999993,0.35945769018927526,3.63,3.886029083127301,0.22,0.23551691412892733,87.415775,93.58133442813015,1012.4703316630001,1011.3004682559057,1011.8077032807141,-1.169863407094406,1517.1333451437959,1522.2408817801488,1520.378820342595,5.1075366363529255,True,IPA,0.9980809360771659,16,False
equal,6.6066,25.0,93.3934,1.81,1.938038448113036,0.32669999999999977,0.3498105861870322,3.63,3.886784290967028,0.22,0.23556268430103197,87.4067,93.58980399043188,1012.4909917336443,1011.3210574971785,1011.8283341582215,-1.1699342364657426,1517.0541145311502,1522.1627119194848,1520.2996989476153,5.108597388334678,True,IPA,1.001370216859787,16,False
equal,6.62475,25.0,93.37525,1.81,1.9384151581923477,0.31762500000000005,0.3401597318347207,3.63,3.8875397923968076,0.22,0.2356084722664732,87.39762499999999,93.59827684530964,1012.5116586707195,1011.3416541936479,1011.8489722724938,-1.1700044770716949,1516.9748315884299,1522.0844819827703,1520.220523858716,5.109650394340497,True,IPA,1.004660838983821,16,False
equal,6.6429,25.0,93.35709999999999,1.81,1.9387920147476734,0.3085499999999999,0.3305051249449693,3.63,3.8882955875878755,0.22,0.2356542780356288,87.38855,93.60675299468386,1012.5323324611882,1011.362258326425,1011.869617606143,-1.1700741347630779,1516.895495944959,1522.006191665267,1520.1412947210847,5.110695720307758,True,IPA,1.0079528026543478,16,False
equal,6.6610499999999995,25.0,93.33895,1.81,1.9391690178644607,0.29947500000000016,0.320846763328707,3.63,3.889051676711598,0.22,0.23570010161888472,87.379475,93.61523244047636,1012.5530130925024,1011.3828698771767,1011.8902701423224,-1.1701432153256697,1516.8161072254231,1521.9278406569786,1520.0620111750848,5.111733431555427,True,IPA,1.0112461080836685,16,False
equal,6.6792,25.0,93.32079999999999,1.81,1.9395461676282246,0.2904,0.3111846447951582,3.63,3.8898080599394778,0.22,0.23574594302663504,87.37039999999999,93.6237151846105,1012.5737005526125,1011.4034888281316,1011.9109298647347,-1.1702117244809516,1516.736665049813,1521.8494286426026,1519.982672856202,5.1127635927897455,True,IPA,1.0145407554912054,16,False
equal,6.69735,25.0,93.30265,1.81,1.9399234641245453,0.2813249999999998,0.30151876715184384,3.63,3.8905647374431487,0.22,0.23579180226928173,87.361325,93.63220122901117,1012.5943948299714,1011.4241151620846,1011.9315967576356,-1.170279667886846,1516.6571690333642,1521.770955301474,1519.903279394984,5.113786268109855,True,IPA,1.017836745103403,16,False
equal,6.7155,25.0,93.2845,1.81,1.940300907439071,0.2722500000000001,0.2918491282045786,3.63,3.8913217093943797,0.22,0.23583767935723515,87.35225,93.64069057560475,1012.6150959135449,1011.4447488624064,1011.9522708058437,-1.1703470511384466,1516.577618786502,1521.6924203075152,1519.823830416989,5.114801521013411,True,IPA,1.0211340771536312,16,False
equal,6.73365,25.0,93.26634999999999,1.81,1.9406784976575155,0.26317499999999994,0.2821757257574677,3.63,3.8920789759650725,0.22,0.2358835743009135,87.34317499999999,93.64918322631904,1012.6358037928198,1011.4653899130511,1011.9729519947479,-1.1704138797687378,1516.49801391478,1521.613823329182,1519.7443255427254,5.115809414402159,True,IPA,1.0244327518820913,16,False
equal,6.751799999999999,25.0,93.2482,1.81,1.9410562348656597,0.2541000000000002,0.2724985576129086,3.63,3.892836537327262,0.22,0.23592948711074316,87.33409999999999,93.65767918308343,1012.6565184578106,1011.4860382985613,1011.5850391381501,-1.170480159249311,1516.4183540188178,1521.5351640294052,1521.9298965210994,5.116810010587483,True,IPA,1.0277327695357188,16,False
equal,6.76995,25.0,93.23004999999999,1.81,1.9414341191493516,0.24502500000000005,0.2628176215715856,3.63,3.8935943936531197,0.22,0.23597541779715878,87.325025,93.6661784478288,1012.6772398990687,1011.5066940040776,1011.6056443621624,-1.1705458949910714,1516.3386386942434,1521.4564420655392,1521.8511267760473,5.117803371295901,True,IPA,1.0310341303680979,16,False
equal,6.7881,25.0,93.21189999999999,1.81,1.9418121505945058,0.23594999999999988,0.2531329154324715,3.63,3.8943525451149483,0.22,0.23602136637060292,87.31594999999999,93.67468102248748,1012.6979681076896,1011.5273570153446,1011.6262575856678,-1.1706110923449384,1516.2588675316279,1521.3776570893024,1521.772291478634,5.118789557674562,True,IPA,1.0343368346393669,16,False
equal,6.8062499999999995,25.0,93.19375,1.81,1.9421903292871037,0.22687500000000016,0.24344443699282425,3.63,3.895110991885186,0.22,0.2360673328415264,87.30687499999999,93.68318690899336,1012.7187030753229,1011.5480273187203,1011.6468787862344,-1.1706757566025368,1516.1790401164249,1521.2988087467215,1521.693390319849,5.1197686302966705,True,IPA,1.0376408826161305,16,False
equal,6.8244,25.0,93.17559999999999,1.81,1.9425686553131938,0.2178,0.23375218404818432,3.63,3.8958697341364052,0.22,0.2361133172203882,87.2978,93.69169610928182,1012.7394447941805,1011.5687049011837,1011.6675079421689,-1.1707398929968846,1516.0991560289035,1521.2198966780704,1521.61442298428,5.120740649166904,True,IPA,1.0409462745713742,16,False
equal,6.84255,25.0,93.15745,1.81,1.9429471287588915,0.20872499999999983,0.22405615439237528,3.63,3.896628772041313,0.22,0.23615931951765534,87.288725,93.70020862528976,1012.7601932570414,1011.5893897503382,1011.6881450325194,-1.1708035067030695,1516.019214844088,1521.140920517815,1521.5353891500679,5.121705673726779,True,IPA,1.0442530107843777,16,False
equal,6.8607,25.0,93.13929999999999,1.81,1.9433257497103802,0.1996500000000001,0.21435634581750143,3.63,3.8973881057727513,0.22,0.23620533974380312,87.27964999999999,93.70872445895556,1012.7809484572688,1011.6100818544298,1011.7087900370904,-1.1708666028389212,1515.939216131687,1521.061879894547,1521.4562884888476,5.122663762859993,True,IPA,1.0475610915406335,16,False
equal,6.87885,25.0,93.12115,1.81,1.943704518253909,0.19057499999999994,0.20465275611394398,3.63,3.898147735503696,0.22,0.2362513779093149,87.270575,93.71724361221912,1012.8017103888094,1011.6307812023438,1011.7294429364391,-1.170929186465676,1515.8591594560307,1520.9827744309284,1521.3771206657009,5.123614974897716,True,IPA,1.0508705171317612,16,False
equal,6.897,25.0,93.103,1.81,1.9440834344757958,0.18149999999999977,0.1949453830703627,3.63,3.8989076614072586,0.22,0.23629743402468237,87.2615,93.7257660870219,1012.8224790462101,1011.6514877836215,1011.7501037118913,-1.1709912625886323,1515.7790443760016,1520.9036037436254,1521.2978853390991,5.124559367623862,True,IPA,1.0541812878554302,16,False
equal,6.91515,25.0,93.08484999999999,1.81,1.9444624984624246,0.17242500000000005,0.18523422447369264,3.63,3.8996678836566856,0.22,0.2363435081004052,87.25242499999999,93.73429188530679,1012.8432544246231,1011.6722015884652,1011.7707723455422,-1.171052836157802,1515.6988704449643,1520.8243674432447,1521.2185821608462,5.125496998280302,True,IPA,1.0574934040152766,16,False
equal,6.9333,25.0,93.0667,1.81,1.944841710300247,0.16334999999999988,0.17551927810914095,3.63,3.9004284024253573,0.22,0.23638960014699137,87.24334999999999,93.74282100901826,1012.8640365198161,1011.6929226077475,1011.7914488202669,-1.1711139120685545,1515.6186372106995,1520.7450651342715,1521.1392107760264,5.126427923572065,True,IPA,1.06080686592083,16,False
equal,6.9514499999999995,25.0,93.04854999999999,1.81,1.9452210700757833,0.15427500000000016,0.16580054176018882,3.63,3.9011892178867917,0.22,0.23643571017495707,87.234275,93.75135346010228,1012.8848253281822,1011.7136508330199,1011.8121331197257,-1.1711744951622496,1515.53834421533,1520.6656964150025,1521.059770822943,5.127352199672476,True,IPA,1.0641216738874324,16,False
equal,6.9696,25.0,93.0304,1.81,1.9456005778756191,0.1452,0.15607801320858558,3.63,3.9019503302146394,0.22,0.23648183819482663,87.2252,93.75988924050634,1012.9056208467489,1011.734386256522,1011.8328252283729,-1.1712345902268704,1515.457990995251,1520.5862608774794,1520.9802619330615,5.128269882228273,True,IPA,1.0674378282361652,16,False
equal,6.98775,25.0,93.01225,1.81,1.94598023378641,0.13612499999999983,0.14635169023435068,3.63,3.90271173958269,0.22,0.2365279842171327,87.21612499999999,93.76842835217941,1012.9264230731892,1011.7551288711916,1011.8535251314648,-1.1712942019976433,1515.3775770810562,1520.5067581074209,1520.9006837309475,5.129181026364681,True,IPA,1.0707553292937753,16,False
equal,7.0059,25.0,92.99409999999999,1.81,1.9463600378948773,0.1270500000000001,0.13662157061577038,3.63,3.9034734461648646,0.22,0.23657414825241604,87.20705,93.77697079707208,1012.9472320058288,1011.7758786706712,1011.8742328150649,-1.1713533351576542,1515.2971019974655,1520.4271876841558,1520.8210358342094,5.130085686690441,True,IPA,1.0740741773926006,16,False
equal,7.02405,25.0,92.97595,1.81,1.946739990287811,0.11797499999999994,0.12688765212939468,3.63,3.904235450135223,0.22,0.23662033031122565,87.197975,93.78551657713635,1012.9680476436594,1011.7966356493209,1011.8949482660555,-1.1714119943384573,1515.2165652632477,1520.3475491805505,1520.7413178534316,5.130983917302807,True,IPA,1.0773943728705027,16,False
equal,7.042199999999999,25.0,92.95779999999999,1.81,1.947120091052069,0.10890000000000022,0.11714993255003908,3.63,3.9049977516679615,0.22,0.2366665304041189,87.18889999999999,93.79406569432581,1012.9888699863469,1011.8173998022262,1011.9156714721438,-1.1714701841206778,1515.1359663911467,1520.2678421629391,1520.6615293921134,5.131875771792508,True,IPA,1.080715916070791,16,False
equal,7.06035,25.0,92.93965,1.81,1.947500340274576,0.09982500000000005,0.10740840965077882,3.63,3.9057603509374093,0.22,0.23671274854166116,87.179825,93.80261815059558,1013.0096990342414,1011.8381711252068,1011.9364024218694,-1.1715279090346065,1515.055304887804,1520.1880661910525,1520.5816700466044,5.132761303248655,True,IPA,1.0840388073421598,16,False
equal,7.0785,25.0,92.9215,1.81,1.9478807380423262,0.09074999999999989,0.09766308120295077,3.63,3.9065232481180354,0.22,0.2367589847344264,87.17075,93.81117394790228,1013.0305347883897,1011.8589496148289,1011.9571411046157,-1.1715851735607867,1514.9745802536804,1520.1082208179441,1520.5017394060378,5.133640564263624,True,IPA,1.0873630470386155,16,False
equal,7.0966499999999995,25.0,92.90334999999999,1.81,1.9482612844423803,0.08167500000000016,0.08791394497615013,3.63,3.9072864433844425,0.22,0.23680523899299652,87.16167499999999,93.81973308820403,1013.0513772505439,1011.8797352684132,1011.977887510616,-1.1716419821306012,1514.893791982976,1520.0283055899138,1520.4217370522629,5.134513606937893,True,IPA,1.090688635519413,16,False
equal,7.1148,25.0,92.8852,1.81,1.948641979561868,0.0726,0.0781609987382274,3.63,3.9080499369113704,0.22,0.23685151132796184,87.15259999999999,93.82829557346057,1013.0722264231724,1011.9005280840456,1011.9986416309627,-1.1716983391268425,1514.81293956355,1519.9483200464347,1520.3416625597765,5.1353804828848375,True,IPA,1.0940155731489896,16,False
equal,7.13295,25.0,92.86704999999999,1.81,1.9490228234879865,0.06352499999999983,0.06840424025528952,3.63,3.908813728873697,0.22,0.236897801749921,87.143525,93.8368614056331,1013.0930823094733,1011.921328060589,1012.0194034576184,-1.1717542488842851,1514.7320224768396,1519.868263720075,1520.261515495654,5.136241243235498,True,IPA,1.0973438602969,16,False
equal,7.1511,25.0,92.84889999999999,1.81,1.9494038163080019,0.05445000000000011,0.058643667291696636,3.63,3.9095778194464343,0.22,0.23694411026948087,87.13444999999999,93.84543058668437,1013.1139449133832,1011.9421351976929,1012.040172983424,-1.1718097156902474,1514.6510401977757,1519.788136136419,1520.1812954194759,5.137095938643283,True,IPA,1.100673497337754,16,False
equal,7.16925,25.0,92.83075,1.81,1.9497849581092472,0.04537499999999994,0.048879277610059106,3.63,3.9103422088047335,0.22,0.23699043689725657,87.12537499999999,93.85400311857869,1013.134814239588,1011.9629494958028,1012.0609502021063,-1.1718647437851473,1514.5699921947014,1519.70793681399,1520.1010018832587,5.137944619288662,True,IPA,1.104004484651154,16,False
equal,7.1874,25.0,92.81259999999999,1.81,1.9501662489791258,0.03629999999999978,0.03911106897123858,3.63,3.9111068971238825,0.22,0.23703678164387165,87.1163,93.86257900328188,1013.1556902935368,1011.9837709561738,1012.081735108291,-1.1719193373630528,1514.4888779292828,1519.6276652641666,1520.0206344313772,5.138787334883804,True,IPA,1.1073368226216342,16,False
equal,7.20555,25.0,92.79445,1.81,1.9505476890051077,0.027225000000000055,0.02933903913434484,3.63,3.911871884579304,0.22,0.23708314451995782,87.107225,93.87115824276128,1013.1765730814517,1012.0045995808795,1012.1025276975103,-1.1719735005722247,1514.407696856426,1519.547320991103,1519.940192600492,5.139624134677162,True,IPA,1.1106705116385993,16,False
equal,7.2237,25.0,92.77629999999999,1.81,1.950929278274732,0.01814999999999989,0.01956318585673269,3.63,3.912637171346562,0.22,0.23712952553615527,87.09814999999999,93.87974083898581,1013.1974626103408,1012.0254353728252,1012.1233279662143,-1.1720272375156564,1514.326445487426,1519.4669005548842,1519.8596729827111,5.1404550674580545,True,IPA,1.114005552096267,16,False
equal,7.2418499999999995,25.0,92.75815,1.81,1.951311016875606,0.009075000000000166,0.009783506894003563,3.63,3.9134027576013537,0.22,0.23717592470311233,87.089075,93.88832679392591,1013.2183583995052,1012.0462778472536,1012.144135423276,-1.1720805522516011,1514.2450550543017,1519.3863352358628,1519.7790068899335,5.141280181561165,True,IPA,1.1173419443936092,16,False
equal,7.26,25.0,92.74,1.81,1.9516929048954066,0.0,0.0,3.63,3.9141686435195173,0.22,0.2372223420314859,87.08,93.8969161095536,1013.2392598717244,1012.0671264229303,1012.1649494811757,-1.1721334487941004,1514.1634978751,1519.305597399971,1519.6981667191674,5.142099524871036,True,IPA,1.1206796889342965,16,False
