Scenario,Loss_g_per_100g_initial,Temperature_C,Remaining_total_g,m_Al_g,Al_wt_pct,m_IPA_g,IPA_wt_pct,m_PG_g,PG_wt_pct,m_MG_g,MG_wt_pct,m_Water_g,Water_wt_pct,Rho_Physics_kg_m3,Rho_Hybrid_kg_m3,Rho_Hybrid_latest_MGfree_kg_m3,A_Rho_kg_m3,C_Physics_m_s,C_Hybrid_m_s,C_Hybrid_latest_MGfree_m_s,A_C_m_s,Outside_field_box,Outside_axes,Nearest_normalized_distance,Nearest_node,MG_density_extrapolated
ipa,0.0,25.0,100.0,1.81,1.81,3.63,3.63,3.63,3.63,0.22,0.22,90.71,90.71,1005.6348872124258,1004.6202902787192,1005.0460755486722,-1.0145969337066858,1543.7664821842166,1547.8175448244672,1546.6545662987435,4.0510626402506364,False,,0.1447316496389915,16,False
ipa,0.009075,25.0,99.99092499999999,1.81,1.8101642724077212,3.6209249999999997,3.621253628766811,3.63,3.6303294523978056,0.22,0.2200199668119882,90.71,90.71823267961568,1005.6507901067864,1004.6340309823224,1005.0619300453359,-1.0167591244639937,1543.6928060423259,1547.7443057013534,1546.5810228678538,4.051499659027408,False,,0.1422563354310654,16,False
ipa,0.01815,25.0,99.98185,1.81,1.8103285746362965,3.61185,3.612505669779065,3.63,3.6306589646020755,0.22,0.22003993724861062,90.71,90.72646685373395,1005.6667008691176,1004.6478222045807,1005.0777904518847,-1.0188786645368733,1543.6191248481414,1547.6710993467066,1546.5074814530162,4.051974498565286,False,,0.13979955227969368,16,False
ipa,0.027225,25.0,99.972775,1.81,1.8104929066938473,3.602775,3.603756122604379,3.63,3.6309885366290975,0.22,0.2200599113108544,90.71,90.73470252276182,1005.6826195063202,1004.6616649360238,1005.0936567744241,-1.0209545702963845,1543.5454386868748,1547.597924535314,1546.4339422235516,4.052485848439215,False,,0.13736232919128535,16,False
ipa,0.0363,25.0,99.96369999999999,1.81,1.8106572685884978,3.5937,3.5950049868102125,3.63,3.6313181684951643,0.22,0.22007988899970693,90.71,90.74293968710643,1005.6985460252649,1004.6755601337114,1005.1095290247224,-1.0229858915535432,1543.471747643238,1547.5247799142733,1546.3604053341976,4.053032271035432,False,,0.13494576131498676,16,False
ipa,0.045375,25.0,99.954625,1.81,1.8108216603283742,3.584625,3.586252261963866,3.63,3.6316478602165736,0.22,0.22009987031615597,90.71,90.75117834717504,1005.7144804327951,1004.689508719783,1005.1254072205608,-1.0249717130121065,1543.3980518014434,1547.4516639991025,1546.2868709239488,4.053612197658977,False,,0.1325510143594989,16,False
ipa,0.05445,25.0,99.94555,1.81,1.8109860819216064,3.57555,3.5774979476324855,3.63,3.6319776118096305,0.22,0.2201198552611897,90.71,90.75941850337509,1005.7304227357217,1004.7035115800675,1005.1412913860584,-1.026911155654236,1543.324351245198,1547.3785751702808,1546.2133391149016,4.054223925082921,False,,0.1301793292372577,16,False
ipa,0.063525,25.0,99.936475,1.81,1.8111505333763274,3.566475,3.568742043383059,3.63,3.632307423290645,0.22,0.22013984383579668,90.71,90.76766015611418,1005.7463729408275,1004.6733214732427,1005.1571815519846,-1.0730514675848044,1543.250646057696,1546.9969322391219,1546.1398100111285,3.7462861814259134,False,,0.12783202692649157,16,False
ipa,0.0726,25.0,99.92739999999999,1.81,1.811315014700673,3.5574,3.5599845487824164,3.63,3.632637294675935,0.22,0.22015983604096576,90.71,90.77590330580001,1005.7623310548657,1004.6890509610917,1005.1730777560407,-1.0732800937740534,1543.1769363216183,1546.9302430462285,1546.0662836975928,3.753306724610174,False,,0.1255105135350224,16,False
ipa,0.081675,25.0,99.918325,1.81,1.8114795259027812,3.5483249999999997,3.5512254633972296,3.63,3.6329672259818206,0.22,0.2201798318776861,90.71,90.78414795284048,1005.7782970845573,1004.7047943252936,1005.1889800431061,-1.0735027592636144,1543.1032221191258,1546.863577670701,1545.9927602391133,3.760355551575279,False,,0.12321628554140081,16,False
ipa,0.09075,25.0,99.90925,1.81,1.811644066990794,3.53925,3.5424647867940156,3.63,3.6332972172246314,0.22,0.22019983134694734,90.71,90.79239409764361,1005.7942710365942,1004.720551650334,1005.2048884654558,-1.0737193862601875,1543.0295035318554,1546.796926166526,1545.9192396793985,3.7674226346705257,False,,0.12095093517879937,16,False
ipa,0.099825,25.0,99.90017499999999,1.81,1.8118086379728566,3.530175,3.533702518539132,3.63,3.6336272684207014,0.22,0.22021983444973947,90.71,90.80064174061758,1005.8102529176351,1004.7363230187261,1005.2208030829263,-1.0739298989089627,1542.9557806409148,1546.7302778305066,1545.845722040156,3.7744971895917816,False,,0.11871615591472666,16,False
ipa,0.1089,25.0,99.8911,1.81,1.8119732388571155,3.5210999999999997,3.5249386581987783,3.63,3.6339573795863696,0.22,0.22023984118705273,90.71,90.80889088217069,1005.8262427343099,1004.7521085109473,1005.2367239630429,-1.0741342233624966,1542.8820535268785,1546.6636211971597,1545.772207320304,3.7815676702812118,False,,0.11651374796478237,16,False
ipa,0.117975,25.0,99.882025,1.81,1.8121378696517216,3.512025,3.5161732053389985,3.63,3.6342875507379833,0.22,0.22025985155987776,90.71,90.81714152271142,1005.8422404932157,1004.7679082053676,1005.2526511810867,-1.0743322878482215,1542.8083222697837,1546.5969440395986,1545.6986954952872,3.7886217698148856,False,,0.11434562376101955,16,False
ipa,0.12705,25.0,99.87294999999999,1.81,1.8123025303648288,3.50295,3.507406159525677,3.63,3.634617781891894,0.22,0.2202798655692057,90.71,90.82539366264841,1005.858246200918,1004.7837221781836,1005.2685848201083,-1.0745240227344652,1542.7345869491237,1546.5302333771174,1545.6251865165173,3.7956464279937405,False,,0.11221381327476632,16,False
ipa,0.136125,25.0,99.863875,1.81,1.8124672210045927,3.493875,3.498637520324542,3.63,3.6349480730644594,0.22,0.22029988321602784,90.71,90.83364730239039,1005.8742598639506,1004.7995505033557,1005.284524970881,-1.0747093605948772,1542.6608476438453,1546.4634754901872,1545.5516803109542,3.8026278463419767,False,,0.1101204690697587,16,False
ipa,0.1452,25.0,99.8548,1.81,1.812631941579173,3.4848,3.4898672873011614,3.63,3.6352784242720433,0.22,0.22031990450133596,90.71,90.8419024423463,1005.8902814888129,1004.8153932525418,1005.3004717317829,-1.074888236271144,1542.5871044323417,1546.3966559435303,1545.4781767808327,3.8095515111887126,False,,0.10806787093401975,16,False
ipa,0.154275,25.0,99.84572499999999,1.81,1.8127966920967324,3.4757249999999997,3.481095460020948,3.63,3.635608835531016,0.22,0.22033992942612218,90.71,90.85015908292519,1005.9063110819748,1004.8312504950409,1005.3164252086218,-1.0750605869338876,1542.5133573924502,1546.3297596179116,1545.4046758035554,3.816402225461299,False,,0.10605842990816568,16,False
ipa,0.16335,25.0,99.83664999999999,1.81,1.8129614725654357,3.46665,3.4723220380491537,3.63,3.6359393068577526,0.22,0.22035995799137895,90.71,90.85841722453628,1005.9223486498707,1004.8471222977291,1005.3323855143777,-1.0752263521416427,1542.4396066014453,1546.2627707511958,1545.3311772317545,3.8231641497505118,False,,0.10409469149396017,16,False
ipa,0.172425,25.0,99.827575,1.81,1.8131262829934516,3.457575,3.4635470209508745,3.63,3.636269838268635,0.22,0.2203799901980991,90.71,90.86667686758895,1005.9383941989033,1004.8630087250056,1005.3483527688825,-1.0753854738978061,1542.3658521360346,1546.1956729891517,1545.257680893536,3.8298208531170763,False,,0.10217933779061839,16,False
ipa,0.1815,25.0,99.8185,1.81,1.813291123388951,3.4485,3.4547704082910484,3.63,3.6366004297800507,0.22,0.2204000260472758,90.71,90.87493801249268,1005.9544477354401,1004.8789098387347,1005.3643270984226,-1.075537896705457,1542.2920940723538,1546.1284494463487,1545.1841865929105,3.8363553739947127,False,,0.10031518826857234,16,False
ipa,0.190575,25.0,99.80942499999999,1.81,1.8134559937601085,3.439425,3.445992199634454,3.63,3.6369310814083944,0.22,0.2204200655399027,90.71,90.88320065965715,1005.9705092658162,1004.8948256981962,1005.3803086352752,-1.0756835676199519,1542.2183324859611,1546.061082777368,1545.110694110415,3.8427502914068845,False,,0.09850519885274346,16,False
ipa,0.19965,25.0,99.80035,1.81,1.8136208941151009,3.43035,3.4372123945457105,3.63,3.6372617931700644,0.22,0.22044010867697358,90.71,90.89146480949216,1005.9865787963322,1004.9130755690604,1005.3962975171711,-1.0735032272717666,1542.144567451834,1546.04411216077,1545.0372032039297,3.899544708935988,False,,0.09675245895205718,16,False
ipa,0.208725,25.0,99.791275,1.81,1.8137858244621086,3.421275,3.428430992589282,3.63,3.6375925650814662,0.22,0.2204601554594828,90.71,90.89973046240766,1006.002656333253,1004.9289433592515,1005.4122938866919,-1.0737129740014182,1542.0707990443616,1545.9765804544247,1544.963713609684,3.905781410063182,False,,0.09506018604196294,16,False
ipa,0.2178,25.0,99.78219999999999,1.81,1.8139507848093148,3.4122,3.419647993329472,3.63,3.6379233971590126,0.22,0.220480205888425,90.71,90.90799761881378,1006.0187418828108,1004.9448300522797,1005.4282978906107,-1.0739118305310533,1541.9970273373413,1545.9087662032832,1544.890225043455,3.9117388659418704,False,,0.09343171738596177,16,False
ipa,0.226875,25.0,99.773125,1.81,1.8141157751649055,3.4031249999999997,3.410863396330425,3.63,3.6382542894191197,0.22,0.22050025996479514,90.71,90.91626627912076,1006.0348354512007,1004.9627212171322,1005.4443096791666,-1.0721142340685532,1541.9232524039728,1545.8390726143793,1544.8167372019454,3.915820210406482,False,,0.09187049847524453,16,False
ipa,0.23595,25.0,99.76405,1.81,1.8142807955370697,3.39405,3.4020772011561276,3.63,3.6385852418782116,0.22,0.2205203176895886,90.71,90.924536443739,1006.0509370445843,1004.9778688096507,1005.4603294052998,-1.073068234933665,1541.8494743168537,1545.928752499845,1544.7432497643372,4.079278182991089,False,,0.09038006777795268,16,False
ipa,0.245025,25.0,99.75497499999999,1.81,1.814445845934,3.384975,3.3932894073704096,3.63,3.638916254552718,0.22,0.2205403790638011,90.71,90.93280811307908,1006.0670466690856,1004.9937735978193,1005.476357223835,-1.0732730712662337,1541.7756931479732,1545.855804789047,1544.6697623940045,4.080111641073666,False,,0.08896403742720826,16,False
ipa,0.2541,25.0,99.74589999999999,1.81,1.8146109263638908,3.3758999999999997,3.3845000145369384,3.63,3.6392473274590738,0.22,0.2205604440884287,90.71,90.94108128755168,1006.0831643307939,1005.0097004137339,1005.492393290638,-1.073463917060036,1541.7019089687078,1545.7827975587263,1544.5962747403746,4.080888590018413,False,,0.08762606954587704,16,False
ipa,0.263175,25.0,99.736825,1.81,1.8147760368349404,3.366825,3.3757090222192256,3.63,3.6395784606137203,0.22,0.22058051276446788,90.71,90.94935596756766,1006.0992900357617,1005.0256493046996,1005.508437761743,-1.0736407310620204,1541.6281218498145,1545.709730630838,1544.5227864409176,4.081608781023579,False,,0.08636984801141241,16,False
ipa,0.27225,25.0,99.72775,1.81,1.8149411773553499,3.35775,3.366916429980622,3.63,3.6399096540331053,0.22,0.22060058509291547,90.71,90.957632153538,1006.1154237900051,1005.0416203141426,1005.524490792468,-1.0738034758624861,1541.5543318614282,1545.636603848358,1544.4492971232482,4.0822719869298,False,,0.08519904560989636,16,False
ipa,0.281325,25.0,99.71867499999999,1.81,1.8151063479333236,3.348675,3.358122237384322,3.63,3.640240907733682,0.22,0.2206206610747686,90.71,90.96590984587391,1006.1315655995029,1005.0569358752078,1005.540552536523,-1.0746297242950047,1541.4805390730526,1545.5798039729304,1544.375806407312,4.099264899877869,False,,0.08411728671582344,16,False
ipa,0.2904,25.0,99.7096,1.81,1.8152715485770679,3.3396,3.3493264439933568,3.63,3.64057222173191,0.22,0.22064074071102482,90.71,90.97418904498664,1006.1477154701961,1005.0729673371924,1005.5566231451268,-1.074748133003749,1541.4067435535578,1545.5061775147824,1544.3023139076424,4.09943396122465,False,,0.08312810586072204,16,False
ipa,0.299475,25.0,99.700525,1.81,1.8154367792947932,3.3305249999999997,3.3405290493706024,3.63,3.6409035960442537,0.22,0.22066082400268203,90.71,90.98246975128767,1006.1638734079894,1005.0890193412793,1005.5727027661414,-1.074854066710183,1541.3329453711729,1545.432530552312,1544.2288192356582,4.099585181139112,False,,0.08223490281199575,16,False
ipa,0.30855,25.0,99.69144999999999,1.81,1.8156020400947124,3.32145,3.3317300530787746,3.63,3.6412350306871857,0.22,0.22068091095073852,90.71,90.9907519651886,1006.1800394187484,1005.103297434383,1005.5887915432309,-1.0767419843653576,1541.2591445934813,1545.3613925812354,1544.1553220019773,4.102247987754024,False,,0.08144089506034373,16,False
ipa,0.317625,25.0,99.682375,1.81,1.8157673309850413,3.312375,3.322929454680429,3.63,3.6415665256771823,0.22,0.22070100155619288,90.71,90.99903568710116,1006.1962135083007,1005.1171174640624,1005.6048896150603,-1.0790960442383157,1541.1853412874145,1545.2892493951583,1544.081821818725,4.103908107743796,False,,0.08074906889097917,16,False
ipa,0.3267,25.0,99.6733,1.81,1.8159326519739991,3.3033,3.3141272537379622,3.63,3.6418980810307273,0.22,0.2207210958200441,90.71,91.00732091743727,1006.2123956824356,1005.1332907168502,1005.620997114542,-1.0791049655854574,1541.1115355192483,1545.2154809145097,1544.00831830181,4.10394539526141,False,,0.08016213046671895,16,False
ipa,0.335775,25.0,99.66422499999999,1.81,1.816098003069808,3.294225,3.305323449813612,3.63,3.6422296967643106,0.22,0.22074119374329157,90.71,91.01560765660899,1006.2285859469024,1005.1494736938164,1005.6371141681365,-1.0791122530859765,1541.037727354594,1545.1417031453534,1543.9348110731412,4.103975790759379,False,,0.07968245855279132,16,False
ipa,0.34485,25.0,99.65514999999999,1.81,1.8162633842806921,3.28515,3.2965180424694562,3.63,3.6425613728944266,0.22,0.22076129532693495,90.71,91.0238959050285,1006.2447843074132,1005.1655135230543,1005.6532408952211,-1.0792707843588354,1540.9639168583942,1545.0668474901752,1543.8612997627686,4.102930631780951,False,,0.07931206063649386,16,False
ipa,0.353925,25.0,99.646075,1.81,1.8164287956148801,3.276075,3.2877110312674134,3.63,3.642893109437577,0.22,0.22078140057197437,90.71,91.03218566310817,1006.2609907696378,1005.1817171962329,1005.6693774075226,-1.0792735734049315,1540.8901040949181,1544.9930580569107,1543.7877840109234,4.102953961992598,False,,0.07905253421571357,16,False
ipa,0.363,25.0,99.637,1.81,1.8165942370806025,3.267,3.278902415769242,3.63,3.643224906410269,0.22,0.22080150947941027,90.71,91.04047693126047,1006.2772053392077,1005.1979301775382,1005.6855238086346,-1.0792751616695127,1540.816289127754,1544.9192565423689,1543.714263469936,4.102967414614814,False,,0.07890503493240571,16,False
ipa,0.372075,25.0,99.62792499999999,1.81,1.816759708686094,3.2579249999999997,3.2700921955365425,3.63,3.643556763829017,0.22,0.22082162205024347,90.71,91.04876970989811,1006.2934280217135,1005.2141524734732,1005.70168019361,-1.0792755482402485,1540.742472019804,1544.8454430052159,1543.6407378060155,4.102970985412034,False,,0.07887025300519765,16,False
ipa,0.38115,25.0,99.61885,1.81,1.8169252104395905,3.24885,3.2612803701307533,3.63,3.6438886817103393,0.22,0.2208417382854751,90.71,91.05706399943385,1006.3096588227049,1005.2303840902027,1005.7178466486394,-1.0792747325022358,1540.6686528332784,1544.7716175058893,1543.5672067008813,4.10296467261075,False,,0.07894839907768639,16,False
ipa,0.390225,25.0,99.609775,1.81,1.8170907423493328,3.239775,3.252466939113154,3.63,3.644220660070761,0.22,0.22086185818610674,90.71,91.06535980028065,1006.3258977476912,1005.2466250335528,1005.7340232508142,-1.0792727141384226,1540.5948316296888,1544.6977801065893,1543.493669853222,4.102948476900595,False,,0.07913920016798326,16,False
ipa,0.3993,25.0,99.60069999999999,1.81,1.8172563044235635,3.2306999999999997,3.2436519020448653,3.63,3.644552698926815,0.22,0.2208819817531403,90.71,91.07365711285162,1006.34214480214,1005.2601751152074,1005.7502100679753,-1.0819696869325783,1540.521008469843,1544.6279591514408,1543.4201269799855,4.106950681597635,False,,0.07944190591490233,16,False
ipa,0.408375,25.0,99.591625,1.81,1.8174218966705284,3.221625,3.234835258486846,3.63,3.6448847982950374,0.22,0.22090210898757803,90.71,91.08195593756001,1006.3583999914758,1005.2764071415365,1005.7664071586449,-1.081992849939314,1540.447183413838,1544.5541393061026,1543.3465778174846,4.106955892264427,False,,0.07985530480903628,16,False
ipa,0.41745,25.0,99.58255,1.81,1.8175875190984767,3.21255,3.2260170079998955,3.63,3.6452169581919724,0.22,0.22092223989042256,90.71,91.09025627481924,1006.3746633210837,1005.2926410235195,1005.7826145720438,-1.0820222975642328,1540.3733565210555,1544.4803189619092,1543.2730221223178,4.106962440853825,False,,0.0803777496172829,16,False
ipa,0.426525,25.0,99.57347499999999,1.81,1.8177531717156605,3.203475,3.217197150144655,3.63,3.64554917863417,0.22,0.22094237446267695,90.71,91.09855812504286,1006.3909347963038,1005.3088767728085,1005.7988323481806,-1.08205802349529,1540.2995278501533,1544.406498178982,1543.1994596721008,4.10697032882882,False,,0.08100719079789369,16,False
ipa,0.4356,25.0,99.56439999999999,1.81,1.8179188545303342,3.1944,3.2083756844816023,3.63,3.645881459638184,0.22,0.2209625127053445,90.71,91.10686148864454,1006.4072144224339,1005.325114402977,1005.8150605180203,-1.082100019456876,1540.2256974590596,1544.3326770163465,1543.1258902660127,4.106979557286847,False,,0.0817412163914694,16,False
ipa,0.444675,25.0,99.555325,1.81,1.8180845675507564,3.1853249999999997,3.1995526105710566,3.63,3.646213801220578,0.22,0.22098265461942895,90.71,91.11516636603818,1006.4235022047292,1005.3413539295133,1005.8312991037197,-1.082148275215915,1540.1518654049696,1544.2588555319287,1543.052313725164,4.106990126959008,False,,0.08257709668051225,16,False
ipa,0.45375,25.0,99.54625,1.81,1.8182503107851877,3.17625,3.190727927973178,3.63,3.646546203397918,0.22,0.22100280020593444,90.71,91.12347275763778,1006.4397981484008,1005.3575953698113,1005.8475481189221,-1.0822027785894766,1540.0780317443352,1544.185033782545,1542.9787298927797,4.107002038209558,False,,0.08351183184112769,16,False
ipa,0.462825,25.0,99.53717499999999,1.81,1.8184160842418926,3.167175,3.181901636247965,3.63,3.646878666186779,0.22,0.22102294946586543,90.71,91.13178066385751,1006.4561022586158,1005.373838743162,1005.86380756911,-1.082263515453911,1540.0041965328614,1544.111211823897,1542.905138634222,4.1070152910356255,False,,0.08454220085707363,16,False
ipa,0.4719,25.0,99.5281,1.81,1.8185818879291378,3.1581,3.173073734955254,3.63,3.6472111896037402,0.22,0.22104310240022668,90.71,91.14009008511165,1006.4724145404969,1005.3900840707414,1005.8800774520045,-1.08233046975548,1539.9303598254976,1544.0373897105649,1542.8315398368482,4.107029885067203,False,,0.08566481011005711,16,False
ipa,0.480975,25.0,99.519025,1.81,1.818747721855193,3.149025,3.1642442236547232,3.63,3.647543773665387,0.22,0.22106325901002347,90.71,91.14840102181468,1006.4887349991216,1005.406331375599,1005.8963577580053,-1.0824036235224725,1539.856521676432,1543.9635674959995,1542.7579334097215,4.107045819567373,False,,0.08687614027589838,16,False
ipa,0.49005,25.0,99.50994999999999,1.81,1.818913586028332,3.13995,3.15541310190589,3.63,3.647876418388312,0.22,0.22108341929626135,90.71,91.15671347438122,1006.5050636395234,1005.4225806826446,1005.9126484706654,-1.0824829568787862,1539.7826821390872,1543.88974523252,1542.684319283191,4.107063093432781,False,,0.08817259041633281,16,False
ipa,0.499125,25.0,99.500875,1.81,1.8190794804568302,3.130875,3.14658036926811,3.63,3.6482091237891128,0.22,0.22110358325994622,90.71,91.16502744322601,1006.5214004666891,1005.4388320186301,1005.9289495671876,-1.0825684480589608,1539.7088412661096,1543.815922971304,1542.610697408338,4.107081705194372,False,,0.08955051843430488,16,False
ipa,0.5082,25.0,99.4918,1.81,1.819245405148967,3.1218,3.1377460253005776,3.63,3.6485418898843927,0.22,0.2211237509020844,90.71,91.17334292876399,1006.5377454855593,1005.4550854121346,1005.9452610189421,-1.0826600734246357,1539.6349991093655,1543.7421007623839,1542.5370677563235,4.107101653018362,False,,0.09100627733390708,16,False
ipa,0.5172749999999999,25.0,99.48272499999999,1.81,1.8194113601130248,3.112725,3.128910069562329,3.63,3.6488747166907625,0.22,0.2211439222236826,90.71,91.18165993141021,1006.5540987010295,1005.4713408935471,1005.9615827919971,-1.0827578074824067,1539.561155719933,1543.6682786546403,1542.4634303176313,4.107122934707452,False,,0.09253624697719029,16,False
ipa,0.52635,25.0,99.47364999999999,1.81,1.8195773453572883,3.10365,3.120072501612236,3.63,3.649207604224838,0.22,0.22116409722574773,90.71,91.1899784515799,1006.5704601179484,1005.4875984950453,1005.9779148476496,-1.0828616229030676,1539.4873111480963,1543.5944566957985,1542.389785101235,4.107145547702297,False,,0.09413686124730733,16,False
ipa,0.535425,25.0,99.464575,1.81,1.8197433608900455,3.094575,3.1112333210090126,3.63,3.6495405525032405,0.22,0.2211842759092873,90.71,91.19829848968841,1006.5868297411145,1005.5038582505723,1005.9942571429548,-1.0829714905421948,1539.413465443338,1543.5206349324212,1542.3161321336922,4.107169489083207,False,,0.09580463070469866,16,False
ipa,0.5445,25.0,99.4555,1.81,1.8199094067195882,3.0854999999999997,3.102392527311209,3.63,3.6498735615425995,0.22,0.22120445827530905,90.71,91.20662004615129,1006.6032075752834,1005.5201201958213,1006.0106096312583,-1.083087379462053,1539.3396186543328,1543.446813409905,1542.2424714581862,4.107194755572096,False,,0.09753616095880824,16,False
ipa,0.5535749999999999,25.0,99.44642499999999,1.81,1.8200754828542103,3.076425,3.0935501200772175,3.63,3.650206631359549,0.22,0.22122464432482114,90.71,91.21494312138421,1006.6195936251585,1005.5330954539038,1006.0269722627004,-1.0864981712546966,1539.265770828938,1543.4372872073664,1542.1688031335218,4.1715163784284,False,,0.09932816707402249,16,False
ipa,0.56265,25.0,99.43735,1.81,1.820241589302209,3.06735,3.084706098865265,3.63,3.6505397619707285,0.22,0.22124483405883202,90.71,91.22326771580298,1006.6359878953979,1005.5492443293388,1006.04334498472,-1.0867435660590594,1539.191922014193,1543.3655821152388,1542.0951272330985,4.173660101045799,False,,0.10117748438950892,16,False
ipa,0.571725,25.0,99.428275,1.81,1.8204077260718845,3.058275,3.075860463233421,3.63,3.650872953392785,0.22,0.2212650274783506,90.71,91.23159382982357,1006.6523903906091,1005.5653903090093,1006.0597277425269,-1.0870000815997742,1539.1180722563038,1543.293959010207,1542.0214438438516,4.175886753903069,False,,0.10308107616387192,16,False
ipa,0.5808,25.0,99.41919999999999,1.81,1.8205738931715405,3.0492,3.067013212739592,3.63,3.6512062056423713,0.22,0.22128522458438613,90.71,91.23992146386212,1006.6688011153508,1005.5815335002851,1006.0761204795581,-1.087267615065641,1539.0442216006413,1543.222415323117,1541.9477530651977,4.178193722475727,False,,0.10503603846309348,16,False
ipa,0.5898749999999999,25.0,99.410125,1.81,1.8207400906094828,3.0401249999999997,3.0581643469415214,3.63,3.6515395187361452,0.22,0.22130542537794817,90.71,91.24825061833491,1006.6852200741318,1005.5976740149785,1006.0925231379053,-1.0875460591533863,1538.970370091733,1543.1509484236371,1541.8740550079733,4.180578331904226,False,,0.10703960269982768,16,False
ipa,0.59895,25.0,99.40105,1.81,1.820906318394021,3.03105,3.0493138653967944,3.63,3.6518728926907715,0.22,0.22132562986004675,90.71,91.25658129365837,1006.7016472714114,1005.6138119692295,1006.1089356587175,-1.0878353021819047,1538.8965177732541,1543.0795556276237,1541.8003497933832,4.183037854369475,False,,0.10908913620907135,16,False
ipa,0.608025,25.0,99.39197499999999,1.81,1.8210725765334679,3.021975,3.040461767662832,3.63,3.6522063275229217,0.22,0.22134583803169222,90.71,91.2649134902491,1006.7180827115976,1005.6299474833871,1006.1253579825723,-1.088135228210495,1538.822664688023,1543.0082342044577,1541.7266375519716,4.185569516434684,False,,0.11118214121397646,16,False
ipa,0.6171,25.0,99.38289999999999,1.81,1.8212388650361382,3.0129,3.0316080532968956,3.63,3.6525398232492714,0.22,0.22136604989389524,90.71,91.27324720852381,1006.7345263990472,1005.6460806818864,1006.1417900498194,-1.0884457171608666,1538.7488108779905,1542.9369813843111,1541.652918422607,4.188170506320661,False,,0.11331625249972828,16,False
ipa,0.6261749999999999,25.0,99.373825,1.81,1.8214051839103507,3.003825,3.0227527218560826,3.63,3.6528733798865045,0.22,0.22138626544766693,90.71,91.2815824488994,1006.7509783380673,1005.6622116931246,1006.1582318008961,-1.0887666449426725,1538.674956384236,1542.8657943653195,1541.5791925515068,4.190837981083349,False,,0.11548923407580972,16,False
ipa,0.63525,25.0,99.36475,1.81,1.821571533164427,2.99475,3.01389577289733,3.63,3.6532069974513095,0.22,0.22140648469401875,90.71,91.28991921179292,1006.7674385329111,1005.6783406493288,1006.174683176608,-1.089097883582331,1538.6011012469571,1542.7946703206214,1541.5054600912877,4.193569073664243,False,,0.11769897506963944,16,False
ipa,0.644325,25.0,99.35567499999999,1.81,1.821737912806692,2.9856749999999996,3.0050372059774135,3.63,3.653540675960382,0.22,0.22142670763396255,90.71,91.29825749762156,1006.78390698778,1005.6944676864251,1006.1911441183845,-1.0894393013548889,1538.5272455054628,1542.7236064052493,1541.4317212000572,4.196360899786419,False,,0.11994348505896314,16,False
ipa,0.6534,25.0,99.3466,1.81,1.8219043228454723,2.9766,2.9961770206529463,3.63,3.6538744154304226,0.22,0.22144693426851045,90.71,91.30659730680266,1006.8003837068231,1005.7105929439044,1006.2076145685055,-1.08979076291868,1538.4533891981657,1542.6525997628366,1541.3579760405464,4.19921056467093,False,,0.12222088901739091,16,False
ipa,0.6624749999999999,25.0,99.337525,1.81,1.8220707632890996,2.967525,2.9873152164803782,3.63,3.6542082158781386,0.22,0.22146716459867508,90.71,91.3149386397537,1006.8168686941368,1005.7267165646842,1006.2240944702993,-1.0901521294525311,1538.3795323625757,1542.5816475321262,1541.2842247792871,4.202115169550626,False,,0.12452942201763144,16,False
ipa,0.67155,25.0,99.32844999999999,1.81,1.822237234145907,2.95845,2.9784517930159997,3.63,3.6545420773202446,0.22,0.22148739862546937,90.71,91.32328149689239,1006.8333619537624,1005.7428386949672,1006.2405837683118,-1.0905232587952551,1538.30567503529,1542.5107468532508,1541.2104675858297,4.2050718179606825,False,,0.12686742381049737,16,False
ipa,0.680625,25.0,99.319375,1.81,1.8224037354242313,2.949375,2.9695867498159347,3.63,3.6548759997734583,0.22,0.22150763634990656,90.71,91.33162587863647,1006.849863489687,1005.7589594840998,1006.2570824084552,-1.090904005587192,1538.2318172519867,1542.4398948737742,1541.1367046320106,4.208077621787477,False,,0.12923333337464046,16,False
ipa,0.6897,25.0,99.3103,1.81,1.8225702671324122,2.9402999999999997,2.96072008643615,3.63,3.6552099832545064,0.22,0.2215278777730004,90.71,91.33997178540393,1006.866373305845,1005.7750790844315,1006.273590338132,-1.0912942214135308,1538.1579590474175,1542.3690887544772,1541.0629360912671,4.211129707059722,False,,0.1316256835120715,16,False
ipa,0.6987749999999999,25.0,99.30122499999999,1.81,1.822736829278793,2.931225,2.9518518024324476,3.63,3.6555440277801208,0.22,0.22154812289576492,90.71,91.34831921761288,1006.8828914061132,1005.7911976511641,1006.2901075063318,-1.0916937549491734,1538.0841004553956,1542.2983256748637,1540.9891621379925,4.214225219468161,False,,0.134043095547636,16,False
ipa,0.70785,25.0,99.29214999999999,1.81,1.822903421871719,2.92215,2.942981897360466,3.63,3.6558781333670387,0.22,0.22156837171921448,90.71,91.35666817568156,1006.8994177943154,1005.8073153422105,1006.3066338637166,-1.0921024521048794,1538.010241508794,1542.2276028383963,1540.915382946947,4.21736132960233,False,,0.13648427417640316,16,False
ipa,0.716925,25.0,99.283075,1.81,1.8230700449195394,2.913075,2.934110370775684,3.63,3.6562123000320046,0.22,0.2215886242443639,90.71,91.36501866002841,1006.9159524742166,1005.8234323180421,1006.3231693626775,-1.0925201561744489,1537.9363822395328,1542.1569174774281,1540.8415986927048,4.220535237895208,False,,0.13894800249115438,16,False
ipa,0.726,25.0,99.274,1.81,1.823236698430606,2.904,2.9252372222334144,3.63,3.656546527791768,0.22,0.22160888047222838,90.71,91.37337067107198,1006.9324954495276,1005.8395487415448,1006.3397139573833,-1.0929467079826938,1537.8625226785716,1542.0862668578402,1540.7678095491497,4.22374417926869,False,,0.14143313721248194,16,False
ipa,0.7350749999999999,25.0,99.26492499999999,1.81,1.8234033824132745,2.8949249999999997,2.916362451288811,3.63,3.6568808166630866,0.22,0.22162914040382342,90.71,91.38172420923101,1006.9490467239009,1005.8556647778669,1006.3562676038073,-1.093381946033959,1537.7886628559027,1542.0156482833777,1540.694015689014,4.226985427474922,False,,0.14393860413614104,16,False
ipa,0.74415,25.0,99.25585,1.81,1.823570096875902,2.88585,2.907486057496863,3.63,3.657215166662721,0.22,0.2216494040401649,90.71,91.39007927492436,1006.9656063009318,1005.8669247559923,1006.3728302597423,-1.0986815449395169,1537.7148028005415,1542.041003032854,1540.6202172834564,4.326200232312317,False,,0.14646339380600537,16,False
ipa,0.753225,25.0,99.246775,1.81,1.8237368418268503,2.876775,2.8986080404123964,3.63,3.65754957780744,0.22,0.2216696713822691,90.71,91.39843586857104,1006.9821741841571,1005.8828793505621,1006.3894018848035,-1.0992948335950083,1537.640942540518,1541.971744373391,1540.5464145016808,4.330801832872977,False,,0.14900655741596985,16,False
ipa,0.7623,25.0,99.23769999999999,1.81,1.8239036172744836,2.8677,2.889728399590076,3.63,3.6578840501140197,0.22,0.2216899424311527,90.71,91.40679399059027,1006.9987503770564,1005.8988307978512,1006.4059824404219,-1.099919579205082,1537.5670821028696,1541.902468029619,1540.4726075105928,4.335385926749416,False,,0.15156720294025422,16,False
ipa,0.7713749999999999,25.0,99.228625,1.81,1.8240704232271687,2.858625,2.8808471345844007,3.63,3.658218583599239,0.22,0.22171021718783265,90.71,91.41515364140136,1007.0153348830481,1005.9147793133503,1006.4225718898224,-1.1005555696977478,1537.493221513631,1541.8331703089304,1540.3987964744913,4.339948795299455,False,,0.1541444914885663,16,False
ipa,0.78045,25.0,99.21955,1.81,1.824237259693276,2.84955,2.87196424494971,3.63,3.6585531782798855,0.22,0.2217304956533264,90.71,91.42351482142381,1007.0319277054938,1005.9307251149105,1006.4391701980024,-1.1012025905833145,1537.4193607978266,1541.7638477564326,1540.324981554795,4.3444869586060255,False,,0.1567376338803382,16,False
ipa,0.789525,25.0,99.21047499999999,1.81,1.82440412668118,2.8404749999999996,2.8630797302401785,3.63,3.6588878341727527,0.22,0.22175077782865169,90.71,91.43187753107725,1007.0485288476926,1005.9466684225655,1006.455777331694,-1.10186042512719,1537.3454999794615,1541.6944971499045,1540.2511629097983,4.348997170442995,False,,0.1593458874306245,16,False
ipa,0.7986,25.0,99.20139999999999,1.81,1.8245710241992554,2.8314,2.8541935900098183,3.63,3.6592225512946395,0.22,0.22177106371482663,90.71,91.44024177078147,1007.0651383128843,1005.962609458362,1006.4603446957713,-1.1025288545223404,1537.2716390815121,1541.6251154940767,1540.244483891715,4.35347641256442,False,,0.16196855293909487,16,False
ipa,0.8076749999999999,25.0,99.192325,1.81,1.8247379522558829,2.822325,2.8453058238124775,3.63,3.6595573296623507,0.22,0.22179135331286973,90.71,91.44860754095642,1007.0817561042473,1005.9785484461862,1006.4769942704227,-1.1032076580611767,1537.1977781259172,1541.5557000143335,1540.1706609791627,4.357921888416272,False,,0.16460497187281775,16,False
ipa,0.81675,25.0,99.18325,1.81,1.8249049108594444,2.81325,2.8364164312018407,3.63,3.6598921692926982,0.22,0.22181164662379987,90.71,91.45697484202222,1007.0983822248985,1005.9944856115918,1006.4936515759406,-1.103896613306648,1537.1239171335712,1541.4862481499354,1540.0968368411623,4.3623310163640765,False,,0.1672545237330864,16,False
ipa,0.825825,25.0,99.17417499999999,1.81,1.8250719000183264,2.804175,2.827525411731431,3.63,3.6602270702025,0.22,0.22183194364863637,90.71,91.46534367439911,1007.115016677892,1006.0104211816297,1006.510316608621,-1.104595496262307,1537.0500561243118,1541.4167575468357,1540.023011522021,4.366701422523888,False,,0.16991662359635157,16,False
ipa,0.8349,25.0,99.1651,1.81,1.825238919740917,2.7950999999999997,2.818632764954606,3.63,3.6605620324085795,0.22,0.22185224438839876,90.71,91.47371403850751,1007.1316594662201,1006.0263553846789,1006.5269893664849,-1.1053040815411468,1536.9761951169137,1541.3472260501917,1539.9491850640527,4.371030933277964,True,IPA,0.17259071981932203,16,False
ipa,0.8439749999999999,25.0,99.156025,1.81,1.825405970035608,2.786025,2.809738490424561,3.63,3.6608970559277663,0.22,0.22187254884410706,90.71,91.48208593476795,1007.1483105928114,1006.0422884502784,1006.543669849145,-1.1060221425329906,1536.902334129076,1541.2776516966262,1539.8753575076598,4.375317567550128,True,IPA,0.17527629189843089,16,False
ipa,0.85305,25.0,99.14694999999999,1.81,1.8255730509107948,2.77695,2.800842587694327,3.63,3.6612321407768977,0.22,0.22189285701678169,90.71,91.4904593636012,1007.1649700605312,1006.058220608961,1006.5603580576803,-1.1067494515702356,1536.8284731774181,1541.208032706328,1539.8015288914198,4.379559528909683,True,IPA,0.17797284847411815,16,False
ipa,0.862125,25.0,99.137875,1.81,1.8257401623748746,2.767875,2.7919450563167714,3.63,3.6615672869728146,0.22,0.2219131689074433,90.71,91.4988343254281,1007.1816378721792,1006.0741520920874,1006.5770539945131,-1.1074857800917648,1536.754612277465,1541.1383674750314,1539.7276992521524,4.383755197566428,True,IPA,0.18067992547070272,16,False
ipa,0.8712,25.0,99.1288,1.81,1.8259073044362486,2.7588,2.783045895844598,3.63,3.661902494532366,0.22,0.2219334845171131,90.71,91.50721082066967,1007.198314030492,1006.0900831316873,1006.5937576632954,-1.1082308988048257,1536.6807514436416,1541.068654565955,1539.65386862499,4.387903122313381,True,IPA,0.18339708436299526,16,False
ipa,0.8802749999999999,25.0,99.11972499999999,1.81,1.8260744771033215,2.7497249999999998,2.774145105830348,3.63,3.6622377634724073,0.22,0.22195380384681254,90.71,91.51558884974712,1007.2149985381385,1006.1060139602938,1006.6104690687933,-1.1089845778447158,1536.6068906892601,1540.998892701728,1539.5800370434326,4.392002012467928,True,IPA,0.18612391056121885,16,False
ipa,0.88935,25.0,99.11064999999999,1.81,1.8262416803844996,2.74065,2.765242685826397,3.63,3.662573093809798,0.22,0.2219741268975635,90.71,91.52396841308175,1007.2316913977244,1006.1219448107922,1006.6271882167878,-1.1097465869320924,1536.5330300265146,1540.929080756371,1539.5062045394054,4.39605072985647,True,IPA,0.18886001190623777,16,False
ipa,0.898425,25.0,99.101575,1.81,1.8264089142881939,2.731575,2.756338635384957,3.63,3.662908485561405,0.22,0.2219944536703882,90.71,91.53234951109506,1007.2483926117866,1006.1378759162588,1006.6439151139687,-1.1105166955277532,1536.4591694664657,1540.859217747348,1539.4323711432985,4.400048280882368,True,IPA,0.19160501726753593,16,False
ipa,0.9075,25.0,99.0925,1.81,1.826576178822817,2.7225,2.747432954058077,3.63,3.6632439387441025,0.22,0.22201478416630926,90.71,91.54073214420869,1007.2651021827954,1006.1538075098107,1006.6606497678434,-1.111294672984728,1536.3853090190366,1540.7893028277485,1539.358536884011,4.4039938087118795,True,IPA,0.1943585752368303,16,False
ipa,0.9165749999999999,25.0,99.08342499999999,1.81,1.8267434739967863,2.713425,2.7385256413976404,3.63,3.66357945337477,0.22,0.2220351183863497,90.71,91.54911631284446,1007.2818201131535,1006.1697398244559,1006.6773921866474,-1.1120802886975452,1536.3114486929996,1540.7193352786078,1539.2847017889826,4.407886585608098,True,IPA,0.19712035291064403,16,False
ipa,0.92565,25.0,99.07435,1.81,1.8269107998185201,2.70435,2.7296166969553677,3.63,3.663915029470292,0.22,0.22205545633153284,90.71,91.5575020174243,1007.2985464051953,1006.1856730929468,1006.6941423792597,-1.1128733122485341,1536.237588495965,1540.6493145014033,1539.210865884218,4.411726005438448,True,IPA,0.19989003475558192,16,False
ipa,0.934725,25.0,99.065275,1.81,1.827078156296442,2.6952749999999996,2.7207061202828133,3.63,3.6642506670475603,0.22,0.22207579800288244,90.71,91.5658892583703,1007.315281061186,1006.201607547635,1006.7109003551245,-1.1136735135510325,1536.1637284343767,1540.579240010754,1539.1370291943158,4.4155115763772566,True,IPA,0.2026673215504679,16,False
ipa,0.9438,25.0,99.05619999999999,1.81,1.8272455434389772,2.6862,2.7117939109313705,3.63,3.6645863661234737,0.22,0.22209614340142264,90.71,91.57427803610477,1007.3320240833231,1006.2175434203336,1006.7276661241796,-1.1144806629893906,1536.0898685134957,1540.5091114273168,1539.0631917424794,4.419242913821139,True,IPA,0.2054519293998891,16,False
ipa,0.9528749999999999,25.0,99.047125,1.81,1.8274129612545544,2.677125,2.702880068452265,3.63,3.6649221267149352,0.22,0.2221164925281779,90.71,91.58266835105007,1007.34877547373,1006.2334809421744,1006.7444396967815,-1.1152945315556548,1536.016008737394,1540.4389284709255,1538.9893535505328,4.422919733531502,True,IPA,0.20824358881407548,16,False
ipa,0.96195,25.0,99.03805,1.81,1.8275804097516055,2.66805,2.6939645923965587,3.63,3.6652579488388555,0.22,0.22213684538417305,90.71,91.59106020362881,1007.3655352344631,1006.2494203434802,1006.7612210836488,-1.1161148909828342,1535.9421491089417,1540.3686909539572,1538.9155146389278,4.426541845015356,True,IPA,0.21104204385038336,16,False
ipa,0.971025,25.0,99.02897499999999,1.81,1.8277478889385659,2.658975,2.685047482315151,3.63,3.6655938325121515,0.22,0.22215720197043343,90.71,91.59945359426371,1007.382303367506,1006.2653618536314,1006.7780102957985,-1.116941513874658,1535.8682896297998,1540.2983987749526,1538.8416750267509,4.430109145152836,True,IPA,0.21384705131199558,16,False
ipa,0.9801,25.0,99.01989999999999,1.81,1.827915398823873,2.6498999999999997,2.6761287377587735,3.63,3.665929777751745,0.22,0.22217756228798455,90.71,91.60784852337763,1007.3990798747701,1006.2813057009383,1006.7948073444908,-1.11777417383174,1535.7944303004049,1540.228051912482,1538.76783473172,4.433621612077215,True,IPA,0.2166583799997649,16,False
ipa,0.9891749999999999,25.0,99.010825,1.81,1.828082939415968,2.640825,2.667208358277996,3.63,3.6662657845745654,0.22,0.22219792633785246,90.71,91.61624499139361,1007.4158647580948,1006.2972521125207,1006.8116122411789,-1.1186126455740806,1535.7205711199638,1540.157650419275,1538.693993770188,4.437079299311066,True,IPA,0.21947581001340868,16,False
ipa,0.99825,25.0,99.00174999999999,1.81,1.8282505107232956,2.63175,2.6582863434232222,3.63,3.6666018529975486,0.22,0.22221829412106356,90.71,91.62464299873488,1007.4326580192461,1006.3132013141862,1006.8284249974616,-1.1194567050598303,1535.6467120864395,1540.0871944165997,1538.6201521571331,4.440482330160103,True,IPA,0.22229913209855567,16,False
ipa,1.007325,25.0,98.99267499999999,1.81,1.8284181127543024,2.622675,2.6493626927446905,3.63,3.6669379830376343,0.22,0.2222386656386445,90.71,91.63304254582474,1007.4494596599164,1006.3291535303161,1006.8452456250396,-1.1203061296002712,1535.5728531965412,1540.0166840889058,1538.546309906155,4.443830892364575,True,IPA,0.2251281470363843,16,False
ipa,1.0164,25.0,98.9836,1.81,1.8285857455174392,2.6136,2.640437405792475,3.63,3.6672741747117708,0.22,0.22225904089162246,90.71,91.6414436330867,1007.4662696817229,1006.345108983752,1006.8620741356744,-1.1211606979709532,1535.4989944457134,1539.94611967872,1538.4724670294638,4.447125233006479,True,IPA,0.22796266507284235,16,False
ipa,1.025475,25.0,98.974525,1.81,1.8287534090211597,2.6045249999999998,2.631510482116484,3.63,3.6676104280369115,0.22,0.22227941988102495,90.71,91.64984626094441,1007.4830880862087,1006.3610678956898,1006.8789105411538,-1.122020190518955,1535.4251358281253,1539.875501481795,1538.398623537869,4.450365653669601,True,IPA,0.23080250538465538,16,False
ipa,1.0345499999999999,25.0,98.96544999999999,1.81,1.8289211032739205,2.59545,2.6225819212664625,3.63,3.667946743030017,0.22,0.22229980260787985,90.71,91.65825042982173,1007.4999148748398,1006.3770304855735,1006.8957548532549,-1.1228843892662301,1535.35127733666,1539.804829842508,1538.3247794407687,4.453552505848204,True,IPA,0.23364749557953352,16,False
ipa,1.043625,25.0,98.956375,1.81,1.8290888282841808,2.586375,2.613651722791988,3.63,3.6682831197080534,0.22,0.22232018907321535,90.71,91.66665614014256,1007.5167500490065,1006.3929969709975,1006.9126070837166,-1.1237530780090121,1535.2774189629017,1539.734105149501,1538.2509347461323,4.4566861865992635,True,IPA,0.23649747122818635,16,False
ipa,1.0527,25.0,98.9473,1.81,1.8292565840604038,2.5773,2.6047198862424747,3.63,3.6686195580879923,0.22,0.22234057927806014,90.71,91.67506339233107,1007.5335936100229,1006.4089675676096,1006.9294672442107,-1.1246260424132666,1535.2035606971272,1539.6633278315594,1538.177089460488,4.459767134432314,True,IPA,0.23935227542592036,16,False
ipa,1.061775,25.0,98.93822499999999,1.81,1.8294243706110558,2.568225,2.5957864111671705,3.63,3.6689560581868133,0.22,0.22236097322344325,90.71,91.68347218681153,1007.550445559124,1006.4249424890178,1006.9463353463152,-1.1255030701061695,1535.1297025282897,1539.5924983537202,1538.1032435889038,4.462795825430378,True,IPA,0.2422117583817696,16,False
ipa,1.07085,25.0,98.92914999999999,1.81,1.8295921879446049,2.55915,2.5868512971151576,3.63,3.6692926200215004,0.22,0.22238137091039398,90.71,91.69188252400835,1007.5673058974661,1006.4409219467025,1006.9632114014912,-1.126383950763619,1535.0558444440135,1539.5216172136084,1538.0293971349734,4.465772769594839,True,IPA,0.24507577703325106,16,False
ipa,1.079925,25.0,98.920075,1.81,1.8297600360695239,2.5500749999999996,2.577914543635354,3.63,3.669629243609045,0.22,0.22240177233994213,90.71,91.70029440434614,1007.5841754733095,1006.4569069971158,1006.9494381996388,-1.1272684761937726,1534.9819864283331,1539.45068493574,1538.0499517148482,4.468698507406774,True,IPA,0.24794419468498458,16,False
ipa,1.089,25.0,98.911,1.81,1.8299279149942878,2.541,2.568976150276511,3.63,3.6699659289664446,0.22,0.22242217751311785,90.71,91.70870782824964,1007.6010568306291,1006.4729003902124,1006.9663578668939,-1.1281564404166249,1534.9081284594556,1539.3797020660525,1537.9761471993647,4.4715736065969445,True,IPA,0.25081688066954166,16,False
ipa,1.098075,25.0,98.90192499999999,1.81,1.8300958247273753,2.531925,2.5600361165872156,3.63,3.670302676110703,0.22,0.2224425864309517,90.71,91.71712279614377,1007.6179500953317,1006.4889024555921,1006.9832877098922,-1.1290476397396418,1534.8342693559475,1539.3086680150639,1537.9023423952165,4.474398659116385,True,IPA,0.25369371002901014,16,False
ipa,1.1071499999999999,25.0,98.89285,1.81,1.8302637652772673,2.52285,2.551094442115886,3.63,3.670639485058829,0.22,0.22246299909447448,90.71,91.72553930845355,1007.6348552165026,1006.5049133436731,1007.0002277353095,-1.1299418728294692,1534.7603984135803,1539.23757269188,1537.828526507116,4.477174278299472,True,IPA,0.2565745632158717,16,False
ipa,1.116225,25.0,98.88377499999999,1.81,1.830431736652449,2.513775,2.5421511264107792,3.63,3.6709763558278397,0.22,0.22248341550471756,90.71,91.73395736560423,1007.6517721432285,1006.5209332024488,1007.0171779482299,-1.1308389407797435,1534.686513057105,1539.1664141533163,1537.7546968732336,4.479901096211218,True,IPA,0.2594593258118875,16,False
ipa,1.1253,25.0,98.87469999999999,1.81,1.8305997388614077,2.5046999999999997,2.533206169019982,3.63,3.6713132884347566,0.22,0.22250383566271253,90.71,91.74237696802115,1007.6687008245941,1006.5796608062974,1007.0341383521599,-1.089040018296709,1534.6126133008763,1539.0728537224438,1537.6808534256859,4.46024042156754,True,IPA,0.2623478882637949,16,False
ipa,1.134375,25.0,98.865625,1.81,1.830767771912634,2.495625,2.5242595694914183,3.63,3.6716502828966084,0.22,0.22252425956949143,90.71,91.75079811612986,1007.6856412096855,1006.5964359333566,1007.051108949051,-1.0892052763289017,1534.5386991588239,1539.0014229975716,1537.6069961003723,4.462723838747649,True,IPA,0.26524014563468307,16,False
ipa,1.14345,25.0,98.85655,1.81,1.8309358358146224,2.48655,2.5153113273728445,3.63,3.6719873392304305,0.22,0.2225446872260867,90.71,91.75922081035601,1007.7025932475891,1006.6132222195954,1007.0680897393205,-1.0893710279936542,1534.4647706444434,1538.92993385337,1537.5331248368275,4.465163208926428,True,IPA,0.2681359973700225,16,False
ipa,1.152525,25.0,98.84747499999999,1.81,1.8311039305758698,2.477475,2.5063614422118525,3.63,3.672324457453264,0.22,0.22256511863353112,90.71,91.7676450511255,1007.7195568873926,1006.6300196488286,1007.0850807218761,-1.089537238564,1534.3908277707947,1538.8583869422323,1537.4592395780824,4.467559171437541,True,IPA,0.2710353470773743,16,False
ipa,1.1616,25.0,98.8384,1.81,1.8312720562048759,2.4684,2.497409913555865,3.63,3.6726616375821544,0.22,0.22258555379285785,90.71,91.77607083886426,1007.7365320781872,1006.6468282044377,1007.1020818941436,-1.0897038737494864,1534.3168705504963,1538.7867829237932,1537.3853402705226,4.469912373296905,True,IPA,0.27393810231889265,16,False
ipa,1.170675,25.0,98.829325,1.81,1.8314402127101446,2.4593249999999998,2.488456740952141,3.63,3.6729988796341573,0.22,0.22260599270510045,90.71,91.78449817399846,1007.7535187690645,1006.6636478693583,1007.1190932520904,-1.0898708997061348,1534.2428989957236,1538.7151224633044,1537.3114268637485,4.472223467580762,True,IPA,0.2768441744157811,16,False
ipa,1.1797499999999999,25.0,98.82024999999999,1.81,1.8316084001001822,2.45025,2.4795019239477742,3.63,3.6733361836263323,0.22,0.22262643537129287,90.71,91.79292705695443,1007.7705169091194,1006.6804786260736,1007.1361147902563,-1.0900382830457602,1534.1689131182034,1538.6434062301284,1537.2374993104347,4.474493111925109,True,IPA,0.2797534782639389,16,False
ipa,1.188825,25.0,98.81117499999999,1.81,1.8317766183834978,2.441175,2.470545462089688,3.63,3.673673549575744,0.22,0.22264688179246933,90.71,91.80135748815862,1007.7875264474512,1006.6973204566066,1007.1531465017844,-1.0902059908446438,1534.094912929209,1538.5716348963488,1537.163557566192,4.476721967139803,True,IPA,0.2826659321600751,16,False
ipa,1.1979,25.0,98.8021,1.81,1.8319448675686043,2.4321,2.4615873549246423,3.63,3.6740109774994663,0.22,0.22266733196966462,90.71,91.80978946803762,1007.8045473331623,1006.7141733425108,1007.1701883784482,-1.0903739906515804,1534.0208984395574,1538.4998091354882,1537.0896015894305,4.478910695930865,True,IPA,0.28558145763762127,16,False
ipa,1.206975,25.0,98.793025,1.81,1.8321131476640178,2.423025,2.45262760199923,3.63,3.674348467414577,0.22,0.22268778590391378,90.71,91.81822299701827,1007.8215795153595,1006.7310372648642,1007.187240410685,-1.090542250495303,1533.9468696596048,1538.4279296213294,1537.0156313412265,4.481059961724759,True,IPA,0.2884999793118279,16,False
ipa,1.21605,25.0,98.78394999999999,1.81,1.8322814586782572,2.41395,2.4436662028598777,3.63,3.674686019338162,0.22,0.22270824359625224,90.71,91.82665807552746,1007.8386229431555,1006.7479122042643,1007.2043025876274,-1.0907107388913049,1533.8728265992436,1538.3559970268323,1536.9416467851916,4.483170427588629,True,IPA,0.29142142473346155,16,False
ipa,1.225125,25.0,98.774875,1.81,1.832449800619844,2.4048749999999997,2.4347031570528435,3.63,3.6750236332873114,0.22,0.22272870504771583,90.71,91.8350947039923,1007.8556775656666,1006.7647981408186,1007.2213748971325,-1.0908794248480578,1533.7987692678932,1538.284012023134,1536.867647887337,4.485242755240794,True,IPA,0.2943457242505678,16,False
ipa,1.2342,25.0,98.7658,1.81,1.8326181734973037,2.3958,2.4257384641242212,3.63,3.675361309279123,0.22,0.2227491702593408,90.71,91.84353288284001,1007.8727433320182,1006.7816950541455,1007.2384573258197,-1.091048277872655,1533.7246976745027,1538.2119752786487,1536.7936346159545,4.487277604145929,True,IPA,0.29727281087779706,16,False
ipa,1.243275,25.0,98.75672499999999,1.81,1.832786577319165,2.386725,2.416772123619936,3.63,3.6756990473307014,0.22,0.2227696392321637,90.71,91.85197261249805,1007.8898201913396,1006.7986029233638,1007.2555498590964,-1.091217267975877,1533.6506118275415,1538.1398874582312,1536.719606941487,4.489275630689722,True,IPA,0.30020262017283045,16,False
ipa,1.2523499999999999,25.0,98.74765,1.81,1.8329550120939588,2.37765,2.4078041350857466,3.63,3.676036847459155,0.22,0.2227901119672215,90.71,91.86041389339393,1007.906908092768,1006.8155217270913,1007.2726524811944,-1.0913863656767024,1533.576511734998,1538.0677492224258,1536.645564836411,4.491237487427972,True,IPA,0.3031350901194652,16,False
ipa,1.261425,25.0,98.738575,1.81,1.83312347783022,2.368575,2.3988344980672447,3.63,3.676374709681601,0.22,0.2228105884655516,90.71,91.86885672595538,1007.9240069854494,1006.8324514434431,1007.2897651752021,-1.0915555420062732,1533.5023974043713,1537.9955612267768,1536.5715082751144,4.4931638224053385,True,IPA,0.30607016101695933,16,False
ipa,1.2705,25.0,98.72949999999999,1.81,1.8332919745364862,2.3594999999999997,2.3898632121098555,3.63,3.6767126340151632,0.22,0.2228310687281917,90.71,91.87730111061032,1007.9411168185368,1006.8493920500255,1007.3068879230946,-1.0917247685113312,1533.4282688426715,1537.9233241212107,1536.4974372337858,4.495055278539224,True,IPA,0.30900777537525337,16,False
ipa,1.279575,25.0,98.72042499999999,1.81,1.8334605022212984,2.350425,2.380890276758837,3.63,3.6770506204769684,0.22,0.2228515527561799,90.71,91.88574704778672,1007.9582375411928,1006.8663435239357,1007.3240207057671,-1.0918940172571352,1533.3541260564114,1537.8510385494758,1536.4233516903005,4.4969124930644355,True,IPA,0.311947877815719,16,False
ipa,1.28865,25.0,98.71135,1.81,1.8336290608932002,2.34135,2.3719156915592787,3.63,3.677388669084153,0.22,0.22287204055055473,90.71,91.89419453791282,1007.9753691025899,1006.88330584176,1007.3411635030668,-1.092063260829879,1533.279969051604,1537.7787051486387,1536.3492516241129,4.49873609703459,True,IPA,0.3148904149771035,16,False
ipa,1.297725,25.0,98.70227499999999,1.81,1.8337976505607396,2.332275,2.362939456056105,3.63,3.677726779853859,0.22,0.2228925321123551,90.71,91.90264358141695,1007.9925114519089,1006.9007668115366,1007.3583162938219,-1.0917446403721662,1533.2057978337568,1537.7013297375438,1536.2751370161511,4.495531903786998,True,IPA,0.31783533542636017,16,False
ipa,1.3068,25.0,98.69319999999999,1.81,1.833966271232466,2.3232,2.3539615697940692,3.63,3.678064952803233,0.22,0.22291302744262018,90.71,91.91109417872762,1008.0096645383434,1006.9177653242513,1007.3754790558755,-1.0918992140921562,1533.131612407869,1537.6288666695505,1536.2010078487165,4.497254261681609,True,IPA,0.32078258957408284,16,False
ipa,1.315875,25.0,98.684125,1.81,1.8341349229169333,2.3141249999999998,2.3449820323177613,3.63,3.6784031879494297,0.22,0.22293352654238968,90.71,91.91954633027349,1008.0268283110962,1006.934774794045,1007.3926517661133,-1.0920535170512755,1533.0574127784232,1537.5563580702744,1536.1268641053825,4.4989452918512765,True,IPA,0.3237321295942671,16,False
ipa,1.3249499999999999,25.0,98.67505,1.81,1.834303605622698,2.30505,2.336000843171602,3.63,3.67874148530961,0.22,0.22295402941270362,90.71,91.92800003648338,1008.044002719384,1006.9517951929336,1007.409834400496,-1.0922075264505111,1532.983198949385,1537.4838045413785,1536.0527057709023,4.500605591993536,True,IPA,0.32668390934815505,16,False
ipa,1.334025,25.0,98.66597499999999,1.81,1.8344723193583201,2.295975,2.3270180018998445,3.63,3.67907984490094,0.22,0.22297453605460243,90.71,91.93645529778631,1008.0611877124344,1006.9688264923619,1007.4270269340864,-1.092361220072435,1532.908970924195,1537.4112066759892,1535.9785328311152,4.502235751794249,True,IPA,0.32963788431192315,16,False
ipa,1.3431,25.0,98.6569,1.81,1.8346410641323618,2.2869,2.318033508046574,3.63,3.6794182667405932,0.22,0.22299504646912685,90.71,91.94491211461136,1008.0783832394884,1006.9858686632101,1007.4442293410791,-1.092514576278329,1532.8347287057657,1537.3385650584705,1535.9043452728592,4.50383635270486,True,IPA,0.3325940115079935,16,False
ipa,1.352175,25.0,98.647825,1.81,1.8348098399533899,2.277825,2.309047361155707,3.63,3.6797567508457485,0.22,0.2230155606573181,90.71,91.95337048738784,1008.0955892498016,1007.0029216757966,1007.4614415948301,-1.09266757400493,1532.7604722964754,1537.2658802642281,1535.8301430838837,4.505407967752781,True,IPA,0.33555224943976436,16,False
ipa,1.36125,25.0,98.63874999999999,1.81,1.8349786468299731,2.26875,2.300059560770995,3.63,3.6800952972335925,0.22,0.22303607862021774,90.71,91.96183041654524,1008.1128056926416,1007.0199854998808,1007.478663667881,-1.0928201927608137,1532.686201698165,1537.1931528595474,1535.755926252769,4.506951161382393,True,IPA,0.3385125580295632,16,False
ipa,1.370325,25.0,98.62967499999999,1.81,1.8351474847706841,2.2596749999999997,2.2910701064360195,3.63,3.6804339059213165,0.22,0.22305660035886768,90.71,91.97029190251313,1008.1300325172946,1007.0370601046722,1007.495895531992,-1.0929724126224334,1532.6119169121307,1537.120383401455,1535.6816947688462,4.5084664893242605,True,IPA,0.34147489855964613,16,False
ipa,1.3794,25.0,98.6206,1.81,1.835316353784098,2.2506,2.2820789976941938,3.63,3.680772576926119,0.22,0.22307712587431025,90.71,91.97875494572128,1008.147269673058,1007.0541454588281,1007.5131371581604,-1.093124214229828,1532.5376179391214,1537.0475724376117,1535.6074486221207,4.509954498490378,True,IPA,0.3444392336160687,16,False
ipa,1.388475,25.0,98.611525,1.81,1.8354852538787936,2.241525,2.273086234088764,3.63,3.6811113102652047,0.22,0.22309765516758817,90.71,91.98721954659965,1008.1645171092488,1007.0712415304668,1007.5303885166538,-1.0932755787820219,1532.4633047793332,1536.9747205062265,1535.5331878032002,4.5114157268933335,True,IPA,0.347405527035272,16,False
ipa,1.3975499999999998,25.0,98.60244999999999,1.81,1.835654185063353,2.23245,2.264091815162808,3.63,3.6814501059557854,0.22,0.22311818823974458,90.71,91.99568570557832,1008.1817747752,1007.0883482871678,1007.5476495770318,-1.093426488032126,1532.388977432401,1536.9018281359884,1535.4589123032204,4.512850703587449,True,IPA,0.35037374385323433,16,False
ipa,1.406625,25.0,98.593375,1.81,1.8358231473463609,2.223375,2.2550957404592347,3.63,3.681788964015077,0.22,0.22313872509182286,90.71,92.00415342308752,1008.1990426202614,1007.1054656959792,1007.5649203081704,-1.093576924282163,1532.314635897398,1536.828895846028,1535.3846221137821,4.514259948630109,True,IPA,0.3533438502570467,16,False
ipa,1.4157,25.0,98.5843,1.81,1.8359921407364053,2.2142999999999997,2.2460980095207854,3.63,3.6821278844603045,0.22,0.22315926572486694,90.71,92.01262269955764,1008.216320593801,1007.1225937234234,1007.5822006782862,-1.093726870377627,1532.2402801728283,1536.7559241458898,1535.3103172268843,4.515643973061514,True,IPA,0.356315813538782,16,False
ipa,1.424775,25.0,98.57522499999999,1.81,1.836161165242078,2.205225,2.237098621890034,3.63,3.682466867308698,0.22,0.22317981013992108,90.71,92.02109353541928,1008.2336086452075,1007.1397323355056,1007.5994906549621,-1.093876309701798,1532.165910256622,1536.6829135355233,1535.235997634861,4.517003278901332,True,IPA,0.3592896020515333,16,False
ipa,1.43385,25.0,98.56615,1.81,1.836330220871973,2.19615,2.228097577109383,3.63,3.682805912577493,0.22,0.22320035833802987,90.71,92.02956593110312,1008.2509067238863,1007.1568814977164,1007.6167902051654,-1.0940252261698225,1532.0915261461291,1536.6098645052898,1535.1616633303217,4.518338359160728,True,IPA,0.3622651851675063,16,False
ipa,1.442925,25.0,98.557075,1.81,1.8364993076346878,2.187075,2.219094874721069,3.63,3.683145020283932,0.22,0.2232209103202383,90.71,92.03803988704007,1008.2682147792655,1007.1740411750429,1007.6340992952747,-1.094173604222576,1532.0171278381156,1536.536777535984,1535.0873143060958,4.519649697868394,True,IPA,0.3652425332380526,16,False
ipa,1.452,25.0,98.54799999999999,1.81,1.836668425538824,2.178,2.210090514267159,3.63,3.6834841904452658,0.22,0.22324146608759185,90.71,92.04651540366118,1008.2855327607924,1007.1912113319721,1007.6514178910974,-1.0943214288203267,1531.9427153287556,1536.463653098865,1535.012950555174,4.520937770109321,True,IPA,0.3682216175555473,16,False
ipa,1.461075,25.0,98.53892499999999,1.81,1.8368375745929846,2.1689249999999998,2.201084495289552,3.63,3.6838234230787483,0.22,0.22326202564113626,90.71,92.05499248139759,1008.3028606179372,1007.208391932501,1007.6687459578934,-1.0944686854362076,1531.8682886136305,1536.3904916557055,1534.9385720706612,4.522203042075072,True,IPA,0.3712024103170081,16,False
ipa,1.4701499999999998,25.0,98.52985,1.81,1.8370067548057771,2.15985,2.1920768173299767,3.63,3.6841627182016414,0.22,0.22328258898191766,90.71,92.06347112068069,1008.3201983001917,1007.2255829401422,1007.6860834603938,-1.0946153600495143,1531.7938476877175,1536.317293658842,1534.8641788457198,4.523445971124483,True,IPA,0.37418488458936905,16,False
ipa,1.479225,25.0,98.52077499999999,1.81,1.8371759661858122,2.150775,2.1830674799299947,3.63,3.684502075831215,0.22,0.22330315611098273,90.71,92.07195132194201,1008.3375457570706,1007.2427843179318,1007.7034303628203,-1.0947614391388463,1531.7193925453887,1536.2440595512423,1534.7897708735259,4.5246670058537335,True,IPA,0.37716901427632016,16,False
ipa,1.4883,25.0,98.51169999999999,1.81,1.837345208741703,2.1417,2.1740564826309976,3.63,3.6848414959847413,0.22,0.22332372702937825,90.71,92.0804330856132,1008.3549029381134,1007.2599960284383,1007.7207866289061,-1.0949069096750936,1531.6449231804038,1536.1707897665785,1534.7153481472214,4.525866586174839,True,IPA,0.38015477408663495,16,False
ipa,1.497375,25.0,98.502625,1.81,1.837514482482066,2.132625,2.1650438249742074,3.63,3.6851809786795022,0.22,0.22334430173815167,90.71,92.08891641212608,1008.3722697928828,1007.2772180337685,1007.7381522219122,-1.0950517591142972,1531.5704395859045,1536.0974847293062,1534.640910659871,4.52704514340167,True,IPA,0.3831421395039065,16,False
ipa,1.50645,25.0,98.49355,1.81,1.8376837874155212,2.12355,2.1560295065006794,3.63,3.6855205239327855,0.22,0.22336488023835063,90.71,92.09740130191267,1008.3896462709679,1007.2944502955775,1007.7555271046466,-1.0951959753903804,1531.4959417544082,1536.0241448547508,1534.5664584044168,4.528203100342657,True,IPA,0.3861310867576236,16,False
ipa,1.515525,25.0,98.48447499999999,1.81,1.8378531235506919,2.1144749999999997,2.1470135267512975,3.63,3.685860131761885,0.22,0.22338546253102332,90.71,92.1058877554051,1008.4070323219829,1007.3116927750751,1007.7729112394813,-1.0953395469077731,1531.4214296778039,1535.9507705492033,1534.4919913736423,4.529340871399465,True,IPA,0.3891215927955169,16,False
ipa,1.5246,25.0,98.4754,1.81,1.8380224908962037,2.1054,2.1379958852667773,3.63,3.686199802184099,0.22,0.22340604861721813,90.71,92.1143757730357,1008.4244278955688,1007.3289454330348,1007.7903045883689,-1.0954824625339397,1531.3469033473434,1535.8773622100143,1534.4175095601283,4.5304588626708675,True,IPA,0.39211363525711246,16,False
ipa,1.533675,25.0,98.466325,1.81,1.8381918894606861,2.096325,2.128976581587665,3.63,3.686539535216735,0.22,0.22342663849798397,90.71,92.12286535523693,1008.4418329413951,1007.3462082298033,1007.8077071128603,-1.0956247115918152,1531.2723627536386,1535.8039202256998,1534.3430129562203,4.531557472061219,True,IPA,0.39510719244843157,16,False
ipa,1.5427499999999998,25.0,98.45724999999999,1.81,1.8383613192527724,2.08725,2.1199556152543364,3.63,3.686879330877107,0.22,0.22344723217437013,90.71,92.13135650244142,1008.4592474091587,1007.3634811253065,1007.8251187741184,-1.0957662838521705,1531.1978078866546,1535.7304449760475,1534.2685015539914,4.532637089392891,True,IPA,0.39810224331778077,16,False
ipa,1.551825,25.0,98.44817499999999,1.81,1.8385307802810973,2.078175,2.1109329858069996,3.63,3.687219189182532,0.22,0.2234678296474262,90.71,92.13984921508195,1008.4766712485849,1007.380764079059,1007.8425395329343,-1.0959071695259082,1531.1232387357031,1535.6569368322253,1534.1939753452084,4.533698096522126,True,IPA,0.40109876743257716,16,False
ipa,1.5609,25.0,98.4391,1.81,1.8387002725543002,2.0690999999999997,2.101908692785692,3.63,3.6875591101503367,0.22,0.22348843091820222,90.71,92.14834349359147,1008.49410440943,1007.3980570501736,1007.8599693497431,-1.096047359256305,1531.0486552894363,1535.5833961568942,1534.119434321298,4.534740867457809,True,IPA,0.4040967449571609,16,False
ipa,1.569975,25.0,98.430025,1.81,1.838869796081023,2.060025,2.0928827357302815,3.63,3.687899093797853,0.22,0.22350903598774866,90.71,92.15683933840309,1008.5115468414812,1007.4153599973699,1007.8774081846378,-1.0961868441112093,1530.9740575358392,1535.5098233043218,1534.044878473316,4.535765768482657,True,IPA,0.40709615663154214,16,False
ipa,1.57905,25.0,98.42094999999999,1.81,1.8390393508699114,2.05095,2.0838551141804666,3.63,3.6882391401424193,0.22,0.22352964485711632,90.71,92.1653367499501,1008.5289984945549,1007.4326728789797,1007.894855997381,-1.0963256155752013,1530.8994454622289,1535.4362186205053,1533.9703077919203,4.5367731582764215,True,IPA,0.4100969837510432,16,False
ipa,1.588125,25.0,98.411875,1.81,1.8392089369296136,2.041875,2.074825827675776,3.63,3.68857924920138,0.22,0.22355025752735633,90.71,92.17383572866588,1008.5464593185031,1007.4499956529614,1007.9123127474234,-1.0964636655417248,1530.8248190552417,1535.3625824432825,1533.895722267338,4.537763388040681,True,IPA,0.4130992081467869,16,False
ipa,1.5972,25.0,98.4028,1.81,1.839378554268781,2.0328,2.065794875755568,3.63,3.6889194209920855,0.22,0.22357087399952033,90.71,92.18233627498405,1008.5639292632078,1007.4673282769025,1007.9297783939104,-1.0966009863052069,1530.750178300832,1535.288915102457,1533.821121889342,4.538736801624881,True,IPA,0.41610281216699574,16,False
ipa,1.606275,25.0,98.39372499999999,1.81,1.839548202896069,2.0237249999999998,2.0567622579590314,3.63,3.6892596555318953,0.22,0.22359149427466032,90.71,92.19083838933835,1008.5814082785862,1007.484670708033,1007.9472528957002,-1.0967375705531586,1530.6755231842617,1535.215216919915,1533.746506647221,4.539693735653271,True,IPA,0.41910777865905924,16,False
ipa,1.6153499999999998,25.0,98.38465,1.81,1.8397178828201353,2.01465,2.0477279738251855,3.63,3.6895999528381718,0.22,0.22361211835382858,90.71,92.19934207216268,1008.59889631459,1007.5020229032317,1007.9647362113731,-1.0968734113582805,1530.6008536900972,1535.1414882097497,1533.6718765297574,4.540634519652439,True,IPA,0.42211409095233665,16,False
ipa,1.624425,25.0,98.375575,1.81,1.8398875940496409,2.005575,2.0386920228928775,3.63,3.6899403129282855,0.22,0.2236327462380779,90.71,92.20784732389112,1008.6163933212067,1007.5193848190362,1007.9822282992445,-1.097008502170572,1530.5261698022007,1535.0677292783798,1533.597231525201,4.541559476179161,True,IPA,0.42512173284165805,16,False
ipa,1.6335,25.0,98.36649999999999,1.81,1.8400573365932509,1.9965,2.029654404700788,3.63,3.6902807358196137,0.22,0.22365337792846143,90.71,92.2163541449579,1008.6338992484605,1007.536756411651,1007.9997291173763,-1.0971428368094518,1530.4514715037253,1534.9939404246736,1533.522571621248,4.542468920948319,True,IPA,0.4281306885714918,16,False
ipa,1.642575,25.0,98.35742499999999,1.81,1.8402271104596324,1.987425,2.020615118787423,3.63,3.6906212215295393,0.22,0.2236740134260327,90.71,92.22486253579739,1008.6514140464111,1007.5541376369553,1008.0172386235862,-1.0972764094558995,1530.3767587771067,1534.9201219400675,1533.4478968050162,4.543363162960649,True,IPA,0.4311409428207495,16,False
ipa,1.65165,25.0,98.34835,1.81,1.8403969156574564,1.9783499999999998,2.0115741646911207,3.63,3.690961770075451,0.22,0.22369465273184552,90.71,92.23337249684413,1008.6689376651585,1007.5715284505139,1008.0347567754616,-1.0974092146446235,1530.3020316040574,1534.8462741086876,1533.373207063025,4.5442425046301045,True,IPA,0.43415248068819523,16,False
ipa,1.660725,25.0,98.33927499999999,1.81,1.8405667521953972,1.9692749999999999,2.00253154195005,3.63,3.691302381474747,0.22,0.22371529584695438,90.71,92.24188402853287,1008.6864700548404,1007.5889288075841,1008.0522835303674,-1.097541247256261,1530.2272899655604,1534.7723972074712,1533.2985023811752,4.54510724191067,True,IPA,0.4371652876784345,16,False
ipa,1.6698,25.0,98.33019999999999,1.81,1.8407366200821316,1.9602,1.9934872501022067,3.63,3.6916430557448274,0.22,0.2237359427724138,90.71,92.25039713129843,1008.7040111656352,1007.6063386631256,1008.0698188454579,-1.0976725025096155,1530.1525338418614,1534.6984915062837,1533.2237827447289,4.545957664422411,True,IPA,0.44017934968845673,16,False
ipa,1.678875,25.0,98.321125,1.81,1.84090651932634,1.951125,1.9844412886854175,3.63,3.6919837929031023,0.22,0.22375659350927893,90.71,92.25891180557586,1008.7215609477606,1007.6237579718066,1008.0873626776842,-1.0978029759539418,1530.0777632124623,1534.6245572680389,1533.1490481382893,4.546794055576648,True,IPA,0.443194652994703,16,False
ipa,1.6879499999999998,25.0,98.31205,1.81,1.8410764499367067,1.94205,1.9753936572373378,3.63,3.6923245929669863,0.22,0.22377724805860522,90.71,92.26742805180037,1008.7391193514778,1007.6411866880165,1008.1049149838063,-1.097932663461275,1530.0029780561147,1534.5505947488148,1533.0742985457841,4.547616692700095,True,IPA,0.4462111842406386,16,False
ipa,1.697025,25.0,98.30297499999999,1.81,1.841246411921918,1.9329749999999999,1.9663443552954527,3.63,3.692665455953902,0.22,0.22379790642144862,90.71,92.27594587040728,1008.75668632709,1007.6586247658712,1008.1224757204013,-1.098061561218818,1529.9281783508118,1534.4766041979697,1532.9995339504467,4.548425847157832,True,IPA,0.44922893042480655,16,False
ipa,1.7061,25.0,98.2939,1.81,1.841416405290664,1.9239,1.9572933823970766,3.63,3.693006381881277,0.22,0.22381856859886526,90.71,92.28446526183212,1008.7742618249431,1007.6760721592217,1008.1400448438708,-1.0981896657213857,1529.853364073783,1534.4025858582581,1532.9247543347994,4.54922178447502,True,IPA,0.45224787888934065,16,False
ipa,1.715175,25.0,98.284825,1.81,1.8415864300516382,1.914825,1.9482407380793525,3.63,3.693347370766545,0.22,0.22383923459191182,90.71,92.29298622651055,1008.7918457954295,1007.6935288216656,1008.1576223104529,-1.0983169737639153,1529.7785352014846,1534.328539965942,1532.8499596806369,4.550004764457243,True,IPA,0.45526801730891825,16,False
ipa,1.72425,25.0,98.27574999999999,1.81,1.8417564862135372,1.9057499999999998,1.9391864218792532,3.63,3.693688422627149,0.22,0.2238599044016454,90.71,92.30150876487843,1008.8094381889833,1007.7109947065493,1008.1752080762245,-1.0984434824340397,1529.703691709594,1534.2544667509035,1532.7751499690096,4.550775041309401,True,IPA,0.45828933368013247,16,False
ipa,1.733325,25.0,98.26667499999999,1.81,1.84192657378506,1.8966749999999999,1.9301304333335794,3.63,3.6940295374805348,0.22,0.2238805780291233,90.71,92.31003287737171,1008.8270389560889,1007.7284697669842,1008.1928020971172,-1.0985691891047364,1529.6288335730023,1534.1803664367553,1532.70032518021,4.551532863753077,True,IPA,0.4613118163112672,16,False
ipa,1.7424,25.0,98.2576,1.81,1.84209669277491,1.8876,1.9210727719789613,3.63,3.6943707153441565,0.22,0.22390125547540343,90.71,92.31855856442657,1008.8446480472763,1007.7459539558492,1008.2104043289196,-1.0986940914270489,1529.553960765806,1534.1062392409483,1532.6254852937554,4.552278475142294,True,IPA,0.46433545381245467,16,False
ipa,1.751475,25.0,98.248525,1.81,1.8422668431917935,1.878525,1.9120134373518585,3.63,3.694711956235475,0.22,0.22392193674154395,90.71,92.32708582647933,1008.8622654131239,1007.763447225801,1008.2280147272862,-1.0988181873228884,1529.4790732613017,1534.0320853748792,1532.5506302883762,4.553012113577641,True,IPA,0.46736023508620256,16,False
ipa,1.7605499999999998,25.0,98.23944999999999,1.81,1.8424370250444198,1.86945,1.9029524289885582,3.63,3.695053260171958,0.22,0.2239426218286035,90.71,92.33561466396647,1008.8798910042591,1007.7809495292812,1008.2456332477453,-1.0989414749779138,1529.4041710319748,1533.9579050439934,1532.4757601419974,4.553734012018684,True,IPA,0.47038614931827133,16,False
ipa,1.769625,25.0,98.230375,1.81,1.8426072383415009,1.860375,1.8938897464251765,3.63,3.6953946271710763,0.22,0.223963310737641,90.71,92.34414507732461,1008.8975247713598,1007.7984608185253,1008.2632598457056,-1.0990639528345003,1529.3292540494951,1533.8836984478899,1532.4008748317294,4.554444398394633,True,IPA,0.47341318596889015,16,False
ipa,1.7787,25.0,98.2213,1.81,1.842777483091753,1.8513,1.8848253891976587,3.63,3.6957360572503113,0.22,0.22398400346971584,90.71,92.35267706699057,1008.9151666651557,1007.8159810455709,1008.2808944764638,-1.0991856195847904,1529.2543222847087,1533.809465780422,1532.325974333852,4.55514349571324,True,IPA,0.4764413347642929,16,False
ipa,1.787775,25.0,98.21222499999999,1.81,1.8429477593038954,1.842225,1.8757593568417783,3.63,3.6960775504271495,0.22,0.22400470002588785,90.71,92.3612106334013,1008.9328166364285,1007.8335101622646,1008.298537095211,-1.099306474163838,1529.1793757076298,1533.7352072297977,1532.2510586238034,4.555831522167886,True,IPA,0.4794705856885659,16,False
ipa,1.79685,25.0,98.20315,1.81,1.8431180669866498,1.8331499999999998,1.8666916488931364,3.63,3.696419106719082,0.22,0.2240254004072171,90.71,92.36974577699392,1008.950474636012,1007.8510481202692,1008.3161876570377,-1.0994265157428413,1529.1044142874305,1533.6609229786734,1532.1761276761636,4.556508691242843,True,IPA,0.48250092897578944,16,False
ipa,1.805925,25.0,98.194075,1.81,1.8432884061487418,1.824075,1.8576222648871636,3.63,3.696760726143609,0.22,0.22404610461476418,90.71,92.37828249820572,1008.9681406147968,1007.8685948710743,1008.333846116944,-1.0995457437224707,1529.0294379924383,1533.586613204255,1532.1011814646474,4.5571752118166895,True,IPA,0.48553235510246334,16,False
ipa,1.815,25.0,98.18499999999999,1.81,1.8434587767989004,1.815,1.8485512043591181,3.63,3.6971024087182363,0.22,0.22406681264959008,90.71,92.38682079747417,1008.985814523727,1007.8861503660007,1008.3515124298414,-1.099664157726292,1528.954446790122,1533.5122780783859,1532.0262199620868,4.557831288263876,True,IPA,0.4885648547802054,16,False
ipa,1.824075,25.0,98.17592499999999,1.81,1.8436291789458568,1.805925,1.8394784668440864,3.63,3.697444154460475,0.22,0.22408752451275607,90.71,92.39536067523683,1009.0034963138039,1007.9037145562096,1008.3691865505615,-1.0997817575942854,1528.8794406470872,1533.4379177676417,1531.9512431404228,4.558477120554419,True,IPA,0.4915984189487088,16,False
ipa,1.8331499999999998,25.0,98.16685,1.81,1.8437996125983467,1.79685,1.830404051876983,3.63,3.6977859633878443,0.22,0.2241082402053239,90.71,92.4039021319315,1009.0211859360865,1007.92128739271,1008.3868684338612,-1.0998985433764652,1528.8044195290688,1533.3635324334205,1531.8762509706928,4.559112904351739,True,IPA,0.49463303876895076,16,False
ipa,1.842225,25.0,98.15777499999999,1.81,1.8439700777651085,1.787775,1.8213279589925504,3.63,3.6981278355178695,0.22,0.22412895972835573,90.71,92.41244516799613,1009.0388833416919,1007.9388688263653,1008.4045580344279,-1.1000145153265954,1528.7293834009204,1533.289122232029,1531.801243423019,4.559738831108624,True,IPA,0.4976687056166397,16,False
ipa,1.8513,25.0,98.14869999999999,1.81,1.8441405744548833,1.7787,1.8122501877253598,3.63,3.698469770868081,0.22,0.224149683082914,90.71,92.42098978386878,1009.056588481797,1007.956458807901,1008.422255306885,-1.1001296738960107,1528.6543322266054,1533.2146873147667,1531.726220466595,4.560355088161333,True,IPA,0.5007054110758928,16,False
ipa,1.860375,25.0,98.139625,1.81,1.8443111026764165,1.769625,1.8031707376098087,3.63,3.6988117694560176,0.22,0.22417041027006168,90.71,92.4295359799877,1009.0743013076404,1007.974057287913,1008.4399602057987,-1.1002440197275336,1528.5792659691929,1533.1402278280148,1531.6511820696792,4.560961858821851,True,IPA,0.5037431469331356,16,False
ipa,1.86945,25.0,98.13055,1.81,1.8444816624384557,1.7605499999999998,1.7940896081801232,3.63,3.699153831299223,0.22,0.224191141290862,90.71,92.43808375679134,1009.0920217705219,1007.9916642168724,1008.4576726856815,-1.1003575536495005,1528.504184590844,1533.0657439133124,1531.5761281995792,4.561559322468294,True,IPA,0.5067819051712097,16,False
ipa,1.878525,25.0,98.12147499999999,1.81,1.8446522537497527,1.751475,1.785006798970358,3.63,3.69949595641525,0.22,0.22421187614637877,90.71,92.44663311471827,1009.1097498218036,1008.0092795451337,1008.4753927009967,-1.100470276669885,1528.4290880528067,1532.9912357074402,1531.5010588226444,4.5621476546334705,True,IPA,0.5098216779636875,16,False
ipa,1.8876,25.0,98.1124,1.81,1.8448228766190615,1.7424,1.775922309514394,3.63,3.699838144821654,0.22,0.22423261483767598,90.71,92.45518405420722,1009.1274854129138,1008.0269032229432,1008.4931202061672,-1.1005821899705275,1528.3539763154051,1532.9167033424967,1531.4259739042523,4.562727027091653,True,IPA,0.5128624576693809,16,False
ipa,1.8966749999999999,25.0,98.103325,1.81,1.8449935310551402,1.733325,1.7668361393459397,3.63,3.700180396535999,0.22,0.22425335736581814,90.71,92.4637365756971,1009.1452284953446,1008.0445352004431,1008.5108551555755,-1.100693294901469,1528.2788493380328,1532.8421469459763,1531.3508734088007,4.563297607943513,True,IPA,0.5159042368270362,16,False
ipa,1.9057499999999998,25.0,98.09424999999999,1.81,1.8451642170667497,1.72425,1.7577482879985324,3.63,3.700522711575857,0.22,0.22427410373187015,90.71,92.47229067962701,1009.1629790206556,1008.0621754276802,1008.5285975035721,-1.1008035929753872,1528.203707079142,1532.7675666408413,1531.2757572996961,4.563859561699295,True,IPA,0.5189470081502113,16,False
ipa,1.914825,25.0,98.08517499999999,1.81,1.8453349346626544,1.715175,1.7486587550055348,3.63,3.700865089958804,0.22,0.22429485393689721,90.71,92.48084636643611,1009.180736940473,1008.0798238546109,1008.5463472044769,-1.1009130858621394,1528.1285494962344,1532.6929625455946,1531.200625539341,4.564413049360214,True,IPA,0.5219907645223242,16,False
ipa,1.9239,25.0,98.0761,1.81,1.8455056838516215,1.7061,1.7395675399001387,3.63,3.701207531702423,0.22,0.22431560798196504,90.71,92.48940363656385,1009.1985022064931,1008.0974804311097,1008.5641042125869,-1.1010217753834077,1528.053376545855,1532.6183347743531,1531.1254780891286,4.564958228498122,True,IPA,0.525035498991868,16,False
ipa,1.9329749999999999,25.0,98.06702499999999,1.81,1.8456764646424222,1.697025,1.7304746422153625,3.63,3.701550036824305,0.22,0.2243363658681397,90.71,92.49796249044978,1009.2162747704818,1008.1151451069744,1008.581868482179,-1.1011296635074477,1527.9781881835795,1532.543683436913,1531.0503149094275,4.565495253333437,True,IPA,0.5280812047677871,16,False
ipa,1.94205,25.0,98.05794999999999,1.81,1.84584727704383,1.6879499999999998,1.721380061484051,3.63,3.7018926053420453,0.22,0.2243571275964876,90.71,92.5065229285336,1009.2340545842766,1008.1328178319326,1008.5996399675138,-1.101236752343945,1527.9029843640074,1532.4690086388187,1530.9751359595746,4.566024274811388,True,IPA,0.5311278752150064,16,False
ipa,1.951125,25.0,98.048875,1.81,1.8460181210646223,1.678875,1.712283797238877,3.63,3.7022352372732477,0.22,0.22437789316807563,90.71,92.51508495125518,1009.2518415997871,1008.1504985556481,1008.6174186228404,-1.10134304413897,1527.8277650407513,1532.394310481428,1530.8999411978632,4.566545440676582,True,IPA,0.5341755038501075,16,False
ipa,1.9602,25.0,98.0398,1.81,1.8461889967135796,1.6698,1.7031858490123397,3.63,3.7025779326355215,0.22,0.224398662583971,90.71,92.52364855905459,1009.269635768997,1008.1681872277269,1008.635204402401,-1.1014485412700403,1527.7525301664277,1532.3195890619736,1530.8247305815335,4.567058895545913,True,IPA,0.5372240843371475,16,False
ipa,1.9692749999999999,25.0,98.03072499999999,1.81,1.846359903999486,1.660725,1.694086216336766,3.63,3.702920691446483,0.22,0.2244194358452414,90.71,92.53221375237203,1009.2874370439646,1008.1858837977232,1008.6529972604333,-1.1015532462412838,1527.6772796926489,1532.2448444736287,1530.7495040667632,4.567564780979873,True,IPA,0.5402736104836161,16,False
ipa,1.9783499999999998,25.0,98.02165,1.81,1.846530842931128,1.65165,1.6849848987443083,3.63,3.703263513723754,0.22,0.2244402129529548,90.71,92.54078053164785,1009.3052453768261,1008.2035882151473,1008.6707971511775,-1.101657161678704,1527.6020135700112,1532.1700768055634,1530.6742616086558,4.568063235552237,True,IPA,0.5433240762365225,16,False
ipa,1.987425,25.0,98.012575,1.81,1.8467018135172961,1.642575,1.6758818957669461,3.63,3.703606399484964,0.22,0.22446099390817964,90.71,92.54934889732262,1009.3230607197941,1008.2213004294686,1008.6886040288766,-1.1017602903255483,1527.5267317480861,1532.0952861430044,1530.5990031612312,4.568554394918199,True,IPA,0.5463754756786096,16,False
ipa,1.9965,25.0,98.00349999999999,1.81,1.846872815766784,1.6335,1.666777206936487,3.63,3.703949348747749,0.22,0.2244817787119848,90.71,92.55791884983701,1009.3408830251591,1008.2390203901214,1008.7064178477812,-1.1018626350377754,1527.4514341754102,1532.020472567291,1530.5237286774152,4.56903839188096,True,IPA,0.5494278030246892,16,False
ipa,2.005575,25.0,97.99442499999999,1.81,1.847043849688388,1.624425,1.6576708317845634,3.63,3.7042923615297507,0.22,0.22450256736543941,90.71,92.56649038963187,1009.3587122452946,1008.256748046515,1008.7242385621558,-1.1019641987796225,1527.376120799477,1531.9456361559337,1530.448438109031,4.5695153564568,True,IPA,0.5524810526180979,16,False
ipa,2.01465,25.0,97.98535,1.81,1.8472149152909083,1.6153499999999998,1.6485627698426346,3.63,3.7046354378486175,0.22,0.22452335986961316,90.71,92.57506351714822,1009.3765483326529,1008.2744833480336,1008.7420661262782,-1.1020649846192758,1527.3007915667238,1531.8707769826624,1530.3731314067868,4.569985415938661,True,IPA,0.5555352189272618,16,False
ipa,2.0237249999999998,25.0,97.97627499999999,1.81,1.8473860125831485,1.6062750000000001,1.6394530206419873,3.63,3.704978577722005,0.22,0.22454415622557608,90.71,92.5836382328273,1009.3943912397714,1008.2922262440468,1008.7599004944472,-1.1021649957246333,1527.2254464225239,1531.7958951174821,1530.2978085202665,4.570448694958277,True,IPA,0.5585902965423728,16,False
ipa,2.0328,25.0,97.96719999999999,1.81,1.8475571415739147,1.5972,1.630341583713733,3.63,3.7053217811675747,0.22,0.22456495643439847,90.71,92.5922145371104,1009.4122409192703,1008.3099766839111,1008.7777416209822,-1.1022642353591694,1527.1500853111756,1531.7209906267226,1530.2224693979194,4.5709053155468675,True,IPA,0.5616462801721696,16,False
ipa,2.041875,25.0,97.958125,1.81,1.8477283022720168,1.5881249999999998,1.6212284585888102,3.63,3.705665048202995,0.22,0.2245857604971512,90.71,92.60079243043903,1009.4300973238563,1008.3277346169784,1008.7955894602302,-1.1023627068778956,1527.0747081758918,1531.6460635730862,1530.1471139870507,4.571355397194424,True,IPA,0.5647031646408186,16,False
ipa,2.05095,25.0,97.94905,1.81,1.8478994946862681,1.57905,1.6121136447979842,3.63,3.706008378845941,0.22,0.2246065684149055,90.71,92.6093719132549,1009.447960406322,1008.3454999925985,1008.8134439665656,-1.1024604137234124,1526.9993149587892,1531.5711140156968,1530.0717422338096,4.571799056907628,True,IPA,0.5677609448848933,16,False
ipa,2.060025,25.0,97.93997499999999,1.81,1.8480707188254848,1.569975,1.6029971418718456,3.63,3.706351773114094,0.22,0.22462738018873296,90.71,92.61795298599985,1009.4658301195507,1008.3632727601287,1008.8313050943985,-1.1025573594220628,1526.9239056008782,1531.4961420101447,1529.9963540831798,4.572236409266421,True,IPA,0.5708196159504476,16,False
ipa,2.0690999999999997,25.0,97.9309,1.81,1.8482419746984864,1.5609000000000002,1.5938789493408112,3.63,3.7066952310251415,0.22,0.22464819581970555,90.71,92.62653564911587,1009.483706416513,1008.3810528689328,1008.8491727981719,-1.1026535475801715,1526.8484800420513,1531.4211476085304,1529.9209494789686,4.57266756647924,True,IPA,0.5738791729901791,16,False
ipa,2.078175,25.0,97.921825,1.81,1.848413262314096,1.551825,1.5847590667351228,3.63,3.707038752596778,0.22,0.22466901530889566,90.71,92.63511990304511,1009.501589250273,1008.3988402683926,1008.8670470323702,-1.1027489818803815,1526.773038221075,1531.346130859512,1529.8455283637984,4.573092638436984,True,IPA,0.5769396112606808,16,False
ipa,2.08725,25.0,97.91274999999999,1.81,1.8485845816811397,1.5427499999999998,1.5756374935848498,3.63,3.7073823378467057,0.22,0.2246898386573761,90.71,92.64370574822993,1009.5194785739853,1008.4166349079072,1008.8849277515181,-1.1028436660780785,1526.697580075574,1531.2710918083396,1529.7700906790915,4.573511732765686,True,IPA,0.5800009261197749,16,False
ipa,2.0963249999999998,25.0,97.90367499999999,1.81,1.8487559328084469,1.5336750000000001,1.5665142294198866,3.63,3.707725986792631,0.22,0.22471066586622004,90.71,92.65229318511282,1009.5373743409004,1008.4344367369025,1008.9028149101874,-1.1029376039979057,1526.6221055420258,1531.1960304969039,1529.6946363650657,4.57392495487797,True,IPA,0.58306311302393,16,False
ipa,2.1054,25.0,97.8946,1.81,1.84892731570485,1.5246,1.5573892737699526,3.63,3.708069699452268,0.22,0.2247314969365011,90.71,92.66088221413644,1009.5552765043641,1008.4522457048337,1008.9207084629979,-1.103030799530369,1526.5466145557446,1531.120946963768,1529.6191653607173,4.57433240802328,True,IPA,0.5861261675257565,16,False
ipa,2.114475,25.0,97.88552499999999,1.81,1.8490987303791855,1.5155249999999998,1.5482626261645938,3.63,3.708413475843339,0.22,0.22475233186929328,90.71,92.6694728357436,1009.5731850178194,1008.4700617611908,1008.9386083646215,-1.1031232566285252,1526.4711070508727,1531.0458412442097,1529.543677603814,4.5747341933369325,True,IPA,0.5891900852715755,16,False
ipa,2.12355,25.0,97.87644999999999,1.81,1.8492701768402922,1.50645,1.5391342861331814,3.63,3.7087573159835694,0.22,0.22477317066567087,90.71,92.6780650503773,1009.5910998348065,1008.4878848555018,1008.9565145697829,-1.1032149793047594,1526.3955829603694,1530.9707133702575,1529.4681730308848,4.5751304098880015,True,IPA,0.5922548619990639,16,False
ipa,2.132625,25.0,97.867375,1.81,1.8494416550970127,1.497375,1.5300042532049112,3.63,3.709101219890694,0.22,0.22479401332670873,90.71,92.68665885848068,1009.6090209089695,1008.5057149373418,1008.9744270332682,-1.1033059716276465,1526.3200422159982,1530.8955633707244,1529.392651577205,4.575521154726074,True,IPA,0.5953204935349669,16,False
ipa,2.1417,25.0,97.8583,1.81,1.849613165158193,1.4882999999999997,1.5208725269088057,3.63,3.7094451875824532,0.22,0.224814859853482,90.71,92.69525426049707,1009.6269481940499,1008.523551956331,1008.9923457099198,-1.1033962377188946,1526.2444847483139,1530.8203912712409,1529.3171131767874,4.575906522926898,True,IPA,0.5983869757928809,16,False
ipa,2.150775,25.0,97.84922499999999,1.81,1.8497847070326823,1.479225,1.5117391067737127,3.63,3.709789219076595,0.22,0.22483571024706636,90.71,92.70385125686995,1009.644881643896,1008.5413958621457,1009.0102705546471,-1.1034857817503705,1526.1689104866548,1530.7451970942918,1529.2415577623728,4.576286607636934,True,IPA,0.6014543047711,16,False
ipa,2.15985,25.0,97.84015,1.81,1.8499562807293326,1.4701499999999998,1.5026039923283028,3.63,3.7101333143908715,0.22,0.22485656450853767,90.71,92.71244984804297,1009.662821212459,1008.5592466045177,1009.0282015224236,-1.1035746079412072,1526.0933193591272,1530.669980859244,1529.1659852654154,4.576661500116869,True,IPA,0.604522476550529,16,False
ipa,2.1689249999999998,25.0,97.831075,1.81,1.8501278862569996,1.4610750000000001,1.493467183101075,3.63,3.7104774735430435,0.22,0.22487742263897234,90.71,92.7210500344599,1009.6807668537973,1008.5771041332423,1009.046138568293,-1.103662720554989,1526.0177112925949,1530.594742582379,1529.0903956160735,4.577031289784076,True,IPA,0.6075914872926531,16,False
ipa,2.178,25.0,97.82199999999999,1.81,1.8502995236245428,1.452,1.4843286786203513,3.63,3.7108216965508785,0.22,0.2248982846394472,90.71,92.7296518165648,1009.6987185220776,1008.5949683981805,1009.0640816473714,-1.103750123897014,1525.9420862126658,1530.51948227692,1529.0147887431958,4.577396064254069,True,IPA,0.6106613332375718,16,False
ipa,2.187075,25.0,97.81292499999999,1.81,1.8504711928408235,1.4429249999999998,1.475188478414279,3.63,3.711165983432149,0.22,0.22491915051103933,90.71,92.73825519480171,1009.716676171576,1008.6128393492643,1009.0820307148491,-1.1038368223116368,1525.8664440436821,1530.4441999530632,1528.9391645743137,4.577755909380974,True,IPA,0.613732010702086,16,False
ipa,2.19615,25.0,97.80385,1.81,1.850642893914708,1.43385,1.466046582010831,3.63,3.711510334204635,0.22,0.22494002025482637,90.71,92.746860169615,1009.7346397566804,1008.6307169365007,1009.0999857259948,-1.1039228201796816,1525.7907847087047,1530.3688956180017,1528.8635230356242,4.5781109092970285,True,IPA,0.6168035160778431,16,False
ipa,2.205225,25.0,97.79477499999999,1.81,1.850814626855065,1.424775,1.4569029889378038,3.63,3.7118547488861244,0.22,0.22496089387188634,90.71,92.75546674144914,1009.752609231892,1008.6486011099761,1009.1179466361576,-1.1040081219159297,1525.7151081295028,1530.293569275954,1528.7878640519823,4.578461146451146,True,IPA,0.6198758458295341,16,False
ipa,2.2142999999999997,25.0,97.78569999999999,1.81,1.8509863916707658,1.4157000000000002,1.4477576987228198,3.63,3.712199227494409,0.22,0.22498177136329753,90.71,92.76407491074872,1009.7705845518252,1008.6664918198585,1009.1359134007685,-1.1040927319666838,1525.6394142265415,1530.218220928188,1528.7121875468877,4.57880670164655,True,IPA,0.6229489964931422,16,False
ipa,2.223375,25.0,97.776625,1.81,1.851158188370687,1.406625,1.4386107108933244,3.63,3.712543770047289,0.22,0.22500265273013872,90.71,92.77268467795857,1009.788565671214,1008.6843890164066,1009.1538859753474,-1.104176654807397,1525.5637029189659,1530.1428505730435,1528.6364934424703,4.5791476540775236,True,IPA,0.6260229646742427,16,False
ipa,2.23245,25.0,97.76755,1.81,1.8513300169637064,1.3975499999999998,1.42946202497659,3.63,3.7128883765625713,0.22,0.22502353797348915,90.71,92.78129604352364,1009.8065525449078,1008.7022926499675,1009.1718643155004,-1.1042598949403781,1525.4879741245925,1530.0674582059578,1528.5607816594822,4.579484081365268,True,IPA,0.6290977470463502,16,False
ipa,2.2415249999999998,25.0,97.75847499999999,1.81,1.8515018774587064,1.3884750000000001,1.4203116404997116,3.63,3.713233047058069,0.22,0.2250444270944284,90.71,92.7899090078891,1009.8245451278765,1008.7202026709839,1009.1898483769252,-1.104342456892557,1525.4122277598924,1529.9920438194854,1528.4850521172814,4.57981605959292,True,IPA,0.632173340349312,16,False
ipa,2.2506,25.0,97.7494,1.81,1.8516737698645722,1.3794,1.4111595569896083,3.63,3.7135777815516007,0.22,0.2250653200940364,90.71,92.79852357150018,1009.8425433752136,1008.7381190300002,1009.2078381154156,-1.1044243452133262,1525.3364637399789,1529.9166074033185,1528.4093047338201,4.580143663339716,True,IPA,0.6352497413877488,16,False
ipa,2.259675,25.0,97.740325,1.81,1.8518456941901922,1.3703249999999998,1.4020057739730247,3.63,3.713922580060993,0.22,0.22508621697339354,90.71,92.80713973480239,1009.8605472421341,1008.7560416776616,1009.2258334868601,-1.10450556447244,1525.2606819785963,1529.8411489443106,1528.3335394256344,4.580466965714357,True,IPA,0.6383269470295357,16,False
ipa,2.26875,25.0,97.73124999999999,1.81,1.8520176504444588,1.36125,1.3928502909765301,3.63,3.7142674426040805,0.22,0.22510711773358064,90.71,92.81575749824137,1009.8785566839783,1008.7739705647203,1009.2438344472469,-1.1045861192579827,1525.1848823881037,1529.7656684264912,1528.2577561078283,4.5807860383875685,True,IPA,0.6414049542043291,16,False
ipa,2.277825,25.0,97.722175,1.81,1.8521896386362666,1.352175,1.383693107526516,3.63,3.7146123691987007,0.22,0.22512802237567883,90.71,92.82437686226285,1009.896571656216,1008.7919056420416,1009.2618409526682,-1.104666014174399,1525.1090648794616,1529.6901658310856,1528.1819546940617,4.581100951623889,True,IPA,0.6444837599021325,16,False
ipa,2.2869,25.0,97.7131,1.81,1.8523616587745144,1.3430999999999997,1.3745342231491988,3.63,3.7149573598627,0.22,0.2251489309007697,90.71,92.83299782731282,1009.9145921144441,1008.8098468606034,1009.2798529593196,-1.1047452538405822,1525.0332293622196,1529.6146411365323,1528.1061350965379,4.581411774312695,True,IPA,0.6475633611719023,16,False
ipa,2.295975,25.0,97.70402499999999,1.81,1.8525337108681041,1.334025,1.3653736373706202,3.63,3.715302414613933,0.22,0.2251698433099353,90.71,92.84162039383742,1009.9326180143906,1008.8277941715027,1009.297870423504,-1.1048238428880304,1524.957375744501,1529.5390943184993,1528.0302972259894,4.581718573998494,True,IPA,0.6506437551201916,16,False
ipa,2.30505,25.0,97.69494999999999,1.81,1.8527057949259405,1.3249499999999999,1.3562113497166433,3.63,3.7156475334702566,0.22,0.22519075960425797,90.71,92.85024456228291,1009.9506493119168,1008.8457475259577,1009.2960921717793,-1.1049017859590515,1524.8815039329888,1529.4635253498993,1528.096494003753,4.582021416910486,True,IPA,0.6537249389098326,16,False
ipa,2.3141249999999998,25.0,97.685875,1.81,1.8528779109569322,1.3158750000000001,1.3470473597129575,3.63,3.715992716449538,0.22,0.22521167978482048,90.71,92.85887033309575,1009.9686859630182,1008.8637068753131,1009.3140168976273,-1.1049790877050358,1524.805613832912,1529.3879342009036,1528.0210160462934,4.582320367991433,True,IPA,0.6568069097586525,16,False
ipa,2.3232,25.0,97.6768,1.81,1.8530500589699908,1.3068,1.3378816668850742,3.63,3.71633796356965,0.22,0.22523260385270608,90.71,92.86749770672257,1009.9867279238271,1008.8816721710423,1009.331948156743,-1.1050557527847786,1524.7297053480297,1529.3123208389557,1527.9455152951132,4.582615490925837,True,IPA,0.6598896649382273,16,False
ipa,2.332275,25.0,97.66772499999999,1.81,1.8532222389740318,1.2977249999999998,1.3287142707583288,3.63,3.7166832748484726,0.22,0.22525353180899835,90.71,92.87612668361018,1010.0047751506154,1008.8996433647525,1009.3498858941276,-1.1051317858628593,1524.6537783806189,1529.2366852287862,1527.869991691652,4.582906848167443,True,IPA,0.6629732017726659,16,False
ipa,2.34135,25.0,97.65865,1.81,1.853394450977973,1.28865,1.3195451708578811,3.63,3.7170286503038903,0.22,0.22527446365478124,90.71,92.88475726420548,1010.0228275997943,1008.9176204081862,1009.3678300549466,-1.1052071916080772,1524.5778328314566,1529.1610273324227,1527.794445175798,4.583194500966099,True,IPA,0.66605751763743,16,False
ipa,2.350425,25.0,97.649575,1.81,1.8535666949907361,1.279575,1.3103743667087133,3.63,3.7173740899537964,0.22,0.22529539939113918,90.71,92.89338944895562,1010.0408852279177,1008.9356032532257,1009.385780584537,-1.1052819746919351,1524.5018685998075,1529.0853471092014,1527.7188756858634,4.583478509393967,True,IPA,0.6691426099581836,16,False
ipa,2.3594999999999997,25.0,97.64049999999999,1.81,1.8537389710212466,1.2705000000000002,1.301201857835632,3.63,3.717719593816091,0.22,0.22531633901915704,90.71,92.90202323830789,1010.058947991686,1008.9535918518988,1009.4037374284131,-1.1053561397871792,1524.4258855834073,1529.0096445157785,1527.6432831585578,4.583758932371127,True,IPA,0.6722284762096743,16,False
ipa,2.368575,25.0,97.631425,1.81,1.853911279078432,1.261425,1.2920276437632658,3.63,3.7180651619086786,0.22,0.22533728253991991,90.71,92.91065863270971,1010.0770158479435,1008.971586156377,1009.4217005322678,-1.105429691566386,1524.349883678447,1528.9339195061375,1527.567667528961,4.584035827690563,True,IPA,0.6753151139146435,16,False
ipa,2.37765,25.0,97.62235,1.81,1.8540836191712247,1.2523499999999999,1.282851724016068,3.63,3.718410794249473,0.22,0.2253582299545135,90.71,92.91929563260872,1010.0950887536852,1008.9895861189847,1009.439669841981,-1.1055026347005987,1524.27386277956,1528.8581720316026,1527.4920287305,4.58430925204256,True,IPA,0.6784025206427662,16,False
ipa,2.3867249999999998,25.0,97.61327499999999,1.81,1.8542559913085594,1.2432750000000001,1.2736740981183146,3.63,3.718756490856393,0.22,0.2253791812640238,90.71,92.92793423845272,1010.1131666660559,1009.0075916921979,1009.4576453036218,-1.1055749738580152,1524.197822779803,1528.7824020408414,1527.4163666949191,4.584579261038529,True,IPA,0.6814906940096178,16,False
ipa,2.3958,25.0,97.60419999999999,1.81,1.854428395499374,1.2342,1.2644947655941037,3.63,3.7191022517473638,0.22,0.2254001364695372,90.71,92.93657445068963,1010.1312495423538,1009.025602828651,1009.4756268634549,-1.1056467137027146,1524.1217635706416,1528.7066094798759,1527.3406813522583,4.584845909234269,True,IPA,0.6845796316756696,16,False
ipa,2.404875,25.0,97.595125,1.81,1.8546008317526106,1.2251249999999998,1.2553137259673572,3.63,3.7194480769403184,0.22,0.22542109557214052,90.71,92.94521626976757,1010.1493373400332,1009.0436194811398,1009.4936144679451,-1.10571785889344,1524.0456850419362,1528.630794292089,1527.264972630827,4.58510925015267,True,IPA,0.6876693313453087,16,False
ipa,2.41395,25.0,97.58605,1.81,1.854773300077214,1.21605,1.246130978761821,3.63,3.719793966453197,0.22,0.22544205857292102,90.71,92.95385969613484,1010.1674300167043,1009.0616416026219,1009.5116080637596,-1.1057884140824177,1523.969587081922,1528.554956418228,1527.1892404571777,4.5853693363059005,True,IPA,0.6907597907658833,16,False
ipa,2.423025,25.0,97.57697499999999,1.81,1.8549458004821324,1.206975,1.2369465235010617,3.63,3.720139920303945,0.22,0.22546302547296637,90.71,92.9625047302399,1010.185527530137,1009.0796691462228,1009.5296075977736,-1.105858383914221,1523.8934695771964,1528.4790957964135,1527.1134847560827,4.585626219217056,True,IPA,0.6938510077267763,16,False
ipa,2.4321,25.0,97.5679,1.81,1.855118332976317,1.1978999999999997,1.2277603597084696,3.63,3.7204859385105142,0.22,0.22548399627336452,90.71,92.97115137253134,1010.203629838264,1009.0977020652393,1009.5476130170763,-1.1059277730246804,1523.817332412698,1528.4032123621394,1527.0377054505082,4.585879949441303,True,IPA,0.6969429800584972,16,False
ipa,2.441175,25.0,97.558825,1.81,1.8552908975687232,1.188825,1.2185724869072583,3.63,3.7208320210908647,0.22,0.22550497097520394,90.71,92.97979962345795,1010.2217368991802,1009.1157403131403,1009.5656242689714,-1.1059965860398313,1523.741175471695,1528.3273060482816,1526.9619024615913,4.586130576586541,True,IPA,0.7000357056318017,16,False
ipa,2.45025,25.0,97.54974999999999,1.81,1.8554634942683095,1.1797499999999999,1.2093829046204627,3.63,3.721178168062963,0.22,0.22552594957957353,90.71,92.9884494834687,1010.2398486711486,1009.1337838435737,1009.5836413009852,-1.1060648275749023,1523.6649986357647,1528.2513767850983,1526.8860757086156,4.586378149333554,True,IPA,0.7031291823568323,16,False
ipa,2.4593249999999998,25.0,97.540675,1.81,1.8556361230840366,1.1706750000000001,1.2001916123709417,3.63,3.7215243794447805,0.22,0.22554693208756246,90.71,92.99710095301269,1010.2579651125991,1009.1518326103658,1009.6016640608673,-1.1061325022333444,1523.5888017847767,1528.1754245002323,1526.8102251089847,4.586622715455718,True,IPA,0.7062234081822801,16,False
ipa,2.4684,25.0,97.5316,1.81,1.85580878402487,1.1616,1.1909986096813752,3.63,3.721870655254297,0.22,0.22556791850026042,90.71,93.0057540325392,1010.276086182134,1009.1698865675281,1009.6196924965976,-1.1061996146058963,1523.5125847968768,1528.099449118715,1526.7343505782005,4.586864321838226,True,IPA,0.7093183810945698,16,False
ipa,2.477475,25.0,97.52252499999999,1.81,1.855981477099778,1.1525249999999998,1.1818038960742658,3.63,3.7222169955094992,0.22,0.22558890881875754,90.71,93.0144087224977,1010.2942118385281,1009.1879456692584,1009.6377265563881,-1.1062661692696887,1523.436347548469,1528.023450562966,1526.6584520298395,4.58710301449688,True,IPA,0.7124140991170625,16,False
ipa,2.48655,25.0,97.51344999999999,1.81,1.8561542023177318,1.14345,1.1726074710719396,3.63,3.722563400228379,0.22,0.2256099030441442,90.71,93.02306502333781,1010.3123420407312,1009.2060098699438,1009.6557661886867,-1.1063321707873832,1523.3600899141961,1527.9474287527926,1526.582529375526,4.587338838596438,True,IPA,0.7155105603092813,16,False
ipa,2.495625,25.0,97.504375,1.81,1.8563269596877063,1.134375,1.1634093341965424,3.63,3.722909869428936,0.22,0.22563090117751128,90.71,93.03172293550931,1010.330476747872,1009.2240791241657,1009.6738113421828,-1.1063976237063469,1523.2838117669253,1527.871383605394,1526.5065825249126,4.587571838468539,True,IPA,0.7186077627661547,16,False
ipa,2.5046999999999997,25.0,97.4953,1.81,1.8564997492186803,1.1253000000000002,1.1542094849700448,3.63,3.7232564031291764,0.22,0.2256519032199501,90.71,93.04038245946215,1010.34861591926,1009.2421533867022,1009.6918619658106,-1.1064625325578628,1523.2075129777263,1527.7953150353555,1526.4306113856528,4.587802057629197,True,IPA,0.7217057046172791,16,False
ipa,2.513775,25.0,97.48622499999999,1.81,1.8566725709196352,1.116225,1.1450079229142376,3.63,3.7236030013471138,0.22,0.22567290917255234,90.71,93.04904359564647,1010.3667595143868,1009.2602326125304,1009.7099180087513,-1.1065269018563708,1523.131193415855,1527.7192229546508,1526.3546158633796,4.588029538795918,True,IPA,0.7248043840262004,16,False
ipa,2.52285,25.0,97.47715,1.81,1.8568454247995556,1.1071499999999999,1.1358046475507337,3.63,3.7239496641007666,0.22,0.2256939190364101,90.71,93.05770634451254,1010.3849074929292,1009.2783167568305,1009.7279794204379,-1.1065907360987428,1523.0548529487332,1527.6431072726377,1526.27859586168,4.58825432390439,True,IPA,0.7279037991897122,16,False
ipa,2.5319249999999998,25.0,97.468075,1.81,1.8570183108674303,1.0980750000000001,1.126599658400969,3.63,3.7242963914081613,0.22,0.22571493281261581,90.71,93.06637070651082,1010.4030598147533,1009.2964057749897,1009.7460461505599,-1.1066540397635904,1522.9784914419336,1527.5669678960583,1526.202551282075,4.588476454124805,True,IPA,0.731003948337172,16,False
ipa,2.541,25.0,97.45899999999999,1.81,1.8571912291322508,1.089,1.1173929549861994,3.63,3.7246431832873315,0.22,0.22573595050226253,90.71,93.07503668209196,1010.4212164399149,1009.3144996226043,1009.7641181490652,-1.1067168173106006,1522.9021087591564,1527.4908047290342,1526.1264820239933,4.588695969877808,True,IPA,0.7341048297298345,16,False
ipa,2.550075,25.0,97.449925,1.81,1.8573641796030116,1.0799249999999998,1.1081845368275038,3.63,3.724990039756316,0.22,0.2257569721064434,90.71,93.08370427170674,1010.439377328662,1009.332598255482,1009.7821953661633,-1.106779073179902,1522.825704762211,1527.414617673061,1526.0503879847465,4.588912910850057,True,IPA,0.7372064416602004,16,False
ipa,2.55915,25.0,97.44085,1.81,1.8575371622887116,1.07085,1.098974403445783,3.63,3.725336960833162,0.22,0.22577799762625225,90.71,93.0923734758061,1010.4575424414402,1009.3507016296487,1009.8002777523318,-1.1068408117914648,1522.7492793109989,1527.3384066270082,1525.9742690595103,4.589127316009456,True,IPA,0.7403087824513815,16,False
ipa,2.568225,25.0,97.43177499999999,1.81,1.8577101771983526,1.061775,1.0897625543617573,3.63,3.7256839465359226,0.22,0.22579902706278318,90.71,93.1010442948412,1010.4757117388921,1009.3688097013476,1009.8183652583167,-1.1069020375445189,1522.6728322634924,1527.2621714871125,1525.8981251412984,4.589339223620007,True,IPA,0.7434118504564813,16,False
ipa,2.5773,25.0,97.42269999999999,1.81,1.857883224340939,1.0526999999999997,1.0805489890959703,3.63,3.726030996882657,0.22,0.22582006041713074,90.71,93.10971672926331,1010.4938851818619,1009.3869224270449,1009.8364578351376,-1.106962754817011,1522.5963634757134,1527.1859121469697,1525.8219561209373,4.5895486712563445,True,IPA,0.7465156440579904,16,False
ipa,2.586375,25.0,97.413625,1.81,1.85805630372548,1.043625,1.0713337071687867,3.63,3.726378111891432,0.22,0.22584109769038982,90.71,93.11839077952392,1010.512062731397,1009.4050397634319,1009.8545554340902,-1.107022967965079,1522.519872801716,1527.109628497534,1525.745761887048,4.589755695817931,True,IPA,0.7496201616671961,16,False
ipa,2.59545,25.0,97.40455,1.81,1.8582294153609866,1.0345499999999999,1.0621167081003915,3.63,3.7267252915803213,0.22,0.22586213888365583,90.71,93.12706644607465,1010.5302443487532,1009.4231616674306,1009.8726580067521,-1.1070826813225583,1522.4433600935636,1527.0333204271064,1525.6695423260169,4.589960333542921,True,IPA,0.7527254017236071,16,False
ipa,2.6045249999999998,25.0,97.39547499999999,1.81,1.8584025592564748,1.0254750000000001,1.052897991410792,3.63,3.7270725359674053,0.22,0.22588318399802457,90.71,93.1357437293673,1010.5484299953929,1009.4412880961924,1009.8907655049818,-1.1071418992005078,1522.36682520131,1526.9569878213317,1525.593297321977,4.5901626200217205,True,IPA,0.7558313626943914,16,False
ipa,2.6136,25.0,97.3864,1.81,1.8585757354209624,1.0164,1.0436775566198155,3.63,3.7274198450707696,0.22,0.22590423303459212,90.71,93.14442262985386,1010.5666196329926,1009.4594190071058,1009.9088778809263,-1.1072006258867673,1522.2902679729764,1526.8806305631865,1525.5170267567805,4.590362590210231,True,IPA,0.7589380430738271,16,False
ipa,2.622675,25.0,97.377325,1.81,1.8587489438634712,1.0073249999999998,1.0344554032471112,3.63,3.7277672189085087,0.22,0.22592528599445508,90.71,93.15310314798646,1010.5848132234428,1009.4775543577972,1009.9269950870222,-1.1072588656455313,1522.213688254534,1526.8042485329768,1525.4407305099794,4.590560278442794,True,IPA,0.762045441382766,16,False
ipa,2.63175,25.0,97.36824999999999,1.81,1.8589221845930273,0.9982500000000001,1.025231530812149,3.63,3.728114657498723,0.22,0.2259463428787105,90.71,93.1617852842174,1010.6030107288526,1009.4956941061357,1009.9451170760003,-1.1073166227169502,1522.1370858898783,1526.7278416083232,1525.3644084587982,4.590755718444845,True,IPA,0.7651535561681129,16,False
ipa,2.640825,25.0,97.359175,1.81,1.859095457618658,0.9891749999999999,1.0160059388342186,3.63,3.7284621608595185,0.22,0.22596740368845566,90.71,93.17046903899916,1010.6212121115506,1009.5138382102338,1009.963243800887,-1.107373901316751,1522.0604607208106,1526.6514096641558,1525.2880604781126,4.59094894334527,True,IPA,0.7682623860023123,16,False
ipa,2.6498999999999997,25.0,97.3501,1.81,1.859268762949396,0.9801000000000002,1.0067786268324328,3.63,3.7288097290090096,0.22,0.22598846842478848,90.71,93.17915441278437,1010.6394173340907,1009.5319866284548,1009.9813752150106,-1.1074307056358834,1521.983812587014,1526.5749525727024,1525.211686440424,4.591139985688509,True,IPA,0.7713719294828504,16,False
ipa,2.658975,25.0,97.34102499999999,1.81,1.859442100594277,0.971025,0.9975495943257225,3.63,3.7291573619653176,0.22,0.22600953708880714,90.71,93.18784140602588,1010.6576263592522,1009.550139319412,1009.9995112720017,-1.107487039840182,1521.9071413260328,1526.4984702034792,1525.1352862158378,4.591328877446351,True,IPA,0.7744821852317688,16,False
ipa,2.66805,25.0,97.33194999999999,1.81,1.8596154705623387,0.9619499999999999,0.9883188408328406,3.63,3.7295050597465687,0.22,0.2260306096816102,90.71,93.19653001917665,1010.6758391500446,1009.5682962419745,1010.0176519257981,-1.1075429080700525,1521.8304467732494,1526.421962423279,1525.0588596720372,4.591515650029496,True,IPA,0.7775931518951873,16,False
ipa,2.6771249999999998,25.0,97.322875,1.81,1.8597888728626235,0.9528750000000001,0.9790863658723605,3.63,3.729852822370897,0.22,0.22605168620429678,90.71,93.20522025268983,1010.694055669711,1009.6693015475549,1010.0357971306487,-1.0247541221560854,1521.7537287618618,1525.9301000662008,1524.9824066742613,4.1763713043391055,True,IPA,0.7807048281428396,16,False
ipa,2.6862,25.0,97.31379999999999,1.81,1.8599623075041776,0.9438,0.9698521689626755,3.63,3.730200649856444,0.22,0.22607276665796633,90.71,93.21391210701876,1010.7122758817286,1009.6876795617503,1010.0539468411139,-1.0245963199782833,1521.6769871228607,1525.8535124301188,1524.9059270852795,4.176525307258019,True,IPA,0.7838172126676198,16,False
ipa,2.695275,25.0,97.30472499999999,1.81,1.8601357744960485,0.9347249999999998,0.9606162496219992,3.63,3.730548542221357,0.22,0.2260938510437186,90.71,93.2226055826169,1010.7304997498152,1009.7060602673224,1010.0721010120728,-1.0244394824927707,1521.6002216850056,1525.7768997551484,1524.8294207653673,4.176678070142883,True,IPA,0.7869303041851377,16,False
ipa,2.70435,25.0,97.29565,1.81,1.8603092738472893,0.9256500000000001,0.9513786073683665,3.63,3.73089649948379,0.22,0.22611493936265395,90.71,93.2313006799379,1010.7487272379303,1009.724443633268,1010.090259598724,-1.0242836046623223,1521.5234322748013,1525.7002618769282,1524.7528875722815,4.176829602126843,True,IPA,0.7900441014332856,16,False
ipa,2.713425,25.0,97.286575,1.81,1.8604828055669551,0.9165749999999999,0.9421392417196309,3.63,3.7312445216619046,0.22,0.226136031615873,90.71,93.23999739943564,1010.7669583102783,1009.742829628846,1010.1084225565885,-1.0241286814322692,1521.4466187164762,1525.6235986287859,1524.6763273612385,4.1769799123097116,True,IPA,0.7931586031718159,16,False
ipa,2.7225,25.0,97.27749999999999,1.81,1.8606563696641054,0.9074999999999998,0.932898152193467,3.63,3.731592608773869,0.22,0.22615712780447692,90.71,93.24869574156409,1010.7851929313127,1009.7612182235807,1010.1265898415152,-1.0239747077319867,1521.3697808319555,1525.5469098417125,1524.5997399848857,4.177129009756953,True,IPA,0.7962738081819248,16,False
ipa,2.731575,25.0,97.268425,1.81,1.860829966147802,0.898425,0.9236553383073696,3.63,3.731940760837857,0.22,0.2261782279295671,90.71,93.25739570677742,1010.8034310657392,1009.7796093872629,1010.1447614096825,-1.0238216784763379,1521.2929184408385,1525.4701953443373,1524.523125293279,4.177276903498712,True,IPA,0.7993897152658498,16,False
ipa,2.74065,25.0,97.25935,1.81,1.8610035950271107,0.8893499999999999,0.9144107995786522,3.63,3.7322889778720505,0.22,0.22619933199224548,90.71,93.26609729552995,1010.8216726785182,1009.7980030899512,1010.162937217602,-1.023669588567083,1521.2160313603729,1525.3934549629018,1524.4464831338573,4.1774236025288785,True,IPA,0.8025063232464725,16,False
ipa,2.7497249999999998,25.0,97.25027499999999,1.81,1.8611772563111006,0.8802750000000001,0.90516453552445,3.63,3.7326372598946382,0.22,0.22622043999361444,90.71,93.27480050827621,1010.8399177348695,1009.8163993019753,1010.1811172221228,-1.0235184328942466,1521.1391194054306,1525.316688521235,1524.3698133514165,4.177569115804204,True,IPA,0.8056236309669339,16,False
ipa,2.7588,25.0,97.24119999999999,1.81,1.861350950008844,0.8712,0.8959165456617155,3.63,3.7329856069238145,0.22,0.22624155193477663,90.71,93.28350534547086,1010.8581662002738,1009.8347979939364,1010.1993013804325,-1.0233682063374532,1521.0621823884815,1525.239895840725,1524.2931157880842,4.177713452243441,True,IPA,0.8087416372902553,16,False
ipa,2.767875,25.0,97.232125,1.81,1.861524676129417,0.8621249999999998,0.8866668295072229,3.63,3.7333340189777813,0.22,0.22626266781683524,90.71,93.29221180756875,1010.8764180404781,1009.8531991367109,1010.217489650063,-1.0232189037672217,1520.98522011957,1525.1630767402964,1524.2163902832965,4.177856620726538,True,IPA,0.811860341098968,16,False
ipa,2.77695,25.0,97.22305,1.81,1.861698434681899,0.8530500000000001,0.8774153865775658,3.63,3.733682496074748,0.22,0.2262837876408938,90.71,93.30091989502489,1010.8946732214982,1009.871602701452,1010.2356819888928,-1.0230705200462273,1520.9082324062863,1525.0862310363802,1524.1396366737683,4.177998630093862,True,IPA,0.8149797412947534,16,False
ipa,2.786025,25.0,97.21397499999999,1.81,1.8618722256753724,0.8439749999999999,0.868162216389156,3.63,3.734031038232929,0.22,0.2263049114080563,90.71,93.3096296082945,1010.9129317096235,1009.890008659593,1010.2538783551513,-1.022923050030528,1520.8312190537424,1525.0093585428879,1524.0628547934703,4.178139489145453,True,IPA,0.8180998367980903,16,False
ipa,2.7950999999999997,25.0,97.2049,1.81,1.862046049118923,0.8349000000000002,0.8589073184582262,3.63,3.7343796454705473,0.22,0.2263260391194271,90.71,93.31834094783288,1010.9311934714178,1009.908416982847,1010.27207870742,-1.0227764885707542,1520.754179864544,1524.9324590711844,1523.9860444736005,4.178279206640328,True,IPA,0.8212206265479066,16,False
ipa,2.804175,25.0,97.195825,1.81,1.8622199050216406,0.825825,0.8496506923008268,3.63,3.734728317805832,0.22,0.22634717077611102,90.71,93.32705391409559,1010.9494584737259,1009.9268276432126,1010.2902830046385,-1.022630830513271,1520.677114638766,1524.8555324300617,1523.9092055425608,4.178417791295808,True,IPA,0.8243421095012449,16,False
ipa,2.81325,25.0,97.18674999999999,1.81,1.862393793392618,0.8167499999999999,0.8403923374328289,3.63,3.7350770552570185,0.22,0.22636830637921324,90.71,93.33576850753833,1010.9677266836752,1009.9452406129739,1010.3084912061057,-1.0224860707012997,1520.6000231739213,1524.7785784257082,1523.8323378259258,4.178555251786878,True,IPA,0.8274642846329294,16,False
ipa,2.8223249999999998,25.0,97.177675,1.81,1.8625677142409511,0.8076750000000001,0.8311322533699228,3.63,3.7354258578423494,0.22,0.22638944592983937,90.71,93.34448472861695,1010.9859980686813,1009.9636558647053,1010.326703271486,-1.0223422039760137,1520.5229052649377,1524.7015968616834,1523.75544114642,4.178691596745584,True,IPA,0.8305871509352433,16,False
ipa,2.8314,25.0,97.1686,1.81,1.8627416675757396,0.7986,0.8218704396276163,3.63,3.7357747255800744,0.22,0.22641058942909542,90.71,93.35320257778747,1011.0042725964498,1009.9820733712722,1010.3449191608098,-1.0221992251775989,1520.4457607041272,1524.6245875388877,1523.6785153238889,4.178826834760464,True,IPA,0.8337107074176142,16,False
ipa,2.840475,25.0,97.15952499999999,1.81,1.8629156534060867,0.7895249999999998,0.8126068957212378,3.63,3.73612365848845,0.22,0.2264317368780879,90.71,93.36192205550616,1011.0225502349814,1010.0004931058351,1010.363138834479,-1.0220571291462843,1520.3685892811584,1524.5475502555344,1523.6015601752697,4.178960974375999,True,IPA,0.8368349531063018,16,False
ipa,2.84955,25.0,97.15044999999999,1.81,1.8630896717410985,0.7804500000000001,0.8033416211659341,3.63,3.736472656585739,0.22,0.2264528882779236,90.71,93.37064316222931,1011.0408309525762,1010.0189150418529,1010.3813622532706,-1.0219159107233438,1520.2913907830293,1524.4704848071215,1523.5245755145677,4.179094024092095,True,IPA,0.839959887044098,16,False
ipa,2.858625,25.0,97.141375,1.81,1.8632637225898852,0.7713749999999999,0.7940746154766699,3.63,3.736821719890212,0.22,0.2264740436297098,90.71,93.37936589841352,1011.0591147178359,1010.0373391530838,1010.3995893783389,-1.021775564752064,1520.214164994037,1524.3933909864006,1523.4475611528248,4.179225992363614,True,IPA,0.8430855082900289,16,False
ipa,2.8677,25.0,97.13229999999999,1.81,1.86343780596156,0.7622999999999998,0.7848058781682302,3.63,3.737170848420145,0.22,0.22649520293455425,90.71,93.38809026451553,1011.0774014996687,1010.0557654135899,1010.4178201712199,-1.0216360860786895,1520.1369116957474,1524.3162685833472,1523.3705168980912,4.179356887599903,True,IPA,0.8462118159190661,16,False
ipa,2.876775,25.0,97.12322499999999,1.81,1.863611921865239,0.753225,0.7755354087552181,3.63,3.7375200421938217,0.22,0.22651636619356494,90.71,93.39681626099217,1011.0956912672937,1010.0741937977403,1010.4360545938354,-1.021497469553333,1520.0596306669681,1524.2391173851324,1523.2934425553988,4.179486718164367,True,IPA,0.8493388090218419,16,False
ipa,2.88585,25.0,97.11415,1.81,1.8637860703100424,0.7441499999999999,0.7662632067520541,3.63,3.7378693012295328,0.22,0.22653753340785046,90.71,93.40554388830053,1011.1139839902445,1010.0926242802136,1010.4542926084963,-1.0213597100308618,1519.9823216837174,1524.1619371760914,1523.216337926731,4.179615492374063,True,IPA,0.8524664867043736,16,False
ipa,2.8949249999999997,25.0,97.105075,1.81,1.863960251305094,0.7350750000000001,0.7569892716729792,3.63,3.738218625545575,0.22,0.2265587045785197,90.71,93.41427314689783,1011.1322796383739,1010.1110568360021,1010.4725341779066,-1.0212228023717562,1519.9049845191932,1524.0847277376927,1523.1392028109935,4.179743218499332,True,IPA,0.8555948480877894,16,False
ipa,2.904,25.0,97.09599999999999,1.81,1.8641344648595206,0.726,0.7477136030320508,3.63,3.7385680151602543,0.22,0.22657987970668206,90.71,93.4230040372415,1011.1505781818571,1010.1294914404142,1010.4907792651666,-1.0210867414429394,1519.827618943743,1524.0074888485062,1523.0620370039842,4.179869904763426,True,IPA,0.8587238923080648,16,False
ipa,2.913075,25.0,97.086925,1.81,1.864308710982452,0.7169249999999998,0.7384362003431459,3.63,3.738917470091879,0.22,0.22660105879344722,90.71,93.43173655978909,1011.1688795911957,1010.1479280690771,1010.5090278337761,-1.0209515221185845,1519.7502247248324,1523.9302202841745,1522.9848402983646,4.179995559342195,True,IPA,0.8618536185157603,16,False
ipa,2.92215,25.0,97.07785,1.81,1.8644829896830224,0.7078500000000001,0.72915706311996,3.63,3.739266990358769,0.22,0.22662224183992538,90.71,93.44047071499833,1011.1871838372242,1010.1663666979433,1010.5272798476411,-1.0208171392808916,1519.6728016270138,1523.8529218173776,1522.9076124836279,4.18012019036377,True,IPA,0.8649840258757682,16,False
ipa,2.931225,25.0,97.06877499999999,1.81,1.8646573009703689,0.6987749999999999,0.7198761908760053,3.63,3.739616575979248,0.22,0.22664342884722716,90.71,93.44920650332716,1011.2054908911113,1010.1848073032904,1010.5455352710737,-1.0206835878208445,1519.5953494118944,1523.7755932178027,1522.83035334607,4.180243805908279,True,IPA,0.868115113567062,16,False
ipa,2.9402999999999997,25.0,97.05969999999999,1.81,1.8648316448536315,0.6897000000000002,0.7105935831246133,3.63,3.7399662269716476,0.22,0.2266646198164635,90.71,93.45794392523365,1011.2238007243673,1010.2032498617283,1010.5637940688003,-1.0205508626389397,1519.5178678381044,1523.698234252112,1522.7530626687576,4.180366414007588,True,IPA,0.8712468807824525,16,False
ipa,2.949375,25.0,97.050625,1.81,1.8650060213419544,0.680625,0.7013092393789324,3.63,3.740315943354306,0.22,0.22668581474874583,90.71,93.46668298117606,1011.242113308846,1010.2216943502001,1010.582056205962,-1.0204189586458925,1519.440356661262,1523.620844683907,1522.6757402314956,4.1804880226450525,True,IPA,0.8743793267283488,16,False
ipa,2.95845,25.0,97.04154999999999,1.81,1.8651804304444852,0.6715499999999999,0.6920231591519302,3.63,3.7406657251455697,0.22,0.22670701364518603,90.71,93.47542367161284,1011.2604286167501,1010.2401407459868,1010.6003216481196,-1.020287870763321,1519.362815633945,1523.5434242737003,1522.5983858107993,4.180608639755302,True,IPA,0.8775124506245231,16,False
ipa,2.9675249999999997,25.0,97.03247499999999,1.81,1.865354872170374,0.6624750000000001,0.6827353419563916,3.63,3.741015572363789,0.22,0.22672821650689629,90.71,93.48416599700256,1011.2787466206365,1010.2585890267121,1010.6185903612592,-1.0201575939244039,1519.2852445056508,1523.4659727788749,1522.520999179857,4.180728273224033,True,IPA,0.8806462517038822,16,False
ipa,2.9766,25.0,97.0234,1.81,1.8655293465287757,0.6534,0.6734457873049182,3.63,3.7413654850273237,0.22,0.2267494233349893,90.71,93.492909957804,1011.2970672934202,1010.2770391703457,1010.636862311795,-1.0200281230745203,1519.2076430227678,1523.3884899536556,1522.443580108502,4.1808469308878236,True,IPA,0.8837807292122432,16,False
ipa,2.985675,25.0,97.014325,1.81,1.8657038535288475,0.6443249999999998,0.6641544947099305,3.63,3.7417154631545393,0.22,0.22677063413057813,90.71,93.5016555544761,1011.3153906083799,1010.295491155208,1010.6551374665744,-1.0198994531718633,1519.1300109285387,1523.3109755490727,1522.3661283631768,4.180964620533978,True,IPA,0.8869158824081116,16,False
ipa,2.99475,25.0,97.00524999999999,1.81,1.8658783931797507,0.6352500000000001,0.6548614636836667,3.63,3.74206550676381,0.22,0.22679184889477633,90.71,93.51040278747801,1011.3337165391598,1010.3139449599718,1010.6734157928798,-1.0197715791880364,1519.0523479630258,1523.233429312926,1522.2886437069023,4.1810813499003725,True,IPA,0.8900517105624672,16,False
ipa,3.003825,25.0,96.996175,1.81,1.8660529654906497,0.6261749999999999,0.6455666937381809,3.63,3.742415615873513,0.22,0.22681306762869774,90.71,93.51915165726896,1011.3520450597783,1010.3324005636697,1010.6916972584362,-1.019644496108625,1518.974653863075,1523.1558509897502,1522.2111258992409,4.181197126675326,True,IPA,0.8931882129585529,16,False
ipa,3.0129,25.0,96.9871,1.81,1.866227570470712,0.6170999999999998,0.6362701843853459,3.63,3.7427657905020357,0.22,0.22683429033345673,90.71,93.52790216430846,1011.3703761446307,1010.3508579456969,1010.7099818314135,-1.0195181989337512,1518.8969283622823,1523.0782403207797,1522.133574696266,4.181311958497488,True,IPA,0.8963253888916669,16,False
ipa,3.021975,25.0,96.97802499999999,1.81,1.8664022081291098,0.608025,0.626971935136852,3.63,3.743116030667773,0.22,0.22685551701016804,90.71,93.5366543090561,1011.388709768494,1010.3693170858154,1010.7282694804313,-1.0193926826786064,1518.8191711909544,1523.0005970439101,1522.0559898505235,4.181425852955741,True,IPA,0.8994632376689605,16,False
ipa,3.03105,25.0,96.96894999999999,1.81,1.8665768784750172,0.5989499999999999,0.6176719455042051,3.63,3.743466336389123,0.22,0.22687674765994684,90.71,93.54540809197172,1011.4070459065332,1010.3877779641592,1010.7465601745643,-1.0192679423739648,1518.741382076074,1522.922920893663,1521.978371111,4.181538817589127,True,IPA,0.9026017586092403,16,False
ipa,3.0401249999999997,25.0,96.959875,1.81,1.8667515815176123,0.5898750000000001,0.6083702149987302,3.63,3.7438167076844935,0.22,0.2268979822839087,90.71,93.55416351351526,1011.4253845343051,1010.4062405612384,1010.764853883345,-1.0191439730666783,1518.6635607412634,1522.8452116011501,1521.9007182230866,4.181650859886769,True,IPA,0.9057409510427714,16,False
ipa,3.0492,25.0,96.95079999999999,1.81,1.8669263172660775,0.5808,0.5990667431315678,3.63,3.744167144572299,0.22,0.22691922088316963,90.71,93.5629205741469,1011.443725627764,1010.4247048579439,1010.7831505767701,-1.019020769820154,1518.5857069067438,1522.7674688940317,1521.823030928541,4.181761987287828,True,IPA,0.9088808143110889,16,False
ipa,3.058275,25.0,96.94172499999999,1.81,1.867101085729597,0.5717249999999998,0.589761529413676,3.63,3.7445176470709596,0.22,0.22694046345884605,90.71,93.57167927432693,1011.4620691632663,1010.4431708355514,1010.8014502253037,-1.0188983277148103,1518.5078202893008,1522.6896924964822,1521.7453089654537,4.181872207181468,True,IPA,0.9120213477668098,16,False
ipa,3.06735,25.0,96.93265,1.81,1.8672758869173598,0.5626500000000001,0.5804545733558302,3.63,3.744868215198904,0.22,0.22696171001205478,90.71,93.58043961451585,1011.4804151175773,1010.4616384757288,1010.8197527998838,-1.0187766418485196,1518.4299006022422,1522.611882129149,1521.667552068209,4.181981526906821,True,IPA,0.9151625507734493,16,False
ipa,3.076425,25.0,96.923575,1.81,1.8674507208385576,0.5535749999999999,0.5711458744686212,3.63,3.7452188489745657,0.22,0.2269829605439131,90.71,93.58920159517434,1011.4987634678747,1010.4801077605376,1010.838058271925,-1.0186557073370301,1518.3519475553628,1522.5340375091157,1521.5897599674506,4.182089953752989,True,IPA,0.9183044227052438,16,False
ipa,3.0854999999999997,25.0,96.91449999999999,1.81,1.8676255875023864,0.5445000000000002,0.5618354322624584,3.63,3.745569548416388,0.22,0.22700421505553867,90.71,93.59796521676324,1011.5171141917542,1010.4985786724399,1010.856366613324,-1.018535519314374,1518.2739608549002,1522.4561583498594,1521.511932390039,4.182197494959041,True,IPA,0.9214469629469706,16,False
ipa,3.094575,25.0,96.905425,1.81,1.8678004869180442,0.535425,0.5525232462475657,3.63,3.745920313542818,0.22,0.22702547354804956,90.71,93.60673047974353,1011.535467267237,1010.5170511943037,1010.8746777964664,-1.0184160729332554,1518.1959402034986,1522.3782443612126,1521.434069059018,4.182304157714027,True,IPA,0.9245901708937801,16,False
ipa,3.10365,25.0,96.89635,1.81,1.8679754190947337,0.5263499999999999,0.543209315933985,3.63,3.746271144372311,0.22,0.2270467360225643,90.71,93.6154973845764,1011.5538226727725,1010.5355253094071,1010.8929917942287,-1.0182973633654275,1518.1178853001659,1522.300295249323,1521.3561696935724,4.182409949157004,True,IPA,0.927734045951023,16,False
ipa,3.1127249999999997,25.0,96.88727499999999,1.81,1.8681503840416611,0.5172750000000002,0.5338936408315749,3.63,3.7466220409233313,0.22,0.2270680024802019,90.71,93.62426593172324,1011.5721803872459,1010.5540010014439,1010.9113085799854,-1.018179385802048,1518.0397958402325,1522.2223107166096,1521.2782340089898,4.18251487637708,True,IPA,0.9308785875340864,16,False
ipa,3.1218,25.0,96.87819999999999,1.81,1.8683253817680348,0.5082,0.5245762204500084,3.63,3.746973003214346,0.22,0.22708927292208156,90.71,93.63303612164553,1011.5905403899839,1010.5724782545299,1010.9296281276143,-1.0180621354540251,1517.9616715153113,1522.1442904617247,1521.2002617166224,4.182618946413456,True,IPA,0.9340237950682303,16,False
ipa,3.130875,25.0,96.869125,1.81,1.8685004122830675,0.4991249999999998,0.5152570542987767,3.63,3.7473240312638314,0.22,0.22711054734932312,90.71,93.641807954805,1011.608902660758,1010.5909570532057,1010.9479504114989,-1.0179456075523448,1517.8835120132521,1522.0662341795075,1521.1222525238418,4.182722166255487,True,IPA,0.9371696679884286,16,False
ipa,3.13995,25.0,96.86004999999999,1.81,1.868675475595976,0.4900500000000001,0.5059361418871869,3.63,3.7476751250902725,0.22,0.22713182576304683,90.71,93.65058143166353,1011.6272671797946,1010.6094373824461,1010.9662754065386,-1.017829797348385,1517.8053170181033,1521.9881415609461,1521.0442061340043,4.182824542842751,True,IPA,0.9403162057392129,16,False
ipa,3.149025,25.0,96.85097499999999,1.81,1.8688505717159793,0.48097499999999993,0.4966134827243608,3.63,3.7480262847121573,0.22,0.22715310816437317,90.71,93.65935655268314,1011.6456339277757,1010.6279192276616,1010.984603088148,-1.0177147001142168,1517.7270862100634,1521.9100122931286,1520.966122246403,4.182926083065138,True,IPA,0.943463407774519,16,False
ipa,3.1581,25.0,96.8419,1.81,1.8690257006523003,0.47189999999999976,0.4872890763192376,3.63,3.7483775101479835,0.22,0.22717439455442326,90.71,93.66813331832606,1011.6640028858503,1010.6464025747074,1011.0029334322684,-1.0176003111428888,1517.648819265441,1521.831846059204,1520.888000556231,4.183026793762924,True,IPA,0.946611273557536,16,False
ipa,3.167175,25.0,96.832825,1.81,1.8692008624141658,0.46282500000000004,0.4779629221805726,3.63,3.7487288014162554,0.22,0.2271956849343185,90.71,93.6769117290547,1011.682374035636,1010.6648874098873,1011.0212664153685,-1.0174866257487027,1517.570515856607,1521.753642538334,1520.8098407545338,4.183126681726881,True,IPA,0.9497598025605595,16,False
ipa,3.17625,25.0,96.82374999999999,1.81,1.869376057010806,0.4537499999999999,0.46863501981693534,3.63,3.7490801585354836,0.22,0.22721697930518084,90.71,93.6856917853316,1011.700747359229,1010.6833737199615,1011.0396020144539,-1.017373639267471,1517.4921756519523,1521.6754014056507,1520.73164252817,4.183225753698378,True,IPA,0.9529089942648474,16,False
ipa,3.1853249999999997,25.0,96.814675,1.81,1.8695512844514535,0.44467500000000015,0.4593053687367129,3.63,3.7494315815241857,0.22,0.22723827766813245,90.71,93.69447348761952,1011.7191228392057,1010.701861492149,1011.0579402070683,-1.0172613470567646,1517.4137983158407,1521.5971223322101,1520.653405559766,4.183324016369503,True,IPA,0.9560588481604765,16,False
ipa,3.1944,25.0,96.8056,1.81,1.8697265447453453,0.4356,0.44997396844810633,3.63,3.749783070400886,0.22,0.2272595800242961,90.71,93.70325683638137,1011.7375004586346,1010.7203507141385,1011.0762809713049,-1.0171497444961495,1517.3353835085607,1521.518804984944,1520.5751295276696,4.1834214763831765,True,IPA,0.9592093637462049,16,False
ipa,3.203475,25.0,96.79652499999999,1.81,1.8699018379017225,0.4265249999999998,0.4406408184591336,3.63,3.7501346251841174,0.22,0.227280886374795,90.71,93.71204183208025,1011.7558802010775,1010.73884137409,1011.0946242858065,-1.0170388269874073,1517.2569308862821,1521.4404490266154,1520.4968141059078,4.1835181403332955,True,IPA,0.9623605405293347,16,False
ipa,3.21255,25.0,96.78744999999999,1.81,1.870077163929828,0.4174500000000001,0.4313059182776281,3.63,3.750486245892417,0.22,0.22730219672075255,90.71,93.72082847517939,1011.7742620505999,1010.7573334606451,1011.112970129776,-1.016928589954749,1517.1784401010043,1521.362054115769,1520.418458964138,4.183614014764863,True,IPA,0.9655123780255778,16,False
ipa,3.221625,25.0,96.778375,1.81,1.870252522838909,0.40837499999999993,0.4219692674112372,3.63,3.7508379325443313,0.22,0.22732351106329282,90.71,93.72961676614223,1011.7926459917747,1010.7758269629297,1011.1313184829794,-1.0168190288450119,1517.099910800511,1521.283619906685,1520.3400637676039,4.183709106174137,True,IPA,0.9686648757589253,16,False
ipa,3.2306999999999997,25.0,96.76929999999999,1.81,1.8704279146382172,0.3993000000000002,0.41263086536742566,3.63,3.7511896851584132,0.22,0.2273448294035402,90.71,93.73840670543241,1011.8110320096918,1010.7943218705639,1011.1496693257542,-1.0167101391278501,1517.0213426283208,1521.2051460493296,1520.2616281770884,4.183803421008788,True,IPA,0.9718180332615178,16,False
ipa,3.239775,25.0,96.76022499999999,1.81,1.8706033393370056,0.39022500000000004,0.40329071165347136,3.63,3.7515415037532214,0.22,0.22736615174261948,90.71,93.74719829351369,1011.829420089962,1010.8128181736661,1011.1680226390138,-1.0166019162959137,1516.942735223635,1521.126632189303,1520.183151848863,4.183896965668053,True,IPA,0.9749718500735196,16,False
ipa,3.24885,25.0,96.75115,1.81,1.8707787969445324,0.3811499999999999,0.3939488057764687,3.63,3.7518933883473222,0.22,0.22738747808165588,90.71,93.75599153085003,1011.8478102187263,1010.8313158628613,1011.1863784042555,-1.0164943558650121,1516.8640882212912,1521.0480779677941,1520.104634434643,4.183989746502904,True,IPA,0.9781263257429935,16,False
ipa,3.2579249999999997,25.0,96.742075,1.81,1.8709542874700589,0.37207500000000016,0.38460514724332734,3.63,3.7522453389592894,0.22,0.2274088084217751,90.71,93.76478641790555,1011.8662023826599,1010.8498149292857,1011.2047366035642,-1.0163874533742756,1516.785401251709,1520.969483021525,1520.0260755815357,4.184081769816224,True,IPA,0.9812814598257794,16,False
ipa,3.267,25.0,96.73299999999999,1.81,1.8711298109228496,0.363,0.37525973556077036,3.63,3.752597355607704,0.22,0.22743014276410328,90.71,93.77358295514458,1011.8845965689833,1010.868315364597,1011.2230972196229,-1.0162812043863008,1516.706673940839,1520.890846982702,1519.9474749319916,4.184173041862978,True,IPA,0.984437251885376,16,False
ipa,3.276075,25.0,96.723925,1.81,1.8713053673121725,0.3539249999999998,0.3659125702353372,3.63,3.7529494383111524,0.22,0.22745148110976682,90.71,93.78238114303157,1011.9029927654661,1010.8868171609788,1011.2414602357162,-1.0161756044872863,1516.6279059101125,1520.812169478963,1519.868832123754,4.184263568850404,True,IPA,0.9875937014928209,16,False
ipa,3.28515,25.0,96.71485,1.81,1.8714809566472987,0.3448500000000001,0.3565636507733819,3.63,3.753301587088229,0.22,0.22747282345989267,90.71,93.7911809820312,1011.9213909604352,1010.9053203111481,1011.2598256357375,-1.0160706492871656,1516.549096776385,1520.7334501333232,1519.7901467898066,4.184353356938198,True,IPA,0.9907508082265777,16,False
ipa,3.294225,25.0,96.70577499999999,1.81,1.8716565789375041,0.33577499999999993,0.34721297668107204,3.63,3.7536538019575363,0.22,0.22749416981560824,90.71,93.79998247260829,1011.9397911427827,1010.923824808363,1011.2781934041967,-1.0159663344197216,1516.4702461518866,1520.6546885641253,1519.7114185583243,4.18444241223871,True,IPA,0.9939085716724217,16,False
ipa,3.3033,25.0,96.69669999999999,1.81,1.8718322341920666,0.32669999999999977,0.337860547464391,3.63,3.7540060829376807,0.22,0.22751552017804125,90.71,93.80878561522783,1011.9581933019734,1010.9423306464307,1011.296563526227,-1.0158626555426995,1516.391353644161,1520.575884384978,1519.6326470526153,4.184530740817144,True,IPA,0.997066991423329,16,False
ipa,3.312375,25.0,96.687625,1.81,1.8720079224202684,0.31762500000000005,0.3285063626291369,3.63,3.7543584300472785,0.22,0.22753687454831992,90.71,93.817590410355,1011.9765974280515,1010.9608378197136,1011.3149359875914,-1.0157596083379075,1516.3124188560178,1520.4970372047096,1519.5538318910737,4.184618348691759,True,IPA,1.0002260670793677,16,False
ipa,3.32145,25.0,96.67854999999999,1.81,1.8721836436313952,0.3085499999999999,0.3191504216809209,3.63,3.7547108433049527,0.22,0.2275582329275729,90.71,93.82639685845517,1011.9950035116483,1010.979346323137,1011.3333107746895,-1.01565718851131,1516.2334413854699,1520.418146627304,1519.47497268712,4.1847052418340835,True,IPA,1.0033857982475916,16,False
ipa,3.3305249999999997,25.0,96.66947499999999,1.81,1.8723593978347355,0.29947500000000016,0.30979272412517,3.63,3.7550633227293315,0.22,0.22757959531692917,90.71,93.83520495999385,1012.013411543992,1010.9978561521989,1011.3516878745667,-1.0155553917931128,1516.1544208256807,1520.3392122518499,1519.3960690491494,4.184791426169118,True,IPA,1.006546184541933,16,False
ipa,3.3396,25.0,96.6604,1.81,1.872535185039582,0.2904,0.30043326946712406,3.63,3.755415868339051,0.22,0.22760096171751826,90.71,93.84401471543673,1012.0318215169124,1011.0163673029746,1011.3700672749186,-1.0154542139378406,1516.075356764905,1520.2602336724806,1519.317120580475,4.184876907575562,True,IPA,1.0097072255831028,16,False
ipa,3.348675,25.0,96.651325,1.81,1.8727110052552305,0.2813249999999998,0.2910720572118384,3.63,3.755768480152755,0.22,0.22762233213047,90.71,93.8528261252497,1012.0502334228516,1011.0348797721273,1011.3884489641017,-1.0153536507244074,1515.99624878643,1520.181210478316,1519.2381268792697,4.184961691886032,True,IPA,1.012868920998486,16,False
ipa,3.35775,25.0,96.64224999999999,1.81,1.872886858490981,0.2722500000000001,0.28170908686418217,3.63,3.7561211581890945,0.22,0.22764370655691482,90.71,93.86163918989884,1012.0686472548701,1011.053393556914,1011.4068329311375,-1.0152536979561755,1515.9170964685165,1520.1021422534038,1519.1590875385104,4.185045784887282,True,IPA,1.0160312704220447,16,False
ipa,3.366825,25.0,96.633175,1.81,1.8730627447561359,0.26317499999999994,0.27234435792883754,3.63,3.7564739024667255,0.22,0.22766508499798338,90.71,93.87045390985033,1012.0870630066572,1011.0719086551962,1011.4252191657241,-1.0151543514610146,1515.8378993843382,1520.0230285766586,1519.0800021459188,4.185129192320431,True,IPA,1.0191942734942185,16,False
ipa,3.3758999999999997,25.0,96.6241,1.81,1.8732386640600016,0.2541000000000002,0.2629778699103021,3.63,3.7568267130043127,0.22,0.22768646745480683,90.71,93.87927028557058,1012.1054806725365,1011.0904250654452,1011.44360765824,-1.0150556070913461,1515.758657101923,1519.9438690218042,1519.0008702839034,4.185211919881201,True,IPA,1.02235792986183,16,False
ipa,3.384975,25.0,96.61502499999999,1.81,1.8734146164118886,0.24502500000000005,0.2536096223128857,3.63,3.757179589820528,0.22,0.22770785392851683,90.71,93.8880883175262,1012.1239002474766,1011.1089427867524,1011.4619983997549,-1.0149574607241862,1515.6793691840876,1519.8646631573076,1518.921691529497,4.185293973220144,True,IPA,1.025522239177991,16,False
ipa,3.39405,25.0,96.60594999999999,1.81,1.8735906018211095,0.23594999999999988,0.24423961464071303,3.63,3.7575325329340483,0.22,0.22772924442024536,90.71,93.89690800618389,1012.1423217271001,1011.1274618188389,1011.4803913820377,-1.01485990826118,1515.600035188378,1519.7854105463207,1518.8424654542987,4.185375357942884,True,IPA,1.0286872011020076,16,False
ipa,3.4031249999999997,25.0,96.596875,1.81,1.8737666202969818,0.22687500000000016,0.23486784639772265,3.63,3.75788554236356,0.22,0.22775063893112485,90.71,93.90572935201061,1012.1607451076902,1011.1459821620616,1011.4987865975634,-1.0147629456286293,1515.520654667003,1519.7061107466134,1518.763191624409,4.185456079610352,True,IPA,1.0318528152992912,16,False
ipa,3.4122,25.0,96.58779999999999,1.81,1.873942671848826,0.2178,0.22549431708766535,3.63,3.7582386181277556,0.22,0.22777203746228822,90.71,93.91455235547348,1012.1791703862007,1011.1645038174231,1011.5171840395215,-1.0146665687775152,1515.441227166773,1519.626763310512,1518.6838696003701,4.185536143739032,True,IPA,1.0350190814412696,16,False
ipa,3.421275,25.0,96.57872499999999,1.81,1.8741187564859654,0.20872499999999983,0.2161190262141065,3.63,3.758591760245334,0.22,0.22779344001486873,90.71,93.92337701703974,1012.1975975602646,1011.1830267865811,1011.5355837018252,-1.0145707736835126,1515.361752229031,1519.5473677848322,1518.6044989370996,4.185615555801208,True,IPA,1.038185999205298,16,False
ipa,3.43035,25.0,96.56965,1.81,1.874294874217728,0.1996500000000001,0.20674197328042518,3.63,3.758944968735001,0.22,0.22781484659000006,90.71,93.93220333717684,1012.2160266282036,1011.2015510718567,1011.5539855791195,-1.0144755563470018,1515.2822293895897,1519.4679237108148,1518.5250791838275,4.185694321225203,True,IPA,1.0413535682745736,16,False
ipa,3.439425,25.0,96.560575,1.81,1.8744710250534444,0.19057499999999994,0.1973631577898122,3.63,3.7592982436154716,0.22,0.22783625718881645,90.71,93.94103131635245,1012.2344575890368,1011.2200766762437,1011.5723896667901,-1.014380912793073,1515.2026581786624,1519.3884306240582,1518.4456098840308,4.185772445395638,True,IPA,1.0445217883380506,16,False
ipa,3.4485,25.0,96.55149999999999,1.81,1.8746472090024497,0.18149999999999977,0.18798257924527303,3.63,3.7596515849054652,0.22,0.22785767181245245,90.71,93.94986095503437,1012.2528904424914,1011.23860360342,1011.5907959609733,-1.0142868390715232,1515.1230381207943,1519.3088880544478,1518.366090575365,4.185849933653676,True,IPA,1.0476906590903574,16,False
ipa,3.457575,25.0,96.542425,1.81,1.874823426074081,0.17242500000000005,0.17860023714962628,3.63,3.7600049926237094,0.22,0.227879090462043,90.71,93.95869225369054,1012.2713251890103,1011.2571318577535,1011.6092044585631,-1.0141933312568523,1515.0433687347938,1519.2292955260912,1518.2865207895977,4.185926791297286,True,IPA,1.050860180231715,16,False
ipa,3.46665,25.0,96.53335,1.81,1.8749996762776802,0.16334999999999988,0.16921613100550212,3.63,3.7603584667889387,0.22,0.22790051313872356,90.71,93.96752521278916,1012.2897616547291,1011.2756612692808,1011.6276149821879,-1.0141003854482507,1514.9636130058054,1519.1496160293868,1518.2068635246837,4.18600302358148,True,IPA,1.0540303514678564,16,False
ipa,3.4757249999999997,25.0,96.52427499999999,1.81,1.8751759596225925,0.15427500000000016,0.15983026031534572,3.63,3.7607120074198956,0.22,0.22792193984363004,90.71,93.97635983279855,1012.30819907107,1011.2941910733005,1011.6460267598036,-1.0140079977695835,1514.883712346099,1519.0697909818175,1518.1270602055545,4.186078635718593,True,IPA,1.0572011725099468,16,False
ipa,3.4848,25.0,96.5152,1.81,1.875352276118166,0.1452,0.15044262458141308,3.63,3.7610656145353274,0.22,0.22794337057789862,90.71,93.9851961141872,1012.3266373540791,1011.3127211897098,1011.6644397040309,-1.0139161643693675,1514.8036674612044,1518.989821094083,1518.047111550256,4.186153632878517,True,IPA,1.0603726430745086,16,False
ipa,3.493875,25.0,96.506125,1.81,1.8755286257737527,0.13612499999999983,0.14105322330577447,3.63,3.7614192881539905,0.22,0.22796480534266608,90.71,93.99403405742382,1012.345076512213,1011.3312516307923,1011.6828538199411,-1.013824881420749,1514.723479901624,1518.909707921813,1517.9670191216612,4.186228020188984,True,IPA,1.0635447628833432,16,False
ipa,3.50295,25.0,96.49704999999999,1.81,1.8757050085987088,0.1270500000000001,0.13166205599031278,3.63,3.7617730282946478,0.22,0.22798624413906957,90.71,94.00287366297728,1012.3635165547606,1011.3497824096391,1011.7012691134773,-1.0137341451214694,1514.643151234588,1518.829453037324,1517.886784499229,4.186301802735808,True,IPA,1.0667175316634556,16,False
ipa,3.512025,25.0,96.48797499999999,1.81,1.8758814246023923,0.11797499999999994,0.12226912213672217,3.63,3.7621268349760686,0.22,0.22800768696824658,90.71,94.01171493131658,1012.3819574918545,1011.3683135401607,1011.7196855914661,-1.0136439516938345,1514.5626830442588,1518.749058029822,1517.806409279208,4.186374985563161,True,IPA,1.0698909491469832,16,False
ipa,3.5210999999999997,25.0,96.4789,1.81,1.8760578737941664,0.10890000000000022,0.11287442124651113,3.63,3.76248070821703,0.22,0.22802913383133516,90.71,94.02055786291096,1012.4003993344826,1011.3868450370979,1011.7381032616279,-1.0135542973846718,1514.48207693194,1518.6685245056137,1517.7258950748492,4.186447573673827,True,IPA,1.0730650150711216,16,False
ipa,3.530175,25.0,96.469825,1.81,1.8762343561833972,0.09982500000000005,0.10347795282099874,3.63,3.762834648036316,0.22,0.2280505847294737,90.71,94.02940245822981,1012.4188420944977,1011.4053769160324,1011.7565221325862,-1.013465178465292,1514.4013345162869,1518.5878540883164,1517.6452435166161,4.186519572029471,True,IPA,1.0762397291780539,16,False
ipa,3.53925,25.0,96.46074999999999,1.81,1.8764108717794545,0.09074999999999989,0.09407971636131783,3.63,3.763188654452718,0.22,0.2280720396638011,90.71,94.03824871774272,1012.4372857846324,1011.423909193401,1011.7749422138825,-1.0133765912314394,1514.3204574335225,1518.5070484190735,1517.5644562524042,4.186590985550903,True,IPA,1.079415091214881,16,False
ipa,3.5483249999999997,25.0,96.451675,1.81,1.876587420591711,0.08167500000000016,0.08467971136841343,3.63,3.7635427274850337,0.22,0.22809349863545658,90.71,94.0470966419194,1012.4557304185078,1011.4424418865045,1011.7933635159843,-1.0132885320032416,1514.2394473376517,1518.42610915677,1517.4835349477546,4.186661819118343,True,IPA,1.0825911009335532,16,False
ipa,3.5574,25.0,96.4426,1.81,1.8767640026295433,0.0726,0.07527793734304135,3.63,3.763896867152068,0.22,0.22811496164557987,90.71,94.05594623122977,1012.4741760106468,1011.4609750135216,1011.811786050298,-1.0132009971251572,1514.1583059006855,1518.345037978257,1517.4024812860816,4.186732077571692,True,IPA,1.0857677580908018,16,False
ipa,3.566475,25.0,96.43352499999999,1.81,1.8769406179023325,0.06352499999999983,0.06587439378577091,3.63,3.7642510734726335,0.22,0.22813642869531112,90.71,94.06479748614396,1012.4926225764872,1011.4795085935212,1011.8302098291812,-1.0131139829659168,1514.0770348128622,1518.2638365785729,1517.3212969688948,4.186801765710791,True,IPA,1.0889450624480734,16,False
ipa,3.57555,25.0,96.42445,1.81,1.877117266419461,0.05445000000000011,0.05646908019698335,3.63,3.764605346465549,0.22,0.22815789978579087,90.71,94.07365040713222,1012.5110701323923,1011.4980426464739,1011.8486348659537,-1.013027485918462,1513.995635782873,1518.1825066711688,1517.2399837160258,4.186870888295695,True,IPA,1.092123013771465,16,False
ipa,3.584625,25.0,96.415375,1.81,1.8772939481903173,0.04537499999999994,0.04706199607687046,3.63,3.7649596861496417,0.22,0.2281793749181601,90.71,94.08250499466502,1012.529518695664,1011.5165771932642,1011.8670611749093,-1.0129415023998827,1513.9141105380957,1518.1010499881427,1517.1585432658633,4.18693945004694,True,IPA,1.0953016118316583,16,False
ipa,3.5937,25.0,96.40629999999999,1.81,1.8774706632242917,0.03629999999999978,0.03765314092543722,3.63,3.765314092543745,0.22,0.2282008540935603,90.71,94.09136124921298,1012.5479682845562,1011.5351122557048,1011.8854887713293,-1.012856028851348,1513.8324608248256,1518.0194682804713,1517.0769773755865,4.187007455645809,True,IPA,1.0984808564038584,16,False
ipa,3.602775,25.0,96.39722499999999,1.81,1.8776474115307782,0.027225000000000055,0.028242514242500297,3.63,3.7656685656666986,0.22,0.22822233731313327,90.71,94.10021917124689,1012.5664189182882,1011.5536478565501,1011.9039176714954,-1.0127710617380363,1513.7506884085126,1517.937763318247,1516.9952878214028,4.187074909734603,True,IPA,1.1016607472677307,16,False
ipa,3.61185,25.0,96.38815,1.81,1.877824193119175,0.01814999999999989,0.01883011552768664,3.63,3.766023105537351,0.22,0.22824382457802128,90.71,94.10907876123777,1012.5848706170561,1011.5721840195071,1011.9223478927007,-1.0126865975490633,1513.6687950740024,1517.8559368909193,1516.9134763987909,4.187141816916911,True,IPA,1.10484128420734,16,False
ipa,3.6209249999999997,25.0,96.379075,1.81,1.8780010079988836,0.009075000000000166,0.009415944280436564,3.63,3.7663777121745565,0.22,0.22826531588936708,90.71,94.11794001965676,1012.6033234020475,1011.5907207692501,1011.9407794532636,-1.0126026327974051,1513.58678262578,1517.7739908075378,1516.8315449227446,4.187208181757872,True,IPA,1.1080224670110908,16,False
ipa,3.63,25.0,96.36999999999999,1.81,1.878177856179309,0.0,0.0,3.63,3.766732385597178,0.22,0.22828681124831382,90.71,94.1268029469752,1012.6217772954525,1011.6092581314326,1011.8936070827289,-1.0125191640198186,1513.5046528882153,1517.6919268969998,1517.1731435346233,4.187274008784455,True,IPA,1.1112042954716677,16,False
