Scenario,Loss_g_per_100g_initial,Temperature_C,Remaining_total_g,m_Al_g,Al_wt_pct,m_IPA_g,IPA_wt_pct,m_PG_g,PG_wt_pct,m_MG_g,MG_wt_pct,m_Water_g,Water_wt_pct,Rho_Physics_kg_m3,Rho_Hybrid_kg_m3,Rho_Hybrid_latest_MGfree_kg_m3,A_Rho_kg_m3,C_Physics_m_s,C_Hybrid_m_s,C_Hybrid_latest_MGfree_m_s,A_C_m_s,Outside_field_box,Outside_axes,Nearest_normalized_distance,Nearest_node,MG_density_extrapolated
water,0.0,25.0,100.0,1.81,1.81,3.63,3.63,3.63,3.63,0.22,0.22,90.71,90.71,1005.6348872124258,1004.6202902787192,1005.0460755486722,-1.0145969337066858,1543.7664821842166,1547.8175448244672,1546.6545662987435,4.0510626402506364,False,,0.1447316496389915,16,False
water,0.18142,25.0,99.81858,1.81,1.813289670119531,3.63,3.636597515212098,3.63,3.636597515212098,0.22,0.2203998494067938,90.52857999999999,90.69311545004946,1005.6517807633622,1004.6381757385109,1005.0629470532401,-1.0136050248513737,1543.8497713323818,1547.9020115466208,1546.7375769564405,4.052240214238945,False,,0.1455155902958592,16,False
water,0.36284,25.0,99.63716,1.81,1.8165913199452897,3.63,3.6432190560228737,3.63,3.6432190560228737,0.22,0.2208011549104772,90.34715999999999,90.67616941309848,1005.6687421127338,1004.6562713519387,1005.0798850212406,-1.0124707607950156,1543.9333852177595,1547.9867706172724,1546.8209335708532,4.053385399513079,False,,0.14646943274752233,16,False
water,0.54426,25.0,99.45574,1.81,1.8199050150348284,3.63,3.6498647539096285,3.63,3.6498647539096285,0.22,0.22120392447937143,90.16574,90.65916155266655,1005.6857716461569,1004.6745793395582,1005.0968897657514,-1.0111923065986868,1544.0173256801174,1548.071831699024,1546.9046382768854,4.054506018906415,False,,0.1475917591563792,16,False
water,0.72568,25.0,99.27432,1.81,1.8232308214249162,3.63,3.6565347413107436,3.63,3.6565347413107436,0.22,0.22160816614004508,89.98432,90.64209152981354,1005.7028697520162,1004.6931016075092,1005.1139616262285,-1.0097681445070041,1544.1015945727618,1548.1572047998015,1546.9886930468988,4.055610227039718,False,,0.1488806395680032,16,False
water,0.9071,25.0,99.0929,1.81,1.8265688056359235,3.63,3.6632291516344764,3.63,3.6632291516344764,0.22,0.22201388797784705,89.8029,90.62495900311727,1005.7200368214874,1004.7118397296737,1005.1311009694083,-1.0081970918136964,1544.186193762654,1548.2429001890673,1547.0730996987897,4.0567064264133,False,,0.1503336727462076,16,False
water,1.08852,25.0,98.91148,1.81,1.8299190346762582,3.63,3.6699481192678545,3.63,3.6699481192678545,0.22,0.22242109813744573,89.62147999999999,90.60776362865059,1005.7372732485617,1004.7307949312602,1005.1483081894214,-1.0064783173015064,1544.271125130538,1548.3289283126708,1547.1578599065745,4.057803182132753,False,,0.15194803250125855,16,False
water,1.26994,25.0,98.73006,1.81,1.8332815760468495,3.63,3.6766917795856706,3.63,3.6766917795856706,0.22,0.22282980482337397,89.44005999999999,90.59050505995843,1005.7545794300679,1004.749968074029,1005.1655837071679,-1.0046113560388998,1544.3563905710587,1548.4152997081092,1547.2429752130336,4.058909137050447,False,,0.15372051790234317,16,False
water,1.45136,25.0,98.54864,1.81,1.8366564977456816,3.63,3.6834602689595712,3.63,3.6834602689595712,0.22,0.22324001630058007,89.25864,90.57318294803459,1005.7719557656992,1004.7693596433745,1005.1829279690462,-1.00259612232468,1544.4419919928898,1548.5020249218996,1547.3284470439673,4.060032929009854,False,,0.15564760576848483,16,False
water,1.63278,25.0,98.36722,1.81,1.8400438682723776,3.63,3.690253724767255,3.63,3.690253724767255,0.22,0.22365174089498513,89.07722,90.55579694129813,1005.7894026580339,1004.7889697374499,1005.2003414451252,-1.0004329205839915,1544.5279313188596,1548.5891144305913,1547.4142767235755,4.061183111731672,False,,0.15772550391478024,16,False
water,1.8142,25.0,98.1858,1.81,1.8434437566328328,3.63,3.6970722854017586,3.63,3.6970722854017586,0.22,0.22406498699404598,88.8958,90.5383466855696,1005.8069205125611,1004.8087980585257,1005.2178246268896,-0.998122454035376,1544.6142104860762,1548.676578566766,1547.5004654905008,4.062368080689689,False,,0.1599502037773896,16,False
water,1.99562,25.0,98.00438,1.81,1.8468562323439015,3.63,3.703916090280863,3.63,3.703916090280863,0.22,0.22447976304732503,88.71437999999999,90.52083182404704,1005.8245097377079,1004.8288439067395,1005.2353780246727,-0.9956658309684103,1544.7008314460586,1548.76442745116,1547.587014514106,4.063596005101229,False,,0.16231753123283363,16,False
water,2.17704,25.0,97.82296,1.81,1.8502813654381345,3.63,3.71078527985659,3.63,3.71078527985659,0.22,0.22489607756706606,88.53295999999999,90.50325199728161,1005.8421707448604,1004.8491061763656,1005.2530021648911,-0.9930645684947823,1544.787796164865,1548.8526709317794,1547.6739249105783,4.064874766914228,False,,0.16482319464597645,16,False
water,2.35846,25.0,97.64154,1.81,1.8537192264685705,3.63,3.7176799956248128,3.63,3.7176799956248128,0.22,0.22531393912877654,88.35154,90.48560684315302,1005.8599039483911,1004.8695833547289,1005.2706975872044,-0.990320593662205,1544.8751066232253,1548.9413185306473,1547.761197758528,4.066211907422086,False,,0.16746282940922239,16,False
water,2.53988,25.0,97.46012,1.81,1.857169886513581,3.63,3.724600380134972,3.63,3.724600380134972,0.22,0.2257333563718165,88.17012,90.46789599684465,1005.877709765683,1004.8902735238331,1005.2884648416918,-0.9874362418498718,1544.9627648166716,1549.0303793985609,1547.8488341137854,4.067614581889347,False,,0.1702320384581015,16,False
water,2.7213,25.0,97.2787,1.81,1.8606334171817673,3.63,3.7315465769998983,3.63,3.7315465769998983,0.22,0.22615433799999382,87.9887,90.45011909081843,1005.8955886171573,1004.9111743647615,1005.3063044861365,-0.9844142523958124,1545.0507727556735,1549.1198622780094,1547.9368350231798,4.069089522335821,False,,0.17312642845422752,16,False
water,2.90272,25.0,97.09728,1.81,1.8641098906169153,3.63,3.7385187309057475,3.63,3.7385187309057475,0.22,0.2265768927821665,87.80727999999999,90.43227575478942,1005.9135409262944,1004.9322831648545,1005.3242170834783,-0.9812577614399206,1545.1391324657748,1549.2097754741862,1548.0252015371307,4.070643008411528,False,,0.17614164150775893,16,False
water,3.08414,25.0,96.91586,1.81,1.8675993795030041,3.63,3.7455169876220467,3.63,3.7455169876220467,0.22,0.2270010295528513,87.62585999999999,90.41436561570005,1005.9315671196671,1004.953596827666,1005.342203199506,-0.9779702920009844,1545.2278459877264,1549.3001268338323,1548.1139347209382,4.072280846106002,False,,0.17927338246356694,16,False
water,3.26556,25.0,96.73444,1.81,1.871101957069271,3.63,3.752541494011853,3.63,3.752541494011853,0.22,0.2274267572128396,87.44444,90.39638829769417,1005.9496676269608,1004.9751118856198,1005.3602634007997,-0.9745557413411059,1545.3169153776284,1549.3909237315052,1548.2030356647294,4.074008353876631,False,,0.18251744189680166,16,False
water,3.44698,25.0,96.55302,1.81,1.8746176970953368,3.63,3.759592398042029,3.63,3.759592398042029,0.22,0.22785408472981994,87.26302,90.37834342209078,1005.967842881002,1004.9968245152962,1005.3783982529652,-0.9710183657057344,1545.4063427070669,1549.482173062721,1548.2925054920315,4.0758303556539595,False,,0.18586971505519834,16,False
water,3.6284,25.0,96.3716,1.81,1.878146673916382,3.63,3.766669848793628,3.63,3.766669848793628,0.22,0.22828302113900775,87.0816,90.36023060735735,1005.9860933177869,1005.0187305552254,1005.3966083191633,-0.9673627625614707,1545.496130063256,1549.5738812433435,1548.3823453670166,4.0777511800874775,False,,0.18932621704964606,16,False
water,3.8098199999999998,25.0,96.19018,1.81,1.8816889624283892,3.63,3.773773996472405,3.63,3.773773996472405,0.22,0.22871357554378213,86.90017999999999,90.34204946908302,1006.0044193765038,1005.0408255260178,1005.4148941589198,-0.9635938504860928,1545.5862795491792,1549.666054214511,1548.4725565004596,4.079774665331876,False,,0.1928830946346698,16,False
water,3.99124,25.0,96.00876,1.81,1.8852446380934407,3.63,3.780904992419442,3.63,3.780904992419442,0.22,0.2291457571163298,86.71875999999999,90.32379961995133,1006.0228214995666,1005.0631046526713,1005.4332563272249,-0.9597168468953104,1545.676793283735,1549.758697452374,1548.5631401545047,4.081904168639066,False,,0.19653663494038137,16,False
water,4.17266,25.0,95.82734,1.81,1.8888137769450764,3.63,3.7880629891218933,3.63,3.7880629891218933,0.22,0.22957957509829657,86.53734,90.30548066971284,1006.0413001326372,1005.0855628888193,1005.451695373882,-0.9557372438178731,1545.7676734018805,1549.8518159818923,1548.6540976463234,4.084142580011829,False,,0.20028327152117073,16,False
water,4.35408,25.0,95.64592,1.81,1.8923964555937147,3.63,3.7952481402238587,3.63,3.7952481402238587,0.22,0.230015038801446,86.35592,90.28709222515712,1006.0598557246545,1005.1081949427002,1005.4702118430955,-0.9516607819543628,1545.8589220547783,1549.9454143939656,1548.7454303507807,4.086492339187399,False,,0.20411958807767397,16,False
water,4.5355,25.0,95.4645,1.81,1.8959927512321333,3.63,3.8024606005373727,3.63,3.8024606005373727,0.22,0.2304521576083256,86.1745,90.26863389008479,1006.0784887278644,1005.1309953045896,1005.4888062732703,-0.9474934232748065,1545.950541409945,1550.0394968651942,1548.8371397022195,4.0889554552494145,False,,0.20804232019078447,16,False
water,4.71692,25.0,95.28308,1.81,1.8996027416410133,3.63,3.809700526053524,3.63,3.809700526053524,0.22,0.23089094097294086,85.99307999999999,90.25010526527899,1006.097199597846,1005.1539582754203,1005.5074791969885,-0.9432413224257629,1546.0425336514031,1550.1340671796138,1548.9292271954778,4.091533528210611,False,,0.21204835538261227,16,False
water,4.89834,25.0,95.10166,1.81,1.9032265051945467,3.63,3.816968073953704,3.63,3.816968073953704,0.22,0.2313313984214366,85.81165999999999,90.23150594847661,1006.1159887935412,1005.1770779963126,1005.526231141143,-0.9389107972285644,1546.1349009798275,1550.2291287517903,1549.0216943862372,4.0942277719627045,False,,0.21613473179174258,16,False
water,5.07976,25.0,94.92023999999999,1.81,1.9068641208661083,3.63,3.82426340262098,3.63,3.82426340262098,0.22,0.23177353955278665,85.63023999999999,90.21283553433915,1006.1348567772817,1005.200348478725,1005.5450626271951,-0.93450829855675,1546.2276456127024,1550.324684650753,1549.1145428908299,4.0970390380504975,False,,0.2202986357208392,16,False
water,5.2611799999999995,25.0,94.73882,1.81,1.9105156682339932,3.63,3.8315866716515994,3.63,3.8315866716515994,0.22,0.2322173740394909,85.44882,90.19409361442331,1006.1538040148206,1005.2237636349382,1005.5639741715385,-0.9300403798823942,1546.320769784474,1550.4207376242655,1549.2077743855803,4.099967839791485,False,,0.22453739828505112,16,False
water,5.4426,25.0,94.5574,1.81,1.9141812274872194,3.63,3.8389380418666335,3.63,3.8389380418666335,0.22,0.23266291162828082,85.2674,90.17527977715123,1006.1728309753609,1005.2473173085828,1005.5829662859375,-0.9255136667781212,1546.4142757467077,1550.517290123035,1549.3013906057836,4.103014376327417,False,,0.22884849136088845,16,False
water,5.62402,25.0,94.37598,1.81,1.9178608794313978,3.63,3.8463176753237422,3.63,3.8463176753237422,0.22,0.23311016214083288,85.08597999999999,90.15639360778029,1006.1919381315836,1005.2710033049293,1005.6020394780235,-0.9209348266542546,1546.5081657682445,1550.614344324503,1549.395393344393,4.10617855625845,False,,0.23322952300797428,16,False
water,5.80544,25.0,94.19456,1.81,1.9215547054946698,3.63,3.8537257353290895,3.63,3.8537257353290895,0.22,0.23355913547449025,84.90455999999999,90.13743468837265,1006.2111259596791,1005.2948154206799,1005.6211942518331,-0.9163105389991303,1546.6024421353593,1550.7119021559313,1549.4897844504928,4.109460020571882,False,,0.23767823251085252,16,False
water,5.98686,25.0,94.01314,1.81,1.9252627877337145,3.63,3.8611623864493834,3.63,3.8611623864493834,0.22,0.23400984160299293,84.72314,90.11840259776451,1006.2303949393773,1005.318747473002,1005.6404311083686,-0.9116474663754264,1546.6971071519235,1550.8099653165584,1549.584565827619,4.112858164634965,False,,0.24219248516506103,16,False
water,6.16828,25.0,93.83172,1.81,1.9289852088398252,3.63,3.8686277945240692,3.63,3.8686277945240692,0.22,0.23446229057721632,84.54172,90.09929691153482,1006.2497455539781,1005.3427933275711,1005.6597505461691,-0.9069522264069184,1546.7921631395668,1550.9085352986408,1549.6797394319744,4.116372159073957,False,,0.24677026691112186,16,False
water,6.3497,25.0,93.6503,1.81,1.9327220521450545,3.63,3.8761221266776507,3.63,3.8761221266776507,0.22,0.23491649252591823,84.3603,90.0801172019737,1006.2691782903803,1005.2299157928817,1005.6791530618796,-1.0392624974986029,1546.8876124378417,1551.0256478114802,1549.7753072705905,4.138035373638483,False,,0.2514096789018928,16,False
water,6.53112,25.0,93.46888,1.81,1.936473401628435,3.63,3.8836455513321653,3.63,3.8836455513321653,0.22,0.23537245765649487,84.17887999999999,90.06086303805073,1006.2886936391144,1005.2510823332312,1005.6986391508129,-1.037611305883179,1546.983457404387,1551.1253731008346,1549.8712713994648,4.141915696447461,False,,0.25610893207283203,16,False
water,6.71254,25.0,93.28746,1.81,1.9402393419222692,3.63,3.8911982382197996,3.63,3.8911982382197996,0.22,0.23583019625574542,83.99745999999999,90.04153398538239,1006.3082920943745,1005.2723819478409,1005.7182093074965,-1.0359101465335323,1547.0797004150986,1551.2256013273911,1549.9676339217167,4.145900912292615,False,,0.2608663417709411,16,False
water,6.89396,25.0,93.10604,1.81,1.9440199583184938,3.63,3.898780358395653,3.63,3.898780358395653,0.22,0.23628971869064566,83.81603999999999,90.02212960619956,1006.3279741540467,1005.293815074346,1005.7378640261918,-1.034159079700766,1547.1763438642954,1551.3263332543452,1550.0643969857715,4.149989390049695,False,,0.26568032248636003,16,False
water,7.07538,25.0,92.92462,1.81,1.9478153367751194,3.63,3.906392084250654,3.63,3.906392084250654,0.22,0.23675103540913053,83.63462,90.00264945931443,1006.3477403197456,1005.3153820898067,1005.6925586012735,-1.0323582299388947,1547.273390164892,1551.4275695501863,1550.232341361342,4.154179385294324,False,,0.27054938272055773,16,False
water,7.2568,25.0,92.7432,1.81,1.9516255639227458,3.63,3.9140335895246228,3.63,3.9140335895246228,0.22,0.23721415694088624,83.4532,89.98309310008712,1006.3675910968408,1005.3370833089375,1005.7106723181187,-1.0305077879032207,1547.3708417485711,1551.5293107995462,1550.3319453393517,4.1584690509750715,False,,0.275472120016611,16,False
water,7.43822,25.0,92.56178,1.81,1.9554507270711519,3.63,3.9217050493194923,3.63,3.9217050493194923,0.22,0.23767909389815106,83.27177999999999,89.96346008039171,1006.3875269944946,1005.3589189824858,1005.7288699961815,-1.028608012008844,1547.468701065957,1551.6315575127967,1550.4319391958966,4.16285644683958,False,,0.2804472161700155,16,False
water,7.6196399999999995,25.0,92.38036,1.81,1.9592909142159656,3.63,3.929406640112682,3.63,3.929406640112682,0.22,0.23814585697652618,83.09035999999999,89.94374994858212,1006.4075485256916,1005.3808892957558,1005.7471553698894,-1.0266592299358386,1547.5669705867908,1551.7343101344718,1550.5323217096425,4.16733954768086,False,,0.28547343263263786,16,False
water,7.80106,25.0,92.19894000000001,1.81,1.9631462140454108,3.63,3.9371385397706304,3.63,3.9371385397706304,0.22,0.23861445695579578,82.90894,89.92396224945753,1006.4276562072716,1005.5946991029425,1005.765532172379,-0.8329571043291172,1547.6656528001122,1552.5618927084802,1550.6330918196288,4.896239908367962,False,,0.2905496061176235,16,False
water,7.98248,25.0,92.01752,1.81,1.967016715947137,3.63,3.94490092756249,3.63,3.94490092756249,0.22,0.23908490470075697,82.72752,89.90409652422713,1006.4478505599652,1005.6196353112272,1005.7840041158612,-0.8282152487380547,1547.7647502118243,1552.6811760055139,1550.7342486408033,4.916425793689632,False,,0.2956746444091986,16,False
water,8.1639,25.0,91.8361,1.81,1.9709025100151247,3.63,3.952693984173979,3.63,3.952693984173979,0.22,0.23955721116205936,82.5461,89.88415231047485,1006.4681322384996,1005.644607867271,1005.8025750022416,-0.8235243712285593,1547.864254621351,1552.8009229019592,1550.8357807568389,4.93666828060837,False,,0.30084752237816953,16,False
water,8.34532,25.0,91.65468,1.81,1.9748036870566783,3.63,3.9605178917214046,3.63,3.9605178917214046,0.22,0.24003138737705484,82.36467999999999,89.86412914212345,1006.4885019728478,1005.6696135879831,1005.8212486453368,-0.8188883848646182,1547.9641577288273,1552.9211069403395,1550.9376768415186,4.956949211512254,True,MG,0.3060672782014729,16,False
water,8.52674,25.0,91.47326,1.81,1.978720338599499,3.63,3.968372833765846,3.63,3.968372833765846,0.22,0.24050744447065733,82.18325999999999,89.84402654939815,1006.5089602982396,1005.6946494081724,1005.8400285825546,-0.8143108900671722,1548.0644609340984,1553.0417117680183,1551.0399354698377,4.977250833919823,True,MG,0.3113330097821809,16,False
water,8.70816,25.0,91.29184,1.81,1.9826525568988425,3.63,3.9762589953275125,3.63,3.9762589953275125,0.22,0.24098539365621288,82.00183999999999,89.82384405878992,1006.5295077516186,1005.7197125725722,1005.8589182539635,-0.8097951790463082,1548.1651656318534,1553.162721465913,1551.1425554230727,4.997555834059452,True,MG,0.31664387136490557,16,False
water,8.88958,25.0,91.11042,1.81,1.9866004349447626,3.63,3.9841765629002697,3.63,3.9841765629002697,0.22,0.24146524623637997,81.82042,89.8035811930183,1006.5501448739465,1005.7448006322865,1005.8779209883681,-0.805344241660007,1548.2662732113847,1553.2841205783063,1551.2455356962698,5.017847366921665,True,MG,0.3219990703404432,16,False
water,9.071,25.0,90.929,1.81,1.990564066469443,3.63,3.9921257244663417,3.63,3.9921257244663417,0.22,0.2419470136040207,81.639,89.78323747099384,1006.5708722102385,1005.7699114377024,1005.8970399884669,-0.8009607725361044,1548.3677850562779,1553.4058941390858,1551.3488755034564,5.038109082808057,True,MG,0.32739786423271494,16,False
water,9.25242,25.0,90.74758,1.81,1.994543545954614,3.63,4.000106669511187,3.63,4.000106669511187,0.22,0.24243070724310226,81.45758,89.7628124077799,1006.5916903095957,1005.7950431302991,1005.9162783175198,-0.7966471792966247,1548.469702544091,1553.5280276945186,1551.4525742806761,5.058325150427646,True,MG,0.33283955786051467,16,False
water,9.43384,25.0,90.56616,1.81,1.998538968639059,3.63,4.008119589038555,3.63,4.008119589038555,0.22,0.24291633872960938,81.27615999999999,89.74230551455422,1006.6125997252431,1005.8201941335151,1005.9356388876672,-0.7924055917279883,1548.5720270460308,1553.650507322647,1551.5566316869235,5.078480276616205,True,MG,0.33832350066625827,16,False
water,9.61526,25.0,90.38474000000001,1.81,2.002550430526215,3.63,4.016164675585723,3.63,4.016164675585723,0.22,0.24340391973246808,81.09474,89.72171629856986,1006.6336010145613,1005.8453631428149,1005.955124449986,-0.7882378717464726,1548.6747599266125,1553.7733196493884,1551.6610476030694,5.09855972277599,True,MG,0.34384908420375,16,False
water,9.79668,25.0,90.20332,1.81,2.0065780283918597,3.63,4.024242123238922,3.63,4.024242123238922,0.22,0.24389346201448017,80.91332,89.70104426311582,1006.6546947391213,1005.8705491151059,1005.9747375863549,-0.7841456240154339,1548.777902543321,1553.8964518614737,1551.7658221289203,5.118549318152533,True,MG,0.3494157397769507,16,False
water,9.9781,25.0,90.0219,1.81,2.010621859791895,3.63,4.032352127648939,3.63,4.032352127648939,0.22,0.244384977433269,80.7319,89.68028890747695,1006.6758814647228,1005.8957512576438,1006.0086882340076,-0.7801302070789409,1548.8814562462553,1554.019891716337,1551.841021924291,5.138435470081658,True,MG,0.35502293622179454,16,False
water,10.15952,25.0,89.84048,1.81,2.014682023070224,3.63,4.040494886046913,3.63,4.040494886046913,0.22,0.2448784779422372,80.55048,89.6594497268937,1006.6971617614287,1005.9209690165434,1006.0278239594137,-0.7761927448853329,1548.9854223777652,1554.1436275491187,1551.9479589932087,5.158205171353529,True,MG,0.36067017782325383,16,False
water,10.34094,25.0,89.65906,1.81,2.0187586173667222,3.63,4.048670597260333,3.63,4.048670597260333,0.22,0.24537397559153531,80.36905999999999,89.63852621252107,1006.7185362035987,1005.9462020650151,1006.0471331116281,-0.7723341385836201,1549.0898022720828,1554.2676482769346,1552.0551896980514,5.17784600485181,True,MG,0.3663570023600477,16,False
water,10.522359999999999,25.0,89.47764,1.81,2.0228517426253085,3.63,4.05687946172921,3.63,4.05687946172921,0.22,0.24587148252904303,80.18763999999999,89.61751785138722,1006.74000536993,1005.85694760282,1006.0666164418737,-0.8830577671100139,1549.1945972549424,1554.2781130205224,1552.1627164132856,5.083515765580014,True,MG,0.37208297926964373,16,False
water,10.70378,25.0,89.29622,1.81,2.026961499602111,3.63,4.065121681522465,3.63,4.065121681522465,0.22,0.24637101100136152,80.00622,89.5964241263516,1006.76156984349,1005.8804513189727,1006.0862744484726,-0.8811185245172386,1549.299808643187,1554.4008801504833,1552.270541804319,5.101071507296429,True,MG,0.3778477079264839,16,False
water,10.8852,25.0,89.1148,1.81,2.0310879898737357,3.63,4.073397460354509,3.63,4.073397460354509,0.22,0.24687257335481871,79.8248,89.57524451606243,1006.7832302117556,1005.904018030449,1006.1061073945402,-0.8792121813066138,1549.4054377443713,1554.5239272988754,1552.3786687984357,5.118489554504173,True,MG,0.38365081602666484,16,False
water,11.06662,25.0,88.93338,1.81,2.0352313158456363,3.63,4.081707003602022,3.63,4.081707003602022,0.22,0.24737618203648618,79.64338,89.55397849491384,1006.8049870666487,1005.9276485921325,1006.1261153260883,-0.8773384745161861,1549.5114858563493,1554.6472467255262,1552.4871005563152,5.135760869176915,True,MG,0.3894919580726108,16,False
water,11.24804,25.0,88.75196,1.81,2.039391580760583,3.63,4.090050518320948,3.63,4.090050518320948,0.22,0.24788184959520895,79.46195999999999,89.5326255330023,1006.8268410045757,1005.9513438780417,1006.146298090318,-0.8754971265340679,1549.6179542668556,1554.7708311706897,1552.595840444369,5.15287690383408,True,MG,0.39537081395161233,16,False
water,11.42946,25.0,88.57054,1.81,2.0435688887072385,3.63,4.098428213263688,3.63,4.098428213263688,0.22,0.24838958868264777,79.28053999999999,89.51118509608274,1006.8487926264639,1005.9751047777438,1006.166655353883,-0.8736878487201372,1549.7248442530738,1554.894673846354,1552.7048920080583,5.169829593280073,True,MG,0.4012870876024088,16,False
water,11.61088,25.0,88.38912,1.81,2.0477633446288412,3.63,4.106840298896516,3.63,4.106840298896516,0.22,0.24889941205433427,79.09912,89.4896566455238,1006.8708425378002,1005.9989321931316,1006.2098997925884,-0.8719103446685349,1549.8321570811916,1555.0187684263556,1552.880095797162,5.186611345164118,True,MG,0.40724050576431703,16,False
water,11.7923,25.0,88.2077,1.81,2.0519750543319915,3.63,4.115286987417198,3.63,4.115286987417198,0.22,0.24941133257073927,78.9177,89.46803963826287,1006.8929913486679,1006.0228270355371,1005.9848910016179,-0.870164313130827,1549.9398940059514,1555.1431090354683,1555.0201103208015,5.20321502951704,True,MG,0.41323081680371815,16,False
water,11.97372,25.0,88.02628,1.81,2.0562041244955482,3.63,4.12376849277284,3.63,4.12376849277284,0.22,0.24992536319835396,78.73628,89.44633352676041,1006.9152396737891,1006.0467902231694,1006.0107688272562,-0.8684494506196566,1550.048056270183,1555.2676902375974,1555.1010442028391,5.219633967414399,True,MG,0.4192577896130151,16,False
water,12.15514,25.0,87.84486,1.81,2.0604506626796377,3.63,4.132285030677948,3.63,4.132285030677948,0.22,0.2504415170107847,78.55485999999999,89.42453775895368,1006.93758813256,1006.0708226788475,1006.0367355708621,-0.8667654537124703,1550.1566451043275,1555.3925070232353,1555.1826879957669,5.235861918907917,True,MG,0.42532121257746697,16,False
water,12.33656,25.0,87.66344,1.81,2.0647147773347703,3.63,4.1408368186327165,3.63,4.1408368186327165,0.22,0.2509598071898616,78.37343999999999,89.40265177820993,1006.9600373490921,1006.0949253280176,1006.0627848368423,-0.8651120210744996,1550.26566172595,1555.5175547963088,1555.265125628315,5.251893070358826,True,MG,0.43142089260558264,16,False
water,12.51798,25.0,87.48202,1.81,2.068996577811075,3.63,4.149424075941547,3.63,4.149424075941547,0.22,0.2514802470267605,78.19202,89.38067502327907,1006.9825879522523,1006.1190990970326,1006.0889102901762,-0.8634888552196653,1550.3751073392384,1555.6428293605368,1555.3484427277756,5.267722021298436,True,MG,0.43755665421902545,16,False
water,12.6994,25.0,87.3006,1.81,2.073296174367645,3.63,4.158047023731796,3.63,4.158047023731796,0.22,0.25200284992313915,78.0106,89.35860692824562,1007.0052405757012,1006.1433449116738,1006.1151057368702,-0.8618956640274502,1550.484983134489,1555.7683269054212,1555.432725925994,5.283343770932199,True,MG,0.44372833869823414,16,False
water,12.88082,25.0,87.11918,1.81,2.077613678182003,3.63,4.166705884972747,3.63,4.166705884972747,0.22,0.2525276293922877,77.82918,89.3364469224802,1007.0279958579351,1006.167663695902,1006.1413652074785,-0.8603321620331104,1550.5952902875813,1555.894043991976,1555.5180621048585,5.298753704394724,True,MG,0.4499358032802027,16,False
water,13.06224,25.0,86.93776,1.81,2.0819492013596856,3.63,4.175400884494839,3.63,4.175400884494839,0.22,0.25305459906029326,77.64775999999999,89.31419443059033,1007.0508544423262,1006.1920563708184,1006.1676830420691,-0.8587980715078578,1550.7060299594398,1556.019977538294,1555.604537591596,5.313947578854206,True,MG,0.45617892040510405,16,False
water,13.24366,25.0,86.75634,1.81,2.0863028569439424,3.63,4.184132249009122,3.63,4.184132249009122,0.22,0.2535837726672195,77.46633999999999,89.2918488723706,1007.0738169771624,1006.2165238538175,1006.1940539747897,-0.8572931233449022,1550.8172032954792,1556.146124805035,1555.6922373163554,5.328921509555751,True,MG,0.4624575770086311,16,False
water,13.42508,25.0,86.57492,1.81,2.090674758925564,3.63,4.19290020712696,3.63,4.19290020712696,0.22,0.2541151640683006,77.28492,89.26940966275221,1007.0968841156894,1006.2410670579229,1006.2929882800264,-0.855817057766455,1550.9288114250403,1556.2724833809248,1555.0541845522198,5.3436719558844334,True,MG,0.4687716738571635,16,False
water,13.6065,25.0,86.3935,1.81,2.0950650222528315,3.63,4.201704989379988,3.63,4.201704989379988,0.22,0.2546487872351508,77.1035,89.24687621175204,1007.120056516154,1006.2656868912879,1006.3179126376768,-0.8543696248660407,1551.040855460805,1556.3990511683253,1555.157029989804,5.358195707520287,True,MG,0.4751211249230333,16,False
water,13.78792,25.0,86.21208,1.81,2.099473762841588,3.63,4.210546828240312,3.63,4.210546828240312,0.22,0.25518465625698855,76.92208,89.2242479244208,1007.1433348418417,1006.290384256842,1006.3429149456867,-0.852950584999685,1551.1533364982058,1556.5258263689552,1555.261090795528,5.372489870749343,True,MG,0.4815058567973514,16,False
water,13.969339999999999,25.0,86.03066,1.81,2.1039010975854424,3.63,4.219425958140969,3.63,4.219425958140969,0.22,0.255722785341877,76.74065999999999,89.20152420079073,1007.1667197611238,1006.3151600520849,1006.3679954282038,-0.8515597090388108,1551.2662556148136,1556.6528074698003,1555.3664052537138,5.3865518549868,True,MG,0.4879258081380311,16,False
water,14.15076,25.0,85.84924,1.81,2.1083471443661006,3.63,4.228342615496655,3.63,4.228342615496655,0.22,0.25626318881797905,76.55923999999999,89.17870443582261,1007.1902119474964,1006.3400151689995,1006.393154719684,-0.850196778496948,1551.379613869712,1556.779993229273,1555.4730086502343,5.400379359561022,True,MG,0.4943809291507886,16,False
water,14.33218,25.0,85.66782,1.81,2.112812022063827,3.63,4.237297038724693,3.63,4.237297038724693,0.22,0.2568058811348298,76.37782,89.15578801935196,1007.2138120796247,1006.3649504940831,1006.4183938769469,-0.8488615855416588,1551.4934123028568,1556.9073826636566,1555.580932874921,5.413970360799883,True,MG,0.5008711811010551,16,False
water,14.5136,25.0,85.4864,1.81,2.1172958505680435,3.63,4.246289468266297,3.63,4.246289468266297,0.22,0.25735087686462405,76.1964,89.13277433603473,1007.2375208413869,1006.3899669084844,1006.6772943921476,-0.8475539329024228,1551.6076519344197,1557.0349750338742,1554.7385626024543,5.427323099454396,True,MG,0.5073965358548782,16,False
water,14.69502,25.0,85.30498,1.81,2.121798750788055,3.63,4.255320146608088,3.63,4.255320146608088,0.22,0.2578981907035205,76.01498,89.10966276529224,1007.2613389219149,1006.4150652882303,1006.7025596775222,-0.8462736336845834,1551.7223337641128,1557.162769832601,1554.855083770788,5.440436068488249,True,MG,0.5139569754469969,16,False
water,14.87644,25.0,85.12356,1.81,2.1263208446639217,3.63,4.264389318303887,3.63,4.264389318303887,0.22,0.25844783747296285,75.83355999999999,89.08645268125534,1007.2852670156414,1006.4402465045425,1006.7280662041651,-0.8450205110988551,1551.8374587705032,1557.2907667717593,1554.9722408381633,5.453308001256198,True,MG,0.5205524916744244,16,False
water,15.05786,25.0,84.94214,1.81,2.130862255177466,3.63,4.273497229996796,3.63,4.273497229996796,0.22,0.2589998321210179,75.65213999999999,89.06314345270792,1007.3093058223424,1006.4655114242271,1006.7538149238228,-0.843794398115329,1551.9530279103021,1557.418965770391,1555.0900442430932,5.465937860088915,True,MG,0.5271830857139614,16,False
water,15.239279999999999,25.0,84.76072,1.81,2.1354231063634193,3.63,4.282644130441553,3.63,4.282644130441553,0.22,0.2595541897237305,75.47072,89.03973444302974,1007.3334560471811,1006.4908609101308,1006.7798057961177,-0.8425951370503673,1552.0690421176403,1557.5473669429373,1555.2085042933297,5.478324825297027,True,MG,0.5338487677621747,16,False
water,15.4207,25.0,84.5793,1.81,2.140003523320718,3.63,4.291830270527186,3.63,4.291830270527186,0.22,0.2601109254864961,75.2893,89.0162250101384,1007.3577184007545,1006.5162958216603,1006.8060377246128,-0.8414225790942845,1552.1855023033274,1557.6759705879301,1555.3276310665642,5.490468284602664,True,MG,0.5405495566964762,16,False
water,15.60212,25.0,84.39788,1.81,2.1446036322239372,3.63,4.3010559032999405,3.63,4.3010559032999405,0.22,0.26067005474545096,75.10788,88.99261450643073,1007.3820935991358,1006.5418170153486,1006.8325085086,-0.8402765837872355,1552.302409354089,1557.8047771770919,1555.4474342992619,5.502367823002871,True,MG,0.5472854797560175,16,False
water,15.78354,25.0,84.21646,1.81,2.14922356033488,3.63,4.310321283986527,3.63,4.310321283986527,0.22,0.26123159296888043,74.92645999999999,88.96890227872318,1007.4065823639227,1006.6322018393489,1006.859214813524,-0.7743805245737303,1552.419764131788,1557.9693751948457,1555.5679232638197,5.54961106305765,True,MG,0.5540565722412194,16,False
water,15.96496,25.0,84.03504,1.81,2.1538634360143103,3.63,4.31962667001765,3.63,4.31962667001765,0.22,0.26179555575864544,74.74503999999999,88.94508766819173,1007.4311854222808,1006.6577103249123,1006.8861521625431,-0.7734750973684756,1552.5375674726242,1558.0989641645726,1555.6891066346013,5.561396691948474,True,MG,0.5608628772308071,16,False
water,16.14638,25.0,83.85361999999999,1.81,2.158523388733844,3.63,4.328972321051852,3.63,4.328972321051852,0.22,0.26236195885162744,74.56361999999999,88.92117001031082,1007.4559035069908,1006.6833101139625,1006.9133149511669,-0.7725933930282234,1552.6558201863159,1558.2287449212188,1555.8109923438324,5.572924734902932,True,MG,0.5677044453153219,16,False
water,16.3278,25.0,83.6722,1.81,2.1632035490879886,3.63,4.338358498999668,3.63,4.338358498999668,0.22,0.26293081812119196,74.3822,88.89714863479148,1007.4807373564958,1006.7090023290309,1006.9406964861744,-0.7717350274648949,1552.774523055259,1558.3587187841129,1555.9335874288226,5.584195728854031,True,MG,0.5745813343461288,16,False
water,16.50922,25.0,83.49078,1.81,2.167904048806347,3.63,4.347785468048088,3.63,4.347785468048088,0.22,0.263502149578672,74.20078,88.87302286551879,1007.505687714944,1006.7347880832867,1006.968289049155,-0.770899631657258,1552.8936768336685,1558.4888872164768,1556.0568978725094,5.5952103828082755,True,MG,0.5814936091990154,16,False
water,16.69064,25.0,83.30936,1.81,2.172625020765974,3.63,4.357253494685351,3.63,4.357253494685351,0.22,0.26407596937486977,74.01935999999999,88.84879202048845,1007.5307553322408,1006.7606684814215,1006.9960839840863,-0.7700868508193258,1553.0132822466949,1558.6192518149373,1556.1809284398807,5.605969568242499,True,MG,0.5884413415515285,16,False
water,16.87206,25.0,83.12794,1.81,2.177366599003897,3.63,4.366762847726047,3.63,4.366762847726047,0.22,0.2646522938015786,73.83793999999999,88.82445541174242,1007.5559409640936,1006.7866446205244,1007.0240718073509,-0.7692963435692305,1553.1333399895223,1558.7498142994648,1556.3056825134024,5.616474309942573,True,MG,0.5954246096732522,16,False
water,17.05348,25.0,82.94652,1.81,2.182128918729803,3.63,4.376313798336566,3.63,4.376313798336566,0.22,0.26523113929312525,73.65652,88.80001234530393,1007.5812453720565,1006.8127175909545,1007.0522423376638,-0.7685277811019625,1553.2538507264414,1558.8805765037162,1556.4311619311238,5.626725777274626,True,MG,0.602443498228293,16,False
water,17.2349,25.0,82.7651,1.81,2.1869121163388914,3.63,4.3859066200608705,3.63,4.3859066200608705,0.22,0.2658125224279316,73.4751,88.77546212111143,1007.606669323585,1006.838888477216,1007.0805848425096,-0.7677808463690802,1553.3748150899007,1559.011540365778,1556.557366831626,5.636725275877356,True,MG,0.6094980980892653,16,False
water,17.41632,25.0,82.58368,1.81,2.1917163294248936,3.63,4.395541588846609,3.63,4.395541588846609,0.22,0.2663964599300976,73.29368,88.75080403295178,1007.6322135920778,1006.8651583588096,1007.1090881969338,-0.7670552332682431,1553.4962336795343,1559.142707919297,1556.684295510391,5.64647423976282,True,MG,0.6165885061621313,16,False
water,17.597739999999998,25.0,82.40226,1.81,2.196541696793268,3.63,4.405218983071581,3.63,4.405218983071581,0.22,0.2669829686710049,73.11225999999999,88.72603736839255,1007.6578789569279,1006.8915283110827,1007.1377410500454,-0.7663506458451992,1553.6181070611642,1559.274081284976,1556.8119442924199,5.655974223811792,True,MG,0.623714825221289,16,False
water,17.77916,25.0,82.22084,1.81,2.201388358474567,3.63,4.41493908357054,3.63,4.41493908357054,0.22,0.2675720656709418,72.93083999999999,88.7011614087134,1007.6836662035734,1006.9179994060627,1007.1665319942571,-0.765666797510624,1553.7404357657824,1559.4056626624313,1556.940307426045,5.6652268966489,True,MG,0.6308771637543308,16,False
water,17.96058,25.0,82.03941999999999,1.81,2.206256455737986,3.63,4.424702173662369,3.63,4.424702173662369,0.22,0.26816376810074966,72.74941999999999,88.67617542883653,1007.7095761235408,1006.9445727132668,1007.1954497322463,-0.7650034102740195,1553.8632202884983,1559.5374543223802,1557.0693770027374,5.674234033882033,True,MG,0.6380756358159497,16,False
water,18.142,25.0,81.858,1.81,2.2111461311050844,3.63,4.4345085391776,3.63,4.4345085391776,0.22,0.26875809328349093,72.568,88.65107869725622,1007.7356095145009,1006.9712493005042,1007.2244832368483,-0.7643602139966899,1553.986461087472,1559.669458599162,1557.1991429073937,5.682997511689977,True,MG,0.6453103608904789,16,False
water,18.32342,25.0,81.67658,1.81,2.2160575283636996,3.63,4.444358468486315,3.63,4.444358468486315,0.22,0.2693550586961403,72.38658,88.62587047596752,1007.7617671803149,1006.9980302346493,1007.2536218994918,-0.7637369456656273,1554.1101585828121,1559.801677883554,1557.329592802941,5.691519300741979,True,MG,0.6525814637626098,16,False
water,18.50484,25.0,81.49516,1.81,2.2209907925820382,3.63,4.454252252526408,3.63,4.454252252526408,0.22,0.26995468197129746,72.20515999999999,88.60055002039384,1007.7880499310841,1006.9542463156878,1007.2828556634514,-0.8338036153962933,1554.2343131554505,1560.0246553756867,1557.4607121522722,5.79034222023615,True,MG,0.6598890743958375,16,False
water,18.68626,25.0,81.31374,1.81,2.2259460701229585,3.63,4.464190184832232,3.63,4.464190184832232,0.22,0.2705569808989231,72.02373999999999,88.57511657931364,1007.8144585832014,1006.9814160934872,1007.3121751389712,-0.8330424897141897,1554.3589251459855,1560.1580339380382,1557.5924842794225,5.79910879205265,True,MG,0.667233327818229,16,False
water,18.86768,25.0,81.13232,1.81,2.230923508658448,3.63,4.474172561563628,3.63,4.474172561563628,0.22,0.27116197342809867,71.84232,88.54956939478619,1007.8409939594027,1007.0086866553788,1007.3415716981834,-0.8323073040238337,1554.4839948535032,1560.2916170335668,1557.7248904706457,5.807622180063554,True,MG,0.6746143640151301,16,False
water,19.0491,25.0,80.9509,1.81,2.235923257184293,3.63,4.48419968153535,3.63,4.48419968153535,0.22,0.2717696776688091,71.6609,88.52390770207619,1007.8676568888136,1007.0360589224983,1007.3710375486688,-0.8315979663152391,1554.6095225343602,1560.425407864938,1557.8579101146338,5.815885330577901,True,MG,0.682032327828442,16,False
water,19.23052,25.0,80.76948,1.81,2.240945466034943,3.63,4.494271846246875,3.63,4.494271846246875,0.22,0.27238011189374994,71.47948,88.49813072957755,1007.8944482070067,1007.0635338289417,1007.4005657854076,-0.8309143780650742,1554.7355084009441,1560.5594096613636,1557.9915208797274,5.823901260419391,True,MG,0.6894873688621281,16,False
water,19.41194,25.0,80.58806,1.81,2.2459902868985804,3.63,4.504389359912622,3.63,4.504389359912622,0.22,0.2729932945401589,71.29805999999999,88.47223769873601,1007.9213687560471,1007.0911123222529,1007.4301504216675,-0.8302564337941435,1554.8619526204004,1560.6936256706629,1558.12569892456,5.831673050262413,True,MG,0.6969796413936394,16,False
water,19.59336,25.0,80.40664,1.81,2.251057872832393,3.63,4.5145525294925894,3.63,4.5145525294925894,0.22,0.2736092442116721,71.11663999999999,88.44622782397074,1007.9484193845474,1007.1187953638906,1007.4597864001184,-0.8296240206567482,1554.9888553133248,1560.8280591516539,1558.2604191373528,5.839203838329016,True,MG,0.7045093042909559,16,False
water,19.77478,25.0,80.22522,1.81,2.256148378278053,3.63,4.524761664723388,3.63,4.524761664723388,0.22,0.27422797968020535,70.93521999999999,88.42010031259497,1007.9756009477179,1007.1465839296548,1007.4894695860079,-0.8290170180631422,1555.1162165524283,1560.9627133668594,1558.3956553980793,5.8464968144311,True,MG,0.7093561732896949,14,False
water,19.9562,25.0,80.0438,1.81,2.261261959077405,3.63,4.535017078149713,3.63,4.535017078149713,0.22,0.2748495198878614,70.7538,88.3938543647353,1008.0029143074196,1007.1744790100835,1007.5191967446656,-0.8284352973360964,1555.2440363611647,1561.0975915755068,1558.531380856993,5.853555214342113,True,MG,0.710570866938429,14,False
water,20.13762,25.0,79.86238,1.81,2.266398772488373,3.63,4.5453190851562395,3.63,4.5453190851562395,0.22,0.275473883948863,70.57238,88.36748917325028,1008.0303603322171,1007.2024816108147,1007.548965505856,-0.8278787214024046,1555.3723147123283,1561.232697026811,1558.6675682226555,5.860382314482731,True,MG,0.7118742099310869,14,False
water,20.31904,25.0,79.68096,1.81,2.271558977201078,3.63,4.555668003999952,3.63,4.555668003999952,0.22,0.2761010911515122,70.39095999999999,88.3410039236475,1008.0579398974294,1007.2305927529094,1007.5787743176061,-0.8273471445199618,1555.5010515266106,1561.368032953516,1558.8041900525698,5.866981426905255,True,MG,0.7132669169627555,14,False
water,20.50046,25.0,79.49954,1.81,2.2767427333541805,3.63,4.5660641558429145,3.63,4.5660641558429145,0.22,0.27673116096017664,70.20953999999999,88.3143977939998,1008.085653885183,1007.4159487697243,1007.608622392118,-0.6697051154586717,1555.6302466711275,1561.7582426242889,1558.9412190398562,6.12799595316143,True,MG,0.7147496800697061,14,False
water,20.68188,25.0,79.31812000000001,1.81,2.281950202551447,3.63,4.576507864785499,3.63,4.576507864785499,0.22,0.27736411301730296,70.02812,88.28766995486023,1008.1135031844675,1007.4445793601307,1007.6385096462324,-0.6689238243368911,1555.7598638705065,1561.8950290850416,1559.0785922025934,6.135165214535254,True,MG,0.7163231682293456,14,False
water,20.8633,25.0,79.1367,1.81,2.287181547878544,3.63,4.586999457900064,3.63,4.586999457900064,0.22,0.27799996714545844,69.8467,88.26081956917587,1008.1414886911853,1007.4733207880344,1007.668436638678,-0.6681679031509334,1555.8893855633823,1562.0314923643953,1559.215766003507,6.142106801012985,True,MG,0.7179880270061278,14,False
water,21.044719999999998,25.0,78.95528,1.81,2.292436933920062,3.63,4.597539265265096,3.63,4.597539265265096,0.22,0.2786387433493998,69.66528,88.23384579220033,1008.169611308207,1007.5013713540153,1007.6984045060816,-0.668239954191641,1556.0187067738257,1562.1780810698476,1559.3526104653195,6.159374296021907,True,MG,0.7197448782445208,14,False
water,21.22614,25.0,78.77386,1.81,2.297716526776776,3.63,4.6081276199998324,3.63,4.6081276199998324,0.22,0.2792804618181717,69.48385999999999,88.20674777140539,1008.1978719454254,1007.5303552530894,1007.7284148993739,-0.6675166923360252,1556.1479125691908,1562.3138368167786,1559.4891868500067,6.165924247587829,True,MG,0.7215943198099499,14,False
water,21.40756,25.0,78.59244,1.81,2.303020494083146,3.63,4.618764858299348,3.63,4.618764858299348,0.22,0.2799251429272332,69.30243999999999,88.17952464639092,1008.226271519808,1007.5594546372287,1007.7584699219157,-0.6668168825794204,1556.2770905104273,1562.4493504621125,1559.6255603057264,6.17225995168521,True,MG,0.7235369253784381,14,False
water,21.58898,25.0,78.41102,1.81,2.3083490050250592,3.63,4.629451319470146,3.63,4.629451319470146,0.22,0.28057280724061495,69.12101999999999,88.15217554879403,1008.2548109554523,1007.5886711496698,1007.7885720703498,-0.6661398057824472,1556.4063307133345,1562.5847168932105,1559.7618000984514,6.178386179875968,True,MG,0.7255732442754479,14,False
water,21.7704,25.0,78.2296,1.81,2.3137022303578183,3.63,4.640187345966233,3.63,4.640187345966233,0.22,0.281223475513105,68.9396,88.1246996021966,1008.283491183639,1007.6180064207257,1007.8187241788938,-0.6654847629132772,1556.5357259111686,1562.7200335646469,1559.8979798179967,6.184307653478344,True,MG,0.7277038013642513,14,False
water,21.95182,25.0,78.04818,1.81,2.3190803424243844,3.63,4.650973283425699,3.63,4.650973283425699,0.22,0.2818771686924666,68.75818,88.09709592203174,1008.3123131428869,1007.6474620682174,1007.8489293675308,-0.6648510746695475,1556.6653715186208,1562.8554005587532,1560.034177558284,6.190029040132506,True,MG,0.7299290969839279,14,False
water,22.13324,25.0,77.86676,1.81,2.3244835151738688,3.63,4.661809480707814,3.63,4.661809480707814,0.22,0.2825339079216857,68.57676,88.06936361548881,1008.3412777790076,1007.6770396979158,1007.8791909943443,-0.6642380810917967,1556.7953656971904,1562.9909206479197,1560.1704760721145,6.195554950729174,True,MG,0.7322496069368977,14,False
water,22.31466,25.0,77.68534,1.81,2.3299119241802893,3.63,4.672696289930636,3.63,4.672696289930636,0.22,0.28319371454125064,68.39533999999999,88.04150178141718,1008.3703860451596,1007.7067409039895,1007.9095126120685,-0.6636451411701958,1556.9258094219795,1563.1266993586587,1560.3069629010129,6.200889936679269,True,MG,0.7346657825256951,14,False
water,22.49608,25.0,77.50392000000001,1.81,2.335365746661588,3.63,4.683634066509152,3.63,4.683634066509152,0.22,0.28385661009146373,68.21392,88.01350951022863,1008.3996389019035,1007.7365672694573,1007.9398979287945,-0.6630716324461838,1557.056806549928,1563.2628450374314,1560.443730480907,6.206038487503274,True,MG,0.7371780506384938,14,False
water,22.6775,25.0,77.3225,1.81,2.3408451614989167,3.63,4.69462316919396,3.63,4.69462316919396,0.22,0.2845226163147855,68.0325,87.98538588379837,1008.4290373172573,1007.7665203666469,1007.9703507726815,-0.6625169506104687,1557.1884638895078,1563.3994689182277,1560.580876224574,6.2110050287198755,True,MG,0.7397868138826896,14,False
water,22.85892,25.0,77.14108,1.81,2.346350349256194,3.63,4.705663960110488,3.63,4.705663960110488,0.22,0.28519175515821144,67.85108,87.95712997536461,1008.4585822667505,1007.7966017576517,1008.0008750604541,-0.6619805090987136,1557.3208912719124,1563.5366851919266,1560.7185025819465,6.215793920014283,True,MG,0.7424924507656827,14,False
water,23.04034,25.0,76.95966,1.81,2.3518814921999396,3.63,4.716756804798774,3.63,4.716756804798774,0.22,0.2858640487756833,67.66966,87.92874084942682,1008.4882747334802,1007.8268129947942,1008.0314747694432,-0.6614617386861029,1557.454201623746,1563.6746110774134,1560.8567170795156,6.220409453667377,True,MG,0.7452953159218005,14,False
water,23.22176,25.0,76.77824,1.81,2.3574387743193905,3.63,4.727902072253806,3.63,4.727902072253806,0.22,0.28653951953053364,67.48823999999999,87.90021756164245,1008.5181157081655,1007.8571556210836,1008.0621539128994,-0.6609600870818585,1557.58851104125,1563.813366894478,1560.9956323402866,6.224855853227778,True,MG,0.7481957403841538,14,False
water,23.40318,25.0,76.59682,1.81,2.363022381346902,3.63,4.739100134966439,3.63,4.739100134966439,0.22,0.287218189997966,67.30681999999999,87.87155915872225,1008.5481061892024,1007.8876311706777,1008.0929165183188,-0.6604750185246724,1557.7238505459177,1563.9529878183273,1561.135277765788,6.229137272409665,True,MG,0.7511940319000452,14,False
water,23.5846,25.0,76.4154,1.81,2.368632500778639,3.63,4.750351368964894,3.63,4.750351368964894,0.22,0.28790008296756936,67.1254,87.842764678324,1008.5782471827216,1007.964953290317,1008.1237666085265,-0.6132938924046367,1557.8600632954872,1564.0627507265724,1561.2754966560076,6.202687431085325,True,MG,0.7542904752884058,14,False
water,23.76602,25.0,76.23398,1.81,2.374269321895564,3.63,4.761656153856849,3.63,4.761656153856849,0.22,0.2885852214458697,66.94398,87.81383314894485,1008.608539702641,1007.995794674917,1008.1547081852676,-0.612745027723991,1557.9971418591686,1564.2035466039235,1561.4162833782445,6.206404744754971,True,MG,0.7574853328376078,14,False
water,23.94744,25.0,76.05256,1.81,2.3799330357847257,3.63,4.773014872872129,3.63,4.773014872872129,0.22,0.2892736286589169,66.76256,87.78476358981209,1008.6389847707213,1008.0267792469472,1008.1857452150944,-0.6122055237741728,1558.1350874083155,1564.3450552996492,1561.557642438443,6.209967891333617,True,MG,0.7607788447418603,14,False
water,24.12886,25.0,75.87114,1.81,2.38562383536085,3.63,4.784427912906014,3.63,4.784427912906014,0.22,0.28996532805490993,66.58113999999999,87.7555550107722,1008.6695834166246,1008.0579084154924,1008.216881617339,-0.611675001132199,1558.273901009282,1564.4872817053144,1561.6995796442793,6.213380696032428,True,MG,0.7641712295742986,14,False
water,24.31028,25.0,75.68972000000001,1.81,2.3913419153882454,3.63,4.795895664563166,3.63,4.795895664563166,0.22,0.2906603433068585,66.39972,87.72620641217856,1008.700336677965,1008.0891835808086,1008.2481212539768,-0.6111530971563446,1558.4135836199018,1564.6302305364063,1561.8421019640962,6.216646916504516,True,MG,0.7676626847947742,14,False
water,24.491699999999998,25.0,75.5083,1.81,2.3970874725030225,3.63,4.807418522202195,3.63,4.807418522202195,0.22,0.29135869831528455,66.2183,87.6967167847773,1008.7312456003681,1008.1206061348703,1008.2794679212179,-0.6106394654977517,1558.554136085871,1564.7739063286108,1561.9852173806617,6.219770242739832,True,MG,0.77125338729027,14,False
water,24.67312,25.0,75.32688,1.81,2.4028607052356343,3.63,4.818996883980858,3.63,4.818996883980858,0.22,0.29206041721096104,66.03688,87.66708510959168,1008.7623112375235,1008.1521774619071,1008.310925342657,-0.6101337756163993,1558.6955591370327,1564.9183134341104,1562.1289347424167,6.22275429707778,True,MG,0.7749434939457911,14,False
water,24.85454,25.0,75.14546,1.81,2.408661814033742,3.63,4.830631151901924,3.63,4.830631151901924,0.22,0.2927655243576924,65.85546,87.63731035780471,1008.7935346512409,1008.1838989389391,1008.3424971638385,-0.6096357123017133,1558.837853383561,1565.063456017888,1562.2732636147553,6.225602634327159,True,MG,0.7787331422435292,14,False
water,25.03596,25.0,74.96404,1.81,2.4144910012854166,3.63,4.842321731859703,3.63,4.842321731859703,0.22,0.29347404435513347,65.67403999999999,87.60739149064003,1008.8249169115062,1008.2157719363081,1008.3741869480972,-0.609144975198072,1558.981019312036,1565.2093380540198,1562.418214133688,6.2283187419837205,True,"Al,MG",0.7826224508880576,14,False
water,25.21738,25.0,74.78262,1.81,2.420348471342673,3.63,4.85406903368724,3.63,4.85406903368724,0.22,0.29418600204165085,65.49261999999999,87.57732745924119,1008.8564590965357,1008.2477978182002,1008.4059981735418,-0.6086612783354594,1559.1250572814117,1565.355963321948,1562.5637968640046,6.2309060405362136,True,"Al,MG",0.7866115204552776,14,False
water,25.3988,25.0,74.60119999999999,1.81,2.4262344305453536,3.63,4.8658734712042175,3.63,4.8658734712042175,0.22,0.2949014224972253,65.31119999999999,87.54711720454898,1008.8881622928292,1008.2799779431637,1008.4379342310602,-0.6081843496655093,1559.2699675188753,1565.5033354027278,1562.710022663752,6.233367883852412,True,"Al,MG",0.790700434062827,14,False
water,25.58022,25.0,74.41978,1.81,2.432149087245353,3.63,4.877735462265543,3.63,4.877735462265543,0.22,0.2956203310463965,65.12978,87.51675965717716,1008.9200275952275,1008.3123136646243,1008.4699984232367,-0.6077139306031693,1559.415750115592,1565.651457675229,1562.8569025565125,6.235707559637197,True,"Al,MG",0.7948892580596506,14,False
water,25.76164,25.0,74.23836,1.81,2.4380926518312096,3.63,4.889655428810658,3.63,4.889655428810658,0.22,0.296342753261252,64.94836,87.48625373728622,1008.9520561069662,1008.344806331392,1008.5021939640649,-0.6072497755742139,1559.5624050223264,1565.8003333122817,1563.0044476126404,6.23792828995529,True,"Al,MG",0.799178042732459,14,False
water,25.94306,25.0,74.05694,1.81,2.4440653367530443,3.63,4.901633796913564,3.63,4.901633796913564,0.22,0.2970687149644584,64.76693999999999,87.45559835445536,1008.9842489397279,1008.377457288159,1008.534523979357,-0.6067916515688256,1559.7099320449527,1565.9499652767645,1563.1526688402876,6.240033231811783,True,"Al,MG",0.8035668230267901,14,False
water,26.12448,25.0,73.87552000000001,1.81,2.450067356547879,3.63,4.913670996833592,3.63,4.913670996833592,0.22,0.2977982422323389,64.58552,87.42479240755259,1009.0166072136992,1008.4102678759978,1008.566991507763,-0.6063393377014547,1559.8583308398358,1566.10035631762,1563.3015770867253,6.242025477784102,True,"Al,MG",0.8080556192804563,14,False
water,26.3059,25.0,73.6941,1.81,2.456098927865324,3.63,4.925767463066921,3.63,4.925767463066921,0.22,0.2985313613979952,64.4041,87.39383478460283,1009.049132057623,1008.4432394328458,1008.5995995022981,-0.6058926247771628,1560.0076009090837,1566.2515089657832,1563.451182950176,6.243908056699484,True,"Al,MG",0.8126444379671766,14,False
water,26.48732,25.0,73.51268,1.81,2.4621602694936437,3.63,4.937923634398855,3.63,4.937923634398855,0.22,0.29926809905447604,64.22268,87.36272436265416,1009.0818246088504,1008.4763732939857,1008.6323508323072,-0.6054513148646523,1560.1577415956724,1566.4034255300248,1563.601496702131,6.245683934352526,True,"Al,MG",0.8173332724482442,14,False
water,26.66874,25.0,73.33126,1.81,2.468251602386213,3.63,4.95013995395688,3.63,4.95013995395688,0.22,0.30000848205799274,64.04126,87.33146000764202,1009.1146860133966,1008.5096707925204,1008.66524828579,-0.6050152208761718,1560.3087520784338,1566.5561080926916,1563.752528219895,6.247356014257748,True,"Al,MG",0.822122103730159,14,True
water,26.85016,25.0,73.14984,1.81,2.4743731496883656,3.63,4.962416869264513,3.63,4.962416869264513,0.22,0.3007525375311826,63.85983999999999,87.30004057425143,1009.1477174259921,1008.5431332598376,1008.6982945720159,-0.604584166154481,1560.4606313669076,1566.70955850534,1563.9042869289306,6.248927138432569,True,"Al,MG",0.8270109012262014,14,True
water,27.031579999999998,25.0,72.96842,1.81,2.4805251367646446,3.63,4.974754832295944,3.63,4.974754832295944,0.22,0.3015002928664209,63.678419999999996,87.26846490577705,1009.1809200101358,1008.5767620260688,1008.731492324371,-0.6041579840670552,1560.6133782960455,1566.8637783842519,1564.0567817544293,6.250400088206362,True,"Al,MG",0.8319996235200046,14,True
water,27.213,25.0,72.78699999999999,1.81,2.4867077912264555,3.63,4.98715429953151,3.63,4.98715429953151,0.22,0.30225177572918244,63.49699999999999,87.23673183398134,1009.2142949381455,1008.6105584205378,1008.7648441033782,-0.6037365176076995,1560.7669915207784,1567.0187691058302,1564.2100210814556,6.251777585051749,True,"Al,MG",0.8370882191292652,14,True
water,27.39442,25.0,72.60558,1.81,2.4929213429601416,3.63,4.999615732013986,3.63,4.999615732013986,0.22,0.30300701406145364,63.31558,87.20484017895043,1009.2478433912113,1008.6445237722056,1008.7983523998475,-0.6033196190057307,1560.9214695104222,1567.1745318018566,1564.364012722904,6.253062291434465,True,"Al,MG",0.8422766272678216,14,True
water,27.57584,25.0,72.42416,1.81,2.499166024155475,3.63,5.012139595405732,3.63,5.012139595405732,0.22,0.30376603608519587,63.134159999999994,87.17278874894785,1009.2815665594445,1008.6786594101017,1008.8320196381069,-0.6029071493428828,1561.0768105429374,1567.331067354616,1564.5187638945224,6.254256811678571,True,"Al,MG",0.8475647786044013,14,True
water,27.75726,25.0,72.24274,1.81,2.50544206933458,3.63,5.0247263600466985,3.63,5.0247263600466985,0.22,0.3045288703058605,62.95273999999999,87.14057634026616,1009.3154656419297,1008.7129666637516,1008.8658481792821,-0.6024989781780781,1561.233012699024,1567.4883763918679,1564.674281196195,6.25536369284399,True,"Al,MG",0.8529525960164555,14,True
water,27.938679999999998,25.0,72.06132,1.81,2.5117497153812893,3.63,5.037376501013304,3.63,5.037376501013304,0.22,0.30529554551595783,62.771319999999996,87.10820173707614,1009.3495418467735,1008.7474468635933,1008.8998403245903,-0.6020949831801979,1561.3900738560587,1567.6464592816724,1564.8305705987298,6.256385425613645,True,"Al,MG",0.8584399953375772,14,True
water,28.1201,25.0,71.87989999999999,1.81,2.518089201570954,3.63,5.0500904981782115,3.63,5.0500904981782115,0.22,0.3060660907986795,62.58989999999999,87.07566371127393,1009.3837963911545,1008.7821013413856,1008.933998318619,-0.601695049768975,1561.5479916818565,1567.8053161270443,1564.9876374353796,6.257324445187723,True,"Al,MG",0.86402688609711,14,True
water,28.30152,25.0,71.69848,1.81,2.524460769600694,3.63,5.062868836271006,3.63,5.062868836271006,0.22,0.3068405355315761,62.40848,87.04296102232571,1009.4182305013701,1008.816931430606,1008.9683243525691,-0.6012990707641231,1561.706763628265,1567.964946760448,1565.1454863974059,6.258183132182843,True,"Al,MG",0.8697131722506386,14,True
water,28.48294,25.0,71.51706,1.81,2.530864663620121,3.63,5.0757120049398,3.63,5.0757120049398,0.22,0.3076189093902909,62.227059999999994,87.01009241710997,1009.4528454128871,1008.8519384668443,1009.0028205674445,-0.6009069460428024,1561.8663869245772,1568.1253507381114,1565.3041215330027,6.2589638135340575,True,"Al,MG",0.8754987529001745,14,True
water,28.66436,25.0,71.33564,1.81,2.537301130262517,3.63,5.088620498813777,3.63,5.088620498813777,0.22,0.3084012423523501,62.04563999999999,86.97705662975757,1009.4876423703864,1008.8871237881809,1009.0374890571654,-0.6005185822055126,1562.0268585707654,1568.2865273341633,1565.4635462489862,6.259668763397914,True,"Al,MG",0.8813835230029204,14,True
water,28.84578,25.0,71.15422,1.81,2.543770418676503,3.63,5.1015948175666885,3.63,5.1015948175666885,0.22,0.30918756470101144,61.86421999999999,86.9438523814891,1009.5226226278089,1008.9224887355584,1009.0723318716,-0.6001338922504919,1562.1881753305186,1568.4484755345734,1565.6237633146711,6.260300204054902,True,"Al,MG",0.8873673740676301,14,True
water,29.0272,25.0,70.97279999999999,1.81,2.5502727805581857,3.63,5.114635465981334,3.63,5.114635465981334,0.22,0.3099779070291718,61.68279999999999,86.91047838044999,1009.5577874484034,1008.9580346531467,1009.107351019503,-0.5997527952566888,1562.3503337240977,1568.6111940309074,1565.784774867462,6.260860306809829,True,"Al,MG",0.8934501948376495,14,True
water,29.20862,25.0,70.79138,1.81,2.556808470183799,3.63,5.127742954015022,3.63,5.127742954015022,0.22,0.3107723002433347,61.50138,86.87693332154282,1009.5931381047683,1008.9937628886929,1009.1425484713491,-0.599375216075358,1562.513330020981,1568.7746812138698,1565.9465824196864,6.261351192888823,True,"Al,MG",0.8996318719598357,14,True
water,29.39004,25.0,70.60996,1.81,2.563377744442852,3.63,5.140917796866051,3.63,5.140917796866051,0.22,0.31157077556763946,61.319959999999995,86.8432158862574,1009.6286758788962,1009.0296747938659,1009.1779261620611,-0.5990010850303268,1562.677160232308,1568.9389351666398,1566.1091868662993,6.261774934331788,True,"Al,MG",0.9059122906386406,14,True
water,29.57146,25.0,70.42854,1.81,2.569980862871785,3.63,5.1541605150412035,3.63,5.1541605150412035,0.22,0.3123733645479517,61.13853999999999,86.80932474249785,1009.6644020622165,1009.0657717245896,1009.2134859936276,-0.5986303376269554,1562.8418201031163,1569.1039536579956,1566.2725884931128,6.262133554879291,True,"Al,MG",0.912291335274742,14,True
water,29.75288,25.0,70.24712,1.81,2.5766180876881504,3.63,5.1674716344243015,3.63,5.1674716344243015,0.22,0.31318009905601824,60.95711999999999,86.77525854440722,1009.7003179556365,1009.1020550413666,1009.2492298376065,-0.5982629142698125,1563.007305104355,1569.269734135208,1566.4367869852572,6.262429030852975,True,"Al,MG",0.9187688900876803,14,True
water,29.9343,25.0,70.06569999999999,1.81,2.583289683825324,3.63,5.180851686345816,3.63,5.180851686345816,0.22,0.31399101129368584,60.77569999999999,86.74101593218937,1009.7364248695799,1009.1385261095908,1009.2851595375142,-0.5978987599890664,1563.1736104246772,1569.436273716706,1566.601781435624,6.262663292028683,True,"Al,MG",0.9253448397220658,14,True
water,30.11572,25.0,69.88428,1.81,2.589995918967756,3.63,5.194301207653567,3.63,5.194301207653567,0.22,0.31480613379718586,60.59428,86.70659553192792,1009.7727241240284,1009.1751862998528,1009.3212769111046,-0.5975378241755837,1563.3407309620043,1569.603569184506,1566.7675703530874,6.262838222501634,True,"Al,MG",0.9320190698369815,14,True
water,30.29714,25.0,69.70286,1.81,2.5967370635867737,3.63,5.207820740784524,3.63,5.207820740784524,0.22,0.3156254994414863,60.412859999999995,86.67199595540268,1009.8092170485581,1009.2120369882334,1009.357583752533,-0.5971800603247159,1563.5086613148515,1569.7716169763944,1566.9341516703232,6.262955661543041,True,"Al,MG",0.9387914676782961,14,True
water,30.478559999999998,25.0,69.52144,1.81,2.603513390976942,3.63,5.2214108338377345,3.63,5.2214108338377345,0.22,0.31644914144471115,60.23143999999999,86.63721579990288,1009.8459049823751,1009.2490795565864,1009.3940818344095,-0.5968254257887367,1563.6773957734092,1569.940413177857,1567.101522751083,6.263017404447626,True,"Al,MG",0.9456619226336764,14,True
water,30.65998,25.0,69.34002,1.81,2.6103251772929976,3.63,5.2350720406483875,3.63,5.2350720406483875,0.22,0.31727709337262955,60.05001999999999,86.60225364803759,1009.8827892743514,1009.2863153928134,1009.4307729097475,-0.5964738815378882,1563.8469283103768,1570.1099535137485,1567.2696803968124,6.263025203371658,True,"Al,MG",0.9526303267701532,14,True
water,30.8414,25.0,69.15859999999999,1.81,2.617172701587366,3.63,5.24880492086306,3.63,5.24880492086306,0.22,0.3181093891432158,59.868599999999994,86.5671080675433,1009.9198712830569,1009.3237458911269,1009.4676587138046,-0.596125391929975,1564.0172525715343,1570.2802333396953,1567.4386208525154,6.262980768161089,True,"Al,MG",0.9596965753541687,14,True
water,31.02282,25.0,68.97718,1.81,2.6240562458482644,3.63,5.262610040016132,3.63,5.262610040016132,0.22,0.31894606303128076,59.68718,86.53177761108819,1009.9571523767927,1009.3613724523043,1009.5047409658241,-0.5957799244884406,1564.188361866052,1570.4512476332216,1567.608339811799,6.262885767169497,True,"Al,MG",0.9668605673540829,14,True
water,31.20424,25.0,68.79576,1.81,2.630976095038415,3.63,5.276487969607429,3.63,5.276487969607429,0.22,0.3197871496731775,59.505759999999995,86.49626081607353,1009.9946339336201,1009.3991964839313,1009.5420213706774,-0.5954374496888427,1564.3602491565246,1570.6229909845902,1567.7788324210383,6.262741828065624,True,"Al,MG",0.9741222059251933,14,True
water,31.385659999999998,25.0,68.61434,1.81,2.637932537134366,3.63,5.290439287181076,3.63,5.290439287181076,0.22,0.32063268407158035,59.32433999999999,86.4605562044319,1010.0323173413888,1009.4372194006352,1009.579501620413,-0.5950979407536386,1564.5329070487226,1570.7954575873528,1567.9500932826281,6.262550538630262,True,"Al,MG",0.9814813988773541,14,True
water,31.56708,25.0,68.43292,1.81,2.644925863166441,3.63,5.304464576405625,3.63,5.304464576405625,0.22,0.3214827016003409,59.14291999999999,86.42466228242195,1010.0702039977649,1009.4754426243097,1009.6171833957163,-0.5947613734551801,1564.7063277810594,1570.9686412286017,1568.1221164572944,6.262313447542356,True,"Al,MG",0.9889380591253497,14,True
water,31.7485,25.0,68.2515,1.81,2.651956367259328,3.63,5.318564427155447,3.63,5.318564427155447,0.22,0.32233723800942105,58.961499999999994,86.38857754042036,1010.1082953102532,1009.5138675843264,1009.6550683672804,-0.5944277259268055,1564.880503213752,1571.1425352789063,1568.294895465442,6.262032065154207,True,"Al,MG",0.996492105122216,14,True
water,31.92992,25.0,68.07008,1.81,2.6590243466733106,3.63,5.332739435593435,3.63,5.332739435593435,0.22,0.32319632942990517,58.78008,86.35230045270991,1010.1465926962198,1009.5524957177379,1009.6931581970955,-0.5940969784819091,1565.0554248176813,1571.317132681937,1568.4684232875406,6.261707864255714,True,"Al,MG",1.0041434612757383,14,True
water,32.11134,25.0,67.88866,1.81,2.6661301018461696,3.63,5.346990204255025,3.63,5.346990204255025,0.22,0.3240600123790925,58.598659999999995,86.31582947726469,1010.1850975829161,1009.5913284694752,1009.731454539665,-0.593769113440862,1565.231083662931,1571.4924259437587,1568.6426923635381,6.261342280827566,True,"Al,MG",1.0118920583484092,14,True
water,32.29276,25.0,67.70724,1.81,2.673273936435749,3.63,5.361317342133574,3.63,5.361317342133574,0.22,0.32492832376567116,58.41723999999999,86.27916305553143,1010.2238114074921,1009.6303672925264,1009.7699590431375,-0.5934441149656432,1565.4074704070033,1571.6684071217867,1568.8176945913112,6.260936714783421,True,"Al,MG",1.019737833841139,14,True
water,32.47418,25.0,67.52582,1.81,2.680456157363213,3.63,5.375721464767107,3.63,5.375721464767107,0.22,0.3258013008949762,58.23582,86.24229961220759,1010.262735617016,1009.669613648114,1009.808673350376,-0.5931219689020392,1565.5845752826992,1571.8450678134002,1568.9934213241602,6.260492530701017,True,"Al,MG",1.0276807323610742,14,True
water,32.6556,25.0,67.3444,1.81,2.687677074857004,3.63,5.390203194326477,3.63,5.390203194326477,0.22,0.326678981474332,58.054399999999994,86.20523755501571,1010.3018716684846,1009.7090690058553,1009.8475990999547,-0.5928026626292602,1565.7623880856504,1572.0223991441926,1569.1698633673532,6.2600110585422835,True,"Al,MG",1.0357207059738798,14,True
water,32.83702,25.0,67.16297999999999,1.81,2.694937002497507,3.63,5.404763159704945,3.63,5.404763159704945,0.22,0.3275614036184815,57.87297999999999,86.16797527447412,1010.3412210288365,1009.7487348439197,1009.8867379270952,-0.5924861849168161,1565.9408981614986,1572.2003917558611,1569.3470109737416,6.259493594362482,True,"Al,MG",1.0438577145408758,14,True
water,33.01844,25.0,66.98156,1.81,2.7022362572624465,3.63,5.419401996609216,3.63,5.419401996609216,0.22,0.328448605855104,57.691559999999996,86.13051114366401,1010.380785174958,1009.7886126491695,1009.9260914645396,-0.5921725257884846,1566.1200943927033,1572.3790357937116,1569.5248538384496,6.258941401008426,True,"Al,MG",1.0520917260414442,14,True
water,33.19986,25.0,66.80014,1.81,2.709575159573019,3.63,5.434120347651966,3.63,5.434120347651966,0.22,0.32934062713042217,57.51013999999999,86.09284351799262,1010.4205655936925,1009.8287039172992,1009.965661343371,-0.5918616763932077,1566.2999651849768,1572.5583208937826,1569.7033810926657,6.2583557088058575,True,"Al,MG",1.0604227168811304,14,True
water,33.38128,25.0,66.61872,1.81,2.716954033340779,3.63,5.448918862445871,3.63,5.448918862445871,0.22,0.33023750681490127,57.32872,86.05497073495258,1010.4605637818371,1009.8690101529544,1010.0054491937715,-0.5915536288827401,1566.4804984533262,1572.7382361695622,1569.8825812965376,6.257737716236067,True,"Al,MG",1.0688506721858835,14,True
water,33.5627,25.0,66.4373,1.81,2.724373206015296,3.63,5.463798197699185,3.63,5.463798197699185,0.22,0.33113928470904147,57.147299999999994,86.01689111387729,1010.5007812461473,1009.9095328698514,1010.0454566457381,-0.591248376295871,1566.6616816076955,1572.9187701982974,1570.0624424311977,6.257088590601828,True,"Al,MG",1.0773755860828977,14,True
water,33.74412,25.0,66.25587999999999,1.81,2.731833008632593,3.63,5.478759017312879,3.63,5.478759017312879,0.22,0.3320460010492654,56.96587999999999,85.97860295569238,1010.5412195033299,1009.9502735908809,1010.0856853297432,-0.5909459124490423,1566.8435015381926,1573.0999110068753,1570.2429518899205,6.256409468682782,True,"Al,MG",1.0859974619685189,14,True
water,33.92554,25.0,66.07446,1.81,2.739333775864381,3.63,5.493801992479393,3.63,5.493801992479393,0.22,0.3329576965139026,56.784459999999996,85.94010454266292,1010.5818800800374,1009.9912338482043,1010.1261368773535,-0.5906462318331734,1567.0259445998936,1573.281646057274,1570.4240964684398,6.255701457380306,True,"Al,MG",1.094716312763685,14,True
water,34.10696,25.0,65.89304,1.81,2.7468758460681126,3.63,5.508927801783011,3.63,5.508927801783011,0.22,0.3338744122292734,56.60303999999999,85.90139413813658,1010.6227645128565,1010.03241518334,1010.1668129218023,-0.5903493295165132,1567.2089965972052,1573.4639622315574,1570.605862354425,6.2549656343520725,True,"Al,MG",1.1035321611573965,14,True
water,34.28838,25.0,65.71162,1.81,2.7544595613378577,3.63,5.524137131301892,3.63,5.524137131301892,0.22,0.3347961897758722,56.42162,85.86246998628248,1010.6638743482954,1010.073819147242,1010.2077150985241,-0.5900552010533245,1567.3926427677732,1573.6468458164095,1570.7882351161336,6.254203048636302,True,"Al,MG",1.1124450398386823,14,True
water,34.4698,25.0,65.5302,1.81,2.762085267556028,3.63,5.539430674711813,3.63,5.539430674711813,0.22,0.33572307119465533,56.240199999999994,85.8233303118257,1010.7052111427626,1010.1154473003643,1010.2488450456452,-0.5897638423982164,1567.5768677659298,1573.8302824871957,1570.971199690252,6.253414721265916,True,"Al,MG",1.1214549917175618,14,True
water,34.65122,25.0,65.34877999999999,1.81,2.7697533144459623,3.63,5.554809133391626,3.63,5.554809133391626,0.22,0.33665509899343193,56.05877999999999,85.78397331977735,1010.7467764625497,1010.1573012127238,1010.290204404445,-0.5894752498259332,1567.7616556456544,1574.014257291527,1571.1547403689258,6.252601645872639,True,"Al,MG",1.1305620701354835,14,True
water,34.83264,25.0,65.16736,1.81,2.777464055625393,3.63,5.570273216530484,3.63,5.570273216530484,0.22,0.33759231615336266,55.877359999999996,85.74439719516027,1010.7885718837999,1010.1993824639435,1010.331794819772,-0.5891894198564086,1567.9469898430407,1574.1987546323219,1571.3388407859918,6.251764789281198,True,"Al,MG",1.1397663390657289,14,True
water,35.01406,25.0,64.98594,1.81,2.785217848660803,3.63,5.585823641236859,3.63,5.585823641236859,0.22,0.33853476613556716,55.69593999999999,85.7046001027299,1010.8305989924816,1010.2416926432967,1010.373617940437,-0.5889063491848953,1568.1328531582528,1574.3837582503465,1571.523483902415,6.250905092093734,True,"Al,MG",1.1490678733042596,14,True
water,35.195479999999996,25.0,64.80452,1.81,2.7930150551226984,3.63,5.60146113264939,3.63,5.60146113264939,0.22,0.33948249288784177,55.51452,85.66458018669067,1010.8728593843513,1010.2842333497343,1010.4156754195678,-0.5886260346169832,1568.3192277369567,1574.5692512062212,1571.7086519909371,6.250023469264516,True,"Al,MG",1.1584667586514878,14,True
water,35.3769,25.0,64.6231,1.81,2.800856040641814,3.63,5.617186424049605,3.63,5.617186424049605,0.22,0.3404355408514912,55.333099999999995,85.62433557040748,1010.9153546649152,1010.3270061919069,1010.4579689149367,-0.5883484730083133,1568.5060950512025,1574.7552158618676,1571.8943266199315,6.249120810665112,True,"Al,MG",1.1679630920854482,14,True
water,35.55832,25.0,64.44167999999999,1.81,2.8087411749662645,3.63,5.633000256976541,3.63,5.633000256976541,0.22,0.34139395496827524,55.15167999999999,85.58386435611237,1010.9580864493828,1010.370012788174,1010.5005000892571,-0.5880736612088049,1568.6934358797503,1574.9416338613903,1572.0804886364697,6.24819798164009,True,"Al,MG",1.1775569819268363,14,True
water,35.73974,25.0,64.26026,1.81,2.816670832019665,3.63,5.648903381343306,3.63,5.648903381343306,0.22,0.3423577806874731,54.970259999999996,85.54316462460625,1011.0010563626201,1010.4132547666089,1010.5432706104577,-0.5878015960112074,1568.8812302878184,1575.1284861113718,1572.2671181486028,6.247255823553393,True,"Al,MG",1.1872485479963666,14,True
water,35.92116,25.0,64.07884,1.81,2.8246453899602426,3.63,5.664896555555625,3.63,5.664896555555625,0.22,0.34332706397306817,54.78883999999999,85.50223443495543,1011.0442660390919,1010.4567337649881,1010.5862821519239,-0.5875322741037973,1569.069457606233,1575.3157527605586,1572.4541945068424,6.246295154325461,True,"Al,MG",1.197037921764924,14,True
water,36.102579999999996,25.0,63.89742,1.81,2.8326652312409486,3.63,5.6809805466324,3.63,5.6809805466324,0.22,0.3443018513110545,54.60742,85.46107182418321,1011.0877171196362,1010.5014114235504,1010.6295363895528,-0.5863056960858194,1569.2580964098515,1575.5666212444848,1572.641696284737,6.308524834633346,True,"Al,MG",1.2069252464969253,14,True
water,36.284,25.0,63.715999999999994,1.81,2.840730742670601,3.63,5.697156130328333,3.63,5.697156130328333,0.22,0.34528218971686864,54.425999999999995,85.41967480695587,1011.1314108505525,1010.5453653968964,1010.6730346011038,-0.5860454536561179,1569.4472020865785,1575.7551661301027,1572.8296788498687,6.307964043524224,True,"Al,MG",1.2169106773873515,14,True
water,36.46542,25.0,63.53457999999999,1.81,2.8488423154760767,3.63,5.713424091258651,3.63,5.713424091258651,0.22,0.34626812674294855,54.24457999999999,85.37804137526368,1011.1753486732941,1010.5895607150317,1010.7167782561362,-0.5857879582624308,1569.6368447710618,1575.9442310462277,1573.0182122993745,6.3073862751660075,True,"Al,MG",1.2269943816928641,14,True
water,36.64684,25.0,63.353159999999995,1.81,2.857000345365567,3.63,5.729785223025971,3.63,5.729785223025971,0.22,0.3472597104864225,54.063159999999996,85.33616949809607,1011.219532352349,1010.6339991484299,1010.7607691441182,-0.5855332039191142,1569.8270047742706,1576.133796935654,1573.2072768912044,6.306792161383346,True,"Al,MG",1.2371765388574278,14,True
water,36.82826,25.0,63.17173999999999,1.81,2.865205232592929,3.63,5.746240328349354,3.63,5.746240328349354,0.22,0.3482569895969306,53.88173999999999,85.29405712111142,1011.2639636648997,1010.6786824805614,1010.8050090643029,-0.5852811843383482,1570.0176615135672,1576.323843828168,1573.3968519757382,6.306182314600761,True,"Al,MG",1.247457340632844,14,True
water,37.00968,25.0,62.99031999999999,1.81,2.873457382023143,3.63,5.762790219195585,3.63,5.762790219195585,0.22,0.34926001328458095,53.70031999999999,85.25170216630111,1011.3086444008396,1010.723612507932,1010.8494998259438,-0.58503189290759,1570.208793622476,1576.514350950861,1573.5869161069763,6.305557328385028,True,"Al,MG",1.25783699119459,14,True
water,37.1911,25.0,62.808899999999994,1.81,2.88175720319891,3.63,5.779435716912731,3.63,5.779435716912731,0.22,0.3502688313280443,53.518899999999995,85.20910253164759,1011.3535763627815,1010.7687910401116,1010.8942432484913,-0.5847853226698986,1570.4003789270942,1576.70529670507,1573.777447020256,6.30491777797589,True,"Al,MG",1.268315707253355,14,True
water,37.37252,25.0,62.62747999999999,1.81,2.8901051104084026,3.63,5.796177652366023,3.63,5.796177652366023,0.22,0.35128349408278925,53.33747999999999,85.16625609077677,1011.398761366058,1010.814219899751,1010.9392411617683,-0.5845414663069686,1570.5923944217898,1576.896658642595,1573.9684216091503,6.304264220805255,True,"Al,IPA,MG",1.2788937181626454,14,True
water,37.55394,25.0,62.446059999999996,1.81,2.898501522754198,3.63,5.813016866076099,3.63,5.813016866076099,0.22,0.3523040524894605,53.15606,85.12316069260415,1011.4442012387259,1010.8599009226011,1010.9844954061388,-0.5843003161247131,1570.7848162441478,1577.0884134411526,1574.159815901516,6.303597197004912,True,"Al,IPA,MG",1.2895712660228231,14,True
water,37.73536,25.0,62.26463999999999,1.81,2.906946864223418,3.63,5.829954208359673,3.63,5.829954208359673,0.22,0.35333055808240443,52.974639999999994,85.07981416097482,1011.4898978215597,1010.9327816075605,1011.0300078326542,-0.5571162139991567,1570.9776196491523,1577.6136320208327,1574.3516050346866,6.636012371680501,True,"Al,IPA,MG",1.3003486057819325,14,True
water,37.91678,25.0,62.08321999999999,1.81,2.9154415637590967,3.63,5.846990539472664,3.63,5.846990539472664,0.22,0.35436306299834325,52.79321999999999,85.03621429429724,1011.5358529680414,1010.978964360368,1011.0757803031873,-0.5568886076733458,1571.1707789825746,1577.8061876783952,1574.5437632297899,6.635408695820615,True,"Al,IPA,MG",1.3112260053336606,14,True
water,38.0982,25.0,61.901799999999994,1.81,2.9239860553328016,3.63,5.8641267297558395,3.63,5.8641267297558395,0.22,0.3554016199852024,52.611799999999995,84.99235886517032,1011.5820685443487,1011.0254061590093,1011.121814690554,-0.5566623853393651,1571.3642676535353,1577.9990746790718,1574.7362637651593,6.6348070255365785,True,"Al,IPA,MG",1.32220374561276,14,True
water,38.27962,25.0,61.72037999999999,1.81,2.9325807780185413,3.63,5.881363659783042,3.63,5.881363659783042,0.22,0.35644628241109344,52.43037999999999,84.94824562000429,1011.6285464293325,1011.0721088570748,1011.1681128786161,-0.5564375722577155,1571.5580581062256,1578.1922655425353,1574.9290789488348,6.634207436309604,True,"Al,IPA,MG",1.3332821206882617,14,True
water,38.46104,25.0,61.538959999999996,1.81,2.941226176067974,3.63,5.898702220512014,3.63,5.898702220512014,0.22,0.35749710427345543,52.24896,84.90387227863454,1011.6752885144933,1011.1190743222666,1011.2146767623756,-0.556214192226724,1571.7521217907445,1578.3857317911434,1575.1221800901146,6.633610000398957,True,"Al,IPA,MG",1.3444614378547852,14,True
water,38.64246,25.0,61.35753999999999,1.81,2.9499226989869545,3.63,5.916143313437925,3.63,5.916143313437925,0.22,0.35855414020835913,52.067539999999994,84.85923653392884,1011.7222967039521,1011.1663044363352,1011.2615082480545,-0.5559922676169889,1571.9464291330364,1578.5794439199453,1575.3155374701457,6.633014786908826,True,"Al,IPA,MG",1.3557420177222523,14,True
water,38.82388,25.0,61.17611999999999,1.81,2.9586708016134406,3.63,5.933687850749608,3.63,5.933687850749608,0.22,0.3596174454999762,51.88611999999999,84.81433605138737,1011.7695729144104,1011.2138010950043,1011.3086092531585,-0.5557718194061103,1572.14128422056,1578.7737060824163,1575.509455028189,6.632421861856343,True,"Al,IPA,MG",1.3671241943042913,14,True
water,39.0053,25.0,60.994699999999995,1.81,2.967470944196791,3.63,5.951336755488592,3.63,5.951336755488592,0.22,0.3606870760902177,51.704699999999995,84.7691684687358,1011.8171190751093,1011.2615662078957,1011.3559817065303,-0.5555528672136237,1572.3373984883704,1578.969229776611,1575.7046440482484,6.631831288240642,True,"Al,IPA,MG",1.3786083151056208,14,True
water,39.18672,25.0,60.81327999999999,1.81,2.976323592478485,3.63,5.969090961710996,3.63,5.969090961710996,0.22,0.36176308858854517,51.52327999999999,84.72373139551098,1011.8649371277791,1011.309601698443,1011.4036275483909,-0.5553354293360695,1572.5347875669781,1579.1660306930908,1575.9011200074278,6.631243126112726,True,"Al,IPA,MG",1.3901947412086832,14,True
water,39.36814,25.0,60.631859999999996,1.81,2.985229217774286,3.63,5.986951414652297,3.63,5.986951414652297,0.22,0.3628455402819574,51.34186,84.67802241263917,1011.9130290265846,1011.3579095038025,1011.4515487303671,-0.5551195227821287,1572.733440923582,1579.364098356228,1576.0988722176178,6.63065743264596,True,"Al,IPA,MG",1.4018838473597872,14,True
water,39.54956,25.0,60.45043999999999,1.81,2.994188297057888,3.63,6.004919070895101,3.63,6.004919070895101,0.22,0.36393448914515764,51.160439999999994,84.63203907200676,1011.9613967380592,1011.4064915747514,1011.4997472155051,-0.5549051633077587,1572.933347329668,1579.563421591875,1576.2978892935098,6.630074262207063,True,"Al,IPA,MG",1.4136760220550202,14,True
water,39.73098,25.0,60.26901999999999,1.81,3.003201313046073,3.63,6.022994898539914,3.63,6.022994898539914,0.22,0.3650299938509039,50.97901999999999,84.5857788960232,1012.0100422410352,1011.4553498755839,1011.5482249782734,-0.5546923654512713,1573.1344948368785,1579.7639885033059,1576.4981591288415,6.629493666427367,True,"Al,IPA,MG",1.4255716676261772,14,True
water,39.9124,25.0,60.087599999999995,1.81,3.0122687542854103,3.63,6.041179877379027,3.63,6.041179877379027,0.22,0.3661321137805471,50.797599999999996,84.53923937717599,1012.0589675265647,1011.5044863839964,1011.5969840045528,-0.5544811425682934,1573.3368707520851,1579.9657864463595,1576.6996688718134,6.628915694274274,True,"Al,IPA,MG",1.4375712003269376,14,True
water,40.09382,25.0,59.90617999999999,1.81,3.0213911152405317,3.63,6.059474999073553,3.63,6.059474999073553,0.22,0.36724090903476075,50.61617999999999,84.4924179775776,1012.1081745978336,1011.553903090967,1011.6460262916144,-0.5542715068665596,1573.540461611645,1580.1688020037677,1576.9024048996562,6.628340392122686,True,"Al,IPA,MG",1.4496750504195295,14,True
water,40.27524,25.0,59.724759999999996,1.81,3.0305688963840125,3.63,6.077881267333683,3.63,6.077881267333683,0.22,0.3683564404444656,50.43476,84.44531212850416,1012.1576654700639,1011.6036020006234,1011.6953538480813,-0.5540634694404857,1573.7452531548013,1580.3730209586276,1577.1063527923131,6.6277678038263295,True,"Al,IPA,MG",1.4618836622620885,14,True
water,40.45666,25.0,59.54333999999999,1.81,3.0398026042879023,3.63,6.096399698102257,3.63,6.096399698102257,0.22,0.36947876958195497,50.253339999999994,84.39791922992563,1012.2074421704117,1011.6535851301062,1011.7449686938835,-0.5538570403054749,1573.9512302962105,1580.5784282669993,1577.3114973052245,6.62719797078881,True,"Al,IPA,MG",1.474197494396951,14,True
water,40.63808,25.0,59.36191999999999,1.81,3.049092751716926,3.63,6.11503131974168,3.63,6.11503131974168,0.22,0.3706079587722231,50.07191999999999,84.3502366500275,1012.2575067378516,1011.7038545094197,1011.794872860194,-0.5536522284319181,1574.1583770975592,1580.7850080295934,1577.5178223411751,6.626630932034304,True,"Al,IPA,MG",1.4866170196400554,14,True
water,40.8195,25.0,59.180499999999995,1.81,3.058439857723406,3.63,6.1337771732242885,3.63,6.1337771732242885,0.22,0.37174407110450236,49.890499999999996,84.30226172472351,1012.3078612230552,1011.7544121812763,1011.8450683893562,-0.5534490417788442,1574.366676738236,1580.9927434625138,1577.7253109211745,6.626066724277741,True,"Al,IPA,MG",1.4991427251716871,14,True
water,41.00092,25.0,58.99907999999999,1.81,3.0678444477439313,3.63,6.152638312326227,3.63,6.152638312326227,0.22,0.37288717044401376,49.70907999999999,84.25399175715961,1012.3585076882557,1011.8052602009285,1011.8955573347952,-0.5532474873271865,1574.576111485038,1581.2016168670323,1577.9339451543526,6.625505381994401,True,"Al,IPA,MG",1.511775112628736,14,True
water,41.182339999999996,25.0,58.81766,1.81,3.077307053697818,3.63,6.171615803824906,3.63,6.171615803824906,0.22,0.3740373214439337,49.52766,84.20542401720843,1012.4094482071042,1011.8564006359916,1011.9463417609151,-0.5530475711126301,1574.7866626608582,1581.411609598347,1578.1437062068155,6.624946937488826,True,"Al,IPA,MG",1.52451469819867,14,True
water,41.36376,25.0,58.636239999999994,1.81,3.0868282140873973,3.63,6.190710727700139,3.63,6.190710727700139,0.22,0.3751945895575842,49.346239999999995,84.15655574095474,1012.4606848645161,1011.9078355662581,1011.9974237429868,-0.5528492982580115,1574.9983106123418,1581.6227020333047,1578.3545742694532,6.624391420962935,True,"Al,IPA,MG",1.5373620127153984,14,True
water,41.54518,25.0,58.45481999999999,1.81,3.0964084741001687,3.63,6.209924177339013,3.63,6.209924177339013,0.22,0.3763590410508492,49.16481999999999,84.10738413017096,1012.5122197565031,1011.9595670834979,1012.0488053670168,-0.5526526730052398,1575.2110346764498,1581.834873537033,1578.5665285246394,6.623838860583292,True,"Al,IPA,MG",1.5503176017572051,14,True
water,41.7266,25.0,58.273399999999995,1.81,3.1060483857128642,3.63,6.229257259744584,3.63,6.229257259744584,0.22,0.37753074301482326,48.983399999999996,84.05790635178315,1012.5640549899928,1012.0115972912461,1012.1004887296015,-0.5524576987467171,1575.4248131459156,1582.048102428463,1578.779547111808,6.623289282547416,True,"Al,IPA,MG",1.563382025746929,14,True
water,41.90802,25.0,58.09197999999999,1.81,3.1157485077974623,3.63,6.248711095748502,3.63,6.248711095748502,0.22,0.37870976337869705,48.80197999999999,84.00811953732683,1012.6161926826425,1012.0639283045863,1012.1524759377736,-0.5522643780562349,1575.6396232335326,1582.2623659446817,1578.9936070918486,6.622742711149095,True,"Al,IPA,MG",1.576555860054548,14,True
water,42.089439999999996,25.0,57.91056,1.81,3.125509406229192,3.63,6.2682868202276065,3.63,6.2682868202276065,0.22,0.37989617092288525,48.62056,83.95802078239271,1012.6686349626299,1012.1165622499105,1012.204769108823,-0.5520727127193245,1575.8554410352529,1582.4776402040955,1579.2086844102996,6.62219916884263,True,"Al,IPA,MG",1.58983969510234,14,True
water,42.27086,25.0,57.729139999999994,1.81,3.135331653996578,3.63,6.287985582324629,3.63,6.287985582324629,0.22,0.38109003529240176,48.439139999999995,83.90760714606176,1012.7213839684368,1012.1695012646738,1012.2573703701092,-0.5518827037630469,1576.072241492032,1582.693900168338,1579.4247538592765,6.621658676305955,True,"Al,IPA,MG",1.6032341364727714,14,True
water,42.45228,25.0,57.54771999999999,1.81,3.145215831313561,3.63,6.307808545673053,3.63,6.307808545673053,0.22,0.38229142701048807,48.25771999999999,83.85687565032984,1012.7744418486195,1012.2227474971343,1012.3102818588576,-0.5516943514852042,1576.2899983503983,1582.911119602901,1579.6417890381142,6.621121252502582,True,"Al,IPA,MG",1.6167398050192712,14,True
water,42.6337,25.0,57.366299999999995,1.81,3.1551625257337497,3.63,6.32775688862625,3.63,6.32775688862625,0.22,0.38350041749249997,48.076299999999996,83.80582327952125,1012.8278107615563,1012.2763031060733,1012.363505721932,-0.5515076554829604,1576.5086841216814,1583.1292710364237,1579.8597623126589,6.620586914742322,True,"Al,IPA,MG",1.6303573369800382,14,True
water,42.81512,25.0,57.18487999999999,1.81,3.1651723322668515,3.63,6.347831804490978,3.63,6.347831804490978,0.22,0.3847170790600593,47.89487999999999,83.75444697969114,1012.8814928751901,1012.3301702605092,1012.4170441156002,-0.5513226146808602,1576.7282700398596,1583.3483257186003,1580.0786447731696,6.6200556787407745,True,"Al,IPA,MG",1.6440873840950434,14,True
water,42.996539999999996,25.0,57.00346,1.81,3.175245853497314,3.63,6.368034501765332,3.63,6.368034501765332,0.22,0.38594148495547465,47.71346,83.70274365801654,1012.9354903667478,1012.3843511393895,1012.4708992052745,-0.5511392273582362,1576.9487260179799,1583.5682535766573,1580.2984061907862,6.619527558677508,True,"Al,IPA,MG",1.6579306137263368,14,True
water,43.17796,25.0,56.822039999999994,1.81,3.1853836997052554,3.63,6.388366204381258,3.63,6.388366204381258,0.22,0.3871737093564399,47.532039999999995,83.6507101821758,1012.9898054224435,1012.4388479312676,1012.5250731652352,-0.5509574911759973,1577.1700206030935,1583.7890231703464,1580.5190149725026,6.6190025672529424,True,"Al,IPA,MG",1.6718877089818518,14,True
water,43.35938,25.0,56.64061999999999,1.81,3.1955864889897043,3.63,6.408828151951727,3.63,6.408828151951727,0.22,0.38841382739101377,47.35061999999999,83.59834337971583,1013.0444402371688,1012.493662833966,1012.5795681783393,-0.550777403202792,1577.3921209296477,1584.0106016453917,1580.740438114593,6.618480715743894,True,"Al,IPA,MG",1.685959368842792,14,True
water,43.5408,25.0,56.459199999999996,1.81,3.2058548473942245,3.63,6.429421600022672,3.63,6.429421600022672,0.22,0.38966191515288917,47.1692,83.54564003740755,1013.0993970141584,1012.5487980542179,1012.6343864357034,-0.5505989599405429,1577.6149926712953,1584.2329546853532,1580.962641154446,6.617962014057769,True,"Al,IPA,MG",1.7001463082947799,14,True
water,43.72222,25.0,56.27777999999999,1.81,3.2161894090349694,3.63,6.450147820329801,3.63,6.450147820329801,0.22,0.3909180497169576,46.987779999999994,83.49259690058847,1013.1546779646405,1012.6042558072912,1012.6895301363703,-0.5504221573493494,1577.838599991041,1584.4560464618264,1581.1855881207337,6.617446470785391,True,"Al,IPA,MG",1.714449258462881,14,True
water,43.90364,25.0,56.09635999999999,1.81,3.226590816231214,3.63,6.471008101060391,3.63,6.471008101060391,0.22,0.3921823091551752,46.80635999999999,83.43921067249283,1013.2102853074672,1012.6600383165954,1012.7450014869543,-0.5502469908717569,1578.0629054896801,1584.6798395829326,1581.4092414818654,6.61693409325247,True,"Al,IPA,MG",1.7288689667506367,14,True
water,44.08506,25.0,55.914939999999994,1.81,3.2370597196384367,3.63,6.49200374712018,3.63,6.49200374712018,0.22,0.3934547725527382,46.624939999999995,83.38547801356847,1013.2662212687227,1012.7161478132663,1012.8008027012633,-0.5500734554563937,1578.2878701524598,1584.9042950400294,1581.6335620926602,6.616424887569672,True,"Al,IPA,MG",1.743406196983248,14,True
water,44.26648,25.0,55.73351999999999,1.81,3.2475967783839965,3.63,6.513136080405474,3.63,6.513136080405474,0.22,0.3947355200245741,46.44351999999999,83.33139554078048,1013.3224880813108,1012.7725865357298,1012.8569359998992,-0.5499015455809746,1578.5134532938985,1585.12937215258,1581.8585091391742,6.615918858681321,True,"Al,IPA,MG",1.7580617295550327,14,True
water,44.4479,25.0,55.552099999999996,1.81,3.2582026602054652,3.63,6.5344064400805735,3.63,6.5344064400805735,0.22,0.396024632732156,46.2621,83.27695982690123,1013.3790879845202,1012.8293567292455,1012.9134036098355,-0.5497312552746774,1578.7396125006926,1585.3550285111053,1582.08404008161,6.6154160104127255,True,"Al,IPA,MG",1.7728363615812839,14,True
water,44.62932,25.0,55.37067999999999,1.81,3.2688780415916874,3.63,6.555816182860677,3.63,6.555816182860677,0.22,0.39732219290064713,46.080679999999994,83.22216739978631,1013.4360232235648,1012.8864606454249,1012.9702077639683,-0.5495625781398896,1578.9663035726428,1585.581219918159,1582.3101105952433,6.614916345516138,True,"Al,IPA,MG",1.7877309070546683,14,True
water,44.81074,25.0,55.18925999999999,1.81,3.2796236079266152,3.63,6.577366683300339,3.63,6.577366683300339,0.22,0.39862828383638416,45.89925999999999,83.16701474163634,1013.4932960491008,1012.9439005417274,1013.027350700644,-0.5493955073733375,1579.1934804615216,1585.807900327237,1582.5366745092863,6.614419865715342,True,"Al,IPA,MG",1.8027461970062824,14,True
water,44.99216,25.0,55.007839999999995,1.81,3.290440053635991,3.63,6.59905933408765,3.63,6.59905933408765,0.22,0.3999429899447061,45.717839999999995,83.11149828824401,1013.5509087167192,1013.0016786809325,1013.0848346631611,-0.549230035786595,1579.4210952078088,1586.0350217795576,1582.7636837436182,6.613926571748877,True,"Al,IPA,MG",1.817883079671496,14,True
water,45.17358,25.0,54.82641999999999,1.81,3.301328082336947,3.63,6.620895546344263,3.63,6.620895546344263,0.22,0.4012663967481372,45.53641999999999,83.05561442822638,1013.6088634864076,1013.0597973305815,1013.1426618992413,-0.5490661558259848,1579.6490978752083,1586.2625343386203,1582.9910882432935,6.613436463411958,True,"Al,IPA,MG",1.8331424206607225,14,True
water,45.355,25.0,54.644999999999996,1.81,3.3122884069905756,3.63,6.642876749931376,3.63,6.642876749931376,0.22,0.4025985909049319,45.355,82.99935950224175,1013.6671626219902,1013.1182587623983,1013.2008346604771,-0.5489038595918735,1579.8774364828712,1586.4903860224683,1583.2188359107531,6.612949539597026,True,"Al,IPA,MG",1.8485251031352226,14,True
water,45.53642,25.0,54.46357999999999,1.81,3.323321750057562,3.63,6.66500439376185,3.63,6.66500439376185,0.22,0.40393966022799094,45.173579999999994,82.94272980219074,1013.7258083905336,1013.1770652516763,1013.2593552017457,-0.5487431388573727,1580.1060569352287,1586.7185227335617,1583.446872535646,6.612465798333031,True,"Al,IPA,MG",1.8640320279880958,14,True
water,45.71784,25.0,54.28215999999999,1.81,3.334428843656922,3.63,6.687279946118578,3.63,6.687279946118578,0.22,0.4052896937041563,44.99215999999999,82.88572157040177,1013.784803061726,1013.2362190766396,1013.3182257805947,-0.5485839850864507,1580.3349029493484,1586.9468881861717,1583.6751417221687,6.611985236823402,True,"Al,IPA,MG",1.8796641140305628,14,True
water,45.89926,25.0,54.100739999999995,1.81,3.3456104297279485,3.63,6.709704894979256,3.63,6.709704894979256,0.22,0.40664878151389433,44.810739999999996,82.82833099879964,1013.8441489072217,1013.2957225177702,1013.3774486565933,-0.5484263894514646,1580.563915979715,1587.1754238311976,1583.9035848138321,6.611507851482749,True,"Al,IPA,MG",1.8954222981836908,14,True
water,46.08068,25.0,53.91931999999999,1.81,3.3568672601954184,3.63,6.732280748347717,3.63,6.732280748347717,0.22,0.40801701505137683,44.62931999999999,82.77055422805776,1013.9038481999569,1013.3555778571067,1013.437026090654,-0.5482703428501238,1580.793035140345,1587.4040687783172,1584.132140815556,6.611033637972348,True,"Al,IPA,MG",1.9113075356756795,14,True
water,46.2621,25.0,53.737899999999996,1.81,3.3682000971381467,3.63,6.755009034591974,3.63,6.755009034591974,0.22,0.4093944869449681,44.4479,82.71238734673294,1013.9639032134276,1013.4157873775057,1013.4969603443153,-0.5481158359218898,1581.0221971241203,1587.6327597153547,1584.3607463129858,6.610562591234362,True,"Al,IPA,MG",1.927320800244841,14,True
water,46.44352,25.0,53.55647999999999,1.81,3.379609712960972,3.63,6.777891302789131,3.63,6.777891302789131,0.22,0.41078129107812916,44.266479999999994,82.65382639038263,1014.024316220935,1013.4763533618712,1013.5572536789936,-0.547962859063828,1581.2513361192407,1587.8614308247656,1584.5893353889223,6.6100947055249,True,"Al,IPA,MG",1.9434630843484164,14,True
water,46.62494,25.0,53.37505999999999,1.81,3.3910968905702408,3.63,6.800929123077333,3.63,6.800929123077333,0.22,0.41217752261074747,44.08505999999999,82.59486734066435,1014.0850894947906,1013.5372780923446,1013.6179083551906,-0.5478114024459185,1581.4803837226805,1588.0900136971263,1584.8178395367595,6.609629974445892,True,"Al,IPA,MG",1.959735399377351,14,True
water,46.80636,25.0,53.193639999999995,1.81,3.4026624235528913,3.63,6.824124087014915,3.63,6.824124087014915,0.22,0.4135832780009039,43.903639999999996,82.53550612441637,1014.1462253054847,1013.5985638494589,1013.678926631668,-0.5476614560258344,1581.7092688505318,1588.3184372415076,1585.0461875708045,6.60916839097581,True,"Al,IPA,MG",1.9761387758771765,14,True
water,46.98778,25.0,53.01221999999999,1.81,3.41430711635921,3.63,6.847477807946923,3.63,6.847477807946923,0.22,0.41499865502708627,43.72221999999999,82.47573861271987,1014.2077259208162,1013.660212911253,1013.7403107645799,-0.5475130095632048,1581.9379176451132,1588.5466275926126,1585.2743055333638,6.608709947499282,True,"Al,IPA,MG",1.9926742637751362,14,True
water,47.1692,25.0,52.830799999999996,1.81,3.4260317844893513,3.63,6.870991921379196,3.63,6.870991921379196,0.22,0.41642375281086036,43.5408,82.4155606199414,1014.2695936049762,1013.7222275523428,1013.8020630065604,-0.5473660526333668,1582.1662533787137,1588.7745080145494,1585.5021165984633,6.6082546358356105,True,"Al,IPA,MG",2.009342932613686,14,True
water,47.35062,25.0,52.649379999999994,1.81,3.4378372546837213,3.63,6.894668085360171,3.63,6.894668085360171,0.22,0.4178586718400103,43.359379999999994,82.35496790275593,1014.3318306175893,1013.7846100429487,1013.8641856057673,-0.5472205746406219,1582.3941963538393,1589.0019988011056,1585.7295409720718,6.607802447266239,True,"Al,IPA,MG",2.0261458717905305,14,True
water,47.53204,25.0,52.46795999999999,1.81,3.449724365117303,3.63,6.918507980870612,3.63,6.918507980870612,0.22,0.4193035139921583,43.17795999999999,82.29395615914932,1014.3944392127129,1013.8473626478818,1013.9266808048851,-0.5470765648310063,1582.6216637998266,1589.2290171723878,1585.956495788689,6.607353372561154,True,"Al,IPA,MG",2.043084190805329,14,True
water,47.71346,25.0,52.286539999999995,1.81,3.46169396559803,3.63,6.942513312221464,3.63,6.942513312221464,0.22,0.42075838255887654,42.996539999999996,82.23252102740017,1014.4574216377848,1013.9104876254802,1013.9895508400743,-0.5469340123045872,1582.84856976567,1589.4554771676742,1586.182895004149,6.606907402004324,True,"Al,IPA,MG",2.0601590195132227,14,True
water,47.89488,25.0,52.10511999999999,1.81,3.47374691776931,3.63,6.9666858074599975,3.63,6.9666858074599975,0.22,0.42222338227030287,42.81511999999999,82.1706580850404,1014.5207801325205,1013.9739872264931,1014.0527979398717,-0.5467929060272949,1583.0748250089205,1589.6812895343387,1586.4086492844933,6.606464525418124,True,"Al,IPA,MG",2.0773715083853403,14,True
water,48.076299999999996,25.0,51.9237,1.81,3.4858840953167824,3.63,6.991027218784486,3.63,6.991027218784486,0.22,0.42369861932027186,42.6337,82.10836284779398,1014.5845169277617,1014.0378636929194,1014.1164243240399,-0.5466532348423072,1583.3003368804862,1589.906361612673,1586.6336658907467,6.6060247321868255,True,"Al,IPA,MG",2.0947228287764292,14,True
water,48.25772,25.0,51.742279999999994,1.81,3.4981063841794375,3.63,7.015539322967601,3.63,7.015539322967601,0.22,0.4251842013919758,42.452279999999995,82.04563076849338,1014.6486342442722,1014.1021192567912,1014.1804322023665,-0.5465149874809895,1583.5250092051808,1590.13059721646,1586.857848559439,6.605588011279181,True,"Al,IPA,MG",2.1122141731997846,14,True
water,48.43914,25.0,51.56085999999999,1.81,3.5104146827651834,3.63,7.040223921788738,3.63,7.040223921788738,0.22,0.4266802376841659,42.27085999999999,81.98245723597319,1014.7131342914709,1014.1667561388974,1014.2448237733969,-0.5463781525734094,1583.7487421578342,1590.3538965091043,1587.0810973786918,6.605154351270089,True,"Al,IPA,MG",2.129846755609619,14,True
water,48.62056,25.0,51.379439999999995,1.81,3.5228099021709856,3.63,7.065082842475512,3.63,7.065082842475512,0.22,0.4281868389379098,42.089439999999996,81.91883757394008,1014.7780192661124,1014.231776547454,1014.3096012231175,-0.5462427186584335,1583.971432134794,1590.5761558751553,1587.3033086596931,6.604723740361415,True,"Al,IPA,MG",2.147621811691059,14,True
water,48.80198,25.0,51.19801999999999,1.81,3.535292966407686,3.63,7.09011793815464,3.63,7.09011793815464,0.22,0.4297041174639176,41.90801999999999,81.85476703981912,1014.8432913509054,1014.2971826767119,1014.3747667235746,-0.5461086741934195,1584.1929716206214,1590.7972677870234,1587.5243748033683,6.604296166401968,True,"Al,IPA,MG",2.165540599157929,14,True
water,48.983399999999996,25.0,51.0166,1.81,3.547864812629615,3.63,7.115331088312432,3.63,7.115331088312432,0.22,0.4312321871704504,41.7266,81.79024082357508,1014.9089527130641,1014.3629767055006,1014.4403224314273,-0.5459760075635115,1584.4132490497886,1591.0171206666953,1587.7441841620512,6.603871616906681,True,"Al,IPA,MG",2.1836043980584927,14,True
water,49.16482,25.0,50.835179999999994,1.81,3.560526391369127,3.63,7.140724199265155,3.63,7.140724199265155,0.22,0.4327711635918276,41.545179999999995,81.72525404650872,1014.9750055027973,1014.4291607957068,1014.506270486437,-0.5458447070905568,1584.632148663163,1591.235598742238,1587.9626208959437,6.603450079075002,True,"Al,IPA,PG,MG",2.201814511089349,14,True
water,49.34624,25.0,50.65375999999999,1.81,3.5732786667761687,3.63,7.166299204639499,3.63,7.166299204639499,0.22,0.4343211639175454,41.36375999999999,81.65980176002729,1015.0414518517246,1014.495737090683,1014.5726130098844,-0.5457147610416455,1584.8495503590702,1591.4525818988789,1588.179564824153,6.603031539808522,True,"Al,IPA,PG,MG",2.220172263917636,14,True
water,49.52766,25.0,50.472339999999996,1.81,3.586122616863019,3.63,7.192058065863402,3.63,7.192058065863402,0.22,0.4358823070220244,41.182339999999996,81.59387894438815,1015.108293871223,1014.5627077135857,1014.639352102917,-0.5455861576372933,1585.0669859682985,1591.6696019540263,1588.3965476996705,6.602615985727911,True,"Al,IPA,PG,MG",2.23867900551177,14,True
water,49.70908,25.0,50.29091999999999,1.81,3.5990592337543243,3.63,7.2180027726675124,3.63,7.2180027726675124,0.22,0.43745471349500076,41.000919999999994,81.52748050741566,1015.1755641467674,1014.6301052617082,1014.7065203408889,-0.5454588850592719,1585.286881485405,1591.8890848885942,1588.6159954406535,6.602203403189104,True,"Al,IPA,PG,MG",2.2573361084808763,14,True
water,49.8905,25.0,50.10949999999999,1.81,3.6120895239425663,3.63,7.244135343597523,3.63,7.244135343597523,0.22,0.43903850567257713,40.81949999999999,81.4606012831898,1015.2433757023214,1014.6980427708633,1014.7742307377534,-0.5453329314580996,1585.5096500491234,1592.1114438274221,1588.8383211108076,6.601793778298857,True,"Al,IPA,PG,MG",2.2761449694231355,14,True
water,50.07192,25.0,49.928079999999994,1.81,3.6252145085490977,3.63,7.270457826537693,3.63,7.270457826537693,0.22,0.44063380766895105,40.638079999999995,81.39323603070657,1015.3117401185837,1014.7665318336235,1014.8424948643086,-0.5452082849602049,1585.735401783088,1592.3367888800176,1589.0636347600864,6.601387096929629,True,"Al,IPA,PG,MG",2.2951070092832406,14,True
water,50.25334,25.0,49.74665999999999,1.81,3.638435223590891,3.63,7.29697229924582,3.63,7.29697229924582,0.22,0.44224074540883757,40.45665999999999,81.32537943250864,1015.3806612836107,1014.835576349936,1014.9113165988199,-0.5450849336747701,1585.9639501743436,1592.5649335190774,1589.2917498031766,6.600983344733836,True,"Al,IPA,PG,MG",2.314223673719173,14,True
water,50.43476,25.0,49.565239999999996,1.81,3.6517527202531457,3.63,7.323680869899955,3.63,7.323680869899955,0.22,0.44385944666060334,40.27524,81.25702609328634,1015.4501430623535,1014.9051801966532,1014.9806997965576,-0.5449628657002651,1586.1950988726026,1592.79568137976,1589.5224698187315,6.600582507157523,True,"Al,IPA,PG,MG",2.3334964334785187,14,True
water,50.61618,25.0,49.38381999999999,1.81,3.6651680651679035,3.63,7.350585677657177,3.63,7.350585677657177,0.22,0.44549004107013196,40.093819999999994,81.18817053844762,1015.5201892937298,1014.9753472245991,1015.0506482868683,-0.5448420691306847,1586.428641298748,1593.0288258682015,1589.75558815785,6.600184569453427,True,"Al,IPA,PG,MG",2.3529267847845454,14,True
water,50.7976,25.0,49.20239999999999,1.81,3.6786823406988285,3.63,7.377688893224723,3.63,7.377688893224723,0.22,0.44713266019543774,39.91239999999999,81.1188072126563,1015.5908037875552,1015.0460812554936,1015.1211658701058,-0.5447225320614963,1586.6643602379372,1593.2641497546308,1589.990887537156,6.5997895166935105,True,"Al,IPA,PG,MG",2.3725162497322683,14,True
water,50.97902,25.0,49.020979999999994,1.81,3.692296645232307,3.63,7.404992719443798,3.63,7.404992719443798,0.22,0.44878743754204836,39.730979999999995,81.04893047833805,1015.6619903213127,1015.1173860787175,1015.192256314401,-0.5446042425953082,1586.902027416662,1593.5014247504428,1590.228139615836,6.599397333780951,True,"Al,IPA,PG,MG",2.3922663766947343,14,True
water,51.16044,25.0,48.83955999999999,1.81,3.706012093475044,3.63,7.432499391886415,3.63,7.432499391886415,0.22,0.45045450859917663,39.54955999999999,80.97853461415295,1015.7337526367716,1015.1892654479243,1015.2639233522794,-0.544487188847267,1587.1414030630908,1593.7404110685525,1590.4671045559587,6.599008005461606,True,"Al,IPA,PG,MG",2.4121787407397917,14,True
water,51.34186,25.0,48.658139999999996,1.81,3.719829816758306,3.63,7.460211179465554,3.63,7.460211179465554,0.22,0.45213401087670024,39.36814,80.9076138134339,1015.8060944364327,1015.2617230774824,1015.3361706771069,-0.544371358950197,1587.3822354500023,1593.9808569663373,1590.7075305653843,6.598621516335007,True,"Al,IPA,PG,MG",2.4322549440575525,14,True
water,51.52328,25.0,48.47671999999999,1.81,3.733750963349006,3.63,7.488130385059057,3.63,7.488130385059057,0.22,0.4538260839429731,39.186719999999994,80.83616218258992,1015.8790193797967,1015.3347626387372,1015.4090019393568,-0.5442567410594843,1587.624260419562,1594.222498270427,1590.9491534225203,6.598237850864863,True,"Al,IPA,PG,MG",2.4524966163988497,14,True
water,51.7047,25.0,48.29529999999999,1.81,3.74777669876779,3.63,7.516259346147557,3.63,7.516259346147557,0.22,0.45553086946348825,39.00529999999999,80.76417373947362,1015.9525310794579,1015.4083877561002,1015.4824207427038,-0.5441433233577208,1587.8672008891901,1594.4650578825792,1591.1916959821672,6.597856993389114,True,"Al,IPA,PG,MG",2.4729054155249224,14,True
water,51.88612,25.0,48.113879999999995,1.81,3.7619082061143274,3.63,7.544600435466855,3.63,7.544600435466855,0.22,0.4572485112404155,38.823879999999996,80.69164241171154,1016.0266330969961,1015.4826020029369,1015.5564306399143,-0.5440310940591117,1588.1107663377065,1594.708245265836,1591.4348676616405,6.597478928129561,True,"Al,IPA,PG,MG",2.493483027668619,14,True
water,52.06754,25.0,47.93245999999999,1.81,3.776146686399989,3.63,7.573156061675117,3.63,7.573156061675117,0.22,0.4589791552530374,38.64245999999999,80.61856203499674,1016.1013289386747,1015.557408897261,1015.6310351285447,-0.5439200414136588,1588.354652270921,1594.951755910122,1591.6783639063412,6.597103639201064,True,"Al,IPA,PG,MG",2.514231168007398,14,True
water,52.24896,25.0,47.751039999999996,1.81,3.7904933588881,3.63,7.60192867003525,3.63,7.60192867003525,0.22,0.46072294969910604,38.46104,80.5449263513423,1016.1766220509268,1015.6328118972157,1015.7062376464265,-0.5438101537111231,1588.5985396657873,1595.1952707764076,1591.921865633888,6.596731110620353,True,"Al,IPA,PG,MG",2.5351515811484004,14,True
water,52.43038,25.0,47.56961999999999,1.81,3.804949461441988,3.63,7.630920743112937,3.63,7.630920743112937,0.22,0.46248004503714774,38.279619999999994,80.47072900729499,1016.25251581562,1015.7088143963352,1015.7820415669303,-0.54370141928478,1588.8420943922022,1595.4384557185167,1592.1650386558954,6.596361326314443,True,"Al,IPA,PG,MG",2.556246041625926,14,True
water,52.6118,25.0,47.38819999999999,1.81,3.819516250881022,3.63,7.660134801490668,3.63,7.660134801490668,0.22,0.46425059402973745,38.09819999999999,80.39596355210792,1016.3290135450958,1015.7854197185808,1015.8584501940043,-0.5435938265149696,1589.0849666114855,1595.6809608816143,1592.4075330764344,6.595994270128706,True,"Al,IPA,PG,MG",2.5775163544115864,14,True
water,52.79322,25.0,47.206779999999995,1.81,3.834195003344859,3.63,7.689573404498253,3.63,7.689573404498253,0.22,0.4660347517877729,37.916779999999996,80.32062343587086,1016.4061184769644,1015.8626311131319,1015.9354667569684,-0.5434873638324544,1589.326790150537,1595.9224200763715,1592.6489826661689,6.595629925834568,True,"Al,IPA,PG,MG",2.598964355437473,14,True
water,52.97464,25.0,47.02535999999999,1.81,3.84898701466613,3.63,7.719239150960249,3.63,7.719239150960249,0.22,0.46783267581577265,37.73535999999999,80.2447020075976,1016.4838337686513,1015.9404517489297,1016.0130944050603,-0.5433820197215874,1589.56718185061,1596.162450127747,1592.889004211109,6.595268277136886,True,"Al,IPA,PG,MG",2.6205919121326753,14,True
water,53.15606,25.0,46.843939999999996,1.81,3.8638936007517732,3.63,7.749134679960738,3.63,7.749134679960738,0.22,0.46964452605822654,37.55394,80.16819251326852,1016.5621624916761,1016.0188847089528,1016.0913362017128,-0.5432777827233002,1589.8057408896016,1596.4006501972826,1593.1271968348833,6.594909307680997,True,"Al,IPA,PG,MG",2.6424009239734616,14,True
water,53.33748,25.0,46.662519999999994,1.81,3.8789160979732777,3.63,7.779262671625966,3.63,7.779262671625966,0.22,0.4714704649470282,37.372519999999994,80.09108809382776,1016.6411076256645,1016.0979329842266,1016.1701951185655,-0.5431746414379176,1590.042048076691,1596.6366010777504,1593.3631412933569,6.594553001059464,True,"Al,IPA,PG,MG",2.664393323047503,14,True
water,53.5189,25.0,46.48109999999999,1.81,3.8940558635660523,3.63,7.809625847925287,3.63,7.809625847925287,0.22,0.47331065745001744,37.19109999999999,80.01338178313335,1016.7206720520612,1016.1775994675335,1016.249674029176,-0.5430725845278057,1590.2756651181242,1596.8698644589426,1593.5963992403993,6.594199340818533,True,"Al,IPA,PG,MG",2.686571074632471,14,True
water,53.70032,25.0,46.299679999999995,1.81,3.9093142760381934,3.63,7.840226973490962,3.63,7.840226973490962,0.22,0.47516527112066437,37.009679999999996,79.93506650585921,1016.8008585475496,1016.2578869468298,1016.32977570244,-0.5429716007198572,1590.506133852862,1597.099982163326,1593.8265124635116,6.593848310464287,True,"Al,IPA,PG,MG",2.7089361777894134,14,True
water,53.88174,25.0,46.11825999999999,1.81,3.9246927355888976,3.63,7.871068856457292,3.63,7.871068856457292,0.22,0.4770344761489268,36.82825999999999,79.8561350753476,1016.881669777153,1016.3387980983451,1016.4105027956896,-0.5428716788078249,1590.7329754567631,1597.3264753502317,1594.0530020879944,6.59349989346857,True,"Al,IPA,PG,MG",2.7314906659712634,14,True
water,54.063159999999996,25.0,45.93684,1.81,3.940192664536786,3.63,7.902154349319631,3.63,7.902154349319631,0.22,0.478918445413311,36.64684,79.77658019141064,1016.9631082870012,1016.4203354793467,1016.4918578474611,-0.5427728076545063,1590.9556896138945,1597.5488436871692,1594.2753677482383,6.593154073274618,True,"Al,IPA,PG,MG",2.754236607646895,14,True
water,54.24458,25.0,45.755419999999994,1.81,3.955815507758426,3.63,7.933486349813859,3.63,7.933486349813859,0.22,0.4808173545341733,36.465419999999995,79.69639443807968,1017.0451764967596,1016.5025015205658,1016.5738432699214,-0.542674976193784,1591.1737536535093,1597.7665644868118,1594.4930867246862,6.592810833302463,True,"Al,IPA,PG,MG",2.7771761069411323,14,True
water,54.426,25.0,45.57399999999999,1.81,3.971562733137316,3.63,7.965067801816827,3.63,7.965067801816827,0.22,0.48273138192829257,36.28399999999999,79.61557028130073,1017.1278772779162,1016.5852991044837,1016.6564619271549,-0.5425781734325323,1591.386569916257,1597.979040073211,1594.7055613100258,6.592470156954097,True,"Al,IPA,PG,MG",2.8003113042911316,14,True
water,54.60742,25.0,45.392579999999995,1.81,3.9874358320236483,3.63,7.996901696268422,3.63,7.996901696268422,0.22,0.4846607088647528,36.102579999999996,79.53410006657477,1017.2112230642027,1016.6687406757503,1016.739726245583,-0.5424823884523912,1591.5929643481863,1598.1850963758047,1594.9116174031756,6.592132027618419,True,"Al,IPA,PG,MG",2.8236443771195767,14,True
water,54.78884,25.0,45.21115999999999,1.81,4.003436319705135,3.63,8.028991072115824,3.63,8.028991072115824,0.22,0.4866055195221712,35.92115999999999,79.45197601654105,1017.2952182804918,1016.7528306700804,1016.8236406428614,-0.542387610411414,1591.7925393200192,1598.384335748695,1595.1108573285435,6.591796428675956,True,"Al,IPA,PG,MG",2.8471775405251374,14,True
water,54.970259999999996,25.0,45.02974,1.81,4.0195657358892145,3.63,8.06133901728058,3.63,8.06133901728058,0.22,0.4885660010473079,35.73974,79.36919022850232,1017.3798629279103,1016.8375690993647,1016.9082051129909,-0.5422938285455968,1591.9851703941526,1598.576633737656,1595.3031566030122,6.591463343503389,True,"Al,IPA,PG,MG",2.8709130479906553,14,True
water,55.15168,25.0,44.848319999999994,1.81,4.035825645196967,3.63,8.093948669649166,3.63,8.093948669649166,0.22,0.4905423436151009,35.558319999999995,79.2857346718896,1017.4651567370125,1016.9229557048423,1016.9934193794908,-0.542201032170289,1592.1707308812597,1598.7618636367376,1595.4883884925239,6.591132755477878,True,"Al,IPA,PG,MG",2.8948531921095446,14,True
water,55.3331,25.0,44.66689999999999,1.81,4.052217637669058,3.63,8.126823218087669,3.63,8.126823218087669,0.22,0.4925347404901617,35.37689999999999,79.20160118566544,1017.5510991534062,1017.0089899427247,1017.0792828810229,-0.5421092106814965,1592.3490917510605,1598.9398963990418,1595.6664239228373,6.5908046479812015,True,"Al,IPA,PG,MG",2.9190003053308917,14,True
water,55.51452,25.0,44.485479999999995,1.81,4.0687433292840725,3.63,8.159965903481316,3.63,8.159965903481316,0.22,0.49454338808977677,35.195479999999996,79.11678147566353,1017.6376893227173,1017.0956709691602,1017.1657947563564,-0.5420183535570764,1592.5201215277332,1599.110600532137,1595.8371313749226,6.590479004403716,True,"Al,IPA,PG,MG",2.9433567607237885,14,True
water,55.69594,25.0,44.30405999999999,1.81,4.085404362489578,3.63,8.193380019799541,3.63,8.193380019799541,0.22,0.49656848604845705,35.01405999999999,79.03126711186289,1017.7249260748582,1017.1829976245003,1017.252953828634,-0.5419284503578321,1592.6836861678726,1599.2738419760208,1596.0003767629057,6.590155808148151,True,"Al,IPA,PG,MG",2.967924972761412,14,True
water,55.877359999999996,25.0,44.12264,1.81,4.1022024067462874,3.63,8.227068915187306,3.63,8.227068915187306,0.22,0.49861023728407916,34.83264,78.94504952559502,1017.812807907567,1017.2709684168385,1017.3407585889105,-0.5418394907285091,1592.8396489186289,1599.4294839612621,1596.156023292192,6.589835042633227,True,"Al,IPA,PG,MG",2.9927073981253995,14,True
water,56.05878,25.0,43.941219999999994,1.81,4.119139159085706,3.63,8.261035993083489,3.63,8.261035993083489,0.22,0.5006688480656659,34.651219999999995,78.85812000668165,1017.9013329691873,1017.3595815047886,1017.4292071789316,-0.5417514643987004,1592.9878701534483,1599.5773868447454,1596.303931295194,6.589516691297129,True,"Al,IPA,PG,MG",3.017706536531111,14,True
water,56.2402,25.0,43.75979999999999,1.81,4.13621634468165,3.63,8.295284713367064,3.63,8.295284713367064,0.22,0.5027445280828524,34.46979999999999,78.77046970050137,1017.9904990406412,1017.4488346794576,1017.5182973731066,-0.5416643611836609,1593.1282071825196,1599.7174079201204,1596.443958041763,6.589200737600827,True,"Al,IPA,PG,MG",3.042924931574325,14,True
water,56.42162,25.0,43.578379999999996,1.81,4.1534357174360315,3.63,8.32981859353193,3.63,8.32981859353193,0.22,0.5048374905170867,34.28838,78.68208960498302,1018.0803035165751,1017.53872534559,1017.6080265596515,-0.5415781709850382,1593.2605140347373,1599.8494011997686,1596.5759575211384,6.588887165031245,True,"Al,IPA,PG,MG",3.0683651716000115,14,True
water,56.60304,25.0,43.39695999999999,1.81,4.170799060579359,3.63,8.364641209891202,3.63,8.364641209891202,0.22,0.5069479521146183,34.106959999999994,78.59297056752362,1018.1707433856226,1017.629250501831,1017.6983917208524,-0.541492883791522,1593.3846412076423,1599.9732171647465,1596.699780191877,6.588575957104315,True,"Al,IPA,PG,MG",3.094029890593793,14,True
water,56.78446,25.0,43.21553999999999,1.81,4.188308187286333,3.63,8.399756198811819,3.63,8.399756198811819,0.22,0.5090761332613223,33.92553999999999,78.50310328182871,1018.2618152097493,1017.72040672007,1017.7893894124085,-0.5414084896794157,1593.500435381433,1600.0887024788008,1596.8152726958483,6.588267097367874,True,"Al,IPA,PG,MG",3.1199217690967305,14,True
water,56.96588,25.0,43.034119999999994,1.81,4.2059649413070375,3.63,8.435167257980414,3.63,8.435167257980414,0.22,0.511222258059419,33.744119999999995,78.41247828467272,1018.3535151026384,1017.8121901238253,1017.8810157418169,-0.5413249788131339,1593.6078429453512,1600.1958035147557,1596.92238138461,6.587960569404452,True,"Al,IPA,PG,MG",3.1460435351441345,14,True
water,57.1473,25.0,42.85269999999999,1.81,4.223771197614154,3.63,8.470878147701313,3.63,8.470878147701313,0.22,0.5133865544061402,33.56269999999999,78.32108595257708,1018.4458387070656,1017.90459636562,1017.9732663457464,-0.5412423414456303,1593.7132049056065,1600.3008612624405,1597.0274472273184,6.587656356833935,True,"Al,IPA,PG,MG",3.1723979652290635,14,True
water,57.32872,25.0,42.671279999999996,1.81,4.241728863066681,3.63,8.506892692227654,3.63,8.506892692227654,0.22,0.5155692540744032,33.38128,78.2289164984036,1018.5387811712163,1017.9976206032976,1018.0661363663542,-0.5411605679187576,1593.8207276692451,1600.4080821125613,1597.134676594586,6.587354443316108,True,"Al,IPA,PG,MG",3.1989878852912454,14,True
water,57.51014,25.0,42.48985999999999,1.81,4.259839877090676,3.63,8.543214781126604,3.63,8.543214781126604,0.22,0.5177705927955518,33.199859999999994,78.13595996786057,1018.6323371238976,1018.0912574752341,1018.1596204264956,-0.5410796486635626,1593.9309766749786,1600.5180314875317,1597.2446348892972,6.587054812553101,True,"Al,IPA,PG,MG",3.2258161717321716,14,True
water,57.69156,25.0,42.30843999999999,1.81,4.278106212377484,3.63,8.579848370679706,3.63,8.579848370679706,0.22,0.5199908103442246,33.01843999999999,78.04220623591888,1018.7265006485857,1018.1855010743851,1018.2537126037721,-0.540999574200522,1594.0445454604649,1600.6313029087567,1597.3579156138785,6.586757448291724,True,"Al,IPA,PG,MG",3.252885752457092,14,True
water,57.87298,25.0,42.127019999999995,1.81,4.296529875600031,3.63,8.616797485319399,3.63,8.616797485319399,0.22,0.5222301506254181,32.837019999999995,77.94764500313575,1018.8212652562573,1018.2803449211176,1018.3484064033606,-0.5409203351397183,1594.1620568216683,1600.748519155994,1597.475141529647,6.5864623343256845,True,"Al,IPA,PG,MG",3.2801996079447706,14,True
water,58.0544,25.0,41.94559999999999,1.81,4.315112908147697,3.63,8.65406621910284,3.63,8.65406621910284,0.22,0.5244888617638085,32.65559999999999,77.85226579188283,1018.9166264932838,1018.3757845711028,1018.4436973659069,-0.5408419221809609,1594.284013099055,1600.870182553553,1597.5968149429934,6.586169454497736,True,"Al,IPA,PG,MG",3.3077607723457594,14,True
water,58.23582,25.0,41.764179999999996,1.81,4.333857386880337,3.63,8.6916587372241,3.63,8.6916587372241,0.22,0.5267671961954,32.47418,77.75605794247606,1019.0126091974633,1018.4718448713495,1018.5396103235571,-0.540764326113855,1594.4088057801778,1600.9946845728796,1597.7213273079574,6.585878792701715,True,"Al,IPA,PG,MG",3.3355723346100827,14,True
water,58.41724,25.0,41.58275999999999,1.81,4.352765424902051,3.63,8.729579277565993,3.63,8.729579277565993,0.22,0.5290654107615753,32.292759999999994,77.65901060920439,1019.1092185485768,1018.568531010759,1018.636150450512,-0.5406875378178199,1594.5358062835298,1601.1213966164144,1597.8480500100693,6.585590332884494,True,"Al,IPA,PG,MG",3.363637439645205,14,True
water,58.59866,25.0,41.40133999999999,1.81,4.371839172355292,3.63,8.767832152292657,3.63,8.767832152292657,0.22,0.5313837668056156,32.11133999999999,77.56111275625378,1019.2064506079917,1018.6658390597296,1018.7333138026306,-0.5406115482620589,1594.664995220635,1601.2502992796828,1597.976963628431,6.585304059047846,True,"Al,IPA,PG,MG",3.3919592895051833,14,True
water,58.78008,25.0,41.219919999999995,1.81,4.391080817235939,3.63,8.806421749484231,3.63,8.806421749484231,0.22,0.5337225302717716,31.929919999999996,77.46235315352384,1019.3043009538217,1018.7637646053162,1018.8310959525887,-0.5405363485054866,1594.7963508511982,1601.3813708064486,1598.108046390854,6.585019955250232,True,"Al,IPA,PG,MG",3.420541144611962,14,True
water,58.9615,25.0,41.03849999999999,1.81,4.410492586230005,3.63,8.84535253481487,3.63,8.84535253481487,0.22,0.5360819718069618,31.748499999999993,77.3627203723333,1019.4027646557953,1018.8623027260987,1018.9294919647463,-0.5404619296966099,1594.9298489658438,1601.5145869714522,1598.2412740565906,6.584738005608506,True,"Al,IPA,PG,MG",3.449386325009794,14,True
water,59.14292,25.0,40.857079999999996,1.81,4.430076745572616,3.63,8.884629053275468,3.63,8.884629053275468,0.22,0.5384623668651798,31.567079999999997,77.26220278101127,1019.5018362488935,1018.9614479658201,1019.028496368784,-0.5403882830733716,1595.0654627636038,1601.6499209579033,1598.3766197938091,6.584458194299553,True,"Al,IPA,PG,MG",3.478498211653774,14,True
water,59.32434,25.0,40.67565999999999,1.81,4.44983560193,3.63,8.924255930942486,3.63,8.924255930942486,0.22,0.5408639958146961,31.385659999999994,77.16078854037033,1019.6015097057006,1019.0611943057376,1019.1281031320538,-0.5403153999629523,1595.2031627238948,1601.7873432294566,1598.5140540515636,6.584180505561829,True,"Al,IPA,PG,MG",3.5078802477335826,14,True
water,59.50576,25.0,40.49423999999999,1.81,4.469771503305163,3.63,8.964237876794332,3.63,8.964237876794332,0.22,0.5432871440481413,31.20423999999999,77.05846559905804,1019.7017784074017,1019.1615351356202,1019.2283056305752,-0.5402432717815393,1595.3429164727586,1601.9268213964554,1598.653544426023,6.583904923696865,True,"Al,IPA,PG,MG",3.5375359400334694,14,True
water,59.68718,25.0,40.312819999999995,1.81,4.4898868399680305,3.63,9.004579684576768,3.63,9.004579684576768,0.22,0.5457321020955618,31.022819999999996,76.95522168878287,1019.8026351133582,1019.2624632233242,1019.3290966186095,-0.5401718900340577,1595.484688643072,1602.0683200761428,1598.795055520673,6.58363143307068,True,"Al,IPA,PG,MG",3.567468860329661,14,True
water,59.8686,25.0,40.13139999999999,1.81,4.510184045410826,3.63,9.04528623471895,3.63,9.04528623471895,0.22,0.5481991657405424,30.841399999999993,76.85104431941073,1019.9040719291852,1019.3639706828714,1019.4304681967368,-0.5401012463138715,1595.6284407284638,1602.211800746579,1598.9385488002235,6.583360018115138,True,"Al,IPA,PG,MG",3.5976826468263354,14,True
water,60.050019999999996,25.0,39.94998,1.81,4.5306655973294605,3.63,9.086362496301627,3.63,9.086362496301627,0.22,0.5506886361394925,30.659979999999997,76.74592077392779,1020.0060802732543,1019.4660489409519,1019.5324117783578,-0.5400313323024513,1595.7741309306339,1602.357221593963,1599.083982437918,6.583090663329235,True,"Al,IPA,PG,MG",3.6281810056313577,14,True
water,60.23144,25.0,39.768559999999994,1.81,4.551334018631804,3.63,9.127813529079255,3.63,9.127813529079255,0.22,0.5532008199441972,30.478559999999995,76.63983810326549,1020.1086508415469,1019.5686887017779,1019.6349180545459,-0.5399621397690157,1595.9217139997688,1602.5045373530493,1599.231311155942,6.582823353280342,True,"Al,IPA,PG,MG",3.658967712273082,14,True
water,60.41286,25.0,39.58713999999999,1.81,4.572191878473667,3.63,9.169644485557686,3.63,9.169644485557686,0.22,0.5557360294277385,30.29713999999999,76.53278312098323,1020.2117735707621,1019.671879910192,1019.7379769571545,-0.5398936605701439,1596.0711410677277,1602.6536991403332,1599.3804860585983,6.582558072605375,True,"Al,IPA,PG,MG",3.6900466132594643,14,True
water,60.59428,25.0,39.405719999999995,1.81,4.593241793323406,3.63,9.211860613129263,3.63,9.211860613129263,0.22,0.5582945826138948,30.115719999999996,76.42474239780418,1020.3154375995966,1019.7756117129472,1019.8415776200962,-0.5398258866493609,1596.222359473652,1602.804654279664,1599.5314544579105,6.58229480601191,True,"Al,IPA,PG,MG",3.7214216276808916,14,True
water,60.7757,25.0,39.22429999999999,1.81,4.614486428056078,3.63,9.254467256267162,3.63,9.254467256267162,0.22,0.560876803410131,29.934299999999993,76.31570225599947,1020.4196312280951,1019.8798724180584,1019.945708338692,-0.5397588100367026,1596.3753125816377,1602.957346119917,1599.684159691286,6.582033538279251,True,"Al,IPA,PG,MG",3.753096748858096,14,True
water,60.957119999999996,25.0,39.04288,1.81,4.635928497078085,3.63,9.29746985878091,3.63,9.29746985878091,0.22,0.5634830217442977,29.752879999999998,76.2056487636158,1020.5243418749766,1019.9846494521283,1020.0503565269971,-0.539692422848253,1596.5299395900947,1603.1117138443542,1599.8385409308662,6.581774254259455,True,"Al,IPA,PG,MG",3.7850760460366053,14,True
water,61.13854,25.0,38.861459999999994,1.81,4.657570765483336,3.63,9.340873966135087,3.63,9.340873966135087,0.22,0.5661135737051568,29.571459999999995,76.09456772854134,1020.6295560328244,1020.0899293155388,1020.1555086729898,-0.5396267172856646,1596.6861753323794,1603.2676922712576,1599.9945329841535,6.581516938878271,True,"Al,IPA,PG,MG",3.817363666129263,14,True
water,61.31996,25.0,38.68003999999999,1.81,4.679416050241935,3.63,9.384685227833272,3.63,9.384685227833272,0.22,0.5687688016868649,29.390039999999992,75.98244469240466,1020.7352592210254,1020.1956975353897,1020.2611502915097,-0.5395616856356551,1596.843950068293,1603.425211645429,1600.1520660855003,6.581261577136078,True,"Al,IPA,PG,MG",3.849963835508364,14,True
water,61.50138,25.0,38.498619999999995,1.81,4.701467221422483,3.63,9.428909399869399,3.63,9.428909399869399,0.22,0.5714490545375394,29.208619999999996,75.86926492430118,1020.84143593635,1020.3019386160805,1020.3672658748378,-0.5394973202694885,1597.0031892659797,1603.5841974200885,1600.3110656780004,6.581008154108742,True,"Al,IPA,PG,MG",3.8828808618490345,14,True
water,61.6828,25.0,38.31719999999999,1.81,4.723727203449105,3.63,9.473552347248757,3.63,9.473552347248757,0.22,0.5741546877120459,29.027199999999993,75.75501341434133,1020.9480696010307,1020.4086359873883,1020.4738388407736,-0.5394336136424355,1597.1638133737747,1603.744570028723,1600.4714521853286,6.580756654948446,True,"Al,IPA,PG,MG",3.916119136025543,14,True
water,61.864219999999996,25.0,38.13578,1.81,4.746198976394347,3.63,9.518620046580928,3.63,9.518620046580928,0.22,0.5768860634291472,28.845779999999998,75.63967486701466,1021.0551425082203,1020.5157719499272,1020.5808514780921,-0.5393705582932206,1597.3257375814824,1603.9062446463668,1600.633140773013,6.580507064884458,True,"Al,IPA,PG,MG",3.9496831340622953,14,True
water,62.04564,25.0,37.954359999999994,1.81,4.7688855773091685,3.63,9.564118588747117,3.63,9.564118588747117,0.22,0.5796435508331587,28.664359999999995,75.52323369436344,1021.1626357646782,1020.6233276178347,1020.6882848892301,-0.5393081468434513,1597.4888362700792,1604.0690956393032,1600.7960057981302,6.580259369223886,True,"Al,IPA,PG,MG",3.9835774191413313,14,True
water,62.22706,25.0,37.77293999999999,1.81,4.791790101591246,3.63,9.610054181644323,3.63,9.610054181644323,0.22,0.5824275261602619,28.482939999999992,75.40567400895985,1021.2705292305442,1020.7312828585472,1020.7961189300592,-0.5392463719970356,1597.642426571477,1604.2224401248293,1600.9493643690607,6.58001355335236,True,"Al,IPA,PG,MG",4.017806643668207,14,True
water,62.40848,25.0,37.591519999999996,1.81,4.814915704392906,3.63,9.656433153008978,3.63,9.656433153008978,0.22,0.585238372909635,28.301519999999996,75.2869796166795,1021.3788181305982,1020.8396329040587,1020.904348821144,-0.5391852265395841,1597.7783204995376,1604.3580901022722,1601.085028476499,6.579769602734697,True,"Al,IPA,PG,MG",4.052375551398219,14,True
water,62.5899,25.0,37.41009999999999,1.81,4.83826560207003,3.63,9.703261953322768,3.63,9.703261953322768,0.22,0.5880764820195616,28.120099999999994,75.16713400926487,1021.4875960153091,1020.9484713119713,1021.0130681087911,-0.5391247033378025,1597.8968708099062,1604.4763983128216,1601.2033508532777,6.579527502915518,True,"Al,IPA,PG,MG",4.087288979625041,14,True
water,62.771319999999996,25.0,37.22868,1.81,4.861843073673308,3.63,9.750547158803375,3.63,9.750547158803375,0.22,0.5909422520486894,27.938679999999998,75.04612035667125,1021.5968847438155,1021.0578199484767,1021.1222986480287,-0.5390647953388704,1597.9984684414233,1604.577755680943,1601.304722415775,6.579287239519837,True,"Al,IPA,PG,MG",4.122551861433831,14,True
water,62.95274,25.0,37.047259999999994,1.81,4.8856514624833265,3.63,9.798295474483135,3.63,9.798295474483135,0.22,0.5938360893626142,27.757259999999995,74.9239214991878,1021.7066887545578,1021.1676832589881,1021.2320448732378,-0.5390054955698118,1598.0835475676233,1604.6625963658769,1601.3895773154056,6.579048798253599,True,"Al,IPA,PG,MG",4.1581692280210705,14,True
water,63.13416,25.0,36.86583999999999,1.81,4.909694177590963,3.63,9.846513737378562,3.63,9.846513737378562,0.22,0.5967584083259735,27.575839999999992,74.80051993932595,1021.8170126365227,1021.2780658393858,1021.3423113693962,-0.538946797136855,1598.1525894763029,1604.731401641207,1601.4583968181835,6.578812164904198,True,"Al,IPA,PG,MG",4.194146211083379,14,True
water,63.31558,25.0,36.684419999999996,1.81,4.933974695524695,3.63,9.895208919753946,3.63,9.895208919753946,0.22,0.5997096315002391,27.394419999999997,74.67589783346718,1021.9278611383669,1021.3889724451421,1021.4531028812016,-0.5388886932247847,1598.2061259327559,1604.784703258097,1601.5117126679504,6.578577325340957,True,"Al,IPA,PG,MG",4.230488045277709,14,True
water,63.497,25.0,36.50299999999999,1.81,4.958496561926418,3.63,9.944388132482263,3.63,9.944388132482263,0.22,0.60269018984741,27.212999999999994,74.55003698326165,1022.0392391781081,1021.5004080010118,1021.5644243227616,-0.5388311770962868,1598.244742746571,1604.8230870120867,1601.550110653168,6.578344265515564,True,"Al,IPA,PG,MG",4.267200070755376,14,True
water,63.67842,25.0,36.32157999999999,1.81,4.983263393277497,3.63,9.994058628506803,3.63,9.994058628506803,0.22,0.6057005229398061,27.03157999999999,74.42291882676909,1022.151151853433,1021.6123776113417,1021.6762807879013,-0.5387742420912832,1598.2690835519033,1604.847196523366,1601.574234387183,6.578112971462504,True,"Al,IPA,PG,MG",4.304287735772507,14,True
water,63.85984,25.0,36.140159999999995,1.81,5.008278878676797,3.63,10.044227806407056,3.63,10.044227806407056,0.22,0.6087410791761853,26.850159999999995,74.29452442933291,1022.2636044526547,1021.7248865710285,1021.7886775611198,-0.5387178816262661,1598.2798538113038,1604.8577372406032,1601.5847893120504,6.577883429299432,True,"Al,IPA,PG,MG",4.3417565993795755,14,True
water,64.04126,25.0,35.95874,1.81,5.03354678167255,3.63,10.094903214072573,3.63,10.094903214072573,0.22,0.6118123160043984,26.66874,74.16483447417791,1022.3766024663696,1021.837940377176,1021.9016201292465,-0.5386620891936197,1598.277825053374,1604.8554806786017,1601.582546936184,6.577655625227531,True,"Al,IPA,PG,MG",4.379612334192819,14,True
water,64.22268,25.0,35.777319999999996,1.81,5.059070942149944,3.63,10.146092552488561,3.63,10.146092552488561,0.22,0.6149147001508218,26.487319999999997,74.03382925272211,1022.4901515998404,1021.9515447414794,1022.0151141938235,-0.5386068583609426,1598.2638393545863,1604.8412689001182,1601.56834931617,6.577429545531836,True,"Al,IPA,PG,MG",4.417860729250411,14,True
water,64.4041,25.0,35.59589999999999,1.81,5.084855278276431,3.63,10.197803679637264,3.63,10.197803679637264,0.22,0.6180487078568039,26.305899999999994,73.90148865459223,1022.6042577861814,1022.0657056034111,1022.1291656842905,-0.5385521827703629,1598.2388140756664,1604.816019252248,1601.543113793145,6.57720517658154,True,"Al,IPA,PG,MG",4.45650769295643,14,True
water,64.58552,25.0,35.41447999999999,1.81,5.11090378850685,3.63,10.250044614519261,3.63,10.250044614519261,0.22,0.6212148251223795,26.12447999999999,73.76779215733225,1022.7189272003676,1022.1804291442297,1022.2437807719922,-0.5384980561378508,1598.203746862892,1604.7807293677224,1601.507837994088,6.576982504830252,True,"Al,IPA,PG,MG",4.495559256115745,14,True
water,64.76694,25.0,35.23305999999999,1.81,5.137220553650465,3.63,10.302823541299,3.63,10.302823541299,0.22,0.6244135479575151,25.94305999999999,73.63271881579402,1022.8341662741441,1022.2957218018915,1022.3589658850888,-0.5384444722525267,1598.1597209245463,1604.7364824413626,1601.4636051082696,6.576761516816263,True,"Al,IPA,PG,MG",4.535021575063097,14,True
water,64.94836,25.0,35.05164,1.81,5.163809739002226,3.63,10.35614881357905,3.63,10.35614881357905,0.22,0.6276453826411547,25.76164,73.49624725119851,1022.9499817118801,1022.4115902869041,1022.4747277244078,-0.5383914249759687,1598.1079105925169,1604.6844527916796,1601.4115894488464,6.576542199162738,True,"Al,IPA,PG,MG",4.574900934889773,14,True
water,65.12978,25.0,34.870219999999996,1.81,5.190675596540545,3.63,10.410028958807832,3.63,10.410028958807832,0.22,0.6309108459883535,25.580219999999997,73.35835563985545,1023.0663805074398,1022.5280415991983,1022.591073280315,-0.5383389082415159,1598.0495871787098,1604.6259117172876,1601.3530623092686,6.576324538577943,True,"Al,IPA,PG,MG",4.615203752771427,14,True
water,65.3112,25.0,34.68879999999999,1.81,5.217822467194023,3.63,10.464472682825583,3.63,10.464472682825583,0.22,0.6342104656257929,25.398799999999994,73.21902170152902,1023.1833699621293,1022.6450830460757,1022.7080098506608,-0.5382869160535717,1597.98612513542,1604.5622336572753,1601.2893981236468,6.5761085218553905,True,"Al,IPA,PG,MG",4.655936581400716,14,True
water,65.49262,25.0,34.50737999999999,1.81,5.245254783179716,3.63,10.519488874553794,3.63,10.519488874553794,0.22,0.6375447802759875,25.21737999999999,73.07822268743672,1023.3009577037922,1022.7627222613053,1022.825545059875,-0.5382354424869045,1597.919008528177,1604.494902664051,1601.2220809395926,6.575894135874,True,"Al,IPA,PG,MG",4.697106112528648,14,True
water,65.67404,25.0,34.32595999999999,1.81,5.272977070415513,3.63,10.57508661083332,3.63,10.57508661083332,0.22,0.6409143400505043,25.03595999999999,72.93593536786734,1023.4191502320593,1022.8809657503734,1022.9436854042164,-0.538184481685949,1597.8511322372292,1604.4268136048274,1601.1540056196975,6.575681367598224,True,"Al,IPA,PG,MG",4.738719180618608,14,True
water,65.85546,25.0,34.14454,1.81,5.300993951009444,3.63,10.631275161416731,3.63,10.631275161416731,0.22,0.6443197067525291,24.85454,72.79213601940458,1023.5379529965174,1022.9998189686534,1023.0624363299398,-0.5381340278641061,1597.7858179539915,1604.3612881580696,1601.0884938379768,6.575470204078145,True,"Al,IPA,PG,MG",4.780782766617264,14,True
water,66.03688,25.0,33.963119999999996,1.81,5.32931014582877,3.63,10.688063994120682,3.63,10.688063994120682,0.22,0.6477614541891323,24.673119999999997,72.64680041174074,1023.6573729213881,1023.119288846085,1023.1818047579758,-0.5380840753030437,1597.7206672735226,1604.2959279059721,1601.0231471723423,6.575260632449564,True,"Al,IPA,PG,MG",4.823304001846743,14,True
water,66.2183,25.0,33.781699999999994,1.81,5.3579304771518315,3.63,10.745462780144281,3.63,10.745462780144281,0.22,0.6512401684935928,24.491699999999994,72.49990379406601,1023.7774172337602,1023.2393826154082,1023.3017979121618,-0.5380346183519975,1597.6399154029739,1604.214968042908,1600.9422008130462,6.5750526399340625,True,"Al,IPA,PG,MG",4.866290172022544,14,True
water,66.39972,25.0,33.60027999999999,1.81,5.386859871405835,3.63,10.803481399559768,3.63,10.803481399559768,0.22,0.6547564484581678,24.31027999999999,72.35142088101647,1023.8980934795426,1023.3601078281155,1023.4224233351943,-0.537985651427072,1597.542346166606,1604.117192380445,1600.844438567694,6.574846213839039,True,"Al,IPA,PG,MG",4.9097487214020505,14,True
water,66.58114,25.0,33.41885999999999,1.81,5.416103361993798,3.63,10.862129946982037,3.63,10.862129946982037,0.22,0.6583109058776992,24.12885999999999,72.20132583816444,1024.0194095444042,1023.4814723753937,1023.5436889095682,-0.5379371690105444,1597.4283870368631,1604.0030283784208,1600.730287892314,6.57464134155774,True,"Al,IPA,PG,MG",4.953687257068497,14,True
water,66.76256,25.0,33.23744,1.81,5.445666092214082,3.63,10.92141873742382,3.63,10.92141873742382,0.22,0.661904165904474,23.94744,72.0495922670338,1024.1413736761294,1023.6034845104792,1023.6656028799324,-0.537889165650168,1597.2985202321368,1603.872958242706,1600.6002309891173,6.5744380105692555,True,"Al,IPA,PG,MG",4.997517048430566,10,True
water,66.94398,25.0,33.05602,1.81,5.4755533182760665,3.63,10.981358312343714,3.63,10.981358312343714,0.22,0.6655368674147705,23.766019999999997,71.89619318962174,1024.263994508497,1023.7261528725386,1023.7881738769674,-0.537841635958479,1597.1532868491715,1603.7275230576101,1600.4548089388998,6.574236208438508,True,"Al,IPA,PG,MG",5.041161007826917,10,True
water,67.1254,25.0,32.874599999999994,1.81,5.505770412415665,3.63,11.0419594458944,3.63,11.0419594458944,0.22,0.6692096633875394,23.584599999999995,71.741101032408,1024.3872810867804,1023.8494865121683,1023.9114109428855,-0.5377945746121039,1596.9932912752377,1603.5673271980538,1600.2946261132095,6.574035922816222,True,"Al,IPA,PG,MG",5.085317324142271,10,True
water,67.30682,25.0,32.69317999999999,1.81,5.536322866114586,3.63,11.103233151378976,3.63,11.103233151378976,0.22,0.6729232212956955,23.403179999999992,71.58428760983178,1024.5112428949867,1023.9734949186357,1024.035323558669,-0.53774797635107,1596.8192058975847,1603.3930430390235,1600.120354883798,6.573837141438868,True,"Al,IPA,PG,MG",5.129994230726427,10,True
water,67.48824,25.0,32.51175999999999,1.81,5.567216293427365,3.63,11.165190687923388,3.63,11.165190687923388,0.22,0.6766782235105084,23.22175999999999,71.42572410721536,1024.6358898849612,1024.098188048983,1024.1599216731747,-0.5377018359781193,1596.6317761286036,1603.2054159807321,1599.9327406477773,6.573639852128604,True,"Al,IPA,PG,MG",5.175200147960993,10,True
water,67.66966,25.0,32.33034,1.81,5.598456434420424,3.63,11.227843567373556,3.63,11.227843567373556,0.22,0.6804753677196095,23.04034,71.26538106311286,1024.7612325074733,1024.2235763591152,1024.2852157342186,-0.5376561483580226,1596.4318257660982,1603.0052698088914,1599.732607187888,6.573444042793189,True,"Al,IPA,PG,MG",5.220943688472178,10,True
water,67.85108,25.0,32.14892,1.81,5.630049158727572,3.63,11.291203561426014,3.63,11.291203561426014,0.22,0.6843153673591524,22.858919999999998,71.10322835106125,1024.8872817454433,1024.3496708370265,1024.4112167218027,-0.5376109084168994,1596.2202627090026,1602.7935124104285,1599.5208623882138,6.573249701425887,True,"Al,IPA,PG,MG",5.267233662520308,10,True
water,68.0325,25.0,31.967499999999994,1.81,5.662000469226559,3.63,11.355282709001331,3.63,11.355282709001331,0.22,0.6881989520606867,22.677499999999995,70.9392351607101,1025.0140491494524,1024.4764830383108,1024.5379361836249,-0.5375661111415403,1595.9980850498878,1602.571141865993,1599.298504326683,6.573056816105348,True,"Al,IPA,PG,MG",5.31407908357305,10,True
water,68.21392,25.0,31.78607999999999,1.81,5.694316505841552,3.63,11.420093323870075,3.63,11.420093323870075,0.22,0.6921268681133379,22.496079999999992,70.77336997830497,1025.1415468756913,1024.6040251241127,1024.665386273026,-0.5375217515787316,1595.7663875665623,1602.3392529415578,1599.0666277666674,6.572865374995487,True,"Al,IPA,PG,MG",5.361489174069763,10,True
water,68.39534,25.0,31.60465999999999,1.81,5.727003549476566,3.63,11.485648002541401,3.63,11.485648002541401,0.22,0.6960998789419032,22.31465999999999,70.60560056649874,1025.2697877265377,1024.732309901703,1024.7935797895675,-0.5374778248345847,1595.5263686360752,1602.0990440024204,1598.8264310709794,6.572675366345337,True,"Al,IPA,PG,MG",5.409473371384583,10,True
water,68.57676,25.0,31.42324,1.81,5.760068026085152,3.63,11.551959632424918,3.63,11.551959632424918,0.22,0.7001187656015102,22.13324,70.4358939434635,1025.3987851939369,1024.861350867863,1024.9225302224115,-0.5374343260738693,1595.2793375953809,1601.8518243738697,1598.579223562536,6.572486778488892,True,"Al,IPA,PG,MG",5.45804133399634,10,True
water,68.75818,25.0,31.241819999999997,1.81,5.793516510881889,3.63,11.619041400276938,3.63,11.619041400276938,0.22,0.7041843272895114,21.951819999999998,70.26421636127473,1025.5285535057928,1024.9911622552736,1025.0522517967122,-0.5373912505193501,1595.0267225738821,1601.599022173727,1598.3264333568975,6.57229959984494,True,"Al,IPA,PG,MG",5.507202947873697,10,True
water,68.9396,25.0,31.060399999999994,1.81,5.827355732701447,3.63,11.686906800942682,3.63,11.686906800942682,0.22,0.708297381875314,21.770399999999995,70.09053328353788,1025.659107675587,1025.121759082136,1025.1827595232323,-0.5373485934511276,1594.7698166195808,1601.3419304384977,1598.0693534884135,6.572113818916881,True,"Al,IPA,PG,MG",5.556968333084271,10,True
water,69.12102,25.0,30.87897999999999,1.81,5.861592578511338,3.63,11.755569646406718,3.63,11.755569646406718,0.22,0.712458766448892,21.588979999999992,69.91480936222634,1025.790463539144,1025.253157188938,1025.3140692351105,-0.5373063502059842,1594.5009488099488,1601.0728782342412,1597.8003130210934,6.5719294242925255,True,"Al,IPA,PG,MG",5.607347850637045,10,True
water,69.30244,25.0,30.69755999999999,1.81,5.896234098084671,3.63,11.825044075164284,3.63,11.825044075164284,0.22,0.7166693378887445,21.40755999999999,69.73700841369802,1025.9226373442345,1025.3853728280578,1025.4461971774622,-0.5372645161767325,1594.2141480234043,1600.785894428048,1597.513340820077,6.571746404643893,True,"Al,IPA,PG,MG",5.65835210956764,10,True
water,69.48385999999999,25.0,30.51614,1.81,5.931287508839585,3.63,11.895344561926901,3.63,11.895344561926901,0.22,0.7209299734501152,21.22614,69.5570933938565,1026.0556522517625,1025.518429164951,1025.579166508567,-0.5372230868115715,1593.9086133299784,1600.4801780787054,1597.2076359422995,6.571564748726987,True,"Al,IPA,PG,MG",5.709991974276599,10,True
water,69.66528,25.0,30.334719999999997,1.81,5.966760200852357,3.63,11.966485927676274,3.63,11.966485927676274,0.22,0.7252415713743197,21.044719999999998,69.37502637242078,1026.189535474019,1025.6523534164057,1025.7130044381222,-0.5371820576134431,1593.5850700678645,1600.1564545132462,1596.8839237130376,6.57138444538157,True,"Al,IPA,PG,MG",5.762278572131283,10,True
water,69.8467,25.0,30.153299999999994,1.81,6.002659742051452,3.63,12.038483350081087,3.63,12.038483350081087,0.22,0.7296050515200659,20.863299999999995,69.19076850626631,1026.3243159506453,1025.7871745265059,1025.8477399032056,-0.5371414241393977,1593.2443266373973,1599.8155321209283,1596.5430125198848,6.571205483530913,True,"Al,IPA,PG,MG",5.815223301342439,10,True
water,70.02812,25.0,29.97187999999999,1.81,6.03899388360023,3.63,12.111352374292172,3.63,12.111352374292172,0.22,0.7340213560177075,20.681879999999992,69.00428001179772,1026.4600244634262,1025.9229232814262,1025.9834036830675,-0.5371011819999618,1592.8872805217197,1599.4583083739012,1596.1857998334167,6.5710278521815555,True,"Al,IPA,PG,MG",5.868837839127139,10,True
water,70.20954,25.0,29.79045999999999,1.81,6.075770565476333,3.63,12.185108924132093,3.63,12.185108924132093,0.22,0.7384914499473996,20.50045999999999,68.81552013631209,1026.5966937589546,1026.0596324320961,1026.1200285217963,-0.5370613268585108,1592.5149247254303,1599.0857762658534,1595.813278645834,6.570851540423029,True,"Al,IPA,PG,MG",5.923134150170278,10,True
water,70.39095999999999,25.0,29.60904,1.81,6.112997922256175,3.63,12.259769313696088,3.63,12.259769313696088,0.22,0.7430163220421871,20.31904,68.62444712830946,1026.7343586797147,1026.197336825284,1026.2576492594,-0.5370218544306491,1592.128354661348,1598.6990311987756,1595.4265443577262,6.570676537427589,True,"Al,IPA,PG,MG",5.978124495397399,10,True
water,70.57238,25.0,29.427619999999997,1.81,6.150684289113426,3.63,12.335350259382173,3.63,12.335350259382173,0.22,0.7475969854171014,20.13762,68.43101820670512,1026.8730563042038,1026.3360735437202,1026.3963029719287,-0.5369827604835917,1591.7287755178527,1598.2992783503025,1595.0268021454078,6.570502832449937,True,"Al,IPA,PG,MG",6.033821441072373,10,True
water,70.7538,25.0,29.246199999999995,1.81,6.188838208040704,3.63,12.411868892368926,3.63,12.411868892368926,0.22,0.7522344783253894,19.956199999999995,68.23518952889606,1027.0128260967563,1026.4758820559207,1026.5360291212967,-0.5369440408355539,1591.317510141744,1597.8878405565708,1594.6153748437753,6.570330414826919,True,"Al,IPA,PG,MG",6.0902378682339195,10,True
water,70.93522,25.0,29.064779999999992,1.81,6.227468434304338,3.63,12.489342771560635,3.63,12.489342771560635,0.22,0.7569298649430688,19.774779999999993,68.03691615763132,1027.1537100677635,1026.6168043764085,1026.6768697155037,-0.5369056913551455,1590.8960074742788,1597.466166748256,1594.1937113823421,6.570159273977233,True,"Al,IPA,PG,MG",6.1473869824859015,10,True
water,71.11664,25.0,28.88335999999999,1.81,6.266583943142352,3.63,12.567789897020296,3.63,12.567789897020296,0.22,0.7616842361830483,19.59335999999999,67.83615202663401,1027.2957529450762,1026.7588852371155,1026.818869480036,-0.5368677079607687,1590.4658515809588,1597.0358409803598,1593.763395815023,6.569989399401115,True,"Al,IPA,PG,MG",6.205282324156848,10,True
water,71.29805999999999,25.0,28.70194,1.81,6.306193936716473,3.63,12.647228723912042,3.63,12.647228723912042,0.22,0.7664987105401238,19.41194,67.63284990491933,1027.4390023573962,1026.9021722707762,1026.9620760412577,-0.5368300866200237,1590.028771318824,1596.598592099504,1593.3261569874253,6.56982078068002,True,"Al,IPA,PG,MG",6.26393777884511,10,True
water,71.47948,25.0,28.520519999999998,1.81,6.3463078513295,3.63,12.727678176975736,3.63,12.727678176975736,0.22,0.7713744349682264,19.23052,67.4269613597508,1027.5833845357045,1027.0465917123554,1027.1064156278387,-0.5367928233491186,1589.5844948908145,1596.154148298291,1592.8817230912084,6.5696534074763,True,"Al,IPA,PG,MG",6.323367588366791,10,True
water,71.6609,25.0,28.339099999999995,1.81,6.386935364919847,3.63,12.809157665557484,3.63,12.809157665557484,0.22,0.7763125857913626,19.049099999999996,67.21843671817383,1027.7286401078966,1027.1918841936842,1027.2516288653896,-0.5367559142122837,1589.1313237630795,1595.7008110326124,1592.42839558139,6.569487269532867,True,"Al,IPA,PG,MG",6.383586362124485,10,True
water,71.84232,25.0,28.157679999999992,1.81,6.428086404845856,3.63,12.891687099221246,3.63,12.891687099221246,0.22,0.7813143696497725,18.867679999999993,67.00722502706188,1027.8747686067538,1027.3380492514327,1027.3977152844327,-0.5367193553211934,1588.6699346823732,1595.2392570390462,1591.96685119374,6.569322356672853,True,"Al,IPA,PG,MG",6.44460908891586,10,True
water,72.02374,25.0,27.97625999999999,1.81,6.46977115597296,3.63,12.97528690396787,3.63,12.97528690396787,0.22,0.7863810244829011,18.68625999999999,66.7932740116084,1028.021781634162,1027.4850984913276,1027.5446864846206,-0.5366831428343919,1588.2010772924596,1594.7702359512589,1591.4978395611822,6.569158658799254,True,"Al,IPA,PG,MG",6.506451149201989,10,True
water,72.20515999999999,25.0,27.79484,1.81,6.51200006907757,3.63,13.05997803908927,3.63,13.05997803908927,0.22,0.7915138205508648,18.50484,66.57653003219303,1028.1696914202878,1027.633044147331,1027.692554693911,-0.536647272956725,1587.7255646811573,1594.2945608470518,1591.0221737608374,6.568996165894595,True,"Al,IPA,PG,MG",6.569128327856473,10,True
water,72.38658,25.0,27.613419999999998,1.81,6.554783869582255,3.63,13.145782014687063,3.63,13.145782014687063,0.22,0.7967140614961856,18.32342,66.35693803954744,1028.3187855321682,1027.7821737902295,1027.841607477158,-0.5366117419387768,1587.2457233699786,1593.814558237999,1590.5421803036604,6.568834868020546,True,"Al,IPA,PG,MG",6.632656827417475,10,True
water,72.568,25.0,27.431999999999995,1.81,6.598133566637505,3.63,13.232720909886266,3.63,13.232720909886266,0.22,0.8019830854476525,18.141999999999996,66.13444152814232,1028.4727455007855,1027.9361689547093,1027.9955263631846,-0.5365765460763141,1586.7797724085192,1593.3484471638367,1590.0760782288269,6.568674755317561,True,"Al,IPA,PG,MG",6.697053281865882,10,True
water,72.74942,25.0,27.250579999999992,1.81,6.642060462566303,3.63,13.32081739177662,3.63,13.32081739177662,0.22,0.80732226616828,17.960579999999993,65.90898248771218,1028.6293140596797,1028.09277237797,1028.1520540833956,-0.5365416817097329,1586.3179213213305,1592.886437139335,1589.6140770506038,6.568515818004514,True,"Al,IPA,PG,MG",6.762334770954219,10,True
water,72.93084,25.0,27.06915999999999,1.81,6.686576162688464,3.63,13.410094735115539,3.63,13.410094735115539,0.22,0.8127330142494266,17.77915999999999,65.68050135283103,1028.7837339962841,1028.2472268510605,1028.3064334231135,-0.5365071452235138,1585.8395771081834,1592.4079351545618,1589.135583758611,6.568358046378299,True,"Al,IPA,PG,MG",6.8285188351120425,10,True
water,73.11226,25.0,26.887739999999987,1.81,6.731692585542708,3.63,13.500576842828746,3.63,13.500576842828746,0.22,0.8182167783532573,17.597739999999988,65.44893695044655,1028.9308383322439,1028.3943653991983,1028.4534974018961,-0.5364729330456809,1585.3226867560045,1591.8908881868178,1588.6185453297553,6.568201430813468,True,"Al,IPA,PG,MG",6.895623490955137,10,True
water,73.29368,25.0,26.706319999999998,1.81,6.777421973525368,3.63,13.592288267346456,3.63,13.592288267346456,0.22,0.8237750465058459,17.41632,65.21422644527587,1029.0654785978404,1028.529039556193,1028.5880975479604,-0.5364390416472669,1584.7469724543746,1591.3150184161364,1588.0426839437273,6.568045961761818,True,"Al,IPA,PG,MG",6.963667247427143,10,True
water,73.4751,25.0,26.524899999999995,1.81,6.823776903965709,3.63,13.685254232815206,3.63,13.685254232815206,0.22,0.8294093474433458,17.234899999999996,64.97630528296054,1029.1889895521676,1028.652584084626,1028.7115686183588,-0.5364054675417833,1584.1320287513856,1590.6999203811376,1587.4275941388553,6.567891629752012,True,"Al,IPA,PG,MG",7.032669122603982,10,True
water,73.65652,25.0,26.343479999999992,1.81,6.870770300658837,3.63,13.779500658227391,3.63,13.779500658227391,0.22,0.8351212520137813,17.053479999999993,64.7351071308726,1029.3045477700512,1028.7681755627664,1028.827087185898,-0.5363722072846986,1583.486594410105,1590.054332835494,1586.782014668569,6.567738425389164,True,"Al,IPA,PG,MG",7.102648661192914,10,True
water,73.83794,25.0,26.16205999999999,1.81,6.9184154458785,3.63,13.875054181513235,3.63,13.875054181513235,0.22,0.8409123746371657,16.87205999999999,64.49056381645786,1029.4149074759614,1028.8785682184885,1028.9374074730524,-0.5363392574729173,1582.8110800088316,1589.378666348186,1586.1063561016524,6.56758633935445,True,"Al,IPA,PG,MG",7.173625952760075,10,True
water,74.01936,25.0,25.980639999999987,1.81,6.966725992893173,3.63,13.97194218464211,3.63,13.97194218464211,0.22,0.8467843748267946,16.690639999999988,64.24260526299581,1029.5230845875997,1028.9867779728554,1029.0455453955483,-0.5363066147442697,1582.1059348441759,1588.6733702065806,1585.4010677253225,6.567435362404675,True,"Al,IPA,PG,MG",7.245621650722001,10,True
water,74.20078,25.0,25.79922,1.81,7.015715979010219,3.63,14.070192819782925,3.63,14.070192819782925,0.22,0.8527389587747227,16.50922,63.99115942264922,1029.6323769113617,1029.0961026355847,1029.1547987578288,-0.536274275777003,1581.3716484891297,1587.9389339745017,1584.6666391032973,6.5672854853718885,True,"Al,IPA,PG,MG",7.318656992138791,10,True
water,74.3822,25.0,25.617799999999995,1.81,7.065399839174326,3.63,14.169835036576133,3.63,14.169835036576133,0.22,0.8587778810046142,16.327799999999996,63.736152206668805,1029.7463856476904,1029.210143410401,1029.2687687584055,-0.5362422372892814,1580.6087519455705,1587.1758886447335,1583.9036012282972,6.567136699162944,True,"Al,IPA,PG,MG",7.392753818348661,10,True
water,74.56362,25.0,25.436379999999993,1.81,7.115792420147837,3.63,14.270898610572734,3.63,14.270898610572734,0.22,0.8649029460953173,16.146379999999994,63.47750741261138,1029.8690382508576,1029.332827754819,1029.39138284964,-0.5362104960386888,1579.8178182540746,1586.3848072488338,1583.1125271318588,6.566988994759083,True,"Al,IPA,PG,MG",7.467934596485809,10,True
water,74.74504,25.0,25.25495999999999,1.81,7.166908995302312,3.63,14.373414172899112,3.63,14.373414172899112,0.22,0.871116010478734,15.96495999999999,63.21514664842074,1030.0046126805505,1029.4684336317287,1029.5269189893302,-0.5361790488217385,1578.9994623958492,1585.5663047590647,1582.2940317862617,6.566842363215518,True,"Al,IPA,PG,MG",7.544222441926135,10,True
water,74.92646,25.0,25.073539999999987,1.81,7.218765280052202,3.63,14.477413241209666,3.63,14.477413241209666,0.22,0.8774189843157373,15.783539999999988,62.94898925321274,1030.1610059255274,1029.6248580330541,1029.6832741643655,-0.5361478924733888,1578.1539980460182,1584.7206948416792,1581.448428857816,6.566696795660991,True,"Al,IPA,PG,MG",7.621641141707701,10,True
water,75.10788,25.0,24.89212,1.81,7.271377447963452,3.63,14.582928251993001,3.63,14.582928251993001,0.22,0.8838138334541212,15.60212,62.67895221459643,1030.4243459555378,1029.8882289316712,1029.946576342647,-0.5361170238665622,1577.2719966676673,1583.8385489509647,1580.5662898009032,6.56655228329735,True,"Al,IPA,PG,MG",7.700215178975716,10,True
water,75.2893,25.0,24.710699999999996,1.81,7.324762147571701,3.63,14.689992594301257,3.63,14.689992594301257,0.22,0.8903025814728034,15.420699999999997,62.40495008235299,1030.7378154971864,1030.2017290572746,1030.260008248951,-0.5360864399116725,1576.347628146399,1582.9140369637983,1579.641784492531,6.56640881739912,True,"Al,IPA,PG,MG",7.779969758504688,10,True
water,75.47072,25.0,24.529279999999993,1.81,7.378936519946776,3.63,14.79864064497613,3.63,14.79864064497613,0.22,0.8968873118167352,15.239279999999994,62.12689487828423,1030.976227628667,1030.4401714911107,1030.4983829596629,-0.5360561375561546,1575.3945003312688,1581.960766720582,1578.6885207732664,6.566266389313051,True,"Al,IPA,PG,MG",7.860930833353463,10,True
water,75.65214,25.0,24.34785999999999,1.81,7.4339182170424865,3.63,14.908907805449848,3.63,14.908907805449848,0.22,0.9035701700272636,15.057859999999991,61.84469600203056,1031.1794050686058,1030.6433789548219,1030.7015231916198,-0.5360261137840026,1574.407032941264,1580.9731579317217,1577.7009183537148,6.566124990457693,True,"Al,IPA,PG,MG",7.9431251327123205,10,True
water,75.83356,25.0,24.166439999999987,1.81,7.489725420872917,3.63,15.020830540203695,3.63,15.020830540203695,0.22,0.9103533660729513,14.876439999999988,61.558260132646744,1031.3798012624366,1030.8438048968212,1030.9018823884858,-0.5359963656153099,1573.3823917672698,1579.9483763795927,1576.6761430164825,6.565984612322939,True,"Al,IPA,PG,MG",8.026580191004696,10,True
water,76.01498,25.0,23.98502,1.81,7.546376863559005,3.63,15.134446416971928,3.63,15.134446416971928,0.22,0.9172391767861774,14.69502,61.26749112571097,1031.577389657118,1031.0414227670121,1031.0994339954686,-0.5359668901058187,1572.3230624101043,1578.8889076565738,1575.6166803542117,6.565845246469601,True,"Al,IPA,PG,MG",8.111324378309982,10,True
water,76.1964,25.0,23.803599999999996,1.81,7.603891848291856,3.63,15.24979414878422,3.63,15.24979414878422,0.22,0.9242299484111649,14.513599999999997,60.972289905728545,1031.7721501959163,1031.2362125115699,1031.294157954103,-0.5359376843464696,1571.2319031445918,1577.7976100291207,1574.5253886336513,6.5657068845289395,True,"Al,IPA,PG,MG",8.197386932177926,10,True
water,76.37782,25.0,23.622179999999993,1.81,7.662290271262011,3.63,15.366913637945359,3.63,15.366913637945359,0.22,0.9313280992694157,14.332179999999994,60.67255435357786,1031.9640701427033,1031.4281613972403,1031.486041526547,-0.5359087454629619,1570.112182068961,1576.6777515871631,1573.4055359450535,6.565569518202234,True,"Al,IPA,PG,MG",8.284797990909308,10,True
water,76.55924,25.0,23.44075999999999,1.81,7.72159264460709,3.63,15.485846022057311,3.63,15.485846022057311,0.22,0.9385361225489279,14.150759999999991,60.368179188729364,1032.1531449880265,1031.6172649174111,1031.6750802016531,-0.5358800706153147,1568.9676175809925,1575.5330507202527,1572.2608406783215,6.5654331392603265,True,"Al,IPA,PG,MG",8.373588628382516,10,True
water,76.74066,25.0,23.259339999999987,1.81,7.781820120433344,3.63,15.606633722195049,3.63,15.606633722195049,0.22,0.9458565892239423,13.969339999999988,60.05905584595262,1032.3393794448841,1031.8035277878867,1031.8612786907431,-0.5358516569974366,1567.802422448054,1574.3677201875971,1571.09551559304,6.565297739543169,True,"Al,IPA,PG,MG",8.463790890510268,10,True
water,76.92208,25.0,23.07792,1.81,7.842994515970243,3.63,15.729320493354688,3.63,15.729320493354688,0.22,0.9532921511124053,13.78792,59.74507234620798,1032.5227885429208,1031.9869650410842,1032.0446520218018,-0.5358235018366972,1566.6213517539065,1573.186515064866,1569.9143157652838,6.565163310959366,True,"Al,IPA,PG,MG",8.555437833416267,10,True
water,77.1035,25.0,22.896499999999996,1.81,7.90513833992095,3.63,15.853951477300027,3.63,15.853951477300027,0.22,0.9608455440787895,13.606499999999997,59.42611316140021,1032.7033988306582,1032.1676032282646,1032.2252267417098,-0.5357956023935069,1565.4297550204708,1571.9947848659565,1568.7225907093796,6.565029845485737,True,"Al,IPA,PG,MG",8.648563563427157,10,True
water,77.28492,25.0,22.715079999999993,1.81,7.968274820075476,3.63,15.980573257941424,3.63,15.980573257941424,0.22,0.9685195913903895,13.425079999999994,59.102059072651286,1032.8812496963187,1032.3454817403579,1032.4030422370652,-0.5357679559608989,1564.2336328173399,1570.7985301525066,1567.5263409874187,6.564897335166838,True,"Al,IPA,PG,MG",8.743203278981223,10,True
water,77.46634,25.0,22.53365999999999,1.81,8.03242793225779,3.63,16.109233919389933,3.63,16.109233919389933,0.22,0.9763172072357535,13.243659999999991,58.77278702172659,1033.0563948188944,1032.5206542590304,1032.5781521852532,-0.535740559864119,1563.0396981851054,1569.6044639572199,1566.3322796325822,6.564765772114521,True,"Al,IPA,PG,MG",8.839393314561962,10,True
water,77.64776,25.0,22.352239999999988,1.81,8.097622430682566,3.63,16.23998310683852,3.63,16.23998310683852,0.22,0.9842414004144556,13.062239999999989,58.438169955225945,1033.2289037622847,1032.6931903508246,1032.750626148583,-0.5357134114602178,1561.8546346782289,1568.4192698267364,1565.14709019201,6.564635148507478,True,"Al,IPA,PG,MG",8.937171186771439,10,True
water,77.82918,25.0,22.17082,1.81,8.163883879802372,3.63,16.37287209043238,3.63,16.37287209043238,0.22,0.992295278208023,12.88082,58.09807666112484,1033.3988637266511,1032.8631772185136,1032.920551325643,-0.5356865081376496,1560.6776824413487,1567.2421878979394,1563.9700128031072,6.5645054565907675,True,"Al,IPA,PG,MG",9.036575642666088,10,True
water,78.0106,25.0,21.989399999999996,1.81,8.231238687731363,3.63,16.50795383230102,3.63,16.50795383230102,0.22,1.000482050442486,12.699399999999997,57.75237159722411,1033.5663814725742,1033.0307216252584,1033.088034475457,-0.5356598473158758,1559.5031366700327,1566.067513358708,1562.795342654295,6.564376688675375,True,"Al,IPA,PG,MG",9.137646710485594,10,True
water,78.19202,25.0,21.807979999999993,1.81,8.299714141337256,3.63,16.645283056936044,3.63,16.645283056936044,0.22,1.0088050337536996,12.517979999999994,57.400914711036954,1033.731585435231,1033.195952008786,1033.2532040316614,-0.535633426444972,1558.3244551904675,1564.8887040276052,1561.6165375646983,6.564248837137737,True,"Al,IPA,PG,MG",9.240425752914124,10,True
water,78.37344,25.0,21.62655999999999,1.81,8.3693384430996,3.63,16.78491632511135,3.63,16.78491632511135,0.22,1.0172676560673546,12.336559999999992,57.04356125061034,1033.8946280475702,1033.359020804565,1033.4162124256811,-0.5356072430052417,1557.1342246405468,1563.698346534966,1560.4261841652346,6.564121894419298,True,"Al,IPA,PG,MG",9.344955523022751,10,True
water,78.55486,25.0,21.445139999999988,1.81,8.440140749838896,3.63,16.926912111555357,3.63,16.926912111555357,0.22,1.0258734613063851,12.155139999999989,56.68016156574401,1034.0556882934682,1033.5201069989614,1033.5772386398833,-0.5355812945068333,1555.924070619662,1562.488066472688,1559.215908048401,6.563995853026039,True,"Al,IPA,PG,MG",9.451280223051757,10,True
water,78.73628,25.0,21.26372,1.81,8.512151213428318,3.63,17.071330886599334,3.63,17.071330886599334,0.22,1.0346261143393536,11.97372,56.31056089903367,1034.214974514011,1033.6794189355217,1033.7364910138615,-0.5355555784893633,1554.684557789357,1561.248428494885,1557.9762738689292,6.56387070552802,True,"Al,IPA,PG,MG",9.559445566202381,10,True
water,78.9177,25.0,21.082299999999996,1.81,8.585401023607483,3.63,17.218235202041527,3.63,17.218235202041527,0.22,1.043529406184335,11.792299999999997,55.93459916612514,1034.3727274925172,1033.8371973999956,1033.8942103294576,-0.5355300925215428,1553.405078552482,1559.968824997041,1556.6966740229377,6.563746444558925,True,"Al,IPA,PG,MG",9.669498841619442,10,True
water,79.09912,25.0,20.900879999999994,1.81,8.659922453025905,3.63,17.36768978148289,3.63,17.36768978148289,0.22,1.0525872594838115,11.610879999999995,55.55211072452451,1034.5292238465877,1033.993719012387,1034.0506732028098,-0.5355048342008087,1552.0737287140707,1558.6373517768864,1555.365204308808,6.5636230628155925,True,"Al,IPA,PG,MG",9.78148898275847,10,True
water,79.28054,25.0,20.71945999999999,1.81,8.735748904652924,3.63,17.519761615408903,3.63,17.519761615408903,0.22,1.0618037342672062,11.429459999999992,55.16292413026207,1034.6847797584894,1034.1492999573366,1034.2061958147385,-0.5354798011529605,1550.6771682613862,1557.2406688144438,1553.9685247072296,6.563500553057576,True,"Al,IPA,PG,MG",9.895466639345052,10,True
water,79.46196,25.0,20.538039999999988,1.81,8.812914961700343,3.63,17.67452006131063,3.63,17.67452006131063,0.22,1.0711830340188262,11.248039999999989,54.76686188165957,1034.839755078503,1034.3043000874711,1034.3611380140926,-0.5354549910318007,1549.20046508519,1555.7638439932966,1552.491703102467,6.5633789081066585,True,"Al,IPA,PG,MG",10.011484253148325,10,True
water,79.64338,25.0,20.35662,1.81,8.891456440214535,3.63,17.832036949159537,3.63,17.832036949159537,0.22,1.080729512070275,11.06662,54.36374014939612,1034.9945578395682,1034.4591274380493,1034.5159078323943,-0.5354304015187816,1547.6232976170863,1554.1865557379328,1550.914417919704,6.563258120846418,True,"Al,IPA,PG,MG",10.129596137806598,10,True
water,79.8248,25.0,20.175199999999997,1.81,8.971410444506128,3.63,17.992386692573064,3.63,17.992386692573064,0.22,1.0904476783377615,10.885199999999998,53.953368492009986,1035.1496492256813,1034.6142431953585,1034.6709664522377,-0.535406030322652,1545.8930252579103,1552.456163442132,1549.18402855343,6.563138184221751,True,"Al,IPA,PG,MG",10.249858562960263,10,True
water,80.00622,25.0,19.993779999999994,1.81,9.052815425597364,3.63,18.155646406032282,3.63,18.155646406032282,0.22,1.100342206426199,10.703779999999995,53.53554955591188,1035.305549041064,1034.770167165885,1034.8268336764563,-0.5353818751791145,1544.0238079439641,1550.5868270352025,1547.314694933675,6.563019091238424,True,"Al,IPA,PG,MG",10.372329842965357,10,True
water,80.18764,25.0,19.81235999999999,1.81,9.135711242880712,3.63,18.32189602853977,3.63,18.32189602853977,0.22,1.1104179411236224,10.522359999999992,53.11007875891613,1035.4628417322187,1034.9274837983683,1034.984093950178,-0.5353579338504824,1542.0541691446333,1548.617069979596,1545.3449405236256,6.5629008349626226,True,"Al,IPA,PG,MG",10.497070430481651,10,True
water,80.36906,25.0,19.63093999999999,1.81,9.220139229196366,3.63,18.49121845413415,3.63,18.49121845413415,0.22,1.1206799063111605,10.34093999999999,52.67674395622418,1035.6221830206375,1035.0868488165122,1035.1434029935351,-0.5353342041253422,1540.0286637243194,1546.59144713284,1543.3193201815563,6.562783408520481,True,"Al,IPA,PG,MG",10.624143015250391,10,True
water,80.55048,25.0,19.44952,1.81,9.306142259551907,3.63,18.66369966970907,3.63,18.66369966970907,0.22,1.1311333133157013,10.15952,52.235325087714244,1035.7843072102312,1035.248996526413,1035.3054951090926,-0.5353106838182219,1537.9986213004472,1544.561288105545,1541.2891635188353,6.562666805097637,True,"Al,IPA,PG,MG",10.75361262840065,10,True
water,80.7319,25.0,19.268099999999997,1.81,9.393764823724188,3.63,18.839428900618124,3.63,18.839428900618124,0.22,1.1417835697344316,9.978099999999998,51.78559380530513,1035.950035240533,1035.4147478697637,1035.4711912350506,-0.5352873707692618,1536.0229462360817,1542.5854972540205,1539.3133748925409,6.562551017938777,True,"Al,IPA,PG,MG",10.88554675264866,10,True
water,80.91332,25.0,19.086679999999994,1.81,9.483053103001678,3.63,19.018498764583473,3.63,19.018498764583473,0.22,1.152636288762635,9.796679999999995,51.32731307906874,1036.1202835645374,1035.5850193016936,1035.6414078230853,-0.53526426284389,1534.1689699834772,1540.7314060238243,1537.4592857490093,6.5624360403471735,True,"Al,IPA,PG,MG",11.020015438782105,10,True
water,81.09474,25.0,18.90525999999999,1.81,9.574055051345503,3.63,19.201005434466396,3.63,19.201005434466396,0.22,1.1636972990585694,9.615259999999992,50.860236780663136,1036.2960739386847,1035.760832580752,1035.8171666283306,-0.5352413579325016,1532.5166913912683,1539.0790132569525,1535.806894931025,6.562321865684252,True,"Al,IPA,PG,MG",11.157091428851759,10,True
water,81.27616,25.0,18.72383999999999,1.81,9.666820481268806,3.63,19.38704881050042,3.63,19.38704881050042,0.22,1.1749726551818438,9.43383999999999,50.38410924254851,1036.4779225704958,1035.9427039165457,1035.9989838570157,-0.5352186539501438,1531.0355750792628,1537.597783566632,1534.3256670526127,6.562208487369121,True,"Al,IPA,PG,MG",11.296850286525206,10,True
water,81.45758,25.0,18.54242,1.81,9.761401154757577,3.63,19.57673270263536,3.63,19.57673270263536,0.22,1.1864686486445675,9.25242,49.898664791327136,1036.6623252650734,1036.1271291162373,1036.1833553129632,-0.5351961488362021,1529.5596279950512,1536.1217238939294,1532.8496090556455,6.562095898878131,True,"Al,IPA,PG,MG",11.439370535093234,10,True
water,81.639,25.0,18.360999999999997,1.81,9.857850879581724,3.63,19.770165023691522,3.63,19.770165023691522,0.22,1.198191819617668,9.070999999999998,49.40362725341757,1036.848518914645,1036.3133450740909,1036.3695178871344,-0.5351738405540937,1527.9349135526859,1534.4968976464304,1531.2247843485231,6.561984093744423,True,"Al,IPA,PG,MG",11.584733803658246,10,True
water,81.82042,25.0,18.179579999999994,1.81,9.956225611372764,3.63,19.967457994079076,3.63,19.967457994079076,0.22,1.210148969338126,8.889579999999995,48.89870943113096,1037.036495978631,1036.5013442515399,1036.5574640376958,-0.5351517270909614,1526.2250679595115,1532.786941025069,1529.5148291330024,6.561873065557492,True,"Al,IPA,PG,MG",11.733024982076074,10,True
water,82.00184,25.0,17.99815999999999,1.81,10.056583561875218,3.63,20.168728358898917,3.63,20.168728358898917,0.22,1.2223471732666011,8.708159999999992,48.383612547060345,1037.2262480483942,1036.6911182419367,1036.7471853547688,-0.5351298064573755,1524.4427203525825,1531.004483160545,1527.7323725406122,6.561762807962725,True,"Al,IPA,PG,MG",11.884332385269044,10,True
water,82.18326,25.0,17.81673999999999,1.81,10.158985313811623,3.63,20.37409761830729,3.63,20.37409761830729,0.22,1.2347937950489267,8.52673999999999,47.85802565452487,1037.417766035396,1036.882657958709,1036.9386727485858,-0.5351080766870359,1522.5986551203328,1529.1603084349938,1525.888198954324,6.561653314660969,True,"Al,IPA,PG,MG",12.038747927578111,10,True
water,82.36467999999999,25.0,17.63532,1.81,10.263493942837442,3.63,20.583692272099402,3.63,20.583692272099402,0.22,1.2474965013393575,8.345320000000001,47.321625011624405,1037.6095856939287,1037.0744991580923,1037.1304619722225,-0.5350865358364796,1520.6855678992779,1527.247112478686,1523.9750040052518,6.561544579408081,True,"Al,IPA,PG,MG",12.196367307876992,10,True
water,82.5461,25.0,17.453899999999997,1.81,10.370175147101795,3.63,20.797644079546696,3.63,20.797644079546696,0.22,1.2604632775482845,8.163899999999998,46.77407341625654,1037.798060819238,1037.2629956372532,1037.3189068197198,-0.5350651819847925,1518.6635962623177,1525.2250328583323,1521.952925260955,6.561436596014499,True,"Al,IPA,PG,MG",12.357290206231445,10,True
water,82.72752,25.0,17.272479999999995,1.81,10.479097384973093,3.63,21.01609033560902,3.63,21.01609033560902,0.22,1.273702444582365,7.982479999999995,46.21501949922651,1037.9826530834112,1037.4476090701778,1037.5034689619727,-0.5350440132333237,1516.5207303203645,1523.0820596787094,1519.8099528270645,6.5613293583447865,True,"Al,IPA,PG,MG",12.521620492952314,10,True
water,82.90894,25.0,17.09105999999999,1.81,10.59033202153641,3.63,21.239174164738767,3.63,21.239174164738767,0.22,1.2872226766508346,7.8010599999999926,45.64409697233523,1038.1629389590885,1037.627915931383,1037.68372487044,-0.5350230277054048,1514.2455561203033,1520.8067789806205,1517.534672745244,6.561222860317207,True,"Al,IPA,PG,MG",12.689466450963515,10,True
water,83.09036,25.0,16.90963999999999,1.81,10.703953484521262,3.63,21.467044833597893,3.63,21.467044833597893,0.22,1.301033020218054,7.61963999999999,45.06092382806491,1038.3384650953315,1037.8034628717853,1037.8592211930147,-0.5350022235460711,1511.8263838301689,1518.387500926072,1515.1153951783638,6.5611170959032865,True,"Al,IPA,PG,MG",12.860941012484746,10,True
water,83.27177999999999,25.0,16.72822,1.81,10.820039430375736,3.63,21.699858084123715,3.63,21.699858084123715,0.22,1.315142914189316,7.438220000000001,44.465101487187525,1038.5087464549888,1037.973764856067,1038.0294728913873,-0.5349815989217888,1509.2512882819215,1515.8123003410487,1512.540194953278,6.561012059127373,True,"Al,IPA,PG,MG",13.036162011115653,10,True
water,83.4532,25.0,16.546799999999998,1.81,10.938670921265745,3.63,21.937776488505335,3.63,21.937776488505335,0.22,1.3295622114245658,7.256799999999998,43.856213890299024,1038.6732643661578,1038.1383032141375,1038.1939612925091,-0.5349611520201834,1506.508135534102,1513.0690432781682,1509.7969381234773,6.560907744066214,True,"Al,IPA,PG,MG",13.21525245050364,10,True
water,83.63462,25.0,16.365379999999995,1.81,11.059932613847039,3.63,22.180969827770582,3.63,22.180969827770582,0.22,1.3443012016830655,7.075379999999996,43.23382652892874,1038.831464490006,1038.2965236089562,1038.3521320564128,-0.5349408810497733,1503.5845852087655,1510.145389353614,1506.8732843060227,6.5608041448485235,True,"Al,IPA,PG,MG",13.39834079088189,10,True
water,83.81604,25.0,16.183959999999992,1.81,11.183912960733966,3.63,22.42961549583663,3.63,22.42961549583663,0.22,1.359370636111311,6.893959999999993,42.597485411481465,1038.9827547087875,1038.447833924548,1038.5033930642278,-0.5349207842397059,1500.4480154872483,1507.0087167429028,1503.7366116773114,6.560701255654548,True,"Al,IPA,PG,MG",13.585561254880218,10,True
water,83.99746,25.0,16.00253999999999,1.81,11.310704425672432,3.63,22.683898931044713,3.63,22.683898931044713,0.22,1.3747817533966493,6.71253999999999,41.9467159588415,1039.1266814806263,1038.5917806207867,1038.647290772966,-0.5349008598394976,1496.9085175076236,1503.4691165783393,1500.1970113705318,6.560599070715648,True,"Al,IPA,PG,MG",13.777054154137934,10,True
water,84.17887999999999,25.0,15.821120000000002,1.81,11.440403713517119,3.63,22.944014077385162,3.63,22.944014077385162,0.22,1.3905463077203128,6.531120000000001,41.28102182399223,1039.2637556614966,1038.7288745553778,1038.7843360374989,-0.534881106118777,1493.0699534615117,1499.6304510458256,1496.3583455724727,6.56049758431387,True,"Al,IPA,PG,MG",13.972966238388576,10,True
water,84.3603,25.0,15.6397,1.81,11.573112016215145,3.63,23.210163877823746,3.63,23.210163877823746,0.22,1.4066765986559846,6.349699999999999,40.599883629481376,1039.3943277973196,1038.8594662759526,1038.9148794026569,-0.5348615213670319,1489.07627738536,1495.6366741761417,1492.3645683148034,6.560396790781526,True,"Al,IPA,PG,MG",14.173451068841308,10,True
water,84.54172,25.0,15.458279999999997,1.81,11.708935276110928,3.63,23.482560802366116,3.63,23.482560802366116,0.22,1.423185503173704,6.168279999999996,39.90275761598313,1039.5187757519848,1038.9839336480914,1039.039298731248,-0.5348421038933587,1484.9425431529048,1491.5028398374056,1488.2307334665334,6.5602966845007735,True,"Al,IPA,PG,MG",14.378669417854722,10,True
water,84.72314,25.0,15.276859999999994,1.81,11.84798446801241,3.63,23.761427413748645,3.63,23.761427413748645,0.22,1.4400865099241604,5.986859999999993,39.189074194566125,1039.6375920793434,1039.1027692273171,1039.1580865760536,-0.5348228520262157,1480.6863062619143,1487.2465035218174,1483.9743965207563,6.560197259903196,True,"Al,IPA,PG,MG",14.588789697089066,10,True
water,84.90456,25.0,15.095439999999991,1.81,11.990375901596781,3.63,24.046996973920617,3.63,24.046996973920617,0.22,1.4573937559951888,5.80543999999999,38.45823639456679,1039.751402720265,1039.216598956152,1039.2718688768834,-0.5348037641131805,1476.3279445843502,1482.8880430958197,1479.6159353448097,6.560098511469399,True,"Al,IPA,PG,MG",14.803988416532436,10,True
water,85.08597999999999,25.0,14.914020000000002,1.81,12.136231545887693,3.63,24.33951409479134,3.63,24.33951409479134,0.22,1.4751220663509903,5.624020000000002,37.70961819817863,1039.8609885551487,1039.326203716628,1039.3814265130864,-0.5347848385207085,1471.891209126265,1478.4512095599937,1475.1791009401716,6.560000433728569,True,"Al,IPA,PG,MG",15.024450677029945,10,True
water,85.2674,25.0,14.7326,1.81,12.285679377706582,3.63,24.639235437057955,3.63,24.639235437057955,0.22,1.4932869961853306,5.442599999999999,36.94256275199217,1039.9673102631748,1039.432544189541,1039.4877201628035,-0.5347660736338957,1467.4089886839968,1473.968891705255,1470.6967820986556,6.559903021258098,True,"Al,IPA,PG,MG",15.25037069920392,10,True
water,85.44882,25.0,14.551179999999997,1.81,12.438853756190221,3.63,24.94643046130967,3.63,24.94643046130967,0.22,1.5119048764430105,5.261179999999996,36.15638044474742,1040.0715370157486,1039.5367895478923,1039.5919189964102,-0.5347474678562458,1462.9132423895596,1469.4730486582428,1466.2009379478,6.559806268683146,True,"Al,IPA,PG,MG",15.48195239194079,10,True
water,85.63024,25.0,14.369759999999994,1.81,12.595895825678374,3.63,25.261382236029004,3.63,25.261382236029004,0.22,1.5309928627896365,5.079759999999993,35.35034683947397,1040.1750796214294,1039.64035060182,1039.695433821446,-0.5347290196094382,1458.4365130689619,1464.996223239638,1461.7241113091848,6.559710170676253,True,"Al,IPA,PG,MG",15.719409963941851,10,True
water,85.81166,25.0,14.188339999999991,1.81,12.756953949510663,3.63,25.584388307582156,3.63,25.584388307582156,0.22,1.5505689883383125,4.89833999999999,34.5237004469867,1040.2799477391163,1039.7452370117833,1039.8002742958001,-0.5347107273331003,1454.0132994955566,1460.5729142175135,1457.300800951783,6.559614721956925,True,"Al,IPA,PG,MG",15.962968582191975,10,True
water,85.99307999999999,25.0,14.006920000000003,1.81,12.922184177535101,3.63,25.915761637819017,3.63,25.915761637819017,0.22,1.5706522204738798,4.716920000000002,33.67564032635298,1040.3939123436983,1039.8592197542137,1039.914211393361,-0.5346925894845825,1449.584636272386,1456.1441561896772,1452.8720414743027,6.559519917291235,True,"Al,IPA,PG,MG",16.21286508160031,10,True
water,86.1745,25.0,13.8255,1.81,13.09175075042494,3.63,26.25583161549311,3.63,26.25583161549311,0.22,1.5912625221510976,4.535499999999999,32.80532349643774,1040.5086048006979,1039.973930196159,1040.0288764786603,-0.5346746045387363,1445.0302568550005,1451.589682606492,1448.3175663280074,6.559425751491421,True,"Al,IPA,PG,MG",16.46934873051337,10,True
water,86.35592,25.0,13.644079999999997,1.81,13.265826644229588,3.63,26.604945148372046,3.63,26.604945148372046,0.22,1.6124209180831544,4.354079999999996,31.911862140943157,1040.6127225528135,1040.0780657818257,1040.1329669934153,-0.5346567709876954,1440.26789211597,1446.8272243353854,1443.555106381225,6.5593322194155,True,"Al,IPA,PG,MG",16.73268205730064,10,True
water,86.53734,25.0,13.462659999999994,1.81,13.44459415895522,3.63,26.963467843650523,3.63,26.963467843650523,0.22,1.63414956628185,4.172659999999993,30.99432058746188,1040.6932127336481,1040.1585736463076,1040.2134300702562,-0.5346390873406582,1435.3272579193954,1441.8864972353622,1438.6143774938594,6.5592393159668525,True,"Al,IPA,PG,MG",17.0031417437741,10,True
water,86.71876,25.0,13.281239999999991,1.81,13.628245555384897,3.63,27.33178528510894,3.63,27.33178528510894,0.22,1.6564718354611478,3.9912399999999906,30.05171203893607,1040.7347636735797,1040.2001421214559,1040.2549540385985,-0.5346215521236772,1430.2064090368463,1436.7655560729402,1433.493434433328,6.559147036093858,True,"Al,IPA,PG,MG",17.281019591831942,10,True
water,86.90018,25.0,13.099819999999989,1.81,13.816983744814825,3.63,27.710304416396585,3.63,27.710304416396585,0.22,1.6794123888725203,3.8098199999999878,29.082995033519477,1040.7266765701886,1040.192072406309,1040.2468400950686,-0.5346041638794454,1424.7407510863914,1431.2998064611809,1428.027682813591,6.5590553747894775,True,"Al,IPA,PG,MG",17.566623570425207,10,True
water,87.0816,25.0,12.9184,1.81,14.011023036908595,3.63,28.099455040871934,3.63,28.099455040871934,0.22,1.7029972752043596,3.628399999999999,28.08706960614317,1040.6943311059606,1040.1597441847935,1040.2144679212074,-0.5345869211670903,1418.2391299254678,1424.7980942525587,1421.52596848802,6.558964327090881,True,"Al,IPA,PG,MG",17.860278950743428,10,True
water,87.26302,25.0,12.736979999999997,1.81,14.210589951464165,3.63,28.4996914496215,3.63,28.4996914496215,0.22,1.727254027249788,3.4469799999999964,27.062773122043037,1040.6440892750304,1040.1095194524685,1040.1641995102134,-0.5345698225619688,1410.9368463448966,1417.4957202329756,1414.2235922434138,6.55887388807907,True,"Al,IPA,PG,MG",18.162329538415253,10,True
water,87.44444,25.0,12.555559999999995,1.81,14.415924100557847,3.63,28.91149419062154,3.63,28.91149419062154,0.22,1.7522117691285781,3.2655599999999936,26.00887574907049,1040.5785602161106,1040.0440073494551,1040.0986439998724,-0.5345528666554642,1403.261427996558,1409.8202120494366,1406.5480817276718,6.558784052878475,True,"Al,IPA,PG,MG",18.47313901253636,10,True
water,87.62586,25.0,12.374139999999992,1.81,14.627279148288295,3.63,29.335371993528458,3.63,29.335371993528458,0.22,1.7779013329411186,3.0841399999999908,24.92407553171366,1040.501073647178,1039.966537595123,1040.0211311072421,-0.5345360520547868,1395.7122196398748,1402.2709144565313,1398.9987816962785,6.558694816656591,True,"Al,IPA,PG,MG",18.79309238248867,10,True
water,87.80728,25.0,12.192719999999989,1.81,14.844923856202731,3.63,29.771863866307136,3.63,29.771863866307136,0.22,1.804355385836796,2.902719999999988,23.806993025346195,1040.4190223387393,1039.8845029613565,1039.9390536019198,-0.5345193773827773,1388.7560964734141,1395.3147026480376,1392.0425673439029,6.558606174623593,True,"Al,IPA,PG,MG",19.122597574819075,10,True
water,87.9887,25.0,12.0113,1.81,15.06914322346457,3.63,30.22154138186541,3.63,30.22154138186541,0.22,1.8316085685979036,2.7212999999999994,22.6561654442067,1040.3393359561642,1039.8048331148864,1039.8593411483732,-0.5345028412777122,1382.3584897426492,1388.9170078646812,1385.644869912161,6.558518122031972,True,"Al,IPA,PG,MG",19.46208716392888,10,True
water,88.17012,25.0,11.829879999999998,1.81,15.30023973193304,3.63,30.68501117509223,3.63,30.68501117509223,0.22,1.8596976469752866,2.5398799999999966,21.470040270907205,1040.241949101176,1039.707462658783,1039.761928347433,-0.5344864423931112,1377.2921374826076,1383.8505681367837,1380.5784274322637,6.558430654176142,True,"Al,IPA,PG,MG",19.81202026201219,10,True
water,88.35154,25.0,11.648459999999995,1.81,15.538534707592255,3.63,31.162917673237505,3.63,31.162917673237505,0.22,1.8886616771659095,2.358459999999994,20.246968268766814,1040.1000444832148,1039.5655743038171,1039.6199979076544,-0.5344701793975491,1370.8583441558048,1377.4166879221968,1374.1445443629486,6.558343766392096,True,"Al,IPA,PG,MG",20.17288458560442,10,True
water,88.53296,25.0,11.467039999999992,1.81,15.78436981121546,3.63,31.65594608547631,3.63,31.65594608547631,0.22,1.9185421869985642,2.177039999999991,18.985195830833348,1039.9063634053405,1039.371909354366,1039.4262911312205,-0.5344540509744681,1360.1130782287967,1366.6713356828536,1363.3991891670325,6.558257454057015,True,"Al,IPA,PG,MG",20.545198718300636,10,True
water,88.71438,25.0,11.285619999999989,1.81,16.03810867280665,3.63,32.164825680822176,3.63,32.164825680822176,0.22,1.9493833745952833,1.9956199999999882,17.682856590953712,1039.6572075207669,1039.122769464945,1039.177109670477,-0.5344380558219939,1348.18148433531,1354.739656047899,1351.4675064745427,6.558171712588922,True,"Al,IPA,PG,MG",20.929514591717645,10,True
water,88.8958,25.0,11.1042,1.81,16.300138686262855,3.63,32.69033338736694,3.63,32.69033338736694,0.22,1.9812323265070872,1.8141999999999996,16.33796221249617,1039.3196944268072,1038.7852722341545,1038.8395711218761,-0.5344221926527529,1338.7991146420477,1345.357201179494,1342.08504844852,6.558086537446307,True,"Al,IPA,PG,MG",21.326420209659645,10,True
water,89.07722,25.0,10.922779999999998,1.81,16.570872982885312,3.63,33.233297750206454,3.63,33.233297750206454,0.22,2.01413925758827,1.6327799999999968,14.948392259113497,1038.8700738142868,1038.3356673540932,1038.389925175391,-0.5344064601936945,1330.5907240407141,1337.1487259648418,1333.8765699770438,6.558001924127773,True,"Al,IPA,PG,MG",21.736542643763695,10,True
water,89.25864,25.0,10.741359999999995,1.81,16.850752604884306,3.63,33.79460329045858,3.63,33.79460329045858,0.22,2.048157775179308,1.451359999999994,13.511883039019217,1038.4646216835743,1037.9302308263884,1037.9844478305456,-0.5343908571859122,1321.6384139320369,1328.1963318002086,1324.9241724572544,6.557917868171685,True,"Al,IPA,PG,MG",22.160551332721283,10,True
water,89.44006,25.0,10.559939999999992,1.81,17.140248902929386,3.63,34.375195313609765,3.63,34.375195313609765,0.22,2.083345170521804,1.2699399999999912,12.026015299329277,1037.8969345664464,1037.3625591840619,1037.4167356182795,-0.5343753823844691,1311.1506337529127,1317.7084681180684,1314.436305322498,6.557834365155801,True,"Al,IPA,PG,MG",22.59916172158478,10,True
water,89.62148,25.0,10.37851999999999,1.81,17.439866185159367,3.63,34.97608522217044,3.63,34.97608522217044,0.22,2.1197627407376025,1.0885199999999884,10.488200629762138,1037.0664730604583,1036.5321130259001,1036.5862491353187,-0.5343600345582263,1300.146362544156,1306.704113954853,1303.4319476100738,6.557751410696936,True,"Al,IPA,PG,MG",23.05313928277188,10,True
water,89.8029,25.0,10.1971,1.81,17.750144648968824,3.63,35.59835639544576,3.63,35.59835639544576,0.22,2.157476145178531,0.9070999999999998,8.895666414961113,1036.3239840634144,1035.7896392509247,1035.8437352786457,-0.5343448124896721,1289.6327029070028,1296.1903719074535,1292.918201917739,6.5576690004505975,True,"Al,IPA,PG,MG",23.523303966304482,10,True
water,89.98432,25.0,10.015679999999998,1.81,18.071663631425928,3.63,36.243170708329345,3.63,36.243170708329345,0.22,2.1965558005048087,0.725679999999997,7.24543915141056,1035.631850919499,1035.0975212045241,1035.1515773916303,-0.5343297149747532,1278.9630684882986,1285.5206556184094,1282.2484818888956,6.557587130110655,True,"Al,IPA,PG,MG",24.010535133707226,10,True
water,90.16574,25.0,9.834259999999995,1.81,18.405045219467464,3.63,36.911775771639164,3.63,36.911775771639164,0.22,2.2370773194932827,0.5442599999999942,5.534325917760914,1034.7034893936336,1034.1691746528109,1034.223191238388,-0.5343147408227107,1267.5943070197156,1274.1518128151247,1270.8796352518066,6.557505795408982,True,"Al,IPA,PG,MG",24.51577703802204,10,True
water,90.34716,25.0,9.652839999999992,1.81,18.75095826720428,3.63,37.6055129889235,3.63,37.6055129889235,0.22,2.2791219993286966,0.3628399999999914,3.7588937556200213,1033.7851693105194,1033.2508694216635,1033.3048466428197,-0.5342998888559145,1254.7494384227787,1261.3068634148938,1258.034681924622,6.557424992115124,True,"Al,IPA,PG,MG",25.040044921787178,10,True
water,90.52858,25.0,9.47141999999999,1.81,19.110122874922684,3.63,38.32582653920958,3.63,38.32582653920958,0.22,2.322777366012702,0.1814199999999886,1.9154466806454449,1032.520694919423,1031.9864097615134,1032.0403478534,-0.5342851579097041,1239.1754725292476,1245.7328172452835,1242.4606317357614,6.557344716035956,True,"Al,IPA,PG,MG",25.584431815837686,10,True
water,90.71,25.0,9.290000000000001,1.81,19.483315392895584,3.63,39.07427341227125,3.63,39.07427341227125,0.22,2.3681377825618943,0.0,0.0,1030.8519390665429,1030.3176685197107,1030.371567715542,-0.5342705468322274,1216.718965145669,1223.2762301086843,1220.004040488464,6.557264963015344,True,"Al,IPA,PG,MG",26.150116134729508,10,True
