SeqNo,Date,UTC Time,Nr,ProbeNr,m_SL120,m_Wasser,m_IPA,m_PG,m_MG,m_vorher,m_nachher,Pumpe_pct,Rho_M,Rho_S,Rho_Sp,C_M,C_S,C_Sp,T_M,T_S,Per_M,Per_S,RunT_M,RunT_S,N,Stabil,SensOK,Gueltig,Source_File,Source_Path,Source_Row,Mass_Total_g,Al_wt_pct,IPA_wt_pct,PG_wt_pct,MG_wt_pct,Water_wt_pct,Composition_Sum_wt_pct,Measurement_Time_UTC,Elapsed_Time_h,Time_Delta_min,Time_Gap_Flag,Time_Segment,Segment_Elapsed_h,Evaluation_Reason,Evaluation_Usable,Rho_Sim_kg_m3,C_Sim_m_s,Simulation_Status,Rho_Error,Rho_Abs_Error,Rho_Rel_Error_pct,Rho_Abs_Rel_Error_pct,C_Error,C_Abs_Error,C_Rel_Error_pct,C_Abs_Rel_Error_pct,Rho_High_Deviation,C_High_Deviation
1,2012-01-23,00:14:28.362,1,0,0.0,100.0,0.0,0.0,0.0,0.0,0.0,100.0,997.0609,0.001130288,0.005249023,1495.739,0.01202353,0.0447998,24.64088,0.004382846,1496.219,0.0006385954,7.021508,3.291966e-05,100,1,1,1,Kennfeld_v2 (18)_korrigiert.csv,C:\Users\nikla\OneDrive\Documents\01_Uni\01_Master\00_Masterarbeit\sim_par_ink_prop\laboratory_measurement_L-Com\measurement_data\Kennfeld_v2 (18)_korrigiert.csv,2,100.0,0.0,0.0,0.0,0.0,100.0,100.0,2012-01-23 00:14:28.362,0.0,,False,1,0.0,,True,997.1325975999999,1495.7272328299673,ok,0.07169759999999314,0.07169759999999314,0.007190894758784859,0.007190894758784859,-0.011767170032726426,0.011767170032726426,-0.0007867127909833484,0.0007867127909833484,False,False
2,2012-01-23,00:14:58.458,2,0,0.0,100.0,0.0,0.0,0.0,0.0,0.0,100.0,997.0598,0.001170192,0.004638672,1495.749,0.01044954,0.04321289,24.64495,0.003775247,1496.22,0.0005380613,7.021479,2.872056e-05,100,1,1,1,Kennfeld_v2 (18)_korrigiert.csv,C:\Users\nikla\OneDrive\Documents\01_Uni\01_Master\00_Masterarbeit\sim_par_ink_prop\laboratory_measurement_L-Com\measurement_data\Kennfeld_v2 (18)_korrigiert.csv,3,100.0,0.0,0.0,0.0,0.0,100.0,100.0,2012-01-23 00:14:58.458,0.00836,0.5016,False,1,0.00836,,True,997.1316615000001,1495.7382063314856,ok,0.07186150000006819,0.07186150000006819,0.0072073410240858365,0.0072073410240858365,-0.010793668514452293,0.010793668514452293,-0.0007216229804901953,0.0007216229804901953,False,False
3,2012-01-23,00:15:06.871,3,0,0.0,100.0,0.0,0.0,0.0,0.0,0.0,100.0,997.0596,0.001176809,0.004638672,1495.752,0.01034916,0.04284668,24.64603,0.003716595,1496.22,0.0005300458,7.02147,2.840971e-05,100,1,1,1,Kennfeld_v2 (18)_korrigiert.csv,C:\Users\nikla\OneDrive\Documents\01_Uni\01_Master\00_Masterarbeit\sim_par_ink_prop\laboratory_measurement_L-Com\measurement_data\Kennfeld_v2 (18)_korrigiert.csv,4,100.0,0.0,0.0,0.0,0.0,100.0,100.0,2012-01-23 00:15:06.871,0.010696944444444445,0.14021666666666668,False,1,0.010696944444444445,,True,997.1314130999999,1495.7411179803912,ok,0.07181309999987207,0.07181309999987207,0.007202488196279546,0.007202488196279546,-0.010882019608743576,0.010882019608743576,-0.0007275283341585756,0.0007275283341585756,False,False
4,2026-08-20,09:18:06.037,1,0,100.36,1006.87,0.0,0.0,0.0,0.0,0.0,100.0,1004.935,0.0006024943,0.003051758,1543.003,0.009023429,0.04394531,23.70149,0.003078766,1497.912,0.0008050053,6.891023,2.394567e-05,100,1,1,1,Kennfeld_v2 (18)_korrigiert.csv,C:\Users\nikla\OneDrive\Documents\01_Uni\01_Master\00_Masterarbeit\sim_par_ink_prop\laboratory_measurement_L-Com\measurement_data\Kennfeld_v2 (18)_korrigiert.csv,5,1107.23,1.8128121528499048,3.6256243056998096,3.6256243056998096,0.0,90.93593923575048,100.0,2026-08-20 09:18:06.037,127761.06046527778,276516.80546666664,True,3,0.0,,True,1005.9185888475337,1540.680324892243,ok,0.9835888475337242,0.9835888475337242,0.09787586734801,0.09787586734801,-2.3226751077568224,2.3226751077568224,-0.150529526368829,0.150529526368829,False,False
5,2026-08-20,09:24:02.749,2,0,100.36,1006.87,0.0,0.0,0.0,0.0,0.0,100.0,1004.939,0.0007044451,0.002929688,1542.997,0.007206327,0.04016113,23.73992,0.00429098,1497.922,0.0009035594,6.891049,1.927731e-05,100,1,1,1,Kennfeld_v2 (18)_korrigiert.csv,C:\Users\nikla\OneDrive\Documents\01_Uni\01_Master\00_Masterarbeit\sim_par_ink_prop\laboratory_measurement_L-Com\measurement_data\Kennfeld_v2 (18)_korrigiert.csv,6,1107.23,1.8128121528499048,3.6256243056998096,3.6256243056998096,0.0,90.93593923575048,100.0,2026-08-20 09:24:02.749,127761.15955194445,5.9452,False,3,0.09908666666666667,,True,1005.9065501337996,1540.7476265752161,ok,0.9675501337995911,0.9675501337995911,0.09627948898386779,0.09627948898386779,-2.2493734247839257,2.2493734247839257,-0.1457795073343581,0.1457795073343581,False,False
6,2026-08-20,09:26:07.117,3,0,100.36,1006.87,0.0,0.0,0.0,0.0,0.0,100.0,1004.94,0.000712341,0.003051758,1542.991,0.007771788,0.03881836,23.75398,0.003282262,1497.925,0.0008760545,6.891068,2.086574e-05,100,1,1,1,Kennfeld_v2 (18)_korrigiert.csv,C:\Users\nikla\OneDrive\Documents\01_Uni\01_Master\00_Masterarbeit\sim_par_ink_prop\laboratory_measurement_L-Com\measurement_data\Kennfeld_v2 (18)_korrigiert.csv,7,1107.23,1.8128121528499048,3.6256243056998096,3.6256243056998096,0.0,90.93593923575048,100.0,2026-08-20 09:26:07.117,127761.19409861111,2.0728,False,3,0.13363333333333333,,True,1005.9021456484702,1540.7722188788484,ok,0.9621456484701412,0.9621456484701412,0.09574160133641224,0.09574160133641224,-2.218781121151551,2.218781121151551,-0.1437974117251203,0.1437974117251203,False,False
7,2026-08-20,11:32:24.579,1,1,100.36,1006.87,0.0,0.0,0.0,0.0,0.0,100.0,1005.29,0.001352826,0.004943848,1541.424,0.01041913,0.04553223,23.72909,0.001413905,1498.006,0.0004556416,6.895253,2.809287e-05,100,1,1,1,Kennfeld_v2 (18)_korrigiert.csv,C:\Users\nikla\OneDrive\Documents\01_Uni\01_Master\00_Masterarbeit\sim_par_ink_prop\laboratory_measurement_L-Com\measurement_data\Kennfeld_v2 (18)_korrigiert.csv,8,1107.23,1.8128121528499048,3.6256243056998096,3.6256243056998096,0.0,90.93593923575048,100.0,2026-08-20 11:32:24.579,0.0,,False,1,0.0,,True,1005.9099427773713,1540.7286726414472,ok,0.6199427773713069,0.6199427773713069,0.06166805373288373,0.06166805373288373,-0.6953273585527313,0.6953273585527313,-0.04510941561521887,0.04510941561521887,False,False
8,2026-08-20,11:42:02.944,2,1,100.36,1006.87,0.0,0.0,0.0,0.0,0.0,100.0,1005.355,0.004100476,0.01470947,1541.047,0.0244965,0.09643555,23.61622,0.008507211,1497.996,0.0008300083,6.896232,6.335228e-05,100,0,1,0,Kennfeld_v2 (18)_korrigiert.csv,C:\Users\nikla\OneDrive\Documents\01_Uni\01_Master\00_Masterarbeit\sim_par_ink_prop\laboratory_measurement_L-Com\measurement_data\Kennfeld_v2 (18)_korrigiert.csv,9,1107.23,1.8128121528499048,3.6256243056998096,3.6256243056998096,0.0,90.93593923575048,100.0,2026-08-20 11:42:02.944,0.16065694444444445,9.639416666666667,False,1,0.16065694444444445,,True,1005.9453007996095,1540.5305553436795,ok,0.5903007996095084,0.5903007996095084,0.05871565761442559,0.05871565761442559,-0.5164446563205729,0.5164446563205729,-0.03351258308932647,0.03351258308932647,False,False
9,2026-08-20,11:52:10.626,3,1,100.36,1006.87,0.0,0.0,0.0,0.0,0.0,100.0,1005.407,0.004100963,0.0144043,1540.782,0.02505425,0.09265137,23.54464,0.008219684,1497.994,0.0008296818,6.896921,6.495976e-05,100,0,1,0,Kennfeld_v2 (18)_korrigiert.csv,C:\Users\nikla\OneDrive\Documents\01_Uni\01_Master\00_Masterarbeit\sim_par_ink_prop\laboratory_measurement_L-Com\measurement_data\Kennfeld_v2 (18)_korrigiert.csv,10,1107.23,1.8128121528499048,3.6256243056998096,3.6256243056998096,0.0,90.93593923575048,100.0,2026-08-20 11:52:10.626,0.3294575,10.128033333333333,False,1,0.3294575,,True,1005.9677241564282,1540.4043660817467,ok,0.5607241564281367,0.5607241564281367,0.055770862588796044,0.055770862588796044,-0.3776339182531956,0.3776339182531956,-0.02450923740368174,0.02450923740368174,False,False
10,2026-08-20,11:52:25.555,4,1,100.36,1006.87,0.0,0.0,0.0,0.0,0.0,100.0,0.0,0.0,0.0,0.0,0.0,0.0,0.0,0.0,0.0,0.0,0.0,0.0,0,0,1,0,Kennfeld_v2 (18)_korrigiert.csv,C:\Users\nikla\OneDrive\Documents\01_Uni\01_Master\00_Masterarbeit\sim_par_ink_prop\laboratory_measurement_L-Com\measurement_data\Kennfeld_v2 (18)_korrigiert.csv,11,1107.23,1.8128121528499048,3.6256243056998096,3.6256243056998096,0.0,90.93593923575048,100.0,2026-08-20 11:52:25.555,0.3336044444444445,0.24881666666666666,False,1,0.3336044444444445,N < 1; Rho_M außerhalb 500..2000; C_M außerhalb 1000..2200,False,,,skipped,,,,,,,,,False,False
11,2026-08-20,11:54:25.557,5,1,100.36,1006.87,0.0,0.0,0.0,0.0,0.0,100.0,1005.423,0.003187256,0.01092529,1540.691,0.01515166,0.06555176,23.51149,0.005927483,1497.991,0.0003783404,6.897154,3.918599e-05,100,0,1,0,Kennfeld_v2 (18)_korrigiert.csv,C:\Users\nikla\OneDrive\Documents\01_Uni\01_Master\00_Masterarbeit\sim_par_ink_prop\laboratory_measurement_L-Com\measurement_data\Kennfeld_v2 (18)_korrigiert.csv,12,1107.23,1.8128121528499048,3.6256243056998096,3.6256243056998096,0.0,90.93593923575048,100.0,2026-08-20 11:54:25.557,0.36693833333333337,2.000033333333333,False,1,0.36693833333333337,,True,1005.9781088139723,1540.3457820622418,ok,0.5551088139723106,0.5551088139723106,0.05521146959760326,0.05521146959760326,-0.34521793775820697,0.34521793775820697,-0.022406695291801337,0.022406695291801337,False,False
12,2026-08-20,11:56:25.559,6,1,100.36,1006.87,0.0,0.0,0.0,0.0,0.0,100.0,1005.436,0.003810688,0.01293945,1540.62,0.02488237,0.1016846,23.48755,0.008073735,1497.989,0.001009231,6.897338,6.460313e-05,100,0,1,0,Kennfeld_v2 (18)_korrigiert.csv,C:\Users\nikla\OneDrive\Documents\01_Uni\01_Master\00_Masterarbeit\sim_par_ink_prop\laboratory_measurement_L-Com\measurement_data\Kennfeld_v2 (18)_korrigiert.csv,13,1107.23,1.8128121528499048,3.6256243056998096,3.6256243056998096,0.0,90.93593923575048,100.0,2026-08-20 11:56:25.559,0.40027222222222225,2.000033333333333,False,1,0.40027222222222225,,True,1005.985608319613,1540.303417931757,ok,0.5496083196129575,0.5496083196129575,0.05466368019575164,0.05466368019575164,-0.3165820682429512,0.3165820682429512,-0.02054900418292319,0.02054900418292319,False,False
13,2026-08-20,12:06:08.289,7,1,100.36,1006.87,40.15,0.0,0.0,0.0,0.0,100.0,999.0446,0.03992499,0.1965332,1572.356,0.1521285,0.6082764,24.34576,0.0293769,1496.648,0.01245824,6.814262,0.0003936504,100,0,1,0,Kennfeld_v2 (18)_korrigiert.csv,C:\Users\nikla\OneDrive\Documents\01_Uni\01_Master\00_Masterarbeit\sim_par_ink_prop\laboratory_measurement_L-Com\measurement_data\Kennfeld_v2 (18)_korrigiert.csv,14,1147.38,1.7493768411511441,6.998030295107114,3.4987536823022887,0.0,87.75383918143945,99.99999999999999,2026-08-20 12:06:08.289,0.5621416666666667,9.712166666666667,False,2,0.0,,True,999.9290847696684,1569.7041037228544,ok,0.884484769668461,0.884484769668461,0.08853306145375903,0.08853306145375903,-2.6518962771456245,2.6518962771456245,-0.16865749722999274,0.16865749722999274,False,False
14,2026-08-20,12:08:08.291,8,1,100.36,1006.87,40.15,0.0,0.0,0.0,0.0,100.0,999.0505,0.04014613,0.1531982,1571.906,0.1086098,0.4274902,24.34135,0.01313539,1496.635,0.009172156,6.815417,0.0002764152,100,0,1,0,Kennfeld_v2 (18)_korrigiert.csv,C:\Users\nikla\OneDrive\Documents\01_Uni\01_Master\00_Masterarbeit\sim_par_ink_prop\laboratory_measurement_L-Com\measurement_data\Kennfeld_v2 (18)_korrigiert.csv,15,1147.38,1.7493768411511441,6.998030295107114,3.4987536823022887,0.0,87.75383918143945,99.99999999999999,2026-08-20 12:08:08.291,0.5954755555555555,2.000033333333333,False,2,0.033333888888888885,,True,999.9306112848102,1569.6988133983302,ok,0.8801112848101411,0.8801112848101411,0.08809477446937278,0.08809477446937278,-2.2071866016697186,2.2071866016697186,-0.14041466866782865,0.14041466866782865,False,False
15,2026-08-20,12:10:08.293,9,1,100.36,1006.87,40.15,0.0,0.0,0.0,0.0,100.0,999.053,0.08086706,0.3322754,1571.665,0.1730756,1.010498,24.29788,0.008551191,1496.625,0.01765049,6.816027,0.000443982,100,0,1,0,Kennfeld_v2 (18)_korrigiert.csv,C:\Users\nikla\OneDrive\Documents\01_Uni\01_Master\00_Masterarbeit\sim_par_ink_prop\laboratory_measurement_L-Com\measurement_data\Kennfeld_v2 (18)_korrigiert.csv,16,1147.38,1.7493768411511441,6.998030295107114,3.4987536823022887,0.0,87.75383918143945,99.99999999999999,2026-08-20 12:10:08.293,0.6288094444444444,2.000033333333333,False,2,0.06666777777777777,,True,999.9456583604732,1569.6465776838725,ok,0.8926583604732059,0.8926583604732059,0.08935045092434594,0.08935045092434594,-2.0184223161274986,2.0184223161274986,-0.12842573424537027,0.12842573424537027,False,False
16,2026-08-20,12:12:08.294,10,1,100.36,1006.87,40.15,0.0,0.0,0.0,0.0,100.0,999.2921,0.06010251,0.2545776,1571.253,0.08578891,0.3741455,24.24398,0.0163429,1496.669,0.01277461,6.817075,0.0002167475,100,0,1,0,Kennfeld_v2 (18)_korrigiert.csv,C:\Users\nikla\OneDrive\Documents\01_Uni\01_Master\00_Masterarbeit\sim_par_ink_prop\laboratory_measurement_L-Com\measurement_data\Kennfeld_v2 (18)_korrigiert.csv,17,1147.38,1.7493768411511441,6.998030295107114,3.4987536823022887,0.0,87.75383918143945,99.99999999999999,2026-08-20 12:12:08.294,0.6621430555555556,2.0000166666666668,False,2,0.10000138888888889,,True,999.9643157596291,1569.5815865498787,ok,0.6722157596291254,0.6722157596291254,0.06726919582663822,0.06726919582663822,-1.6714134501212357,1.6714134501212357,-0.10637455903799298,0.10637455903799298,False,False
17,2026-08-20,12:14:08.296,11,1,100.36,1006.87,40.15,0.0,0.0,0.0,0.0,100.0,999.4417,0.0439833,0.2298584,1570.984,0.06117566,0.2178955,24.16846,0.0183495,1496.688,0.01092934,6.817746,0.0001529526,100,0,1,0,Kennfeld_v2 (18)_korrigiert.csv,C:\Users\nikla\OneDrive\Documents\01_Uni\01_Master\00_Masterarbeit\sim_par_ink_prop\laboratory_measurement_L-Com\measurement_data\Kennfeld_v2 (18)_korrigiert.csv,18,1147.38,1.7493768411511441,6.998030295107114,3.4987536823022887,0.0,87.75383918143945,99.99999999999999,2026-08-20 12:14:08.296,0.6954769444444445,2.000033333333333,False,2,0.1333352777777778,,True,999.9904568772007,1569.4901136265896,ok,0.5487568772007307,0.5487568772007307,0.054906341930773025,0.054906341930773025,-1.4938863734103052,1.4938863734103052,-0.09509239899389843,0.09509239899389843,False,False
18,2026-08-20,12:16:08.298,12,1,100.36,1006.87,40.15,0.0,0.0,0.0,0.0,100.0,999.497,0.0747264,0.3393555,1570.849,0.03224536,0.1621094,24.1036,0.01423024,1496.687,0.01634002,6.818077,7.983372e-05,100,0,1,0,Kennfeld_v2 (18)_korrigiert.csv,C:\Users\nikla\OneDrive\Documents\01_Uni\01_Master\00_Masterarbeit\sim_par_ink_prop\laboratory_measurement_L-Com\measurement_data\Kennfeld_v2 (18)_korrigiert.csv,19,1147.38,1.7493768411511441,6.998030295107114,3.4987536823022887,0.0,87.75383918143945,99.99999999999999,2026-08-20 12:16:08.298,0.7288108333333333,2.000033333333333,False,2,0.16666916666666667,,True,1000.0129080447266,1569.4111686776969,ok,0.5159080447266433,0.5159080447266433,0.05161676770682087,0.05161676770682087,-1.4378313223030545,1.4378313223030545,-0.09153211558227778,0.09153211558227778,False,False
19,2026-08-20,12:18:08.300,13,1,100.36,1006.87,40.15,0.0,0.0,0.0,0.0,100.0,999.5633,0.01306258,0.04284668,1570.704,0.0494593,0.2075195,24.03886,0.0207684,1496.689,0.00212438,6.818432,0.0001221448,100,0,1,0,Kennfeld_v2 (18)_korrigiert.csv,C:\Users\nikla\OneDrive\Documents\01_Uni\01_Master\00_Masterarbeit\sim_par_ink_prop\laboratory_measurement_L-Com\measurement_data\Kennfeld_v2 (18)_korrigiert.csv,20,1147.38,1.7493768411511441,6.998030295107114,3.4987536823022887,0.0,87.75383918143945,99.99999999999999,2026-08-20 12:18:08.300,0.7621447222222222,2.000033333333333,False,2,0.20000305555555556,,True,1000.0353176657637,1569.3320169179185,ok,0.4720176657637012,0.4720176657637012,0.04722238859346888,0.04722238859346888,-1.3719830820814423,1.3719830820814423,-0.08734828981663269,0.08734828981663269,False,False
20,2026-08-20,12:20:08.302,14,1,100.36,1006.87,40.15,0.0,0.0,0.0,0.0,100.0,999.6129,0.009706391,0.03479004,1570.538,0.03119711,0.130127,23.94936,0.01781276,1496.681,0.0009501228,6.818836,7.606436e-05,100,0,1,0,Kennfeld_v2 (18)_korrigiert.csv,C:\Users\nikla\OneDrive\Documents\01_Uni\01_Master\00_Masterarbeit\sim_par_ink_prop\laboratory_measurement_L-Com\measurement_data\Kennfeld_v2 (18)_korrigiert.csv,21,1147.38,1.7493768411511441,6.998030295107114,3.4987536823022887,0.0,87.75383918143945,99.99999999999999,2026-08-20 12:20:08.302,0.7954786111111111,2.000033333333333,False,2,0.23333694444444444,,True,1000.0662978967598,1569.2220142640322,ok,0.45339789675983866,0.45339789675983866,0.04535734750520313,0.04535734750520313,-1.3159857359678426,1.3159857359678426,-0.08379203406525933,0.08379203406525933,False,False
21,2026-08-20,12:22:08.304,15,1,100.36,1006.87,40.15,0.0,0.0,0.0,0.0,100.0,999.6426,0.007244701,0.02783203,1570.443,0.02649933,0.09753418,23.89672,0.01020618,1496.679,0.000754301,6.819066,6.589015e-05,100,0,1,0,Kennfeld_v2 (18)_korrigiert.csv,C:\Users\nikla\OneDrive\Documents\01_Uni\01_Master\00_Masterarbeit\sim_par_ink_prop\laboratory_measurement_L-Com\measurement_data\Kennfeld_v2 (18)_korrigiert.csv,22,1147.38,1.7493768411511441,6.998030295107114,3.4987536823022887,0.0,87.75383918143945,99.99999999999999,2026-08-20 12:22:08.304,0.8288125,2.000033333333333,False,2,0.26667083333333336,,True,1000.0845191108845,1569.1570023953655,ok,0.4419191108844416,0.4419191108844416,0.044207710924328514,0.044207710924328514,-1.285997604634531,1.285997604634531,-0.08188756959880307,0.08188756959880307,False,False
22,2026-08-20,12:24:08.306,16,1,100.36,1006.87,40.15,0.0,0.0,0.0,0.0,100.0,999.6674,0.007222514,0.02850342,1570.347,0.03095584,0.1275635,23.85612,0.01159485,1496.677,0.001201592,6.819304,7.697795e-05,100,0,1,0,Kennfeld_v2 (18)_korrigiert.csv,C:\Users\nikla\OneDrive\Documents\01_Uni\01_Master\00_Masterarbeit\sim_par_ink_prop\laboratory_measurement_L-Com\measurement_data\Kennfeld_v2 (18)_korrigiert.csv,23,1147.38,1.7493768411511441,6.998030295107114,3.4987536823022887,0.0,87.75383918143945,99.99999999999999,2026-08-20 12:24:08.306,0.8621463888888888,2.000033333333333,False,2,0.30000472222222224,,True,1000.0985727029541,1569.1067021960316,ok,0.43117270295408616,0.43117270295408616,0.04313161587084726,0.04313161587084726,-1.2402978039683603,1.2402978039683603,-0.07898240350498077,0.07898240350498077,False,False
23,2026-08-20,12:26:08.308,17,1,100.36,1006.87,40.15,0.0,0.0,0.0,0.0,100.0,999.6983,0.007676615,0.03082275,1570.217,0.03773323,0.1420898,23.80157,0.01671878,1496.672,0.002357753,6.819623,9.30431e-05,100,0,1,0,Kennfeld_v2 (18)_korrigiert.csv,C:\Users\nikla\OneDrive\Documents\01_Uni\01_Master\00_Masterarbeit\sim_par_ink_prop\laboratory_measurement_L-Com\measurement_data\Kennfeld_v2 (18)_korrigiert.csv,24,1147.38,1.7493768411511441,6.998030295107114,3.4987536823022887,0.0,87.75383918143945,99.99999999999999,2026-08-20 12:26:08.308,0.8954802777777777,2.000033333333333,False,2,0.3333386111111111,,True,1000.117455048485,1569.038902698306,ok,0.4191550484849813,0.4191550484849813,0.041928154572732725,0.041928154572732725,-1.1780973016941516,1.1780973016941516,-0.07502767462676506,0.07502767462676506,False,False
24,2026-08-20,12:28:08.310,18,1,100.36,1006.87,40.15,0.0,0.0,0.0,0.0,100.0,999.7319,0.009771835,0.03417969,1570.082,0.0286753,0.1235352,23.7352,0.01390105,1496.666,0.0006920407,6.819954,7.05682e-05,100,0,1,0,Kennfeld_v2 (18)_korrigiert.csv,C:\Users\nikla\OneDrive\Documents\01_Uni\01_Master\00_Masterarbeit\sim_par_ink_prop\laboratory_measurement_L-Com\measurement_data\Kennfeld_v2 (18)_korrigiert.csv,25,1147.38,1.7493768411511441,6.998030295107114,3.4987536823022887,0.0,87.75383918143945,99.99999999999999,2026-08-20 12:28:08.310,0.9288141666666667,2.000033333333333,False,2,0.3666725,,True,1000.1404288490028,1568.956078397798,ok,0.40852884900277786,0.40852884900277786,0.04086384049591474,0.04086384049591474,-1.1259216022021974,1.1259216022021974,-0.07171100631700747,0.07171100631700747,False,False
25,2026-08-20,12:30:08.312,19,1,100.36,1006.87,40.15,0.0,0.0,0.0,0.0,100.0,999.7532,0.006247028,0.02679443,1570.002,0.02168832,0.0994873,23.69327,0.007533138,1496.664,0.0006807474,6.820149,5.427905e-05,100,0,1,0,Kennfeld_v2 (18)_korrigiert.csv,C:\Users\nikla\OneDrive\Documents\01_Uni\01_Master\00_Masterarbeit\sim_par_ink_prop\laboratory_measurement_L-Com\measurement_data\Kennfeld_v2 (18)_korrigiert.csv,26,1147.38,1.7493768411511441,6.998030295107114,3.4987536823022887,0.0,87.75383918143945,99.99999999999999,2026-08-20 12:30:08.312,0.9621480555555556,2.000033333333333,False,2,0.40000638888888884,,True,1000.1549428032404,1568.9035646573955,ok,0.40174280324038136,0.40174280324038136,0.04018419778405124,0.04018419778405124,-1.098435342604489,1.098435342604489,-0.06996394543475035,0.06996394543475035,False,False
26,2026-08-20,12:32:08.314,20,1,100.36,1006.87,40.15,0.0,0.0,0.0,0.0,100.0,999.7723,0.00495548,0.01947021,1569.93,0.0206334,0.09436035,23.66834,0.007561989,1496.664,0.00101814,6.820327,5.14959e-05,100,0,1,0,Kennfeld_v2 (18)_korrigiert.csv,C:\Users\nikla\OneDrive\Documents\01_Uni\01_Master\00_Masterarbeit\sim_par_ink_prop\laboratory_measurement_L-Com\measurement_data\Kennfeld_v2 (18)_korrigiert.csv,27,1147.38,1.7493768411511441,6.998030295107114,3.4987536823022887,0.0,87.75383918143945,99.99999999999999,2026-08-20 12:32:08.314,0.9954819444444445,2.000033333333333,False,2,0.4333402777777778,,True,1000.1635722524784,1568.8722728649725,ok,0.3912722524784158,0.3912722524784158,0.039136136546133134,0.039136136546133134,-1.0577271350275623,1.0577271350275623,-0.06737415904069367,0.06737415904069367,False,False
27,2026-08-20,12:34:08.316,21,1,100.36,1006.87,40.15,0.0,0.0,0.0,0.0,100.0,999.7943,0.00692005,0.02514648,1569.84,0.02849143,0.1147461,23.63219,0.01081243,1496.662,0.0009888647,6.82055,7.086881e-05,100,0,1,0,Kennfeld_v2 (18)_korrigiert.csv,C:\Users\nikla\OneDrive\Documents\01_Uni\01_Master\00_Masterarbeit\sim_par_ink_prop\laboratory_measurement_L-Com\measurement_data\Kennfeld_v2 (18)_korrigiert.csv,28,1147.38,1.7493768411511441,6.998030295107114,3.4987536823022887,0.0,87.75383918143945,99.99999999999999,2026-08-20 12:34:08.316,1.0288158333333333,2.000033333333333,False,2,0.46667416666666667,,True,1000.1760854708021,1568.826806460583,ok,0.38178547080212866,0.38178547080212866,0.038186402023109016,0.038186402023109016,-1.0131935394169886,1.0131935394169886,-0.06454119779193986,0.06454119779193986,False,False
28,2026-08-20,12:36:08.318,22,1,100.36,1006.87,40.15,0.0,0.0,0.0,0.0,100.0,999.8218,0.005795586,0.02185059,1569.718,0.03243058,0.142334,23.5817,0.0111766,1496.658,0.0009195374,6.820851,8.087698e-05,100,0,1,0,Kennfeld_v2 (18)_korrigiert.csv,C:\Users\nikla\OneDrive\Documents\01_Uni\01_Master\00_Masterarbeit\sim_par_ink_prop\laboratory_measurement_L-Com\measurement_data\Kennfeld_v2 (18)_korrigiert.csv,29,1147.38,1.7493768411511441,6.998030295107114,3.4987536823022887,0.0,87.75383918143945,99.99999999999999,2026-08-20 12:36:08.318,1.0621497222222223,2.000033333333333,False,2,0.5000080555555556,,True,1000.1935624342584,1568.7631235405315,ok,0.37176243425835764,0.37176243425835764,0.03718286941316519,0.03718286941316519,-0.9548764594685508,0.9548764594685508,-0.06083108300144043,0.06083108300144043,False,False
29,2026-08-20,12:38:08.320,23,1,100.36,1006.87,40.15,0.0,0.0,0.0,0.0,100.0,999.8414,0.004286509,0.0166626,1569.636,0.02060358,0.08862305,23.55308,0.004808293,1496.657,0.0005371023,6.821056,5.21467e-05,100,0,1,0,Kennfeld_v2 (18)_korrigiert.csv,C:\Users\nikla\OneDrive\Documents\01_Uni\01_Master\00_Masterarbeit\sim_par_ink_prop\laboratory_measurement_L-Com\measurement_data\Kennfeld_v2 (18)_korrigiert.csv,30,1147.38,1.7493768411511441,6.998030295107114,3.4987536823022887,0.0,87.75383918143945,99.99999999999999,2026-08-20 12:38:08.320,1.095483611111111,2.000033333333333,False,2,0.5333419444444444,,True,1000.2034691598558,1568.7269317104353,ok,0.36206915985576416,0.36206915985576416,0.03621265931334351,0.03621265931334351,-0.9090682895646296,0.9090682895646296,-0.05791586645340892,0.05791586645340892,False,False
30,2026-08-20,12:40:08.322,24,1,100.36,1006.87,40.15,0.0,0.0,0.0,0.0,100.0,999.8548,0.004230333,0.01507568,1569.584,0.01587295,0.0736084,23.5359,0.002980403,1496.658,0.0006875752,6.821184,4.044098e-05,100,0,1,0,Kennfeld_v2 (18)_korrigiert.csv,C:\Users\nikla\OneDrive\Documents\01_Uni\01_Master\00_Masterarbeit\sim_par_ink_prop\laboratory_measurement_L-Com\measurement_data\Kennfeld_v2 (18)_korrigiert.csv,31,1147.38,1.7493768411511441,6.998030295107114,3.4987536823022887,0.0,87.75383918143945,99.99999999999999,2026-08-20 12:40:08.322,1.1288175,2.000033333333333,False,2,0.5666758333333333,,True,1000.2094159635728,1568.7051740430325,ok,0.3546159635728827,0.3546159635728827,0.03546674612882618,0.03546674612882618,-0.8788259569676029,0.8788259569676029,-0.05599101143790985,0.05599101143790985,False,False
31,2026-08-20,12:42:08.324,25,1,100.36,1006.87,40.15,0.0,0.0,0.0,0.0,100.0,999.8683,0.003168878,0.01544189,1569.543,0.01757186,0.08532715,23.52662,0.002112462,1496.66,0.0005494,6.821287,4.495537e-05,100,0,1,0,Kennfeld_v2 (18)_korrigiert.csv,C:\Users\nikla\OneDrive\Documents\01_Uni\01_Master\00_Masterarbeit\sim_par_ink_prop\laboratory_measurement_L-Com\measurement_data\Kennfeld_v2 (18)_korrigiert.csv,32,1147.38,1.7493768411511441,6.998030295107114,3.4987536823022887,0.0,87.75383918143945,99.99999999999999,2026-08-20 12:42:08.324,1.1621513888888888,2.000033333333333,False,2,0.6000097222222222,,True,1000.2126282065365,1568.6934112357774,ok,0.3443282065364883,0.3443282065364883,0.03443735605344107,0.03443735605344107,-0.8495887642225171,0.8495887642225171,-0.054129690248850594,0.054129690248850594,False,False
32,2026-08-20,12:44:08.326,26,1,100.36,1006.87,40.15,0.0,0.0,0.0,0.0,100.0,999.8849,0.006518508,0.02429199,1569.457,0.02954062,0.1210938,23.50247,0.00981019,1496.657,0.000999218,6.821502,7.385007e-05,100,0,1,0,Kennfeld_v2 (18)_korrigiert.csv,C:\Users\nikla\OneDrive\Documents\01_Uni\01_Master\00_Masterarbeit\sim_par_ink_prop\laboratory_measurement_L-Com\measurement_data\Kennfeld_v2 (18)_korrigiert.csv,33,1147.38,1.7493768411511441,6.998030295107114,3.4987536823022887,0.0,87.75383918143945,99.99999999999999,2026-08-20 12:44:08.326,1.1954852777777778,2.000033333333333,False,2,0.633343611111111,,True,1000.2209876526342,1568.6627667952712,ok,0.33608765263420537,0.33608765263420537,0.03361263407760287,0.03361263407760287,-0.7942332047289256,0.7942332047289256,-0.05060560466001461,0.05060560466001461,False,False
33,2026-08-20,12:46:08.328,27,1,100.36,1006.87,40.15,0.0,0.0,0.0,0.0,100.0,999.9072,0.005573285,0.02160645,1569.363,0.0222388,0.09960938,23.46238,0.009793876,1496.654,0.0007916424,6.821734,5.515276e-05,100,0,1,0,Kennfeld_v2 (18)_korrigiert.csv,C:\Users\nikla\OneDrive\Documents\01_Uni\01_Master\00_Masterarbeit\sim_par_ink_prop\laboratory_measurement_L-Com\measurement_data\Kennfeld_v2 (18)_korrigiert.csv,34,1147.38,1.7493768411511441,6.998030295107114,3.4987536823022887,0.0,87.75383918143945,99.99999999999999,2026-08-20 12:46:08.328,1.2288191666666666,2.000033333333333,False,2,0.6666775,,True,1000.2348646766295,1568.611789763939,ok,0.32766467662952437,0.32766467662952437,0.032769508673357324,0.032769508673357324,-0.7512102360610697,0.7512102360610697,-0.04786720701718275,0.04786720701718275,False,False
34,2026-08-20,12:48:08.330,28,1,100.36,1006.87,40.15,0.0,0.0,0.0,0.0,100.0,999.9246,0.004986864,0.02026367,1569.288,0.02017396,0.09277344,23.43185,0.004554083,1496.653,0.0007216763,6.82192,5.106805e-05,100,0,1,0,Kennfeld_v2 (18)_korrigiert.csv,C:\Users\nikla\OneDrive\Documents\01_Uni\01_Master\00_Masterarbeit\sim_par_ink_prop\laboratory_measurement_L-Com\measurement_data\Kennfeld_v2 (18)_korrigiert.csv,35,1147.38,1.7493768411511441,6.998030295107114,3.4987536823022887,0.0,87.75383918143945,99.99999999999999,2026-08-20 12:48:08.330,1.2621530555555556,2.000033333333333,False,2,0.7000113888888889,,True,1000.2454325352683,1568.572880260479,ok,0.32083253526820954,0.32083253526820954,0.03208567278654906,0.03208567278654906,-0.7151197395210147,0.7151197395210147,-0.04556969399632284,0.04556969399632284,False,False
35,2026-08-20,12:50:08.332,29,1,100.36,1006.87,40.15,0.0,0.0,0.0,0.0,100.0,999.9367,0.003897404,0.01739502,1569.235,0.01784813,0.07678223,23.42257,0.001209742,1496.655,0.0008996136,6.822054,4.58449e-05,100,0,1,0,Kennfeld_v2 (18)_korrigiert.csv,C:\Users\nikla\OneDrive\Documents\01_Uni\01_Master\00_Masterarbeit\sim_par_ink_prop\laboratory_measurement_L-Com\measurement_data\Kennfeld_v2 (18)_korrigiert.csv,36,1147.38,1.7493768411511441,6.998030295107114,3.4987536823022887,0.0,87.75383918143945,99.99999999999999,2026-08-20 12:50:08.332,1.2954869444444443,2.000033333333333,False,2,0.7333452777777778,,True,1000.2486447762267,1568.5610380264343,ok,0.31194477622671,0.31194477622671,0.03119645235810527,0.03119645235810527,-0.6739619735656106,0.6739619735656106,-0.04294844134661862,0.04294844134661862,False,False
36,2026-08-20,12:52:08.334,30,1,100.36,1006.87,40.15,0.0,0.0,0.0,0.0,100.0,999.9444,0.004208553,0.02056885,1569.203,0.01578968,0.0814209,23.42268,0.0004485385,1496.657,0.0009609093,6.822137,4.07916e-05,100,0,1,0,Kennfeld_v2 (18)_korrigiert.csv,C:\Users\nikla\OneDrive\Documents\01_Uni\01_Master\00_Masterarbeit\sim_par_ink_prop\laboratory_measurement_L-Com\measurement_data\Kennfeld_v2 (18)_korrigiert.csv,37,1147.38,1.7493768411511441,6.998030295107114,3.4987536823022887,0.0,87.75383918143945,99.99999999999999,2026-08-20 12:52:08.334,1.3288208333333333,2.000033333333333,False,2,0.7666791666666667,,True,1000.2486067000955,1568.56117843915,ok,0.30420670009550577,0.30420670009550577,0.03042236149284958,0.03042236149284958,-0.6418215608500759,0.6418215608500759,-0.04090111737296423,0.04090111737296423,False,False
37,2026-08-20,12:54:08.337,31,1,100.36,1006.87,40.15,0.0,0.0,0.0,0.0,100.0,999.9578,0.005170687,0.02026367,1569.136,0.02707226,0.1326904,23.40995,0.007647671,1496.656,0.0009568909,6.822307,6.806207e-05,100,0,1,0,Kennfeld_v2 (18)_korrigiert.csv,C:\Users\nikla\OneDrive\Documents\01_Uni\01_Master\00_Masterarbeit\sim_par_ink_prop\laboratory_measurement_L-Com\measurement_data\Kennfeld_v2 (18)_korrigiert.csv,38,1147.38,1.7493768411511441,6.998030295107114,3.4987536823022887,0.0,87.75383918143945,99.99999999999999,2026-08-20 12:54:08.337,1.362155,2.00005,False,2,0.8000133333333332,,True,1000.2530131467254,1568.5449222656296,ok,0.29521314672535937,0.29521314672535937,0.029522560524590073,0.029522560524590073,-0.5910777343704012,0.5910777343704012,-0.03766899327849219,0.03766899327849219,False,False
38,2026-08-20,12:56:08.338,32,1,100.36,1006.87,40.15,0.0,0.0,0.0,0.0,100.0,999.9822,0.02468955,0.1763916,1569.047,0.02317691,0.1210938,23.37662,0.007808542,1496.656,0.006197628,6.822529,5.811934e-05,100,0,1,0,Kennfeld_v2 (18)_korrigiert.csv,C:\Users\nikla\OneDrive\Documents\01_Uni\01_Master\00_Masterarbeit\sim_par_ink_prop\laboratory_measurement_L-Com\measurement_data\Kennfeld_v2 (18)_korrigiert.csv,39,1147.38,1.7493768411511441,6.998030295107114,3.4987536823022887,0.0,87.75383918143945,99.99999999999999,2026-08-20 12:56:08.338,1.395488611111111,2.0000166666666668,False,2,0.8333469444444445,,True,1000.2645502123879,1568.5022969846511,ok,0.2823502123878825,0.2823502123878825,0.02823552383111244,0.02823552383111244,-0.5447030153488868,0.5447030153488868,-0.03471553212548042,0.03471553212548042,False,False
39,2026-08-20,12:58:08.341,33,1,100.36,1006.87,40.15,0.0,0.0,0.0,0.0,100.0,999.9893,0.003698215,0.0145874,1569.001,0.01524501,0.06188965,23.36062,0.001248304,1496.655,0.001011335,6.822643,3.925327e-05,100,0,1,0,Kennfeld_v2 (18)_korrigiert.csv,C:\Users\nikla\OneDrive\Documents\01_Uni\01_Master\00_Masterarbeit\sim_par_ink_prop\laboratory_measurement_L-Com\measurement_data\Kennfeld_v2 (18)_korrigiert.csv,40,1147.38,1.7493768411511441,6.998030295107114,3.4987536823022887,0.0,87.75383918143945,99.99999999999999,2026-08-20 12:58:08.341,1.4288227777777778,2.00005,False,2,0.8666811111111111,,True,1000.2700885569209,1568.4818024549484,ok,0.28078855692092475,0.28078855692092475,0.028079156139063165,0.028079156139063165,-0.5191975450516111,0.5191975450516111,-0.03309096329776789,0.03309096329776789,False,False
40,2026-08-20,13:00:08.343,34,1,100.36,1006.87,40.15,0.0,0.0,0.0,0.0,100.0,1000.0,0.00472393,0.019104,1568.945,0.02137921,0.08996582,23.35149,0.003842897,1496.656,0.0005711076,6.822785,5.438524e-05,100,0,1,0,Kennfeld_v2 (18)_korrigiert.csv,C:\Users\nikla\OneDrive\Documents\01_Uni\01_Master\00_Masterarbeit\sim_par_ink_prop\laboratory_measurement_L-Com\measurement_data\Kennfeld_v2 (18)_korrigiert.csv,41,1147.38,1.7493768411511441,6.998030295107114,3.4987536823022887,0.0,87.75383918143945,99.99999999999999,2026-08-20 13:00:08.343,1.4621566666666668,2.000033333333333,False,2,0.900015,,True,1000.2732488745319,1568.470098367118,ok,0.2732488745318733,0.2732488745318733,0.02732488745318733,0.02732488745318733,-0.474901632881938,0.474901632881938,-0.03026885154558879,0.03026885154558879,False,False
41,2026-08-20,13:02:08.345,35,1,100.36,1006.87,40.15,0.0,0.0,0.0,0.0,100.0,1000.003,0.0545422,0.276062,1568.866,0.0236528,0.0970459,23.33087,0.005022744,1496.652,0.01262699,6.822983,5.994344e-05,100,0,1,0,Kennfeld_v2 (18)_korrigiert.csv,C:\Users\nikla\OneDrive\Documents\01_Uni\01_Master\00_Masterarbeit\sim_par_ink_prop\laboratory_measurement_L-Com\measurement_data\Kennfeld_v2 (18)_korrigiert.csv,42,1147.38,1.7493768411511441,6.998030295107114,3.4987536823022887,0.0,87.75383918143945,99.99999999999999,2026-08-20 13:02:08.345,1.4954905555555555,2.000033333333333,False,2,0.9333488888888889,,True,1000.2803864148738,1568.4436397090024,ok,0.2773864148737175,0.2773864148737175,0.027738558271696936,0.027738558271696936,-0.4223602909976307,0.4223602909976307,-0.026921374483074446,0.026921374483074446,False,False
42,2026-08-20,13:04:08.347,36,1,100.36,1006.87,40.15,0.0,0.0,0.0,0.0,100.0,1000.029,0.00361498,0.01507568,1568.816,0.0194244,0.08544922,23.3174,0.003116159,1496.656,0.0005413466,6.823109,4.957198e-05,100,0,1,0,Kennfeld_v2 (18)_korrigiert.csv,C:\Users\nikla\OneDrive\Documents\01_Uni\01_Master\00_Masterarbeit\sim_par_ink_prop\laboratory_measurement_L-Com\measurement_data\Kennfeld_v2 (18)_korrigiert.csv,43,1147.38,1.7493768411511441,6.998030295107114,3.4987536823022887,0.0,87.75383918143945,99.99999999999999,2026-08-20 13:04:08.347,1.5288244444444445,2.000033333333333,False,2,0.9666827777777778,,True,1000.2850490074331,1568.4263368233917,ok,0.2560490074331483,0.2560490074331483,0.02560415822272637,0.02560415822272637,-0.3896631766083374,0.3896631766083374,-0.024838041976135976,0.024838041976135976,False,False
43,2026-08-20,13:06:08.349,37,1,100.36,1006.87,40.15,0.0,0.0,0.0,0.0,100.0,1000.026,0.05325732,0.2702026,1568.737,0.02270034,0.1134033,23.30027,0.005608495,1496.651,0.0127115,6.823307,5.746847e-05,100,0,1,0,Kennfeld_v2 (18)_korrigiert.csv,C:\Users\nikla\OneDrive\Documents\01_Uni\01_Master\00_Masterarbeit\sim_par_ink_prop\laboratory_measurement_L-Com\measurement_data\Kennfeld_v2 (18)_korrigiert.csv,44,1147.38,1.7493768411511441,6.998030295107114,3.4987536823022887,0.0,87.75383918143945,99.99999999999999,2026-08-20 13:06:08.349,1.5621583333333335,2.000033333333333,False,2,1.0000166666666666,,True,1000.2909784954219,1568.4043110537332,ok,0.26497849542192853,0.26497849542192853,0.026497160616016837,0.026497160616016837,-0.3326889462668987,0.3326889462668987,-0.021207439249976173,0.021207439249976173,False,False
44,2026-08-20,13:08:08.351,38,1,100.36,1006.87,40.15,0.0,0.0,0.0,0.0,100.0,1000.055,0.003963102,0.01654053,1568.671,0.01676338,0.07714844,23.28284,0.002213361,1496.655,0.0007739983,6.823474,4.291898e-05,100,0,1,0,Kennfeld_v2 (18)_korrigiert.csv,C:\Users\nikla\OneDrive\Documents\01_Uni\01_Master\00_Masterarbeit\sim_par_ink_prop\laboratory_measurement_L-Com\measurement_data\Kennfeld_v2 (18)_korrigiert.csv,45,1147.38,1.7493768411511441,6.998030295107114,3.4987536823022887,0.0,87.75383918143945,99.99999999999999,2026-08-20 13:08:08.351,1.5954922222222223,2.000033333333333,False,2,1.0333505555555555,,True,1000.2970118267081,1568.381874928856,ok,0.24201182670810795,0.24201182670810795,0.024199851678968452,0.024199851678968452,-0.2891250711440989,0.2891250711440989,-0.018431211588924568,0.018431211588924568,False,False
45,2026-08-20,13:10:08.353,39,1,100.36,1006.87,40.15,0.0,0.0,0.0,0.0,100.0,1000.06,0.01939,0.09277344,1568.642,0.0156579,0.0748291,23.27919,0.001012985,1496.656,0.004574265,6.823549,4.030803e-05,100,0,1,0,Kennfeld_v2 (18)_korrigiert.csv,C:\Users\nikla\OneDrive\Documents\01_Uni\01_Master\00_Masterarbeit\sim_par_ink_prop\laboratory_measurement_L-Com\measurement_data\Kennfeld_v2 (18)_korrigiert.csv,46,1147.38,1.7493768411511441,6.998030295107114,3.4987536823022887,0.0,87.75383918143945,99.99999999999999,2026-08-20 13:10:08.353,1.6288261111111113,2.000033333333333,False,2,1.0666844444444443,,True,1000.2982752608907,1568.3771734583208,ok,0.23827526089075945,0.23827526089075945,0.02382609652328455,0.02382609652328455,-0.2648265416792128,0.2648265416792128,-0.01688253544653355,0.01688253544653355,False,False
46,2026-08-20,13:51:26.368,40,1,134.07,1006.87,40.15,0.0,0.0,0.0,0.0,100.0,1002.841,0.03577762,0.1132813,1582.289,0.09434862,0.394043,23.38694,0.02178219,1497.337,0.00821305,6.788614,0.0002342117,100,0,1,0,Kennfeld_v2 (18)_korrigiert.csv,C:\Users\nikla\OneDrive\Documents\01_Uni\01_Master\00_Masterarbeit\sim_par_ink_prop\laboratory_measurement_L-Com\measurement_data\Kennfeld_v2 (18)_korrigiert.csv,47,1181.0900000000001,2.270275762219644,7.93995377151614,4.540551524439289,0.0,85.2492189418249,99.99999999999999,2026-08-20 13:51:26.368,2.3171636111111114,41.30025,False,3,0.0,,True,1003.2399948589667,1579.2919380281398,ok,0.3989948589667165,0.3989948589667165,0.03978645258487801,0.03978645258487801,-2.9970619718601483,2.9970619718601483,-0.18941305740355577,0.18941305740355577,False,False
47,2026-08-20,13:53:26.371,41,1,134.07,1006.87,40.15,0.0,0.0,0.0,0.0,100.0,1002.914,0.01034712,0.03564453,1582.066,0.04723563,0.2237549,23.35431,0.002472313,1497.355,0.002684205,6.789171,0.0001195288,100,0,1,0,Kennfeld_v2 (18)_korrigiert.csv,C:\Users\nikla\OneDrive\Documents\01_Uni\01_Master\00_Masterarbeit\sim_par_ink_prop\laboratory_measurement_L-Com\measurement_data\Kennfeld_v2 (18)_korrigiert.csv,48,1181.0900000000001,2.270275762219644,7.93995377151614,4.540551524439289,0.0,85.2492189418249,99.99999999999999,2026-08-20 13:53:26.371,2.3504977777777776,2.00005,False,3,0.033334166666666665,,True,1003.2517526626166,1579.2547809786006,ok,0.33775266261659453,0.33775266261659453,0.03367713110162931,0.03367713110162931,-2.811219021399438,2.811219021399438,-0.17769290417716063,0.17769290417716063,False,False
48,2026-08-20,13:55:26.374,42,1,134.07,1006.87,40.15,0.0,0.0,0.0,0.0,100.0,1002.957,0.009560112,0.03381348,1581.91,0.05579991,0.2529297,23.34565,0.002452479,1497.365,0.001964119,6.789564,0.0001412124,100,0,1,0,Kennfeld_v2 (18)_korrigiert.csv,C:\Users\nikla\OneDrive\Documents\01_Uni\01_Master\00_Masterarbeit\sim_par_ink_prop\laboratory_measurement_L-Com\measurement_data\Kennfeld_v2 (18)_korrigiert.csv,49,1181.0900000000001,2.270275762219644,7.93995377151614,4.540551524439289,0.0,85.2492189418249,99.99999999999999,2026-08-20 13:55:26.374,2.3838319444444447,2.00005,False,3,0.06666833333333333,,True,1003.2548731824919,1579.2449048234896,ok,0.2978731824919123,0.2978731824919123,0.029699496837044093,0.029699496837044093,-2.6650951765104764,2.6650951765104764,-0.16847324920573714,0.16847324920573714,False,False
49,2026-08-20,13:57:26.376,43,1,134.07,1006.87,40.15,0.0,0.0,0.0,0.0,100.0,1002.99,0.00687942,0.02667236,1581.722,0.04926684,0.2089844,23.334,0.002833845,1497.371,0.001086036,6.790039,0.0001245903,100,0,1,0,Kennfeld_v2 (18)_korrigiert.csv,C:\Users\nikla\OneDrive\Documents\01_Uni\01_Master\00_Masterarbeit\sim_par_ink_prop\laboratory_measurement_L-Com\measurement_data\Kennfeld_v2 (18)_korrigiert.csv,50,1181.0900000000001,2.270275762219644,7.93995377151614,4.540551524439289,0.0,85.2492189418249,99.99999999999999,2026-08-20 13:57:26.376,2.4171658333333337,2.000033333333333,False,3,0.10000222222222221,,True,1003.2590711101743,1579.2316090664008,ok,0.26907111017430907,0.26907111017430907,0.02682689859064488,0.02682689859064488,-2.490390933599201,2.490390933599201,-0.15744808086371695,0.15744808086371695,False,False
50,2026-08-20,13:59:26.378,44,1,134.07,1006.87,40.15,0.0,0.0,0.0,0.0,100.0,1003.018,0.006613144,0.02380371,1581.64,0.08980338,0.4455566,23.3258,0.002240945,1497.375,0.001102637,6.790246,0.0002280649,100,0,1,0,Kennfeld_v2 (18)_korrigiert.csv,C:\Users\nikla\OneDrive\Documents\01_Uni\01_Master\00_Masterarbeit\sim_par_ink_prop\laboratory_measurement_L-Com\measurement_data\Kennfeld_v2 (18)_korrigiert.csv,51,1181.0900000000001,2.270275762219644,7.93995377151614,4.540551524439289,0.0,85.2492189418249,99.99999999999999,2026-08-20 13:59:26.378,2.4504997222222227,2.000033333333333,False,3,0.1333361111111111,,True,1003.262025874499,1579.222244005142,ok,0.24402587449901603,0.24402587449901603,0.0243291620388683,0.0243291620388683,-2.4177559948579983,2.4177559948579983,-0.15286386250082182,0.15286386250082182,False,False
51,2026-08-20,14:01:26.380,45,1,134.07,1006.87,40.15,0.0,0.0,0.0,0.0,100.0,1003.043,0.006476902,0.02575684,1581.381,0.04020364,0.1555176,23.31995,0.0006970424,1497.381,0.001721957,6.790902,0.0001023834,100,0,1,0,Kennfeld_v2 (18)_korrigiert.csv,C:\Users\nikla\OneDrive\Documents\01_Uni\01_Master\00_Masterarbeit\sim_par_ink_prop\laboratory_measurement_L-Com\measurement_data\Kennfeld_v2 (18)_korrigiert.csv,52,1181.0900000000001,2.270275762219644,7.93995377151614,4.540551524439289,0.0,85.2492189418249,99.99999999999999,2026-08-20 14:01:26.380,2.483833611111111,2.000033333333333,False,3,0.16666999999999998,,True,1003.2641338464958,1579.215559464177,ok,0.22113384649583168,0.22113384649583168,0.022046297765482805,0.022046297765482805,-2.165440535823109,2.165440535823109,-0.13693351164729492,0.13693351164729492,False,False
52,2026-08-20,14:03:26.382,46,1,134.07,1006.87,40.15,0.0,0.0,0.0,0.0,100.0,1003.064,0.005211715,0.0201416,1581.299,0.03322829,0.1541748,23.31927,0.0008170324,1497.386,0.00141236,6.791111,8.5371e-05,100,0,1,0,Kennfeld_v2 (18)_korrigiert.csv,C:\Users\nikla\OneDrive\Documents\01_Uni\01_Master\00_Masterarbeit\sim_par_ink_prop\laboratory_measurement_L-Com\measurement_data\Kennfeld_v2 (18)_korrigiert.csv,53,1181.0900000000001,2.270275762219644,7.93995377151614,4.540551524439289,0.0,85.2492189418249,99.99999999999999,2026-08-20 14:03:26.382,2.5171675,2.000033333333333,False,3,0.2000038888888889,,True,1003.264378875713,1579.214782275718,ok,0.20037887571299962,0.20037887571299962,0.019976679026761965,0.019976679026761965,-2.0842177242818707,2.0842177242818707,-0.1318041511619163,0.1318041511619163,False,False
53,2026-08-20,14:05:26.384,47,1,134.07,1006.87,40.15,0.0,0.0,0.0,0.0,100.0,1003.08,0.003018112,0.01525879,1581.192,0.0349095,0.1682129,23.32435,0.001623328,1497.391,0.0009670923,6.791383,8.914017e-05,100,0,1,0,Kennfeld_v2 (18)_korrigiert.csv,C:\Users\nikla\OneDrive\Documents\01_Uni\01_Master\00_Masterarbeit\sim_par_ink_prop\laboratory_measurement_L-Com\measurement_data\Kennfeld_v2 (18)_korrigiert.csv,54,1181.0900000000001,2.270275762219644,7.93995377151614,4.540551524439289,0.0,85.2492189418249,99.99999999999999,2026-08-20 14:05:26.384,2.5505013888888888,2.000033333333333,False,3,0.23333777777777776,,True,1003.2625483632935,1579.2205874146046,ok,0.18254836329344926,0.18254836329344926,0.018198784074395787,0.018198784074395787,-1.9714125853954556,1.9714125853954556,-0.1246788869027579,0.1246788869027579,False,False
54,2026-08-20,14:07:26.386,48,1,134.07,1006.87,40.15,0.0,0.0,0.0,0.0,100.0,1003.095,0.005158191,0.02105713,1581.121,0.02851428,0.1340332,23.33078,0.001730047,1497.396,0.00152431,6.791567,7.260672e-05,100,0,1,0,Kennfeld_v2 (18)_korrigiert.csv,C:\Users\nikla\OneDrive\Documents\01_Uni\01_Master\00_Masterarbeit\sim_par_ink_prop\laboratory_measurement_L-Com\measurement_data\Kennfeld_v2 (18)_korrigiert.csv,55,1181.0900000000001,2.270275762219644,7.93995377151614,4.540551524439289,0.0,85.2492189418249,99.99999999999999,2026-08-20 14:07:26.386,2.5838352777777778,2.000033333333333,False,3,0.2666716666666667,,True,1003.2602313956995,1579.2279322241488,ok,0.16523139569949308,0.16523139569949308,0.016472158240195902,0.016472158240195902,-1.8930677758512502,1.8930677758512502,-0.11972946889271915,0.11972946889271915,False,False
55,2026-08-20,14:09:26.387,49,1,134.07,1006.87,40.15,0.0,0.0,0.0,0.0,100.0,1003.104,0.002209418,0.01031494,1581.057,0.02336242,0.1243896,23.34195,0.003600268,1497.401,0.001061501,6.791732,5.99683e-05,100,0,1,0,Kennfeld_v2 (18)_korrigiert.csv,C:\Users\nikla\OneDrive\Documents\01_Uni\01_Master\00_Masterarbeit\sim_par_ink_prop\laboratory_measurement_L-Com\measurement_data\Kennfeld_v2 (18)_korrigiert.csv,56,1181.0900000000001,2.270275762219644,7.93995377151614,4.540551524439289,0.0,85.2492189418249,99.99999999999999,2026-08-20 14:09:26.387,2.617168888888889,2.0000166666666668,False,3,0.3000052777777778,,True,1003.2562064299508,1579.2406833430698,ok,0.15220642995075195,0.15220642995075195,0.01517354431352601,0.01517354431352601,-1.816316656930212,1.816316656930212,-0.11487989724154234,0.11487989724154234,False,False
56,2026-08-20,14:11:26.390,50,1,134.07,1006.87,40.15,0.0,0.0,0.0,0.0,100.0,1003.113,0.003391277,0.01660156,1580.986,0.02513548,0.1140137,23.35584,0.003153461,1497.405,0.001107311,6.791917,6.448348e-05,100,0,1,0,Kennfeld_v2 (18)_korrigiert.csv,C:\Users\nikla\OneDrive\Documents\01_Uni\01_Master\00_Masterarbeit\sim_par_ink_prop\laboratory_measurement_L-Com\measurement_data\Kennfeld_v2 (18)_korrigiert.csv,57,1181.0900000000001,2.270275762219644,7.93995377151614,4.540551524439289,0.0,85.2492189418249,99.99999999999999,2026-08-20 14:11:26.390,2.6505030555555553,2.00005,False,3,0.3333394444444444,,True,1003.2512013467278,1579.2565252023562,ok,0.13820134672778295,0.13820134672778295,0.0137772461056514,0.0137772461056514,-1.7294747976438885,1.7294747976438885,-0.10939216398145767,0.10939216398145767,False,False
57,2026-08-20,14:13:26.392,51,1,134.07,1006.87,40.15,0.0,0.0,0.0,0.0,100.0,1003.128,0.003902405,0.01611328,1580.921,0.02063276,0.08959961,23.36595,0.002112702,1497.411,0.00141008,6.792085,5.283386e-05,100,0,1,0,Kennfeld_v2 (18)_korrigiert.csv,C:\Users\nikla\OneDrive\Documents\01_Uni\01_Master\00_Masterarbeit\sim_par_ink_prop\laboratory_measurement_L-Com\measurement_data\Kennfeld_v2 (18)_korrigiert.csv,58,1181.0900000000001,2.270275762219644,7.93995377151614,4.540551524439289,0.0,85.2492189418249,99.99999999999999,2026-08-20 14:13:26.392,2.6838369444444443,2.000033333333333,False,3,0.3666733333333333,,True,1003.2475583376546,1579.2680459297876,ok,0.11955833765455282,0.11955833765455282,0.011918552533131645,0.011918552533131645,-1.652954070212445,1.652954070212445,-0.1045563990997934,0.1045563990997934,False,False
58,2026-08-20,14:15:26.394,52,1,134.07,1006.87,40.15,0.0,0.0,0.0,0.0,100.0,1003.137,0.003677064,0.01739502,1580.852,0.02621797,0.1219482,23.3738,0.001850127,1497.415,0.00106056,6.792264,6.713006e-05,100,0,1,0,Kennfeld_v2 (18)_korrigiert.csv,C:\Users\nikla\OneDrive\Documents\01_Uni\01_Master\00_Masterarbeit\sim_par_ink_prop\laboratory_measurement_L-Com\measurement_data\Kennfeld_v2 (18)_korrigiert.csv,59,1181.0900000000001,2.270275762219644,7.93995377151614,4.540551524439289,0.0,85.2492189418249,99.99999999999999,2026-08-20 14:15:26.394,2.7171708333333333,2.000033333333333,False,3,0.40000722222222224,,True,1003.244729690455,1579.276985514384,ok,0.10772969045501668,0.10772969045501668,0.010739279924378892,0.010739279924378892,-1.575014485616066,1.575014485616066,-0.09963073618631382,0.09963073618631382,False,False
59,2026-08-20,14:17:26.397,53,1,134.07,1006.87,40.15,0.0,0.0,0.0,0.0,100.0,1003.145,0.003539908,0.01312256,1580.789,0.02448124,0.1265869,23.38,0.002121711,1497.418,0.001164725,6.792425,6.270689e-05,100,0,1,0,Kennfeld_v2 (18)_korrigiert.csv,C:\Users\nikla\OneDrive\Documents\01_Uni\01_Master\00_Masterarbeit\sim_par_ink_prop\laboratory_measurement_L-Com\measurement_data\Kennfeld_v2 (18)_korrigiert.csv,60,1181.0900000000001,2.270275762219644,7.93995377151614,4.540551524439289,0.0,85.2492189418249,99.99999999999999,2026-08-20 14:17:26.397,2.750505,2.00005,False,3,0.4333413888888889,,True,1003.2424955995535,1579.2840425011864,ok,0.0974955995535538,0.0974955995535538,0.009718993720105647,0.009718993720105647,-1.50495749881361,1.50495749881361,-0.09520293339677909,0.09520293339677909,False,False
60,2026-08-20,14:19:26.399,54,1,134.07,1006.87,40.15,0.0,0.0,0.0,0.0,100.0,1003.158,0.004183697,0.01763916,1580.714,0.02220598,0.09008789,23.3848,0.001020798,1497.422,0.001179184,6.792617,5.671531e-05,100,0,1,0,Kennfeld_v2 (18)_korrigiert.csv,C:\Users\nikla\OneDrive\Documents\01_Uni\01_Master\00_Masterarbeit\sim_par_ink_prop\laboratory_measurement_L-Com\measurement_data\Kennfeld_v2 (18)_korrigiert.csv,61,1181.0900000000001,2.270275762219644,7.93995377151614,4.540551524439289,0.0,85.2492189418249,99.99999999999999,2026-08-20 14:19:26.399,2.783838888888889,2.000033333333333,False,3,0.4666752777777778,,True,1003.2407659807179,1579.2895038063234,ok,0.08276598071790886,0.08276598071790886,0.008250542857447068,0.008250542857447068,-1.4244961936765321,1.4244961936765321,-0.09011726306444633,0.09011726306444633,False,False
61,2026-08-20,14:21:26.401,55,1,134.07,1006.87,40.15,0.0,0.0,0.0,0.0,100.0,1003.166,0.002628236,0.01330566,1580.677,0.01841602,0.09082031,23.39023,0.002132263,1497.426,0.001086083,6.792713,4.708826e-05,100,0,1,0,Kennfeld_v2 (18)_korrigiert.csv,C:\Users\nikla\OneDrive\Documents\01_Uni\01_Master\00_Masterarbeit\sim_par_ink_prop\laboratory_measurement_L-Com\measurement_data\Kennfeld_v2 (18)_korrigiert.csv,62,1181.0900000000001,2.270275762219644,7.93995377151614,4.540551524439289,0.0,85.2492189418249,99.99999999999999,2026-08-20 14:21:26.401,2.817172777777778,2.000033333333333,False,3,0.5000091666666666,,True,1003.238809349334,1579.2956796258934,ok,0.07280934933396566,0.07280934933396566,0.0072579562439282885,0.0072579562439282885,-1.381320374106508,1.381320374106508,-0.08738789607911725,0.08738789607911725,False,False
62,2026-08-20,14:23:26.403,56,1,134.07,1006.87,40.15,0.0,0.0,0.0,0.0,100.0,1003.168,0.003825114,0.01550293,1580.665,0.02954393,0.1453857,23.40405,0.003497627,1497.429,0.001282443,6.792746,7.589695e-05,100,0,1,0,Kennfeld_v2 (18)_korrigiert.csv,C:\Users\nikla\OneDrive\Documents\01_Uni\01_Master\00_Masterarbeit\sim_par_ink_prop\laboratory_measurement_L-Com\measurement_data\Kennfeld_v2 (18)_korrigiert.csv,63,1181.0900000000001,2.270275762219644,7.93995377151614,4.540551524439289,0.0,85.2492189418249,99.99999999999999,2026-08-20 14:23:26.403,2.850506666666667,2.000033333333333,False,3,0.5333430555555556,,True,1003.2338294878759,1579.3113868944863,ok,0.06582948787593068,0.06582948787593068,0.006562159865140304,0.006562159865140304,-1.3536131055136593,1.3536131055136593,-0.08563567267660506,0.08563567267660506,False,False
63,2026-08-20,14:25:26.405,57,1,134.07,1006.87,40.15,0.0,0.0,0.0,0.0,100.0,1003.174,0.003332007,0.01531982,1580.605,0.02045918,0.08850098,23.42003,0.004495765,1497.434,0.001417339,6.792904,5.245263e-05,100,0,1,0,Kennfeld_v2 (18)_korrigiert.csv,C:\Users\nikla\OneDrive\Documents\01_Uni\01_Master\00_Masterarbeit\sim_par_ink_prop\laboratory_measurement_L-Com\measurement_data\Kennfeld_v2 (18)_korrigiert.csv,64,1181.0900000000001,2.270275762219644,7.93995377151614,4.540551524439289,0.0,85.2492189418249,99.99999999999999,2026-08-20 14:25:26.405,2.8838405555555555,2.000033333333333,False,3,0.5666769444444445,,True,1003.228071297199,1579.329529558416,ok,0.054071297199016044,0.054071297199016044,0.0053900217907378025,0.0053900217907378025,-1.2754704415840479,1.2754704415840479,-0.08069507825067286,0.08069507825067286,False,False
64,2026-08-20,14:27:26.407,58,1,134.07,1006.87,40.15,0.0,0.0,0.0,0.0,100.0,1003.179,0.00314792,0.01397705,1580.579,0.02279428,0.1083984,23.4369,0.00376729,1497.439,0.001308394,6.792974,5.85634e-05,100,0,1,0,Kennfeld_v2 (18)_korrigiert.csv,C:\Users\nikla\OneDrive\Documents\01_Uni\01_Master\00_Masterarbeit\sim_par_ink_prop\laboratory_measurement_L-Com\measurement_data\Kennfeld_v2 (18)_korrigiert.csv,65,1181.0900000000001,2.270275762219644,7.93995377151614,4.540551524439289,0.0,85.2492189418249,99.99999999999999,2026-08-20 14:27:26.407,2.9171744444444445,2.000033333333333,False,3,0.6000108333333334,,True,1003.221992405527,1579.3486598771449,ok,0.04299240552700212,0.04299240552700212,0.0042856165776000215,0.0042856165776000215,-1.2303401228550683,1.2303401228550683,-0.07784110271331382,0.07784110271331382,False,False
65,2026-08-20,14:29:26.409,59,1,134.07,1006.87,40.15,0.0,0.0,0.0,0.0,100.0,1003.185,0.003087524,0.01269531,1580.549,0.02080478,0.08886719,23.45317,0.004714188,1497.443,0.001513805,6.793056,5.350704e-05,100,0,1,0,Kennfeld_v2 (18)_korrigiert.csv,C:\Users\nikla\OneDrive\Documents\01_Uni\01_Master\00_Masterarbeit\sim_par_ink_prop\laboratory_measurement_L-Com\measurement_data\Kennfeld_v2 (18)_korrigiert.csv,66,1181.0900000000001,2.270275762219644,7.93995377151614,4.540551524439289,0.0,85.2492189418249,99.99999999999999,2026-08-20 14:29:26.409,2.9505083333333335,2.000033333333333,False,3,0.6333447222222223,,True,1003.216129715543,1579.3670876147337,ok,0.031129715543102066,0.031129715543102066,0.0031030882183348102,0.0031030882183348102,-1.181912385266287,1.181912385266287,-0.07477859814952191,0.07477859814952191,False,False
66,2026-08-21,07:04:25.639,1,1,134.07,1006.87,40.15,0.0,0.0,0.0,0.0,100.0,996.0532,0.001570009,0.00567627,1579.625,0.006155363,0.02172852,20.72178,0.0042376,1495.168,0.0001827105,6.794672,1.452587e-05,100,1,1,1,Kennfeld_v2 (18)_korrigiert.csv,C:\Users\nikla\OneDrive\Documents\01_Uni\01_Master\00_Masterarbeit\sim_par_ink_prop\laboratory_measurement_L-Com\measurement_data\Kennfeld_v2 (18)_korrigiert.csv,67,1181.0900000000001,2.270275762219644,7.93995377151614,4.540551524439289,0.0,85.2492189418249,99.99999999999999,2026-08-21 07:04:25.639,19.533627777777777,994.9871666666667,True,4,0.0,,True,1004.2003415580141,1575.9781561540417,ok,8.147141558014141,8.147141558014141,0.8179424109087889,0.8179424109087889,-3.6468438459583012,3.6468438459583012,-0.23086769619107708,0.23086769619107708,True,False
67,2026-08-21,07:06:25.641,2,1,134.07,1006.87,40.15,0.0,0.0,0.0,0.0,100.0,996.0465,0.002027042,0.007202148,1579.646,0.006021937,0.02038574,20.73975,0.005192646,1495.169,0.0001922522,6.794621,1.39878e-05,100,1,1,1,Kennfeld_v2 (18)_korrigiert.csv,C:\Users\nikla\OneDrive\Documents\01_Uni\01_Master\00_Masterarbeit\sim_par_ink_prop\laboratory_measurement_L-Com\measurement_data\Kennfeld_v2 (18)_korrigiert.csv,68,1181.0900000000001,2.270275762219644,7.93995377151614,4.540551524439289,0.0,85.2492189418249,99.99999999999999,2026-08-21 07:06:25.641,19.566961666666668,2.000033333333333,False,4,0.033333888888888885,,True,1004.1938664286889,1576.0023286564694,ok,8.147366428688883,8.147366428688883,0.8179704891979324,0.8179704891979324,-3.6436713435305137,3.6436713435305137,-0.2306637907183327,0.2306637907183327,True,False
68,2026-08-21,07:08:25.643,3,1,134.07,1006.87,40.15,0.0,0.0,0.0,0.0,100.0,1002.349,4.570183,13.5683,1573.985,3.91425,8.701416,20.70242,0.07599917,1496.655,1.082121,6.809115,0.01001916,100,0,1,0,Kennfeld_v2 (18)_korrigiert.csv,C:\Users\nikla\OneDrive\Documents\01_Uni\01_Master\00_Masterarbeit\sim_par_ink_prop\laboratory_measurement_L-Com\measurement_data\Kennfeld_v2 (18)_korrigiert.csv,69,1181.0900000000001,2.270275762219644,7.93995377151614,4.540551524439289,0.0,85.2492189418249,99.99999999999999,2026-08-21 07:08:25.643,19.600295555555554,2.000033333333333,False,4,0.06666777777777777,,True,1004.2073175449846,1575.9520870522947,ok,1.8583175449845157,1.8583175449845157,0.18539625868679627,0.18539625868679627,1.9670870522948007,1.9670870522948007,0.12497495543444194,0.12497495543444194,False,False
69,2026-08-21,07:10:25.645,4,1,134.07,1006.87,40.15,0.0,0.0,0.0,0.0,100.0,1005.329,0.005801655,0.02600098,1571.326,0.02506505,0.1026611,20.56777,0.004932864,1497.355,0.004389394,6.81589,6.467258e-05,100,0,1,0,Kennfeld_v2 (18)_korrigiert.csv,C:\Users\nikla\OneDrive\Documents\01_Uni\01_Master\00_Masterarbeit\sim_par_ink_prop\laboratory_measurement_L-Com\measurement_data\Kennfeld_v2 (18)_korrigiert.csv,70,1181.0900000000001,2.270275762219644,7.93995377151614,4.540551524439289,0.0,85.2492189418249,99.99999999999999,2026-08-21 07:10:25.645,19.633629444444445,2.000033333333333,False,4,0.10000166666666666,,True,1004.2558359382232,1575.7700067756034,ok,-1.0731640617767653,1.0731640617767653,-0.10674754849176392,0.10674754849176392,4.444006775603384,4.444006775603384,0.28281889153513556,0.28281889153513556,False,False
70,2026-08-21,07:12:25.647,5,1,134.07,1006.87,40.15,0.0,0.0,0.0,0.0,100.0,1005.328,0.003803277,0.01898193,1571.367,0.01706049,0.07775879,20.61626,0.01685215,1497.371,0.004498641,6.815798,4.045376e-05,100,0,1,0,Kennfeld_v2 (18)_korrigiert.csv,C:\Users\nikla\OneDrive\Documents\01_Uni\01_Master\00_Masterarbeit\sim_par_ink_prop\laboratory_measurement_L-Com\measurement_data\Kennfeld_v2 (18)_korrigiert.csv,71,1181.0900000000001,2.270275762219644,7.93995377151614,4.540551524439289,0.0,85.2492189418249,99.99999999999999,2026-08-21 07:12:25.647,19.66696333333333,2.000033333333333,False,4,0.13333555555555554,,True,1004.2383635571315,1575.8357318308676,ok,-1.089636442868482,1.089636442868482,-0.10838616281138912,0.10838616281138912,4.468731830867682,4.468731830867682,0.28438498650332367,0.28438498650332367,False,False
71,2026-08-21,07:14:25.649,6,1,134.07,1006.87,40.15,0.0,0.0,0.0,0.0,100.0,1005.336,0.004211869,0.01715088,1571.401,0.01297659,0.07397461,20.6767,0.01287225,1497.387,0.003176378,6.815725,3.297093e-05,100,0,1,0,Kennfeld_v2 (18)_korrigiert.csv,C:\Users\nikla\OneDrive\Documents\01_Uni\01_Master\00_Masterarbeit\sim_par_ink_prop\laboratory_measurement_L-Com\measurement_data\Kennfeld_v2 (18)_korrigiert.csv,72,1181.0900000000001,2.270275762219644,7.93995377151614,4.540551524439289,0.0,85.2492189418249,99.99999999999999,2026-08-21 07:14:25.649,19.700297222222225,2.000033333333333,False,4,0.16666944444444445,,True,1004.2165852285588,1575.9174109218009,ok,-1.1194147714412566,1.1194147714412566,-0.111347327802969,0.111347327802969,4.516410921800798,4.516410921800798,0.2874130105428721,0.2874130105428721,False,False
72,2026-08-21,07:16:25.651,7,1,134.07,1006.87,40.15,0.0,0.0,0.0,0.0,100.0,1005.339,0.004605417,0.02069092,1571.397,0.01073068,0.04956055,20.71848,0.008802224,1497.396,0.001710243,6.815747,2.7697e-05,100,0,1,0,Kennfeld_v2 (18)_korrigiert.csv,C:\Users\nikla\OneDrive\Documents\01_Uni\01_Master\00_Masterarbeit\sim_par_ink_prop\laboratory_measurement_L-Com\measurement_data\Kennfeld_v2 (18)_korrigiert.csv,73,1181.0900000000001,2.270275762219644,7.93995377151614,4.540551524439289,0.0,85.2492189418249,99.99999999999999,2026-08-21 07:16:25.651,19.733631111111112,2.000033333333333,False,4,0.2000033333333333,,True,1004.2015306467753,1575.9737145240072,ok,-1.1374693532247875,1.1374693532247875,-0.11314286556323662,0.11314286556323662,4.57671452400723,4.57671452400723,0.2912513212133681,0.2912513212133681,False,False
73,2026-08-21,07:18:25.653,8,1,134.07,1006.87,40.15,0.0,0.0,0.0,0.0,100.0,1005.341,0.00455487,0.01934814,1571.431,0.01094804,0.05517578,20.75923,0.009762357,1497.405,0.002548103,6.815672,2.647053e-05,100,0,1,0,Kennfeld_v2 (18)_korrigiert.csv,C:\Users\nikla\OneDrive\Documents\01_Uni\01_Master\00_Masterarbeit\sim_par_ink_prop\laboratory_measurement_L-Com\measurement_data\Kennfeld_v2 (18)_korrigiert.csv,74,1181.0900000000001,2.270275762219644,7.93995377151614,4.540551524439289,0.0,85.2492189418249,99.99999999999999,2026-08-21 07:18:25.653,19.766965,2.000033333333333,False,4,0.23333722222222222,,True,1004.1868472001249,1576.028505246317,ok,-1.154152799875078,1.154152799875078,-0.11480212185468194,0.11480212185468194,4.597505246317041,4.597505246317041,0.29256806352407716,0.29256806352407716,False,False
74,2026-08-21,07:20:25.655,9,1,134.07,1006.87,40.15,0.0,0.0,0.0,0.0,100.0,1005.335,0.005223549,0.02081299,1571.463,0.01393531,0.06640625,20.80225,0.01129299,1497.413,0.001907393,6.8156,3.371491e-05,100,0,1,0,Kennfeld_v2 (18)_korrigiert.csv,C:\Users\nikla\OneDrive\Documents\01_Uni\01_Master\00_Masterarbeit\sim_par_ink_prop\laboratory_measurement_L-Com\measurement_data\Kennfeld_v2 (18)_korrigiert.csv,75,1181.0900000000001,2.270275762219644,7.93995377151614,4.540551524439289,0.0,85.2492189418249,99.99999999999999,2026-08-21 07:20:25.655,19.80029888888889,2.000033333333333,False,4,0.2666711111111111,,True,1004.1713457994625,1576.08621412629,ok,-1.1636542005375077,1.1636542005375077,-0.11574790498067884,0.11574790498067884,4.623214126290122,4.623214126290122,0.294198089696679,0.294198089696679,False,False
75,2026-08-21,07:22:25.657,10,1,134.07,1006.87,40.15,0.0,0.0,0.0,0.0,100.0,1005.325,0.004761823,0.02056885,1571.51,0.01333539,0.07006836,20.85095,0.01169223,1497.421,0.002058693,6.815491,3.242695e-05,100,0,1,0,Kennfeld_v2 (18)_korrigiert.csv,C:\Users\nikla\OneDrive\Documents\01_Uni\01_Master\00_Masterarbeit\sim_par_ink_prop\laboratory_measurement_L-Com\measurement_data\Kennfeld_v2 (18)_korrigiert.csv,76,1181.0900000000001,2.270275762219644,7.93995377151614,4.540551524439289,0.0,85.2492189418249,99.99999999999999,2026-08-21 07:22:25.657,19.833632777777776,2.000033333333333,False,4,0.300005,,True,1004.1537977177171,1576.151376036386,ok,-1.171202282282934,1.171202282282934,-0.11649986643950304,0.11649986643950304,4.641376036385964,4.641376036385964,0.29534498898422307,0.29534498898422307,False,False
76,2026-08-21,07:24:25.659,11,1,134.07,1006.87,40.15,0.0,0.0,0.0,0.0,100.0,1005.318,0.003547982,0.01538086,1571.555,0.01646668,0.08508301,20.90071,0.01306932,1497.431,0.002590809,6.815391,3.954066e-05,100,0,1,0,Kennfeld_v2 (18)_korrigiert.csv,C:\Users\nikla\OneDrive\Documents\01_Uni\01_Master\00_Masterarbeit\sim_par_ink_prop\laboratory_measurement_L-Com\measurement_data\Kennfeld_v2 (18)_korrigiert.csv,77,1181.0900000000001,2.270275762219644,7.93995377151614,4.540551524439289,0.0,85.2492189418249,99.99999999999999,2026-08-21 07:24:25.659,19.866966666666666,2.000033333333333,False,4,0.3333388888888889,,True,1004.1358676791945,1576.2177734329027,ok,-1.1821323208055219,1.1821323208055219,-0.11758789963031815,0.11758789963031815,4.662773432902668,4.662773432902668,0.29669807502140666,0.29669807502140666,False,False
77,2026-08-21,07:26:25.661,12,1,134.07,1006.87,40.15,0.0,0.0,0.0,0.0,100.0,1005.31,0.003297484,0.01367188,1571.592,0.008390346,0.04187012,20.94906,0.009311819,1497.438,0.001606756,6.815308,2.145144e-05,100,0,1,0,Kennfeld_v2 (18)_korrigiert.csv,C:\Users\nikla\OneDrive\Documents\01_Uni\01_Master\00_Masterarbeit\sim_par_ink_prop\laboratory_measurement_L-Com\measurement_data\Kennfeld_v2 (18)_korrigiert.csv,78,1181.0900000000001,2.270275762219644,7.93995377151614,4.540551524439289,0.0,85.2492189418249,99.99999999999999,2026-08-21 07:26:25.661,19.900300555555553,2.000033333333333,False,4,0.36667277777777774,,True,1004.1184456999464,1576.2821120370202,ok,-1.1915543000535536,1.1915543000535536,-0.11852605664457268,0.11852605664457268,4.6901120370200715,4.6901120370200715,0.29843063829671257,0.29843063829671257,False,False
78,2026-08-21,07:28:25.663,13,1,134.07,1006.87,40.15,0.0,0.0,0.0,0.0,100.0,1005.308,0.003771991,0.01605225,1571.597,0.009779059,0.04882812,20.97953,0.006199677,1497.443,0.001285034,6.815304,2.489039e-05,100,0,1,0,Kennfeld_v2 (18)_korrigiert.csv,C:\Users\nikla\OneDrive\Documents\01_Uni\01_Master\00_Masterarbeit\sim_par_ink_prop\laboratory_measurement_L-Com\measurement_data\Kennfeld_v2 (18)_korrigiert.csv,79,1181.0900000000001,2.270275762219644,7.93995377151614,4.540551524439289,0.0,85.2492189418249,99.99999999999999,2026-08-21 07:28:25.663,19.933634444444444,2.000033333333333,False,4,0.4000066666666666,,True,1004.1074664265748,1576.3225680532762,ok,-1.2005335734252185,1.2005335734252185,-0.11941947874932046,0.11941947874932046,4.72556805327622,4.72556805327622,0.30068573898246304,0.30068573898246304,False,False
79,2026-08-21,07:30:25.665,14,1,134.07,1006.87,40.15,0.0,0.0,0.0,0.0,100.0,1005.306,0.002721258,0.01196289,1571.601,0.009854506,0.05236816,21.00363,0.006242067,1497.448,0.001536525,6.8153,2.499852e-05,100,0,1,0,Kennfeld_v2 (18)_korrigiert.csv,C:\Users\nikla\OneDrive\Documents\01_Uni\01_Master\00_Masterarbeit\sim_par_ink_prop\laboratory_measurement_L-Com\measurement_data\Kennfeld_v2 (18)_korrigiert.csv,80,1181.0900000000001,2.270275762219644,7.93995377151614,4.540551524439289,0.0,85.2492189418249,99.99999999999999,2026-08-21 07:30:25.665,19.966968333333334,2.000033333333333,False,4,0.43334055555555556,,True,1004.0987824573133,1576.3545170908515,ok,-1.2072175426867489,1.2072175426867489,-0.1200845854582335,0.1200845854582335,4.753517090851346,4.753517090851346,0.30246335366618793,0.30246335366618793,False,False
80,2026-08-21,07:32:25.667,15,1,134.07,1006.87,40.15,0.0,0.0,0.0,0.0,100.0,1005.306,0.004171513,0.01690674,1571.621,0.01166919,0.04968262,21.03298,0.008053857,1497.454,0.001481018,6.815257,2.848077e-05,100,0,1,0,Kennfeld_v2 (18)_korrigiert.csv,C:\Users\nikla\OneDrive\Documents\01_Uni\01_Master\00_Masterarbeit\sim_par_ink_prop\laboratory_measurement_L-Com\measurement_data\Kennfeld_v2 (18)_korrigiert.csv,81,1181.0900000000001,2.270275762219644,7.93995377151614,4.540551524439289,0.0,85.2492189418249,99.99999999999999,2026-08-21 07:32:25.667,20.000302222222224,2.000033333333333,False,4,0.46667444444444445,,True,1004.0882067498502,1576.393367083187,ok,-1.217793250149839,1.217793250149839,-0.12113657435147497,0.12113657435147497,4.772367083186964,4.772367083186964,0.3036589026989945,0.3036589026989945,False,False
81,2026-08-21,08:20:29.998,16,1,134.07,1006.87,40.15,0.0,0.0,0.0,0.0,100.0,994.1438,0.004268811,0.01623535,1507.288,0.02264616,0.07214355,22.96141,0.01446248,1495.166,0.001629905,6.988472,6.00399e-05,100,0,1,0,Kennfeld_v2 (18)_korrigiert.csv,C:\Users\nikla\OneDrive\Documents\01_Uni\01_Master\00_Masterarbeit\sim_par_ink_prop\laboratory_measurement_L-Com\measurement_data\Kennfeld_v2 (18)_korrigiert.csv,82,1181.0900000000001,2.270275762219644,7.93995377151614,4.540551524439289,0.0,85.2492189418249,99.99999999999999,2026-08-21 08:20:29.998,20.801505277777775,48.072183333333335,False,4,1.2678775000000002,,True,1003.3933289280757,1578.8005399728008,ok,9.24952892807562,9.24952892807562,0.9304015101311922,0.9304015101311922,71.51253997280082,71.51253997280082,4.744450959126645,4.744450959126645,True,True
82,2026-08-21,08:22:30.001,17,1,134.07,1006.87,40.15,0.0,0.0,0.0,0.0,100.0,994.1528,0.003559676,0.01367188,1507.244,0.01321132,0.04553223,22.93973,0.006049731,1495.163,0.0007948795,6.988588,3.62976e-05,100,0,0,0,Kennfeld_v2 (18)_korrigiert.csv,C:\Users\nikla\OneDrive\Documents\01_Uni\01_Master\00_Masterarbeit\sim_par_ink_prop\laboratory_measurement_L-Com\measurement_data\Kennfeld_v2 (18)_korrigiert.csv,83,1181.0900000000001,2.270275762219644,7.93995377151614,4.540551524439289,0.0,85.2492189418249,99.99999999999999,2026-08-21 08:22:30.001,20.834839444444444,2.00005,False,4,1.3012116666666667,,True,1003.4011410140329,1578.7751099963828,ok,9.248341014032917,9.248341014032917,0.9302735971807269,0.9302735971807269,71.53110999638284,71.53110999638284,4.745821512401632,4.745821512401632,True,True
83,2026-08-21,08:24:30.003,18,1,134.07,1006.87,40.15,0.0,0.0,0.0,0.0,100.0,994.1528,0.003559676,0.01367188,1507.244,0.01321132,0.04553223,22.93973,0.006049731,1495.163,0.0007948795,6.988588,3.62976e-05,100,0,0,0,Kennfeld_v2 (18)_korrigiert.csv,C:\Users\nikla\OneDrive\Documents\01_Uni\01_Master\00_Masterarbeit\sim_par_ink_prop\laboratory_measurement_L-Com\measurement_data\Kennfeld_v2 (18)_korrigiert.csv,84,1181.0900000000001,2.270275762219644,7.93995377151614,4.540551524439289,0.0,85.2492189418249,99.99999999999999,2026-08-21 08:24:30.003,20.868173333333335,2.000033333333333,False,4,1.3345455555555554,,True,1003.4011410140329,1578.7751099963828,ok,9.248341014032917,9.248341014032917,0.9302735971807269,0.9302735971807269,71.53110999638284,71.53110999638284,4.745821512401632,4.745821512401632,True,True
84,2026-08-21,08:26:30.004,19,1,134.07,1006.87,40.15,0.0,0.0,0.0,0.0,100.0,996.7097,1.3715,3.366943,1493.799,7.171165,17.69653,22.57611,0.2017008,1495.703,0.2908141,7.02656,0.02025296,100,0,1,0,Kennfeld_v2 (18)_korrigiert.csv,C:\Users\nikla\OneDrive\Documents\01_Uni\01_Master\00_Masterarbeit\sim_par_ink_prop\laboratory_measurement_L-Com\measurement_data\Kennfeld_v2 (18)_korrigiert.csv,85,1181.0900000000001,2.270275762219644,7.93995377151614,4.540551524439289,0.0,85.2492189418249,99.99999999999999,2026-08-21 08:26:30.004,20.901506944444446,2.0000166666666668,False,4,1.3678791666666665,,True,1003.5321662222299,1578.342956031578,ok,6.8224662222298775,6.8224662222298775,0.6844988287191223,0.6844988287191223,84.54395603157809,84.54395603157809,5.659660773074429,5.659660773074429,True,True
85,2026-08-21,08:28:30.007,20,1,134.07,1006.87,40.15,0.0,0.0,0.0,0.0,100.0,997.4651,0.00214863,0.009643555,1490.022,0.004026449,0.02148438,22.39554,0.00367489,1495.854,0.0003835088,7.037204,1.094184e-05,100,1,1,1,Kennfeld_v2 (18)_korrigiert.csv,C:\Users\nikla\OneDrive\Documents\01_Uni\01_Master\00_Masterarbeit\sim_par_ink_prop\laboratory_measurement_L-Com\measurement_data\Kennfeld_v2 (18)_korrigiert.csv,86,1181.0900000000001,2.270275762219644,7.93995377151614,4.540551524439289,0.0,85.2492189418249,99.99999999999999,2026-08-21 08:28:30.007,20.934841111111112,2.00005,False,4,1.4012133333333334,,True,1003.5972318749726,1578.1244253606158,ok,6.132131874972629,6.132131874972629,0.6147715719550116,0.6147715719550116,88.10242536061583,88.10242536061583,5.912827150244481,5.912827150244481,True,True
86,2026-08-21,08:31:16.201,21,2,0.0,100.0,0.0,0.0,0.0,0.0,0.0,100.0,997.4703,0.0007653681,0.003540039,1490.002,0.004800868,0.02294922,22.38017,0.003119917,1495.851,0.0004256596,7.037256,1.327452e-05,100,1,1,1,Kennfeld_v2 (18)_korrigiert.csv,C:\Users\nikla\OneDrive\Documents\01_Uni\01_Master\00_Masterarbeit\sim_par_ink_prop\laboratory_measurement_L-Com\measurement_data\Kennfeld_v2 (18)_korrigiert.csv,87,100.0,0.0,0.0,0.0,0.0,100.0,100.0,2026-08-21 08:31:16.201,0.0,,False,1,0.0,,True,997.6525609000001,1489.4181605521433,ok,0.18226090000018758,0.18226090000018758,0.018272313471407377,0.018272313471407377,-0.5838394478566897,0.5838394478566897,-0.03918380296514298,0.03918380296514298,False,False
87,2026-08-21,09:35:18.227,22,3,90.5,909.3,0.0,0.0,0.0,0.0,0.0,100.0,1004.825,0.00965446,0.03692627,1542.249,0.04472328,0.1865234,23.03746,0.005983352,1497.754,0.0009524195,6.892856,0.0001180896,100,0,1,0,Kennfeld_v2 (18)_korrigiert.csv,C:\Users\nikla\OneDrive\Documents\01_Uni\01_Master\00_Masterarbeit\sim_par_ink_prop\laboratory_measurement_L-Com\measurement_data\Kennfeld_v2 (18)_korrigiert.csv,88,999.8,1.8103620724144829,3.620724144828966,3.620724144828966,0.0,90.94818963792758,100.0,2026-08-21 09:35:18.227,0.0,,False,1,0.0,,True,1006.1139350674122,1539.434523844535,ok,1.288935067412126,1.288935067412126,0.12827458188362412,0.12827458188362412,-2.814476155464945,2.814476155464945,-0.18249168295553733,0.18249168295553733,False,False
88,2026-08-21,09:37:18.230,23,3,90.5,909.3,0.0,0.0,0.0,0.0,0.0,100.0,1004.849,0.005016189,0.01696777,1542.107,0.03962072,0.1787109,23.01571,0.005516862,1497.755,0.0004018463,6.893231,0.0001046074,100,0,1,0,Kennfeld_v2 (18)_korrigiert.csv,C:\Users\nikla\OneDrive\Documents\01_Uni\01_Master\00_Masterarbeit\sim_par_ink_prop\laboratory_measurement_L-Com\measurement_data\Kennfeld_v2 (18)_korrigiert.csv,89,999.8,1.8103620724144829,3.620724144828966,3.620724144828966,0.0,90.94818963792758,100.0,2026-08-21 09:37:18.230,0.033334166666666665,2.00005,False,1,0.033334166666666665,,True,1006.1207453523598,1539.3951608504572,ok,1.2717453523597442,1.2717453523597442,0.1265608417145008,0.1265608417145008,-2.7118391495428114,2.7118391495428114,-0.17585285259342,0.17585285259342,False,False
89,2026-08-21,09:39:18.232,24,3,90.5,909.3,0.0,0.0,0.0,0.0,0.0,100.0,1004.877,0.01009229,0.0345459,1541.944,0.05414213,0.2143555,22.98473,0.01242856,1497.754,0.0009254171,6.893659,0.0001416167,100,0,1,0,Kennfeld_v2 (18)_korrigiert.csv,C:\Users\nikla\OneDrive\Documents\01_Uni\01_Master\00_Masterarbeit\sim_par_ink_prop\laboratory_measurement_L-Com\measurement_data\Kennfeld_v2 (18)_korrigiert.csv,90,999.8,1.8103620724144829,3.620724144828966,3.620724144828966,0.0,90.94818963792758,100.0,2026-08-21 09:39:18.232,0.06666805555555555,2.000033333333333,False,1,0.06666805555555555,,True,1006.1304456998206,1539.3390272804265,ok,1.2534456998206451,1.2534456998206451,0.12473623138161638,0.12473623138161638,-2.604972719573425,2.604972719573425,-0.16894081234943845,0.16894081234943845,False,False
90,2026-08-21,09:41:18.234,25,3,90.5,909.3,0.0,0.0,0.0,0.0,0.0,100.0,1004.915,0.009593928,0.03015137,1541.721,0.05724676,0.2277832,22.92246,0.01789627,1497.749,0.001646254,6.894238,0.0001485698,100,0,1,0,Kennfeld_v2 (18)_korrigiert.csv,C:\Users\nikla\OneDrive\Documents\01_Uni\01_Master\00_Masterarbeit\sim_par_ink_prop\laboratory_measurement_L-Com\measurement_data\Kennfeld_v2 (18)_korrigiert.csv,91,999.8,1.8103620724144829,3.620724144828966,3.620724144828966,0.0,90.94818963792758,100.0,2026-08-21 09:41:18.234,0.10000194444444445,2.000033333333333,False,1,0.10000194444444445,,True,1006.1499434493353,1539.225963501901,ok,1.2349434493353328,1.2349434493353328,0.12289033891775253,0.12289033891775253,-2.495036498098898,2.495036498098898,-0.1618345017093818,0.1618345017093818,False,False
91,2026-08-21,09:43:18.236,26,3,90.5,909.3,0.0,0.0,0.0,0.0,0.0,100.0,1004.942,0.005729487,0.02191162,1541.556,0.03550616,0.1622314,22.87024,0.0105288,1497.745,0.0008337185,6.894664,9.243513e-05,100,0,1,0,Kennfeld_v2 (18)_korrigiert.csv,C:\Users\nikla\OneDrive\Documents\01_Uni\01_Master\00_Masterarbeit\sim_par_ink_prop\laboratory_measurement_L-Com\measurement_data\Kennfeld_v2 (18)_korrigiert.csv,92,999.8,1.8103620724144829,3.620724144828966,3.620724144828966,0.0,90.94818963792758,100.0,2026-08-21 09:43:18.236,0.13333583333333335,2.000033333333333,False,1,0.13333583333333335,,True,1006.1662943685909,1539.1309060624462,ok,1.224294368590904,1.224294368590904,0.12182736601623816,0.12182736601623816,-2.425093937553811,2.425093937553811,-0.1573146831872349,0.1573146831872349,False,False
92,2026-08-21,09:45:18.238,27,3,90.5,909.3,0.0,0.0,0.0,0.0,0.0,100.0,1004.962,0.004276433,0.01800537,1541.441,0.02920001,0.1343994,22.83823,0.005514212,1497.744,0.0002025274,6.894963,7.68127e-05,100,0,1,0,Kennfeld_v2 (18)_korrigiert.csv,C:\Users\nikla\OneDrive\Documents\01_Uni\01_Master\00_Masterarbeit\sim_par_ink_prop\laboratory_measurement_L-Com\measurement_data\Kennfeld_v2 (18)_korrigiert.csv,93,999.8,1.8103620724144829,3.620724144828966,3.620724144828966,0.0,90.94818963792758,100.0,2026-08-21 09:45:18.238,0.1666697222222222,2.000033333333333,False,1,0.1666697222222222,,True,1006.1763172074734,1539.0725287180344,ok,1.2143172074734139,1.2143172074734139,0.12083215161104738,0.12083215161104738,-2.3684712819656397,2.3684712819656397,-0.1536530611269351,0.1536530611269351,False,False
93,2026-08-21,09:47:18.240,28,3,90.5,909.3,0.0,0.0,0.0,0.0,0.0,100.0,1004.976,0.003633458,0.01135254,1541.354,0.0237383,0.1071777,22.821,0.003436239,1497.744,0.0003818233,6.895192,6.276666e-05,100,0,1,0,Kennfeld_v2 (18)_korrigiert.csv,C:\Users\nikla\OneDrive\Documents\01_Uni\01_Master\00_Masterarbeit\sim_par_ink_prop\laboratory_measurement_L-Com\measurement_data\Kennfeld_v2 (18)_korrigiert.csv,94,999.8,1.8103620724144829,3.620724144828966,3.620724144828966,0.0,90.94818963792758,100.0,2026-08-21 09:47:18.240,0.20000361111111112,2.000033333333333,False,1,0.20000361111111112,,True,1006.1817121921699,1539.0410718247663,ok,1.2057121921699263,1.2057121921699263,0.11997422746114597,0.11997422746114597,-2.3129281752337647,2.3129281752337647,-0.15005820695529803,0.15005820695529803,False,False
94,2026-08-21,09:49:18.242,29,3,90.5,909.3,0.0,0.0,0.0,0.0,0.0,100.0,1004.994,0.005740904,0.0189209,1541.248,0.03594041,0.1450195,22.80038,0.008786435,1497.743,0.0007952013,6.895471,9.401724e-05,100,0,1,0,Kennfeld_v2 (18)_korrigiert.csv,C:\Users\nikla\OneDrive\Documents\01_Uni\01_Master\00_Masterarbeit\sim_par_ink_prop\laboratory_measurement_L-Com\measurement_data\Kennfeld_v2 (18)_korrigiert.csv,95,999.8,1.8103620724144829,3.620724144828966,3.620724144828966,0.0,90.94818963792758,100.0,2026-08-21 09:49:18.242,0.2333375,2.000033333333333,False,1,0.2333375,,True,1006.1881686377767,1539.0033943933931,ok,1.19416863777667,1.19416863777667,0.11882345942131695,0.11882345942131695,-2.2446056066069104,2.2446056066069104,-0.1456355892501992,0.1456355892501992,False,False
95,2026-08-21,09:51:18.244,30,3,90.5,909.3,0.0,0.0,0.0,0.0,0.0,100.0,1005.018,0.005696333,0.019104,1541.097,0.03832928,0.151001,22.75437,0.01299034,1497.739,0.001383548,6.895862,9.936278e-05,100,0,1,0,Kennfeld_v2 (18)_korrigiert.csv,C:\Users\nikla\OneDrive\Documents\01_Uni\01_Master\00_Masterarbeit\sim_par_ink_prop\laboratory_measurement_L-Com\measurement_data\Kennfeld_v2 (18)_korrigiert.csv,96,999.8,1.8103620724144829,3.620724144828966,3.620724144828966,0.0,90.94818963792758,100.0,2026-08-21 09:51:18.244,0.2666713888888889,2.000033333333333,False,1,0.2666713888888889,,True,1006.2025750847763,1538.9192004488907,ok,1.1845750847762702,1.1845750847762702,0.11786605660558021,0.11786605660558021,-2.177799551109274,2.177799551109274,-0.14131489134748002,0.14131489134748002,False,False
96,2026-08-21,09:53:18.246,31,3,90.5,909.3,0.0,0.0,0.0,0.0,0.0,100.0,1005.036,0.003411736,0.0135498,1540.989,0.02571304,0.1124268,22.71111,0.007560941,1497.734,0.0005963009,6.896141,6.698331e-05,100,0,1,0,Kennfeld_v2 (18)_korrigiert.csv,C:\Users\nikla\OneDrive\Documents\01_Uni\01_Master\00_Masterarbeit\sim_par_ink_prop\laboratory_measurement_L-Com\measurement_data\Kennfeld_v2 (18)_korrigiert.csv,97,999.8,1.8103620724144829,3.620724144828966,3.620724144828966,0.0,90.94818963792758,100.0,2026-08-21 09:53:18.246,0.3000052777777778,2.000033333333333,False,1,0.3000052777777778,,True,1006.2161204563305,1538.8398837499687,ok,1.1801204563305419,1.1801204563305419,0.11742071491275356,0.11742071491275356,-2.149116250031284,2.149116250031284,-0.13946343874169664,0.13946343874169664,False,False
97,2026-08-21,09:55:18.248,32,3,90.5,909.3,0.0,0.0,0.0,0.0,0.0,100.0,1005.051,0.003407008,0.01330566,1540.904,0.02060314,0.09277344,22.68682,0.004492071,1497.734,0.0002519652,6.896361,5.423128e-05,100,0,1,0,Kennfeld_v2 (18)_korrigiert.csv,C:\Users\nikla\OneDrive\Documents\01_Uni\01_Master\00_Masterarbeit\sim_par_ink_prop\laboratory_measurement_L-Com\measurement_data\Kennfeld_v2 (18)_korrigiert.csv,98,999.8,1.8103620724144829,3.620724144828966,3.620724144828966,0.0,90.94818963792758,100.0,2026-08-21 09:55:18.248,0.33333916666666663,2.000033333333333,False,1,0.33333916666666663,,True,1006.2237260257814,1538.7952825611503,ok,1.172726025781344,1.172726025781344,0.11668323555534436,0.11668323555534436,-2.1087174388496805,2.1087174388496805,-0.13684937146309442,0.13684937146309442,False,False
98,2026-08-21,09:57:18.250,33,3,90.5,909.3,0.0,0.0,0.0,0.0,0.0,100.0,1005.063,0.003733715,0.01361084,1540.843,0.01837182,0.07446289,22.67401,0.002298339,1497.734,0.0004445391,6.896521,4.8741e-05,100,0,1,0,Kennfeld_v2 (18)_korrigiert.csv,C:\Users\nikla\OneDrive\Documents\01_Uni\01_Master\00_Masterarbeit\sim_par_ink_prop\laboratory_measurement_L-Com\measurement_data\Kennfeld_v2 (18)_korrigiert.csv,99,999.8,1.8103620724144829,3.620724144828966,3.620724144828966,0.0,90.94818963792758,100.0,2026-08-21 09:57:18.250,0.3666730555555555,2.000033333333333,False,1,0.3666730555555555,,True,1006.2277370312072,1538.7717418681805,ok,1.1647370312072098,1.1647370312072098,0.11588696740475073,0.11588696740475073,-2.0712581318196044,2.0712581318196044,-0.13442369740587484,0.13442369740587484,False,False
99,2026-08-21,09:59:18.252,34,3,90.5,909.3,0.0,0.0,0.0,0.0,0.0,100.0,1005.076,0.004120194,0.01605225,1540.762,0.02954434,0.1239014,22.65845,0.007101177,1497.734,0.000960408,6.896732,7.738303e-05,100,0,1,0,Kennfeld_v2 (18)_korrigiert.csv,C:\Users\nikla\OneDrive\Documents\01_Uni\01_Master\00_Masterarbeit\sim_par_ink_prop\laboratory_measurement_L-Com\measurement_data\Kennfeld_v2 (18)_korrigiert.csv,100,999.8,1.8103620724144829,3.620724144828966,3.620724144828966,0.0,90.94818963792758,100.0,2026-08-21 09:59:18.252,0.40000694444444446,2.000033333333333,False,1,0.40000694444444446,,True,1006.2326091024973,1538.7431298894292,ok,1.1566091024973275,1.1566091024973275,0.11507678051185458,0.11507678051185458,-2.018870110570788,2.018870110570788,-0.1310306270904129,0.1310306270904129,False,False
100,2026-08-21,10:01:18.254,35,3,90.5,909.3,0.0,0.0,0.0,0.0,0.0,100.0,1005.097,0.004823477,0.01922607,1540.618,0.0337535,0.1373291,22.61537,0.01114249,1497.729,0.001201802,6.897107,8.754e-05,100,0,1,0,Kennfeld_v2 (18)_korrigiert.csv,C:\Users\nikla\OneDrive\Documents\01_Uni\01_Master\00_Masterarbeit\sim_par_ink_prop\laboratory_measurement_L-Com\measurement_data\Kennfeld_v2 (18)_korrigiert.csv,101,999.8,1.8103620724144829,3.620724144828966,3.620724144828966,0.0,90.94818963792758,100.0,2026-08-21 10:01:18.254,0.43334083333333334,2.000033333333333,False,1,0.43334083333333334,,True,1006.2460980969261,1538.6638126996265,ok,1.1490980969260818,1.1490980969260818,0.11432708454269407,0.11432708454269407,-1.9541873003734054,1.9541873003734054,-0.12684437676136495,0.12684437676136495,False,False
101,2026-08-21,10:03:18.256,36,3,90.5,909.3,0.0,0.0,0.0,0.0,0.0,100.0,1005.115,0.003793034,0.01257324,1540.515,0.01966823,0.0880127,22.5771,0.006018104,1497.726,0.0002847885,6.897374,5.134834e-05,100,0,1,0,Kennfeld_v2 (18)_korrigiert.csv,C:\Users\nikla\OneDrive\Documents\01_Uni\01_Master\00_Masterarbeit\sim_par_ink_prop\laboratory_measurement_L-Com\measurement_data\Kennfeld_v2 (18)_korrigiert.csv,102,999.8,1.8103620724144829,3.620724144828966,3.620724144828966,0.0,90.94818963792758,100.0,2026-08-21 10:03:18.256,0.4666747222222222,2.000033333333333,False,1,0.4666747222222222,,True,1006.2580810020128,1538.5932271802621,ok,1.1430810020127637,1.1430810020127637,0.11372638971786947,0.11372638971786947,-1.9217728197379529,1.9217728197379529,-0.12474872492237679,0.12474872492237679,False,False
102,2026-08-21,10:05:18.258,37,3,90.5,909.3,0.0,0.0,0.0,0.0,0.0,100.0,1005.127,0.0027381,0.01013184,1540.454,0.01861523,0.08459473,22.55964,0.00275189,1497.726,0.0003335122,6.897532,4.935675e-05,100,0,1,0,Kennfeld_v2 (18)_korrigiert.csv,C:\Users\nikla\OneDrive\Documents\01_Uni\01_Master\00_Masterarbeit\sim_par_ink_prop\laboratory_measurement_L-Com\measurement_data\Kennfeld_v2 (18)_korrigiert.csv,103,999.8,1.8103620724144829,3.620724144828966,3.620724144828966,0.0,90.94818963792758,100.0,2026-08-21 10:05:18.258,0.5000086111111111,2.000033333333333,False,1,0.5000086111111111,,True,1006.2635479852644,1538.5609849994762,ok,1.1365479852644285,1.1365479852644285,0.11307506268008206,0.11307506268008206,-1.8930150005237465,1.8930150005237465,-0.12288682430788239,0.12288682430788239,False,False
103,2026-08-21,10:07:18.260,38,3,90.5,909.3,0.0,0.0,0.0,0.0,0.0,100.0,1005.135,0.002350864,0.01153564,1540.412,0.01347193,0.06665039,22.55394,0.0006820905,1497.727,0.0005001754,6.897643,3.606391e-05,100,0,1,0,Kennfeld_v2 (18)_korrigiert.csv,C:\Users\nikla\OneDrive\Documents\01_Uni\01_Master\00_Masterarbeit\sim_par_ink_prop\laboratory_measurement_L-Com\measurement_data\Kennfeld_v2 (18)_korrigiert.csv,104,999.8,1.8103620724144829,3.620724144828966,3.620724144828966,0.0,90.94818963792758,100.0,2026-08-21 10:07:18.260,0.5333424999999999,2.000033333333333,False,1,0.5333424999999999,,True,1006.2653327389854,1538.55045394093,ok,1.1303327389854303,1.1303327389854303,0.11245581329726159,0.11245581329726159,-1.8615460590699513,1.8615460590699513,-0.12084728365333114,0.12084728365333114,False,False
104,2026-08-21,11:05:46.001,39,3,111.82,909.3,0.0,0.0,0.0,0.0,0.0,100.0,1007.201,0.008499688,0.02874756,1550.118,0.02684178,0.1251221,22.15142,0.00656221,1498.14,0.003745078,6.871685,7.24163e-05,100,0,1,0,Kennfeld_v2 (18)_korrigiert.csv,C:\Users\nikla\OneDrive\Documents\01_Uni\01_Master\00_Masterarbeit\sim_par_ink_prop\laboratory_measurement_L-Com\measurement_data\Kennfeld_v2 (18)_korrigiert.csv,105,1021.1199999999999,2.190144155437167,4.3802883108743345,4.3802883108743345,0.0,89.04927922281418,100.00000000000001,2026-08-21 11:05:46.001,1.5077150000000001,58.46235,False,2,0.0,,True,1008.4095633256926,1548.1374993224606,ok,1.2085633256925803,1.2085633256925803,0.11999226824562131,0.11999226824562131,-1.9805006775393394,1.9805006775393394,-0.12776451067204816,0.12776451067204816,False,False
105,2026-08-21,11:07:46.004,40,3,111.82,909.3,0.0,0.0,0.0,0.0,0.0,100.0,1007.226,0.004667997,0.01776123,1550.054,0.02099051,0.09545898,22.16984,0.002204482,1498.15,0.001482584,6.871858,5.594664e-05,100,0,1,0,Kennfeld_v2 (18)_korrigiert.csv,C:\Users\nikla\OneDrive\Documents\01_Uni\01_Master\00_Masterarbeit\sim_par_ink_prop\laboratory_measurement_L-Com\measurement_data\Kennfeld_v2 (18)_korrigiert.csv,106,1021.1199999999999,2.190144155437167,4.3802883108743345,4.3802883108743345,0.0,89.04927922281418,100.00000000000001,2026-08-21 11:07:46.004,1.5410491666666666,2.00005,False,2,0.033334166666666665,,True,1008.403398001084,1548.1665242145143,ok,1.1773980010840432,1.1773980010840432,0.11689511600018697,0.11689511600018697,-1.8874757854857762,1.8874757854857762,-0.12176838906810834,0.12176838906810834,False,False
106,2026-08-21,11:09:46.005,41,3,111.82,909.3,0.0,0.0,0.0,0.0,0.0,100.0,1007.244,0.005011912,0.01617432,1549.979,0.02686486,0.1311035,22.17432,0.001154546,1498.155,0.0009107009,6.872058,7.105092e-05,100,0,1,0,Kennfeld_v2 (18)_korrigiert.csv,C:\Users\nikla\OneDrive\Documents\01_Uni\01_Master\00_Masterarbeit\sim_par_ink_prop\laboratory_measurement_L-Com\measurement_data\Kennfeld_v2 (18)_korrigiert.csv,107,1021.1199999999999,2.190144155437167,4.3802883108743345,4.3802883108743345,0.0,89.04927922281418,100.00000000000001,2026-08-21 11:09:46.005,1.574382777777778,2.0000166666666668,False,2,0.06666777777777777,,True,1008.4018985082947,1548.173579452367,ok,1.1578985082946929,1.1578985082946929,0.11495710158558332,0.11495710158558332,-1.805420547633048,1.805420547633048,-0.11648032312909065,0.11648032312909065,False,False
107,2026-08-21,11:11:46.007,42,3,111.82,909.3,0.0,0.0,0.0,0.0,0.0,100.0,1007.258,0.001945759,0.007202148,1549.919,0.01705465,0.06848145,22.18006,0.004046079,1498.16,0.00155028,6.872219,4.574356e-05,100,1,1,1,Kennfeld_v2 (18)_korrigiert.csv,C:\Users\nikla\OneDrive\Documents\01_Uni\01_Master\00_Masterarbeit\sim_par_ink_prop\laboratory_measurement_L-Com\measurement_data\Kennfeld_v2 (18)_korrigiert.csv,108,1021.1199999999999,2.190144155437167,4.3802883108743345,4.3802883108743345,0.0,89.04927922281418,100.00000000000001,2026-08-21 11:11:46.007,1.6077166666666667,2.000033333333333,False,2,0.10000166666666666,,True,1008.3999772830681,1548.1826166767812,ok,1.1419772830680586,1.1419772830680586,0.11337485361923742,0.11337485361923742,-1.736383323218888,1.736383323218888,-0.11203058503179121,0.11203058503179121,False,False
108,2026-08-21,11:13:46.010,43,3,111.82,909.3,0.0,0.0,0.0,0.0,0.0,100.0,1007.264,0.0008476325,0.003662109,1549.901,0.01170695,0.06335449,22.20174,0.006423451,1498.167,0.00149423,6.872272,3.155615e-05,100,1,1,1,Kennfeld_v2 (18)_korrigiert.csv,C:\Users\nikla\OneDrive\Documents\01_Uni\01_Master\00_Masterarbeit\sim_par_ink_prop\laboratory_measurement_L-Com\measurement_data\Kennfeld_v2 (18)_korrigiert.csv,109,1021.1199999999999,2.190144155437167,4.3802883108743345,4.3802883108743345,0.0,89.04927922281418,100.00000000000001,2026-08-21 11:13:46.010,1.6410508333333333,2.00005,False,2,0.13333583333333335,,True,1008.3927208077719,1548.216726997491,ok,1.128720807771856,1.128720807771856,0.11205809080557391,0.11205809080557391,-1.6842730025091441,1.6842730025091441,-0.10866971519530241,0.10866971519530241,False,False
109,2026-08-21,11:15:46.012,44,3,111.82,909.3,0.0,0.0,0.0,0.0,0.0,100.0,1007.271,0.002620968,0.008911133,1549.864,0.01899815,0.0859375,22.21679,0.0008671654,1498.171,0.0005993512,6.872375,5.04556e-05,100,1,1,1,Kennfeld_v2 (18)_korrigiert.csv,C:\Users\nikla\OneDrive\Documents\01_Uni\01_Master\00_Masterarbeit\sim_par_ink_prop\laboratory_measurement_L-Com\measurement_data\Kennfeld_v2 (18)_korrigiert.csv,110,1021.1199999999999,2.190144155437167,4.3802883108743345,4.3802883108743345,0.0,89.04927922281418,100.00000000000001,2026-08-21 11:15:46.012,1.6743847222222221,2.000033333333333,False,2,0.1666697222222222,,True,1008.3876834474507,1548.2403842944584,ok,1.1166834474507823,1.1166834474507823,0.11086226521470213,0.11086226521470213,-1.6236157055416243,1.6236157055416243,-0.10475859207915174,0.10475859207915174,False,False
110,2026-08-21,11:17:46.014,45,3,111.82,909.3,0.0,0.0,0.0,0.0,0.0,100.0,1007.282,0.003547078,0.01257324,1549.79,0.02546176,0.1049805,22.21436,0.002749022,1498.172,0.0002955951,6.87257,6.676916e-05,100,0,1,0,Kennfeld_v2 (18)_korrigiert.csv,C:\Users\nikla\OneDrive\Documents\01_Uni\01_Master\00_Masterarbeit\sim_par_ink_prop\laboratory_measurement_L-Com\measurement_data\Kennfeld_v2 (18)_korrigiert.csv,111,1021.1199999999999,2.190144155437167,4.3802883108743345,4.3802883108743345,0.0,89.04927922281418,100.00000000000001,2026-08-21 11:17:46.014,1.7077186111111111,2.000033333333333,False,2,0.20000361111111112,,True,1008.3884967887329,1548.2365657483685,ok,1.1064967887328976,1.1064967887328976,0.10984975297214658,0.10984975297214658,-1.5534342516314155,1.5534342516314155,-0.10023514486681522,0.10023514486681522,False,False
111,2026-08-21,11:19:46.016,46,3,111.82,909.3,0.0,0.0,0.0,0.0,0.0,100.0,1007.292,0.001831068,0.007446289,1549.726,0.01420558,0.06835937,22.20855,0.001443972,1498.174,0.0009807581,6.872737,3.780618e-05,100,1,1,1,Kennfeld_v2 (18)_korrigiert.csv,C:\Users\nikla\OneDrive\Documents\01_Uni\01_Master\00_Masterarbeit\sim_par_ink_prop\laboratory_measurement_L-Com\measurement_data\Kennfeld_v2 (18)_korrigiert.csv,112,1021.1199999999999,2.190144155437167,4.3802883108743345,4.3802883108743345,0.0,89.04927922281418,100.00000000000001,2026-08-21 11:19:46.016,1.7410525,2.000033333333333,False,2,0.2333375,,True,1008.3904414441517,1548.2274339299447,ok,1.0984414441517174,1.0984414441517174,0.10904895940320358,0.10904895940320358,-1.4985660700554035,1.4985660700554035,-0.09669877578716518,0.09669877578716518,False,False
112,2026-08-21,11:21:46.018,47,3,111.82,909.3,0.0,0.0,0.0,0.0,0.0,100.0,1007.297,0.0009323555,0.004333496,1549.705,0.0115305,0.05236816,22.22034,0.004595897,1498.179,0.001166527,6.872797,3.104092e-05,100,1,1,1,Kennfeld_v2 (18)_korrigiert.csv,C:\Users\nikla\OneDrive\Documents\01_Uni\01_Master\00_Masterarbeit\sim_par_ink_prop\laboratory_measurement_L-Com\measurement_data\Kennfeld_v2 (18)_korrigiert.csv,113,1021.1199999999999,2.190144155437167,4.3802883108743345,4.3802883108743345,0.0,89.04927922281418,100.00000000000001,2026-08-21 11:21:46.018,1.7743863888888889,2.000033333333333,False,2,0.2666713888888889,,True,1008.3864952327876,1548.245961995536,ok,1.0894952327876126,1.0894952327876126,0.10816027773214976,0.10816027773214976,-1.4590380044639915,1.4590380044639915,-0.09414940291629642,0.09414940291629642,False,False
113,2026-08-21,11:23:46.020,48,3,111.82,909.3,0.0,0.0,0.0,0.0,0.0,100.0,1007.303,0.00241025,0.009338379,1549.664,0.01871101,0.07727051,22.23066,0.0008618447,1498.182,0.0003274824,6.872909,4.952858e-05,100,1,1,1,Kennfeld_v2 (18)_korrigiert.csv,C:\Users\nikla\OneDrive\Documents\01_Uni\01_Master\00_Masterarbeit\sim_par_ink_prop\laboratory_measurement_L-Com\measurement_data\Kennfeld_v2 (18)_korrigiert.csv,114,1021.1199999999999,2.190144155437167,4.3802883108743345,4.3802883108743345,0.0,89.04927922281418,100.00000000000001,2026-08-21 11:23:46.020,1.8077202777777777,2.000033333333333,False,2,0.3000052777777778,,True,1008.3830410423342,1548.2621709882626,ok,1.0800410423341873,1.0800410423341873,0.10722106876820453,0.10722106876820453,-1.4018290117373908,1.4018290117373908,-0.09046019083732931,0.09046019083732931,False,False
114,2026-08-21,11:25:46.021,49,3,111.82,909.3,0.0,0.0,0.0,0.0,0.0,100.0,1007.313,0.002003473,0.008361816,1549.603,0.01608135,0.08349609,22.22548,0.000896983,1498.183,0.000512754,6.873067,4.244728e-05,100,1,1,1,Kennfeld_v2 (18)_korrigiert.csv,C:\Users\nikla\OneDrive\Documents\01_Uni\01_Master\00_Masterarbeit\sim_par_ink_prop\laboratory_measurement_L-Com\measurement_data\Kennfeld_v2 (18)_korrigiert.csv,115,1021.1199999999999,2.190144155437167,4.3802883108743345,4.3802883108743345,0.0,89.04927922281418,100.00000000000001,2026-08-21 11:25:46.021,1.8410538888888888,2.0000166666666668,False,2,0.3333388888888889,,True,1008.3847748317696,1548.2540361246113,ok,1.0717748317696305,1.0717748317696305,0.10639938447827343,0.10639938447827343,-1.3489638753887903,1.3489638753887903,-0.08705222404633897,0.08705222404633897,False,False
115,2026-08-21,11:27:46.024,50,3,111.82,909.3,0.0,0.0,0.0,0.0,0.0,100.0,1007.319,0.0009509423,0.004638672,1549.575,0.009783585,0.05371094,22.23057,0.00308857,1498.186,0.001029314,6.873144,2.627949e-05,100,1,1,1,Kennfeld_v2 (18)_korrigiert.csv,C:\Users\nikla\OneDrive\Documents\01_Uni\01_Master\00_Masterarbeit\sim_par_ink_prop\laboratory_measurement_L-Com\measurement_data\Kennfeld_v2 (18)_korrigiert.csv,116,1021.1199999999999,2.190144155437167,4.3802883108743345,4.3802883108743345,0.0,89.04927922281418,100.00000000000001,2026-08-21 11:27:46.024,1.8743880555555554,2.00005,False,2,0.3666730555555555,,True,1008.3830711660897,1548.262029666923,ok,1.064071166089775,1.064071166089775,0.10563398149839079,0.10563398149839079,-1.3129703330771463,1.3129703330771463,-0.08473099611681566,0.08473099611681566,False,False
116,2026-08-21,11:29:46.026,51,3,111.82,909.3,0.0,0.0,0.0,0.0,0.0,100.0,1007.322,0.0006359206,0.003173828,1549.566,0.008845149,0.03967285,22.24629,0.005105913,1498.19,0.00129869,6.873173,2.296626e-05,100,1,1,1,Kennfeld_v2 (18)_korrigiert.csv,C:\Users\nikla\OneDrive\Documents\01_Uni\01_Master\00_Masterarbeit\sim_par_ink_prop\laboratory_measurement_L-Com\measurement_data\Kennfeld_v2 (18)_korrigiert.csv,117,1021.1199999999999,2.190144155437167,4.3802883108743345,4.3802883108743345,0.0,89.04927922281418,100.00000000000001,2026-08-21 11:29:46.026,1.9077219444444444,2.000033333333333,False,2,0.40000694444444446,,True,1008.377809549769,1548.2867041424092,ok,1.0558095497690374,1.0558095497690374,0.1048135104533642,0.1048135104533642,-1.279295857590796,1.279295857590796,-0.08255833295198758,0.08255833295198758,False,False
117,2026-08-21,11:31:46.027,52,3,111.82,909.3,0.0,0.0,0.0,0.0,0.0,100.0,1007.324,0.001189352,0.006103516,1549.557,0.009893992,0.04589844,22.26478,0.003209091,1498.194,0.0007670568,6.873202,2.679191e-05,100,1,1,1,Kennfeld_v2 (18)_korrigiert.csv,C:\Users\nikla\OneDrive\Documents\01_Uni\01_Master\00_Masterarbeit\sim_par_ink_prop\laboratory_measurement_L-Com\measurement_data\Kennfeld_v2 (18)_korrigiert.csv,118,1021.1199999999999,2.190144155437167,4.3802883108743345,4.3802883108743345,0.0,89.04927922281418,100.00000000000001,2026-08-21 11:31:46.027,1.9410555555555555,2.0000166666666668,False,2,0.43334055555555556,,True,1008.3716207901532,1548.3157016155546,ok,1.0476207901532462,1.0476207901532462,0.10400038023051632,0.10400038023051632,-1.241298384445372,1.241298384445372,-0.08010666173915332,0.08010666173915332,False,False
118,2026-08-21,11:33:46.030,53,3,111.82,909.3,0.0,0.0,0.0,0.0,0.0,100.0,1007.33,0.001810388,0.007202148,1549.52,0.01355285,0.06555176,22.27102,0.000729275,1498.197,0.0004692997,6.873302,3.597971e-05,100,1,1,1,Kennfeld_v2 (18)_korrigiert.csv,C:\Users\nikla\OneDrive\Documents\01_Uni\01_Master\00_Masterarbeit\sim_par_ink_prop\laboratory_measurement_L-Com\measurement_data\Kennfeld_v2 (18)_korrigiert.csv,119,1021.1199999999999,2.190144155437167,4.3802883108743345,4.3802883108743345,0.0,89.04927922281418,100.00000000000001,2026-08-21 11:33:46.030,1.9743897222222222,2.00005,False,2,0.4666747222222222,,True,1008.3695322090598,1548.3254816070921,ok,1.0395322090597574,1.0395322090597574,0.1031967884466617,0.1031967884466617,-1.1945183929078667,1.1945183929078667,-0.07708957566910182,0.07708957566910182,False,False
119,2026-08-21,11:35:46.031,54,3,111.82,909.3,0.0,0.0,0.0,0.0,0.0,100.0,1007.341,0.003122292,0.01202393,1549.443,0.01866777,0.07788086,22.25926,0.00450797,1498.196,0.0004525657,6.873501,4.835844e-05,100,0,1,0,Kennfeld_v2 (18)_korrigiert.csv,C:\Users\nikla\OneDrive\Documents\01_Uni\01_Master\00_Masterarbeit\sim_par_ink_prop\laboratory_measurement_L-Com\measurement_data\Kennfeld_v2 (18)_korrigiert.csv,120,1021.1199999999999,2.190144155437167,4.3802883108743345,4.3802883108743345,0.0,89.04927922281418,100.00000000000001,2026-08-21 11:35:46.031,2.0077233333333333,2.0000166666666668,False,2,0.5000083333333333,,True,1008.3734683810204,1548.3070475317506,ok,1.0324683810204078,1.0324683810204078,0.10249442651697964,0.10249442651697964,-1.135952468249343,1.135952468249343,-0.07331360161356971,0.07331360161356971,False,False
120,2026-08-21,11:37:46.033,55,3,111.82,909.3,0.0,0.0,0.0,0.0,0.0,100.0,1007.348,0.0009820411,0.004577637,1549.418,0.008749021,0.04846191,22.25797,0.00274513,1498.198,0.001013535,6.873569,2.333496e-05,100,1,1,1,Kennfeld_v2 (18)_korrigiert.csv,C:\Users\nikla\OneDrive\Documents\01_Uni\01_Master\00_Masterarbeit\sim_par_ink_prop\laboratory_measurement_L-Com\measurement_data\Kennfeld_v2 (18)_korrigiert.csv,121,1021.1199999999999,2.190144155437167,4.3802883108743345,4.3802883108743345,0.0,89.04927922281418,100.00000000000001,2026-08-21 11:37:46.033,2.0410572222222223,2.000033333333333,False,2,0.5333422222222222,,True,1008.3739001549592,1548.3050247645774,ok,1.0259001549592313,1.0259001549592313,0.10184168281063062,0.10184168281063062,-1.112975235422482,1.112975235422482,-0.07183182559015593,0.07183182559015593,False,False
121,2026-08-21,11:50:07.275,56,3,111.82,1126.73,0.0,0.0,0.0,0.0,0.0,100.0,1005.509,0.003952621,0.01379395,1538.678,0.01420867,0.06323242,22.24277,0.008930723,1497.752,0.0009544284,6.90221,3.738678e-05,100,0,1,0,Kennfeld_v2 (18)_korrigiert.csv,C:\Users\nikla\OneDrive\Documents\01_Uni\01_Master\00_Masterarbeit\sim_par_ink_prop\laboratory_measurement_L-Com\measurement_data\Kennfeld_v2 (18)_korrigiert.csv,122,1238.55,1.805659844172621,3.6113196883452425,3.6113196883452425,0.0,90.9717007791369,100.0,2026-08-21 11:50:07.275,2.246957777777778,12.354033333333332,False,3,0.0,,True,1006.338239264289,1537.8471967413348,ok,0.8292392642889581,0.8292392642889581,0.0824696013948118,0.0824696013948118,-0.8308032586653553,0.8308032586653553,-0.05399461477094982,0.05399461477094982,False,False
122,2026-08-21,11:52:07.277,57,3,111.82,1126.73,0.0,0.0,0.0,0.0,0.0,100.0,1005.52,0.001589973,0.006713867,1538.682,0.01378537,0.07458496,22.24244,0.003231619,1497.757,0.001209928,6.9022,3.654782e-05,100,1,1,1,Kennfeld_v2 (18)_korrigiert.csv,C:\Users\nikla\OneDrive\Documents\01_Uni\01_Master\00_Masterarbeit\sim_par_ink_prop\laboratory_measurement_L-Com\measurement_data\Kennfeld_v2 (18)_korrigiert.csv,123,1238.55,1.805659844172621,3.6113196883452425,3.6113196883452425,0.0,90.9717007791369,100.0,2026-08-21 11:52:07.277,2.2802916666666664,2.000033333333333,False,3,0.033333888888888885,,True,1006.33834250041,1537.8465778761604,ok,0.81834250041004,0.81834250041004,0.08138500481442835,0.08138500481442835,-0.8354221238396349,0.8354221238396349,-0.05429465762513858,0.05429465762513858,False,False
123,2026-08-21,11:54:07.279,58,3,111.82,1126.73,0.0,0.0,0.0,0.0,0.0,100.0,1005.525,0.001249963,0.00604248,1538.673,0.01248271,0.06164551,22.25328,0.002214938,1497.76,0.0006007822,6.902225,3.367032e-05,100,1,1,1,Kennfeld_v2 (18)_korrigiert.csv,C:\Users\nikla\OneDrive\Documents\01_Uni\01_Master\00_Masterarbeit\sim_par_ink_prop\laboratory_measurement_L-Com\measurement_data\Kennfeld_v2 (18)_korrigiert.csv,124,1238.55,1.805659844172621,3.6113196883452425,3.6113196883452425,0.0,90.9717007791369,100.0,2026-08-21 11:54:07.279,2.3136255555555554,2.000033333333333,False,3,0.06666777777777777,,True,1006.3349513500152,1537.8669021730486,ok,0.8099513500152398,0.8099513500152398,0.0805500957226563,0.0805500957226563,-0.8060978269513726,0.8060978269513726,-0.05238915786209107,0.05238915786209107,False,False
124,2026-08-21,11:56:07.281,59,3,111.82,1126.73,0.0,0.0,0.0,0.0,0.0,100.0,1005.527,0.0005959686,0.002685547,1538.676,0.01351688,0.06640625,22.26413,0.004040003,1497.763,0.0009113923,6.90222,3.5937e-05,100,1,1,1,Kennfeld_v2 (18)_korrigiert.csv,C:\Users\nikla\OneDrive\Documents\01_Uni\01_Master\00_Masterarbeit\sim_par_ink_prop\laboratory_measurement_L-Com\measurement_data\Kennfeld_v2 (18)_korrigiert.csv,125,1238.55,1.805659844172621,3.6113196883452425,3.6113196883452425,0.0,90.9717007791369,100.0,2026-08-21 11:56:07.281,2.3469594444444444,2.000033333333333,False,3,0.10000166666666666,,True,1006.3315570707856,1537.8872359494057,ok,0.8045570707855632,0.8045570707855632,0.08001347261541093,0.08001347261541093,-0.7887640505941818,0.7887640505941818,-0.05126251729371107,0.05126251729371107,False,False
125,2026-08-21,11:58:07.283,60,3,111.82,1126.73,0.0,0.0,0.0,0.0,0.0,100.0,1005.527,0.000717266,0.003173828,1538.705,0.01429893,0.0760498,22.28354,0.005982817,1497.767,0.001171027,6.902148,3.757009e-05,100,1,1,1,Kennfeld_v2 (18)_korrigiert.csv,C:\Users\nikla\OneDrive\Documents\01_Uni\01_Master\00_Masterarbeit\sim_par_ink_prop\laboratory_measurement_L-Com\measurement_data\Kennfeld_v2 (18)_korrigiert.csv,126,1238.55,1.805659844172621,3.6113196883452425,3.6113196883452425,0.0,90.9717007791369,100.0,2026-08-21 11:58:07.283,2.3802933333333334,2.000033333333333,False,3,0.13333555555555554,,True,1006.3254849074189,1537.9235887096747,ok,0.7984849074188105,0.7984849074188105,0.07940959391630563,0.07940959391630563,-0.7814112903251953,0.7814112903251953,-0.050783697351031894,0.050783697351031894,False,False
126,2026-08-21,12:00:07.285,61,3,111.82,1126.73,0.0,0.0,0.0,0.0,0.0,100.0,1005.526,0.0009726001,0.004638672,1538.719,0.01491263,0.07104492,22.30175,0.002227603,1497.77,0.0003094005,6.902115,4.025316e-05,100,1,1,1,Kennfeld_v2 (18)_korrigiert.csv,C:\Users\nikla\OneDrive\Documents\01_Uni\01_Master\00_Masterarbeit\sim_par_ink_prop\laboratory_measurement_L-Com\measurement_data\Kennfeld_v2 (18)_korrigiert.csv,127,1238.55,1.805659844172621,3.6113196883452425,3.6113196883452425,0.0,90.9717007791369,100.0,2026-08-21 12:00:07.285,2.4136272222222224,2.000033333333333,False,3,0.16666944444444445,,True,1006.3197881469168,1537.9576669892394,ok,0.7937881469168815,0.7937881469168815,0.07894257800562905,0.07894257800562905,-0.7613330107606089,0.7613330107606089,-0.04947836549497399,0.04947836549497399,False,False
127,2026-08-21,12:02:07.287,62,3,111.82,1126.73,0.0,0.0,0.0,0.0,0.0,100.0,1005.531,0.001638052,0.006103516,1538.693,0.01313226,0.05639648,22.30183,0.001312535,1497.771,0.0002170212,6.902187,3.517875e-05,100,1,1,1,Kennfeld_v2 (18)_korrigiert.csv,C:\Users\nikla\OneDrive\Documents\01_Uni\01_Master\00_Masterarbeit\sim_par_ink_prop\laboratory_measurement_L-Com\measurement_data\Kennfeld_v2 (18)_korrigiert.csv,128,1238.55,1.805659844172621,3.6113196883452425,3.6113196883452425,0.0,90.9717007791369,100.0,2026-08-21 12:02:07.287,2.446961111111111,2.000033333333333,False,3,0.2000033333333333,,True,1006.3197631199591,1537.9578166438878,ok,0.7887631199591851,0.7887631199591851,0.07844244682254303,0.07844244682254303,-0.7351833561122021,0.7351833561122021,-0.04777972968696173,0.04777972968696173,False,False
128,2026-08-21,12:04:07.289,63,3,111.82,1126.73,0.0,0.0,0.0,0.0,0.0,100.0,1005.533,0.0006492182,0.003112793,1538.694,0.01002952,0.06335449,22.30616,0.00310391,1497.773,0.0007495368,6.902183,2.683043e-05,100,1,1,1,Kennfeld_v2 (18)_korrigiert.csv,C:\Users\nikla\OneDrive\Documents\01_Uni\01_Master\00_Masterarbeit\sim_par_ink_prop\laboratory_measurement_L-Com\measurement_data\Kennfeld_v2 (18)_korrigiert.csv,129,1238.55,1.805659844172621,3.6113196883452425,3.6113196883452425,0.0,90.9717007791369,100.0,2026-08-21 12:04:07.289,2.480295,2.000033333333333,False,3,0.23333722222222222,,True,1006.3184085358554,1537.9659159481514,ok,0.7854085358553675,0.7854085358553675,0.07810867826867617,0.07810867826867617,-0.7280840518485547,0.7280840518485547,-0.04731831357297518,0.04731831357297518,False,False
129,2026-08-21,12:06:07.291,64,3,111.82,1126.73,0.0,0.0,0.0,0.0,0.0,100.0,1005.532,0.0007675263,0.003601074,1538.709,0.01275108,0.0612793,22.32215,0.004509008,1497.776,0.0009008342,6.902149,3.365319e-05,100,1,1,1,Kennfeld_v2 (18)_korrigiert.csv,C:\Users\nikla\OneDrive\Documents\01_Uni\01_Master\00_Masterarbeit\sim_par_ink_prop\laboratory_measurement_L-Com\measurement_data\Kennfeld_v2 (18)_korrigiert.csv,130,1238.55,1.805659844172621,3.6113196883452425,3.6113196883452425,0.0,90.9717007791369,100.0,2026-08-21 12:06:07.291,2.513628888888889,2.000033333333333,False,3,0.2666711111111111,,True,1006.313406271971,1537.9958125623011,ok,0.7814062719709227,0.7814062719709227,0.07771073143081698,0.07771073143081698,-0.7131874376989344,0.7131874376989344,-0.04634972809666639,0.04634972809666639,False,False
130,2026-08-21,12:08:07.293,65,3,111.82,1126.73,0.0,0.0,0.0,0.0,0.0,100.0,1005.532,0.00106485,0.00402832,1538.713,0.01350093,0.0625,22.33696,0.001791943,1497.779,0.0003675566,6.902142,3.636668e-05,100,1,1,1,Kennfeld_v2 (18)_korrigiert.csv,C:\Users\nikla\OneDrive\Documents\01_Uni\01_Master\00_Masterarbeit\sim_par_ink_prop\laboratory_measurement_L-Com\measurement_data\Kennfeld_v2 (18)_korrigiert.csv,131,1238.55,1.805659844172621,3.6113196883452425,3.6113196883452425,0.0,90.9717007791369,100.0,2026-08-21 12:08:07.293,2.546962777777778,2.000033333333333,False,3,0.300005,,True,1006.3087731548584,1538.023484908218,ok,0.776773154858347,0.776773154858347,0.07724996865921194,0.07724996865921194,-0.6895150917819137,0.6895150917819137,-0.04481115658228102,0.04481115658228102,False,False
131,2026-08-21,12:10:07.295,66,3,111.82,1126.73,0.0,0.0,0.0,0.0,0.0,100.0,1005.537,0.00110771,0.005310059,1538.686,0.01077992,0.06323242,22.33641,0.001026353,1497.779,0.0003549381,6.902214,2.889271e-05,100,1,1,1,Kennfeld_v2 (18)_korrigiert.csv,C:\Users\nikla\OneDrive\Documents\01_Uni\01_Master\00_Masterarbeit\sim_par_ink_prop\laboratory_measurement_L-Com\measurement_data\Kennfeld_v2 (18)_korrigiert.csv,132,1238.55,1.805659844172621,3.6113196883452425,3.6113196883452425,0.0,90.9717007791369,100.0,2026-08-21 12:10:07.295,2.5802966666666665,2.000033333333333,False,3,0.3333388888888889,,True,1006.3089452152662,1538.0224575482337,ok,0.7719452152662143,0.7719452152662143,0.07676944908702656,0.07676944908702656,-0.6635424517662614,0.6635424517662614,-0.04312396757793737,0.04312396757793737,False,False
132,2026-08-21,12:23:55.698,67,3,111.82,1126.73,0.0,24.6,0.0,0.0,0.0,100.0,1006.885,0.002792635,0.01086426,1550.489,0.01277248,0.05810547,22.70935,0.002799913,1498.183,0.0004738559,6.870854,3.358477e-05,100,0,1,0,Kennfeld_v2 (18)_korrigiert.csv,C:\Users\nikla\OneDrive\Documents\01_Uni\01_Master\00_Masterarbeit\sim_par_ink_prop\laboratory_measurement_L-Com\measurement_data\Kennfeld_v2 (18)_korrigiert.csv,133,1263.1499999999999,1.7704943989233266,3.5409887978466537,5.4885009697977285,0.0,89.2000158334323,100.00000000000001,2026-08-21 12:23:55.698,2.810408611111111,13.806716666666667,False,4,0.0,,True,1007.9980368535411,1547.908879337213,ok,1.1130368535410753,1.1130368535410753,0.11054259955616334,0.11054259955616334,-2.580120662787067,2.580120662787067,-0.16640689890654284,0.16640689890654284,False,False
133,2026-08-21,12:25:55.700,68,3,111.82,1126.73,0.0,24.6,0.0,0.0,0.0,100.0,1006.898,0.003804355,0.01525879,1550.434,0.02293235,0.09265137,22.69895,0.005885815,1498.183,0.0009385633,6.870998,5.933484e-05,100,0,1,0,Kennfeld_v2 (18)_korrigiert.csv,C:\Users\nikla\OneDrive\Documents\01_Uni\01_Master\00_Masterarbeit\sim_par_ink_prop\laboratory_measurement_L-Com\measurement_data\Kennfeld_v2 (18)_korrigiert.csv,134,1263.1499999999999,1.7704943989233266,3.5409887978466537,5.4885009697977285,0.0,89.2000158334323,100.00000000000001,2026-08-21 12:25:55.700,2.8437425,2.000033333333333,False,4,0.033333888888888885,,True,1008.0016067289557,1547.894216446275,ok,1.1036067289556968,1.1036067289556968,0.10960462022525586,0.10960462022525586,-2.539783553724874,2.539783553724874,-0.16381113634794348,0.16381113634794348,False,False
134,2026-08-21,12:27:55.702,69,3,111.82,1126.73,0.0,24.6,0.0,0.0,0.0,100.0,1006.915,0.005093287,0.02038574,1550.34,0.02352681,0.09606934,22.66914,0.007088593,1498.179,0.0006738661,6.871239,6.059124e-05,100,0,1,0,Kennfeld_v2 (18)_korrigiert.csv,C:\Users\nikla\OneDrive\Documents\01_Uni\01_Master\00_Masterarbeit\sim_par_ink_prop\laboratory_measurement_L-Com\measurement_data\Kennfeld_v2 (18)_korrigiert.csv,135,1263.1499999999999,1.7704943989233266,3.5409887978466537,5.4885009697977285,0.0,89.2000158334323,100.00000000000001,2026-08-21 12:27:55.702,2.877076388888889,2.000033333333333,False,4,0.06666777777777777,,True,1008.0118392260398,1547.8521396180631,ok,1.0968392260398332,1.0968392260398332,0.10893066704139209,0.10893066704139209,-2.487860381936798,2.487860381936798,-0.16047192112290196,0.16047192112290196,False,False
135,2026-08-21,12:29:55.704,70,3,111.82,1126.73,0.0,24.6,0.0,0.0,0.0,100.0,1006.927,0.001710357,0.006530762,1550.293,0.01228119,0.06835937,22.65433,0.001684813,1498.179,0.0002289848,6.871359,3.219413e-05,100,1,1,1,Kennfeld_v2 (18)_korrigiert.csv,C:\Users\nikla\OneDrive\Documents\01_Uni\01_Master\00_Masterarbeit\sim_par_ink_prop\laboratory_measurement_L-Com\measurement_data\Kennfeld_v2 (18)_korrigiert.csv,136,1263.1499999999999,1.7704943989233266,3.5409887978466537,5.4885009697977285,0.0,89.2000158334323,100.00000000000001,2026-08-21 12:29:55.704,2.910410277777778,2.000033333333333,False,4,0.10000166666666666,,True,1008.0169228642768,1547.8312089032527,ok,1.0899228642767866,1.0899228642767866,0.10824249069463691,0.10824249069463691,-2.46179109674722,2.46179109674722,-0.15879521463021634,0.15879521463021634,False,False
136,2026-08-21,12:31:55.707,71,3,111.82,1126.73,0.0,24.6,0.0,0.0,0.0,100.0,1006.933,0.002131416,0.009521484,1550.268,0.01433383,0.05187988,22.64925,0.001351045,1498.18,0.0005160138,6.871424,3.776592e-05,100,1,1,1,Kennfeld_v2 (18)_korrigiert.csv,C:\Users\nikla\OneDrive\Documents\01_Uni\01_Master\00_Masterarbeit\sim_par_ink_prop\laboratory_measurement_L-Com\measurement_data\Kennfeld_v2 (18)_korrigiert.csv,137,1263.1499999999999,1.7704943989233266,3.5409887978466537,5.4885009697977285,0.0,89.2000158334323,100.00000000000001,2026-08-21 12:31:55.707,2.9437444444444445,2.00005,False,4,0.13333583333333335,,True,1008.0186666104128,1547.8240253947158,ok,1.0856666104127726,1.0856666104127726,0.10781915086830729,0.10781915086830729,-2.443974605284211,2.443974605284211,-0.15764852304789953,0.15764852304789953,False,False
137,2026-08-21,12:33:55.709,72,3,111.82,1126.73,0.0,24.6,0.0,0.0,0.0,100.0,1006.944,0.00407205,0.01617432,1550.212,0.01888598,0.08337402,22.63753,0.005440135,1498.179,0.0006053198,6.871567,4.872881e-05,100,0,1,0,Kennfeld_v2 (18)_korrigiert.csv,C:\Users\nikla\OneDrive\Documents\01_Uni\01_Master\00_Masterarbeit\sim_par_ink_prop\laboratory_measurement_L-Com\measurement_data\Kennfeld_v2 (18)_korrigiert.csv,138,1263.1499999999999,1.7704943989233266,3.5409887978466537,5.4885009697977285,0.0,89.2000158334323,100.00000000000001,2026-08-21 12:33:55.709,2.9770783333333335,2.000033333333333,False,4,0.1666697222222222,,True,1008.022689583522,1547.807444562228,ok,1.0786895835220776,1.0786895835220776,0.1071250817842976,0.1071250817842976,-2.4045554377719327,2.4045554377719327,-0.15511139365273477,0.15511139365273477,False,False
138,2026-08-21,12:35:55.711,73,3,111.82,1126.73,0.0,24.6,0.0,0.0,0.0,100.0,1006.956,0.003680891,0.01470947,1550.171,0.0191065,0.09484863,22.62075,0.003666479,1498.178,0.0004242783,6.871671,5.00775e-05,100,0,1,0,Kennfeld_v2 (18)_korrigiert.csv,C:\Users\nikla\OneDrive\Documents\01_Uni\01_Master\00_Masterarbeit\sim_par_ink_prop\laboratory_measurement_L-Com\measurement_data\Kennfeld_v2 (18)_korrigiert.csv,139,1263.1499999999999,1.7704943989233266,3.5409887978466537,5.4885009697977285,0.0,89.2000158334323,100.00000000000001,2026-08-21 12:35:55.711,3.0104122222222225,2.000033333333333,False,4,0.20000361111111112,,True,1008.0284494368825,1547.783686037641,ok,1.0724494368824935,1.0724494368824935,0.10650410116057638,0.10650410116057638,-2.3873139623590305,2.3873139623590305,-0.15400326559837788,0.15400326559837788,False,False
139,2026-08-21,12:37:55.713,74,3,111.82,1126.73,0.0,24.6,0.0,0.0,0.0,100.0,1006.969,0.003979726,0.01409912,1550.093,0.01584499,0.07763672,22.59386,0.006840028,1498.176,0.0005624969,6.871872,4.099772e-05,100,0,1,0,Kennfeld_v2 (18)_korrigiert.csv,C:\Users\nikla\OneDrive\Documents\01_Uni\01_Master\00_Masterarbeit\sim_par_ink_prop\laboratory_measurement_L-Com\measurement_data\Kennfeld_v2 (18)_korrigiert.csv,140,1263.1499999999999,1.7704943989233266,3.5409887978466537,5.4885009697977285,0.0,89.2000158334323,100.00000000000001,2026-08-21 12:37:55.713,3.0437461111111115,2.000033333333333,False,4,0.2333375,,True,1008.0376796175075,1547.7455661292354,ok,1.0686796175074278,1.0686796175074278,0.10612835325689547,0.10612835325689547,-2.3474338707646893,2.3474338707646893,-0.15143826020533538,0.15143826020533538,False,False
140,2026-08-21,12:39:55.715,75,3,111.82,1126.73,0.0,24.6,0.0,0.0,0.0,100.0,1006.976,0.001813318,0.008239746,1550.07,0.01124392,0.05249023,22.5917,0.001210053,1498.177,0.0005983974,6.871932,2.967821e-05,100,1,1,1,Kennfeld_v2 (18)_korrigiert.csv,C:\Users\nikla\OneDrive\Documents\01_Uni\01_Master\00_Masterarbeit\sim_par_ink_prop\laboratory_measurement_L-Com\measurement_data\Kennfeld_v2 (18)_korrigiert.csv,141,1263.1499999999999,1.7704943989233266,3.5409887978466537,5.4885009697977285,0.0,89.2000158334323,100.00000000000001,2026-08-21 12:39:55.715,3.07708,2.000033333333333,False,4,0.2666713888888889,,True,1008.0384210525361,1547.7425015620333,ok,1.0624210525361377,1.0624210525361377,0.10550609473673034,0.10550609473673034,-2.3274984379665966,2.3274984379665966,-0.150154408379402,0.150154408379402,False,False
141,2026-08-21,12:41:55.717,76,3,111.82,1126.73,0.0,24.6,0.0,0.0,0.0,100.0,1006.979,0.002365884,0.0123291,1550.107,0.02115677,0.09606934,22.59566,0.001540057,1498.179,0.0005528888,6.871836,5.619507e-05,100,0,1,0,Kennfeld_v2 (18)_korrigiert.csv,C:\Users\nikla\OneDrive\Documents\01_Uni\01_Master\00_Masterarbeit\sim_par_ink_prop\laboratory_measurement_L-Com\measurement_data\Kennfeld_v2 (18)_korrigiert.csv,142,1263.1499999999999,1.7704943989233266,3.5409887978466537,5.4885009697977285,0.0,89.2000158334323,100.00000000000001,2026-08-21 12:41:55.717,3.110413888888889,2.000033333333333,False,4,0.3000052777777778,,True,1008.0370617549738,1547.7481196513966,ok,1.058061754973778,1.058061754973778,0.10507287192421869,0.10507287192421869,-2.3588803486034067,2.3588803486034067,-0.15217532393592229,0.15217532393592229,False,False
142,2026-08-21,12:43:55.719,77,3,111.82,1126.73,0.0,24.6,0.0,0.0,0.0,100.0,1006.955,0.1121807,0.5703125,1550.044,0.02385793,0.1103516,22.57772,0.009616171,1498.168,0.02748853,6.871995,6.099964e-05,100,0,1,0,Kennfeld_v2 (18)_korrigiert.csv,C:\Users\nikla\OneDrive\Documents\01_Uni\01_Master\00_Masterarbeit\sim_par_ink_prop\laboratory_measurement_L-Com\measurement_data\Kennfeld_v2 (18)_korrigiert.csv,143,1263.1499999999999,1.7704943989233266,3.5409887978466537,5.4885009697977285,0.0,89.2000158334323,100.00000000000001,2026-08-21 12:43:55.719,3.143747777777778,2.000033333333333,False,4,0.33333916666666663,,True,1008.043219784509,1547.722658019098,ok,1.088219784508965,1.088219784508965,0.10807034917240244,0.10807034917240244,-2.3213419809021616,2.3213419809021616,-0.14975974752343554,0.14975974752343554,False,False
143,2026-08-21,12:57:07.473,78,3,111.82,1126.73,20.08,24.6,0.0,0.0,0.0,100.0,1004.172,0.01222185,0.04437256,1563.705,0.03809045,0.1635742,22.96848,0.0009297537,1497.583,0.002642595,6.836262,9.893507e-05,100,0,1,0,Kennfeld_v2 (18)_korrigiert.csv,C:\Users\nikla\OneDrive\Documents\01_Uni\01_Master\00_Masterarbeit\sim_par_ink_prop\laboratory_measurement_L-Com\measurement_data\Kennfeld_v2 (18)_korrigiert.csv,144,1283.2299999999998,1.742789679168972,5.050380680002806,5.402616834082745,0.0,87.8042128067455,100.00000000000001,2026-08-21 12:57:07.473,3.363679444444444,13.1959,False,5,0.0,,True,1005.2715289977709,1560.8714203223387,ok,1.0995289977709035,1.0995289977709035,0.10949608212247539,0.10949608212247539,-2.8335796776611915,2.8335796776611915,-0.18120935071904173,0.18120935071904173,False,False
144,2026-08-21,12:59:07.475,79,3,111.82,1126.73,20.08,24.6,0.0,0.0,0.0,100.0,1004.219,0.01162727,0.04089355,1563.572,0.03938884,0.1640625,22.95503,0.005397672,1497.59,0.001481232,6.836605,0.0001010679,100,0,1,0,Kennfeld_v2 (18)_korrigiert.csv,C:\Users\nikla\OneDrive\Documents\01_Uni\01_Master\00_Masterarbeit\sim_par_ink_prop\laboratory_measurement_L-Com\measurement_data\Kennfeld_v2 (18)_korrigiert.csv,145,1283.2299999999998,1.742789679168972,5.050380680002806,5.402616834082745,0.0,87.8042128067455,100.00000000000001,2026-08-21 12:59:07.475,3.397013333333333,2.000033333333333,False,5,0.033333888888888885,,True,1005.2762858162947,1560.8552679472587,ok,1.057285816294666,1.057285816294666,0.10528438680155085,0.10528438680155085,-2.7167320527412357,2.7167320527412357,-0.17375164384762812,0.17375164384762812,False,False
145,2026-08-21,13:01:07.477,80,3,111.82,1126.73,20.08,24.6,0.0,0.0,0.0,100.0,1004.271,0.01457295,0.05474854,1563.416,0.04413768,0.2025146,22.91854,0.01233655,1497.594,0.001169535,6.837001,0.000111789,100,0,1,0,Kennfeld_v2 (18)_korrigiert.csv,C:\Users\nikla\OneDrive\Documents\01_Uni\01_Master\00_Masterarbeit\sim_par_ink_prop\laboratory_measurement_L-Com\measurement_data\Kennfeld_v2 (18)_korrigiert.csv,146,1283.2299999999998,1.742789679168972,5.050380680002806,5.402616834082745,0.0,87.8042128067455,100.00000000000001,2026-08-21 13:01:07.477,3.430347222222222,2.000033333333333,False,5,0.06666777777777777,,True,1005.2891911159771,1560.8113728453752,ok,1.0181911159771744,1.0181911159771744,0.10138609160049174,0.10138609160049174,-2.6046271546247226,2.6046271546247226,-0.16659847120822113,0.16659847120822113,False,False
146,2026-08-21,13:03:07.479,81,3,111.82,1126.73,20.08,24.6,0.0,0.0,0.0,100.0,1004.312,0.008453555,0.03643799,1563.316,0.02440073,0.1411133,22.88729,0.003060919,1497.598,0.0017642,6.837254,6.290166e-05,100,0,1,0,Kennfeld_v2 (18)_korrigiert.csv,C:\Users\nikla\OneDrive\Documents\01_Uni\01_Master\00_Masterarbeit\sim_par_ink_prop\laboratory_measurement_L-Com\measurement_data\Kennfeld_v2 (18)_korrigiert.csv,147,1283.2299999999998,1.742789679168972,5.050380680002806,5.402616834082745,0.0,87.8042128067455,100.00000000000001,2026-08-21 13:03:07.479,3.463681111111111,2.000033333333333,False,5,0.10000166666666666,,True,1005.3002431995435,1560.7736957950847,ok,0.9882431995434899,0.9882431995434899,0.09840001907211006,0.09840001907211006,-2.5423042049153537,2.5423042049153537,-0.1626225411187088,0.1626225411187088,False,False
147,2026-08-21,13:05:07.481,82,3,111.82,1126.73,20.08,24.6,0.0,0.0,0.0,100.0,1004.34,0.006735558,0.02886963,1563.255,0.01928806,0.09594727,22.87972,0.001868704,1497.603,0.001197549,6.837409,4.984362e-05,100,0,1,0,Kennfeld_v2 (18)_korrigiert.csv,C:\Users\nikla\OneDrive\Documents\01_Uni\01_Master\00_Masterarbeit\sim_par_ink_prop\laboratory_measurement_L-Com\measurement_data\Kennfeld_v2 (18)_korrigiert.csv,148,1283.2299999999998,1.742789679168972,5.050380680002806,5.402616834082745,0.0,87.8042128067455,100.00000000000001,2026-08-21 13:05:07.481,3.497015,2.000033333333333,False,5,0.13333555555555554,,True,1005.3029204559407,1560.7645570719935,ok,0.9629204559406617,0.9629204559406617,0.09587594399711867,0.09587594399711867,-2.490442928006587,2.490442928006587,-0.15931136813933663,0.15931136813933663,False,False
148,2026-08-21,13:07:07.483,83,3,111.82,1126.73,20.08,24.6,0.0,0.0,0.0,100.0,1004.364,0.005197046,0.0267334,1563.191,0.01895807,0.1119385,22.86873,0.003362003,1497.606,0.0006198837,6.837573,4.869812e-05,100,0,1,0,Kennfeld_v2 (18)_korrigiert.csv,C:\Users\nikla\OneDrive\Documents\01_Uni\01_Master\00_Masterarbeit\sim_par_ink_prop\laboratory_measurement_L-Com\measurement_data\Kennfeld_v2 (18)_korrigiert.csv,149,1283.2299999999998,1.742789679168972,5.050380680002806,5.402616834082745,0.0,87.8042128067455,100.00000000000001,2026-08-21 13:07:07.483,3.5303488888888888,2.000033333333333,False,5,0.16666944444444445,,True,1005.3068072519893,1560.7512814166337,ok,0.9428072519892794,0.9428072519892794,0.09387107184141201,0.09387107184141201,-2.439718583366357,2.439718583366357,-0.1560729676262438,0.1560729676262438,False,False
149,2026-08-21,13:09:07.485,84,3,111.82,1126.73,20.08,24.6,0.0,0.0,0.0,100.0,1004.386,0.006466268,0.0244751,1563.103,0.02897578,0.1072998,22.84764,0.008400584,1497.606,0.0008516683,6.837796,7.330752e-05,100,0,1,0,Kennfeld_v2 (18)_korrigiert.csv,C:\Users\nikla\OneDrive\Documents\01_Uni\01_Master\00_Masterarbeit\sim_par_ink_prop\laboratory_measurement_L-Com\measurement_data\Kennfeld_v2 (18)_korrigiert.csv,150,1283.2299999999998,1.742789679168972,5.050380680002806,5.402616834082745,0.0,87.8042128067455,100.00000000000001,2026-08-21 13:09:07.485,3.5636827777777778,2.000033333333333,False,5,0.2000033333333333,,True,1005.3142660800529,1560.725777988211,ok,0.9282660800529356,0.9282660800529356,0.09242124840976833,0.09242124840976833,-2.377222011789172,2.377222011789172,-0.15208351668374842,0.15208351668374842,False,False
150,2026-08-21,13:11:07.487,85,3,111.82,1126.73,20.08,24.6,0.0,0.0,0.0,100.0,1004.406,0.003416182,0.01177979,1563.035,0.01598143,0.07788086,22.81972,0.003616242,1497.606,0.000508391,6.837966,4.094301e-05,100,0,1,0,Kennfeld_v2 (18)_korrigiert.csv,C:\Users\nikla\OneDrive\Documents\01_Uni\01_Master\00_Masterarbeit\sim_par_ink_prop\laboratory_measurement_L-Com\measurement_data\Kennfeld_v2 (18)_korrigiert.csv,151,1283.2299999999998,1.742789679168972,5.050380680002806,5.402616834082745,0.0,87.8042128067455,100.00000000000001,2026-08-21 13:11:07.487,3.5970166666666668,2.000033333333333,False,5,0.23333722222222222,,True,1005.3241404493039,1560.6919602659445,ok,0.9181404493039054,0.9181404493039054,0.09141128680074645,0.09141128680074645,-2.3430397340555373,2.3430397340555373,-0.14990321611835547,0.14990321611835547,False,False
151,2026-08-21,13:13:07.489,86,3,111.82,1126.73,20.08,24.6,0.0,0.0,0.0,100.0,1004.417,0.002510926,0.0112915,1562.992,0.01461371,0.07800293,22.81298,0.001014336,1497.608,0.0005056718,6.838074,3.789077e-05,100,0,1,0,Kennfeld_v2 (18)_korrigiert.csv,C:\Users\nikla\OneDrive\Documents\01_Uni\01_Master\00_Masterarbeit\sim_par_ink_prop\laboratory_measurement_L-Com\measurement_data\Kennfeld_v2 (18)_korrigiert.csv,152,1283.2299999999998,1.742789679168972,5.050380680002806,5.402616834082745,0.0,87.8042128067455,100.00000000000001,2026-08-21 13:13:07.489,3.6303505555555557,2.000033333333333,False,5,0.2666711111111111,,True,1005.3265241613924,1560.6837871481612,ok,0.909524161392369,0.909524161392369,0.09055244598531974,0.09055244598531974,-2.308212851838789,2.308212851838789,-0.14767912131596253,0.14767912131596253,False,False
152,2026-08-21,13:15:07.491,87,3,111.82,1126.73,20.08,24.6,0.0,0.0,0.0,100.0,1004.429,0.003414521,0.0145874,1562.948,0.01699426,0.07397461,22.8079,0.002375339,1497.61,0.0004225275,6.83819,4.376684e-05,100,0,1,0,Kennfeld_v2 (18)_korrigiert.csv,C:\Users\nikla\OneDrive\Documents\01_Uni\01_Master\00_Masterarbeit\sim_par_ink_prop\laboratory_measurement_L-Com\measurement_data\Kennfeld_v2 (18)_korrigiert.csv,153,1283.2299999999998,1.742789679168972,5.050380680002806,5.402616834082745,0.0,87.8042128067455,100.00000000000001,2026-08-21 13:15:07.491,3.6636844444444443,2.000033333333333,False,5,0.300005,,True,1005.328320787054,1560.6776245832755,ok,0.89932078705408,0.89932078705408,0.08953552586136801,0.08953552586136801,-2.270375416724619,2.270375416724619,-0.14526237704163023,0.14526237704163023,False,False
153,2026-08-21,13:17:07.493,88,3,111.82,1126.73,20.08,24.6,0.0,0.0,0.0,100.0,1004.447,0.005239546,0.01922607,1562.862,0.02748882,0.1079102,22.78321,0.009217245,1497.608,0.001047603,6.838405,6.919377e-05,100,0,1,0,Kennfeld_v2 (18)_korrigiert.csv,C:\Users\nikla\OneDrive\Documents\01_Uni\01_Master\00_Masterarbeit\sim_par_ink_prop\laboratory_measurement_L-Com\measurement_data\Kennfeld_v2 (18)_korrigiert.csv,154,1283.2299999999998,1.742789679168972,5.050380680002806,5.402616834082745,0.0,87.8042128067455,100.00000000000001,2026-08-21 13:17:07.493,3.6970183333333333,2.000033333333333,False,5,0.3333388888888889,,True,1005.3370528113545,1560.6476435644188,ok,0.8900528113545079,0.8900528113545079,0.08861122700894201,0.08861122700894201,-2.214356435581294,2.214356435581294,-0.1416859860679506,0.1416859860679506,False,False
154,2026-08-21,13:19:07.495,89,3,111.82,1126.73,20.08,24.6,0.0,0.0,0.0,100.0,1004.464,0.002387488,0.009643555,1562.792,0.01211586,0.0612793,22.75284,0.003825071,1497.606,0.0003983986,6.838581,3.088809e-05,100,1,1,1,Kennfeld_v2 (18)_korrigiert.csv,C:\Users\nikla\OneDrive\Documents\01_Uni\01_Master\00_Masterarbeit\sim_par_ink_prop\laboratory_measurement_L-Com\measurement_data\Kennfeld_v2 (18)_korrigiert.csv,155,1283.2299999999998,1.742789679168972,5.050380680002806,5.402616834082745,0.0,87.8042128067455,100.00000000000001,2026-08-21 13:19:07.495,3.7303522222222223,2.000033333333333,False,5,0.36667277777777774,,True,1005.3477936591546,1560.6106982750389,ok,0.8837936591545485,0.8837936591545485,0.08798659376090616,0.08798659376090616,-2.181301724961031,2.181301724961031,-0.13957722620547272,0.13957722620547272,False,False
155,2026-08-21,13:21:07.497,90,3,111.82,1126.73,20.08,24.6,0.0,0.0,0.0,100.0,1004.472,0.001910751,0.008666992,1562.763,0.01283493,0.06433105,22.7458,0.0007048416,1497.607,0.0005354759,6.838653,3.329713e-05,100,1,1,1,Kennfeld_v2 (18)_korrigiert.csv,C:\Users\nikla\OneDrive\Documents\01_Uni\01_Master\00_Masterarbeit\sim_par_ink_prop\laboratory_measurement_L-Com\measurement_data\Kennfeld_v2 (18)_korrigiert.csv,156,1283.2299999999998,1.742789679168972,5.050380680002806,5.402616834082745,0.0,87.8042128067455,100.00000000000001,2026-08-21 13:21:07.497,3.7636861111111113,2.000033333333333,False,5,0.4000066666666666,,True,1005.3502834701404,1560.6021235188578,ok,0.8782834701404454,0.8782834701404454,0.08743732728641967,0.08743732728641967,-2.160876481142168,2.160876481142168,-0.13827282071191652,0.13827282071191652,False,False
156,2026-08-21,13:23:07.499,91,3,111.82,1126.73,20.08,24.6,0.0,0.0,0.0,100.0,1004.474,0.001439146,0.006347656,1562.755,0.01324338,0.08728027,22.74615,0.001228998,1497.608,0.0006442216,6.838675,3.461014e-05,100,1,0,0,Kennfeld_v2 (18)_korrigiert.csv,C:\Users\nikla\OneDrive\Documents\01_Uni\01_Master\00_Masterarbeit\sim_par_ink_prop\laboratory_measurement_L-Com\measurement_data\Kennfeld_v2 (18)_korrigiert.csv,157,1283.2299999999998,1.742789679168972,5.050380680002806,5.402616834082745,0.0,87.8042128067455,100.00000000000001,2026-08-21 13:23:07.499,3.7970200000000003,2.000033333333333,False,5,0.43334055555555556,,True,1005.3501596869263,1560.6025499144405,ok,0.8761596869262576,0.8761596869262576,0.08722572081768742,0.08722572081768742,-2.1524500855596216,2.1524500855596216,-0.13773432723361126,0.13773432723361126,False,False
157,2026-08-21,13:25:07.501,92,3,111.82,1126.73,20.08,24.6,0.0,0.0,0.0,100.0,1004.474,0.001439146,0.006347656,1562.755,0.01324338,0.08728027,22.74615,0.001228998,1497.608,0.0006442216,6.838675,3.461014e-05,100,1,0,0,Kennfeld_v2 (18)_korrigiert.csv,C:\Users\nikla\OneDrive\Documents\01_Uni\01_Master\00_Masterarbeit\sim_par_ink_prop\laboratory_measurement_L-Com\measurement_data\Kennfeld_v2 (18)_korrigiert.csv,158,1283.2299999999998,1.742789679168972,5.050380680002806,5.402616834082745,0.0,87.8042128067455,100.00000000000001,2026-08-21 13:25:07.501,3.830353888888889,2.000033333333333,False,5,0.46667444444444445,,True,1005.3501596869263,1560.6025499144405,ok,0.8761596869262576,0.8761596869262576,0.08722572081768742,0.08722572081768742,-2.1524500855596216,2.1524500855596216,-0.13773432723361126,0.13773432723361126,False,False
158,2026-08-21,13:31:24.112,93,3,111.82,1250.11,20.08,24.6,0.0,0.0,0.0,100.0,1003.801,0.002276669,0.009399414,1556.269,0.01216667,0.05358887,22.6501,0.01369018,1497.421,0.0007403363,6.855607,3.175408e-05,100,0,1,0,Kennfeld_v2 (18)_korrigiert.csv,C:\Users\nikla\OneDrive\Documents\01_Uni\01_Master\00_Masterarbeit\sim_par_ink_prop\laboratory_measurement_L-Com\measurement_data\Kennfeld_v2 (18)_korrigiert.csv,159,1406.6099999999997,1.589921868890453,4.607389397203206,4.928729356395875,0.0,88.87395937751047,100.0,2026-08-21 13:31:24.112,3.9349680555555557,6.27685,False,6,0.0,,True,1004.6067458215014,1554.7106798841567,ok,0.8057458215013185,0.8057458215013185,0.08026947786476786,0.08026947786476786,-1.558320115843344,1.558320115843344,-0.10013179699931977,0.10013179699931977,False,False
159,2026-08-21,13:33:24.114,94,3,111.82,1250.11,20.08,24.6,0.0,0.0,0.0,100.0,1003.815,0.00563265,0.02215576,1556.227,0.01889777,0.07299805,22.62869,0.00357158,1497.424,0.0006910689,6.85571,4.87839e-05,100,0,1,0,Kennfeld_v2 (18)_korrigiert.csv,C:\Users\nikla\OneDrive\Documents\01_Uni\01_Master\00_Masterarbeit\sim_par_ink_prop\laboratory_measurement_L-Com\measurement_data\Kennfeld_v2 (18)_korrigiert.csv,160,1406.6099999999997,1.589921868890453,4.607389397203206,4.928729356395875,0.0,88.87395937751047,100.0,2026-08-21 13:33:24.114,3.9683019444444447,2.000033333333333,False,6,0.033333888888888885,,True,1004.6141075933909,1554.682593323772,ok,0.799107593390886,0.799107593390886,0.07960705841124968,0.07960705841124968,-1.5444066762281636,1.5444066762281636,-0.09924044989761542,0.09924044989761542,False,False
160,2026-08-21,13:35:24.116,95,3,111.82,1250.11,20.08,24.6,0.0,0.0,0.0,100.0,1003.834,0.003881577,0.01464844,1556.151,0.01745516,0.07006836,22.60593,0.006010377,1497.423,0.0004311476,6.855906,4.449988e-05,100,0,1,0,Kennfeld_v2 (18)_korrigiert.csv,C:\Users\nikla\OneDrive\Documents\01_Uni\01_Master\00_Masterarbeit\sim_par_ink_prop\laboratory_measurement_L-Com\measurement_data\Kennfeld_v2 (18)_korrigiert.csv,161,1406.6099999999997,1.589921868890453,4.607389397203206,4.928729356395875,0.0,88.87395937751047,100.0,2026-08-21 13:35:24.116,4.001635833333333,2.000033333333333,False,6,0.06666777777777777,,True,1004.6219335580637,1554.6526957214764,ok,0.7879335580637417,0.7879335580637417,0.07849241588387539,0.07849241588387539,-1.4983042785236194,1.4983042785236194,-0.09628270511818064,0.09628270511818064,False,False
161,2026-08-21,13:37:24.118,96,3,111.82,1250.11,20.08,24.6,0.0,0.0,0.0,100.0,1003.842,0.001051933,0.004516602,1556.129,0.008862389,0.05908203,22.59798,0.001463149,1497.425,0.0006871022,6.85596,2.336432e-05,100,1,1,1,Kennfeld_v2 (18)_korrigiert.csv,C:\Users\nikla\OneDrive\Documents\01_Uni\01_Master\00_Masterarbeit\sim_par_ink_prop\laboratory_measurement_L-Com\measurement_data\Kennfeld_v2 (18)_korrigiert.csv,162,1406.6099999999997,1.589921868890453,4.607389397203206,4.928729356395875,0.0,88.87395937751047,100.0,2026-08-21 13:37:24.118,4.034969722222222,2.000033333333333,False,6,0.10000166666666666,,True,1004.6246671438639,1554.6422428573658,ok,0.7826671438639323,0.7826671438639323,0.07796716454022967,0.07796716454022967,-1.4867571426341328,1.4867571426341328,-0.09554202399891866,0.09554202399891866,False,False
162,2026-08-21,13:39:24.120,97,3,111.82,1250.11,20.08,24.6,0.0,0.0,0.0,100.0,1003.844,0.0008635762,0.004455566,1556.129,0.007267382,0.04418945,22.60643,0.003100275,1497.428,0.0009600317,6.855962,1.89226e-05,100,1,1,1,Kennfeld_v2 (18)_korrigiert.csv,C:\Users\nikla\OneDrive\Documents\01_Uni\01_Master\00_Masterarbeit\sim_par_ink_prop\laboratory_measurement_L-Com\measurement_data\Kennfeld_v2 (18)_korrigiert.csv,163,1406.6099999999997,1.589921868890453,4.607389397203206,4.928729356395875,0.0,88.87395937751047,100.0,2026-08-21 13:39:24.120,4.068303611111111,2.000033333333333,False,6,0.13333555555555554,,True,1004.6217616344237,1554.6533529661363,ok,0.7777616344236549,0.7777616344236549,0.07747833671602906,0.07747833671602906,-1.4756470338636518,1.4756470338636518,-0.09482806591636374,0.09482806591636374,False,False
163,2026-08-21,13:41:24.122,98,3,111.82,1250.11,20.08,24.6,0.0,0.0,0.0,100.0,1003.85,0.002074857,0.007751465,1556.102,0.01256376,0.05969238,22.60898,0.001757667,1497.429,0.0001102531,6.856034,3.262936e-05,100,1,1,1,Kennfeld_v2 (18)_korrigiert.csv,C:\Users\nikla\OneDrive\Documents\01_Uni\01_Master\00_Masterarbeit\sim_par_ink_prop\laboratory_measurement_L-Com\measurement_data\Kennfeld_v2 (18)_korrigiert.csv,164,1406.6099999999997,1.589921868890453,4.607389397203206,4.928729356395875,0.0,88.87395937751047,100.0,2026-08-21 13:41:24.122,4.1016375,2.000033333333333,False,6,0.16666944444444445,,True,1004.6208848238507,1554.6567046042712,ok,0.7708848238506789,0.7708848238506789,0.0767928299896079,0.0767928299896079,-1.4452953957288628,1.4452953957288628,-0.09287921972524055,0.09287921972524055,False,False
164,2026-08-21,13:43:24.124,99,3,111.82,1250.11,20.08,24.6,0.0,0.0,0.0,100.0,1003.856,0.001410104,0.00567627,1556.071,0.009112238,0.04785156,22.60302,0.0009071778,1497.43,0.000371313,6.856114,2.384065e-05,100,1,1,1,Kennfeld_v2 (18)_korrigiert.csv,C:\Users\nikla\OneDrive\Documents\01_Uni\01_Master\00_Masterarbeit\sim_par_ink_prop\laboratory_measurement_L-Com\measurement_data\Kennfeld_v2 (18)_korrigiert.csv,165,1406.6099999999997,1.589921868890453,4.607389397203206,4.928729356395875,0.0,88.87395937751047,100.0,2026-08-21 13:43:24.124,4.134971388888889,2.000033333333333,False,6,0.2000033333333333,,True,1004.6229341536376,1554.648870162541,ok,0.7669341536376351,0.7669341536376351,0.07639882150802856,0.07639882150802856,-1.4221298374588969,1.4221298374588969,-0.09139234890046129,0.09139234890046129,False,False
165,2026-08-21,13:45:24.126,100,3,111.82,1250.11,20.08,24.6,0.0,0.0,0.0,100.0,1003.86,0.0009513599,0.004455566,1556.054,0.008300888,0.03564453,22.60345,0.001090889,1497.431,0.0005107953,6.85616,2.187016e-05,100,1,1,1,Kennfeld_v2 (18)_korrigiert.csv,C:\Users\nikla\OneDrive\Documents\01_Uni\01_Master\00_Masterarbeit\sim_par_ink_prop\laboratory_measurement_L-Com\measurement_data\Kennfeld_v2 (18)_korrigiert.csv,166,1406.6099999999997,1.589921868890453,4.607389397203206,4.928729356395875,0.0,88.87395937751047,100.0,2026-08-21 13:45:24.126,4.168305277777778,2.000033333333333,False,6,0.23333722222222222,,True,1004.6227862993101,1554.6494354937684,ok,0.7627862993100507,0.7627862993100507,0.07598532657044316,0.07598532657044316,-1.4045645062317362,1.4045645062317362,-0.09026450921573005,0.09026450921573005,False,False
166,2026-08-21,13:47:24.128,101,3,111.82,1250.11,20.08,24.6,0.0,0.0,0.0,100.0,1003.862,0.0006600536,0.002929688,1556.055,0.007404523,0.0369873,22.61215,0.003380334,1497.434,0.000740819,6.856159,1.926546e-05,100,1,1,1,Kennfeld_v2 (18)_korrigiert.csv,C:\Users\nikla\OneDrive\Documents\01_Uni\01_Master\00_Masterarbeit\sim_par_ink_prop\laboratory_measurement_L-Com\measurement_data\Kennfeld_v2 (18)_korrigiert.csv,167,1406.6099999999997,1.589921868890453,4.607389397203206,4.928729356395875,0.0,88.87395937751047,100.0,2026-08-21 13:47:24.128,4.201639166666666,2.000033333333333,False,6,0.2666711111111111,,True,1004.6197948279412,1554.6608704285793,ok,0.7577948279412112,0.7577948279412112,0.07548794833764115,0.07548794833764115,-1.3941295714207627,1.3941295714207627,-0.08959384928044077,0.08959384928044077,False,False
167,2026-08-27,08:21:42.504,1,4,90.51,909.45,0.0,0.0,0.0,0.0,0.0,100.0,1005.412,0.006453838,0.02374268,1541.195,0.04207953,0.1810303,22.69697,0.00235366,1497.822,0.001939161,6.895585,0.000113237,100,0,1,0,Kennfeld_v2 (18)_korrigiert.csv,C:\Users\nikla\OneDrive\Documents\01_Uni\01_Master\00_Masterarbeit\sim_par_ink_prop\laboratory_measurement_L-Com\measurement_data\Kennfeld_v2 (18)_korrigiert.csv,168,999.96,1.8102724108964359,3.6205448217928717,3.6205448217928717,0.0,90.94863794551782,100.0,2026-08-27 08:21:42.504,0.0,,False,1,0.0,,True,1006.2200825420701,1538.8115772693739,ok,0.8080825420701103,0.8080825420701103,0.08037327404786399,0.08037327404786399,-2.38342273062608,2.38342273062608,-0.15464770717696852,0.15464770717696852,False,False
168,2026-08-27,08:23:42.506,2,4,90.51,909.45,0.0,0.0,0.0,0.0,0.0,100.0,1005.43,0.002727923,0.01074219,1541.082,0.02549733,0.1032715,22.70407,0.001796501,1497.828,0.0009767929,6.895888,6.863462e-05,100,0,1,0,Kennfeld_v2 (18)_korrigiert.csv,C:\Users\nikla\OneDrive\Documents\01_Uni\01_Master\00_Masterarbeit\sim_par_ink_prop\laboratory_measurement_L-Com\measurement_data\Kennfeld_v2 (18)_korrigiert.csv,169,999.96,1.8102724108964359,3.6205448217928717,3.6205448217928717,0.0,90.94863794551782,100.0,2026-08-27 08:23:42.506,0.033333888888888885,2.000033333333333,False,1,0.033333888888888885,,True,1006.2178594611981,1538.8246137681772,ok,0.7878594611981953,0.7878594611981953,0.07836044888238816,0.07836044888238816,-2.2573862318229203,2.2573862318229203,-0.14648060465458165,0.14648060465458165,False,False
169,2026-08-27,08:25:42.507,3,4,90.51,909.45,0.0,0.0,0.0,0.0,0.0,100.0,1005.44,0.002691666,0.009521484,1541.023,0.02032704,0.09973145,22.71082,0.002235276,1497.832,0.001175432,6.896049,5.469877e-05,100,1,1,1,Kennfeld_v2 (18)_korrigiert.csv,C:\Users\nikla\OneDrive\Documents\01_Uni\01_Master\00_Masterarbeit\sim_par_ink_prop\laboratory_measurement_L-Com\measurement_data\Kennfeld_v2 (18)_korrigiert.csv,170,999.96,1.8102724108964359,3.6205448217928717,3.6205448217928717,0.0,90.94863794551782,100.0,2026-08-27 08:25:42.507,0.06666749999999999,2.0000166666666668,False,1,0.06666749999999999,,True,1006.2157459686345,1538.8370038776827,ok,0.7757459686343964,0.7757459686343964,0.077154874346992,0.077154874346992,-2.185996122317192,2.185996122317192,-0.14185356885115877,0.14185356885115877,False,False
170,2026-08-27,08:27:42.510,4,4,90.51,909.45,0.0,0.0,0.0,0.0,0.0,100.0,1005.448,0.002297311,0.008850098,1540.978,0.02302956,0.1134033,22.7204,0.001824217,1497.835,0.000789593,6.896172,6.200865e-05,100,1,1,1,Kennfeld_v2 (18)_korrigiert.csv,C:\Users\nikla\OneDrive\Documents\01_Uni\01_Master\00_Masterarbeit\sim_par_ink_prop\laboratory_measurement_L-Com\measurement_data\Kennfeld_v2 (18)_korrigiert.csv,171,999.96,1.8102724108964359,3.6205448217928717,3.6205448217928717,0.0,90.94863794551782,100.0,2026-08-27 08:27:42.510,0.10000166666666666,2.00005,False,1,0.10000166666666666,,True,1006.2127463744343,1538.8545823866618,ok,0.7647463744343668,0.7647463744343668,0.07606026114074192,0.07606026114074192,-2.1234176133382334,2.1234176133382334,-0.13779675072182948,0.13779675072182948,False,False
171,2026-08-27,08:29:42.512,5,4,90.51,909.45,0.0,0.0,0.0,0.0,0.0,100.0,1005.456,0.002075649,0.007507324,1540.919,0.01618988,0.07250977,22.72723,0.001707074,1497.839,0.0008585331,6.89633,4.366728e-05,100,1,1,1,Kennfeld_v2 (18)_korrigiert.csv,C:\Users\nikla\OneDrive\Documents\01_Uni\01_Master\00_Masterarbeit\sim_par_ink_prop\laboratory_measurement_L-Com\measurement_data\Kennfeld_v2 (18)_korrigiert.csv,172,999.96,1.8102724108964359,3.6205448217928717,3.6205448217928717,0.0,90.94863794551782,100.0,2026-08-27 08:29:42.512,0.13333555555555554,2.000033333333333,False,1,0.13333555555555554,,True,1006.2106078326271,1538.8671103803279,ok,0.7546078326271299,0.7546078326271299,0.07505130335162652,0.07505130335162652,-2.051889619672238,2.051889619672238,-0.13316012195788604,0.13316012195788604,False,False
172,2026-08-27,08:31:42.513,6,4,90.51,909.45,0.0,0.0,0.0,0.0,0.0,100.0,1005.463,0.00198125,0.008239746,1540.872,0.01796841,0.08105469,22.73334,0.001372374,1497.842,0.0006508324,6.896458,4.84009e-05,100,1,1,1,Kennfeld_v2 (18)_korrigiert.csv,C:\Users\nikla\OneDrive\Documents\01_Uni\01_Master\00_Masterarbeit\sim_par_ink_prop\laboratory_measurement_L-Com\measurement_data\Kennfeld_v2 (18)_korrigiert.csv,173,999.96,1.8102724108964359,3.6205448217928717,3.6205448217928717,0.0,90.94863794551782,100.0,2026-08-27 08:31:42.513,0.16666916666666667,2.0000166666666668,False,1,0.16666916666666667,,True,1006.2086947299167,1538.8783145371335,ok,0.7456947299167496,0.7456947299167496,0.07416431334785563,0.07416431334785563,-1.9936854628665515,1.9936854628665515,-0.12938683179826432,0.12938683179826432,False,False
173,2026-08-27,08:33:42.516,7,4,90.51,909.45,0.0,0.0,0.0,0.0,0.0,100.0,1005.47,0.001763186,0.006591797,1540.819,0.01639983,0.07788086,22.73572,0.0007430151,1497.844,0.0006217844,6.896601,4.400299e-05,100,1,1,1,Kennfeld_v2 (18)_korrigiert.csv,C:\Users\nikla\OneDrive\Documents\01_Uni\01_Master\00_Masterarbeit\sim_par_ink_prop\laboratory_measurement_L-Com\measurement_data\Kennfeld_v2 (18)_korrigiert.csv,174,999.96,1.8102724108964359,3.6205448217928717,3.6205448217928717,0.0,90.94863794551782,100.0,2026-08-27 08:33:42.516,0.2000033333333333,2.00005,False,1,0.2000033333333333,,True,1006.2079495278389,1538.8826780301597,ok,0.7379495278388504,0.7379495278388504,0.07339349039144384,0.07339349039144384,-1.9363219698402645,1.9363219698402645,-0.12566836012797508,0.12566836012797508,False,False
174,2026-08-27,08:35:42.518,8,4,90.51,909.45,0.0,0.0,0.0,0.0,0.0,100.0,1005.476,0.001288379,0.006164551,1540.781,0.01447927,0.07019043,22.73976,0.001534271,1497.846,0.0006425465,6.896703,3.907911e-05,100,1,1,1,Kennfeld_v2 (18)_korrigiert.csv,C:\Users\nikla\OneDrive\Documents\01_Uni\01_Master\00_Masterarbeit\sim_par_ink_prop\laboratory_measurement_L-Com\measurement_data\Kennfeld_v2 (18)_korrigiert.csv,175,999.96,1.8102724108964359,3.6205448217928717,3.6205448217928717,0.0,90.94863794551782,100.0,2026-08-27 08:35:42.518,0.23333722222222222,2.000033333333333,False,1,0.23333722222222222,,True,1006.2066845629158,1538.8900839276607,ok,0.7306845629158261,0.7306845629158261,0.07267051256477788,0.07267051256477788,-1.8909160723392233,1.8909160723392233,-0.12272451908085727,0.12272451908085727,False,False
175,2026-08-27,08:37:42.520,9,4,90.51,909.45,0.0,0.0,0.0,0.0,0.0,100.0,1005.481,0.001475198,0.005310059,1540.745,0.01445697,0.0682373,22.74515,0.001621311,1497.848,0.0006974785,6.896802,3.904071e-05,100,1,1,1,Kennfeld_v2 (18)_korrigiert.csv,C:\Users\nikla\OneDrive\Documents\01_Uni\01_Master\00_Masterarbeit\sim_par_ink_prop\laboratory_measurement_L-Com\measurement_data\Kennfeld_v2 (18)_korrigiert.csv,176,999.96,1.8102724108964359,3.6205448217928717,3.6205448217928717,0.0,90.94863794551782,100.0,2026-08-27 08:37:42.520,0.2666711111111111,2.000033333333333,False,1,0.2666711111111111,,True,1006.2049968992172,1538.899962529307,ok,0.7239968992172408,0.7239968992172408,0.07200503035037367,0.07200503035037367,-1.845037470692887,1.845037470692887,-0.11974969710710644,0.11974969710710644,False,False
176,2026-08-27,08:39:42.522,10,4,90.51,909.45,0.0,0.0,0.0,0.0,0.0,100.0,1005.485,0.001089701,0.004882812,1540.721,0.01457188,0.0670166,22.7523,0.002388577,1497.851,0.0007512548,6.896869,3.936912e-05,100,1,1,1,Kennfeld_v2 (18)_korrigiert.csv,C:\Users\nikla\OneDrive\Documents\01_Uni\01_Master\00_Masterarbeit\sim_par_ink_prop\laboratory_measurement_L-Com\measurement_data\Kennfeld_v2 (18)_korrigiert.csv,177,999.96,1.8102724108964359,3.6205448217928717,3.6205448217928717,0.0,90.94863794551782,100.0,2026-08-27 08:39:42.522,0.300005,2.000033333333333,False,1,0.300005,,True,1006.2027581614808,1538.9130631995251,ok,0.7177581614807877,0.7177581614807877,0.07138427340843352,0.07138427340843352,-1.807936800474863,1.807936800474863,-0.11734355541820116,0.11734355541820116,False,False
177,2026-08-27,08:41:42.524,11,4,90.51,909.45,0.0,0.0,0.0,0.0,0.0,100.0,1005.488,0.0009143098,0.004272461,1540.694,0.01108329,0.06616211,22.76018,0.002232385,1497.854,0.0007499624,6.896943,2.994186e-05,100,1,1,1,Kennfeld_v2 (18)_korrigiert.csv,C:\Users\nikla\OneDrive\Documents\01_Uni\01_Master\00_Masterarbeit\sim_par_ink_prop\laboratory_measurement_L-Com\measurement_data\Kennfeld_v2 (18)_korrigiert.csv,178,999.96,1.8102724108964359,3.6205448217928717,3.6205448217928717,0.0,90.94863794551782,100.0,2026-08-27 08:41:42.524,0.3333388888888889,2.000033333333333,False,1,0.3333388888888889,,True,1006.200290853083,1538.927496667727,ok,0.7122908530828909,0.7122908530828909,0.07084031366688522,0.07084031366688522,-1.7665033322730324,1.7665033322730324,-0.11465633878453686,0.11465633878453686,False,False
178,2026-08-27,08:43:42.526,12,4,90.51,909.45,0.0,0.0,0.0,0.0,0.0,100.0,1005.49,0.0007671519,0.003479004,1540.682,0.009868468,0.04882812,22.77079,0.00271488,1497.856,0.0006638838,6.896977,2.658045e-05,100,1,1,1,Kennfeld_v2 (18)_korrigiert.csv,C:\Users\nikla\OneDrive\Documents\01_Uni\01_Master\00_Masterarbeit\sim_par_ink_prop\laboratory_measurement_L-Com\measurement_data\Kennfeld_v2 (18)_korrigiert.csv,179,999.96,1.8102724108964359,3.6205448217928717,3.6205448217928717,0.0,90.94863794551782,100.0,2026-08-27 08:43:42.526,0.36667277777777774,2.000033333333333,False,1,0.36667277777777774,,True,1006.1969687534431,1538.9469226880321,ok,0.7069687534431068,0.7069687534431068,0.07031086867528338,0.07031086867528338,-1.7350773119678706,1.7350773119678706,-0.11261748446258674,0.11261748446258674,False,False
179,2026-08-27,08:45:42.528,13,4,90.51,909.45,0.0,0.0,0.0,0.0,0.0,100.0,1005.492,0.0009668073,0.004211426,1540.664,0.01076386,0.04980469,22.779,0.001858672,1497.859,0.0005482481,6.897028,2.902674e-05,100,1,1,1,Kennfeld_v2 (18)_korrigiert.csv,C:\Users\nikla\OneDrive\Documents\01_Uni\01_Master\00_Masterarbeit\sim_par_ink_prop\laboratory_measurement_L-Com\measurement_data\Kennfeld_v2 (18)_korrigiert.csv,180,999.96,1.8102724108964359,3.6205448217928717,3.6205448217928717,0.0,90.94863794551782,100.0,2026-08-27 08:45:42.528,0.4000066666666666,2.000033333333333,False,1,0.4000066666666666,,True,1006.1943981180716,1538.9619483048657,ok,0.7023981180716419,0.7023981180716419,0.06985616176674125,0.06985616176674125,-1.702051695134287,1.702051695134287,-0.11047520388185139,0.11047520388185139,False,False
180,2026-08-27,08:47:42.530,14,4,90.51,909.45,0.0,0.0,0.0,0.0,0.0,100.0,1005.495,0.001198035,0.005065918,1540.643,0.01165176,0.04418945,22.78531,0.001809982,1497.86,0.0005855263,6.897088,3.145123e-05,100,1,1,1,Kennfeld_v2 (18)_korrigiert.csv,C:\Users\nikla\OneDrive\Documents\01_Uni\01_Master\00_Masterarbeit\sim_par_ink_prop\laboratory_measurement_L-Com\measurement_data\Kennfeld_v2 (18)_korrigiert.csv,181,999.96,1.8102724108964359,3.6205448217928717,3.6205448217928717,0.0,90.94863794551782,100.0,2026-08-27 08:47:42.530,0.43334055555555556,2.000033333333333,False,1,0.43334055555555556,,True,1006.1924223920445,1538.9734929365925,ok,0.6974223920444729,0.6974223920444729,0.06936109996016618,0.06936109996016618,-1.6695070634075364,1.6695070634075364,-0.10836430395669447,0.10836430395669447,False,False
181,2026-08-27,08:49:42.532,15,4,90.51,909.45,0.0,0.0,0.0,0.0,0.0,100.0,1005.498,0.0009277181,0.003601074,1540.622,0.009841973,0.05725098,22.79244,0.001805561,1497.863,0.0005848422,6.897145,2.652207e-05,100,1,1,1,Kennfeld_v2 (18)_korrigiert.csv,C:\Users\nikla\OneDrive\Documents\01_Uni\01_Master\00_Masterarbeit\sim_par_ink_prop\laboratory_measurement_L-Com\measurement_data\Kennfeld_v2 (18)_korrigiert.csv,182,999.96,1.8102724108964359,3.6205448217928717,3.6205448217928717,0.0,90.94863794551782,100.0,2026-08-27 08:49:42.532,0.46667444444444445,2.000033333333333,False,1,0.46667444444444445,,True,1006.1901899153767,1538.9865339712326,ok,0.6921899153766162,0.6921899153766162,0.06884050643329138,0.06884050643329138,-1.635466028767496,1.635466028767496,-0.10615621669478276,0.10615621669478276,False,False
182,2026-08-27,08:51:42.534,16,4,90.51,909.45,0.0,0.0,0.0,0.0,0.0,100.0,1005.501,0.001067853,0.004699707,1540.604,0.01120263,0.05688477,22.79899,0.001541693,1497.865,0.0005690521,6.897195,3.017882e-05,100,1,1,1,Kennfeld_v2 (18)_korrigiert.csv,C:\Users\nikla\OneDrive\Documents\01_Uni\01_Master\00_Masterarbeit\sim_par_ink_prop\laboratory_measurement_L-Com\measurement_data\Kennfeld_v2 (18)_korrigiert.csv,183,999.96,1.8102724108964359,3.6205448217928717,3.6205448217928717,0.0,90.94863794551782,100.0,2026-08-27 08:51:42.534,0.5000083333333333,2.000033333333333,False,1,0.5000083333333333,,True,1006.188139042524,1538.9985105631683,ok,0.6871390425239952,0.6871390425239952,0.06833797704069863,0.06833797704069863,-1.6054894368317036,1.6054894368317036,-0.10421168819707749,0.10421168819707749,False,False
183,2026-08-27,08:53:42.536,17,4,90.51,909.45,0.0,0.0,0.0,0.0,0.0,100.0,1005.503,0.0007189148,0.003112793,1540.591,0.009384679,0.04260254,22.80645,0.001994262,1497.867,0.0005828468,6.897231,2.517091e-05,100,1,1,1,Kennfeld_v2 (18)_korrigiert.csv,C:\Users\nikla\OneDrive\Documents\01_Uni\01_Master\00_Masterarbeit\sim_par_ink_prop\laboratory_measurement_L-Com\measurement_data\Kennfeld_v2 (18)_korrigiert.csv,184,999.96,1.8102724108964359,3.6205448217928717,3.6205448217928717,0.0,90.94863794551782,100.0,2026-08-27 08:53:42.536,0.5333422222222222,2.000033333333333,False,1,0.5333422222222222,,True,1006.1858032390376,1539.0121468770371,ok,0.6828032390375256,0.6828032390375256,0.06790663369850966,0.06790663369850966,-1.5788531229627552,1.5788531229627552,-0.10248360031720004,0.10248360031720004,False,False
184,2026-08-27,08:55:42.538,18,4,90.51,909.45,0.0,0.0,0.0,0.0,0.0,100.0,1005.505,0.0007158166,0.003112793,1540.582,0.008589359,0.04174805,22.81611,0.002875044,1497.87,0.0006386461,6.897257,2.30632e-05,100,1,1,1,Kennfeld_v2 (18)_korrigiert.csv,C:\Users\nikla\OneDrive\Documents\01_Uni\01_Master\00_Masterarbeit\sim_par_ink_prop\laboratory_measurement_L-Com\measurement_data\Kennfeld_v2 (18)_korrigiert.csv,185,999.96,1.8102724108964359,3.6205448217928717,3.6205448217928717,0.0,90.94863794551782,100.0,2026-08-27 08:55:42.538,0.5666761111111112,2.000033333333333,False,1,0.5666761111111112,,True,1006.1827785923723,1539.029797973705,ok,0.6777785923723059,0.6777785923723059,0.06740678488643079,0.06740678488643079,-1.5522020262951628,1.5522020262951628,-0.10075426210971974,0.10075426210971974,False,False
185,2026-08-27,09:11:30.813,19,4,90.51,909.45,20.03,0.0,0.0,0.0,0.0,100.0,1002.032,0.01084174,0.04815674,1558.517,0.05194451,0.2012939,23.33001,0.002681588,1497.141,0.001975605,6.849898,0.0001353439,100,0,1,0,Kennfeld_v2 (18)_korrigiert.csv,C:\Users\nikla\OneDrive\Documents\01_Uni\01_Master\00_Masterarbeit\sim_par_ink_prop\laboratory_measurement_L-Com\measurement_data\Kennfeld_v2 (18)_korrigiert.csv,186,1019.99,1.7747232816008,5.5131913057971165,3.5494465632016,0.0,89.16263884940048,100.0,2026-08-27 09:11:30.813,0.8300858333333334,15.804583333333333,False,2,0.0,,True,1002.7235617863279,1556.3336868838603,ok,0.6915617863278385,0.6915617863278385,0.06901593824626744,0.06901593824626744,-2.183313116139743,2.183313116139743,-0.14008914347034668,0.14008914347034668,False,False
186,2026-08-27,09:13:30.814,20,4,90.51,909.45,20.03,0.0,0.0,0.0,0.0,100.0,1002.087,0.01516861,0.0524292,1558.329,0.04725873,0.1851807,23.31887,0.003129008,1497.152,0.002851623,6.850386,0.0001229699,100,0,1,0,Kennfeld_v2 (18)_korrigiert.csv,C:\Users\nikla\OneDrive\Documents\01_Uni\01_Master\00_Masterarbeit\sim_par_ink_prop\laboratory_measurement_L-Com\measurement_data\Kennfeld_v2 (18)_korrigiert.csv,187,1019.99,1.7747232816008,5.5131913057971165,3.5494465632016,0.0,89.16263884940048,100.0,2026-08-27 09:13:30.814,0.8634194444444444,2.0000166666666668,False,2,0.03333361111111111,,True,1002.7272578141362,1556.3171346446522,ok,0.6402578141362483,0.6402578141362483,0.06389243789573643,0.06389243789573643,-2.011865355347709,2.011865355347709,-0.12910401817252384,0.12910401817252384,False,False
187,2026-08-27,09:15:30.816,21,4,90.51,909.45,20.03,0.0,0.0,0.0,0.0,100.0,1002.136,0.008847226,0.03387451,1558.169,0.0372729,0.1705322,23.30914,0.001986477,1497.161,0.001728808,6.850802,9.719448e-05,100,0,1,0,Kennfeld_v2 (18)_korrigiert.csv,C:\Users\nikla\OneDrive\Documents\01_Uni\01_Master\00_Masterarbeit\sim_par_ink_prop\laboratory_measurement_L-Com\measurement_data\Kennfeld_v2 (18)_korrigiert.csv,188,1019.99,1.7747232816008,5.5131913057971165,3.5494465632016,0.0,89.16263884940048,100.0,2026-08-27 09:15:30.816,0.8967533333333333,2.000033333333333,False,2,0.06666749999999999,,True,1002.7304860320667,1556.3026691329765,ok,0.5944860320666976,0.5944860320666976,0.059321891646113664,0.059321891646113664,-1.8663308670236347,1.8663308670236347,-0.11977717866442181,0.11977717866442181,False,False
188,2026-08-27,09:17:30.819,22,4,90.51,909.45,20.03,0.0,0.0,0.0,0.0,100.0,1002.164,0.005837897,0.02441406,1558.035,0.03407404,0.15979,23.3017,0.001571665,1497.167,0.00108195,6.851153,8.890204e-05,100,0,1,0,Kennfeld_v2 (18)_korrigiert.csv,C:\Users\nikla\OneDrive\Documents\01_Uni\01_Master\00_Masterarbeit\sim_par_ink_prop\laboratory_measurement_L-Com\measurement_data\Kennfeld_v2 (18)_korrigiert.csv,189,1019.99,1.7747232816008,5.5131913057971165,3.5494465632016,0.0,89.16263884940048,100.0,2026-08-27 09:17:30.819,0.9300875000000001,2.00005,False,2,0.10000166666666666,,True,1002.7329544739829,1556.291602923177,ok,0.5689544739828989,0.5689544739828989,0.056772591510261684,0.056772591510261684,-1.7433970768231575,1.7433970768231575,-0.1118971702704469,0.1118971702704469,False,False
189,2026-08-27,09:19:30.821,23,4,90.51,909.45,20.03,0.0,0.0,0.0,0.0,100.0,1002.183,0.004207806,0.01800537,1557.944,0.02569722,0.1231689,23.29651,0.000825186,1497.17,0.0008562554,6.851389,6.717038e-05,100,0,1,0,Kennfeld_v2 (18)_korrigiert.csv,C:\Users\nikla\OneDrive\Documents\01_Uni\01_Master\00_Masterarbeit\sim_par_ink_prop\laboratory_measurement_L-Com\measurement_data\Kennfeld_v2 (18)_korrigiert.csv,190,1019.99,1.7747232816008,5.5131913057971165,3.5494465632016,0.0,89.16263884940048,100.0,2026-08-27 09:19:30.821,0.9634213888888888,2.000033333333333,False,2,0.13333555555555554,,True,1002.7346764112056,1556.2838806703335,ok,0.5516764112055625,0.5516764112055625,0.0550474724881147,0.0550474724881147,-1.660119329666486,1.660119329666486,-0.1065583441809517,0.1065583441809517,False,False
190,2026-08-27,09:21:30.823,24,4,90.51,909.45,20.03,0.0,0.0,0.0,0.0,100.0,1002.197,0.003191639,0.01171875,1557.865,0.02416269,0.123291,23.29494,0.0005848833,1497.173,0.0007577731,6.851595,6.322721e-05,100,0,1,0,Kennfeld_v2 (18)_korrigiert.csv,C:\Users\nikla\OneDrive\Documents\01_Uni\01_Master\00_Masterarbeit\sim_par_ink_prop\laboratory_measurement_L-Com\measurement_data\Kennfeld_v2 (18)_korrigiert.csv,191,1019.99,1.7747232816008,5.5131913057971165,3.5494465632016,0.0,89.16263884940048,100.0,2026-08-27 09:21:30.823,0.9967552777777777,2.000033333333333,False,2,0.16666944444444445,,True,1002.7351973054965,1556.2815442179547,ok,0.5381973054965101,0.5381973054965101,0.053701747809713075,0.053701747809713075,-1.5834557820453483,1.5834557820453483,-0.10164268290547308,0.10164268290547308,False,False
191,2026-08-27,09:23:30.825,25,4,90.51,909.45,20.03,0.0,0.0,0.0,0.0,100.0,1002.207,0.00279635,0.01000977,1557.8,0.02035763,0.1074219,23.29473,0.0004221515,1497.175,0.0006696234,6.851765,5.333841e-05,100,0,1,0,Kennfeld_v2 (18)_korrigiert.csv,C:\Users\nikla\OneDrive\Documents\01_Uni\01_Master\00_Masterarbeit\sim_par_ink_prop\laboratory_measurement_L-Com\measurement_data\Kennfeld_v2 (18)_korrigiert.csv,192,1019.99,1.7747232816008,5.5131913057971165,3.5494465632016,0.0,89.16263884940048,100.0,2026-08-27 09:23:30.825,1.0300891666666667,2.000033333333333,False,2,0.2000033333333333,,True,1002.7352669792547,1556.281231683573,ok,0.5282669792546812,0.5282669792546812,0.05271036614738085,0.05271036614738085,-1.5187683164269856,1.5187683164269856,-0.09749443551335124,0.09749443551335124,False,False
192,2026-08-27,09:25:30.827,26,4,90.51,909.45,20.03,0.0,0.0,0.0,0.0,100.0,1002.217,0.003085163,0.01184082,1557.736,0.02026668,0.08642578,23.29426,0.0005448111,1497.178,0.000649653,6.851932,5.301604e-05,100,0,1,0,Kennfeld_v2 (18)_korrigiert.csv,C:\Users\nikla\OneDrive\Documents\01_Uni\01_Master\00_Masterarbeit\sim_par_ink_prop\laboratory_measurement_L-Com\measurement_data\Kennfeld_v2 (18)_korrigiert.csv,193,1019.99,1.7747232816008,5.5131913057971165,3.5494465632016,0.0,89.16263884940048,100.0,2026-08-27 09:25:30.827,1.0634230555555555,2.000033333333333,False,2,0.23333722222222222,,True,1002.7354229157608,1556.2805321888034,ok,0.518422915760766,0.518422915760766,0.05172761146146653,0.05172761146146653,-1.4554678111967405,1.4554678111967405,-0.09343481894215326,0.09343481894215326,False,False
193,2026-08-27,09:27:30.829,27,4,90.51,909.45,20.03,0.0,0.0,0.0,0.0,100.0,1002.224,0.002341509,0.01000977,1557.68,0.01580129,0.07751465,23.29329,0.0005217284,1497.179,0.000678302,6.852079,4.142509e-05,100,0,1,0,Kennfeld_v2 (18)_korrigiert.csv,C:\Users\nikla\OneDrive\Documents\01_Uni\01_Master\00_Masterarbeit\sim_par_ink_prop\laboratory_measurement_L-Com\measurement_data\Kennfeld_v2 (18)_korrigiert.csv,194,1019.99,1.7747232816008,5.5131913057971165,3.5494465632016,0.0,89.16263884940048,100.0,2026-08-27 09:27:30.829,1.0967569444444445,2.000033333333333,False,2,0.2666711111111111,,True,1002.7357447421653,1556.2790884935903,ok,0.5117447421652059,0.5117447421652059,0.05106091474213408,0.05106091474213408,-1.4009115064097841,1.4009115064097841,-0.08993577027436855,0.08993577027436855,False,False
194,2026-08-27,09:29:30.831,28,4,90.51,909.45,20.03,0.0,0.0,0.0,0.0,100.0,1002.231,0.002237701,0.008972168,1557.633,0.01668549,0.07336426,23.2947,0.000727622,1497.181,0.0006366539,6.852203,4.382942e-05,100,1,1,1,Kennfeld_v2 (18)_korrigiert.csv,C:\Users\nikla\OneDrive\Documents\01_Uni\01_Master\00_Masterarbeit\sim_par_ink_prop\laboratory_measurement_L-Com\measurement_data\Kennfeld_v2 (18)_korrigiert.csv,195,1019.99,1.7747232816008,5.5131913057971165,3.5494465632016,0.0,89.16263884940048,100.0,2026-08-27 09:29:30.831,1.1300908333333335,2.000033333333333,False,2,0.300005,,True,1002.7352769326487,1556.2811870355101,ok,0.504276932648736,0.504276932648736,0.050315439519306025,0.050315439519306025,-1.351812964489909,1.351812964489909,-0.08678635882071765,0.08678635882071765,False,False
195,2026-08-27,09:31:30.833,29,4,90.51,909.45,20.03,0.0,0.0,0.0,0.0,100.0,1002.237,0.001637146,0.006530762,1557.591,0.01481763,0.08581543,23.29838,0.001208746,1497.184,0.0006229175,6.852314,3.904851e-05,100,1,1,1,Kennfeld_v2 (18)_korrigiert.csv,C:\Users\nikla\OneDrive\Documents\01_Uni\01_Master\00_Masterarbeit\sim_par_ink_prop\laboratory_measurement_L-Com\measurement_data\Kennfeld_v2 (18)_korrigiert.csv,196,1019.99,1.7747232816008,5.5131913057971165,3.5494465632016,0.0,89.16263884940048,100.0,2026-08-27 09:31:30.833,1.163424722222222,2.000033333333333,False,2,0.3333388888888889,,True,1002.7340559829654,1556.286663315722,ok,0.49705598296543485,0.49705598296543485,0.0495946550531895,0.0495946550531895,-1.3043366842778141,1.3043366842778141,-0.08374064078938658,0.08374064078938658,False,False
196,2026-08-27,09:33:30.835,30,4,90.51,909.45,20.03,0.0,0.0,0.0,0.0,100.0,1002.241,0.001599321,0.007263184,1557.556,0.01217738,0.05725098,23.30248,0.001066151,1497.186,0.0005635997,6.852407,3.206778e-05,100,1,1,1,Kennfeld_v2 (18)_korrigiert.csv,C:\Users\nikla\OneDrive\Documents\01_Uni\01_Master\00_Masterarbeit\sim_par_ink_prop\laboratory_measurement_L-Com\measurement_data\Kennfeld_v2 (18)_korrigiert.csv,197,1019.99,1.7747232816008,5.5131913057971165,3.5494465632016,0.0,89.16263884940048,100.0,2026-08-27 09:33:30.835,1.196758611111111,2.000033333333333,False,2,0.36667277777777774,,True,1002.7326956857241,1556.2927633026643,ok,0.491695685724153,0.491695685724153,0.04905962595065987,0.04905962595065987,-1.263236697335742,1.263236697335742,-0.08110377394685918,0.08110377394685918,False,False
197,2026-08-27,09:35:30.837,31,4,90.51,909.45,20.03,0.0,0.0,0.0,0.0,100.0,1002.246,0.001136326,0.004577637,1557.517,0.01234902,0.06140137,23.30694,0.001290609,1497.188,0.000449939,6.852511,3.254615e-05,100,1,1,1,Kennfeld_v2 (18)_korrigiert.csv,C:\Users\nikla\OneDrive\Documents\01_Uni\01_Master\00_Masterarbeit\sim_par_ink_prop\laboratory_measurement_L-Com\measurement_data\Kennfeld_v2 (18)_korrigiert.csv,198,1019.99,1.7747232816008,5.5131913057971165,3.5494465632016,0.0,89.16263884940048,100.0,2026-08-27 09:35:30.837,1.2300924999999998,2.000033333333333,False,2,0.4000066666666666,,True,1002.7312159477016,1556.2993973378561,ok,0.48521594770159027,0.48521594770159027,0.048412859487749545,0.048412859487749545,-1.2176026621439178,1.2176026621439178,-0.07817588264808138,0.07817588264808138,False,False
198,2026-08-27,09:37:30.839,32,4,90.51,909.45,20.03,0.0,0.0,0.0,0.0,100.0,1002.251,0.001469678,0.007080078,1557.481,0.01442137,0.06311035,23.3113,0.0007867906,1497.19,0.0004047945,6.852606,3.796553e-05,100,1,1,1,Kennfeld_v2 (18)_korrigiert.csv,C:\Users\nikla\OneDrive\Documents\01_Uni\01_Master\00_Masterarbeit\sim_par_ink_prop\laboratory_measurement_L-Com\measurement_data\Kennfeld_v2 (18)_korrigiert.csv,199,1019.99,1.7747232816008,5.5131913057971165,3.5494465632016,0.0,89.16263884940048,100.0,2026-08-27 09:37:30.839,1.2634263888888888,2.000033333333333,False,2,0.43334055555555556,,True,1002.7297693876134,1556.3058810559128,ok,0.47876938761339716,0.47876938761339716,0.04776940981983527,0.04776940981983527,-1.1751189440872167,1.1751189440872167,-0.0754499697965636,0.0754499697965636,False,False
199,2026-08-27,09:39:30.841,33,4,90.51,909.45,20.03,0.0,0.0,0.0,0.0,100.0,1002.258,0.001876401,0.007995605,1557.434,0.01309992,0.06481934,23.31269,0.000913395,1497.191,0.0006497214,6.852729,3.452776e-05,100,1,1,1,Kennfeld_v2 (18)_korrigiert.csv,C:\Users\nikla\OneDrive\Documents\01_Uni\01_Master\00_Masterarbeit\sim_par_ink_prop\laboratory_measurement_L-Com\measurement_data\Kennfeld_v2 (18)_korrigiert.csv,200,1019.99,1.7747232816008,5.5131913057971165,3.5494465632016,0.0,89.16263884940048,100.0,2026-08-27 09:39:30.841,1.2967602777777778,2.000033333333333,False,2,0.46667444444444445,,True,1002.7293082136304,1556.3079477860624,ok,0.4713082136303228,0.4713082136303228,0.047024639726529774,0.047024639726529774,-1.1260522139375553,1.1260522139375553,-0.07230176135473833,0.07230176135473833,False,False
200,2026-08-27,09:53:53.066,34,4,90.51,1039.63,20.03,0.0,0.0,0.0,0.0,100.0,1001.627,0.003919396,0.01940918,1549.786,0.01260509,0.06750488,23.18358,0.002700151,1497.013,0.001063106,6.872843,3.305011e-05,100,0,1,0,Kennfeld_v2 (18)_korrigiert.csv,C:\Users\nikla\OneDrive\Documents\01_Uni\01_Master\00_Masterarbeit\sim_par_ink_prop\laboratory_measurement_L-Com\measurement_data\Kennfeld_v2 (18)_korrigiert.csv,201,1150.17,1.57385429979916,4.889190293608771,3.14770859959832,0.0,90.38924680699375,100.0,2026-08-27 09:53:53.066,1.5362672222222222,14.370416666666667,False,3,0.0,,True,1002.0344545697093,1548.8680178758925,ok,0.4074545697093299,0.4074545697093299,0.04067927179572135,0.04067927179572135,-0.9179821241075388,0.9179821241075388,-0.059232831120395894,0.059232831120395894,False,False
201,2026-08-27,09:55:53.068,35,4,90.51,1039.63,20.03,0.0,0.0,0.0,0.0,100.0,1001.628,0.003836542,0.01794434,1549.791,0.01399888,0.06188965,23.19261,0.002317114,1497.015,0.001233836,6.872835,3.706509e-05,100,0,1,0,Kennfeld_v2 (18)_korrigiert.csv,C:\Users\nikla\OneDrive\Documents\01_Uni\01_Master\00_Masterarbeit\sim_par_ink_prop\laboratory_measurement_L-Com\measurement_data\Kennfeld_v2 (18)_korrigiert.csv,202,1150.17,1.57385429979916,4.889190293608771,3.14770859959832,0.0,90.38924680699375,100.0,2026-08-27 09:55:53.068,1.5696011111111112,2.000033333333333,False,3,0.033333888888888885,,True,1002.0315963800404,1548.883784688456,ok,0.4035963800403124,0.4035963800403124,0.04029403930803775,0.04029403930803775,-0.9072153115439505,0.9072153115439505,-0.058537913276303095,0.058537913276303095,False,False
202,2026-08-27,09:57:53.070,36,4,90.51,1039.63,20.03,0.0,0.0,0.0,0.0,100.0,1001.633,0.003388354,0.01519775,1549.794,0.01252093,0.05932617,23.2014,0.002203251,1497.018,0.0009335374,6.872828,3.327295e-05,100,0,1,0,Kennfeld_v2 (18)_korrigiert.csv,C:\Users\nikla\OneDrive\Documents\01_Uni\01_Master\00_Masterarbeit\sim_par_ink_prop\laboratory_measurement_L-Com\measurement_data\Kennfeld_v2 (18)_korrigiert.csv,203,1150.17,1.57385429979916,4.889190293608771,3.14770859959832,0.0,90.38924680699375,100.0,2026-08-27 09:57:53.070,1.602935,2.000033333333333,False,3,0.06666777777777777,,True,1002.0288141553156,1548.8991260639455,ok,0.3958141553155201,0.3958141553155201,0.03951688445923009,0.03951688445923009,-0.8948739360546369,0.8948739360546369,-0.05774147635457596,0.05774147635457596,False,False
203,2026-08-27,09:59:53.072,37,4,90.51,1039.63,20.03,0.0,0.0,0.0,0.0,100.0,1001.632,0.003687408,0.01708984,1549.794,0.0126752,0.06677246,23.20985,0.002026189,1497.02,0.001239303,6.872831,3.362841e-05,100,0,1,0,Kennfeld_v2 (18)_korrigiert.csv,C:\Users\nikla\OneDrive\Documents\01_Uni\01_Master\00_Masterarbeit\sim_par_ink_prop\laboratory_measurement_L-Com\measurement_data\Kennfeld_v2 (18)_korrigiert.csv,204,1150.17,1.57385429979916,4.889190293608771,3.14770859959832,0.0,90.38924680699375,100.0,2026-08-27 09:59:53.072,1.636268888888889,2.000033333333333,False,3,0.10000166666666666,,True,1002.0261395477162,1548.913868089465,ok,0.39413954771623594,0.39413954771623594,0.03934973600246757,0.03934973600246757,-0.8801319105350558,0.8801319105350558,-0.05679025151310792,0.05679025151310792,False,False
204,2026-08-27,10:01:53.074,38,4,90.51,1039.63,20.03,0.0,0.0,0.0,0.0,100.0,1001.637,0.003190671,0.01525879,1549.789,0.01163036,0.06494141,23.21882,0.002342614,1497.023,0.0008632163,6.872845,3.093085e-05,100,0,1,0,Kennfeld_v2 (18)_korrigiert.csv,C:\Users\nikla\OneDrive\Documents\01_Uni\01_Master\00_Masterarbeit\sim_par_ink_prop\laboratory_measurement_L-Com\measurement_data\Kennfeld_v2 (18)_korrigiert.csv,205,1150.17,1.57385429979916,4.889190293608771,3.14770859959832,0.0,90.38924680699375,100.0,2026-08-27 10:01:53.074,1.6696027777777778,2.000033333333333,False,3,0.13333555555555554,,True,1002.0233003486508,1548.9295109424233,ok,0.3863003486508205,0.3863003486508205,0.03856690084839323,0.03856690084839323,-0.8594890575766385,0.8594890575766385,-0.05545845644643487,0.05545845644643487,False,False
205,2026-08-27,10:03:53.076,39,4,90.51,1039.63,20.03,0.0,0.0,0.0,0.0,100.0,1001.639,0.004414071,0.0222168,1549.786,0.01332799,0.07104492,23.22606,0.001437987,1497.025,0.001145601,6.872855,3.544679e-05,100,0,1,0,Kennfeld_v2 (18)_korrigiert.csv,C:\Users\nikla\OneDrive\Documents\01_Uni\01_Master\00_Masterarbeit\sim_par_ink_prop\laboratory_measurement_L-Com\measurement_data\Kennfeld_v2 (18)_korrigiert.csv,206,1150.17,1.57385429979916,4.889190293608771,3.14770859959832,0.0,90.38924680699375,100.0,2026-08-27 10:03:53.076,1.7029366666666668,2.000033333333333,False,3,0.16666944444444445,,True,1002.021008731842,1548.9421320460297,ok,0.38200873184200645,0.38200873184200645,0.03813836440494095,0.03813836440494095,-0.8438679539704026,0.8438679539704026,-0.05445061150187204,0.05445061150187204,False,False
206,2026-08-27,10:05:53.078,40,4,90.51,1039.63,20.03,0.0,0.0,0.0,0.0,100.0,1001.643,0.00629916,0.02587891,1549.778,0.01375662,0.07128906,23.23247,0.001840894,1497.027,0.001546808,6.872879,3.653012e-05,100,0,1,0,Kennfeld_v2 (18)_korrigiert.csv,C:\Users\nikla\OneDrive\Documents\01_Uni\01_Master\00_Masterarbeit\sim_par_ink_prop\laboratory_measurement_L-Com\measurement_data\Kennfeld_v2 (18)_korrigiert.csv,207,1150.17,1.57385429979916,4.889190293608771,3.14770859959832,0.0,90.38924680699375,100.0,2026-08-27 10:05:53.078,1.7362705555555555,2.000033333333333,False,3,0.2000033333333333,,True,1002.0189798278816,1548.9533026839097,ok,0.37597982788156514,0.37597982788156514,0.037536310629791764,0.037536310629791764,-0.8246973160903508,0.8246973160903508,-0.053213900061192684,0.053213900061192684,False,False
207,2026-08-27,10:07:53.080,41,4,90.51,1039.63,20.03,0.0,0.0,0.0,0.0,100.0,1001.65,0.003912087,0.01800537,1549.753,0.01259534,0.06787109,23.23719,0.0008733399,1497.03,0.001071666,6.872946,3.339878e-05,100,0,1,0,Kennfeld_v2 (18)_korrigiert.csv,C:\Users\nikla\OneDrive\Documents\01_Uni\01_Master\00_Masterarbeit\sim_par_ink_prop\laboratory_measurement_L-Com\measurement_data\Kennfeld_v2 (18)_korrigiert.csv,208,1150.17,1.57385429979916,4.889190293608771,3.14770859959832,0.0,90.38924680699375,100.0,2026-08-27 10:07:53.080,1.7696044444444445,2.000033333333333,False,3,0.23333722222222222,,True,1002.0174858454811,1548.961526032327,ok,0.3674858454811556,0.3674858454811556,0.0366880492668253,0.0366880492668253,-0.7914739676730278,0.7914739676730278,-0.051070975031055135,0.051070975031055135,False,False
208,2026-08-27,10:09:53.082,42,4,90.51,1039.63,20.03,0.0,0.0,0.0,0.0,100.0,1001.656,0.00334754,0.0166626,1549.736,0.01314195,0.08154297,23.24112,0.001097141,1497.032,0.0008421824,6.872991,3.486171e-05,100,0,1,0,Kennfeld_v2 (18)_korrigiert.csv,C:\Users\nikla\OneDrive\Documents\01_Uni\01_Master\00_Masterarbeit\sim_par_ink_prop\laboratory_measurement_L-Com\measurement_data\Kennfeld_v2 (18)_korrigiert.csv,209,1150.17,1.57385429979916,4.889190293608771,3.14770859959832,0.0,90.38924680699375,100.0,2026-08-27 10:09:53.082,1.8029383333333335,2.000033333333333,False,3,0.2666711111111111,,True,1002.0162419151699,1548.9683716271454,ok,0.3602419151699223,0.3602419151699223,0.03596463408295087,0.03596463408295087,-0.7676283728546878,0.7676283728546878,-0.04953284771436475,0.04953284771436475,False,False
209,2026-08-27,10:11:53.084,43,4,90.51,1039.63,20.03,0.0,0.0,0.0,0.0,100.0,1001.657,0.004745469,0.02362061,1549.727,0.01176754,0.05578613,23.24759,0.002966302,1497.034,0.001313578,6.873017,3.122476e-05,100,0,1,0,Kennfeld_v2 (18)_korrigiert.csv,C:\Users\nikla\OneDrive\Documents\01_Uni\01_Master\00_Masterarbeit\sim_par_ink_prop\laboratory_measurement_L-Com\measurement_data\Kennfeld_v2 (18)_korrigiert.csv,210,1150.17,1.57385429979916,4.889190293608771,3.14770859959832,0.0,90.38924680699375,100.0,2026-08-27 10:11:53.084,1.8362722222222223,2.000033333333333,False,3,0.300005,,True,1002.0141940196228,1548.9796388532695,ok,0.3571940196227388,0.3571940196227388,0.035660312823924636,0.035660312823924636,-0.7473611467305545,0.7473611467305545,-0.04822534205899197,0.04822534205899197,False,False
210,2026-08-27,10:25:16.754,44,4,90.51,1039.63,20.03,30.88,0.0,0.0,0.0,100.0,1003.659,0.003211193,0.01196289,1564.598,0.02268526,0.09619141,23.7141,0.001041814,1497.613,0.0003570015,6.834144,5.869832e-05,100,0,1,0,Kennfeld_v2 (18)_korrigiert.csv,C:\Users\nikla\OneDrive\Documents\01_Uni\01_Master\00_Masterarbeit\sim_par_ink_prop\laboratory_measurement_L-Com\measurement_data\Kennfeld_v2 (18)_korrigiert.csv,211,1181.0500000000002,1.532703949875111,4.761356420134626,5.68003048135134,0.0,88.02590914863892,100.0,2026-08-27 10:25:16.754,2.059513888888889,13.394499999999999,False,4,0.0,,True,1004.3907742256562,1560.9520380730157,ok,0.7317742256561814,0.7317742256561814,0.07291064252462055,0.07291064252462055,-3.645961926984228,3.645961926984228,-0.2330286710697718,0.2330286710697718,False,False
211,2026-08-27,10:27:16.756,45,4,90.51,1039.63,20.03,30.88,0.0,0.0,0.0,100.0,1003.67,0.002386936,0.00970459,1564.53,0.01593677,0.078125,23.70931,0.0008100054,1497.614,0.0002776485,6.83432,4.124769e-05,100,1,1,1,Kennfeld_v2 (18)_korrigiert.csv,C:\Users\nikla\OneDrive\Documents\01_Uni\01_Master\00_Masterarbeit\sim_par_ink_prop\laboratory_measurement_L-Com\measurement_data\Kennfeld_v2 (18)_korrigiert.csv,212,1181.0500000000002,1.532703949875111,4.761356420134626,5.68003048135134,0.0,88.02590914863892,100.0,2026-08-27 10:27:16.756,2.092847777777778,2.000033333333333,False,4,0.033333888888888885,,True,1004.3924715874089,1560.946642290465,ok,0.7224715874089043,0.7224715874089043,0.07198298119988684,0.07198298119988684,-3.5833577095349938,3.5833577095349938,-0.22903732811355448,0.22903732811355448,False,False
212,2026-08-27,10:29:16.758,46,4,90.51,1039.63,20.03,30.88,0.0,0.0,0.0,100.0,1003.678,0.001978914,0.0078125,1564.483,0.01648138,0.07470703,23.70646,0.00102735,1497.615,0.0002077551,6.834441,4.258184e-05,100,1,1,1,Kennfeld_v2 (18)_korrigiert.csv,C:\Users\nikla\OneDrive\Documents\01_Uni\01_Master\00_Masterarbeit\sim_par_ink_prop\laboratory_measurement_L-Com\measurement_data\Kennfeld_v2 (18)_korrigiert.csv,213,1181.0500000000002,1.532703949875111,4.761356420134626,5.68003048135134,0.0,88.02590914863892,100.0,2026-08-27 10:29:16.758,2.1261816666666666,2.000033333333333,False,4,0.06666777777777777,,True,1004.3934814999116,1560.9434309527094,ok,0.7154814999115615,0.7154814999115615,0.0712859602294323,0.0712859602294323,-3.53956904729057,3.53956904729057,-0.22624528660845594,0.22624528660845594,False,False
213,2026-08-27,10:31:16.760,47,4,90.51,1039.63,20.03,30.88,0.0,0.0,0.0,100.0,1003.685,0.001606533,0.006958008,1564.439,0.01688106,0.07580566,23.7044,0.0004736288,1497.616,0.0003215642,6.834554,4.378482e-05,100,1,1,1,Kennfeld_v2 (18)_korrigiert.csv,C:\Users\nikla\OneDrive\Documents\01_Uni\01_Master\00_Masterarbeit\sim_par_ink_prop\laboratory_measurement_L-Com\measurement_data\Kennfeld_v2 (18)_korrigiert.csv,214,1181.0500000000002,1.532703949875111,4.761356420134626,5.68003048135134,0.0,88.02590914863892,100.0,2026-08-27 10:31:16.760,2.1595155555555556,2.000033333333333,False,4,0.10000166666666666,,True,1004.3942114717455,1560.9411093556114,ok,0.7092114717455615,0.7092114717455615,0.0706607622656074,0.0706607622656074,-3.49789064438869,3.49789064438869,-0.22358753804965803,0.22358753804965803,False,False
214,2026-08-27,10:33:16.762,48,4,90.51,1039.63,20.03,30.88,0.0,0.0,0.0,100.0,1003.691,0.001377938,0.00592041,1564.407,0.01434749,0.06567383,23.7045,0.0004704209,1497.617,0.0003123322,6.834636,3.728615e-05,100,1,1,1,Kennfeld_v2 (18)_korrigiert.csv,C:\Users\nikla\OneDrive\Documents\01_Uni\01_Master\00_Masterarbeit\sim_par_ink_prop\laboratory_measurement_L-Com\measurement_data\Kennfeld_v2 (18)_korrigiert.csv,215,1181.0500000000002,1.532703949875111,4.761356420134626,5.68003048135134,0.0,88.02590914863892,100.0,2026-08-27 10:33:16.762,2.192849444444444,2.000033333333333,False,4,0.13333555555555554,,True,1004.3941760362198,1560.941222062631,ok,0.7031760362198156,0.7031760362198156,0.07005901579468338,0.07005901579468338,-3.465777937369012,3.465777937369012,-0.22153940358033505,0.22153940358033505,False,False
215,2026-08-27,10:35:16.764,49,4,90.51,1039.63,20.03,30.88,0.0,0.0,0.0,100.0,1003.695,0.001560103,0.005554199,1564.373,0.01015682,0.0526123,23.70569,0.0007282837,1497.618,0.0003844574,6.834727,2.648812e-05,100,1,1,1,Kennfeld_v2 (18)_korrigiert.csv,C:\Users\nikla\OneDrive\Documents\01_Uni\01_Master\00_Masterarbeit\sim_par_ink_prop\laboratory_measurement_L-Com\measurement_data\Kennfeld_v2 (18)_korrigiert.csv,216,1181.0500000000002,1.532703949875111,4.761356420134626,5.68003048135134,0.0,88.02590914863892,100.0,2026-08-27 10:35:16.764,2.226183333333333,2.000033333333333,False,4,0.16666944444444445,,True,1004.3937543534622,1560.942563212478,ok,0.6987543534621636,0.6987543534621636,0.06961819611158405,0.06961819611158405,-3.4304367875220123,3.4304367875220123,-0.21928509297475807,0.21928509297475807,False,False
216,2026-08-27,10:37:16.766,50,4,90.51,1039.63,20.03,30.88,0.0,0.0,0.0,100.0,1003.699,0.001013094,0.004089355,1564.345,0.01211954,0.06335449,23.70834,0.0008133395,1497.62,0.0003409923,6.834799,3.160287e-05,100,1,1,1,Kennfeld_v2 (18)_korrigiert.csv,C:\Users\nikla\OneDrive\Documents\01_Uni\01_Master\00_Masterarbeit\sim_par_ink_prop\laboratory_measurement_L-Com\measurement_data\Kennfeld_v2 (18)_korrigiert.csv,217,1181.0500000000002,1.532703949875111,4.761356420134626,5.68003048135134,0.0,88.02590914863892,100.0,2026-08-27 10:37:16.766,2.259517222222222,2.000033333333333,False,4,0.2000033333333333,,True,1004.3928153120168,1560.9455493845037,ok,0.6938153120167954,0.6938153120167954,0.06912583473898005,0.06912583473898005,-3.3994506154963346,3.3994506154963346,-0.21730824181982455,0.21730824181982455,False,False
217,2026-08-27,10:39:16.768,51,4,90.51,1039.63,20.03,30.88,0.0,0.0,0.0,100.0,1003.702,0.00112022,0.004394531,1564.315,0.01088992,0.05517578,23.71042,0.0006468668,1497.621,0.0002955773,6.834879,2.8336e-05,100,1,1,1,Kennfeld_v2 (18)_korrigiert.csv,C:\Users\nikla\OneDrive\Documents\01_Uni\01_Master\00_Masterarbeit\sim_par_ink_prop\laboratory_measurement_L-Com\measurement_data\Kennfeld_v2 (18)_korrigiert.csv,218,1181.0500000000002,1.532703949875111,4.761356420134626,5.68003048135134,0.0,88.02590914863892,100.0,2026-08-27 10:39:16.768,2.2928511111111107,2.000033333333333,False,4,0.23333722222222222,,True,1004.3920782530611,1560.9478928396352,ok,0.6900782530610741,0.6900782530610741,0.0687533005873331,0.0687533005873331,-3.367107160364867,3.367107160364867,-0.21524482986897567,0.21524482986897567,False,False
218,2026-08-27,10:41:16.770,52,4,90.51,1039.63,20.03,30.88,0.0,0.0,0.0,100.0,1003.707,0.001355804,0.005371094,1564.286,0.01050141,0.0513916,23.71175,0.0004044969,1497.622,0.0002942682,6.834953,2.731963e-05,100,1,1,1,Kennfeld_v2 (18)_korrigiert.csv,C:\Users\nikla\OneDrive\Documents\01_Uni\01_Master\00_Masterarbeit\sim_par_ink_prop\laboratory_measurement_L-Com\measurement_data\Kennfeld_v2 (18)_korrigiert.csv,219,1181.0500000000002,1.532703949875111,4.761356420134626,5.68003048135134,0.0,88.02590914863892,100.0,2026-08-27 10:41:16.770,2.3261849999999997,2.000033333333333,False,4,0.2666711111111111,,True,1004.3916069605509,1560.9493911107422,ok,0.6846069605509228,0.6846069605509228,0.06820784955678529,0.06820784955678529,-3.336608889257832,3.336608889257832,-0.21329915944129346,0.21329915944129346,False,False
219,2026-08-27,10:43:16.772,53,4,90.51,1039.63,20.03,30.88,0.0,0.0,0.0,100.0,1003.711,0.001016063,0.004211426,1564.261,0.01223737,0.05834961,23.71305,0.0006989013,1497.623,0.0003386292,6.835018,3.185554e-05,100,1,1,1,Kennfeld_v2 (18)_korrigiert.csv,C:\Users\nikla\OneDrive\Documents\01_Uni\01_Master\00_Masterarbeit\sim_par_ink_prop\laboratory_measurement_L-Com\measurement_data\Kennfeld_v2 (18)_korrigiert.csv,220,1181.0500000000002,1.532703949875111,4.761356420134626,5.68003048135134,0.0,88.02590914863892,100.0,2026-08-27 10:43:16.772,2.3595188888888887,2.000033333333333,False,4,0.300005,,True,1004.3911462986958,1560.950855444388,ok,0.6801462986958313,0.6801462986958313,0.06776316077992882,0.06776316077992882,-3.3101445556119415,3.3101445556119415,-0.21161075777072635,0.21161075777072635,False,False
220,2026-08-27,10:45:16.774,54,4,90.51,1039.63,20.03,30.88,0.0,0.0,0.0,100.0,1003.713,0.0007174024,0.003112793,1564.238,0.00923605,0.05102539,23.71561,0.0009181057,1497.624,0.0003201968,6.835081,2.41402e-05,100,1,1,1,Kennfeld_v2 (18)_korrigiert.csv,C:\Users\nikla\OneDrive\Documents\01_Uni\01_Master\00_Masterarbeit\sim_par_ink_prop\laboratory_measurement_L-Com\measurement_data\Kennfeld_v2 (18)_korrigiert.csv,221,1181.0500000000002,1.532703949875111,4.761356420134626,5.68003048135134,0.0,88.02590914863892,100.0,2026-08-27 10:45:16.774,2.3928527777777777,2.000033333333333,False,4,0.3333388888888889,,True,1004.390239149186,1560.953738645195,ok,0.6772391491859935,0.6772391491859935,0.06747338623550692,0.06747338623550692,-3.2842613548050394,3.2842613548050394,-0.2099591849069668,0.2099591849069668,False,False
221,2026-08-27,10:47:16.776,55,4,90.51,1039.63,20.03,30.88,0.0,0.0,0.0,100.0,1003.716,0.0009280799,0.00378418,1564.22,0.009264383,0.04492187,23.71871,0.000765033,1497.626,0.000311582,6.835126,2.415129e-05,100,1,1,1,Kennfeld_v2 (18)_korrigiert.csv,C:\Users\nikla\OneDrive\Documents\01_Uni\01_Master\00_Masterarbeit\sim_par_ink_prop\laboratory_measurement_L-Com\measurement_data\Kennfeld_v2 (18)_korrigiert.csv,222,1181.0500000000002,1.532703949875111,4.761356420134626,5.68003048135134,0.0,88.02590914863892,100.0,2026-08-27 10:47:16.776,2.4261866666666667,2.000033333333333,False,4,0.36667277777777774,,True,1004.3891406478085,1560.9572292929895,ok,0.6731406478085091,0.6731406478085091,0.06706485179159336,0.06706485179159336,-3.2627707070105316,3.2627707070105316,-0.20858771189541955,0.20858771189541955,False,False
222,2026-08-27,10:49:16.778,56,4,90.51,1039.63,20.03,30.88,0.0,0.0,0.0,100.0,1003.719,0.001040567,0.004333496,1564.198,0.007377839,0.04199219,23.72122,0.0009464404,1497.627,0.0003275375,6.835184,1.931575e-05,100,1,1,1,Kennfeld_v2 (18)_korrigiert.csv,C:\Users\nikla\OneDrive\Documents\01_Uni\01_Master\00_Masterarbeit\sim_par_ink_prop\laboratory_measurement_L-Com\measurement_data\Kennfeld_v2 (18)_korrigiert.csv,223,1181.0500000000002,1.532703949875111,4.761356420134626,5.68003048135134,0.0,88.02590914863892,100.0,2026-08-27 10:49:16.778,2.4595205555555553,2.000033333333333,False,4,0.4000066666666666,,True,1004.3882512160338,1560.9600550072457,ok,0.6692512160337856,0.6692512160337856,0.06667714928518695,0.06667714928518695,-3.2379449927543646,3.2379449927543646,-0.20700352466595434,0.20700352466595434,False,False
223,2026-08-27,10:51:16.780,57,4,90.51,1039.63,20.03,30.88,0.0,0.0,0.0,100.0,1003.722,0.000732887,0.00378418,1564.177,0.007964514,0.0369873,23.72417,0.0009708088,1497.628,0.0003556159,6.83524,2.081335e-05,100,1,1,1,Kennfeld_v2 (18)_korrigiert.csv,C:\Users\nikla\OneDrive\Documents\01_Uni\01_Master\00_Masterarbeit\sim_par_ink_prop\laboratory_measurement_L-Com\measurement_data\Kennfeld_v2 (18)_korrigiert.csv,224,1181.0500000000002,1.532703949875111,4.761356420134626,5.68003048135134,0.0,88.02590914863892,100.0,2026-08-27 10:51:16.780,2.4928544444444443,2.000033333333333,False,4,0.43334055555555556,,True,1004.387205867916,1560.963375397239,ok,0.6652058679160291,0.6652058679160291,0.06627391527893471,0.06627391527893471,-3.2136246027610014,3.2136246027610014,-0.20545146762553096,0.20545146762553096,False,False
224,2026-08-27,10:53:16.782,58,4,90.51,1039.63,20.03,30.88,0.0,0.0,0.0,100.0,1003.724,0.001258768,0.007507324,1564.164,0.009370586,0.06420898,23.72759,0.001476248,1497.63,0.0005154008,6.835276,2.427941e-05,100,1,1,1,Kennfeld_v2 (18)_korrigiert.csv,C:\Users\nikla\OneDrive\Documents\01_Uni\01_Master\00_Masterarbeit\sim_par_ink_prop\laboratory_measurement_L-Com\measurement_data\Kennfeld_v2 (18)_korrigiert.csv,225,1181.0500000000002,1.532703949875111,4.761356420134626,5.68003048135134,0.0,88.02590914863892,100.0,2026-08-27 10:53:16.782,2.5261883333333333,2.000033333333333,False,4,0.46667444444444445,,True,1004.3859939727871,1560.9672238941196,ok,0.6619939727870587,0.6619939727870587,0.06595378538194352,0.06595378538194352,-3.196776105880417,3.196776105880417,-0.2043760184916938,0.2043760184916938,False,False
225,2026-08-27,10:55:16.784,59,4,90.51,1039.63,20.03,30.88,0.0,0.0,0.0,100.0,1003.727,0.001328142,0.006530762,1564.145,0.007733267,0.04406738,23.73244,0.000744452,1497.631,0.0003550229,6.835327,2.017495e-05,100,1,1,1,Kennfeld_v2 (18)_korrigiert.csv,C:\Users\nikla\OneDrive\Documents\01_Uni\01_Master\00_Masterarbeit\sim_par_ink_prop\laboratory_measurement_L-Com\measurement_data\Kennfeld_v2 (18)_korrigiert.csv,226,1181.0500000000002,1.532703949875111,4.761356420134626,5.68003048135134,0.0,88.02590914863892,100.0,2026-08-27 10:55:16.784,2.5595222222222223,2.000033333333333,False,4,0.5000083333333333,,True,1004.3842753495378,1560.9726798924946,ok,0.6572753495378265,0.6572753495378265,0.06548347803116052,0.06548347803116052,-3.1723201075053566,3.1723201075053566,-0.20281496328699428,0.20281496328699428,False,False
226,2026-08-27,11:46:52.912,60,4,139.84,1039.63,20.03,30.88,0.0,0.0,0.0,100.0,1007.488,0.0305236,0.1137695,1583.388,0.1005155,0.4317627,23.94352,0.001196732,1498.577,0.008061166,6.785975,0.0002548222,100,0,1,0,Kennfeld_v2 (18)_korrigiert.csv,C:\Users\nikla\OneDrive\Documents\01_Uni\01_Master\00_Masterarbeit\sim_par_ink_prop\laboratory_measurement_L-Com\measurement_data\Kennfeld_v2 (18)_korrigiert.csv,227,1230.38,2.273118873843853,6.174190087615208,7.056031469952372,0.0,84.49665956858857,100.0,2026-08-27 11:46:52.912,3.4195577777777775,51.602133333333335,False,5,0.0,,True,1008.198492543332,1577.1926725951116,ok,0.7104925433319522,0.7104925433319522,0.07052119165011912,0.07052119165011912,-6.195327404888303,6.195327404888303,-0.3912703269753404,0.3912703269753404,False,False
227,2026-08-27,11:48:52.914,61,4,139.84,1039.63,20.03,30.88,0.0,0.0,0.0,100.0,1007.614,0.02129705,0.07763672,1583.097,0.05159241,0.2557373,23.95095,0.003537916,1498.611,0.006027604,6.786714,0.0001316733,100,0,1,0,Kennfeld_v2 (18)_korrigiert.csv,C:\Users\nikla\OneDrive\Documents\01_Uni\01_Master\00_Masterarbeit\sim_par_ink_prop\laboratory_measurement_L-Com\measurement_data\Kennfeld_v2 (18)_korrigiert.csv,228,1230.38,2.273118873843853,6.174190087615208,7.056031469952372,0.0,84.49665956858857,100.0,2026-08-27 11:48:52.914,3.4528916666666665,2.000033333333333,False,5,0.033333888888888885,,True,1008.195726029307,1577.1991070186468,ok,0.5817260293069921,0.5817260293069921,0.05773302368833622,0.05773302368833622,-5.897892981353152,5.897892981353152,-0.37255411268880884,0.37255411268880884,False,False
228,2026-08-27,11:50:52.915,62,4,139.84,1039.63,20.03,30.88,0.0,0.0,0.0,100.0,1007.665,0.005812213,0.02209473,1582.979,0.04430588,0.2080078,23.9685,0.005082183,1498.627,0.002459751,6.787018,0.0001134672,100,0,1,0,Kennfeld_v2 (18)_korrigiert.csv,C:\Users\nikla\OneDrive\Documents\01_Uni\01_Master\00_Masterarbeit\sim_par_ink_prop\laboratory_measurement_L-Com\measurement_data\Kennfeld_v2 (18)_korrigiert.csv,229,1230.38,2.273118873843853,6.174190087615208,7.056031469952372,0.0,84.49665956858857,100.0,2026-08-27 11:50:52.915,3.486225277777778,2.0000166666666668,False,5,0.06666749999999999,,True,1008.1891913959262,1577.214287009833,ok,0.5241913959262092,0.5241913959262092,0.052020403202077,0.052020403202077,-5.764712990167027,5.764712990167027,-0.3641686333278601,0.3641686333278601,False,False
229,2026-08-27,11:52:52.918,63,4,139.84,1039.63,20.03,30.88,0.0,0.0,0.0,100.0,1007.683,0.006570932,0.02276611,1582.878,0.0314915,0.1385498,23.99007,0.004933437,1498.636,0.002455534,6.787282,8.063659e-05,100,0,1,0,Kennfeld_v2 (18)_korrigiert.csv,C:\Users\nikla\OneDrive\Documents\01_Uni\01_Master\00_Masterarbeit\sim_par_ink_prop\laboratory_measurement_L-Com\measurement_data\Kennfeld_v2 (18)_korrigiert.csv,230,1230.38,2.273118873843853,6.174190087615208,7.056031469952372,0.0,84.49665956858857,100.0,2026-08-27 11:52:52.918,3.5195594444444445,2.00005,False,5,0.10000166666666666,,True,1008.1811599392769,1577.2329086695229,ok,0.4981599392768885,0.4981599392768885,0.049436175789101186,0.049436175789101186,-5.645091330477044,5.645091330477044,-0.35663464464583144,0.35663464464583144,False,False
230,2026-08-27,11:54:52.920,64,4,139.84,1039.63,20.03,30.88,0.0,0.0,0.0,100.0,1007.707,0.006334945,0.02459717,1582.793,0.03033296,0.1313477,24.00893,0.004728486,1498.646,0.002493555,6.787503,7.786504e-05,100,0,1,0,Kennfeld_v2 (18)_korrigiert.csv,C:\Users\nikla\OneDrive\Documents\01_Uni\01_Master\00_Masterarbeit\sim_par_ink_prop\laboratory_measurement_L-Com\measurement_data\Kennfeld_v2 (18)_korrigiert.csv,231,1230.38,2.273118873843853,6.174190087615208,7.056031469952372,0.0,84.49665956858857,100.0,2026-08-27 11:54:52.920,3.552893333333333,2.000033333333333,False,5,0.13333555555555554,,True,1008.1741375332947,1577.2491586882522,ok,0.46713753329470364,0.46713753329470364,0.04635648390799148,0.04635648390799148,-5.543841311747656,5.543841311747656,-0.3502568757726156,0.3502568757726156,False,False
231,2026-08-27,11:56:52.922,65,4,139.84,1039.63,20.03,30.88,0.0,0.0,0.0,100.0,1007.727,0.006076634,0.02185059,1582.721,0.0237771,0.1164551,24.02783,0.005082843,1498.654,0.002478466,6.787691,6.118075e-05,100,0,1,0,Kennfeld_v2 (18)_korrigiert.csv,C:\Users\nikla\OneDrive\Documents\01_Uni\01_Master\00_Masterarbeit\sim_par_ink_prop\laboratory_measurement_L-Com\measurement_data\Kennfeld_v2 (18)_korrigiert.csv,232,1230.38,2.273118873843853,6.174190087615208,7.056031469952372,0.0,84.49665956858857,100.0,2026-08-27 11:56:52.922,3.586227222222222,2.000033333333333,False,5,0.16666944444444445,,True,1008.1671002324877,1577.265413141511,ok,0.44010023248767993,0.44010023248767993,0.043672565336413526,0.043672565336413526,-5.455586858488914,5.455586858488914,-0.34469668744452836,0.34469668744452836,False,False
232,2026-08-27,11:58:52.924,66,4,139.84,1039.63,20.03,30.88,0.0,0.0,0.0,100.0,1007.743,0.005274667,0.01953125,1582.661,0.02408676,0.114624,24.04751,0.004617271,1498.662,0.002132705,6.787847,6.190407e-05,100,0,1,0,Kennfeld_v2 (18)_korrigiert.csv,C:\Users\nikla\OneDrive\Documents\01_Uni\01_Master\00_Masterarbeit\sim_par_ink_prop\laboratory_measurement_L-Com\measurement_data\Kennfeld_v2 (18)_korrigiert.csv,233,1230.38,2.273118873843853,6.174190087615208,7.056031469952372,0.0,84.49665956858857,100.0,2026-08-27 11:58:52.924,3.619561111111111,2.000033333333333,False,5,0.2000033333333333,,True,1008.1597725022564,1577.2823064435138,ok,0.4167725022563218,0.4167725022563218,0.041357022798106435,0.041357022798106435,-5.378693556486269,5.378693556486269,-0.339851273044971,0.339851273044971,False,False
233,2026-08-27,12:00:52.926,67,4,139.84,1039.63,20.03,30.88,0.0,0.0,0.0,100.0,1007.758,0.005135613,0.01940918,1582.615,0.02379288,0.123291,24.06504,0.004155986,1498.669,0.001995164,6.787969,6.106209e-05,100,0,1,0,Kennfeld_v2 (18)_korrigiert.csv,C:\Users\nikla\OneDrive\Documents\01_Uni\01_Master\00_Masterarbeit\sim_par_ink_prop\laboratory_measurement_L-Com\measurement_data\Kennfeld_v2 (18)_korrigiert.csv,234,1230.38,2.273118873843853,6.174190087615208,7.056031469952372,0.0,84.49665956858857,100.0,2026-08-27 12:00:52.926,3.652895,2.000033333333333,False,5,0.23333722222222222,,True,1008.1532453106827,1577.2973267024233,ok,0.3952453106826397,0.3952453106826397,0.03922026028894235,0.03922026028894235,-5.317673297576675,5.317673297576675,-0.33600549075907127,0.33600549075907127,False,False
234,2026-08-27,12:02:52.928,68,4,139.84,1039.63,20.03,30.88,0.0,0.0,0.0,100.0,1007.771,0.00385179,0.01556396,1582.569,0.02028937,0.09936523,24.08165,0.004046951,1498.676,0.00176088,6.788091,5.212632e-05,100,0,1,0,Kennfeld_v2 (18)_korrigiert.csv,C:\Users\nikla\OneDrive\Documents\01_Uni\01_Master\00_Masterarbeit\sim_par_ink_prop\laboratory_measurement_L-Com\measurement_data\Kennfeld_v2 (18)_korrigiert.csv,235,1230.38,2.273118873843853,6.174190087615208,7.056031469952372,0.0,84.49665956858857,100.0,2026-08-27 12:02:52.928,3.686228888888889,2.000033333333333,False,5,0.2666711111111111,,True,1008.1470606748053,1577.3115347678902,ok,0.37606067480533056,0.37606067480533056,0.03731608419029031,0.03731608419029031,-5.25746523210978,5.25746523210978,-0.3322108061076503,0.3322108061076503,False,False
235,2026-08-27,12:04:52.930,69,4,139.84,1039.63,20.03,30.88,0.0,0.0,0.0,100.0,1007.78,0.003205211,0.01300049,1582.525,0.02179923,0.1118164,24.09851,0.004422459,1498.682,0.001572869,6.788206,5.625749e-05,100,0,1,0,Kennfeld_v2 (18)_korrigiert.csv,C:\Users\nikla\OneDrive\Documents\01_Uni\01_Master\00_Masterarbeit\sim_par_ink_prop\laboratory_measurement_L-Com\measurement_data\Kennfeld_v2 (18)_korrigiert.csv,236,1230.38,2.273118873843853,6.174190087615208,7.056031469952372,0.0,84.49665956858857,100.0,2026-08-27 12:04:52.930,3.7195627777777776,2.000033333333333,False,5,0.300005,,True,1008.1407829520525,1577.325932875269,ok,0.3607829520525456,0.3607829520525456,0.03579977297153601,0.03579977297153601,-5.199067124731073,5.199067124731073,-0.3285298573312316,0.3285298573312316,False,False
236,2026-08-27,12:06:52.932,70,4,139.84,1039.63,20.03,30.88,0.0,0.0,0.0,100.0,1007.789,0.004699713,0.01751709,1582.482,0.01620003,0.07958984,24.11589,0.004481826,1498.688,0.001967472,6.788321,4.186498e-05,100,0,1,0,Kennfeld_v2 (18)_korrigiert.csv,C:\Users\nikla\OneDrive\Documents\01_Uni\01_Master\00_Masterarbeit\sim_par_ink_prop\laboratory_measurement_L-Com\measurement_data\Kennfeld_v2 (18)_korrigiert.csv,237,1230.38,2.273118873843853,6.174190087615208,7.056031469952372,0.0,84.49665956858857,100.0,2026-08-27 12:06:52.932,3.7528966666666665,2.000033333333333,False,5,0.3333388888888889,,True,1008.1343116094386,1577.3407499324455,ok,0.34531160943856776,0.34531160943856776,0.034264276494243115,0.034264276494243115,-5.141250067554438,5.141250067554438,-0.3248852162333877,0.3248852162333877,False,False
237,2026-08-27,12:08:52.934,71,4,139.84,1039.63,20.03,30.88,0.0,0.0,0.0,100.0,1007.797,0.001830769,0.008361816,1582.443,0.01585989,0.07653809,24.134,0.004115753,1498.694,0.001136499,6.788424,4.092371e-05,100,1,1,1,Kennfeld_v2 (18)_korrigiert.csv,C:\Users\nikla\OneDrive\Documents\01_Uni\01_Master\00_Masterarbeit\sim_par_ink_prop\laboratory_measurement_L-Com\measurement_data\Kennfeld_v2 (18)_korrigiert.csv,238,1230.38,2.273118873843853,6.174190087615208,7.056031469952372,0.0,84.49665956858857,100.0,2026-08-27 12:08:52.934,3.7862305555555555,2.000033333333333,False,5,0.36667277777777774,,True,1008.1275684545787,1577.3561621928525,ok,0.3305684545787244,0.3305684545787244,0.03280109531768049,0.03280109531768049,-5.0868378071475036,5.0868378071475036,-0.3214547258351488,0.3214547258351488,False,False
238,2026-08-27,12:10:52.936,72,4,139.84,1039.63,20.03,30.88,0.0,0.0,0.0,100.0,1007.802,0.00192561,0.009399414,1582.411,0.01296699,0.0592041,24.15187,0.004627725,1498.699,0.001259114,6.788511,3.370699e-05,100,1,1,1,Kennfeld_v2 (18)_korrigiert.csv,C:\Users\nikla\OneDrive\Documents\01_Uni\01_Master\00_Masterarbeit\sim_par_ink_prop\laboratory_measurement_L-Com\measurement_data\Kennfeld_v2 (18)_korrigiert.csv,239,1230.38,2.273118873843853,6.174190087615208,7.056031469952372,0.0,84.49665956858857,100.0,2026-08-27 12:10:52.936,3.8195644444444445,2.000033333333333,False,5,0.4000066666666666,,True,1008.1209146613826,1577.3713430302967,ok,0.3189146613825642,0.3189146613825642,0.031644575162835975,0.031644575162835975,-5.039656969703401,5.039656969703401,-0.3184796471778445,0.3184796471778445,False,False
239,2026-08-27,12:12:52.938,73,4,139.84,1039.63,20.03,30.88,0.0,0.0,0.0,100.0,1007.806,0.002295436,0.01074219,1582.38,0.01444358,0.07983398,24.16915,0.003999623,1498.703,0.001264963,6.788593,3.736272e-05,100,0,1,0,Kennfeld_v2 (18)_korrigiert.csv,C:\Users\nikla\OneDrive\Documents\01_Uni\01_Master\00_Masterarbeit\sim_par_ink_prop\laboratory_measurement_L-Com\measurement_data\Kennfeld_v2 (18)_korrigiert.csv,240,1230.38,2.273118873843853,6.174190087615208,7.056031469952372,0.0,84.49665956858857,100.0,2026-08-27 12:12:52.938,3.852898333333333,2.000033333333333,False,5,0.43334055555555556,,True,1008.1144805504323,1577.3859969667471,ok,0.3084805504322503,0.3084805504322503,0.03060912025054924,0.03060912025054924,-4.994003033252966,4.994003033252966,-0.3156007427579321,0.3156007427579321,False,False
240,2026-08-27,12:14:52.940,74,4,139.84,1039.63,20.03,30.88,0.0,0.0,0.0,100.0,1007.811,0.002366656,0.009338379,1582.346,0.01253073,0.06542969,24.18428,0.003594386,1498.707,0.00124016,6.788683,3.243233e-05,100,1,1,1,Kennfeld_v2 (18)_korrigiert.csv,C:\Users\nikla\OneDrive\Documents\01_Uni\01_Master\00_Masterarbeit\sim_par_ink_prop\laboratory_measurement_L-Com\measurement_data\Kennfeld_v2 (18)_korrigiert.csv,241,1230.38,2.273118873843853,6.174190087615208,7.056031469952372,0.0,84.49665956858857,100.0,2026-08-27 12:14:52.940,3.886232222222222,2.000033333333333,False,5,0.46667444444444445,,True,1008.1088469791725,1577.3988068914412,ok,0.2978469791725047,0.2978469791725047,0.0295538527732387,0.0295538527732387,-4.947193108558849,4.947193108558849,-0.31264926309156466,0.31264926309156466,False,False
241,2026-08-27,12:29:28.660,75,4,139.84,1190.05,20.03,30.88,0.0,0.0,0.0,100.0,1006.523,0.002606562,0.009460449,1572.904,0.01584699,0.09375,24.14592,0.006214582,1498.389,0.001976933,6.812799,4.120736e-05,100,1,1,1,Kennfeld_v2 (18)_korrigiert.csv,C:\Users\nikla\OneDrive\Documents\01_Uni\01_Master\00_Masterarbeit\sim_par_ink_prop\laboratory_measurement_L-Com\measurement_data\Kennfeld_v2 (18)_korrigiert.csv,242,1380.8,2.025492468134415,5.501593279258401,6.28736964078795,0.0,86.18554461181924,100.0,2026-08-27 12:29:28.660,4.129487777777778,14.595333333333334,False,6,0.0,,True,1006.8418778633945,1569.4773009897901,ok,0.31887786339450486,0.31887786339450486,0.031681130326331824,0.031681130326331824,-3.426699010209859,3.426699010209859,-0.21785811532107865,0.21785811532107865,False,False
242,2026-08-27,12:31:28.662,76,4,139.84,1190.05,20.03,30.88,0.0,0.0,0.0,100.0,1006.528,0.0009421117,0.004516602,1572.897,0.01693205,0.08752441,24.17264,0.006980374,1498.396,0.001612462,6.812823,4.358004e-05,100,1,1,1,Kennfeld_v2 (18)_korrigiert.csv,C:\Users\nikla\OneDrive\Documents\01_Uni\01_Master\00_Masterarbeit\sim_par_ink_prop\laboratory_measurement_L-Com\measurement_data\Kennfeld_v2 (18)_korrigiert.csv,243,1380.8,2.025492468134415,5.501593279258401,6.28736964078795,0.0,86.18554461181924,100.0,2026-08-27 12:31:28.662,4.162821666666667,2.000033333333333,False,6,0.033333888888888885,,True,1006.8321375060949,1569.5032406468993,ok,0.30413750609488943,0.30413750609488943,0.030216497315016515,0.030216497315016515,-3.393759353100677,3.393759353100677,-0.21576488181366466,0.21576488181366466,False,False
243,2026-08-27,12:33:28.664,77,4,139.84,1190.05,20.03,30.88,0.0,0.0,0.0,100.0,1006.529,0.0006919319,0.003356934,1572.893,0.01340803,0.06848145,24.20116,0.007279973,1498.402,0.001459352,6.812842,3.460486e-05,100,1,1,1,Kennfeld_v2 (18)_korrigiert.csv,C:\Users\nikla\OneDrive\Documents\01_Uni\01_Master\00_Masterarbeit\sim_par_ink_prop\laboratory_measurement_L-Com\measurement_data\Kennfeld_v2 (18)_korrigiert.csv,244,1380.8,2.025492468134415,5.501593279258401,6.28736964078795,0.0,86.18554461181924,100.0,2026-08-27 12:33:28.664,4.196155555555555,2.000033333333333,False,6,0.06666777777777777,,True,1006.8217409850122,1569.5308612024699,ok,0.2927409850121876,0.2927409850121876,0.029084207709086134,0.029084207709086134,-3.3621387975301786,3.3621387975301786,-0.21375508680693336,0.21375508680693336,False,False
244,2026-08-27,12:35:28.666,78,4,139.84,1190.05,20.03,30.88,0.0,0.0,0.0,100.0,1006.529,0.001180125,0.006652832,1572.892,0.01309005,0.07019043,24.22968,0.00677446,1498.407,0.001391177,6.812851,3.386598e-05,100,1,1,1,Kennfeld_v2 (18)_korrigiert.csv,C:\Users\nikla\OneDrive\Documents\01_Uni\01_Master\00_Masterarbeit\sim_par_ink_prop\laboratory_measurement_L-Com\measurement_data\Kennfeld_v2 (18)_korrigiert.csv,245,1380.8,2.025492468134415,5.501593279258401,6.28736964078795,0.0,86.18554461181924,100.0,2026-08-27 12:35:28.666,4.229489444444445,2.000033333333333,False,6,0.10000166666666666,,True,1006.8113444618758,1569.5584129890196,ok,0.28234446187582307,0.28234446187582307,0.028051299254748058,0.028051299254748058,-3.333587010980409,3.333587010980409,-0.21193998131978603,0.21193998131978603,False,False
245,2026-08-27,12:37:28.668,79,4,139.84,1190.05,20.03,30.88,0.0,0.0,0.0,100.0,1006.527,0.0008032036,0.00402832,1572.893,0.0128155,0.05822754,24.25664,0.006679885,1498.413,0.001273671,6.812857,3.29535e-05,100,1,1,1,Kennfeld_v2 (18)_korrigiert.csv,C:\Users\nikla\OneDrive\Documents\01_Uni\01_Master\00_Masterarbeit\sim_par_ink_prop\laboratory_measurement_L-Com\measurement_data\Kennfeld_v2 (18)_korrigiert.csv,246,1380.8,2.025492468134415,5.501593279258401,6.28736964078795,0.0,86.18554461181924,100.0,2026-08-27 12:37:28.668,4.262823333333333,2.000033333333333,False,6,0.13333555555555554,,True,1006.801516610627,1569.5843944435603,ok,0.27451661062696076,0.27451661062696076,0.027273645975414543,0.027273645975414543,-3.3086055564397157,3.3086055564397157,-0.21035159775265805,0.21035159775265805,False,False
246,2026-08-27,12:39:28.670,80,4,139.84,1190.05,20.03,30.88,0.0,0.0,0.0,100.0,1006.526,0.000801841,0.003417969,1572.905,0.01564525,0.07836914,24.28333,0.006361818,1498.418,0.001208586,6.812834,3.994069e-05,100,1,1,1,Kennfeld_v2 (18)_korrigiert.csv,C:\Users\nikla\OneDrive\Documents\01_Uni\01_Master\00_Masterarbeit\sim_par_ink_prop\laboratory_measurement_L-Com\measurement_data\Kennfeld_v2 (18)_korrigiert.csv,247,1380.8,2.025492468134415,5.501593279258401,6.28736964078795,0.0,86.18554461181924,100.0,2026-08-27 12:39:28.670,4.296157222222222,2.000033333333333,False,6,0.16666944444444445,,True,1006.7917871818975,1569.6100550486246,ok,0.26578718189750816,0.26578718189750816,0.026406390088036292,0.026406390088036292,-3.294944951375328,3.294944951375328,-0.20948149769854682,0.20948149769854682,False,False
247,2026-08-27,12:41:28.672,81,4,139.84,1190.05,20.03,30.88,0.0,0.0,0.0,100.0,1006.524,0.0009941226,0.004150391,1572.902,0.01221111,0.05725098,24.30818,0.006512607,1498.422,0.001225598,6.812848,3.173765e-05,100,1,1,1,Kennfeld_v2 (18)_korrigiert.csv,C:\Users\nikla\OneDrive\Documents\01_Uni\01_Master\00_Masterarbeit\sim_par_ink_prop\laboratory_measurement_L-Com\measurement_data\Kennfeld_v2 (18)_korrigiert.csv,248,1380.8,2.025492468134415,5.501593279258401,6.28736964078795,0.0,86.18554461181924,100.0,2026-08-27 12:41:28.672,4.329491111111111,2.000033333333333,False,6,0.2000033333333333,,True,1006.7827284952322,1569.6338923225892,ok,0.25872849523216246,0.25872849523216246,0.025705149130290234,0.025705149130290234,-3.2681076774108533,3.2681076774108533,-0.20777567053833318,0.20777567053833318,False,False
248,2026-08-27,12:43:28.674,82,4,139.84,1190.05,20.03,30.88,0.0,0.0,0.0,100.0,1006.521,0.0007858794,0.00390625,1572.905,0.014679,0.06628418,24.33399,0.006187133,1498.427,0.001141816,6.812846,3.733286e-05,100,1,1,1,Kennfeld_v2 (18)_korrigiert.csv,C:\Users\nikla\OneDrive\Documents\01_Uni\01_Master\00_Masterarbeit\sim_par_ink_prop\laboratory_measurement_L-Com\measurement_data\Kennfeld_v2 (18)_korrigiert.csv,249,1380.8,2.025492468134415,5.501593279258401,6.28736964078795,0.0,86.18554461181924,100.0,2026-08-27 12:43:28.674,4.362825,2.000033333333333,False,6,0.23333722222222222,,True,1006.7733198536284,1569.6585949910748,ok,0.2523198536284781,0.2523198536284781,0.0250685135857551,0.0250685135857551,-3.246405008925194,3.246405008925194,-0.20639549171279856,0.20639549171279856,False,False
249,2026-08-27,12:45:28.676,83,4,139.84,1190.05,20.03,30.88,0.0,0.0,0.0,100.0,1006.519,0.0008078663,0.00378418,1572.91,0.01339165,0.06347656,24.35845,0.006120002,1498.432,0.001126656,6.812841,3.411337e-05,100,1,1,1,Kennfeld_v2 (18)_korrigiert.csv,C:\Users\nikla\OneDrive\Documents\01_Uni\01_Master\00_Masterarbeit\sim_par_ink_prop\laboratory_measurement_L-Com\measurement_data\Kennfeld_v2 (18)_korrigiert.csv,250,1380.8,2.025492468134415,5.501593279258401,6.28736964078795,0.0,86.18554461181924,100.0,2026-08-27 12:45:28.676,4.396158888888889,2.000033333333333,False,6,0.2666711111111111,,True,1006.76440333237,1569.6819533578537,ok,0.24540333236996048,0.24540333236996048,0.02438139094939693,0.02438139094939693,-3.22804664214641,3.22804664214641,-0.20522767622727364,0.20522767622727364,False,False
250,2026-08-27,12:47:28.678,84,4,139.84,1190.05,20.03,30.88,0.0,0.0,0.0,100.0,1006.516,0.0009644364,0.003967285,1572.916,0.01386405,0.06323242,24.38303,0.005900832,1498.436,0.001062828,6.812832,3.574525e-05,100,1,1,1,Kennfeld_v2 (18)_korrigiert.csv,C:\Users\nikla\OneDrive\Documents\01_Uni\01_Master\00_Masterarbeit\sim_par_ink_prop\laboratory_measurement_L-Com\measurement_data\Kennfeld_v2 (18)_korrigiert.csv,251,1380.8,2.025492468134415,5.501593279258401,6.28736964078795,0.0,86.18554461181924,100.0,2026-08-27 12:47:28.678,4.429492777777778,2.000033333333333,False,6,0.300005,,True,1006.7554430654131,1569.7053750821533,ok,0.23944306541318383,0.23944306541318383,0.02378929549189321,0.02378929549189321,-3.210624917846644,3.210624917846644,-0.20411928658915315,0.20411928658915315,False,False
251,2026-08-27,12:49:28.680,85,4,139.84,1190.05,20.03,30.88,0.0,0.0,0.0,100.0,1006.513,0.0009610252,0.00378418,1572.926,0.01572629,0.0657959,24.40654,0.006249428,1498.44,0.001087224,6.812812,4.007301e-05,100,1,1,1,Kennfeld_v2 (18)_korrigiert.csv,C:\Users\nikla\OneDrive\Documents\01_Uni\01_Master\00_Masterarbeit\sim_par_ink_prop\laboratory_measurement_L-Com\measurement_data\Kennfeld_v2 (18)_korrigiert.csv,252,1380.8,2.025492468134415,5.501593279258401,6.28736964078795,0.0,86.18554461181924,100.0,2026-08-27 12:49:28.680,4.4628266666666665,2.000033333333333,False,6,0.3333388888888889,,True,1006.7468728493336,1569.727729129023,ok,0.23387284933357932,0.23387284933357932,0.023235949196242802,0.023235949196242802,-3.1982708709770122,3.1982708709770122,-0.20333257069798658,0.20333257069798658,False,False
252,2026-08-27,12:51:28.682,86,4,139.84,1190.05,20.03,30.88,0.0,0.0,0.0,100.0,1006.51,0.000746742,0.003112793,1572.926,0.01458739,0.07714844,24.43066,0.005638449,1498.445,0.00104403,6.81282,3.747283e-05,100,1,1,1,Kennfeld_v2 (18)_korrigiert.csv,C:\Users\nikla\OneDrive\Documents\01_Uni\01_Master\00_Masterarbeit\sim_par_ink_prop\laboratory_measurement_L-Com\measurement_data\Kennfeld_v2 (18)_korrigiert.csv,253,1380.8,2.025492468134415,5.501593279258401,6.28736964078795,0.0,86.18554461181924,100.0,2026-08-27 12:51:28.682,4.496160555555556,2.000033333333333,False,6,0.36667277777777774,,True,1006.7380802654995,1569.7506142672983,ok,0.22808026549955684,0.22808026549955684,0.022660506651653423,0.022660506651653423,-3.1753857327016703,3.1753857327016703,-0.20187763014291013,0.20187763014291013,False,False
253,2026-08-27,13:06:01.091,87,4,139.84,1291.3,20.03,30.88,0.0,0.0,0.0,100.0,1005.803,0.001202112,0.00604248,1567.517,0.0121305,0.06774902,24.41445,0.005812859,1498.271,0.001542292,6.826766,3.113324e-05,100,1,1,1,Kennfeld_v2 (18)_korrigiert.csv,C:\Users\nikla\OneDrive\Documents\01_Uni\01_Master\00_Masterarbeit\sim_par_ink_prop\laboratory_measurement_L-Com\measurement_data\Kennfeld_v2 (18)_korrigiert.csv,254,1482.05,1.8871158193043422,5.125737998043252,5.857832056948147,0.0,87.12931412570427,100.00000000000001,2026-08-27 13:06:01.091,4.738496388888889,14.54015,False,7,0.0,,True,1006.0190329037464,1565.0463758342617,ok,0.21603290374639528,0.21603290374639528,0.021478649770024078,0.021478649770024078,-2.4706241657384,2.4706241657384,-0.15761386739272362,0.15761386739272362,False,False
254,2026-08-27,13:08:01.093,88,4,139.84,1291.3,20.03,30.88,0.0,0.0,0.0,100.0,1005.802,0.000765722,0.003540039,1567.537,0.01230498,0.05407715,24.44064,0.007074848,1498.276,0.00139457,6.826721,3.183974e-05,100,1,1,1,Kennfeld_v2 (18)_korrigiert.csv,C:\Users\nikla\OneDrive\Documents\01_Uni\01_Master\00_Masterarbeit\sim_par_ink_prop\laboratory_measurement_L-Com\measurement_data\Kennfeld_v2 (18)_korrigiert.csv,255,1482.05,1.8871158193043422,5.125737998043252,5.857832056948147,0.0,87.12931412570427,100.00000000000001,2026-08-27 13:08:01.093,4.771830277777778,2.000033333333333,False,7,0.033333888888888885,,True,1006.0096268191407,1565.073058014797,ok,0.207626819140728,0.207626819140728,0.020642911740156412,0.020642911740156412,-2.463941985203064,2.463941985203064,-0.15718557107124514,0.15718557107124514,False,False
255,2026-08-27,13:10:01.095,89,4,139.84,1291.3,20.03,30.88,0.0,0.0,0.0,100.0,1005.8,0.001066891,0.004394531,1567.55,0.01357011,0.06726074,24.46758,0.007301413,1498.282,0.001375811,6.826695,3.481603e-05,100,1,1,1,Kennfeld_v2 (18)_korrigiert.csv,C:\Users\nikla\OneDrive\Documents\01_Uni\01_Master\00_Masterarbeit\sim_par_ink_prop\laboratory_measurement_L-Com\measurement_data\Kennfeld_v2 (18)_korrigiert.csv,256,1482.05,1.8871158193043422,5.125737998043252,5.857832056948147,0.0,87.12931412570427,100.00000000000001,2026-08-27 13:10:01.095,4.805164166666667,2.000033333333333,False,7,0.06666777777777777,,True,1005.9999513719093,1565.1004433316118,ok,0.1999513719093784,0.1999513719093784,0.019879834152851304,0.019879834152851304,-2.4495566683881407,2.4495566683881407,-0.15626657321221912,0.15626657321221912,False,False
256,2026-08-27,13:12:01.097,90,4,139.84,1291.3,20.03,30.88,0.0,0.0,0.0,100.0,1005.796,0.001238862,0.004760742,1567.572,0.01398873,0.05969238,24.49648,0.007206406,1498.287,0.001214495,6.826645,3.541948e-05,100,1,1,1,Kennfeld_v2 (18)_korrigiert.csv,C:\Users\nikla\OneDrive\Documents\01_Uni\01_Master\00_Masterarbeit\sim_par_ink_prop\laboratory_measurement_L-Com\measurement_data\Kennfeld_v2 (18)_korrigiert.csv,257,1482.05,1.8871158193043422,5.125737998043252,5.857832056948147,0.0,87.12931412570427,100.00000000000001,2026-08-27 13:12:01.097,4.838498055555556,2.000033333333333,False,7,0.10000166666666666,,True,1005.9895719927081,1565.1297522528296,ok,0.19357199270802994,0.19357199270802994,0.019245651474854734,0.019245651474854734,-2.4422477471703132,2.4422477471703132,-0.1557981226489318,0.1557981226489318,False,False
257,2026-08-27,13:14:01.099,91,4,139.84,1291.3,20.03,30.88,0.0,0.0,0.0,100.0,1005.792,0.001419132,0.00604248,1567.586,0.01267941,0.06005859,24.52512,0.006968256,1498.292,0.001166894,6.826616,3.240419e-05,100,1,1,1,Kennfeld_v2 (18)_korrigiert.csv,C:\Users\nikla\OneDrive\Documents\01_Uni\01_Master\00_Masterarbeit\sim_par_ink_prop\laboratory_measurement_L-Com\measurement_data\Kennfeld_v2 (18)_korrigiert.csv,258,1482.05,1.8871158193043422,5.125737998043252,5.857832056948147,0.0,87.12931412570427,100.00000000000001,2026-08-27 13:14:01.099,4.871831944444445,2.000033333333333,False,7,0.13333555555555554,,True,1005.9792859900829,1565.15872717528,ok,0.18728599008284164,0.18728599008284164,0.01862074763796507,0.01862074763796507,-2.427272824719921,2.427272824719921,-0.15484144568271987,0.15484144568271987,False,False
258,2026-08-27,13:16:01.101,92,4,139.84,1291.3,20.03,30.88,0.0,0.0,0.0,100.0,1005.787,0.001513436,0.006347656,1567.611,0.01216376,0.05212402,24.55324,0.006769849,1498.296,0.001103145,6.82656,3.090949e-05,100,1,1,1,Kennfeld_v2 (18)_korrigiert.csv,C:\Users\nikla\OneDrive\Documents\01_Uni\01_Master\00_Masterarbeit\sim_par_ink_prop\laboratory_measurement_L-Com\measurement_data\Kennfeld_v2 (18)_korrigiert.csv,259,1482.05,1.8871158193043422,5.125737998043252,5.857832056948147,0.0,87.12931412570427,100.00000000000001,2026-08-27 13:16:01.101,4.905165833333334,2.000033333333333,False,7,0.16666944444444445,,True,1005.9691867426277,1565.1871078418083,ok,0.182186742627664,0.182186742627664,0.01811384941619488,0.01811384941619488,-2.4238921581918476,2.4238921581918476,-0.15462331906269142,0.15462331906269142,False,False
259,2026-08-27,13:18:01.102,93,4,139.84,1291.3,20.03,30.88,0.0,0.0,0.0,100.0,1005.782,0.001232246,0.005371094,1567.628,0.01086307,0.05151367,24.5803,0.006741352,1498.301,0.001136049,6.826524,2.803858e-05,100,1,1,1,Kennfeld_v2 (18)_korrigiert.csv,C:\Users\nikla\OneDrive\Documents\01_Uni\01_Master\00_Masterarbeit\sim_par_ink_prop\laboratory_measurement_L-Com\measurement_data\Kennfeld_v2 (18)_korrigiert.csv,260,1482.05,1.8871158193043422,5.125737998043252,5.857832056948147,0.0,87.12931412570427,100.00000000000001,2026-08-27 13:18:01.102,4.938499444444445,2.0000166666666668,False,7,0.20000305555555556,,True,1005.959468190526,1565.2143548415381,ok,0.17746819052592855,0.17746819052592855,0.0176447968372797,0.0176447968372797,-2.4136451584618044,2.4136451584618044,-0.15396797955011038,0.15396797955011038,False,False
260,2026-08-27,13:20:01.105,94,4,139.84,1291.3,20.03,30.88,0.0,0.0,0.0,100.0,1005.778,0.00123442,0.004577637,1567.647,0.01344323,0.07836914,24.60681,0.006896921,1498.305,0.001164241,6.826481,3.401102e-05,100,1,1,1,Kennfeld_v2 (18)_korrigiert.csv,C:\Users\nikla\OneDrive\Documents\01_Uni\01_Master\00_Masterarbeit\sim_par_ink_prop\laboratory_measurement_L-Com\measurement_data\Kennfeld_v2 (18)_korrigiert.csv,261,1482.05,1.8871158193043422,5.125737998043252,5.857832056948147,0.0,87.12931412570427,100.00000000000001,2026-08-27 13:20:01.105,4.97183361111111,2.00005,False,7,0.23333722222222222,,True,1005.9499471683147,1565.2409872645871,ok,0.1719471683146594,0.1719471683146594,0.01709593651030937,0.01709593651030937,-2.406012735412787,2.406012735412787,-0.15347924216438952,0.15347924216438952,False,False
261,2026-08-27,13:35:26.034,95,4,139.84,1291.3,40.05,30.88,0.0,0.0,0.0,100.0,998.4217,1.177413,4.647644,1579.697,0.215463,1.045776,25.05732,0.002147197,1496.636,0.2947109,6.795662,0.0005490956,100,0,1,0,Kennfeld_v2 (18)_korrigiert.csv,C:\Users\nikla\OneDrive\Documents\01_Uni\01_Master\00_Masterarbeit\sim_par_ink_prop\laboratory_measurement_L-Com\measurement_data\Kennfeld_v2 (18)_korrigiert.csv,262,1502.07,1.8619638232572386,6.390248124255195,5.779757268303076,0.0,85.96803078418449,100.0,2026-08-27 13:35:26.034,5.228758333333333,15.415483333333333,False,8,0.0,,True,1003.5974747019462,1575.1843777946224,ok,5.175774701946239,5.175774701946239,0.5183956540554195,0.5183956540554195,-4.512622205377511,4.512622205377511,-0.2856637826986765,0.2856637826986765,True,False
262,2026-08-27,13:37:26.036,96,4,139.84,1291.3,40.05,30.88,0.0,0.0,0.0,100.0,998.1389,3.546128,23.86377,1579.54,0.2134487,0.8392334,25.06363,0.005517705,1496.586,0.7634662,6.796064,0.0005447504,100,0,1,0,Kennfeld_v2 (18)_korrigiert.csv,C:\Users\nikla\OneDrive\Documents\01_Uni\01_Master\00_Masterarbeit\sim_par_ink_prop\laboratory_measurement_L-Com\measurement_data\Kennfeld_v2 (18)_korrigiert.csv,263,1502.07,1.8619638232572386,6.390248124255195,5.779757268303076,0.0,85.96803078418449,100.0,2026-08-27 13:37:26.036,5.262092222222222,2.000033333333333,False,8,0.033333888888888885,,True,1003.5950257873931,1575.1901709765166,ok,5.456125787393034,5.456125787393034,0.5466299116679085,0.5466299116679085,-4.34982902348338,4.34982902348338,-0.2753858100132558,0.2753858100132558,True,False
263,2026-08-27,13:39:26.038,97,4,139.84,1291.3,40.05,30.88,0.0,0.0,0.0,100.0,997.5163,4.124504,10.72961,1579.168,0.2372605,1.19812,25.09175,0.01399573,inf,,6.797018,0.0006063515,100,0,1,0,Kennfeld_v2 (18)_korrigiert.csv,C:\Users\nikla\OneDrive\Documents\01_Uni\01_Master\00_Masterarbeit\sim_par_ink_prop\laboratory_measurement_L-Com\measurement_data\Kennfeld_v2 (18)_korrigiert.csv,264,1502.07,1.8619638232572386,6.390248124255195,5.779757268303076,0.0,85.96803078418449,100.0,2026-08-27 13:39:26.038,5.295426111111111,2.000033333333333,False,8,0.06666777777777777,,True,1003.5841123985059,1575.2159556070649,ok,6.067812398505907,6.067812398505907,0.608292054827165,0.608292054827165,-3.952044392935022,3.952044392935022,-0.25026117505769,0.25026117505769,True,False
264,2026-08-27,13:41:26.040,98,4,139.84,1291.3,40.05,30.88,0.0,0.0,0.0,100.0,1003.158,0.2078162,0.8266602,1578.859,0.03403857,0.1494141,25.10394,0.003074304,1497.777,0.05019562,6.797812,8.728453e-05,100,0,1,0,Kennfeld_v2 (18)_korrigiert.csv,C:\Users\nikla\OneDrive\Documents\01_Uni\01_Master\00_Masterarbeit\sim_par_ink_prop\laboratory_measurement_L-Com\measurement_data\Kennfeld_v2 (18)_korrigiert.csv,265,1502.07,1.8619638232572386,6.390248124255195,5.779757268303076,0.0,85.96803078418449,100.0,2026-08-27 13:41:26.040,5.32876,2.000033333333333,False,8,0.10000166666666666,,True,1003.579381451651,1575.2271168665657,ok,0.42138145165097285,0.42138145165097285,0.042005491821923646,0.042005491821923646,-3.6318831334342576,3.6318831334342576,-0.230032139249563,0.230032139249563,False,False
265,2026-08-27,13:43:26.042,99,4,139.84,1291.3,40.05,30.88,0.0,0.0,0.0,100.0,1003.355,0.01279202,0.05084229,1578.76,0.02479294,0.1334229,25.11826,0.00378313,1497.828,0.003857912,6.798066,6.377453e-05,100,0,1,0,Kennfeld_v2 (18)_korrigiert.csv,C:\Users\nikla\OneDrive\Documents\01_Uni\01_Master\00_Masterarbeit\sim_par_ink_prop\laboratory_measurement_L-Com\measurement_data\Kennfeld_v2 (18)_korrigiert.csv,266,1502.07,1.8619638232572386,6.390248124255195,5.779757268303076,0.0,85.96803078418449,100.0,2026-08-27 13:43:26.042,5.362093888888889,2.000033333333333,False,8,0.13333555555555554,,True,1003.5738238500107,1575.240215721995,ok,0.2188238500107218,0.2188238500107218,0.021809215084463804,0.021809215084463804,-3.5197842780050905,3.5197842780050905,-0.22294612721408513,0.22294612721408513,False,False
266,2026-08-27,13:45:26.044,100,4,139.84,1291.3,40.05,30.88,0.0,0.0,0.0,100.0,1003.396,0.006248953,0.02435303,1578.693,0.0264815,0.1240234,25.13394,0.003727533,1497.841,0.002412654,6.798244,6.827441e-05,100,0,1,0,Kennfeld_v2 (18)_korrigiert.csv,C:\Users\nikla\OneDrive\Documents\01_Uni\01_Master\00_Masterarbeit\sim_par_ink_prop\laboratory_measurement_L-Com\measurement_data\Kennfeld_v2 (18)_korrigiert.csv,267,1502.07,1.8619638232572386,6.390248124255195,5.779757268303076,0.0,85.96803078418449,100.0,2026-08-27 13:45:26.044,5.395427777777778,2.000033333333333,False,8,0.16666944444444445,,True,1003.5677384309436,1575.2545429199092,ok,0.17173843094360564,0.17173843094360564,0.01711571811563985,0.01711571811563985,-3.438457080090757,3.438457080090757,-0.21780403663605,0.21780403663605,False,False
267,2026-08-27,13:47:26.046,101,4,139.84,1291.3,40.05,30.88,0.0,0.0,0.0,100.0,1003.414,0.00520153,0.01959229,1578.636,0.0172367,0.07958984,25.15089,0.004534562,1497.849,0.002081285,6.798392,4.424367e-05,100,0,1,0,Kennfeld_v2 (18)_korrigiert.csv,C:\Users\nikla\OneDrive\Documents\01_Uni\01_Master\00_Masterarbeit\sim_par_ink_prop\laboratory_measurement_L-Com\measurement_data\Kennfeld_v2 (18)_korrigiert.csv,268,1502.07,1.8619638232572386,6.390248124255195,5.779757268303076,0.0,85.96803078418449,100.0,2026-08-27 13:47:26.046,5.428761666666667,2.000033333333333,False,8,0.2000033333333333,,True,1003.5611601233785,1575.2700120959564,ok,0.14716012337851225,0.14716012337851225,0.014665942809100954,0.014665942809100954,-3.36598790404355,3.36598790404355,-0.2132212811594028,0.2132212811594028,False,False
268,2026-08-27,13:49:26.048,102,4,139.84,1291.3,40.05,30.88,0.0,0.0,0.0,100.0,1003.429,0.003885525,0.01617432,1578.588,0.01949052,0.09936523,25.16793,0.003872251,1497.856,0.001517583,6.798519,5.031991e-05,100,0,1,0,Kennfeld_v2 (18)_korrigiert.csv,C:\Users\nikla\OneDrive\Documents\01_Uni\01_Master\00_Masterarbeit\sim_par_ink_prop\laboratory_measurement_L-Com\measurement_data\Kennfeld_v2 (18)_korrigiert.csv,269,1502.07,1.8619638232572386,6.390248124255195,5.779757268303076,0.0,85.96803078418449,100.0,2026-08-27 13:49:26.048,5.462095555555556,2.000033333333333,False,8,0.23333722222222222,,True,1003.5545468861169,1575.2855440725082,ok,0.125546886116922,0.125546886116922,0.012511785698531935,0.012511785698531935,-3.302455927491792,3.302455927491792,-0.20920315671294804,0.20920315671294804,False,False
269,2026-08-27,13:51:26.050,103,4,139.84,1291.3,40.05,30.88,0.0,0.0,0.0,100.0,1003.44,0.003785599,0.01513672,1578.537,0.01854485,0.1046143,25.18564,0.004557659,1497.862,0.001696909,6.798653,4.795061e-05,100,0,1,0,Kennfeld_v2 (18)_korrigiert.csv,C:\Users\nikla\OneDrive\Documents\01_Uni\01_Master\00_Masterarbeit\sim_par_ink_prop\laboratory_measurement_L-Com\measurement_data\Kennfeld_v2 (18)_korrigiert.csv,270,1502.07,1.8619638232572386,6.390248124255195,5.779757268303076,0.0,85.96803078418449,100.0,2026-08-27 13:51:26.050,5.495429444444444,2.000033333333333,False,8,0.2666711111111111,,True,1003.5476736206648,1575.3016661930762,ok,0.10767362066474107,0.10767362066474107,0.010730449320810518,0.010730449320810518,-3.2353338069237907,3.2353338069237907,-0.20495774295590097,0.20495774295590097,False,False
270,2026-08-27,14:08:15.893,104,4,139.84,1291.3,40.05,30.88,3.37,0.0,0.0,100.0,1004.203,0.002361809,0.01190186,1578.248,0.01404796,0.0760498,25.15128,0.005041541,1498.037,0.0018972,6.799383,3.642451e-05,100,0,1,0,Kennfeld_v2 (18)_korrigiert.csv,C:\Users\nikla\OneDrive\Documents\01_Uni\01_Master\00_Masterarbeit\sim_par_ink_prop\laboratory_measurement_L-Com\measurement_data\Kennfeld_v2 (18)_korrigiert.csv,271,1505.4399999999998,1.857795727494952,6.375943245828463,5.766819003082157,0.22385481985333194,85.77558720374111,100.00000000000001,2026-08-27 14:08:15.893,5.775941388888889,16.830716666666667,False,9,0.0,,True,1004.2399438524907,1575.1194898127708,ok,0.036943852490708196,0.036943852490708196,0.0036789227368080155,0.0036789227368080155,-3.128510187229267,3.128510187229267,-0.19822677977284095,0.19822677977284095,False,False
271,2026-08-27,14:10:15.895,105,4,139.84,1291.3,40.05,30.88,3.37,0.0,0.0,100.0,1004.208,0.002770877,0.01239014,1578.227,0.01340109,0.07836914,25.17373,0.005465664,1498.043,0.001780391,6.799442,3.496696e-05,100,0,1,0,Kennfeld_v2 (18)_korrigiert.csv,C:\Users\nikla\OneDrive\Documents\01_Uni\01_Master\00_Masterarbeit\sim_par_ink_prop\laboratory_measurement_L-Com\measurement_data\Kennfeld_v2 (18)_korrigiert.csv,272,1505.4399999999998,1.857795727494952,6.375943245828463,5.766819003082157,0.22385481985333194,85.77558720374111,100.00000000000001,2026-08-27 14:10:15.895,5.809275277777778,2.000033333333333,False,9,0.033333888888888885,,True,1004.2312429672324,1575.1399953681428,ok,0.023242967232476985,0.023242967232476985,0.0023145570671093026,0.0023145570671093026,-3.087004631857326,3.087004631857326,-0.19559953237761904,0.19559953237761904,False,False
272,2026-08-27,14:12:15.897,106,4,139.84,1291.3,40.05,30.88,3.37,0.0,0.0,100.0,1004.214,0.001345925,0.006164551,1578.212,0.009973949,0.04187012,25.1976,0.005611912,1498.05,0.001313331,6.799486,2.540741e-05,100,1,1,1,Kennfeld_v2 (18)_korrigiert.csv,C:\Users\nikla\OneDrive\Documents\01_Uni\01_Master\00_Masterarbeit\sim_par_ink_prop\laboratory_measurement_L-Com\measurement_data\Kennfeld_v2 (18)_korrigiert.csv,273,1505.4399999999998,1.857795727494952,6.375943245828463,5.766819003082157,0.22385481985333194,85.77558720374111,100.00000000000001,2026-08-27 14:12:15.897,5.842609166666667,2.000033333333333,False,9,0.06666777777777777,,True,1004.2219917350201,1575.1617609853306,ok,0.00799173502002759,0.00799173502002759,0.0007958199168730559,0.0007958199168730559,-3.050239014669387,3.050239014669387,-0.193271817390147,0.193271817390147,False,False
273,2026-08-27,14:14:15.899,107,4,139.84,1291.3,40.05,30.88,3.37,0.0,0.0,100.0,1004.216,0.001253998,0.00567627,1578.201,0.01065429,0.05432129,25.22013,0.00606688,1498.055,0.001365643,6.79952,2.7959e-05,100,1,1,1,Kennfeld_v2 (18)_korrigiert.csv,C:\Users\nikla\OneDrive\Documents\01_Uni\01_Master\00_Masterarbeit\sim_par_ink_prop\laboratory_measurement_L-Com\measurement_data\Kennfeld_v2 (18)_korrigiert.csv,274,1505.4399999999998,1.857795727494952,6.375943245828463,5.766819003082157,0.22385481985333194,85.77558720374111,100.00000000000001,2026-08-27 14:14:15.899,5.875943055555556,2.000033333333333,False,9,0.10000166666666666,,True,1004.2132598416836,1575.1822697677733,ok,-0.0027401583164419208,0.0027401583164419208,-0.0002728654309871502,0.0002728654309871502,-3.018730232226744,3.018730232226744,-0.1912766645203459,0.1912766645203459,False,False
274,2026-08-27,14:16:15.901,108,4,139.84,1291.3,40.05,30.88,3.37,0.0,0.0,100.0,1004.216,0.001078963,0.005493164,1578.19,0.01026975,0.06005859,25.24269,0.005420948,1498.06,0.001086592,6.799556,2.684666e-05,100,1,1,1,Kennfeld_v2 (18)_korrigiert.csv,C:\Users\nikla\OneDrive\Documents\01_Uni\01_Master\00_Masterarbeit\sim_par_ink_prop\laboratory_measurement_L-Com\measurement_data\Kennfeld_v2 (18)_korrigiert.csv,275,1505.4399999999998,1.857795727494952,6.375943245828463,5.766819003082157,0.22385481985333194,85.77558720374111,100.00000000000001,2026-08-27 14:16:15.901,5.909276944444445,2.000033333333333,False,9,0.13333555555555554,,True,1004.204516320012,1575.2027717978933,ok,-0.011483679988032236,0.011483679988032236,-0.0011435468054713563,0.0011435468054713563,-2.987228202106735,2.987228202106735,-0.1892819116904007,0.1892819116904007,False,False
275,2026-08-27,14:18:15.904,109,4,139.84,1291.3,40.05,30.88,3.37,0.0,0.0,100.0,1004.216,0.001081367,0.005310059,1578.177,0.007822455,0.03540039,25.26428,0.00534294,1498.065,0.001035315,6.799594,2.04883e-05,100,1,1,1,Kennfeld_v2 (18)_korrigiert.csv,C:\Users\nikla\OneDrive\Documents\01_Uni\01_Master\00_Masterarbeit\sim_par_ink_prop\laboratory_measurement_L-Com\measurement_data\Kennfeld_v2 (18)_korrigiert.csv,276,1505.4399999999998,1.857795727494952,6.375943245828463,5.766819003082157,0.22385481985333194,85.77558720374111,100.00000000000001,2026-08-27 14:18:15.904,5.942611111111112,2.00005,False,9,0.1666697222222222,,True,1004.1961487375366,1575.2223603660334,ok,-0.019851262463362218,0.019851262463362218,-0.001976792090881067,0.001976792090881067,-2.954639633966508,2.954639633966508,-0.18721852073414505,0.18721852073414505,False,False
276,2026-08-27,14:20:15.906,110,4,139.84,1291.3,40.05,30.88,3.37,0.0,0.0,100.0,1004.214,0.0008207405,0.004272461,1578.169,0.008649745,0.04614258,25.28482,0.00505279,1498.069,0.0009930265,6.799619,2.249808e-05,100,1,1,1,Kennfeld_v2 (18)_korrigiert.csv,C:\Users\nikla\OneDrive\Documents\01_Uni\01_Master\00_Masterarbeit\sim_par_ink_prop\laboratory_measurement_L-Com\measurement_data\Kennfeld_v2 (18)_korrigiert.csv,277,1505.4399999999998,1.857795727494952,6.375943245828463,5.766819003082157,0.22385481985333194,85.77558720374111,100.00000000000001,2026-08-27 14:20:15.906,5.975944999999999,2.000033333333333,False,9,0.20000361111111112,,True,1004.1881880998269,1575.2409672411543,ok,-0.025811900173152935,0.025811900173152935,-0.002570358526484687,0.002570358526484687,-2.928032758845802,2.928032758845802,-0.18553353657598154,0.18553353657598154,False,False
277,2026-08-27,14:22:15.908,111,4,139.84,1291.3,40.05,30.88,3.37,0.0,0.0,100.0,1004.213,0.001003242,0.004577637,1578.162,0.007517869,0.03613281,25.30532,0.00501062,1498.073,0.0009528872,6.799644,1.94371e-05,100,1,1,1,Kennfeld_v2 (18)_korrigiert.csv,C:\Users\nikla\OneDrive\Documents\01_Uni\01_Master\00_Masterarbeit\sim_par_ink_prop\laboratory_measurement_L-Com\measurement_data\Kennfeld_v2 (18)_korrigiert.csv,278,1505.4399999999998,1.857795727494952,6.375943245828463,5.766819003082157,0.22385481985333194,85.77558720374111,100.00000000000001,2026-08-27 14:22:15.908,6.009278888888889,2.000033333333333,False,9,0.2333375,,True,1004.1802429637335,1575.2595096318462,ok,-0.03275703626650284,0.03275703626650284,-0.003261960985020393,0.003261960985020393,-2.902490368153849,2.902490368153849,-0.1839158697366841,0.1839158697366841,False,False
278,2026-08-27,14:24:15.909,112,4,139.84,1291.3,40.05,30.88,3.37,0.0,0.0,100.0,1004.211,0.001021508,0.005126953,1578.157,0.006913732,0.03149414,25.32588,0.005326676,1498.077,0.0009964968,6.799662,1.787039e-05,100,1,1,1,Kennfeld_v2 (18)_korrigiert.csv,C:\Users\nikla\OneDrive\Documents\01_Uni\01_Master\00_Masterarbeit\sim_par_ink_prop\laboratory_measurement_L-Com\measurement_data\Kennfeld_v2 (18)_korrigiert.csv,279,1505.4399999999998,1.857795727494952,6.375943245828463,5.766819003082157,0.22385481985333194,85.77558720374111,100.00000000000001,2026-08-27 14:24:15.909,6.0426125,2.0000166666666668,False,9,0.2666711111111111,,True,1004.1722745724935,1575.2780779224922,ok,-0.038725427506506094,0.038725427506506094,-0.003856303855116713,0.003856303855116713,-2.8789220775076956,2.8789220775076956,-0.18242304647178295,0.18242304647178295,False,False
279,2026-08-27,14:26:15.911,113,4,139.84,1291.3,40.05,30.88,3.37,0.0,0.0,100.0,1004.208,0.0007647563,0.003967285,1578.154,0.006161806,0.02539063,25.3471,0.005209036,1498.08,0.0009474481,6.799675,1.622449e-05,100,1,1,1,Kennfeld_v2 (18)_korrigiert.csv,C:\Users\nikla\OneDrive\Documents\01_Uni\01_Master\00_Masterarbeit\sim_par_ink_prop\laboratory_measurement_L-Com\measurement_data\Kennfeld_v2 (18)_korrigiert.csv,280,1505.4399999999998,1.857795727494952,6.375943245828463,5.766819003082157,0.22385481985333194,85.77558720374111,100.00000000000001,2026-08-27 14:26:15.911,6.075946388888888,2.000033333333333,False,9,0.300005,,True,1004.1640503854485,1575.2972124558278,ok,-0.0439496145514795,0.0439496145514795,-0.0043765449539815955,0.0043765449539815955,-2.856787544172221,2.856787544172221,-0.18102083473299949,0.18102083473299949,False,False
280,2026-08-28,09:24:47.478,1,100,0.0,100.0,0.0,0.0,0.0,0.0,0.0,100.0,997.1459,0.001029862,0.004516602,1495.13,0.01033392,0.03552246,24.41928,0.003673789,1496.188,0.0005354408,7.023179,2.841405e-05,100,1,1,1,Kennfeld_v2 (18)_korrigiert.csv,C:\Users\nikla\OneDrive\Documents\01_Uni\01_Master\00_Masterarbeit\sim_par_ink_prop\laboratory_measurement_L-Com\measurement_data\Kennfeld_v2 (18)_korrigiert.csv,281,100.0,0.0,0.0,0.0,0.0,100.0,100.0,2026-08-28 09:24:47.478,5545.160060555555,72037.90643333334,True,3,0.0,,True,997.1835656000001,1495.1276181574926,ok,0.03766560000008212,0.03766560000008212,0.003777340908695721,0.003777340908695721,-0.002381842507475085,0.002381842507475085,-0.0001593067163039391,0.0001593067163039391,False,False
281,2026-08-28,09:26:47.480,2,100,0.0,100.0,0.0,0.0,0.0,0.0,0.0,100.0,997.1419,0.001120339,0.004577637,1495.168,0.01056075,0.04296875,24.43292,0.003660773,1496.19,0.0005346095,7.023075,2.906131e-05,100,1,1,1,Kennfeld_v2 (18)_korrigiert.csv,C:\Users\nikla\OneDrive\Documents\01_Uni\01_Master\00_Masterarbeit\sim_par_ink_prop\laboratory_measurement_L-Com\measurement_data\Kennfeld_v2 (18)_korrigiert.csv,282,100.0,0.0,0.0,0.0,0.0,100.0,100.0,2026-08-28 09:26:47.480,5545.1933944444445,2.000033333333333,False,3,0.033333888888888885,,True,997.1804283999999,1495.164646849916,ok,0.03852839999990465,0.03852839999990465,0.0038638833650360745,0.0038638833650360745,-0.0033531500839671935,0.0033531500839671935,-0.0002242657737436324,0.0002242657737436324,False,False
282,2026-08-28,09:28:47.482,3,100,0.0,100.0,0.0,0.0,0.0,0.0,0.0,100.0,997.1376,0.001096816,0.004516602,1495.212,0.01071971,0.04187012,24.44825,0.003885302,1496.192,0.0005715027,7.022954,2.942699e-05,100,1,1,1,Kennfeld_v2 (18)_korrigiert.csv,C:\Users\nikla\OneDrive\Documents\01_Uni\01_Master\00_Masterarbeit\sim_par_ink_prop\laboratory_measurement_L-Com\measurement_data\Kennfeld_v2 (18)_korrigiert.csv,283,100.0,0.0,0.0,0.0,0.0,100.0,100.0,2026-08-28 09:28:47.482,5545.226728333333,2.000033333333333,False,3,0.06666777777777777,,True,997.1769024999999,1495.206244505865,ok,0.039302499999848806,0.039302499999848806,0.003941532241874021,0.003941532241874021,-0.00575549413497356,0.00575549413497356,-0.0003849283001322595,0.0003849283001322595,False,False
283,2026-08-28,09:30:47.484,4,100,0.0,100.0,0.0,0.0,0.0,0.0,0.0,100.0,997.1336,0.001262005,0.004638672,1495.251,0.01343475,0.04382324,24.46218,0.00440396,1496.194,0.000681639,7.022845,3.700981e-05,100,1,1,1,Kennfeld_v2 (18)_korrigiert.csv,C:\Users\nikla\OneDrive\Documents\01_Uni\01_Master\00_Masterarbeit\sim_par_ink_prop\laboratory_measurement_L-Com\measurement_data\Kennfeld_v2 (18)_korrigiert.csv,284,100.0,0.0,0.0,0.0,0.0,100.0,100.0,2026-08-28 09:30:47.484,5545.260062222222,2.000033333333333,False,3,0.10000166666666666,,True,997.1736986,1495.2440259324187,ok,0.04009859999996479,0.04009859999996479,0.004021386903416432,0.004021386903416432,-0.006974067581268173,0.006974067581268173,-0.0004664145070806288,0.0004664145070806288,False,False
284,2026-08-28,09:32:47.486,5,100,0.0,100.0,0.0,0.0,0.0,0.0,0.0,100.0,997.1296,0.001268975,0.004577637,1495.288,0.009735289,0.03930664,24.47622,0.003547772,1496.196,0.000501211,7.022744,2.671767e-05,100,1,1,1,Kennfeld_v2 (18)_korrigiert.csv,C:\Users\nikla\OneDrive\Documents\01_Uni\01_Master\00_Masterarbeit\sim_par_ink_prop\laboratory_measurement_L-Com\measurement_data\Kennfeld_v2 (18)_korrigiert.csv,285,100.0,0.0,0.0,0.0,0.0,100.0,100.0,2026-08-28 09:32:47.486,5545.293396111111,2.000033333333333,False,3,0.13333555555555554,,True,997.1704694000001,1495.282088973815,ok,0.04086940000013328,0.04086940000013328,0.004098704922623226,0.004098704922623226,-0.0059110261850037205,0.0059110261850037205,-0.0003953102134842064,0.0003953102134842064,False,False
285,2026-08-28,10:00:20.392,6,101,0.0,0.0,0.0,0.0,0.0,0.0,0.0,100.0,997.1259,0.001191923,0.005310059,1495.33,0.02838921,0.2703857,24.48933,0.004228312,1496.198,0.0006390525,7.022629,7.999863e-05,100,1,0,0,Kennfeld_v2 (18)_korrigiert.csv,C:\Users\nikla\OneDrive\Documents\01_Uni\01_Master\00_Masterarbeit\sim_par_ink_prop\laboratory_measurement_L-Com\measurement_data\Kennfeld_v2 (18)_korrigiert.csv,286,0.0,,,,,,,2026-08-28 10:00:20.392,5545.976531388889,288040.75858333334,True,3,0.0,ungültige Einwaage,False,,,skipped,,,,,,,,,False,False
286,2026-08-28,10:02:20.394,7,101,0.0,0.0,0.0,0.0,0.0,0.0,0.0,100.0,997.1259,0.001191923,0.005310059,1495.33,0.02838921,0.2703857,24.48933,0.004228312,1496.198,0.0006390525,7.022629,7.999863e-05,100,1,0,0,Kennfeld_v2 (18)_korrigiert.csv,C:\Users\nikla\OneDrive\Documents\01_Uni\01_Master\00_Masterarbeit\sim_par_ink_prop\laboratory_measurement_L-Com\measurement_data\Kennfeld_v2 (18)_korrigiert.csv,287,0.0,,,,,,,2026-08-28 10:02:20.394,5546.009865277778,2.000033333333333,False,3,0.033333888888888885,ungültige Einwaage,False,,,skipped,,,,,,,,,False,False
287,2026-08-28,10:11:02.995,8,5,90.53,909.5,0.0,0.0,0.0,0.0,0.0,100.0,1004.247,0.003263978,0.01312256,1545.125,0.01317991,0.06323242,24.95557,0.003110597,1498.007,0.001360134,6.885703,3.508912e-05,100,0,1,0,Kennfeld_v2 (18)_korrigiert.csv,C:\Users\nikla\OneDrive\Documents\01_Uni\01_Master\00_Masterarbeit\sim_par_ink_prop\laboratory_measurement_L-Com\measurement_data\Kennfeld_v2 (18)_korrigiert.csv,288,1000.03,1.810545683629491,3.6210913672589826,3.6210913672589826,0.0,90.94727158185255,100.0,2026-08-28 10:11:02.995,0.0,,False,1,0.0,,True,1005.5142643089725,1542.7560664661075,ok,1.2672643089725852,1.2672643089725852,0.12619049984441927,0.12619049984441927,-2.3689335338924593,2.3689335338924593,-0.15331662706204735,0.15331662706204735,False,False
288,2026-08-28,10:13:02.997,9,5,90.53,909.5,0.0,0.0,0.0,0.0,0.0,100.0,1004.254,0.001395056,0.005981445,1545.125,0.01136028,0.05310059,24.96773,0.003027856,1498.012,0.0008076932,6.885708,3.031487e-05,100,1,1,1,Kennfeld_v2 (18)_korrigiert.csv,C:\Users\nikla\OneDrive\Documents\01_Uni\01_Master\00_Masterarbeit\sim_par_ink_prop\laboratory_measurement_L-Com\measurement_data\Kennfeld_v2 (18)_korrigiert.csv,289,1000.03,1.810545683629491,3.6210913672589826,3.6210913672589826,0.0,90.94727158185255,100.0,2026-08-28 10:13:02.997,0.033333888888888885,2.000033333333333,False,1,0.033333888888888885,,True,1005.5104565870838,1542.7760967593092,ok,1.2564565870837896,1.2564565870837896,0.12511342619335244,0.12511342619335244,-2.348903240690788,2.348903240690788,-0.1520202728381709,0.1520202728381709,False,False
289,2026-08-28,10:15:02.999,10,5,90.53,909.5,0.0,0.0,0.0,0.0,0.0,100.0,1004.257,0.001117127,0.005187988,1545.133,0.01245403,0.06982422,24.98028,0.003771347,1498.015,0.0009243626,6.885691,3.270728e-05,100,1,1,1,Kennfeld_v2 (18)_korrigiert.csv,C:\Users\nikla\OneDrive\Documents\01_Uni\01_Master\00_Masterarbeit\sim_par_ink_prop\laboratory_measurement_L-Com\measurement_data\Kennfeld_v2 (18)_korrigiert.csv,290,1000.03,1.810545683629491,3.6210913672589826,3.6210913672589826,0.0,90.94727158185255,100.0,2026-08-28 10:15:02.999,0.06666777777777777,2.000033333333333,False,1,0.06666777777777777,,True,1005.5065267419208,1542.7967560057045,ok,1.2495267419208176,1.2495267419208176,0.12442300545784771,0.12442300545784771,-2.3362439942955007,2.3362439942955007,-0.15120018757579448,0.15120018757579448,False,False
290,2026-08-28,10:17:03.001,11,5,90.53,909.5,0.0,0.0,0.0,0.0,0.0,100.0,1004.258,0.001036132,0.004882812,1545.173,0.02380729,0.09643555,24.99618,0.004499258,1498.019,0.001078029,6.885589,6.23744e-05,100,1,1,1,Kennfeld_v2 (18)_korrigiert.csv,C:\Users\nikla\OneDrive\Documents\01_Uni\01_Master\00_Masterarbeit\sim_par_ink_prop\laboratory_measurement_L-Com\measurement_data\Kennfeld_v2 (18)_korrigiert.csv,291,1000.03,1.810545683629491,3.6210913672589826,3.6210913672589826,0.0,90.94727158185255,100.0,2026-08-28 10:17:03.001,0.10000166666666666,2.000033333333333,False,1,0.10000166666666666,,True,1005.5015478933669,1542.8229102202076,ok,1.2435478933668946,1.2435478933668946,0.12382753170668241,0.12382753170668241,-2.35008977979237,2.35008977979237,-0.15209234045588227,0.15209234045588227,False,False
291,2026-08-28,10:19:03.003,12,5,90.53,909.5,0.0,0.0,0.0,0.0,0.0,100.0,1004.26,0.001331343,0.00769043,1545.201,0.01395706,0.07250977,25.01133,0.003429224,1498.022,0.0007736919,6.885518,3.703267e-05,100,1,1,1,Kennfeld_v2 (18)_korrigiert.csv,C:\Users\nikla\OneDrive\Documents\01_Uni\01_Master\00_Masterarbeit\sim_par_ink_prop\laboratory_measurement_L-Com\measurement_data\Kennfeld_v2 (18)_korrigiert.csv,292,1000.03,1.810545683629491,3.6210913672589826,3.6210913672589826,0.0,90.94727158185255,100.0,2026-08-28 10:19:03.003,0.13333555555555554,2.000033333333333,False,1,0.13333555555555554,,True,1005.4966622210226,1542.847812167674,ok,1.2366622210225842,1.2366622210225842,0.12314163872130565,0.12314163872130565,-2.353187832326057,2.353187832326057,-0.152290079564151,0.152290079564151,False,False
292,2026-08-28,10:21:03.005,13,5,90.53,909.5,0.0,0.0,0.0,0.0,0.0,100.0,1004.262,0.0007749931,0.004760742,1545.2,0.01173072,0.0501709,25.02415,0.00302171,1498.025,0.0006998827,6.885524,3.141189e-05,100,1,1,1,Kennfeld_v2 (18)_korrigiert.csv,C:\Users\nikla\OneDrive\Documents\01_Uni\01_Master\00_Masterarbeit\sim_par_ink_prop\laboratory_measurement_L-Com\measurement_data\Kennfeld_v2 (18)_korrigiert.csv,293,1000.03,1.810545683629491,3.6210913672589826,3.6210913672589826,0.0,90.94727158185255,100.0,2026-08-28 10:21:03.005,0.16666944444444445,2.000033333333333,False,1,0.16666944444444445,,True,1005.4924875217052,1542.8688724447654,ok,1.2304875217052995,1.2304875217052995,0.1225265440398322,0.1225265440398322,-2.331127555234616,2.331127555234616,-0.15086251328207456,0.15086251328207456,False,False
293,2026-08-28,10:23:03.007,14,5,90.53,909.5,0.0,0.0,0.0,0.0,0.0,100.0,1004.263,0.0009880165,0.004272461,1545.202,0.01263011,0.06188965,25.03624,0.003199688,1498.028,0.0007485321,6.885522,3.362369e-05,100,1,1,1,Kennfeld_v2 (18)_korrigiert.csv,C:\Users\nikla\OneDrive\Documents\01_Uni\01_Master\00_Masterarbeit\sim_par_ink_prop\laboratory_measurement_L-Com\measurement_data\Kennfeld_v2 (18)_korrigiert.csv,294,1000.03,1.810545683629491,3.6210913672589826,3.6210913672589826,0.0,90.94727158185255,100.0,2026-08-28 10:23:03.007,0.2000033333333333,2.000033333333333,False,1,0.2000033333333333,,True,1005.4885505388876,1542.8887235065883,ok,1.2255505388875463,1.2255505388875463,0.12203481945342468,0.12203481945342468,-2.3132764934116494,2.3132764934116494,-0.1497070605274682,0.1497070605274682,False,False
294,2026-08-28,10:25:03.009,15,5,90.53,909.5,0.0,0.0,0.0,0.0,0.0,100.0,1004.262,0.001029109,0.005432129,1545.206,0.01141117,0.05786133,25.05002,0.003411956,1498.031,0.000675977,6.885513,3.03345e-05,100,1,1,1,Kennfeld_v2 (18)_korrigiert.csv,C:\Users\nikla\OneDrive\Documents\01_Uni\01_Master\00_Masterarbeit\sim_par_ink_prop\laboratory_measurement_L-Com\measurement_data\Kennfeld_v2 (18)_korrigiert.csv,295,1000.03,1.810545683629491,3.6210913672589826,3.6210913672589826,0.0,90.94727158185255,100.0,2026-08-28 10:25:03.009,0.23333722222222222,2.000033333333333,False,1,0.23333722222222222,,True,1005.4840632246784,1542.9113376100731,ok,1.2220632246784362,1.2220632246784362,0.12168768953504526,0.12168768953504526,-2.2946623899267706,2.2946623899267706,-0.1485020372640781,0.1485020372640781,False,False
295,2026-08-28,10:27:03.011,16,5,90.53,909.5,0.0,0.0,0.0,0.0,0.0,100.0,1004.263,0.0009137811,0.004638672,1545.215,0.01215453,0.05969238,25.0636,0.003342895,1498.034,0.000656882,6.885495,3.243927e-05,100,1,1,1,Kennfeld_v2 (18)_korrigiert.csv,C:\Users\nikla\OneDrive\Documents\01_Uni\01_Master\00_Masterarbeit\sim_par_ink_prop\laboratory_measurement_L-Com\measurement_data\Kennfeld_v2 (18)_korrigiert.csv,296,1000.03,1.810545683629491,3.6210913672589826,3.6210913672589826,0.0,90.94727158185255,100.0,2026-08-28 10:27:03.011,0.2666711111111111,2.000033333333333,False,1,0.2666711111111111,,True,1005.4796410379172,1542.9336111521743,ok,1.2166410379171566,1.2166410379171566,0.12114765135399358,0.12114765135399358,-2.2813888478256104,2.2813888478256104,-0.1476421629239692,0.1476421629239692,False,False
296,2026-08-28,10:29:03.013,17,5,90.53,909.5,0.0,0.0,0.0,0.0,0.0,100.0,1004.265,0.0009237159,0.005004883,1545.203,0.01077309,0.05224609,25.0743,0.002720046,1498.036,0.0006616548,6.885529,2.874068e-05,100,1,1,1,Kennfeld_v2 (18)_korrigiert.csv,C:\Users\nikla\OneDrive\Documents\01_Uni\01_Master\00_Masterarbeit\sim_par_ink_prop\laboratory_measurement_L-Com\measurement_data\Kennfeld_v2 (18)_korrigiert.csv,297,1000.03,1.810545683629491,3.6210913672589826,3.6210913672589826,0.0,90.94727158185255,100.0,2026-08-28 10:29:03.013,0.300005,2.000033333333333,False,1,0.300005,,True,1005.4761566930797,1542.9511523608498,ok,1.2111566930797153,1.2111566930797153,0.1206013047432416,0.1206013047432416,-2.251847639150128,2.251847639150128,-0.1457315083616928,0.1457315083616928,False,False
297,2026-08-28,10:31:03.015,18,5,90.53,909.5,0.0,0.0,0.0,0.0,0.0,100.0,1004.264,0.0008123144,0.004455566,1545.211,0.01349023,0.06323242,25.08686,0.003406729,1498.039,0.0007367851,6.885511,3.557325e-05,100,1,1,1,Kennfeld_v2 (18)_korrigiert.csv,C:\Users\nikla\OneDrive\Documents\01_Uni\01_Master\00_Masterarbeit\sim_par_ink_prop\laboratory_measurement_L-Com\measurement_data\Kennfeld_v2 (18)_korrigiert.csv,298,1000.03,1.810545683629491,3.6210913672589826,3.6210913672589826,0.0,90.94727158185255,100.0,2026-08-28 10:31:03.015,0.3333388888888889,2.000033333333333,False,1,0.3333388888888889,,True,1005.4720666580148,1542.9717330716594,ok,1.2080666580147863,1.2080666580147863,0.1202937333225911,0.1202937333225911,-2.239266928340612,2.239266928340612,-0.14491657957007892,0.14491657957007892,False,False
298,2026-08-28,10:33:03.017,19,5,90.53,909.5,0.0,0.0,0.0,0.0,0.0,100.0,1004.264,0.001330817,0.006103516,1545.218,0.01154376,0.05334473,25.09972,0.003459717,1498.041,0.0006237373,6.885496,3.07545e-05,100,1,1,1,Kennfeld_v2 (18)_korrigiert.csv,C:\Users\nikla\OneDrive\Documents\01_Uni\01_Master\00_Masterarbeit\sim_par_ink_prop\laboratory_measurement_L-Com\measurement_data\Kennfeld_v2 (18)_korrigiert.csv,299,1000.03,1.810545683629491,3.6210913672589826,3.6210913672589826,0.0,90.94727158185255,100.0,2026-08-28 10:33:03.017,0.36667277777777774,2.000033333333333,False,1,0.36667277777777774,,True,1005.4678789306082,1542.9927944809422,ok,1.203878930608198,1.203878930608198,0.11987673864722802,0.11987673864722802,-2.2252055190579085,2.2252055190579085,-0.14400592790518285,0.14400592790518285,False,False
299,2026-08-28,10:35:03.019,20,5,90.53,909.5,0.0,0.0,0.0,0.0,0.0,100.0,1004.264,0.0006981351,0.003112793,1545.222,0.01064679,0.0534668,25.11229,0.002675061,1498.044,0.0005662215,6.885489,2.823062e-05,100,1,1,1,Kennfeld_v2 (18)_korrigiert.csv,C:\Users\nikla\OneDrive\Documents\01_Uni\01_Master\00_Masterarbeit\sim_par_ink_prop\laboratory_measurement_L-Com\measurement_data\Kennfeld_v2 (18)_korrigiert.csv,300,1000.03,1.810545683629491,3.6210913672589826,3.6210913672589826,0.0,90.94727158185255,100.0,2026-08-28 10:35:03.019,0.4000066666666666,2.000033333333333,False,1,0.4000066666666666,,True,1005.4637856383213,1543.0133703002898,ok,1.1997856383212593,1.1997856383212593,0.11946914738766493,0.11946914738766493,-2.2086296997101726,2.2086296997101726,-0.1429328406992764,0.1429328406992764,False,False
300,2026-08-28,10:37:03.021,21,5,90.53,909.5,0.0,0.0,0.0,0.0,0.0,100.0,1004.265,0.0008900638,0.004211426,1545.23,0.01118492,0.0534668,25.12297,0.003214425,1498.046,0.0008155794,6.885471,2.948482e-05,100,1,1,1,Kennfeld_v2 (18)_korrigiert.csv,C:\Users\nikla\OneDrive\Documents\01_Uni\01_Master\00_Masterarbeit\sim_par_ink_prop\laboratory_measurement_L-Com\measurement_data\Kennfeld_v2 (18)_korrigiert.csv,301,1000.03,1.810545683629491,3.6210913672589826,3.6210913672589826,0.0,90.94727158185255,100.0,2026-08-28 10:37:03.021,0.43334055555555556,2.000033333333333,False,1,0.43334055555555556,,True,1005.4603078049366,1543.0308441083077,ok,1.1953078049366468,1.1953078049366468,0.11902314677267921,0.11902314677267921,-2.1991558916922713,2.1991558916922713,-0.14231900051722213,0.14231900051722213,False,False
301,2026-08-28,10:39:03.023,22,5,90.53,909.5,0.0,0.0,0.0,0.0,0.0,100.0,1004.265,0.00075728,0.003479004,1545.233,0.01201355,0.06311035,25.13546,0.003348095,1498.049,0.0006707419,6.885466,3.169859e-05,100,1,1,1,Kennfeld_v2 (18)_korrigiert.csv,C:\Users\nikla\OneDrive\Documents\01_Uni\01_Master\00_Masterarbeit\sim_par_ink_prop\laboratory_measurement_L-Com\measurement_data\Kennfeld_v2 (18)_korrigiert.csv,302,1000.03,1.810545683629491,3.6210913672589826,3.6210913672589826,0.0,90.94727158185255,100.0,2026-08-28 10:39:03.023,0.46667444444444445,2.000033333333333,False,1,0.46667444444444445,,True,1005.456240563086,1543.0512696553735,ok,1.1912405630860121,1.1912405630860121,0.11861814989928078,0.11861814989928078,-2.1817303446264305,2.1817303446264305,-0.14119102715424992,0.14119102715424992,False,False
302,2026-08-28,10:53:56.908,23,5,90.53,909.5,0.0,0.0,2.39,0.0,0.0,100.0,1005.051,0.00152948,0.007568359,1545.469,0.0115975,0.05285645,25.08747,0.002813718,1498.228,0.001161256,6.884825,3.063132e-05,100,1,1,1,Kennfeld_v2 (18)_korrigiert.csv,C:\Users\nikla\OneDrive\Documents\01_Uni\01_Master\00_Masterarbeit\sim_par_ink_prop\laboratory_measurement_L-Com\measurement_data\Kennfeld_v2 (18)_korrigiert.csv,303,1002.42,1.8062289259990822,3.612457851998165,3.612457851998165,0.23842301630055268,90.73043235370405,100.00000000000001,2026-08-28 10:53:56.908,0.7149758333333334,14.898083333333334,False,2,0.0,,True,1006.1942833567139,1542.8660762148959,ok,1.1432833567138232,1.1432833567138232,0.11375376540233512,0.11375376540233512,-2.602923785104167,2.602923785104167,-0.1684229049630997,0.1684229049630997,False,False
303,2026-08-28,10:55:56.910,24,5,90.53,909.5,0.0,0.0,2.39,0.0,0.0,100.0,1005.051,0.002276278,0.01049805,1545.493,0.01100849,0.05480957,25.10681,0.006021285,1498.233,0.001464985,6.884765,2.836717e-05,100,0,1,0,Kennfeld_v2 (18)_korrigiert.csv,C:\Users\nikla\OneDrive\Documents\01_Uni\01_Master\00_Masterarbeit\sim_par_ink_prop\laboratory_measurement_L-Com\measurement_data\Kennfeld_v2 (18)_korrigiert.csv,304,1002.42,1.8062289259990822,3.612457851998165,3.612457851998165,0.23842301630055268,90.73043235370405,100.00000000000001,2026-08-28 10:55:56.910,0.7483097222222223,2.000033333333333,False,2,0.033333888888888885,,True,1006.1879919798876,1542.8977968278978,ok,1.1369919798875117,1.1369919798875117,0.11312778952386611,0.11312778952386611,-2.595203172102174,2.595203172102174,-0.16792073287308154,0.16792073287308154,False,False
304,2026-08-28,10:57:56.912,25,5,90.53,909.5,0.0,0.0,2.39,0.0,0.0,100.0,1005.049,0.002057339,0.009338379,1545.523,0.01292374,0.07592773,25.1318,0.005969288,1498.238,0.00130355,6.884694,3.348734e-05,100,1,1,1,Kennfeld_v2 (18)_korrigiert.csv,C:\Users\nikla\OneDrive\Documents\01_Uni\01_Master\00_Masterarbeit\sim_par_ink_prop\laboratory_measurement_L-Com\measurement_data\Kennfeld_v2 (18)_korrigiert.csv,305,1002.42,1.8062289259990822,3.612457851998165,3.612457851998165,0.23842301630055268,90.73043235370405,100.00000000000001,2026-08-28 10:57:56.912,0.7816436111111111,2.000033333333333,False,2,0.06666777777777777,,True,1006.1798626345817,1542.9387474189625,ok,1.1308626345817174,1.1308626345817174,0.11251815927200738,0.11251815927200738,-2.58425258103739,2.58425258103739,-0.16720893710655813,0.16720893710655813,False,False
305,2026-08-28,10:59:56.914,26,5,90.53,909.5,0.0,0.0,2.39,0.0,0.0,100.0,1005.047,0.001772671,0.009155273,1545.552,0.01248956,0.05480957,25.15436,0.00506271,1498.242,0.00123683,6.88462,3.239745e-05,100,1,1,1,Kennfeld_v2 (18)_korrigiert.csv,C:\Users\nikla\OneDrive\Documents\01_Uni\01_Master\00_Masterarbeit\sim_par_ink_prop\laboratory_measurement_L-Com\measurement_data\Kennfeld_v2 (18)_korrigiert.csv,306,1002.42,1.8062289259990822,3.612457851998165,3.612457851998165,0.23842301630055268,90.73043235370405,100.00000000000001,2026-08-28 10:59:56.914,0.8149774999999999,2.000033333333333,False,2,0.10000166666666666,,True,1006.1725237762671,1542.975680251732,ok,1.1255237762670731,1.1255237762670731,0.11198717833763726,0.11198717833763726,-2.576319748267906,2.576319748267906,-0.16669253110007987,0.16669253110007987,False,False
306,2026-08-28,11:01:56.916,27,5,90.53,909.5,0.0,0.0,2.39,0.0,0.0,100.0,1005.043,0.001451048,0.00793457,1545.575,0.01015994,0.04736328,25.17431,0.00439227,1498.245,0.000859249,6.884567,2.668911e-05,100,1,1,1,Kennfeld_v2 (18)_korrigiert.csv,C:\Users\nikla\OneDrive\Documents\01_Uni\01_Master\00_Masterarbeit\sim_par_ink_prop\laboratory_measurement_L-Com\measurement_data\Kennfeld_v2 (18)_korrigiert.csv,307,1002.42,1.8062289259990822,3.612457851998165,3.612457851998165,0.23842301630055268,90.73043235370405,100.00000000000001,2026-08-28 11:01:56.916,0.8483113888888888,2.000033333333333,False,2,0.13333555555555554,,True,1006.1660339601613,1543.0083119652204,ok,1.1230339601612513,1.1230339601612513,0.11173989174206987,0.11173989174206987,-2.566688034779645,2.566688034779645,-0.16606687056788866,0.16606687056788866,False,False
307,2026-08-28,11:03:56.918,28,5,90.53,909.5,0.0,0.0,2.39,0.0,0.0,100.0,1005.04,0.002557887,0.01104736,1545.592,0.00973182,0.05578613,25.19112,0.003606149,1498.248,0.0005620472,6.884524,2.567186e-05,100,0,1,0,Kennfeld_v2 (18)_korrigiert.csv,C:\Users\nikla\OneDrive\Documents\01_Uni\01_Master\00_Masterarbeit\sim_par_ink_prop\laboratory_measurement_L-Com\measurement_data\Kennfeld_v2 (18)_korrigiert.csv,308,1002.42,1.8062289259990822,3.612457851998165,3.612457851998165,0.23842301630055268,90.73043235370405,100.00000000000001,2026-08-28 11:03:56.918,0.8816452777777777,2.000033333333333,False,2,0.16666944444444445,,True,1006.1605655979173,1543.0357870182052,ok,1.1205655979173343,1.1205655979173343,0.11149462687229707,0.11149462687229707,-2.5562129817949426,2.5562129817949426,-0.16538730672745086,0.16538730672745086,False,False
308,2026-08-28,11:05:56.920,29,5,90.53,909.5,0.0,0.0,2.39,0.0,0.0,100.0,1005.039,0.002327606,0.009338379,1545.612,0.0112787,0.05822754,25.20688,0.004572446,1498.252,0.0008147956,6.884476,2.926938e-05,100,1,1,1,Kennfeld_v2 (18)_korrigiert.csv,C:\Users\nikla\OneDrive\Documents\01_Uni\01_Master\00_Masterarbeit\sim_par_ink_prop\laboratory_measurement_L-Com\measurement_data\Kennfeld_v2 (18)_korrigiert.csv,309,1002.42,1.8062289259990822,3.612457851998165,3.612457851998165,0.23842301630055268,90.73043235370405,100.00000000000001,2026-08-28 11:05:56.920,0.9149791666666667,2.000033333333333,False,2,0.2000033333333333,,True,1006.1554388042482,1543.0615287426724,ok,1.1164388042482187,1.1164388042482187,0.11108412750631753,0.11108412750631753,-2.550471257327672,2.550471257327672,-0.16501368113910037,0.16501368113910037,False,False
309,2026-08-28,11:07:56.922,30,5,90.53,909.5,0.0,0.0,2.39,0.0,0.0,100.0,1005.036,0.003631212,0.0201416,1545.63,0.01147116,0.05786133,25.22342,0.003493756,1498.255,0.0008684619,6.884433,3.031245e-05,100,0,1,0,Kennfeld_v2 (18)_korrigiert.csv,C:\Users\nikla\OneDrive\Documents\01_Uni\01_Master\00_Masterarbeit\sim_par_ink_prop\laboratory_measurement_L-Com\measurement_data\Kennfeld_v2 (18)_korrigiert.csv,310,1002.42,1.8062289259990822,3.612457851998165,3.612457851998165,0.23842301630055268,90.73043235370405,100.00000000000001,2026-08-28 11:07:56.922,0.9483130555555556,2.000033333333333,False,2,0.23333722222222222,,True,1006.1500582725478,1543.0885266147222,ok,1.1140582725478225,1.1140582725478225,0.1108475987474899,0.1108475987474899,-2.541473385277868,2.541473385277868,-0.16442961027398975,0.16442961027398975,False,False
310,2026-08-28,11:09:56.924,31,5,90.53,909.5,0.0,0.0,2.39,0.0,0.0,100.0,1005.034,0.002216371,0.01092529,1545.653,0.01238933,0.06188965,25.24018,0.004482643,1498.258,0.001020968,6.884377,3.23833e-05,100,0,1,0,Kennfeld_v2 (18)_korrigiert.csv,C:\Users\nikla\OneDrive\Documents\01_Uni\01_Master\00_Masterarbeit\sim_par_ink_prop\laboratory_measurement_L-Com\measurement_data\Kennfeld_v2 (18)_korrigiert.csv,311,1002.42,1.8062289259990822,3.612457851998165,3.612457851998165,0.23842301630055268,90.73043235370405,100.00000000000001,2026-08-28 11:09:56.924,0.9816469444444444,2.000033333333333,False,2,0.2666711111111111,,True,1006.1446061731043,1543.1158649045697,ok,1.1106061731043155,1.1106061731043155,0.1105043384705707,0.1105043384705707,-2.537135095430358,2.537135095430358,-0.16414648665841286,0.16414648665841286,False,False
311,2026-08-28,11:11:56.926,32,5,90.53,909.5,0.0,0.0,2.39,0.0,0.0,100.0,1005.033,0.002788489,0.01153564,1545.7,0.03013474,0.1097412,25.25892,0.005132464,1498.261,0.0009367566,6.884256,7.88761e-05,100,0,1,0,Kennfeld_v2 (18)_korrigiert.csv,C:\Users\nikla\OneDrive\Documents\01_Uni\01_Master\00_Masterarbeit\sim_par_ink_prop\laboratory_measurement_L-Com\measurement_data\Kennfeld_v2 (18)_korrigiert.csv,312,1002.42,1.8062289259990822,3.612457851998165,3.612457851998165,0.23842301630055268,90.73043235370405,100.00000000000001,2026-08-28 11:11:56.926,1.0149808333333334,2.000033333333333,False,2,0.300005,,True,1006.1385099702485,1543.146410609674,ok,1.1055099702484767,1.1055099702484767,0.10999738021024949,0.10999738021024949,-2.553589390326124,2.553589390326124,-0.16520601606560936,0.16520601606560936,False,False
312,2026-08-28,11:13:56.928,33,5,90.53,909.5,0.0,0.0,2.39,0.0,0.0,100.0,1005.025,0.004053538,0.02032471,1545.768,0.01927193,0.09228516,25.27788,0.004381686,1498.263,0.0009962891,6.88408,5.054508e-05,100,0,1,0,Kennfeld_v2 (18)_korrigiert.csv,C:\Users\nikla\OneDrive\Documents\01_Uni\01_Master\00_Masterarbeit\sim_par_ink_prop\laboratory_measurement_L-Com\measurement_data\Kennfeld_v2 (18)_korrigiert.csv,313,1002.42,1.8062289259990822,3.612457851998165,3.612457851998165,0.23842301630055268,90.73043235370405,100.00000000000001,2026-08-28 11:13:56.928,1.0483147222222222,2.000033333333333,False,2,0.3333388888888889,,True,1006.1323421993977,1543.1772909440251,ok,1.107342199397749,1.107342199397749,0.11018056261264636,0.11018056261264636,-2.590709055974912,2.590709055974912,-0.16760012213831002,0.16760012213831002,False,False
313,2026-08-28,11:15:56.930,34,5,90.53,909.5,0.0,0.0,2.39,0.0,0.0,100.0,1005.022,0.004005397,0.01745605,1545.799,0.01775384,0.1195068,25.29475,0.003889924,1498.266,0.001168119,6.884003,4.721256e-05,100,0,1,0,Kennfeld_v2 (18)_korrigiert.csv,C:\Users\nikla\OneDrive\Documents\01_Uni\01_Master\00_Masterarbeit\sim_par_ink_prop\laboratory_measurement_L-Com\measurement_data\Kennfeld_v2 (18)_korrigiert.csv,314,1002.42,1.8062289259990822,3.612457851998165,3.612457851998165,0.23842301630055268,90.73043235370405,100.00000000000001,2026-08-28 11:15:56.930,1.081648611111111,2.000033333333333,False,2,0.36667277777777774,,True,1006.1268543137965,1543.2047469939027,ok,1.1048543137964089,1.1048543137964089,0.1099333461154491,0.1099333461154491,-2.594253006097233,2.594253006097233,-0.1678260243471003,0.1678260243471003,False,False
314,2026-08-28,11:17:56.932,35,5,90.53,909.5,0.0,0.0,2.39,0.0,0.0,100.0,1005.016,0.004883116,0.0223999,1545.821,0.01892981,0.1071777,25.31048,0.003929927,1498.267,0.001249208,6.88395,5.007778e-05,100,0,1,0,Kennfeld_v2 (18)_korrigiert.csv,C:\Users\nikla\OneDrive\Documents\01_Uni\01_Master\00_Masterarbeit\sim_par_ink_prop\laboratory_measurement_L-Com\measurement_data\Kennfeld_v2 (18)_korrigiert.csv,315,1002.42,1.8062289259990822,3.612457851998165,3.612457851998165,0.23842301630055268,90.73043235370405,100.00000000000001,2026-08-28 11:17:56.932,1.1149825,2.000033333333333,False,2,0.4000066666666666,,True,1006.1217372744868,1543.2303304665938,ok,1.1057372744868417,1.1057372744868417,0.11002185780990967,0.11002185780990967,-2.5906695334060714,2.5906695334060714,-0.167591819066119,0.167591819066119,False,False
315,2026-08-28,11:19:56.934,36,5,90.53,909.5,0.0,0.0,2.39,0.0,0.0,100.0,1005.018,0.005439193,0.02557373,1545.839,0.01591908,0.08874512,25.32706,0.003882853,1498.271,0.001896607,6.883905,4.245298e-05,100,0,1,0,Kennfeld_v2 (18)_korrigiert.csv,C:\Users\nikla\OneDrive\Documents\01_Uni\01_Master\00_Masterarbeit\sim_par_ink_prop\laboratory_measurement_L-Com\measurement_data\Kennfeld_v2 (18)_korrigiert.csv,316,1002.42,1.8062289259990822,3.612457851998165,3.612457851998165,0.23842301630055268,90.73043235370405,100.00000000000001,2026-08-28 11:19:56.934,1.148316388888889,2.000033333333333,False,2,0.43334055555555556,,True,1006.1163437255942,1543.2572783897551,ok,1.0983437255941908,1.0983437255941908,0.10928597553418852,0.10928597553418852,-2.581721610244813,2.581721610244813,-0.1670110283312048,0.1670110283312048,False,False
316,2026-08-28,11:21:56.936,37,5,90.53,909.5,0.0,0.0,2.39,0.0,0.0,100.0,1005.018,0.005237775,0.0246582,1545.853,0.0215256,0.09802246,25.34261,0.003673527,1498.275,0.001448881,6.883872,5.678336e-05,100,0,1,0,Kennfeld_v2 (18)_korrigiert.csv,C:\Users\nikla\OneDrive\Documents\01_Uni\01_Master\00_Masterarbeit\sim_par_ink_prop\laboratory_measurement_L-Com\measurement_data\Kennfeld_v2 (18)_korrigiert.csv,317,1002.42,1.8062289259990822,3.612457851998165,3.612457851998165,0.23842301630055268,90.73043235370405,100.00000000000001,2026-08-28 11:21:56.936,1.1816502777777778,2.000033333333333,False,2,0.46667444444444445,,True,1006.1112852396241,1543.2825354264635,ok,1.0932852396240378,1.0932852396240378,0.10878265261159878,0.10878265261159878,-2.570464573536583,2.570464573536583,-0.16628130705420133,0.16628130705420133,False,False
317,2026-08-28,11:32:52.830,38,5,90.53,909.5,0.0,0.0,2.39,0.0,0.0,100.0,1005.024,0.004063435,0.01403809,1545.916,0.01336237,0.07336426,25.45109,0.001500529,1498.298,0.001829015,6.883733,3.565923e-05,100,0,1,0,Kennfeld_v2 (18)_korrigiert.csv,C:\Users\nikla\OneDrive\Documents\01_Uni\01_Master\00_Masterarbeit\sim_par_ink_prop\laboratory_measurement_L-Com\measurement_data\Kennfeld_v2 (18)_korrigiert.csv,318,1002.42,1.8062289259990822,3.612457851998165,3.612457851998165,0.23842301630055268,90.73043235370405,100.00000000000001,2026-08-28 11:32:52.830,1.3638430555555556,10.931566666666667,False,2,0.6488672222222223,,True,1006.0759961808483,1543.4582803944647,ok,1.0519961808482776,1.0519961808482776,0.10467373722898932,0.10467373722898932,-2.4577196055352033,2.4577196055352033,-0.15898144566297284,0.15898144566297284,False,False
318,2026-08-28,11:34:52.832,39,5,90.53,909.5,0.0,0.0,2.39,0.0,0.0,100.0,1005.033,0.001162051,0.005187988,1545.898,0.007212135,0.03405762,25.4656,0.004943701,1498.304,0.001339966,6.883786,1.935669e-05,100,1,1,1,Kennfeld_v2 (18)_korrigiert.csv,C:\Users\nikla\OneDrive\Documents\01_Uni\01_Master\00_Masterarbeit\sim_par_ink_prop\laboratory_measurement_L-Com\measurement_data\Kennfeld_v2 (18)_korrigiert.csv,319,1002.42,1.8062289259990822,3.612457851998165,3.612457851998165,0.23842301630055268,90.73043235370405,100.00000000000001,2026-08-28 11:34:52.832,1.3971769444444446,2.000033333333333,False,2,0.6822011111111111,,True,1006.0712760063839,1543.4817273353135,ok,1.0382760063838532,1.0382760063838532,0.10330765321973041,0.10330765321973041,-2.416272664686403,2.416272664686403,-0.15630220523517097,0.15630220523517097,False,False
319,2026-08-28,11:36:52.834,40,5,90.53,909.5,0.0,0.0,2.39,0.0,0.0,100.0,1005.034,0.001035308,0.00604248,1545.901,0.009056441,0.04309082,25.48853,0.00635784,1498.309,0.001229962,6.883784,2.357145e-05,100,1,1,1,Kennfeld_v2 (18)_korrigiert.csv,C:\Users\nikla\OneDrive\Documents\01_Uni\01_Master\00_Masterarbeit\sim_par_ink_prop\laboratory_measurement_L-Com\measurement_data\Kennfeld_v2 (18)_korrigiert.csv,320,1002.42,1.8062289259990822,3.612457851998165,3.612457851998165,0.23842301630055268,90.73043235370405,100.00000000000001,2026-08-28 11:36:52.834,1.4305108333333334,2.000033333333333,False,2,0.715535,,True,1006.0638167631944,1543.5187512471157,ok,1.0298167631943898,1.0298167631943898,0.10246586316427005,0.10246586316427005,-2.3822487528843794,2.3822487528843794,-0.15410099048285622,0.15410099048285622,False,False
320,2026-08-28,11:38:52.836,41,5,90.53,909.5,0.0,0.0,2.39,0.0,0.0,100.0,1005.034,0.0005940743,0.003417969,1545.902,0.007156111,0.03308105,25.5125,0.005184858,1498.314,0.0009843734,6.883788,1.910536e-05,100,1,1,1,Kennfeld_v2 (18)_korrigiert.csv,C:\Users\nikla\OneDrive\Documents\01_Uni\01_Master\00_Masterarbeit\sim_par_ink_prop\laboratory_measurement_L-Com\measurement_data\Kennfeld_v2 (18)_korrigiert.csv,321,1002.42,1.8062289259990822,3.612457851998165,3.612457851998165,0.23842301630055268,90.73043235370405,100.00000000000001,2026-08-28 11:38:52.836,1.4638447222222224,2.000033333333333,False,2,0.7488688888888888,,True,1006.056019201182,1543.5574163316867,ok,1.0220192011820473,1.0220192011820473,0.1016900125948025,0.1016900125948025,-2.344583668313362,2.344583668313362,-0.15166444369134408,0.15166444369134408,False,False
321,2026-08-28,11:40:52.838,42,5,90.53,909.5,0.0,0.0,2.39,0.0,0.0,100.0,1005.037,0.001055459,0.004577637,1545.891,0.008296777,0.03942871,25.52825,0.003216523,1498.318,0.0008489068,6.883822,2.253482e-05,100,1,1,1,Kennfeld_v2 (18)_korrigiert.csv,C:\Users\nikla\OneDrive\Documents\01_Uni\01_Master\00_Masterarbeit\sim_par_ink_prop\laboratory_measurement_L-Com\measurement_data\Kennfeld_v2 (18)_korrigiert.csv,322,1002.42,1.8062289259990822,3.612457851998165,3.612457851998165,0.23842301630055268,90.73043235370405,100.00000000000001,2026-08-28 11:40:52.838,1.4971786111111112,2.000033333333333,False,2,0.7822027777777777,,True,1006.0508956457535,1543.582800850722,ok,1.0138956457534505,1.0138956457534505,0.10088142483843385,0.10088142483843385,-2.3081991492781526,2.3081991492781526,-0.14931189516454604,0.14931189516454604,False,False
322,2026-08-28,11:42:52.840,43,5,90.53,909.5,0.0,0.0,2.39,0.0,0.0,100.0,1005.039,0.0009588094,0.004211426,1545.882,0.008122541,0.04003906,25.54063,0.003368303,1498.321,0.0008594794,6.88385,2.204337e-05,100,1,1,1,Kennfeld_v2 (18)_korrigiert.csv,C:\Users\nikla\OneDrive\Documents\01_Uni\01_Master\00_Masterarbeit\sim_par_ink_prop\laboratory_measurement_L-Com\measurement_data\Kennfeld_v2 (18)_korrigiert.csv,323,1002.42,1.8062289259990822,3.612457851998165,3.612457851998165,0.23842301630055268,90.73043235370405,100.00000000000001,2026-08-28 11:42:52.840,1.5305125000000002,2.000033333333333,False,2,0.8155366666666666,,True,1006.0468683680248,1543.60274207844,ok,1.0078683680247877,1.0078683680247877,0.10028151823210718,0.10028151823210718,-2.2792579215599744,2.2792579215599744,-0.14744061458507016,0.14744061458507016,False,False
323,2026-08-28,11:44:52.842,44,5,90.53,909.5,0.0,0.0,2.39,0.0,0.0,100.0,1005.042,0.001029537,0.004272461,1545.87,0.00832579,0.04504395,25.5518,0.00281625,1498.324,0.0007878611,6.883883,2.266628e-05,100,1,1,1,Kennfeld_v2 (18)_korrigiert.csv,C:\Users\nikla\OneDrive\Documents\01_Uni\01_Master\00_Masterarbeit\sim_par_ink_prop\laboratory_measurement_L-Com\measurement_data\Kennfeld_v2 (18)_korrigiert.csv,324,1002.42,1.8062289259990822,3.612457851998165,3.612457851998165,0.23842301630055268,90.73043235370405,100.00000000000001,2026-08-28 11:44:52.842,1.5638463888888887,2.000033333333333,False,2,0.8488705555555556,,True,1006.0432347091406,1543.6207253588816,ok,1.00123470914059,1.00123470914059,0.09962118091986105,0.09962118091986105,-2.2492746411182907,2.2492746411182907,-0.1455021858965043,0.1455021858965043,False,False
324,2026-08-28,11:46:52.844,45,5,90.53,909.5,0.0,0.0,2.39,0.0,0.0,100.0,1005.046,0.001005605,0.005310059,1545.85,0.006785906,0.03308105,25.5606,0.002277022,1498.326,0.000660146,6.883939,1.840103e-05,100,1,1,1,Kennfeld_v2 (18)_korrigiert.csv,C:\Users\nikla\OneDrive\Documents\01_Uni\01_Master\00_Masterarbeit\sim_par_ink_prop\laboratory_measurement_L-Com\measurement_data\Kennfeld_v2 (18)_korrigiert.csv,325,1002.42,1.8062289259990822,3.612457851998165,3.612457851998165,0.23842301630055268,90.73043235370405,100.00000000000001,2026-08-28 11:46:52.844,1.5971802777777777,2.000033333333333,False,2,0.8822044444444445,,True,1006.0403720232807,1543.6348870626125,ok,0.9943720232806754,0.9943720232806754,0.09893796137496944,0.09893796137496944,-2.215112937387403,2.215112937387403,-0.14329417067551203,0.14329417067551203,False,False
325,2026-08-28,11:48:52.846,46,5,90.53,909.5,0.0,0.0,2.39,0.0,0.0,100.0,1005.048,0.0007606436,0.003601074,1545.844,0.005651202,0.03173828,25.57199,0.003160551,1498.329,0.0007675982,6.88396,1.51917e-05,100,1,1,1,Kennfeld_v2 (18)_korrigiert.csv,C:\Users\nikla\OneDrive\Documents\01_Uni\01_Master\00_Masterarbeit\sim_par_ink_prop\laboratory_measurement_L-Com\measurement_data\Kennfeld_v2 (18)_korrigiert.csv,326,1002.42,1.8062289259990822,3.612457851998165,3.612457851998165,0.23842301630055268,90.73043235370405,100.00000000000001,2026-08-28 11:48:52.846,1.6305141666666665,2.000033333333333,False,2,0.9155383333333333,,True,1006.0366667965872,1543.6532090031626,ok,0.9886667965871538,0.9886667965871538,0.09837010735677837,0.09837010735677837,-2.1907909968374497,2.1907909968374497,-0.14172135072086509,0.14172135072086509,False,False
326,2026-08-28,11:50:52.848,47,5,90.53,909.5,0.0,0.0,2.39,0.0,0.0,100.0,1005.051,0.000704159,0.003173828,1545.838,0.004919784,0.02648926,25.58386,0.003093128,1498.332,0.0007436904,6.883979,1.329568e-05,100,1,1,1,Kennfeld_v2 (18)_korrigiert.csv,C:\Users\nikla\OneDrive\Documents\01_Uni\01_Master\00_Masterarbeit\sim_par_ink_prop\laboratory_measurement_L-Com\measurement_data\Kennfeld_v2 (18)_korrigiert.csv,327,1002.42,1.8062289259990822,3.612457851998165,3.612457851998165,0.23842301630055268,90.73043235370405,100.00000000000001,2026-08-28 11:50:52.848,1.6638480555555555,2.000033333333333,False,2,0.9488722222222222,,True,1006.0328054229745,1543.6722936900821,ok,0.981805422974503,0.981805422974503,0.09768712463093943,0.09768712463093943,-2.165706309917823,2.165706309917823,-0.14009917662250657,0.14009917662250657,False,False
327,2026-08-28,11:52:52.850,48,5,90.53,909.5,0.0,0.0,2.39,0.0,0.0,100.0,1005.052,0.0006011942,0.002807617,1545.831,0.004671712,0.02307129,25.59562,0.003147927,1498.335,0.0007477353,6.884,1.253731e-05,100,1,1,1,Kennfeld_v2 (18)_korrigiert.csv,C:\Users\nikla\OneDrive\Documents\01_Uni\01_Master\00_Masterarbeit\sim_par_ink_prop\laboratory_measurement_L-Com\measurement_data\Kennfeld_v2 (18)_korrigiert.csv,328,1002.42,1.8062289259990822,3.612457851998165,3.612457851998165,0.23842301630055268,90.73043235370405,100.00000000000001,2026-08-28 11:52:52.850,1.6971819444444443,2.000033333333333,False,2,0.9822061111111111,,True,1006.0289798325359,1543.6911920714301,ok,0.9769798325359034,0.9769798325359034,0.09720689402497616,0.09720689402497616,-2.1398079285697804,2.1398079285697804,-0.13842444151849592,0.13842444151849592,False,False
328,2026-08-28,11:54:52.852,49,5,90.53,909.5,0.0,0.0,2.39,0.0,0.0,100.0,1005.054,0.001007838,0.003967285,1545.826,0.004922561,0.02233887,25.60689,0.002798665,1498.338,0.0007464429,6.884017,1.340849e-05,100,1,1,1,Kennfeld_v2 (18)_korrigiert.csv,C:\Users\nikla\OneDrive\Documents\01_Uni\01_Master\00_Masterarbeit\sim_par_ink_prop\laboratory_measurement_L-Com\measurement_data\Kennfeld_v2 (18)_korrigiert.csv,329,1002.42,1.8062289259990822,3.612457851998165,3.612457851998165,0.23842301630055268,90.73043235370405,100.00000000000001,2026-08-28 11:54:52.852,1.7305158333333333,2.000033333333333,False,2,1.0155399999999999,,True,1006.025313641319,1543.7092941927222,ok,0.9713136413190568,0.9713136413190568,0.09664293075984542,0.09664293075984542,-2.1167058072778673,2.1167058072778673,-0.1369304053158549,0.1369304053158549,False,False
329,2026-08-28,11:56:52.854,50,5,90.53,909.5,0.0,0.0,2.39,0.0,0.0,100.0,1005.058,0.000887409,0.00390625,1545.814,0.005046059,0.02880859,25.61628,0.002342357,1498.341,0.0006611405,6.884051,1.369216e-05,100,1,1,1,Kennfeld_v2 (18)_korrigiert.csv,C:\Users\nikla\OneDrive\Documents\01_Uni\01_Master\00_Masterarbeit\sim_par_ink_prop\laboratory_measurement_L-Com\measurement_data\Kennfeld_v2 (18)_korrigiert.csv,330,1002.42,1.8062289259990822,3.612457851998165,3.612457851998165,0.23842301630055268,90.73043235370405,100.00000000000001,2026-08-28 11:56:52.854,1.7638497222222222,2.000033333333333,False,2,1.0488738888888889,,True,1006.0222590238636,1543.7243700156941,ok,0.964259023863633,0.964259023863633,0.09594063465627188,0.09594063465627188,-2.0896299843059296,2.0896299843059296,-0.1351799106688081,0.1351799106688081,False,False
330,2026-08-28,11:58:52.856,51,5,90.53,909.5,0.0,0.0,2.39,0.0,0.0,100.0,1005.062,0.001188007,0.004638672,1545.803,0.007009277,0.03369141,25.62479,0.001900322,1498.343,0.0006104489,6.884081,1.899977e-05,100,1,1,1,Kennfeld_v2 (18)_korrigiert.csv,C:\Users\nikla\OneDrive\Documents\01_Uni\01_Master\00_Masterarbeit\sim_par_ink_prop\laboratory_measurement_L-Com\measurement_data\Kennfeld_v2 (18)_korrigiert.csv,331,1002.42,1.8062289259990822,3.612457851998165,3.612457851998165,0.23842301630055268,90.73043235370405,100.00000000000001,2026-08-28 11:58:52.856,1.797183611111111,2.000033333333333,False,2,1.0822077777777777,,True,1006.0194906749142,1543.7380277966236,ok,0.9574906749141974,0.9574906749141974,0.09526682681408682,0.09526682681408682,-2.0649722033765556,2.0649722033765556,-0.13358572880092454,0.13358572880092454,False,False
331,2026-08-28,12:00:52.858,52,5,90.53,909.5,0.0,0.0,2.39,0.0,0.0,100.0,1005.064,0.0007369505,0.003662109,1545.791,0.005137174,0.02844238,25.63198,0.002085764,1498.345,0.0004000819,6.884118,1.397703e-05,100,1,1,1,Kennfeld_v2 (18)_korrigiert.csv,C:\Users\nikla\OneDrive\Documents\01_Uni\01_Master\00_Masterarbeit\sim_par_ink_prop\laboratory_measurement_L-Com\measurement_data\Kennfeld_v2 (18)_korrigiert.csv,332,1002.42,1.8062289259990822,3.612457851998165,3.612457851998165,0.23842301630055268,90.73043235370405,100.00000000000001,2026-08-28 12:00:52.858,1.8305175,2.000033333333333,False,2,1.1155416666666667,,True,1006.0171517289272,1543.7495632528862,ok,0.953151728927196,0.953151728927196,0.09483492881320951,0.09483492881320951,-2.041436747113721,2.041436747113721,-0.13206421483329384,0.13206421483329384,False,False
332,2026-08-28,12:02:52.860,53,5,90.53,909.5,0.0,0.0,2.39,0.0,0.0,100.0,1005.067,0.001100907,0.004577637,1545.779,0.005067661,0.02612305,25.63885,0.001849376,1498.347,0.0006063632,6.88415,1.3703e-05,100,1,1,1,Kennfeld_v2 (18)_korrigiert.csv,C:\Users\nikla\OneDrive\Documents\01_Uni\01_Master\00_Masterarbeit\sim_par_ink_prop\laboratory_measurement_L-Com\measurement_data\Kennfeld_v2 (18)_korrigiert.csv,333,1002.42,1.8062289259990822,3.612457851998165,3.612457851998165,0.23842301630055268,90.73043235370405,100.00000000000001,2026-08-28 12:02:52.860,1.8638513888888888,2.000033333333333,False,2,1.1488755555555556,,True,1006.0149168805336,1543.7605820188883,ok,0.9479168805336258,0.9479168805336258,0.09431380002861757,0.09431380002861757,-2.0184179811117247,2.0184179811117247,-0.13057610312416748,0.13057610312416748,False,False
333,2026-08-28,12:04:52.862,54,5,90.53,909.5,0.0,0.0,2.39,0.0,0.0,100.0,1005.069,0.0007146341,0.003112793,1545.771,0.004832407,0.02368164,25.64665,0.002078291,1498.35,0.0005741501,6.884173,1.309126e-05,100,1,1,1,Kennfeld_v2 (18)_korrigiert.csv,C:\Users\nikla\OneDrive\Documents\01_Uni\01_Master\00_Masterarbeit\sim_par_ink_prop\laboratory_measurement_L-Com\measurement_data\Kennfeld_v2 (18)_korrigiert.csv,334,1002.42,1.8062289259990822,3.612457851998165,3.612457851998165,0.23842301630055268,90.73043235370405,100.00000000000001,2026-08-28 12:04:52.862,1.8971852777777778,2.000033333333333,False,2,1.1822094444444444,,True,1006.012379497911,1543.7730885092976,ok,0.9433794979109962,0.9433794979109962,0.09386216248944065,0.09386216248944065,-1.9979114907023359,1.9979114907023359,-0.12925015999797745,0.12925015999797745,False,False
334,2026-08-28,12:06:52.865,55,5,90.53,909.5,0.0,0.0,2.39,0.0,0.0,100.0,1005.072,0.0008482449,0.003417969,1545.762,0.004962006,0.0255127,25.6547,0.001906848,1498.352,0.0005770957,6.8842,1.347696e-05,100,1,1,1,Kennfeld_v2 (18)_korrigiert.csv,C:\Users\nikla\OneDrive\Documents\01_Uni\01_Master\00_Masterarbeit\sim_par_ink_prop\laboratory_measurement_L-Com\measurement_data\Kennfeld_v2 (18)_korrigiert.csv,335,1002.42,1.8062289259990822,3.612457851998165,3.612457851998165,0.23842301630055268,90.73043235370405,100.00000000000001,2026-08-28 12:06:52.865,1.9305194444444445,2.00005,False,2,1.2155436111111113,,True,1006.0097607887358,1543.7859914997962,ok,0.9377607887357726,0.9377607887357726,0.09330284683443302,0.09330284683443302,-1.9760085002037613,1.9760085002037613,-0.12783394210776053,0.12783394210776053,False,False
335,2026-08-28,12:08:52.867,56,5,90.53,909.5,0.0,0.0,2.39,0.0,0.0,100.0,1005.075,0.000750478,0.003051758,1545.756,0.003818199,0.02282715,25.66302,0.002446544,1498.354,0.0006401527,6.884218,1.039063e-05,100,1,1,1,Kennfeld_v2 (18)_korrigiert.csv,C:\Users\nikla\OneDrive\Documents\01_Uni\01_Master\00_Masterarbeit\sim_par_ink_prop\laboratory_measurement_L-Com\measurement_data\Kennfeld_v2 (18)_korrigiert.csv,336,1002.42,1.8062289259990822,3.612457851998165,3.612457851998165,0.23842301630055268,90.73043235370405,100.00000000000001,2026-08-28 12:08:52.867,1.9638533333333335,2.000033333333333,False,2,1.2488774999999999,,True,1006.0070542468793,1543.799322617534,ok,0.932054246879261,0.932054246879261,0.0927347956002548,0.0927347956002548,-1.9566773824660686,1.9566773824660686,-0.12658384521658453,0.12658384521658453,False,False
336,2026-08-28,12:10:52.870,57,5,90.53,909.5,0.0,0.0,2.39,0.0,0.0,100.0,1005.077,0.001014733,0.004333496,1545.749,0.004536958,0.01953125,25.67109,0.002091517,1498.356,0.000610005,6.884239,1.234753e-05,100,1,1,1,Kennfeld_v2 (18)_korrigiert.csv,C:\Users\nikla\OneDrive\Documents\01_Uni\01_Master\00_Masterarbeit\sim_par_ink_prop\laboratory_measurement_L-Com\measurement_data\Kennfeld_v2 (18)_korrigiert.csv,337,1002.42,1.8062289259990822,3.612457851998165,3.612457851998165,0.23842301630055268,90.73043235370405,100.00000000000001,2026-08-28 12:10:52.870,1.9971875,2.00005,False,2,1.2822116666666667,,True,1006.0044290312076,1543.8122486494367,ok,0.9274290312075664,0.9274290312075664,0.09227442586066205,0.09227442586066205,-1.936751350563327,1.936751350563327,-0.12529533259043524,0.12529533259043524,False,False
337,2026-08-28,12:12:52.872,58,5,90.53,909.5,0.0,0.0,2.39,0.0,0.0,100.0,1005.08,0.001041628,0.004211426,1545.741,0.004967978,0.02416992,25.67885,0.002126761,1498.359,0.0006113064,6.884261,1.361389e-05,100,1,1,1,Kennfeld_v2 (18)_korrigiert.csv,C:\Users\nikla\OneDrive\Documents\01_Uni\01_Master\00_Masterarbeit\sim_par_ink_prop\laboratory_measurement_L-Com\measurement_data\Kennfeld_v2 (18)_korrigiert.csv,338,1002.42,1.8062289259990822,3.612457851998165,3.612457851998165,0.23842301630055268,90.73043235370405,100.00000000000001,2026-08-28 12:12:52.872,2.030521388888889,2.000033333333333,False,2,1.3155455555555555,,True,1006.0019046600723,1543.8246739510334,ok,0.9219046600723004,0.9219046600723004,0.09172450551919255,0.09172450551919255,-1.916326048966539,1.916326048966539,-0.1239745888196366,0.1239745888196366,False,False
338,2026-08-28,12:20:30.996,59,5,90.53,909.5,0.0,0.0,2.39,0.0,0.0,100.0,1005.061,0.003752827,0.01525879,1545.92,0.01354154,0.06750488,25.7397,0.01421583,1498.363,0.0008141719,6.883801,3.779314e-05,100,0,1,0,Kennfeld_v2 (18)_korrigiert.csv,C:\Users\nikla\OneDrive\Documents\01_Uni\01_Master\00_Masterarbeit\sim_par_ink_prop\laboratory_measurement_L-Com\measurement_data\Kennfeld_v2 (18)_korrigiert.csv,339,1002.42,1.8062289259990822,3.612457851998165,3.612457851998165,0.23842301630055268,90.73043235370405,100.00000000000001,2026-08-28 12:20:30.996,2.1577780555555557,7.635400000000001,False,2,1.442802222222222,,True,1005.9821098107222,1543.921964289196,ok,0.9211098107222142,0.9211098107222142,0.09164715482166895,0.09164715482166895,-1.9980357108040607,1.9980357108040607,-0.12924573786509397,0.12924573786509397,False,False
339,2026-08-28,12:22:30.998,60,5,90.53,909.5,0.0,0.0,2.39,0.0,0.0,100.0,1005.064,0.000901219,0.004150391,1545.969,0.01721108,0.0838623,25.72339,0.001860938,1498.363,0.0005842705,6.883667,4.548316e-05,100,1,1,1,Kennfeld_v2 (18)_korrigiert.csv,C:\Users\nikla\OneDrive\Documents\01_Uni\01_Master\00_Masterarbeit\sim_par_ink_prop\laboratory_measurement_L-Com\measurement_data\Kennfeld_v2 (18)_korrigiert.csv,340,1002.42,1.8062289259990822,3.612457851998165,3.612457851998165,0.23842301630055268,90.73043235370405,100.00000000000001,2026-08-28 12:22:30.998,2.1911119444444442,2.000033333333333,False,2,1.476136111111111,,True,1005.9874155470827,1543.8959117921413,ok,0.9234155470827545,0.9234155470827545,0.09187629315971466,0.09187629315971466,-2.0730882078587456,2.0730882078587456,-0.13409636337201752,0.13409636337201752,False,False
340,2026-08-28,12:24:31.000,61,5,90.53,909.5,0.0,0.0,2.39,0.0,0.0,100.0,1005.061,0.001347792,0.005371094,1546.006,0.01353708,0.07092285,25.73298,0.002127378,1498.365,0.0003028389,6.883572,3.572309e-05,100,1,1,1,Kennfeld_v2 (18)_korrigiert.csv,C:\Users\nikla\OneDrive\Documents\01_Uni\01_Master\00_Masterarbeit\sim_par_ink_prop\laboratory_measurement_L-Com\measurement_data\Kennfeld_v2 (18)_korrigiert.csv,341,1002.42,1.8062289259990822,3.612457851998165,3.612457851998165,0.23842301630055268,90.73043235370405,100.00000000000001,2026-08-28 12:24:31.000,2.2244458333333332,2.000033333333333,False,2,1.5094699999999999,,True,1005.9842958652827,1543.911232417648,ok,0.9232958652826255,0.9232958652826255,0.09186465948660086,0.09186465948660086,-2.0947675823520058,2.0947675823520058,-0.1354954367804527,0.1354954367804527,False,False
341,2026-08-28,12:26:31.002,62,5,90.53,909.5,0.0,0.0,2.39,0.0,0.0,100.0,1005.056,0.001713589,0.008422852,1546.026,0.01106873,0.05908203,25.74219,0.002248323,1498.366,0.0002616851,6.88352,2.931518e-05,100,1,1,1,Kennfeld_v2 (18)_korrigiert.csv,C:\Users\nikla\OneDrive\Documents\01_Uni\01_Master\00_Masterarbeit\sim_par_ink_prop\laboratory_measurement_L-Com\measurement_data\Kennfeld_v2 (18)_korrigiert.csv,342,1002.42,1.8062289259990822,3.612457851998165,3.612457851998165,0.23842301630055268,90.73043235370405,100.00000000000001,2026-08-28 12:26:31.002,2.2577797222222222,2.000033333333333,False,2,1.5428038888888889,,True,1005.9812997994006,1543.925940046203,ok,0.9252997994005909,0.9252997994005909,0.09206450181886291,0.09206450181886291,-2.100059953796972,2.100059953796972,-0.13583600494409356,0.13583600494409356,False,False
342,2026-08-28,12:28:31.004,63,5,90.53,909.5,0.0,0.0,2.39,0.0,0.0,100.0,1005.049,0.003204098,0.01373291,1546.036,0.01116911,0.05822754,25.75011,0.001594862,1498.365,0.0005153643,6.883496,2.968196e-05,100,0,1,0,Kennfeld_v2 (18)_korrigiert.csv,C:\Users\nikla\OneDrive\Documents\01_Uni\01_Master\00_Masterarbeit\sim_par_ink_prop\laboratory_measurement_L-Com\measurement_data\Kennfeld_v2 (18)_korrigiert.csv,343,1002.42,1.8062289259990822,3.612457851998165,3.612457851998165,0.23842301630055268,90.73043235370405,100.00000000000001,2026-08-28 12:28:31.004,2.2911136111111112,2.000033333333333,False,2,1.5761377777777776,,True,1005.9787233777273,1543.9385830057997,ok,0.9297233777273277,0.9297233777273277,0.09250527862097546,0.09250527862097546,-2.09741699420033,2.09741699420033,-0.13566417562077016,0.13566417562077016,False,False
343,2026-08-28,12:30:31.006,64,5,90.53,909.5,0.0,0.0,2.39,0.0,0.0,100.0,1005.037,0.003574759,0.01580811,1546.046,0.01303141,0.06286621,25.7563,0.001789926,1498.364,0.0006832359,6.883472,3.456356e-05,100,0,1,0,Kennfeld_v2 (18)_korrigiert.csv,C:\Users\nikla\OneDrive\Documents\01_Uni\01_Master\00_Masterarbeit\sim_par_ink_prop\laboratory_measurement_L-Com\measurement_data\Kennfeld_v2 (18)_korrigiert.csv,344,1002.42,1.8062289259990822,3.612457851998165,3.612457851998165,0.23842301630055268,90.73043235370405,100.00000000000001,2026-08-28 12:30:31.006,2.3244475,2.000033333333333,False,2,1.6094716666666666,,True,1005.9767097349028,1543.94846131891,ok,0.939709734902749,0.939709734902749,0.09350001392015905,0.09350001392015905,-2.0975386810901,2.0975386810901,-0.135671168974927,0.135671168974927,False,False
344,2026-08-28,12:32:31.008,65,5,90.53,909.5,0.0,0.0,2.39,0.0,0.0,100.0,1005.03,0.002800859,0.01275635,1546.05,0.01223082,0.07250977,25.76324,0.001454654,1498.364,0.0005973387,6.883463,3.25243e-05,100,0,1,0,Kennfeld_v2 (18)_korrigiert.csv,C:\Users\nikla\OneDrive\Documents\01_Uni\01_Master\00_Masterarbeit\sim_par_ink_prop\laboratory_measurement_L-Com\measurement_data\Kennfeld_v2 (18)_korrigiert.csv,345,1002.42,1.8062289259990822,3.612457851998165,3.612457851998165,0.23842301630055268,90.73043235370405,100.00000000000001,2026-08-28 12:32:31.008,2.357781388888889,2.000033333333333,False,2,1.6428055555555556,,True,1005.9744521126044,1543.9595333994444,ok,0.944452112604381,0.944452112604381,0.09397252943736814,0.09397252943736814,-2.090466600555601,2.090466600555601,-0.13521338899489674,0.13521338899489674,False,False
345,2026-08-28,12:34:31.010,66,5,90.53,909.5,0.0,0.0,2.39,0.0,0.0,100.0,1005.024,0.003248648,0.01708984,1546.056,0.01372472,0.07336426,25.77018,0.001637017,1498.364,0.0005671338,6.883448,3.655965e-05,100,0,1,0,Kennfeld_v2 (18)_korrigiert.csv,C:\Users\nikla\OneDrive\Documents\01_Uni\01_Master\00_Masterarbeit\sim_par_ink_prop\laboratory_measurement_L-Com\measurement_data\Kennfeld_v2 (18)_korrigiert.csv,346,1002.42,1.8062289259990822,3.612457851998165,3.612457851998165,0.23842301630055268,90.73043235370405,100.00000000000001,2026-08-28 12:34:31.010,2.3911152777777778,2.000033333333333,False,2,1.6761394444444444,,True,1005.9721944901652,1543.9706021805462,ok,0.9481944901651786,0.9481944901651786,0.0943454574383476,0.0943454574383476,-2.085397819453874,2.085397819453874,-0.13488501189179913,0.13488501189179913,False,False
346,2026-08-28,12:36:31.012,67,5,90.53,909.5,0.0,0.0,2.39,0.0,0.0,100.0,1005.017,0.002911563,0.01391602,1546.056,0.01393132,0.07824707,25.77654,0.00148731,1498.363,0.0006076019,6.88345,3.704991e-05,100,0,1,0,Kennfeld_v2 (18)_korrigiert.csv,C:\Users\nikla\OneDrive\Documents\01_Uni\01_Master\00_Masterarbeit\sim_par_ink_prop\laboratory_measurement_L-Com\measurement_data\Kennfeld_v2 (18)_korrigiert.csv,347,1002.42,1.8062289259990822,3.612457851998165,3.612457851998165,0.23842301630055268,90.73043235370405,100.00000000000001,2026-08-28 12:36:31.012,2.4244491666666668,2.000033333333333,False,2,1.7094733333333334,,True,1005.970125544982,1543.9807430068586,ok,0.9531255449819582,0.9531255449819582,0.09483675848089716,0.09483675848089716,-2.0752569931414655,2.0752569931414655,-0.13422909604448127,0.13422909604448127,False,False
347,2026-08-28,12:38:31.014,68,5,90.53,909.5,0.0,0.0,2.39,0.0,0.0,100.0,1005.012,0.002008473,0.00994873,1546.053,0.01300698,0.06494141,25.78128,0.0007049057,1498.363,0.0004300972,6.88346,3.460244e-05,100,1,1,1,Kennfeld_v2 (18)_korrigiert.csv,C:\Users\nikla\OneDrive\Documents\01_Uni\01_Master\00_Masterarbeit\sim_par_ink_prop\laboratory_measurement_L-Com\measurement_data\Kennfeld_v2 (18)_korrigiert.csv,348,1002.42,1.8062289259990822,3.612457851998165,3.612457851998165,0.23842301630055268,90.73043235370405,100.00000000000001,2026-08-28 12:38:31.014,2.4577830555555558,2.000033333333333,False,2,1.7428072222222222,,True,1005.9685835951931,1543.9882989893877,ok,0.9565835951931376,0.9565835951931376,0.09518131078963611,0.09518131078963611,-2.0647010106124526,2.0647010106124526,-0.13354658673489542,0.13354658673489542,False,False
348,2026-08-28,12:40:31.016,69,5,90.53,909.5,0.0,0.0,2.39,0.0,0.0,100.0,1005.008,0.002194639,0.01068115,1546.045,0.01414564,0.0592041,25.78273,0.0003097506,1498.362,0.0005249712,6.883482,3.764889e-05,100,0,1,0,Kennfeld_v2 (18)_korrigiert.csv,C:\Users\nikla\OneDrive\Documents\01_Uni\01_Master\00_Masterarbeit\sim_par_ink_prop\laboratory_measurement_L-Com\measurement_data\Kennfeld_v2 (18)_korrigiert.csv,349,1002.42,1.8062289259990822,3.612457851998165,3.612457851998165,0.23842301630055268,90.73043235370405,100.00000000000001,2026-08-28 12:40:31.016,2.4911169444444448,2.000033333333333,False,2,1.7761411111111112,,True,1005.9681119016792,1543.9906101109918,ok,0.9601119016791699,0.9601119016791699,0.0955327620953435,0.0955327620953435,-2.0543898890082346,2.0543898890082346,-0.13288034235796722,0.13288034235796722,False,False
349,2026-08-28,12:42:31.018,70,5,90.53,909.5,0.0,0.0,2.39,0.0,0.0,100.0,1004.999,0.003688811,0.0133667,1546.042,0.01402622,0.06347656,25.78538,0.0009774868,1498.361,0.000755019,6.88349,3.729409e-05,100,0,1,0,Kennfeld_v2 (18)_korrigiert.csv,C:\Users\nikla\OneDrive\Documents\01_Uni\01_Master\00_Masterarbeit\sim_par_ink_prop\laboratory_measurement_L-Com\measurement_data\Kennfeld_v2 (18)_korrigiert.csv,350,1002.42,1.8062289259990822,3.612457851998165,3.612457851998165,0.23842301630055268,90.73043235370405,100.00000000000001,2026-08-28 12:42:31.018,2.5244508333333333,2.000033333333333,False,2,1.809475,,True,1005.9672498411032,1543.9948335124961,ok,0.9682498411032157,0.9682498411032157,0.09634336363550766,0.09634336363550766,-2.047166487503773,2.047166487503773,-0.13241338123438906,0.13241338123438906,False,False
350,2026-08-28,12:44:31.020,71,5,90.53,909.5,0.0,0.0,2.39,0.0,0.0,100.0,1004.994,0.003618272,0.01477051,1546.033,0.01510162,0.0847168,25.78932,0.0009234902,1498.361,0.000729798,6.883515,4.019887e-05,100,0,1,0,Kennfeld_v2 (18)_korrigiert.csv,C:\Users\nikla\OneDrive\Documents\01_Uni\01_Master\00_Masterarbeit\sim_par_ink_prop\laboratory_measurement_L-Com\measurement_data\Kennfeld_v2 (18)_korrigiert.csv,351,1002.42,1.8062289259990822,3.612457851998165,3.612457851998165,0.23842301630055268,90.73043235370405,100.00000000000001,2026-08-28 12:44:31.020,2.5577847222222223,2.000033333333333,False,2,1.842808888888889,,True,1005.965968135907,1544.0011119437866,ok,0.9719681359069909,0.9719681359069909,0.0967138247498981,0.0967138247498981,-2.0318880562133472,2.0318880562133472,-0.13142591757183367,0.13142591757183367,False,False
351,2026-08-28,12:46:31.022,72,5,90.53,909.5,0.0,0.0,2.39,0.0,0.0,100.0,1004.99,0.003565602,0.01483154,1546.025,0.0126134,0.06542969,25.79142,0.0005312429,1498.36,0.0008032757,6.883536,3.352909e-05,100,0,1,0,Kennfeld_v2 (18)_korrigiert.csv,C:\Users\nikla\OneDrive\Documents\01_Uni\01_Master\00_Masterarbeit\sim_par_ink_prop\laboratory_measurement_L-Com\measurement_data\Kennfeld_v2 (18)_korrigiert.csv,352,1002.42,1.8062289259990822,3.612457851998165,3.612457851998165,0.23842301630055268,90.73043235370405,100.00000000000001,2026-08-28 12:46:31.022,2.5911186111111113,2.000033333333333,False,2,1.8761427777777777,,True,1005.965284993525,1544.0044578808734,ok,0.9752849935249515,0.9752849935249515,0.09704424855221958,0.09704424855221958,-2.0205421191267305,2.0205421191267305,-0.13069271966020798,0.13069271966020798,False,False
352,2026-08-28,12:48:31.024,73,5,90.53,909.5,0.0,0.0,2.39,0.0,0.0,100.0,1004.986,0.002155142,0.01153564,1546.014,0.01441113,0.06811523,25.79284,0.0006431143,1498.359,0.0005133232,6.883567,3.835947e-05,100,0,1,0,Kennfeld_v2 (18)_korrigiert.csv,C:\Users\nikla\OneDrive\Documents\01_Uni\01_Master\00_Masterarbeit\sim_par_ink_prop\laboratory_measurement_L-Com\measurement_data\Kennfeld_v2 (18)_korrigiert.csv,353,1002.42,1.8062289259990822,3.612457851998165,3.612457851998165,0.23842301630055268,90.73043235370405,100.00000000000001,2026-08-28 12:48:31.024,2.6244525000000003,2.000033333333333,False,2,1.9094766666666667,,True,1005.9648230591451,1544.0067202002574,ok,0.9788230591451565,0.9788230591451565,0.09739668603793053,0.09739668603793053,-2.0072797997424914,2.0072797997424914,-0.12983581000834996,0.12983581000834996,False,False
353,2026-08-28,12:50:31.026,74,5,90.53,909.5,0.0,0.0,2.39,0.0,0.0,100.0,1004.982,0.002859887,0.01422119,1545.998,0.01287197,0.05969238,25.79568,0.0007763177,1498.359,0.0007008369,6.883609,3.428546e-05,100,0,1,0,Kennfeld_v2 (18)_korrigiert.csv,C:\Users\nikla\OneDrive\Documents\01_Uni\01_Master\00_Masterarbeit\sim_par_ink_prop\laboratory_measurement_L-Com\measurement_data\Kennfeld_v2 (18)_korrigiert.csv,354,1002.42,1.8062289259990822,3.612457851998165,3.612457851998165,0.23842301630055268,90.73043235370405,100.00000000000001,2026-08-28 12:50:31.026,2.6577863888888893,2.000033333333333,False,2,1.9428105555555557,,True,1005.9638991903677,1544.011244424104,ok,0.9818991903676988,0.9818991903676988,0.0977031618842625,0.0977031618842625,-1.9867555758960407,1.9867555758960407,-0.12850958254124784,0.12850958254124784,False,False
354,2026-08-28,12:52:31.028,75,5,90.53,909.5,0.0,0.0,2.39,0.0,0.0,100.0,1004.978,0.002516789,0.01342773,1545.996,0.01565283,0.08325195,25.79884,0.00107057,1498.359,0.0006193784,6.883616,4.148107e-05,100,0,1,0,Kennfeld_v2 (18)_korrigiert.csv,C:\Users\nikla\OneDrive\Documents\01_Uni\01_Master\00_Masterarbeit\sim_par_ink_prop\laboratory_measurement_L-Com\measurement_data\Kennfeld_v2 (18)_korrigiert.csv,355,1002.42,1.8062289259990822,3.612457851998165,3.612457851998165,0.23842301630055268,90.73043235370405,100.00000000000001,2026-08-28 12:52:31.028,2.6911202777777774,2.000033333333333,False,2,1.9761444444444445,,True,1005.9628712236721,1544.0162777693395,ok,0.984871223672144,0.984871223672144,0.09799928194170858,0.09799928194170858,-1.9797222306606272,1.9797222306606272,-0.1280548093695344,0.1280548093695344,False,False
355,2026-08-28,12:54:31.030,76,5,90.53,909.5,0.0,0.0,2.39,0.0,0.0,100.0,1004.935,0.03595435,0.1109619,1546.123,0.04714227,0.1905518,25.80366,0.001204215,1498.349,0.008341204,6.883279,0.0001251222,100,0,1,0,Kennfeld_v2 (18)_korrigiert.csv,C:\Users\nikla\OneDrive\Documents\01_Uni\01_Master\00_Masterarbeit\sim_par_ink_prop\laboratory_measurement_L-Com\measurement_data\Kennfeld_v2 (18)_korrigiert.csv,356,1002.42,1.8062289259990822,3.612457851998165,3.612457851998165,0.23842301630055268,90.73043235370405,100.00000000000001,2026-08-28 12:54:31.030,2.724454166666667,2.000033333333333,False,2,2.0094783333333335,,True,1005.961303249099,1544.023953894187,ok,1.0263032490991009,1.0263032490991009,0.10212633146413459,0.10212633146413459,-2.0990461058131586,2.0990461058131586,-0.13576190935735116,0.13576190935735116,False,False
356,2026-08-28,13:04:03.379,77,5,90.53,909.5,0.0,0.0,2.39,0.0,0.0,100.0,1005.038,0.006943153,0.02624512,1545.995,0.04422731,0.1912842,25.81736,0.004157808,1498.375,0.001323939,6.883625,0.0001166902,100,0,1,0,Kennfeld_v2 (18)_korrigiert.csv,C:\Users\nikla\OneDrive\Documents\01_Uni\01_Master\00_Masterarbeit\sim_par_ink_prop\laboratory_measurement_L-Com\measurement_data\Kennfeld_v2 (18)_korrigiert.csv,357,1002.42,1.8062289259990822,3.612457851998165,3.612457851998165,0.23842301630055268,90.73043235370405,100.00000000000001,2026-08-28 13:04:03.379,2.8834400000000002,9.539150000000001,False,2,2.1684641666666664,,True,1005.9568465575148,1544.0457632189236,ok,0.9188465575148257,0.9188465575148257,0.09142406133049952,0.09142406133049952,-1.9492367810762516,1.9492367810762516,-0.1260829938697248,0.1260829938697248,False,False
357,2026-08-28,13:06:03.381,78,5,90.53,909.5,0.0,0.0,2.39,0.0,0.0,100.0,1005.06,0.006020199,0.02484131,1545.881,0.03131517,0.1311035,25.81133,0.0005239681,1498.38,0.001581738,6.883926,8.332483e-05,100,0,1,0,Kennfeld_v2 (18)_korrigiert.csv,C:\Users\nikla\OneDrive\Documents\01_Uni\01_Master\00_Masterarbeit\sim_par_ink_prop\laboratory_measurement_L-Com\measurement_data\Kennfeld_v2 (18)_korrigiert.csv,358,1002.42,1.8062289259990822,3.612457851998165,3.612457851998165,0.23842301630055268,90.73043235370405,100.00000000000001,2026-08-28 13:06:03.381,2.916773888888889,2.000033333333333,False,2,2.2017980555555554,,True,1005.9588081524915,1544.0361655195325,ok,0.898808152491597,0.898808152491597,0.08942830801062593,0.08942830801062593,-1.8448344804676253,1.8448344804676253,-0.11933871238909238,0.11933871238909238,False,False
358,2026-08-28,13:08:03.383,79,5,90.53,909.5,0.0,0.0,2.39,0.0,0.0,100.0,1005.081,0.004650342,0.019104,1545.804,0.021249,0.09643555,25.81446,0.0009081893,1498.386,0.001267126,6.884131,5.671373e-05,100,0,1,0,Kennfeld_v2 (18)_korrigiert.csv,C:\Users\nikla\OneDrive\Documents\01_Uni\01_Master\00_Masterarbeit\sim_par_ink_prop\laboratory_measurement_L-Com\measurement_data\Kennfeld_v2 (18)_korrigiert.csv,359,1002.42,1.8062289259990822,3.612457851998165,3.612457851998165,0.23842301630055268,90.73043235370405,100.00000000000001,2026-08-28 13:08:03.383,2.950107777777778,2.000033333333333,False,2,2.2351319444444444,,True,1005.9577899448302,1544.0411477215057,ok,0.8767899448301932,0.8767899448301932,0.08723574963910304,0.08723574963910304,-1.7628522784943925,1.7628522784943925,-0.11404112542692298,0.11404112542692298,False,False
359,2026-08-28,13:10:03.385,80,5,90.53,909.5,0.0,0.0,2.39,0.0,0.0,100.0,1005.097,0.004126018,0.01446533,1545.732,0.01820726,0.08825684,25.81217,0.001300797,1498.39,0.0007576589,6.884322,4.821052e-05,100,0,1,0,Kennfeld_v2 (18)_korrigiert.csv,C:\Users\nikla\OneDrive\Documents\01_Uni\01_Master\00_Masterarbeit\sim_par_ink_prop\laboratory_measurement_L-Com\measurement_data\Kennfeld_v2 (18)_korrigiert.csv,360,1002.42,1.8062289259990822,3.612457851998165,3.612457851998165,0.23842301630055268,90.73043235370405,100.00000000000001,2026-08-28 13:10:03.385,2.9834416666666663,2.000033333333333,False,2,2.2684658333333334,,True,1005.9585348954863,1544.0375026621252,ok,0.8615348954863293,0.8615348954863293,0.08571659207880726,0.08571659207880726,-1.6944973378747363,1.6944973378747363,-0.10962426461215374,0.10962426461215374,False,False
360,2026-08-28,13:12:03.387,81,5,90.53,909.5,0.0,0.0,2.39,0.0,0.0,100.0,1005.109,0.003669155,0.01519775,1545.666,0.02039392,0.09301758,25.80706,0.00139214,1498.392,0.0007227767,6.884496,5.398913e-05,100,0,1,0,Kennfeld_v2 (18)_korrigiert.csv,C:\Users\nikla\OneDrive\Documents\01_Uni\01_Master\00_Masterarbeit\sim_par_ink_prop\laboratory_measurement_L-Com\measurement_data\Kennfeld_v2 (18)_korrigiert.csv,361,1002.42,1.8062289259990822,3.612457851998165,3.612457851998165,0.23842301630055268,90.73043235370405,100.00000000000001,2026-08-28 13:12:03.387,3.0167755555555553,2.000033333333333,False,2,2.301799722222222,,True,1005.9601972089032,1544.0293676291726,ok,0.8511972089031588,0.8511972089031588,0.08468705472771199,0.08468705472771199,-1.6366323708273285,1.6366323708273285,-0.10588525404759687,0.10588525404759687,False,False
361,2026-08-28,13:14:03.389,82,5,90.53,909.5,0.0,0.0,2.39,0.0,0.0,100.0,1005.11,0.005956835,0.03070068,1545.583,0.04465628,0.1652832,25.80281,0.0009382368,1498.391,0.001440795,6.884716,0.0001186578,100,0,1,0,Kennfeld_v2 (18)_korrigiert.csv,C:\Users\nikla\OneDrive\Documents\01_Uni\01_Master\00_Masterarbeit\sim_par_ink_prop\laboratory_measurement_L-Com\measurement_data\Kennfeld_v2 (18)_korrigiert.csv,362,1002.42,1.8062289259990822,3.612457851998165,3.612457851998165,0.23842301630055268,90.73043235370405,100.00000000000001,2026-08-28 13:14:03.389,3.0501094444444443,2.000033333333333,False,2,2.335133611111111,,True,1005.961579759143,1544.0226003364892,ok,0.8515797591429646,0.8515797591429646,0.08472503100585653,0.08472503100585653,-1.560399663510907,1.560399663510907,-0.10095864560563275,0.10095864560563275,False,False
362,2026-08-28,13:16:03.391,83,5,90.53,909.5,0.0,0.0,2.39,0.0,0.0,100.0,1005.07,0.05378237,0.1883545,1545.489,0.02243744,0.1065674,25.79944,0.001336979,1498.38,0.01306478,6.884967,5.989644e-05,100,0,1,0,Kennfeld_v2 (18)_korrigiert.csv,C:\Users\nikla\OneDrive\Documents\01_Uni\01_Master\00_Masterarbeit\sim_par_ink_prop\laboratory_measurement_L-Com\measurement_data\Kennfeld_v2 (18)_korrigiert.csv,363,1002.42,1.8062289259990822,3.612457851998165,3.612457851998165,0.23842301630055268,90.73043235370405,100.00000000000001,2026-08-28 13:16:03.391,3.0834433333333333,2.000033333333333,False,2,2.3684675,,True,1005.9626760401193,1544.017233390416,ok,0.8926760401192269,0.8926760401192269,0.0888173002994047,0.0888173002994047,-1.4717666095839377,1.4717666095839377,-0.0952298340256021,0.0952298340256021,False,False
363,2026-08-28,13:18:03.393,84,5,90.53,909.5,0.0,0.0,2.39,0.0,0.0,100.0,1005.055,0.05917418,0.2338867,1545.492,0.01638719,0.09753418,25.79367,0.002006314,1498.375,0.01399287,6.884956,4.339008e-05,100,0,1,0,Kennfeld_v2 (18)_korrigiert.csv,C:\Users\nikla\OneDrive\Documents\01_Uni\01_Master\00_Masterarbeit\sim_par_ink_prop\laboratory_measurement_L-Com\measurement_data\Kennfeld_v2 (18)_korrigiert.csv,364,1002.42,1.8062289259990822,3.612457851998165,3.612457851998165,0.23842301630055268,90.73043235370405,100.00000000000001,2026-08-28 13:18:03.393,3.116777222222222,2.000033333333333,False,2,2.401801388888889,,True,1005.9645530552446,1544.008042477824,ok,0.9095530552446007,0.9095530552446007,0.09049783894857504,0.09049783894857504,-1.4839575221760697,1.4839575221760697,-0.09601845381121803,0.09601845381121803,False,False
364,2026-08-28,13:20:03.395,85,5,90.53,909.5,0.0,0.0,2.39,0.0,0.0,100.0,1005.111,0.04990106,0.2405396,1545.438,0.0219442,0.09570313,25.78573,0.001700763,1498.388,0.01211422,6.885099,5.806618e-05,100,0,1,0,Kennfeld_v2 (18)_korrigiert.csv,C:\Users\nikla\OneDrive\Documents\01_Uni\01_Master\00_Masterarbeit\sim_par_ink_prop\laboratory_measurement_L-Com\measurement_data\Kennfeld_v2 (18)_korrigiert.csv,365,1002.42,1.8062289259990822,3.612457851998165,3.612457851998165,0.23842301630055268,90.73043235370405,100.00000000000001,2026-08-28 13:20:03.395,3.150111111111111,2.000033333333333,False,2,2.4351352777777775,,True,1005.9671359840445,1543.9953912842448,ok,0.8561359840444993,0.8561359840444993,0.08517825235665506,0.08517825235665506,-1.442608715755341,1.442608715755341,-0.09334626919716876,0.09334626919716876,False,False
365,2026-08-28,13:22:03.397,86,5,90.53,909.5,0.0,0.0,2.39,0.0,0.0,100.0,1005.161,0.01059556,0.04968262,1545.388,0.01994911,0.07116699,25.77891,0.001775878,1498.398,0.002485176,6.885229,5.271347e-05,100,0,1,0,Kennfeld_v2 (18)_korrigiert.csv,C:\Users\nikla\OneDrive\Documents\01_Uni\01_Master\00_Masterarbeit\sim_par_ink_prop\laboratory_measurement_L-Com\measurement_data\Kennfeld_v2 (18)_korrigiert.csv,366,1002.42,1.8062289259990822,3.612457851998165,3.612457851998165,0.23842301630055268,90.73043235370405,100.00000000000001,2026-08-28 13:22:03.397,3.183445,2.000033333333333,False,2,2.4684691666666665,,True,1005.9693545700957,1543.9845211906418,ok,0.8083545700957302,0.8083545700957302,0.08042040728756192,0.08042040728756192,-1.4034788093581483,1.4034788093581483,-0.09081724520690909,0.09081724520690909,False,False
366,2026-08-28,13:24:03.399,87,5,90.53,909.5,0.0,0.0,2.39,0.0,0.0,100.0,1005.153,0.03095129,0.1362305,1545.323,0.01663794,0.06311035,25.77173,0.001695542,1498.395,0.007532858,6.8854,4.394384e-05,100,0,1,0,Kennfeld_v2 (18)_korrigiert.csv,C:\Users\nikla\OneDrive\Documents\01_Uni\01_Master\00_Masterarbeit\sim_par_ink_prop\laboratory_measurement_L-Com\measurement_data\Kennfeld_v2 (18)_korrigiert.csv,367,1002.42,1.8062289259990822,3.612457851998165,3.612457851998165,0.23842301630055268,90.73043235370405,100.00000000000001,2026-08-28 13:24:03.399,3.216778888888889,2.000033333333333,False,2,2.5018030555555555,,True,1005.9716902661145,1543.9730738638136,ok,0.8186902661144586,0.8186902661144586,0.08144931827437799,0.08144931827437799,-1.3499261361864683,1.3499261361864683,-0.08735559725613792,0.08735559725613792,False,False
367,2026-08-28,13:26:03.401,88,5,90.53,909.5,0.0,0.0,2.39,0.0,0.0,100.0,1005.181,0.009782459,0.04394531,1545.286,0.01279271,0.06091309,25.76564,0.001777432,1498.4,0.00233513,6.885498,3.369102e-05,100,0,1,0,Kennfeld_v2 (18)_korrigiert.csv,C:\Users\nikla\OneDrive\Documents\01_Uni\01_Master\00_Masterarbeit\sim_par_ink_prop\laboratory_measurement_L-Com\measurement_data\Kennfeld_v2 (18)_korrigiert.csv,368,1002.42,1.8062289259990822,3.612457851998165,3.612457851998165,0.23842301630055268,90.73043235370405,100.00000000000001,2026-08-28 13:26:03.401,3.250112777777778,2.000033333333333,False,2,2.5351369444444445,,True,1005.9736713786356,1543.9633615932605,ok,0.7926713786355322,0.7926713786355322,0.07885857160407252,0.07885857160407252,-1.322638406739543,1.322638406739543,-0.08559181968512902,0.08559181968512902,False,False
368,2026-08-28,13:28:03.403,89,5,90.53,909.5,0.0,0.0,2.39,0.0,0.0,100.0,1005.177,0.04247353,0.2043457,1545.239,0.01711027,0.06298828,25.7568,0.002778592,1498.397,0.01034855,6.885619,4.488917e-05,100,0,1,0,Kennfeld_v2 (18)_korrigiert.csv,C:\Users\nikla\OneDrive\Documents\01_Uni\01_Master\00_Masterarbeit\sim_par_ink_prop\laboratory_measurement_L-Com\measurement_data\Kennfeld_v2 (18)_korrigiert.csv,369,1002.42,1.8062289259990822,3.612457851998165,3.612457851998165,0.23842301630055268,90.73043235370405,100.00000000000001,2026-08-28 13:28:03.403,3.2834466666666664,2.000033333333333,False,2,2.5684708333333335,,True,1005.9765470820043,1543.9492591295086,ok,0.7995470820043238,0.7995470820043238,0.07954291453190072,0.07954291453190072,-1.2897408704914142,1.2897408704914142,-0.0834654620088811,0.0834654620088811,False,False
369,2026-08-28,13:30:03.405,90,5,90.53,909.5,0.0,0.0,2.39,0.0,0.0,100.0,1005.189,0.03169972,0.1256714,1545.186,0.01594904,0.06872559,25.74635,0.002423292,1498.398,0.00770321,6.885758,4.195081e-05,100,0,1,0,Kennfeld_v2 (18)_korrigiert.csv,C:\Users\nikla\OneDrive\Documents\01_Uni\01_Master\00_Masterarbeit\sim_par_ink_prop\laboratory_measurement_L-Com\measurement_data\Kennfeld_v2 (18)_korrigiert.csv,370,1002.42,1.8062289259990822,3.612457851998165,3.612457851998165,0.23842301630055268,90.73043235370405,100.00000000000001,2026-08-28 13:30:03.405,3.3167805555555554,2.000033333333333,False,2,2.601804722222222,,True,1005.9799465274335,1543.9325813280363,ok,0.7909465274335616,0.7909465274335616,0.07868634927695803,0.07868634927695803,-1.2534186719635727,1.2534186719635727,-0.08111765651278052,0.08111765651278052,False,False
370,2026-08-28,13:32:03.407,91,5,90.53,909.5,0.0,0.0,2.39,0.0,0.0,100.0,1005.197,0.03268224,0.1209717,1545.134,0.01868056,0.07592773,25.73853,0.001896827,1498.399,0.007733035,6.885894,4.929146e-05,100,0,1,0,Kennfeld_v2 (18)_korrigiert.csv,C:\Users\nikla\OneDrive\Documents\01_Uni\01_Master\00_Masterarbeit\sim_par_ink_prop\laboratory_measurement_L-Com\measurement_data\Kennfeld_v2 (18)_korrigiert.csv,371,1002.42,1.8062289259990822,3.612457851998165,3.612457851998165,0.23842301630055268,90.73043235370405,100.00000000000001,2026-08-28 13:32:03.407,3.3501144444444444,2.000033333333333,False,2,2.635138611111111,,True,1005.9824904184453,1543.9200960158762,ok,0.7854904184453062,0.7854904184453062,0.07814293302161728,0.07814293302161728,-1.2139039841238173,1.2139039841238173,-0.07856302327978139,0.07856302327978139,False,False
371,2026-08-28,13:34:03.409,92,5,90.53,909.5,0.0,0.0,2.39,0.0,0.0,100.0,1005.219,0.01506926,0.06787109,1545.082,0.009085338,0.04711914,25.72878,0.002813428,1498.402,0.003509876,6.88603,2.366271e-05,100,0,1,0,Kennfeld_v2 (18)_korrigiert.csv,C:\Users\nikla\OneDrive\Documents\01_Uni\01_Master\00_Masterarbeit\sim_par_ink_prop\laboratory_measurement_L-Com\measurement_data\Kennfeld_v2 (18)_korrigiert.csv,372,1002.42,1.8062289259990822,3.612457851998165,3.612457851998165,0.23842301630055268,90.73043235370405,100.00000000000001,2026-08-28 13:34:03.409,3.3834483333333334,2.000033333333333,False,2,2.6684725,,True,1005.9856621493158,1543.9045234289217,ok,0.7666621493157209,0.7666621493157209,0.07626817134532085,0.07626817134532085,-1.1774765710783868,1.1774765710783868,-0.0762080310998631,0.0762080310998631,False,False
372,2026-08-28,13:36:03.411,93,5,90.53,909.5,0.0,0.0,2.39,0.0,0.0,100.0,1005.225,0.03136409,0.1624756,1545.031,0.01938874,0.06494141,25.72014,0.002263668,1498.401,0.00753135,6.886165,5.113649e-05,100,0,1,0,Kennfeld_v2 (18)_korrigiert.csv,C:\Users\nikla\OneDrive\Documents\01_Uni\01_Master\00_Masterarbeit\sim_par_ink_prop\laboratory_measurement_L-Com\measurement_data\Kennfeld_v2 (18)_korrigiert.csv,373,1002.42,1.8062289259990822,3.612457851998165,3.612457851998165,0.23842301630055268,90.73043235370405,100.00000000000001,2026-08-28 13:36:03.411,3.416782222222222,2.000033333333333,False,2,2.701806388888889,,True,1005.9884727905933,1543.8907182865478,ok,0.763472790593255,0.763472790593255,0.07595043802066752,0.07595043802066752,-1.1402817134521683,1.1402817134521683,-0.07380316080726979,0.07380316080726979,False,False
373,2026-08-28,13:38:03.413,94,5,90.53,909.5,0.0,0.0,2.39,0.0,0.0,100.0,1005.244,0.002201158,0.008361816,1544.996,0.01079422,0.046875,25.71253,0.001397742,1498.405,0.0002850315,6.886256,2.844483e-05,100,1,1,1,Kennfeld_v2 (18)_korrigiert.csv,C:\Users\nikla\OneDrive\Documents\01_Uni\01_Master\00_Masterarbeit\sim_par_ink_prop\laboratory_measurement_L-Com\measurement_data\Kennfeld_v2 (18)_korrigiert.csv,374,1002.42,1.8062289259990822,3.612457851998165,3.612457851998165,0.23842301630055268,90.73043235370405,100.00000000000001,2026-08-28 13:38:03.413,3.450116111111111,2.000033333333333,False,2,2.7351402777777776,,True,1005.9909483668152,1543.8785546679753,ok,0.7469483668152179,0.7469483668152179,0.07430518031594498,0.07430518031594498,-1.1174453320247721,1.1174453320247721,-0.07232674596081622,0.07232674596081622,False,False
374,2026-08-28,13:40:03.415,95,5,90.53,909.5,0.0,0.0,2.39,0.0,0.0,100.0,1005.251,0.002617538,0.01367188,1544.962,0.01013741,0.04699707,25.70763,0.001102506,1498.405,0.000410677,6.886345,2.675242e-05,100,0,1,0,Kennfeld_v2 (18)_korrigiert.csv,C:\Users\nikla\OneDrive\Documents\01_Uni\01_Master\00_Masterarbeit\sim_par_ink_prop\laboratory_measurement_L-Com\measurement_data\Kennfeld_v2 (18)_korrigiert.csv,375,1002.42,1.8062289259990822,3.612457851998165,3.612457851998165,0.23842301630055268,90.73043235370405,100.00000000000001,2026-08-28 13:40:03.415,3.48345,2.000033333333333,False,2,2.7684741666666666,,True,1005.9925423645559,1543.8707205450046,ok,0.7415423645559258,0.7415423645559258,0.07376688653440044,0.07376688653440044,-1.0912794549954015,1.0912794549954015,-0.07063471172724,0.07063471172724,False,False
375,2026-08-28,13:42:03.417,96,5,90.53,909.5,0.0,0.0,2.39,0.0,0.0,100.0,1005.157,0.2785758,1.398621,1544.919,0.02038733,0.06738281,25.70182,0.001695196,1498.381,0.06754921,6.886458,5.391043e-05,100,0,1,0,Kennfeld_v2 (18)_korrigiert.csv,C:\Users\nikla\OneDrive\Documents\01_Uni\01_Master\00_Masterarbeit\sim_par_ink_prop\laboratory_measurement_L-Com\measurement_data\Kennfeld_v2 (18)_korrigiert.csv,376,1002.42,1.8062289259990822,3.612457851998165,3.612457851998165,0.23842301630055268,90.73043235370405,100.00000000000001,2026-08-28 13:42:03.417,3.516783888888889,2.000033333333333,False,2,2.8018080555555556,,True,1005.9944323903576,1543.8614293871312,ok,0.8374323903575487,0.8374323903575487,0.083313590847753,0.083313590847753,-1.057570612868858,1.057570612868858,-0.06845476124436672,0.06845476124436672,False,False
376,2026-08-28,13:44:03.419,97,5,90.53,909.5,0.0,0.0,2.39,0.0,0.0,100.0,1005.238,0.108135,0.597168,1544.871,0.01103791,0.04675293,25.6954,0.002204384,1498.399,0.02573276,6.886583,2.887254e-05,100,0,1,0,Kennfeld_v2 (18)_korrigiert.csv,C:\Users\nikla\OneDrive\Documents\01_Uni\01_Master\00_Masterarbeit\sim_par_ink_prop\laboratory_measurement_L-Com\measurement_data\Kennfeld_v2 (18)_korrigiert.csv,377,1002.42,1.8062289259990822,3.612457851998165,3.612457851998165,0.23842301630055268,90.73043235370405,100.00000000000001,2026-08-28 13:44:03.419,3.550117777777778,2.000033333333333,False,2,2.8351419444444446,,True,1005.996520852488,1543.8511600552215,ok,0.7585208524878908,0.7585208524878908,0.07545684230877571,0.07545684230877571,-1.019839944778596,1.019839944778596,-0.06601456981059234,0.06601456981059234,False,False
377,2026-08-28,13:46:03.421,98,5,90.53,909.5,0.0,0.0,2.39,0.0,0.0,100.0,1005.273,0.002626776,0.01037598,1544.839,0.00858958,0.03430176,25.6857,0.002301951,1498.406,0.0006719514,6.886665,2.239764e-05,100,0,1,0,Kennfeld_v2 (18)_korrigiert.csv,C:\Users\nikla\OneDrive\Documents\01_Uni\01_Master\00_Masterarbeit\sim_par_ink_prop\laboratory_measurement_L-Com\measurement_data\Kennfeld_v2 (18)_korrigiert.csv,378,1002.42,1.8062289259990822,3.612457851998165,3.612457851998165,0.23842301630055268,90.73043235370405,100.00000000000001,2026-08-28 13:46:03.421,3.5834516666666665,2.000033333333333,False,2,2.8684758333333336,,True,1005.9996763168491,1543.8356387461179,ok,0.7266763168490797,0.7266763168490797,0.07228646515415015,0.07228646515415015,-1.0033612538820762,1.0033612538820762,-0.06494924415308496,0.06494924415308496,False,False
378,2026-08-28,13:48:03.423,99,5,90.53,909.5,0.0,0.0,2.39,0.0,0.0,100.0,1005.283,0.005446029,0.02435303,1544.815,0.008812963,0.04467773,25.67759,0.001821336,1498.407,0.001029658,6.886727,2.312421e-05,100,0,1,0,Kennfeld_v2 (18)_korrigiert.csv,C:\Users\nikla\OneDrive\Documents\01_Uni\01_Master\00_Masterarbeit\sim_par_ink_prop\laboratory_measurement_L-Com\measurement_data\Kennfeld_v2 (18)_korrigiert.csv,379,1002.42,1.8062289259990822,3.612457851998165,3.612457851998165,0.23842301630055268,90.73043235370405,100.00000000000001,2026-08-28 13:48:03.423,3.6167855555555555,2.000033333333333,False,2,2.901809722222222,,True,1006.0023145450884,1543.8226567202198,ok,0.7193145450884231,0.7193145450884231,0.07155343769748648,0.07155343769748648,-0.9923432797802434,0.9923432797802434,-0.06423703030979394,0.06423703030979394,False,False
379,2026-08-28,13:57:43.139,100,5,90.53,909.5,0.0,0.0,2.39,0.0,0.0,100.0,1005.27,0.004611318,0.02124023,1544.83,0.0148504,0.06872559,25.69677,0.005559029,1498.407,0.001029547,6.886693,3.841159e-05,100,0,1,0,Kennfeld_v2 (18)_korrigiert.csv,C:\Users\nikla\OneDrive\Documents\01_Uni\01_Master\00_Masterarbeit\sim_par_ink_prop\laboratory_measurement_L-Com\measurement_data\Kennfeld_v2 (18)_korrigiert.csv,380,1002.42,1.8062289259990822,3.612457851998165,3.612457851998165,0.23842301630055268,90.73043235370405,100.00000000000001,2026-08-28 13:57:43.139,3.777817777777778,9.661933333333334,False,2,3.0628419444444446,,True,1005.996075183788,1543.8533517221886,ok,0.726075183787998,0.726075183787998,0.07222688270693425,0.07222688270693425,-0.9766482778113641,0.9766482778113641,-0.06322043705853486,0.06322043705853486,False,False
380,2026-08-28,13:59:43.141,101,5,90.53,909.5,0.0,0.0,2.39,0.0,0.0,100.0,1005.285,0.003314579,0.01318359,1544.793,0.009757817,0.04846191,25.6894,0.0005887411,1498.41,0.0008694873,6.886789,2.603524e-05,100,0,1,0,Kennfeld_v2 (18)_korrigiert.csv,C:\Users\nikla\OneDrive\Documents\01_Uni\01_Master\00_Masterarbeit\sim_par_ink_prop\laboratory_measurement_L-Com\measurement_data\Kennfeld_v2 (18)_korrigiert.csv,381,1002.42,1.8062289259990822,3.612457851998165,3.612457851998165,0.23842301630055268,90.73043235370405,100.00000000000001,2026-08-28 13:59:43.141,3.811151666666667,2.000033333333333,False,2,3.0961758333333336,,True,1005.9984726861458,1543.8415600035355,ok,0.7134726861457921,0.7134726861457921,0.07097218063989735,0.07097218063989735,-0.9514399964643871,0.9514399964643871,-0.061590128675129106,0.061590128675129106,False,False
381,2026-08-28,14:01:43.143,102,5,90.53,909.5,0.0,0.0,2.39,0.0,0.0,100.0,1005.295,0.003297294,0.02044678,1544.773,0.0095679,0.05383301,25.69311,0.001476682,1498.414,0.001008339,6.886845,2.5641e-05,100,0,1,0,Kennfeld_v2 (18)_korrigiert.csv,C:\Users\nikla\OneDrive\Documents\01_Uni\01_Master\00_Masterarbeit\sim_par_ink_prop\laboratory_measurement_L-Com\measurement_data\Kennfeld_v2 (18)_korrigiert.csv,382,1002.42,1.8062289259990822,3.612457851998165,3.612457851998165,0.23842301630055268,90.73043235370405,100.00000000000001,2026-08-28 14:01:43.143,3.8444855555555555,2.000033333333333,False,2,3.1295097222222226,,True,1005.9972658023469,1543.8474963256365,ok,0.7022658023469148,0.7022658023469148,0.06985668906608655,0.06985668906608655,-0.9255036743634264,0.9255036743634264,-0.05991195304186612,0.05991195304186612,False,False
382,2026-08-28,14:03:43.145,103,5,90.53,909.5,0.0,0.0,2.39,0.0,0.0,100.0,1005.296,0.02261775,0.1121826,1544.761,0.01074965,0.0526123,25.69817,0.0009673203,1498.415,0.005499321,6.886878,2.876896e-05,100,0,1,0,Kennfeld_v2 (18)_korrigiert.csv,C:\Users\nikla\OneDrive\Documents\01_Uni\01_Master\00_Masterarbeit\sim_par_ink_prop\laboratory_measurement_L-Com\measurement_data\Kennfeld_v2 (18)_korrigiert.csv,383,1002.42,1.8062289259990822,3.612457851998165,3.612457851998165,0.23842301630055268,90.73043235370405,100.00000000000001,2026-08-28 14:03:43.145,3.8778194444444445,2.000033333333333,False,2,3.1628436111111107,,True,1005.9956197559139,1543.8555912494028,ok,0.6996197559138864,0.6996197559138864,0.06959340889786554,0.06959340889786554,-0.9054087505971893,0.9054087505971893,-0.05861157490363812,0.05861157490363812,False,False
383,2026-08-28,14:05:43.147,104,5,90.53,909.5,0.0,0.0,2.39,0.0,0.0,100.0,1005.304,0.003049586,0.012146,1544.749,0.008901481,0.04589844,25.70342,0.001942087,1498.418,0.0007569791,6.886911,2.371845e-05,100,0,1,0,Kennfeld_v2 (18)_korrigiert.csv,C:\Users\nikla\OneDrive\Documents\01_Uni\01_Master\00_Masterarbeit\sim_par_ink_prop\laboratory_measurement_L-Com\measurement_data\Kennfeld_v2 (18)_korrigiert.csv,384,1002.42,1.8062289259990822,3.612457851998165,3.612457851998165,0.23842301630055268,90.73043235370405,100.00000000000001,2026-08-28 14:05:43.147,3.9111533333333335,2.000033333333333,False,2,3.1961774999999997,,True,1005.9939119013344,1543.8639882838243,ok,0.6899119013344261,0.6899119013344261,0.06862719150967529,0.06862719150967529,-0.885011716175768,0.885011716175768,-0.05729161929710056,0.05729161929710056,False,False
384,2026-08-28,14:07:43.149,105,5,90.53,909.5,0.0,0.0,2.39,0.0,0.0,100.0,1005.309,0.002051466,0.01239014,1544.738,0.007508379,0.04101562,25.71,0.001584894,1498.42,0.000739957,6.886942,2.00936e-05,100,0,1,0,Kennfeld_v2 (18)_korrigiert.csv,C:\Users\nikla\OneDrive\Documents\01_Uni\01_Master\00_Masterarbeit\sim_par_ink_prop\laboratory_measurement_L-Com\measurement_data\Kennfeld_v2 (18)_korrigiert.csv,385,1002.42,1.8062289259990822,3.612457851998165,3.612457851998165,0.23842301630055268,90.73043235370405,100.00000000000001,2026-08-28 14:07:43.149,3.9444872222222225,2.000033333333333,False,2,3.2295113888888887,,True,1005.9917713901476,1543.8745099073633,ok,0.68277139014765,0.68277139014765,0.06791656994492738,0.06791656994492738,-0.8634900926367663,0.8634900926367663,-0.055898805663922704,0.055898805663922704,False,False
385,2026-09-01,08:01:44.879,1,101,0.0,0.0,0.0,0.0,0.0,0.0,0.0,0.0,997.616,0.003734187,0.0135498,1489.358,0.1629458,1.604736,22.33502,0.01510141,1495.873,0.002411427,7.039091,0.0004645038,100,0,0,0,Kennfeld_v2 (18)_korrigiert.csv,C:\Users\nikla\OneDrive\Documents\01_Uni\01_Master\00_Masterarbeit\sim_par_ink_prop\laboratory_measurement_L-Com\measurement_data\Kennfeld_v2 (18)_korrigiert.csv,386,0.0,,,,,,,2026-01-09 08:01:44.879,0.0,,False,1,0.0,ungültige Einwaage,False,,,skipped,,,,,,,,,False,False
386,2026-09-01,08:03:44.881,2,101,0.0,0.0,0.0,0.0,0.0,0.0,0.0,0.0,997.616,0.003734187,0.0135498,1489.358,0.1629458,1.604736,22.33502,0.01510141,1495.873,0.002411427,7.039091,0.0004645038,100,0,0,0,Kennfeld_v2 (18)_korrigiert.csv,C:\Users\nikla\OneDrive\Documents\01_Uni\01_Master\00_Masterarbeit\sim_par_ink_prop\laboratory_measurement_L-Com\measurement_data\Kennfeld_v2 (18)_korrigiert.csv,387,0.0,,,,,,,2026-01-09 08:03:44.881,0.033333888888888885,2.000033333333333,False,1,0.033333888888888885,ungültige Einwaage,False,,,skipped,,,,,,,,,False,False
387,2026-09-01,08:05:44.883,3,101,0.0,0.0,0.0,0.0,0.0,0.0,0.0,0.0,997.616,0.003734187,0.0135498,1489.358,0.1629458,1.604736,22.33502,0.01510141,1495.873,0.002411427,7.039091,0.0004645038,100,0,0,0,Kennfeld_v2 (18)_korrigiert.csv,C:\Users\nikla\OneDrive\Documents\01_Uni\01_Master\00_Masterarbeit\sim_par_ink_prop\laboratory_measurement_L-Com\measurement_data\Kennfeld_v2 (18)_korrigiert.csv,388,0.0,,,,,,,2026-01-09 08:05:44.883,0.06666777777777777,2.000033333333333,False,1,0.06666777777777777,ungültige Einwaage,False,,,skipped,,,,,,,,,False,False
388,2026-09-01,08:07:44.885,4,101,0.0,0.0,0.0,0.0,0.0,0.0,0.0,0.0,997.616,0.003734187,0.0135498,1489.358,0.1629458,1.604736,22.33502,0.01510141,1495.873,0.002411427,7.039091,0.0004645038,100,0,0,0,Kennfeld_v2 (18)_korrigiert.csv,C:\Users\nikla\OneDrive\Documents\01_Uni\01_Master\00_Masterarbeit\sim_par_ink_prop\laboratory_measurement_L-Com\measurement_data\Kennfeld_v2 (18)_korrigiert.csv,389,0.0,,,,,,,2026-01-09 08:07:44.885,0.10000166666666666,2.000033333333333,False,1,0.10000166666666666,ungültige Einwaage,False,,,skipped,,,,,,,,,False,False
389,2026-09-01,08:09:44.887,5,101,0.0,0.0,0.0,0.0,0.0,0.0,0.0,0.0,997.616,0.003734187,0.0135498,1489.358,0.1629458,1.604736,22.33502,0.01510141,1495.873,0.002411427,7.039091,0.0004645038,100,0,0,0,Kennfeld_v2 (18)_korrigiert.csv,C:\Users\nikla\OneDrive\Documents\01_Uni\01_Master\00_Masterarbeit\sim_par_ink_prop\laboratory_measurement_L-Com\measurement_data\Kennfeld_v2 (18)_korrigiert.csv,390,0.0,,,,,,,2026-01-09 08:09:44.887,0.13333555555555554,2.000033333333333,False,1,0.13333555555555554,ungültige Einwaage,False,,,skipped,,,,,,,,,False,False
390,2026-09-01,08:15:11.260,6,100,0.0,0.0,0.0,0.0,0.0,0.0,0.0,100.0,997.4391,0.002393119,0.009277344,1491.627,0.03032678,0.1113281,23.13396,0.01117135,1495.994,0.001868475,7.032815,8.36471e-05,100,1,1,1,Kennfeld_v2 (18)_korrigiert.csv,C:\Users\nikla\OneDrive\Documents\01_Uni\01_Master\00_Masterarbeit\sim_par_ink_prop\laboratory_measurement_L-Com\measurement_data\Kennfeld_v2 (18)_korrigiert.csv,391,0.0,,,,,,,2026-01-09 08:15:11.260,0.0,,False,1,0.0,ungültige Einwaage,False,,,skipped,,,,,,,,,False,False
391,2026-09-01,08:17:11.262,7,100,0.0,0.0,0.0,0.0,0.0,0.0,0.0,100.0,997.4286,0.002555996,0.009338379,1491.749,0.026801,0.09533691,23.17803,0.009981547,1496.001,0.001516305,7.032478,7.388161e-05,100,1,1,1,Kennfeld_v2 (18)_korrigiert.csv,C:\Users\nikla\OneDrive\Documents\01_Uni\01_Master\00_Masterarbeit\sim_par_ink_prop\laboratory_measurement_L-Com\measurement_data\Kennfeld_v2 (18)_korrigiert.csv,392,0.0,,,,,,,2026-01-09 08:17:11.262,0.033333888888888885,2.000033333333333,False,1,0.033333888888888885,ungültige Einwaage,False,,,skipped,,,,,,,,,False,False
392,2026-09-01,08:19:11.264,8,100,0.0,0.0,0.0,0.0,0.0,0.0,0.0,100.0,997.4194,0.002189088,0.007873535,1491.854,0.02146482,0.07775879,23.21642,0.00798645,1496.007,0.001233792,7.032189,5.915583e-05,100,1,1,1,Kennfeld_v2 (18)_korrigiert.csv,C:\Users\nikla\OneDrive\Documents\01_Uni\01_Master\00_Masterarbeit\sim_par_ink_prop\laboratory_measurement_L-Com\measurement_data\Kennfeld_v2 (18)_korrigiert.csv,393,0.0,,,,,,,2026-01-09 08:19:11.264,0.06666777777777777,2.000033333333333,False,1,0.06666777777777777,ungültige Einwaage,False,,,skipped,,,,,,,,,False,False
393,2026-09-01,08:21:11.266,9,100,0.0,0.0,0.0,0.0,0.0,0.0,0.0,100.0,997.4102,0.002475621,0.008972168,1491.956,0.03039878,0.1098633,23.25202,0.01051234,1496.012,0.001616735,7.031907,8.396674e-05,100,1,1,1,Kennfeld_v2 (18)_korrigiert.csv,C:\Users\nikla\OneDrive\Documents\01_Uni\01_Master\00_Masterarbeit\sim_par_ink_prop\laboratory_measurement_L-Com\measurement_data\Kennfeld_v2 (18)_korrigiert.csv,394,0.0,,,,,,,2026-01-09 08:21:11.266,0.10000166666666666,2.000033333333333,False,1,0.10000166666666666,ungültige Einwaage,False,,,skipped,,,,,,,,,False,False
394,2026-09-01,08:23:11.268,10,100,0.0,0.0,0.0,0.0,0.0,0.0,0.0,100.0,997.4,0.002681235,0.01019287,1492.075,0.02999005,0.09521484,23.2942,0.01066899,1496.019,0.001630976,7.031577,8.275856e-05,100,0,1,0,Kennfeld_v2 (18)_korrigiert.csv,C:\Users\nikla\OneDrive\Documents\01_Uni\01_Master\00_Masterarbeit\sim_par_ink_prop\laboratory_measurement_L-Com\measurement_data\Kennfeld_v2 (18)_korrigiert.csv,395,0.0,,,,,,,2026-01-09 08:23:11.268,0.13333555555555554,2.000033333333333,False,1,0.13333555555555554,ungültige Einwaage,False,,,skipped,,,,,,,,,False,False
395,2026-09-01,08:25:11.270,11,100,0.0,0.0,0.0,0.0,0.0,0.0,0.0,100.0,997.3908,0.00238748,0.009399414,1492.179,0.02363995,0.08508301,23.33234,0.008775051,1496.024,0.001311686,7.031291,6.51156e-05,100,1,1,1,Kennfeld_v2 (18)_korrigiert.csv,C:\Users\nikla\OneDrive\Documents\01_Uni\01_Master\00_Masterarbeit\sim_par_ink_prop\laboratory_measurement_L-Com\measurement_data\Kennfeld_v2 (18)_korrigiert.csv,396,0.0,,,,,,,2026-01-09 08:25:11.270,0.16666944444444445,2.000033333333333,False,1,0.16666944444444445,ungültige Einwaage,False,,,skipped,,,,,,,,,False,False
396,2026-09-01,08:27:11.272,12,100,0.0,0.0,0.0,0.0,0.0,0.0,0.0,100.0,997.381,0.002470092,0.008972168,1492.292,0.02921252,0.1107178,23.37208,0.0103027,1496.03,0.001549713,7.03098,8.061754e-05,100,1,1,1,Kennfeld_v2 (18)_korrigiert.csv,C:\Users\nikla\OneDrive\Documents\01_Uni\01_Master\00_Masterarbeit\sim_par_ink_prop\laboratory_measurement_L-Com\measurement_data\Kennfeld_v2 (18)_korrigiert.csv,397,0.0,,,,,,,2026-01-09 08:27:11.272,0.2000033333333333,2.000033333333333,False,1,0.2000033333333333,ungültige Einwaage,False,,,skipped,,,,,,,,,False,False
397,2026-09-01,08:29:11.274,13,100,0.0,0.0,0.0,0.0,0.0,0.0,0.0,100.0,997.3712,0.00258393,0.009216309,1492.405,0.02942051,0.1015625,23.41265,0.01028802,1496.036,0.001570728,7.030667,8.116679e-05,100,1,1,1,Kennfeld_v2 (18)_korrigiert.csv,C:\Users\nikla\OneDrive\Documents\01_Uni\01_Master\00_Masterarbeit\sim_par_ink_prop\laboratory_measurement_L-Com\measurement_data\Kennfeld_v2 (18)_korrigiert.csv,398,0.0,,,,,,,2026-01-09 08:29:11.274,0.23333722222222222,2.000033333333333,False,1,0.23333722222222222,ungültige Einwaage,False,,,skipped,,,,,,,,,False,False
398,2026-09-01,08:31:11.276,14,100,0.0,0.0,0.0,0.0,0.0,0.0,0.0,100.0,997.3607,0.002622142,0.009460449,1492.524,0.02893003,0.1003418,23.45549,0.01059763,1496.043,0.001578972,7.030339,7.972567e-05,100,1,1,1,Kennfeld_v2 (18)_korrigiert.csv,C:\Users\nikla\OneDrive\Documents\01_Uni\01_Master\00_Masterarbeit\sim_par_ink_prop\laboratory_measurement_L-Com\measurement_data\Kennfeld_v2 (18)_korrigiert.csv,399,0.0,,,,,,,2026-01-09 08:31:11.276,0.2666711111111111,2.000033333333333,False,1,0.2666711111111111,ungültige Einwaage,False,,,skipped,,,,,,,,,False,False
399,2026-09-01,08:33:11.278,15,100,0.0,0.0,0.0,0.0,0.0,0.0,0.0,100.0,997.3512,0.002358934,0.008483887,1492.632,0.02394076,0.08679199,23.49536,0.008356588,1496.049,0.001302644,7.030044,6.609782e-05,100,1,1,1,Kennfeld_v2 (18)_korrigiert.csv,C:\Users\nikla\OneDrive\Documents\01_Uni\01_Master\00_Masterarbeit\sim_par_ink_prop\laboratory_measurement_L-Com\measurement_data\Kennfeld_v2 (18)_korrigiert.csv,400,0.0,,,,,,,2026-01-09 08:33:11.278,0.300005,2.000033333333333,False,1,0.300005,ungültige Einwaage,False,,,skipped,,,,,,,,,False,False
400,2026-09-01,08:35:11.280,16,100,0.0,0.0,0.0,0.0,0.0,0.0,0.0,100.0,997.3429,0.001855782,0.006835937,1492.718,0.01820664,0.06726074,23.52681,0.006660895,1496.053,0.0009727047,7.029807,5.014889e-05,100,1,1,1,Kennfeld_v2 (18)_korrigiert.csv,C:\Users\nikla\OneDrive\Documents\01_Uni\01_Master\00_Masterarbeit\sim_par_ink_prop\laboratory_measurement_L-Com\measurement_data\Kennfeld_v2 (18)_korrigiert.csv,401,0.0,,,,,,,2026-01-09 08:35:11.280,0.3333388888888889,2.000033333333333,False,1,0.3333388888888889,ungültige Einwaage,False,,,skipped,,,,,,,,,False,False
401,2026-09-01,08:37:11.282,17,100,0.0,0.0,0.0,0.0,0.0,0.0,0.0,100.0,997.3348,0.002166089,0.00793457,1492.809,0.02330683,0.08410645,23.55857,0.00872379,1496.058,0.001284191,7.029554,6.412456e-05,100,1,1,1,Kennfeld_v2 (18)_korrigiert.csv,C:\Users\nikla\OneDrive\Documents\01_Uni\01_Master\00_Masterarbeit\sim_par_ink_prop\laboratory_measurement_L-Com\measurement_data\Kennfeld_v2 (18)_korrigiert.csv,402,0.0,,,,,,,2026-01-09 08:37:11.282,0.36667277777777774,2.000033333333333,False,1,0.36667277777777774,ungültige Einwaage,False,,,skipped,,,,,,,,,False,False
402,2026-09-01,08:39:11.284,18,100,0.0,0.0,0.0,0.0,0.0,0.0,0.0,100.0,997.3271,0.001882587,0.007019043,1492.891,0.0217316,0.07592773,23.58931,0.007691031,1496.063,0.001149712,7.029328,5.989366e-05,100,1,1,1,Kennfeld_v2 (18)_korrigiert.csv,C:\Users\nikla\OneDrive\Documents\01_Uni\01_Master\00_Masterarbeit\sim_par_ink_prop\laboratory_measurement_L-Com\measurement_data\Kennfeld_v2 (18)_korrigiert.csv,403,0.0,,,,,,,2026-01-09 08:39:11.284,0.4000066666666666,2.000033333333333,False,1,0.4000066666666666,ungültige Einwaage,False,,,skipped,,,,,,,,,False,False
403,2026-09-01,08:41:11.286,19,100,0.0,0.0,0.0,0.0,0.0,0.0,0.0,100.0,997.3193,0.001880095,0.007202148,1492.975,0.02063889,0.07104492,23.61991,0.007161796,1496.067,0.001076268,7.029096,5.693007e-05,100,1,1,1,Kennfeld_v2 (18)_korrigiert.csv,C:\Users\nikla\OneDrive\Documents\01_Uni\01_Master\00_Masterarbeit\sim_par_ink_prop\laboratory_measurement_L-Com\measurement_data\Kennfeld_v2 (18)_korrigiert.csv,404,0.0,,,,,,,2026-01-09 08:41:11.286,0.43334055555555556,2.000033333333333,False,1,0.43334055555555556,ungültige Einwaage,False,,,skipped,,,,,,,,,False,False
404,2026-09-01,08:43:11.288,20,100,0.0,0.0,0.0,0.0,0.0,0.0,0.0,100.0,997.3122,0.001667143,0.005981445,1493.048,0.01560044,0.05651855,23.64684,0.005976821,1496.071,0.0008518317,7.028897,4.287095e-05,100,1,1,1,Kennfeld_v2 (18)_korrigiert.csv,C:\Users\nikla\OneDrive\Documents\01_Uni\01_Master\00_Masterarbeit\sim_par_ink_prop\laboratory_measurement_L-Com\measurement_data\Kennfeld_v2 (18)_korrigiert.csv,405,0.0,,,,,,,2026-01-09 08:43:11.288,0.46667444444444445,2.000033333333333,False,1,0.46667444444444445,ungültige Einwaage,False,,,skipped,,,,,,,,,False,False
405,2026-09-01,08:45:11.291,21,100,0.0,0.0,0.0,0.0,0.0,0.0,0.0,100.0,997.3062,0.00145652,0.005615234,1493.111,0.01505381,0.05871582,23.67021,0.005716173,1496.074,0.0008314551,7.028723,4.139135e-05,100,1,1,1,Kennfeld_v2 (18)_korrigiert.csv,C:\Users\nikla\OneDrive\Documents\01_Uni\01_Master\00_Masterarbeit\sim_par_ink_prop\laboratory_measurement_L-Com\measurement_data\Kennfeld_v2 (18)_korrigiert.csv,406,0.0,,,,,,,2026-01-09 08:45:11.291,0.5000086111111111,2.00005,False,1,0.5000086111111111,ungültige Einwaage,False,,,skipped,,,,,,,,,False,False
406,2026-09-01,08:47:11.292,22,100,0.0,0.0,0.0,0.0,0.0,0.0,0.0,100.0,997.3006,0.001648201,0.006164551,1493.168,0.01728368,0.05834961,23.69086,0.005885762,1496.078,0.0009052636,7.028567,4.769077e-05,100,1,1,1,Kennfeld_v2 (18)_korrigiert.csv,C:\Users\nikla\OneDrive\Documents\01_Uni\01_Master\00_Masterarbeit\sim_par_ink_prop\laboratory_measurement_L-Com\measurement_data\Kennfeld_v2 (18)_korrigiert.csv,407,0.0,,,,,,,2026-01-09 08:47:11.292,0.5333422222222222,2.0000166666666668,False,1,0.5333422222222222,ungültige Einwaage,False,,,skipped,,,,,,,,,False,False
407,2026-09-01,08:49:11.294,23,100,0.0,0.0,0.0,0.0,0.0,0.0,0.0,100.0,997.295,0.001430464,0.005554199,1493.227,0.01443833,0.05114746,23.71239,0.005084777,1496.081,0.000742622,7.028404,3.978728e-05,100,1,1,1,Kennfeld_v2 (18)_korrigiert.csv,C:\Users\nikla\OneDrive\Documents\01_Uni\01_Master\00_Masterarbeit\sim_par_ink_prop\laboratory_measurement_L-Com\measurement_data\Kennfeld_v2 (18)_korrigiert.csv,408,0.0,,,,,,,2026-01-09 08:49:11.294,0.5666761111111112,2.000033333333333,False,1,0.5666761111111112,ungültige Einwaage,False,,,skipped,,,,,,,,,False,False
408,2026-09-01,08:51:11.297,24,100,0.0,0.0,0.0,0.0,0.0,0.0,0.0,100.0,997.29,0.001331743,0.005310059,1493.277,0.01292154,0.04760742,23.73102,0.004537912,1496.083,0.000678984,7.028266,3.562422e-05,100,1,1,1,Kennfeld_v2 (18)_korrigiert.csv,C:\Users\nikla\OneDrive\Documents\01_Uni\01_Master\00_Masterarbeit\sim_par_ink_prop\laboratory_measurement_L-Com\measurement_data\Kennfeld_v2 (18)_korrigiert.csv,409,0.0,,,,,,,2026-01-09 08:51:11.297,0.6000102777777777,2.00005,False,1,0.6000102777777777,ungültige Einwaage,False,,,skipped,,,,,,,,,False,False
409,2026-09-01,08:53:11.299,25,100,0.0,0.0,0.0,0.0,0.0,0.0,0.0,100.0,997.2844,0.001440366,0.005981445,1493.336,0.01550644,0.05700684,23.75169,0.005521527,1496.087,0.0008024443,7.028105,4.274127e-05,100,1,1,1,Kennfeld_v2 (18)_korrigiert.csv,C:\Users\nikla\OneDrive\Documents\01_Uni\01_Master\00_Masterarbeit\sim_par_ink_prop\laboratory_measurement_L-Com\measurement_data\Kennfeld_v2 (18)_korrigiert.csv,410,0.0,,,,,,,2026-01-09 08:53:11.299,0.6333441666666667,2.000033333333333,False,1,0.6333441666666667,ungültige Einwaage,False,,,skipped,,,,,,,,,False,False
410,2026-09-01,08:55:11.301,26,100,0.0,0.0,0.0,0.0,0.0,0.0,0.0,100.0,997.2787,0.00141337,0.005432129,1493.395,0.01380229,0.05029297,23.7731,0.005172334,1496.09,0.0007612609,7.027941,3.796849e-05,100,1,1,1,Kennfeld_v2 (18)_korrigiert.csv,C:\Users\nikla\OneDrive\Documents\01_Uni\01_Master\00_Masterarbeit\sim_par_ink_prop\laboratory_measurement_L-Com\measurement_data\Kennfeld_v2 (18)_korrigiert.csv,411,0.0,,,,,,,2026-01-09 08:55:11.301,0.6666780555555556,2.000033333333333,False,1,0.6666780555555556,ungültige Einwaage,False,,,skipped,,,,,,,,,False,False
411,2026-09-01,08:57:11.303,27,100,0.0,0.0,0.0,0.0,0.0,0.0,0.0,100.0,997.2745,0.001064929,0.00390625,1493.436,0.01109398,0.03918457,23.78895,0.003829734,1496.092,0.0005948453,7.02783,3.060923e-05,100,1,1,1,Kennfeld_v2 (18)_korrigiert.csv,C:\Users\nikla\OneDrive\Documents\01_Uni\01_Master\00_Masterarbeit\sim_par_ink_prop\laboratory_measurement_L-Com\measurement_data\Kennfeld_v2 (18)_korrigiert.csv,412,0.0,,,,,,,2026-01-09 08:57:11.303,0.7000119444444445,2.000033333333333,False,1,0.7000119444444445,ungültige Einwaage,False,,,skipped,,,,,,,,,False,False
412,2026-09-01,08:59:11.305,28,100,0.0,0.0,0.0,0.0,0.0,0.0,0.0,100.0,997.2701,0.001268325,0.004577637,1493.485,0.01444969,0.05102539,23.80584,0.004809075,1496.094,0.0007257164,7.027694,3.988418e-05,100,1,1,1,Kennfeld_v2 (18)_korrigiert.csv,C:\Users\nikla\OneDrive\Documents\01_Uni\01_Master\00_Masterarbeit\sim_par_ink_prop\laboratory_measurement_L-Com\measurement_data\Kennfeld_v2 (18)_korrigiert.csv,413,0.0,,,,,,,2026-01-09 08:59:11.305,0.7333458333333334,2.000033333333333,False,1,0.7333458333333334,ungültige Einwaage,False,,,skipped,,,,,,,,,False,False
413,2026-09-01,09:01:11.307,29,100,0.0,0.0,0.0,0.0,0.0,0.0,0.0,100.0,997.2648,0.001250748,0.004638672,1493.545,0.01380727,0.0501709,23.82664,0.005268521,1496.098,0.0007596824,7.02753,3.791673e-05,100,1,1,1,Kennfeld_v2 (18)_korrigiert.csv,C:\Users\nikla\OneDrive\Documents\01_Uni\01_Master\00_Masterarbeit\sim_par_ink_prop\laboratory_measurement_L-Com\measurement_data\Kennfeld_v2 (18)_korrigiert.csv,414,0.0,,,,,,,2026-01-09 09:01:11.307,0.7666797222222222,2.000033333333333,False,1,0.7666797222222222,ungültige Einwaage,False,,,skipped,,,,,,,,,False,False
414,2026-09-01,09:03:11.309,30,100,0.0,0.0,0.0,0.0,0.0,0.0,0.0,100.0,997.2604,0.001131958,0.004943848,1493.585,0.009832221,0.03723145,23.84272,0.003665409,1496.1,0.0005285444,7.02742,2.705102e-05,100,1,1,1,Kennfeld_v2 (18)_korrigiert.csv,C:\Users\nikla\OneDrive\Documents\01_Uni\01_Master\00_Masterarbeit\sim_par_ink_prop\laboratory_measurement_L-Com\measurement_data\Kennfeld_v2 (18)_korrigiert.csv,415,0.0,,,,,,,2026-01-09 09:03:11.309,0.8000136111111111,2.000033333333333,False,1,0.8000136111111111,ungültige Einwaage,False,,,skipped,,,,,,,,,False,False
415,2026-09-01,09:05:11.311,31,100,0.0,0.0,0.0,0.0,0.0,0.0,0.0,100.0,997.2559,0.001336355,0.005493164,1493.632,0.01263989,0.04296875,23.85933,0.004514559,1496.103,0.0006702918,7.027289,3.483606e-05,100,1,1,1,Kennfeld_v2 (18)_korrigiert.csv,C:\Users\nikla\OneDrive\Documents\01_Uni\01_Master\00_Masterarbeit\sim_par_ink_prop\laboratory_measurement_L-Com\measurement_data\Kennfeld_v2 (18)_korrigiert.csv,416,0.0,,,,,,,2026-01-09 09:05:11.311,0.8333475,2.000033333333333,False,1,0.8333475,ungültige Einwaage,False,,,skipped,,,,,,,,,False,False
416,2026-09-01,09:07:11.313,32,100,0.0,0.0,0.0,0.0,0.0,0.0,0.0,100.0,997.2523,0.00103269,0.004699707,1493.668,0.009671413,0.03674316,23.87328,0.003427436,1496.104,0.0005092533,7.027191,2.665667e-05,100,1,1,1,Kennfeld_v2 (18)_korrigiert.csv,C:\Users\nikla\OneDrive\Documents\01_Uni\01_Master\00_Masterarbeit\sim_par_ink_prop\laboratory_measurement_L-Com\measurement_data\Kennfeld_v2 (18)_korrigiert.csv,417,0.0,,,,,,,2026-01-09 09:07:11.313,0.8666813888888889,2.000033333333333,False,1,0.8666813888888889,ungültige Einwaage,False,,,skipped,,,,,,,,,False,False
417,2026-09-01,09:09:11.315,33,100,0.0,0.0,0.0,0.0,0.0,0.0,0.0,100.0,997.2495,0.000698995,0.003356934,1493.693,0.006051077,0.02355957,23.88321,0.001821873,1496.106,0.0002716752,7.027123,1.677635e-05,100,1,1,1,Kennfeld_v2 (18)_korrigiert.csv,C:\Users\nikla\OneDrive\Documents\01_Uni\01_Master\00_Masterarbeit\sim_par_ink_prop\laboratory_measurement_L-Com\measurement_data\Kennfeld_v2 (18)_korrigiert.csv,418,0.0,,,,,,,2026-01-09 09:09:11.315,0.9000152777777777,2.000033333333333,False,1,0.9000152777777777,ungültige Einwaage,False,,,skipped,,,,,,,,,False,False
418,2026-09-01,09:11:11.317,34,100,0.0,0.0,0.0,0.0,0.0,0.0,0.0,100.0,997.2473,0.0007788235,0.003417969,1493.71,0.005812441,0.02197266,23.88987,0.001767922,1496.107,0.0002847356,7.027077,1.612691e-05,100,1,1,1,Kennfeld_v2 (18)_korrigiert.csv,C:\Users\nikla\OneDrive\Documents\01_Uni\01_Master\00_Masterarbeit\sim_par_ink_prop\laboratory_measurement_L-Com\measurement_data\Kennfeld_v2 (18)_korrigiert.csv,419,0.0,,,,,,,2026-01-09 09:11:11.317,0.9333491666666666,2.000033333333333,False,1,0.9333491666666666,ungültige Einwaage,False,,,skipped,,,,,,,,,False,False
419,2026-09-01,09:13:11.319,35,100,0.0,0.0,0.0,0.0,0.0,0.0,0.0,100.0,997.2444,0.001107927,0.004211426,1493.74,0.01179563,0.04089355,23.89998,0.003547121,1496.108,0.0005615663,7.026993,3.26696e-05,100,1,1,1,Kennfeld_v2 (18)_korrigiert.csv,C:\Users\nikla\OneDrive\Documents\01_Uni\01_Master\00_Masterarbeit\sim_par_ink_prop\laboratory_measurement_L-Com\measurement_data\Kennfeld_v2 (18)_korrigiert.csv,420,0.0,,,,,,,2026-01-09 09:13:11.319,0.9666830555555556,2.000033333333333,False,1,0.9666830555555556,ungültige Einwaage,False,,,skipped,,,,,,,,,False,False
420,2026-09-01,09:15:11.321,36,100,0.0,0.0,0.0,0.0,0.0,0.0,0.0,100.0,997.2407,0.0009539952,0.004089355,1493.783,0.007709469,0.03100586,23.91487,0.003087674,1496.111,0.0004211144,7.026876,2.117996e-05,100,1,1,1,Kennfeld_v2 (18)_korrigiert.csv,C:\Users\nikla\OneDrive\Documents\01_Uni\01_Master\00_Masterarbeit\sim_par_ink_prop\laboratory_measurement_L-Com\measurement_data\Kennfeld_v2 (18)_korrigiert.csv,421,0.0,,,,,,,2026-01-09 09:15:11.321,1.0000169444444444,2.000033333333333,False,1,1.0000169444444444,ungültige Einwaage,False,,,skipped,,,,,,,,,False,False
421,2026-09-01,09:17:11.322,37,100,0.0,0.0,0.0,0.0,0.0,0.0,0.0,100.0,997.2375,0.0007111578,0.003173828,1493.81,0.005497479,0.02185059,23.92613,0.002204564,1496.112,0.0002961649,7.0268,1.512887e-05,100,1,1,1,Kennfeld_v2 (18)_korrigiert.csv,C:\Users\nikla\OneDrive\Documents\01_Uni\01_Master\00_Masterarbeit\sim_par_ink_prop\laboratory_measurement_L-Com\measurement_data\Kennfeld_v2 (18)_korrigiert.csv,422,0.0,,,,,,,2026-01-09 09:17:11.322,1.0333505555555555,2.0000166666666668,False,1,1.0333505555555555,ungültige Einwaage,False,,,skipped,,,,,,,,,False,False
422,2026-09-01,09:19:11.325,38,100,0.0,0.0,0.0,0.0,0.0,0.0,0.0,100.0,997.2351,0.00076725,0.003356934,1493.837,0.007733298,0.02587891,23.93521,0.002634914,1496.114,0.0003857296,7.026727,2.136809e-05,100,1,1,1,Kennfeld_v2 (18)_korrigiert.csv,C:\Users\nikla\OneDrive\Documents\01_Uni\01_Master\00_Masterarbeit\sim_par_ink_prop\laboratory_measurement_L-Com\measurement_data\Kennfeld_v2 (18)_korrigiert.csv,423,0.0,,,,,,,2026-01-09 09:19:11.325,1.0666847222222222,2.00005,False,1,1.0666847222222222,ungültige Einwaage,False,,,skipped,,,,,,,,,False,False
423,2026-09-01,09:21:11.327,39,100,0.0,0.0,0.0,0.0,0.0,0.0,0.0,100.0,997.2314,0.001127474,0.004455566,1493.876,0.01001392,0.03479004,23.94863,0.004031416,1496.116,0.0005750197,7.02662,2.746814e-05,100,1,1,1,Kennfeld_v2 (18)_korrigiert.csv,C:\Users\nikla\OneDrive\Documents\01_Uni\01_Master\00_Masterarbeit\sim_par_ink_prop\laboratory_measurement_L-Com\measurement_data\Kennfeld_v2 (18)_korrigiert.csv,424,0.0,,,,,,,2026-01-09 09:21:11.327,1.1000186111111112,2.000033333333333,False,1,1.1000186111111112,ungültige Einwaage,False,,,skipped,,,,,,,,,False,False
424,2026-09-01,09:23:11.329,40,100,0.0,0.0,0.0,0.0,0.0,0.0,0.0,100.0,997.2286,0.0007517763,0.002929688,1493.901,0.006377747,0.0234375,23.95904,0.00238808,1496.117,0.000342896,7.026551,1.754232e-05,100,1,1,1,Kennfeld_v2 (18)_korrigiert.csv,C:\Users\nikla\OneDrive\Documents\01_Uni\01_Master\00_Masterarbeit\sim_par_ink_prop\laboratory_measurement_L-Com\measurement_data\Kennfeld_v2 (18)_korrigiert.csv,425,0.0,,,,,,,2026-01-09 09:23:11.329,1.1333525,2.000033333333333,False,1,1.1333525,ungültige Einwaage,False,,,skipped,,,,,,,,,False,False
425,2026-09-01,09:25:11.331,41,100,0.0,0.0,0.0,0.0,0.0,0.0,0.0,100.0,997.2271,0.0005306674,0.002319336,1493.908,0.0030785,0.01342773,23.96324,0.0005962605,1496.118,0.0001206752,7.026531,8.701935e-06,100,1,1,1,Kennfeld_v2 (18)_korrigiert.csv,C:\Users\nikla\OneDrive\Documents\01_Uni\01_Master\00_Masterarbeit\sim_par_ink_prop\laboratory_measurement_L-Com\measurement_data\Kennfeld_v2 (18)_korrigiert.csv,426,0.0,,,,,,,2026-01-09 09:25:11.331,1.1666863888888888,2.000033333333333,False,1,1.1666863888888888,ungültige Einwaage,False,,,skipped,,,,,,,,,False,False
426,2026-09-01,09:36:05.691,42,102,39.55,399.73,0.0,0.0,0.0,0.0,0.0,100.0,1004.923,0.002603775,0.008789063,1540.622,0.02795822,0.1201172,23.53102,0.01462812,1497.876,0.003341186,6.897344,7.198627e-05,100,0,1,0,Kennfeld_v2 (18)_korrigiert.csv,C:\Users\nikla\OneDrive\Documents\01_Uni\01_Master\00_Masterarbeit\sim_par_ink_prop\laboratory_measurement_L-Com\measurement_data\Kennfeld_v2 (18)_korrigiert.csv,427,439.28000000000003,1.8006738299034784,3.6013476598069567,3.6013476598069567,0.0,90.9966308504826,100.0,2026-01-09 09:36:05.691,0.0,,False,1,0.0,,True,1005.9096105714565,1540.0687882140908,ok,0.986610571456481,0.986610571456481,0.09817772818976986,0.09817772818976986,-0.5532117859092978,0.5532117859092978,-0.035908340002239206,0.035908340002239206,False,False
427,2026-09-01,09:38:05.693,43,102,39.55,399.73,0.0,0.0,0.0,0.0,0.0,100.0,1004.927,0.001254763,0.005859375,1540.634,0.01073637,0.06970215,23.58362,0.01033977,1497.888,0.00229053,6.897328,3.072231e-05,100,1,1,1,Kennfeld_v2 (18)_korrigiert.csv,C:\Users\nikla\OneDrive\Documents\01_Uni\01_Master\00_Masterarbeit\sim_par_ink_prop\laboratory_measurement_L-Com\measurement_data\Kennfeld_v2 (18)_korrigiert.csv,428,439.28000000000003,1.8006738299034784,3.6013476598069567,3.6013476598069567,0.0,90.9966308504826,100.0,2026-01-09 09:38:05.693,0.033333888888888885,2.000033333333333,False,1,0.033333888888888885,,True,1005.8931705214115,1540.162011781198,ok,0.9661705214115273,0.9661705214115273,0.09614335383679881,0.09614335383679881,-0.47198821880192554,0.47198821880192554,-0.030635973164419683,0.030635973164419683,False,False
428,2026-09-01,11:54:36.679,44,7,90.96,909.61,0.0,0.0,0.0,0.0,0.0,100.0,1003.682,0.03015087,0.1056519,1544.889,0.0464481,0.2731934,24.30361,0.002922506,1497.738,0.007199551,6.886155,0.0001237687,100,0,1,0,Kennfeld_v2 (18)_korrigiert.csv,C:\Users\nikla\OneDrive\Documents\01_Uni\01_Master\00_Masterarbeit\sim_par_ink_prop\laboratory_measurement_L-Com\measurement_data\Kennfeld_v2 (18)_korrigiert.csv,429,1000.57,1.8181636467213687,3.6363272934427378,3.6363272934427378,0.0,90.90918176639315,99.99999999999999,2026-01-09 11:54:36.679,0.0,,False,1,0.0,,True,1005.7572514911377,1541.855506802543,ok,2.075251491137692,2.075251491137692,0.20676384463781278,0.20676384463781278,-3.0334931974568917,3.0334931974568917,-0.19635670895817706,0.19635670895817706,False,False
429,2026-09-01,11:56:36.681,45,7,90.96,909.61,0.0,0.0,0.0,0.0,0.0,100.0,1003.79,0.03317066,0.1207275,1544.873,0.0332428,0.1569824,24.31574,0.002576994,1497.767,0.0082194,6.886201,8.872463e-05,100,0,1,0,Kennfeld_v2 (18)_korrigiert.csv,C:\Users\nikla\OneDrive\Documents\01_Uni\01_Master\00_Masterarbeit\sim_par_ink_prop\laboratory_measurement_L-Com\measurement_data\Kennfeld_v2 (18)_korrigiert.csv,430,1000.57,1.8181636467213687,3.6363272934427378,3.6363272934427378,0.0,90.90918176639315,99.99999999999999,2026-01-09 11:56:36.681,0.033333888888888885,2.000033333333333,False,1,0.033333888888888885,,True,1005.7534477598995,1541.8761091500226,ok,1.963447759899509,1.963447759899509,0.1956034389563065,0.1956034389563065,-2.99689084997749,2.99689084997749,-0.1939894638573844,0.1939894638573844,False,False
430,2026-09-01,12:08:19.932,46,6,90.95,909.49,0.0,0.0,0.0,0.0,0.0,100.0,1004.229,0.01155522,0.04467773,1544.0,0.03321865,0.1766357,23.98922,0.01371457,1497.804,0.006175502,6.888441,8.784659e-05,100,0,1,0,Kennfeld_v2 (18)_korrigiert.csv,C:\Users\nikla\OneDrive\Documents\01_Uni\01_Master\00_Masterarbeit\sim_par_ink_prop\laboratory_measurement_L-Com\measurement_data\Kennfeld_v2 (18)_korrigiert.csv,431,1000.44,1.8181999920035183,3.636399984007037,3.636399984007037,0.0,90.9090000399824,100.0,2026-01-09 12:08:19.932,0.0,,False,1,0.0,,True,1005.8560238967129,1541.3181101872608,ok,1.627023896712899,1.627023896712899,0.16201721885276155,0.16201721885276155,-2.6818898127392004,2.6818898127392004,-0.1736975267318135,0.1736975267318135,False,False
431,2026-09-01,12:10:19.934,47,6,90.95,909.49,0.0,0.0,0.0,0.0,0.0,100.0,1004.254,0.00798346,0.03356934,1544.002,0.02007694,0.1148682,24.03339,0.009619438,1497.82,0.003376426,6.888446,5.394283e-05,100,0,1,0,Kennfeld_v2 (18)_korrigiert.csv,C:\Users\nikla\OneDrive\Documents\01_Uni\01_Master\00_Masterarbeit\sim_par_ink_prop\laboratory_measurement_L-Com\measurement_data\Kennfeld_v2 (18)_korrigiert.csv,432,1000.44,1.8181999920035183,3.636399984007037,3.636399984007037,0.0,90.9090000399824,100.0,2026-01-09 12:10:19.934,0.033333888888888885,2.000033333333333,False,1,0.033333888888888885,,True,1005.8421730043792,1541.3942431270068,ok,1.5881730043792004,1.5881730043792004,0.15814455350729997,0.15814455350729997,-2.60775687299315,2.60775687299315,-0.16889595175350486,0.16889595175350486,False,False
432,2026-09-01,12:12:19.936,48,6,90.95,909.49,0.0,0.0,0.0,0.0,0.0,100.0,1004.269,0.006956404,0.02697754,1544.011,0.01551007,0.0814209,24.07062,0.00852698,1497.832,0.00328732,6.888432,4.101183e-05,100,0,1,0,Kennfeld_v2 (18)_korrigiert.csv,C:\Users\nikla\OneDrive\Documents\01_Uni\01_Master\00_Masterarbeit\sim_par_ink_prop\laboratory_measurement_L-Com\measurement_data\Kennfeld_v2 (18)_korrigiert.csv,433,1000.44,1.8181999920035183,3.636399984007037,3.636399984007037,0.0,90.9090000399824,100.0,2026-01-09 12:12:19.936,0.06666777777777777,2.000033333333333,False,1,0.06666777777777777,,True,1005.8304983612904,1541.4582866722028,ok,1.5614983612904325,1.5614983612904325,0.15548606611280769,0.15548606611280769,-2.5527133277971643,2.5527133277971643,-0.16532999621098324,0.16532999621098324,False,False
433,2026-09-01,12:14:19.939,49,6,90.95,909.49,0.0,0.0,0.0,0.0,0.0,100.0,1004.279,0.004098218,0.01977539,1544.041,0.01744394,0.08361816,24.11127,0.01069086,1497.843,0.002737907,6.888364,4.583244e-05,100,0,1,0,Kennfeld_v2 (18)_korrigiert.csv,C:\Users\nikla\OneDrive\Documents\01_Uni\01_Master\00_Masterarbeit\sim_par_ink_prop\laboratory_measurement_L-Com\measurement_data\Kennfeld_v2 (18)_korrigiert.csv,434,1000.44,1.8181999920035183,3.636399984007037,3.636399984007037,0.0,90.9090000399824,100.0,2026-01-09 12:14:19.939,0.10000194444444445,2.00005,False,1,0.10000194444444445,,True,1005.8177512628837,1541.5280800988237,ok,1.538751262883693,1.538751262883693,0.15321950004766535,0.15321950004766535,-2.5129199011762466,2.5129199011762466,-0.16274955789232584,0.16274955789232584,False,False
434,2026-09-01,12:16:19.942,50,6,90.95,909.49,0.0,0.0,0.0,0.0,0.0,100.0,1004.283,0.00473271,0.0211792,1544.062,0.01728144,0.09216309,24.14861,0.00855979,1497.852,0.002074252,6.888317,4.516677e-05,100,0,1,0,Kennfeld_v2 (18)_korrigiert.csv,C:\Users\nikla\OneDrive\Documents\01_Uni\01_Master\00_Masterarbeit\sim_par_ink_prop\laboratory_measurement_L-Com\measurement_data\Kennfeld_v2 (18)_korrigiert.csv,435,1000.44,1.8181999920035183,3.636399984007037,3.636399984007037,0.0,90.9090000399824,100.0,2026-01-09 12:16:19.942,0.1333361111111111,2.00005,False,1,0.1333361111111111,,True,1005.8060421143554,1541.5920677315596,ok,1.5230421143553485,1.5230421143553485,0.1516546744648021,0.1516546744648021,-2.4699322684402887,2.4699322684402887,-0.15996328310911664,0.15996328310911664,False,False
435,2026-09-01,12:18:19.944,51,6,90.95,909.49,0.0,0.0,0.0,0.0,0.0,100.0,1004.283,0.004903788,0.02215576,1544.087,0.014649,0.06591797,24.18376,0.008351907,1497.859,0.002487094,6.888262,3.852226e-05,100,0,1,0,Kennfeld_v2 (18)_korrigiert.csv,C:\Users\nikla\OneDrive\Documents\01_Uni\01_Master\00_Masterarbeit\sim_par_ink_prop\laboratory_measurement_L-Com\measurement_data\Kennfeld_v2 (18)_korrigiert.csv,436,1000.44,1.8181999920035183,3.636399984007037,3.636399984007037,0.0,90.9090000399824,100.0,2026-01-09 12:18:19.944,0.16666999999999998,2.000033333333333,False,1,0.16666999999999998,,True,1005.7950197051913,1541.6521949405378,ok,1.5120197051912783,1.5120197051912783,0.15055713431286583,0.15055713431286583,-2.434805059462178,2.434805059462178,-0.15768574306125097,0.15768574306125097,False,False
436,2026-09-01,12:20:19.946,52,6,90.95,909.49,0.0,0.0,0.0,0.0,0.0,100.0,1004.288,0.004510963,0.0199585,1544.102,0.01524868,0.06958008,24.21793,0.008013417,1497.868,0.001589908,6.888229,4.010139e-05,100,0,1,0,Kennfeld_v2 (18)_korrigiert.csv,C:\Users\nikla\OneDrive\Documents\01_Uni\01_Master\00_Masterarbeit\sim_par_ink_prop\laboratory_measurement_L-Com\measurement_data\Kennfeld_v2 (18)_korrigiert.csv,437,1000.44,1.8181999920035183,3.636399984007037,3.636399984007037,0.0,90.9090000399824,100.0,2026-01-09 12:20:19.946,0.2000038888888889,2.000033333333333,False,1,0.2000038888888889,,True,1005.7843046017738,1541.7105456827908,ok,1.4963046017737724,1.4963046017737724,0.14899158426405298,0.14899158426405298,-2.391454317209309,2.391454317209309,-0.15487670615084423,0.15487670615084423,False,False
437,2026-09-01,12:22:19.948,53,6,90.95,909.49,0.0,0.0,0.0,0.0,0.0,100.0,1004.287,0.004565504,0.01898193,1544.124,0.01557702,0.08312988,24.25018,0.007752515,1497.874,0.002301145,6.88818,4.074918e-05,100,0,1,0,Kennfeld_v2 (18)_korrigiert.csv,C:\Users\nikla\OneDrive\Documents\01_Uni\01_Master\00_Masterarbeit\sim_par_ink_prop\laboratory_measurement_L-Com\measurement_data\Kennfeld_v2 (18)_korrigiert.csv,438,1000.44,1.8181999920035183,3.636399984007037,3.636399984007037,0.0,90.9090000399824,100.0,2026-01-09 12:22:19.948,0.23333777777777776,2.000033333333333,False,1,0.23333777777777776,,True,1005.774191571941,1541.7655270966764,ok,1.4871915719409117,1.4871915719409117,0.14808431971547092,0.14808431971547092,-2.3584729033236727,2.3584729033236727,-0.15273856913846767,0.15273856913846767,False,False
438,2026-09-01,12:33:18.784,54,102,39.55,399.73,0.0,0.0,0.0,0.0,0.0,100.0,1003.713,0.04417967,0.1530762,1541.76,0.01201319,0.05395508,24.26578,0.02091949,1497.742,0.0143761,6.8945,2.907734e-05,100,0,1,0,Kennfeld_v2 (18)_korrigiert.csv,C:\Users\nikla\OneDrive\Documents\01_Uni\01_Master\00_Masterarbeit\sim_par_ink_prop\laboratory_measurement_L-Com\measurement_data\Kennfeld_v2 (18)_korrigiert.csv,439,439.28000000000003,1.8006738299034784,3.6013476598069567,3.6013476598069567,0.0,90.9966308504826,100.0,2026-01-09 12:33:18.784,2.953636944444445,175.21818333333334,True,2,0.0,,True,1005.6799614485046,1541.350121025005,ok,1.9669614485046623,1.9669614485046623,0.19596851375887953,0.19596851375887953,-0.4098789749950811,0.4098789749950811,-0.026585134845571366,0.026585134845571366,False,False
439,2026-09-01,12:35:18.787,55,102,39.55,399.73,0.0,0.0,0.0,0.0,0.0,100.0,1003.848,0.02293929,0.08135986,1541.792,0.01329895,0.06787109,24.3368,0.01443377,1497.788,0.008378972,6.894434,3.289528e-05,100,0,1,0,Kennfeld_v2 (18)_korrigiert.csv,C:\Users\nikla\OneDrive\Documents\01_Uni\01_Master\00_Masterarbeit\sim_par_ink_prop\laboratory_measurement_L-Com\measurement_data\Kennfeld_v2 (18)_korrigiert.csv,440,439.28000000000003,1.8006738299034784,3.6013476598069567,3.6013476598069567,0.0,90.9966308504826,100.0,2026-01-09 12:35:18.787,2.986971111111111,2.00005,False,2,0.033334166666666665,,True,1005.6577640442237,1541.4715648446552,ok,1.809764044223698,1.809764044223698,0.18028267668249556,0.18028267668249556,-0.32043515534473954,0.32043515534473954,-0.02078329342380422,0.02078329342380422,False,False
440,2026-09-01,12:37:18.788,56,102,39.55,399.73,0.0,0.0,0.0,0.0,0.0,100.0,1003.926,0.01537376,0.05401611,1541.825,0.01216866,0.05810547,24.39132,0.01252264,1497.818,0.006183714,6.89436,3.059874e-05,100,0,1,0,Kennfeld_v2 (18)_korrigiert.csv,C:\Users\nikla\OneDrive\Documents\01_Uni\01_Master\00_Masterarbeit\sim_par_ink_prop\laboratory_measurement_L-Com\measurement_data\Kennfeld_v2 (18)_korrigiert.csv,441,439.28000000000003,1.8006738299034784,3.6013476598069567,3.6013476598069567,0.0,90.9966308504826,100.0,2026-01-09 12:37:18.788,3.0203047222222223,2.0000166666666668,False,2,0.06666777777777777,,True,1005.6407237252524,1541.5645030132796,ok,1.7147237252523837,1.7147237252523837,0.17080180464022085,0.17080180464022085,-0.2604969867204545,0.2604969867204545,-0.016895366641509542,0.016895366641509542,False,False
441,2026-09-01,12:39:18.790,57,102,39.55,399.73,0.0,0.0,0.0,0.0,0.0,100.0,1003.984,0.01451895,0.04949951,1541.841,0.009742208,0.05310059,24.4336,0.008541428,1497.84,0.005063407,6.894328,2.572721e-05,100,0,1,0,Kennfeld_v2 (18)_korrigiert.csv,C:\Users\nikla\OneDrive\Documents\01_Uni\01_Master\00_Masterarbeit\sim_par_ink_prop\laboratory_measurement_L-Com\measurement_data\Kennfeld_v2 (18)_korrigiert.csv,442,439.28000000000003,1.8006738299034784,3.6013476598069567,3.6013476598069567,0.0,90.9966308504826,100.0,2026-01-09 12:39:18.790,3.0536386111111113,2.000033333333333,False,2,0.10000166666666666,,True,1005.6275090309703,1541.6364019290331,ok,1.6435090309702218,1.6435090309702218,0.1636987273671913,0.1636987273671913,-0.2045980709667674,0.2045980709667674,-0.013269725669946993,0.013269725669946993,False,False
442,2026-09-01,12:41:18.792,58,102,39.55,399.73,0.0,0.0,0.0,0.0,0.0,100.0,1004.038,0.01199303,0.04095459,1541.846,0.01013472,0.04785156,24.46672,0.007837113,1497.859,0.004457091,6.894324,2.646847e-05,100,0,1,0,Kennfeld_v2 (18)_korrigiert.csv,C:\Users\nikla\OneDrive\Documents\01_Uni\01_Master\00_Masterarbeit\sim_par_ink_prop\laboratory_measurement_L-Com\measurement_data\Kennfeld_v2 (18)_korrigiert.csv,443,439.28000000000003,1.8006738299034784,3.6013476598069567,3.6013476598069567,0.0,90.9966308504826,100.0,2026-01-09 12:41:18.792,3.0869725000000003,2.000033333333333,False,2,0.13333555555555554,,True,1005.617157307088,1541.6926174332534,ok,1.5791573070879394,1.5791573070879394,0.15728063151872135,0.15728063151872135,-0.15338256674658624,0.15338256674658624,-0.009947982272327212,0.009947982272327212,False,False
443,2026-09-01,12:43:18.794,59,102,39.55,399.73,0.0,0.0,0.0,0.0,0.0,100.0,1004.084,0.01115807,0.03826904,1541.858,0.008964416,0.03942871,24.49839,0.007988399,1497.877,0.004244269,6.894301,2.35914e-05,100,0,1,0,Kennfeld_v2 (18)_korrigiert.csv,C:\Users\nikla\OneDrive\Documents\01_Uni\01_Master\00_Masterarbeit\sim_par_ink_prop\laboratory_measurement_L-Com\measurement_data\Kennfeld_v2 (18)_korrigiert.csv,444,439.28000000000003,1.8006738299034784,3.6013476598069567,3.6013476598069567,0.0,90.9966308504826,100.0,2026-01-09 12:43:18.794,3.1203063888888884,2.000033333333333,False,2,0.16666944444444445,,True,1005.6072587795744,1541.7462842394852,ok,1.523258779574462,1.523258779574462,0.15170630938989788,0.15170630938989788,-0.11171576051469856,0.11171576051469856,-0.007245528480229604,0.007245528480229604,False,False
444,2026-09-01,12:45:18.797,60,102,39.55,399.73,0.0,0.0,0.0,0.0,0.0,100.0,1004.128,0.00987652,0.03289795,1541.872,0.009528783,0.04626465,24.53,0.008475078,1497.894,0.004023927,6.894272,2.481455e-05,100,0,1,0,Kennfeld_v2 (18)_korrigiert.csv,C:\Users\nikla\OneDrive\Documents\01_Uni\01_Master\00_Masterarbeit\sim_par_ink_prop\laboratory_measurement_L-Com\measurement_data\Kennfeld_v2 (18)_korrigiert.csv,445,439.28000000000003,1.8006738299034784,3.6013476598069567,3.6013476598069567,0.0,90.9966308504826,100.0,2026-01-09 12:45:18.797,3.1536405555555556,2.00005,False,2,0.20000361111111112,,True,1005.5973790011916,1541.7997639070963,ok,1.4693790011915553,1.4693790011915553,0.14633383405218808,0.14633383405218808,-0.07223609290372224,0.07223609290372224,-0.004684960418486245,0.004684960418486245,False,False
445,2026-09-01,12:47:18.799,61,102,39.55,399.73,0.0,0.0,0.0,0.0,0.0,100.0,1004.167,0.009999688,0.03436279,1541.879,0.008542486,0.04138184,24.55848,0.006497399,1497.909,0.003689865,6.894261,2.276123e-05,100,0,1,0,Kennfeld_v2 (18)_korrigiert.csv,C:\Users\nikla\OneDrive\Documents\01_Uni\01_Master\00_Masterarbeit\sim_par_ink_prop\laboratory_measurement_L-Com\measurement_data\Kennfeld_v2 (18)_korrigiert.csv,446,439.28000000000003,1.8006738299034784,3.6013476598069567,3.6013476598069567,0.0,90.9966308504826,100.0,2026-01-09 12:47:18.799,3.1869744444444446,2.000033333333333,False,2,0.2333375,,True,1005.5884775081034,1541.8478748573707,ok,1.4214775081034077,1.4214775081034077,0.14155787912801432,0.14155787912801432,-0.031125142629207403,0.031125142629207403,-0.002018650142404651,0.002018650142404651,False,False
446,2026-09-01,12:49:18.801,62,102,39.55,399.73,0.0,0.0,0.0,0.0,0.0,100.0,1004.209,0.009274328,0.03308105,1541.872,0.01062791,0.04553223,24.5806,0.005785411,1497.923,0.00344268,6.894285,2.845074e-05,100,0,1,0,Kennfeld_v2 (18)_korrigiert.csv,C:\Users\nikla\OneDrive\Documents\01_Uni\01_Master\00_Masterarbeit\sim_par_ink_prop\laboratory_measurement_L-Com\measurement_data\Kennfeld_v2 (18)_korrigiert.csv,447,439.28000000000003,1.8006738299034784,3.6013476598069567,3.6013476598069567,0.0,90.9966308504826,100.0,2026-01-09 12:49:18.801,3.2203083333333336,2.000033333333333,False,2,0.2666713888888889,,True,1005.5815638462053,1541.8851940107706,ok,1.3725638462053666,1.3725638462053666,0.13668109389632704,0.13668109389632704,0.013194010770575915,0.013194010770575915,0.0008557137538379265,0.0008557137538379265,False,False
447,2026-09-01,12:51:18.803,63,102,39.55,399.73,0.0,0.0,0.0,0.0,0.0,100.0,1004.247,0.0091604,0.03161621,1541.871,0.01022221,0.04956055,24.60173,0.005442195,1497.937,0.003359293,6.894294,2.736893e-05,100,0,1,0,Kennfeld_v2 (18)_korrigiert.csv,C:\Users\nikla\OneDrive\Documents\01_Uni\01_Master\00_Masterarbeit\sim_par_ink_prop\laboratory_measurement_L-Com\measurement_data\Kennfeld_v2 (18)_korrigiert.csv,448,439.28000000000003,1.8006738299034784,3.6013476598069567,3.6013476598069567,0.0,90.9966308504826,100.0,2026-01-09 12:51:18.803,3.253642222222222,2.000033333333333,False,2,0.3000052777777778,,True,1005.5749596094817,1541.9208037550125,ok,1.3279596094816952,1.3279596094816952,0.1322343616143932,0.1322343616143932,0.04980375501236267,0.04980375501236267,0.003230085721332243,0.003230085721332243,False,False
448,2026-09-01,13:12:15.940,64,6,90.95,909.49,0.0,0.0,0.0,0.0,0.0,100.0,1004.275,0.01092356,0.03869629,1544.205,0.01989715,0.09155273,24.47262,0.006695489,1497.913,0.004669733,6.888024,5.406754e-05,100,0,1,0,Kennfeld_v2 (18)_korrigiert.csv,C:\Users\nikla\OneDrive\Documents\01_Uni\01_Master\00_Masterarbeit\sim_par_ink_prop\laboratory_measurement_L-Com\measurement_data\Kennfeld_v2 (18)_korrigiert.csv,449,1000.44,1.8181999920035183,3.636399984007037,3.636399984007037,0.0,90.9090000399824,100.0,2026-01-09 13:12:15.940,1.0655577777777778,49.93320000000001,False,1,1.0655577777777778,,True,1005.7044382089908,1542.1423490680352,ok,1.4294382089908595,1.4294382089908595,0.1423353373319917,0.1423353373319917,-2.062650931964754,2.062650931964754,-0.13357364676093875,0.13357364676093875,False,False
449,2026-09-01,13:14:15.942,65,6,90.95,909.49,0.0,0.0,0.0,0.0,0.0,100.0,1004.292,0.004686535,0.02166748,1544.197,0.01163348,0.05725098,24.50241,0.00611282,1497.925,0.002112753,6.888054,3.138773e-05,100,0,1,0,Kennfeld_v2 (18)_korrigiert.csv,C:\Users\nikla\OneDrive\Documents\01_Uni\01_Master\00_Masterarbeit\sim_par_ink_prop\laboratory_measurement_L-Com\measurement_data\Kennfeld_v2 (18)_korrigiert.csv,450,1000.44,1.8181999920035183,3.636399984007037,3.636399984007037,0.0,90.9090000399824,100.0,2026-01-09 13:14:15.942,1.0988916666666668,2.000033333333333,False,1,1.0988916666666668,,True,1005.6950965619174,1542.192494463901,ok,1.403096561917323,1.403096561917323,0.13971002078253367,0.13971002078253367,-2.0045055360988044,2.0045055360988044,-0.1298089256810371,0.1298089256810371,False,False
450,2026-09-01,13:16:15.944,66,6,90.95,909.49,0.0,0.0,0.0,0.0,0.0,100.0,1004.29,0.009684168,0.05169678,1544.186,0.01112515,0.0579834,24.52436,0.005373783,1497.93,0.002354421,6.888091,3.007598e-05,100,0,1,0,Kennfeld_v2 (18)_korrigiert.csv,C:\Users\nikla\OneDrive\Documents\01_Uni\01_Master\00_Masterarbeit\sim_par_ink_prop\laboratory_measurement_L-Com\measurement_data\Kennfeld_v2 (18)_korrigiert.csv,451,1000.44,1.8181999920035183,3.636399984007037,3.636399984007037,0.0,90.9090000399824,100.0,2026-01-09 13:16:15.944,1.1322255555555556,2.000033333333333,False,1,1.1322255555555556,,True,1005.6882134058278,1542.229394293771,ok,1.3982134058278461,1.3982134058278461,0.13922406932537876,0.13922406932537876,-1.9566057062288564,1.9566057062288564,-0.1267079034668658,0.1267079034668658,False,False
451,2026-09-01,13:18:15.946,67,6,90.95,909.49,0.0,0.0,0.0,0.0,0.0,100.0,1004.235,0.06862321,0.2564087,1544.155,0.01221044,0.06970215,24.54161,0.003675853,1497.92,0.01648447,6.888178,3.297563e-05,100,0,1,0,Kennfeld_v2 (18)_korrigiert.csv,C:\Users\nikla\OneDrive\Documents\01_Uni\01_Master\00_Masterarbeit\sim_par_ink_prop\laboratory_measurement_L-Com\measurement_data\Kennfeld_v2 (18)_korrigiert.csv,452,1000.44,1.8181999920035183,3.636399984007037,3.636399984007037,0.0,90.9090000399824,100.0,2026-01-09 13:18:15.946,1.1655594444444444,2.000033333333333,False,1,1.1655594444444444,,True,1005.6828040904842,1542.2583641069145,ok,1.4478040904841691,1.4478040904841691,0.14416984973479008,0.14416984973479008,-1.8966358930854312,1.8966358930854312,-0.12282678183766728,0.12282678183766728,False,False
452,2026-09-01,13:20:15.948,68,6,90.95,909.49,0.0,0.0,0.0,0.0,0.0,100.0,1004.28,0.03552017,0.1115112,1544.126,0.01118622,0.046875,24.55703,0.004383021,1497.935,0.009096241,6.888257,3.042981e-05,100,0,1,0,Kennfeld_v2 (18)_korrigiert.csv,C:\Users\nikla\OneDrive\Documents\01_Uni\01_Master\00_Masterarbeit\sim_par_ink_prop\laboratory_measurement_L-Com\measurement_data\Kennfeld_v2 (18)_korrigiert.csv,453,1000.44,1.8181999920035183,3.636399984007037,3.636399984007037,0.0,90.9090000399824,100.0,2026-01-09 13:20:15.948,1.1988933333333331,2.000033333333333,False,1,1.1988933333333331,,True,1005.67796863195,1542.284239045938,ok,1.3979686319499933,1.3979686319499933,0.13920108256163555,0.13920108256163555,-1.8417609540620106,1.8417609540620106,-0.11927530227857122,0.11927530227857122,False,False
453,2026-09-01,13:22:15.950,69,6,90.95,909.49,0.0,0.0,0.0,0.0,0.0,100.0,1004.3,0.05302805,0.2631226,1544.099,0.0128057,0.07348633,24.57141,0.002841958,1497.941,0.01281335,6.888335,3.401056e-05,100,0,1,0,Kennfeld_v2 (18)_korrigiert.csv,C:\Users\nikla\OneDrive\Documents\01_Uni\01_Master\00_Masterarbeit\sim_par_ink_prop\laboratory_measurement_L-Com\measurement_data\Kennfeld_v2 (18)_korrigiert.csv,454,1000.44,1.8181999920035183,3.636399984007037,3.636399984007037,0.0,90.9090000399824,100.0,2026-01-09 13:22:15.950,1.2322272222222221,2.000033333333333,False,1,1.2322272222222221,,True,1005.6734592994762,1542.3083505076916,ok,1.3734592994762806,1.3734592994762806,0.13675787110188994,0.13675787110188994,-1.7906494923083756,1.7906494923083756,-0.11596727232569774,0.11596727232569774,False,False
454,2026-09-01,13:24:15.952,70,6,90.95,909.49,0.0,0.0,0.0,0.0,0.0,100.0,1004.21,0.2553368,1.181335,1544.084,0.0170319,0.08984375,24.58216,0.002864318,1497.923,0.06191661,6.888377,4.579381e-05,100,0,1,0,Kennfeld_v2 (18)_korrigiert.csv,C:\Users\nikla\OneDrive\Documents\01_Uni\01_Master\00_Masterarbeit\sim_par_ink_prop\laboratory_measurement_L-Com\measurement_data\Kennfeld_v2 (18)_korrigiert.csv,455,1000.44,1.8181999920035183,3.636399984007037,3.636399984007037,0.0,90.9090000399824,100.0,2026-01-09 13:24:15.952,1.2655611111111111,2.000033333333333,False,1,1.2655611111111111,,True,1005.6700882750156,1542.3263638477588,ok,1.4600882750155506,1.4600882750155506,0.14539670736355448,0.14539670736355448,-1.7576361522412753,1.7576361522412753,-0.1138303455149639,0.1138303455149639,False,False
455,2026-09-01,13:26:15.954,71,6,90.95,909.49,0.0,0.0,0.0,0.0,0.0,100.0,1004.228,0.2597077,1.221802,1544.072,0.01595149,0.08911133,24.59219,0.002068629,1497.929,0.06434564,6.888412,4.273328e-05,100,0,1,0,Kennfeld_v2 (18)_korrigiert.csv,C:\Users\nikla\OneDrive\Documents\01_Uni\01_Master\00_Masterarbeit\sim_par_ink_prop\laboratory_measurement_L-Com\measurement_data\Kennfeld_v2 (18)_korrigiert.csv,456,1000.44,1.8181999920035183,3.636399984007037,3.636399984007037,0.0,90.9090000399824,100.0,2026-01-09 13:26:15.954,1.298895,2.000033333333333,False,1,1.298895,,True,1005.6669430303875,1542.3431617824947,ok,1.438943030387577,1.438943030387577,0.14328847934807404,0.14328847934807404,-1.7288382175051993,1.7288382175051993,-0.11196616592394651,0.11196616592394651,False,False
456,2026-09-01,13:28:15.956,72,6,90.95,909.49,0.0,0.0,0.0,0.0,0.0,100.0,1004.335,0.00413118,0.02032471,1544.009,0.0157454,0.07727051,24.59795,0.001232579,1497.956,0.001262562,6.888582,4.222291e-05,100,0,1,0,Kennfeld_v2 (18)_korrigiert.csv,C:\Users\nikla\OneDrive\Documents\01_Uni\01_Master\00_Masterarbeit\sim_par_ink_prop\laboratory_measurement_L-Com\measurement_data\Kennfeld_v2 (18)_korrigiert.csv,457,1000.44,1.8181999920035183,3.636399984007037,3.636399984007037,0.0,90.9090000399824,100.0,2026-01-09 13:28:15.956,1.332228888888889,2.000033333333333,False,1,1.332228888888889,,True,1005.6651367880287,1542.3528045546811,ok,1.3301367880286534,1.3301367880286534,0.13243955333914018,0.13243955333914018,-1.6561954453188719,1.6561954453188719,-0.10726591913122734,0.10726591913122734,False,False
457,2026-09-01,13:30:15.958,73,6,90.95,909.49,0.0,0.0,0.0,0.0,0.0,100.0,1004.34,0.01522964,0.1635742,1543.995,0.01782993,0.07763672,24.60506,0.00228358,1497.959,0.003942121,6.888619,4.795252e-05,100,0,1,0,Kennfeld_v2 (18)_korrigiert.csv,C:\Users\nikla\OneDrive\Documents\01_Uni\01_Master\00_Masterarbeit\sim_par_ink_prop\laboratory_measurement_L-Com\measurement_data\Kennfeld_v2 (18)_korrigiert.csv,458,1000.44,1.8181999920035183,3.636399984007037,3.636399984007037,0.0,90.9090000399824,100.0,2026-01-09 13:30:15.958,1.3655627777777777,2.000033333333333,False,1,1.3655627777777777,,True,1005.662907207437,1542.36470342855,ok,1.3229072074369697,1.3229072074369697,0.13171906002319628,0.13171906002319628,-1.6302965714498896,1.6302965714498896,-0.1055894981168909,0.1055894981168909,False,False
458,2026-09-01,13:32:15.960,74,6,90.95,909.49,0.0,0.0,0.0,0.0,0.0,100.0,1004.285,0.1364499,0.6121216,1543.988,0.01235624,0.05883789,24.61369,0.002858094,1497.948,0.03248807,6.888641,3.295915e-05,100,0,1,0,Kennfeld_v2 (18)_korrigiert.csv,C:\Users\nikla\OneDrive\Documents\01_Uni\01_Master\00_Masterarbeit\sim_par_ink_prop\laboratory_measurement_L-Com\measurement_data\Kennfeld_v2 (18)_korrigiert.csv,459,1000.44,1.8181999920035183,3.636399984007037,3.636399984007037,0.0,90.9090000399824,100.0,2026-01-09 13:32:15.960,1.3988966666666667,2.000033333333333,False,1,1.3988966666666667,,True,1005.6602009792501,1542.3791402591335,ok,1.3752009792501667,1.3752009792501667,0.13693333856924744,0.13693333856924744,-1.608859740866592,1.608859740866592,-0.10420157027558452,0.10420157027558452,False,False
459,2026-09-01,13:34:15.962,75,6,90.95,909.49,0.0,0.0,0.0,0.0,0.0,100.0,1004.321,0.07811244,0.3574829,1543.973,0.01259137,0.05932617,24.6249,0.002479865,1497.959,0.01851676,6.888685,3.366744e-05,100,0,1,0,Kennfeld_v2 (18)_korrigiert.csv,C:\Users\nikla\OneDrive\Documents\01_Uni\01_Master\00_Masterarbeit\sim_par_ink_prop\laboratory_measurement_L-Com\measurement_data\Kennfeld_v2 (18)_korrigiert.csv,460,1000.44,1.8181999920035183,3.636399984007037,3.636399984007037,0.0,90.9090000399824,100.0,2026-01-09 13:34:15.962,1.4322305555555555,2.000033333333333,False,1,1.4322305555555555,,True,1005.6566857044231,1542.397883542717,ok,1.3356857044230992,1.3356857044230992,0.132993903784059,0.132993903784059,-1.575116457283002,1.575116457283002,-0.10201709856862795,0.10201709856862795,False,False
460,2026-09-01,13:36:15.964,76,6,90.95,909.49,0.0,0.0,0.0,0.0,0.0,100.0,1004.275,0.1533247,0.5943604,1543.96,0.01192394,0.05249023,24.63383,0.002578231,1497.95,0.03714889,6.888723,3.201975e-05,100,0,1,0,Kennfeld_v2 (18)_korrigiert.csv,C:\Users\nikla\OneDrive\Documents\01_Uni\01_Master\00_Masterarbeit\sim_par_ink_prop\laboratory_measurement_L-Com\measurement_data\Kennfeld_v2 (18)_korrigiert.csv,461,1000.44,1.8181999920035183,3.636399984007037,3.636399984007037,0.0,90.9090000399824,100.0,2026-01-09 13:36:15.964,1.4655644444444444,2.000033333333333,False,1,1.4655644444444444,,True,1005.6538854003932,1542.4128069155809,ok,1.3788854003931874,1.3788854003931874,0.13730157580276195,0.13730157580276195,-1.5471930844191775,1.5471930844191775,-0.10020940208419761,0.10020940208419761,False,False
461,2026-09-01,13:38:15.966,77,6,90.95,909.49,0.0,0.0,0.0,0.0,0.0,100.0,1004.277,0.1508378,0.762207,1543.949,0.02013324,0.0904541,24.6439,0.002094723,1497.953,0.03600707,6.888753,5.409247e-05,100,0,1,0,Kennfeld_v2 (18)_korrigiert.csv,C:\Users\nikla\OneDrive\Documents\01_Uni\01_Master\00_Masterarbeit\sim_par_ink_prop\laboratory_measurement_L-Com\measurement_data\Kennfeld_v2 (18)_korrigiert.csv,462,1000.44,1.8181999920035183,3.636399984007037,3.636399984007037,0.0,90.9090000399824,100.0,2026-01-09 13:38:15.966,1.4988983333333332,2.000033333333333,False,1,1.4988983333333332,,True,1005.6507276103648,1542.4296271869598,ok,1.3737276103647673,1.3737276103647673,0.13678771995821543,0.13678771995821543,-1.5193728130402633,1.5193728130402633,-0.09840822546860442,0.09840822546860442,False,False
462,2026-09-01,13:40:15.968,78,6,90.95,909.49,0.0,0.0,0.0,0.0,0.0,100.0,1004.272,0.1820589,0.84729,1543.939,0.01518128,0.08618164,24.65303,0.001578667,1497.953,0.04381471,6.888783,4.073722e-05,100,0,1,0,Kennfeld_v2 (18)_korrigiert.csv,C:\Users\nikla\OneDrive\Documents\01_Uni\01_Master\00_Masterarbeit\sim_par_ink_prop\laboratory_measurement_L-Com\measurement_data\Kennfeld_v2 (18)_korrigiert.csv,463,1000.44,1.8181999920035183,3.636399984007037,3.636399984007037,0.0,90.9090000399824,100.0,2026-01-09 13:40:15.968,1.5322322222222222,2.000033333333333,False,1,1.5322322222222222,,True,1005.647864588872,1542.444869816541,ok,1.3758645888719911,1.3758645888719911,0.1370011898043549,0.1370011898043549,-1.4941301834589922,1.4941301834589922,-0.09677391292395568,0.09677391292395568,False,False
463,2026-09-01,13:42:15.970,79,6,90.95,909.49,0.0,0.0,0.0,0.0,0.0,100.0,1004.365,0.0922344,0.7097778,1543.91,0.01665547,0.09472656,24.65917,0.001081814,1497.976,0.02250311,6.888863,4.458916e-05,100,0,1,0,Kennfeld_v2 (18)_korrigiert.csv,C:\Users\nikla\OneDrive\Documents\01_Uni\01_Master\00_Masterarbeit\sim_par_ink_prop\laboratory_measurement_L-Com\measurement_data\Kennfeld_v2 (18)_korrigiert.csv,464,1000.44,1.8181999920035183,3.636399984007037,3.636399984007037,0.0,90.9090000399824,100.0,2026-01-09 13:42:15.970,1.565566111111111,2.000033333333333,False,1,1.565566111111111,,True,1005.6459391832146,1542.4551165830744,ok,1.2809391832146275,1.2809391832146275,0.12753721836330692,0.12753721836330692,-1.454883416925668,1.454883416925668,-0.09423369347472767,0.09423369347472767,False,False
464,2026-09-01,13:44:15.973,80,6,90.95,909.49,0.0,0.0,0.0,0.0,0.0,100.0,1004.373,0.04180153,0.3372803,1543.861,0.01239582,0.05737305,24.66588,0.002555254,1497.979,0.01034042,6.888996,3.350258e-05,100,0,1,0,Kennfeld_v2 (18)_korrigiert.csv,C:\Users\nikla\OneDrive\Documents\01_Uni\01_Master\00_Masterarbeit\sim_par_ink_prop\laboratory_measurement_L-Com\measurement_data\Kennfeld_v2 (18)_korrigiert.csv,465,1000.44,1.8181999920035183,3.636399984007037,3.636399984007037,0.0,90.9090000399824,100.0,2026-01-09 13:44:15.973,1.5989002777777779,2.00005,False,1,1.5989002777777779,,True,1005.6438350345167,1542.4663108922648,ok,1.2708350345166082,1.2708350345166082,0.12653018694415402,0.12653018694415402,-1.394689107735303,1.394689107735303,-0.09033773816006123,0.09033773816006123,False,False
465,2026-09-01,13:46:15.975,81,6,90.95,909.49,0.0,0.0,0.0,0.0,0.0,100.0,1004.379,0.002202398,0.01141357,1543.848,0.01034252,0.05554199,24.67172,0.001370908,1497.982,0.0006527721,6.889032,2.760112e-05,100,0,1,0,Kennfeld_v2 (18)_korrigiert.csv,C:\Users\nikla\OneDrive\Documents\01_Uni\01_Master\00_Masterarbeit\sim_par_ink_prop\laboratory_measurement_L-Com\measurement_data\Kennfeld_v2 (18)_korrigiert.csv,466,1000.44,1.8181999920035183,3.636399984007037,3.636399984007037,0.0,90.9090000399824,100.0,2026-01-09 13:46:15.975,1.6322341666666667,2.000033333333333,False,1,1.6322341666666667,,True,1005.6420037037622,1542.476050628851,ok,1.2630037037621378,1.2630037037621378,0.1257497123856769,0.1257497123856769,-1.3719493711489577,1.3719493711489577,-0.0888655729805627,0.0888655729805627,False,False
466,2026-09-01,13:48:15.976,82,6,90.95,909.49,0.0,0.0,0.0,0.0,0.0,100.0,1004.334,0.1371528,0.5923462,1543.828,0.01359989,0.06506348,24.67904,0.002061849,1497.973,0.03145086,6.889086,3.663177e-05,100,0,1,0,Kennfeld_v2 (18)_korrigiert.csv,C:\Users\nikla\OneDrive\Documents\01_Uni\01_Master\00_Masterarbeit\sim_par_ink_prop\laboratory_measurement_L-Com\measurement_data\Kennfeld_v2 (18)_korrigiert.csv,467,1000.44,1.8181999920035183,3.636399984007037,3.636399984007037,0.0,90.9090000399824,100.0,2026-01-09 13:48:15.976,1.6655677777777778,2.0000166666666668,False,1,1.6655677777777778,,True,1005.6397082684481,1542.4882545143523,ok,1.305708268448143,1.305708268448143,0.1300073748820754,0.1300073748820754,-1.3397454856476543,1.3397454856476543,-0.08678074796205629,0.08678074796205629,False,False
467,2026-09-01,13:58:42.917,83,7,90.96,909.61,0.0,0.0,0.0,0.0,0.0,100.0,1004.149,0.01252973,0.04803467,1544.528,0.02265658,0.1062012,24.40643,0.008389669,1497.864,0.001808407,6.887145,6.200701e-05,100,0,1,0,Kennfeld_v2 (18)_korrigiert.csv,C:\Users\nikla\OneDrive\Documents\01_Uni\01_Master\00_Masterarbeit\sim_par_ink_prop\laboratory_measurement_L-Com\measurement_data\Kennfeld_v2 (18)_korrigiert.csv,468,1000.57,1.8181636467213687,3.6363272934427378,3.6363272934427378,0.0,90.90918176639315,99.99999999999999,2026-01-09 13:58:42.917,2.0683994444444447,122.10393333333333,True,2,0.0,,True,1005.7250091276806,1542.0297464756068,ok,1.5760091276805497,1.5760091276805497,0.15694972834515095,0.15694972834515095,-2.498253524393249,2.498253524393249,-0.16174867172322216,0.16174867172322216,False,False
468,2026-09-01,14:00:42.919,84,7,90.96,909.61,0.0,0.0,0.0,0.0,0.0,100.0,1004.169,0.01508844,0.05267334,1544.5,0.02173183,0.1121826,24.41425,0.006194317,1497.876,0.005278389,6.887221,5.891975e-05,100,0,1,0,Kennfeld_v2 (18)_korrigiert.csv,C:\Users\nikla\OneDrive\Documents\01_Uni\01_Master\00_Masterarbeit\sim_par_ink_prop\laboratory_measurement_L-Com\measurement_data\Kennfeld_v2 (18)_korrigiert.csv,469,1000.57,1.8181636467213687,3.6363272934427378,3.6363272934427378,0.0,90.90918176639315,99.99999999999999,2026-01-09 14:00:42.919,2.1017333333333332,2.000033333333333,False,2,0.033333888888888885,,True,1005.7225569252155,1542.0429615104154,ok,1.5535569252155028,1.5535569252155028,0.15471070359824918,0.15471070359824918,-2.4570384895846473,2.4570384895846473,-0.1590831006529393,0.1590831006529393,False,False
469,2026-09-01,14:02:42.921,85,7,90.96,909.61,0.0,0.0,0.0,0.0,0.0,100.0,1004.205,0.003068018,0.01861572,1544.477,0.01326925,0.07397461,24.44409,0.007525119,1497.892,0.002217733,6.887292,3.599525e-05,100,0,1,0,Kennfeld_v2 (18)_korrigiert.csv,C:\Users\nikla\OneDrive\Documents\01_Uni\01_Master\00_Masterarbeit\sim_par_ink_prop\laboratory_measurement_L-Com\measurement_data\Kennfeld_v2 (18)_korrigiert.csv,470,1000.57,1.8181636467213687,3.6363272934427378,3.6363272934427378,0.0,90.90918176639315,99.99999999999999,2026-01-09 14:02:42.921,2.1350672222222222,2.000033333333333,False,2,0.06666777777777777,,True,1005.7131996696043,1542.0933403071206,ok,1.5081996696042097,1.5081996696042097,0.1501884246348315,0.1501884246348315,-2.383659692879519,2.383659692879519,-0.15433442471979308,0.15433442471979308,False,False
470,2026-09-01,14:04:42.923,86,7,90.96,909.61,0.0,0.0,0.0,0.0,0.0,100.0,1004.212,0.00216735,0.008911133,1544.48,0.01158255,0.06005859,24.47519,0.007853307,1497.9,0.001970762,6.887293,3.110845e-05,100,1,1,1,Kennfeld_v2 (18)_korrigiert.csv,C:\Users\nikla\OneDrive\Documents\01_Uni\01_Master\00_Masterarbeit\sim_par_ink_prop\laboratory_measurement_L-Com\measurement_data\Kennfeld_v2 (18)_korrigiert.csv,471,1000.57,1.8181636467213687,3.6363272934427378,3.6363272934427378,0.0,90.90918176639315,99.99999999999999,2026-01-09 14:04:42.923,2.1684011111111112,2.000033333333333,False,2,0.10000166666666666,,True,1005.7034472982596,1542.1457655391816,ok,1.4914472982595726,1.4914472982595726,0.14851916709415666,0.14851916709415666,-2.3342344608183794,2.3342344608183794,-0.15113400373060054,0.15113400373060054,False,False
471,2026-09-01,14:06:42.925,87,7,90.96,909.61,0.0,0.0,0.0,0.0,0.0,100.0,1004.211,0.002784582,0.01300049,1544.492,0.01213778,0.07421875,24.50787,0.007419478,1497.907,0.001568279,6.887268,3.206455e-05,100,0,1,0,Kennfeld_v2 (18)_korrigiert.csv,C:\Users\nikla\OneDrive\Documents\01_Uni\01_Master\00_Masterarbeit\sim_par_ink_prop\laboratory_measurement_L-Com\measurement_data\Kennfeld_v2 (18)_korrigiert.csv,472,1000.57,1.8181636467213687,3.6363272934427378,3.6363272934427378,0.0,90.90918176639315,99.99999999999999,2026-01-09 14:06:42.925,2.201735,2.000033333333333,False,2,0.13333555555555554,,True,1005.6931994647144,1542.2007651954666,ok,1.4821994647144265,1.4821994647144265,0.14759840956874865,0.14759840956874865,-2.29123480453336,2.29123480453336,-0.14834876480638037,0.14834876480638037,False,False
472,2026-09-01,14:20:05.796,88,102,39.55,399.73,0.0,0.0,0.0,0.0,0.0,100.0,1004.295,0.0315418,0.1033936,1541.649,0.009990061,0.04528809,24.53224,0.01254661,1497.934,0.01020534,6.894868,2.581825e-05,100,0,1,0,Kennfeld_v2 (18)_korrigiert.csv,C:\Users\nikla\OneDrive\Documents\01_Uni\01_Master\00_Masterarbeit\sim_par_ink_prop\laboratory_measurement_L-Com\measurement_data\Kennfeld_v2 (18)_korrigiert.csv,473,439.28000000000003,1.8006738299034784,3.6013476598069567,3.6013476598069567,0.0,90.9966308504826,100.0,2026-01-09 14:20:05.796,4.7333625,88.78321666666668,True,3,0.0,,True,1005.5966788838753,1541.8035504294348,ok,1.3016788838752973,1.3016788838752973,0.12961120824810413,0.12961120824810413,0.15455042943494846,0.15455042943494846,0.010025007601272952,0.010025007601272952,False,False
473,2026-09-01,14:22:05.798,89,102,39.55,399.73,0.0,0.0,0.0,0.0,0.0,100.0,1004.407,0.02678868,0.08544922,1541.686,0.01473714,0.06774902,24.58022,0.01077466,1497.971,0.008724448,6.894783,3.714781e-05,100,0,1,0,Kennfeld_v2 (18)_korrigiert.csv,C:\Users\nikla\OneDrive\Documents\01_Uni\01_Master\00_Masterarbeit\sim_par_ink_prop\laboratory_measurement_L-Com\measurement_data\Kennfeld_v2 (18)_korrigiert.csv,474,439.28000000000003,1.8006738299034784,3.6013476598069567,3.6013476598069567,0.0,90.9966308504826,100.0,2026-01-09 14:22:05.798,4.766696388888889,2.000033333333333,False,3,0.033333888888888885,,True,1005.5816826161821,1541.884553258046,ok,1.1746826161820536,1.1746826161820536,0.11695285040646407,0.11695285040646407,0.19855325804610402,0.19855325804610402,0.012878968742409546,0.012878968742409546,False,False
474,2026-09-01,14:24:05.800,90,102,39.55,399.73,0.0,0.0,0.0,0.0,0.0,100.0,1004.496,0.01916832,0.06665039,1541.714,0.01030406,0.04443359,24.62225,0.009907541,1498.001,0.006603621,6.894719,2.616905e-05,100,0,1,0,Kennfeld_v2 (18)_korrigiert.csv,C:\Users\nikla\OneDrive\Documents\01_Uni\01_Master\00_Masterarbeit\sim_par_ink_prop\laboratory_measurement_L-Com\measurement_data\Kennfeld_v2 (18)_korrigiert.csv,475,439.28000000000003,1.8006738299034784,3.6013476598069567,3.6013476598069567,0.0,90.9966308504826,100.0,2026-01-09 14:24:05.800,4.800030277777778,2.000033333333333,False,3,0.06666777777777777,,True,1005.5685460281429,1541.9553488373858,ok,1.0725460281429378,1.0725460281429378,0.10677454446239087,0.10677454446239087,0.24134883738588542,0.24134883738588542,0.015654579084440137,0.015654579084440137,False,False
475,2026-09-01,14:26:05.802,91,102,39.55,399.73,0.0,0.0,0.0,0.0,0.0,100.0,1004.562,0.01302569,0.04516602,1541.713,0.01218876,0.04846191,24.65466,0.0061296,1498.023,0.004315872,6.894732,3.360415e-05,100,0,1,0,Kennfeld_v2 (18)_korrigiert.csv,C:\Users\nikla\OneDrive\Documents\01_Uni\01_Master\00_Masterarbeit\sim_par_ink_prop\laboratory_measurement_L-Com\measurement_data\Kennfeld_v2 (18)_korrigiert.csv,476,439.28000000000003,1.8006738299034784,3.6013476598069567,3.6013476598069567,0.0,90.9966308504826,100.0,2026-01-09 14:26:05.802,4.833364166666667,2.000033333333333,False,3,0.10000166666666666,,True,1005.5584161918081,1542.0098369177301,ok,0.9964161918080663,0.9964161918080663,0.0991891184225629,0.0991891184225629,0.2968369177301611,0.2968369177301611,0.019253707903491835,0.019253707903491835,False,False
476,2026-09-01,14:28:05.804,92,102,39.55,399.73,0.0,0.0,0.0,0.0,0.0,100.0,1004.606,0.008694442,0.02716064,1541.701,0.01379524,0.07104492,24.67495,0.005215137,1498.038,0.002991725,6.894769,3.646332e-05,100,0,1,0,Kennfeld_v2 (18)_korrigiert.csv,C:\Users\nikla\OneDrive\Documents\01_Uni\01_Master\00_Masterarbeit\sim_par_ink_prop\laboratory_measurement_L-Com\measurement_data\Kennfeld_v2 (18)_korrigiert.csv,477,439.28000000000003,1.8006738299034784,3.6013476598069567,3.6013476598069567,0.0,90.9966308504826,100.0,2026-01-09 14:28:05.804,4.866698055555556,2.000033333333333,False,3,0.13333555555555554,,True,1005.5520744933035,1542.04390278031,ok,0.946074493303513,0.946074493303513,0.09417368533569509,0.09417368533569509,0.3429027803099416,0.3429027803099416,0.022241847174642917,0.022241847174642917,False,False
477,2026-09-02,08:40:47.707,1,0,0.0,0.0,0.0,0.0,0.0,0.0,0.0,0.0,997.5117,0.00134222,0.005249023,1490.846,0.01344815,0.05114746,22.87862,0.003649079,1495.958,0.0005616507,7.034978,3.753225e-05,100,1,1,1,Kennfeld_v2 (18)_korrigiert.csv,C:\Users\nikla\OneDrive\Documents\01_Uni\01_Master\00_Masterarbeit\sim_par_ink_prop\laboratory_measurement_L-Com\measurement_data\Kennfeld_v2 (18)_korrigiert.csv,478,0.0,,,,,,,2026-02-09 08:40:47.707,123152.43870694445,7389145.680600001,True,2,0.0,ungültige Einwaage,False,,,skipped,,,,,,,,,False,False
478,2026-09-02,08:41:17.709,2,0,0.0,0.0,0.0,0.0,0.0,0.0,0.0,0.0,997.5101,0.001877327,0.006225586,1490.861,0.02159069,0.06176758,22.88329,0.00594946,1495.959,0.00102205,7.034935,6.022002e-05,100,1,1,1,Kennfeld_v2 (18)_korrigiert.csv,C:\Users\nikla\OneDrive\Documents\01_Uni\01_Master\00_Masterarbeit\sim_par_ink_prop\laboratory_measurement_L-Com\measurement_data\Kennfeld_v2 (18)_korrigiert.csv,479,0.0,,,,,,,2026-02-09 08:41:17.709,123152.44704083333,0.5000333333333333,False,2,0.008333888888888889,ungültige Einwaage,False,,,skipped,,,,,,,,,False,False
479,2026-09-02,08:43:34.841,3,101,0.0,100.0,0.0,0.0,0.0,0.0,0.0,100.0,997.5026,0.001807851,0.006591797,1490.945,0.02016937,0.07348633,22.91208,0.006805012,1495.963,0.001040049,7.034703,5.58502e-05,100,1,1,1,Kennfeld_v2 (18)_korrigiert.csv,C:\Users\nikla\OneDrive\Documents\01_Uni\01_Master\00_Masterarbeit\sim_par_ink_prop\laboratory_measurement_L-Com\measurement_data\Kennfeld_v2 (18)_korrigiert.csv,480,100.0,0.0,0.0,0.0,0.0,100.0,100.0,2026-02-09 08:43:34.841,744.6972116666666,44673.832566666664,True,2,0.0,,True,997.5302215999999,1490.940188714974,ok,0.027621599999861246,0.027621599999861246,0.0027690754891126343,0.0027690754891126343,-0.004811285025880352,0.004811285025880352,-0.0003227003696233162,0.0003227003696233162,False,False
480,2026-09-02,08:45:34.842,4,101,0.0,100.0,0.0,0.0,0.0,0.0,0.0,100.0,997.4958,0.00158398,0.005859375,1491.02,0.01811078,0.06152344,22.93822,0.006229496,1495.967,0.0009051572,7.034495,5.010078e-05,100,1,1,1,Kennfeld_v2 (18)_korrigiert.csv,C:\Users\nikla\OneDrive\Documents\01_Uni\01_Master\00_Masterarbeit\sim_par_ink_prop\laboratory_measurement_L-Com\measurement_data\Kennfeld_v2 (18)_korrigiert.csv,481,100.0,0.0,0.0,0.0,0.0,100.0,100.0,2026-02-09 08:45:34.842,744.7305452777778,2.0000166666666668,False,2,0.03333361111111111,,True,997.5242094000001,1491.0144025861237,ok,0.028409400000100504,0.028409400000100504,0.0028480721422687195,0.0028480721422687195,-0.005597413876330393,0.005597413876330393,-0.000375408369862939,0.000375408369862939,False,False
481,2026-09-02,08:47:34.844,5,101,0.0,100.0,0.0,0.0,0.0,0.0,0.0,100.0,997.4893,0.001668431,0.006286621,1491.092,0.01796842,0.06384277,22.96357,0.006327,1495.971,0.0009161847,7.034298,4.965535e-05,100,1,1,1,Kennfeld_v2 (18)_korrigiert.csv,C:\Users\nikla\OneDrive\Documents\01_Uni\01_Master\00_Masterarbeit\sim_par_ink_prop\laboratory_measurement_L-Com\measurement_data\Kennfeld_v2 (18)_korrigiert.csv,482,100.0,0.0,0.0,0.0,0.0,100.0,100.0,2026-02-09 08:47:34.844,744.7638791666666,2.000033333333333,False,2,0.06666749999999999,,True,997.5183788999998,1491.0863209268896,ok,0.029078899999831265,0.029078899999831265,0.002915209215761138,0.002915209215761138,-0.005679073110513855,0.005679073110513855,-0.00038086671449607764,0.00038086671449607764,False,False
482,2026-09-02,08:49:34.846,6,101,0.0,100.0,0.0,0.0,0.0,0.0,0.0,100.0,997.4828,0.001735626,0.006408691,1491.162,0.0176582,0.06091309,22.98893,0.006343882,1495.975,0.0009323912,7.034103,4.877181e-05,100,1,1,1,Kennfeld_v2 (18)_korrigiert.csv,C:\Users\nikla\OneDrive\Documents\01_Uni\01_Master\00_Masterarbeit\sim_par_ink_prop\laboratory_measurement_L-Com\measurement_data\Kennfeld_v2 (18)_korrigiert.csv,483,100.0,0.0,0.0,0.0,0.0,100.0,100.0,2026-02-09 08:49:34.846,744.7972130555556,2.000033333333333,False,2,0.10000138888888889,,True,997.5125461,1491.1582157183063,ok,0.02974610000001121,0.02974610000001121,0.002982116583866029,0.002982116583866029,-0.0037842816936972667,0.0037842816936972667,-0.00025378072226205247,0.00025378072226205247,False,False
483,2026-09-02,08:51:34.848,7,101,0.0,100.0,0.0,0.0,0.0,0.0,0.0,100.0,997.172,0.2913101,1.17627,1491.248,0.04822056,0.1989746,23.0121,0.009046112,1495.904,0.07264996,7.033865,0.0001358128,100,0,1,0,Kennfeld_v2 (18)_korrigiert.csv,C:\Users\nikla\OneDrive\Documents\01_Uni\01_Master\00_Masterarbeit\sim_par_ink_prop\laboratory_measurement_L-Com\measurement_data\Kennfeld_v2 (18)_korrigiert.csv,484,100.0,0.0,0.0,0.0,0.0,100.0,100.0,2026-02-09 08:51:34.848,744.8305469444444,2.000033333333333,False,2,0.1333352777777778,,True,997.5072169999999,1491.2238564916304,ok,0.33521699999982957,0.33521699999982957,0.03361676822051056,0.03361676822051056,-0.024143508369661504,0.024143508369661504,-0.0016190136295010289,0.0016190136295010289,False,False
484,2026-09-02,08:53:34.850,8,101,0.0,100.0,0.0,0.0,0.0,0.0,0.0,100.0,997.4218,0.08417974,0.3805542,1491.408,0.03322127,0.1573486,23.05787,0.01610754,1495.975,0.02156069,7.033418,9.35158e-05,100,0,1,0,Kennfeld_v2 (18)_korrigiert.csv,C:\Users\nikla\OneDrive\Documents\01_Uni\01_Master\00_Masterarbeit\sim_par_ink_prop\laboratory_measurement_L-Com\measurement_data\Kennfeld_v2 (18)_korrigiert.csv,485,100.0,0.0,0.0,0.0,0.0,100.0,100.0,2026-02-09 08:53:34.850,744.8638808333333,2.000033333333333,False,2,0.16666916666666667,,True,997.4966899000001,1491.3533955694384,ok,0.07488990000013018,0.07488990000013018,0.007508348022885622,0.007508348022885622,-0.05460443056153963,0.05460443056153963,-0.003661267108768334,0.003661267108768334,False,False
485,2026-09-02,08:55:34.852,9,101,0.0,100.0,0.0,0.0,0.0,0.0,0.0,100.0,997.4565,0.001722575,0.006103516,1491.477,0.01855815,0.06188965,23.09989,0.006076945,1495.991,0.0009190913,7.033233,5.143652e-05,100,1,1,1,Kennfeld_v2 (18)_korrigiert.csv,C:\Users\nikla\OneDrive\Documents\01_Uni\01_Master\00_Masterarbeit\sim_par_ink_prop\laboratory_measurement_L-Com\measurement_data\Kennfeld_v2 (18)_korrigiert.csv,486,100.0,0.0,0.0,0.0,0.0,100.0,100.0,2026-02-09 08:55:34.852,744.8972147222223,2.000033333333333,False,2,0.20000305555555556,,True,997.4870253,1491.4721718862022,ok,0.03052530000002207,0.03052530000002207,0.0030603139084282942,0.0030603139084282942,-0.0048281137978847255,0.0048281137978847255,-0.0003237135938324711,0.0003237135938324711,False,False
486,2026-09-02,08:57:34.855,10,101,0.0,100.0,0.0,0.0,0.0,0.0,0.0,100.0,997.4498,0.001594131,0.006225586,1491.546,0.01695511,0.05871582,23.1247,0.005903916,1495.995,0.0008927333,7.033043,4.68549e-05,100,1,1,1,Kennfeld_v2 (18)_korrigiert.csv,C:\Users\nikla\OneDrive\Documents\01_Uni\01_Master\00_Masterarbeit\sim_par_ink_prop\laboratory_measurement_L-Com\measurement_data\Kennfeld_v2 (18)_korrigiert.csv,487,100.0,0.0,0.0,0.0,0.0,100.0,100.0,2026-02-09 08:57:34.855,744.9305488888888,2.00005,False,2,0.23333722222222222,,True,997.4813189999999,1491.5422340957946,ok,0.031518999999889274,0.031518999999889274,0.0031599585262225,0.0031599585262225,-0.003765904205465631,0.003765904205465631,-0.00025248327610852305,0.00025248327610852305,False,False
487,2026-09-02,08:59:34.857,11,101,0.0,100.0,0.0,0.0,0.0,0.0,0.0,100.0,997.4442,0.001441709,0.005554199,1491.606,0.01502605,0.05407715,23.14657,0.005280244,1495.998,0.0007880522,7.032877,4.152203e-05,100,1,1,1,Kennfeld_v2 (18)_korrigiert.csv,C:\Users\nikla\OneDrive\Documents\01_Uni\01_Master\00_Masterarbeit\sim_par_ink_prop\laboratory_measurement_L-Com\measurement_data\Kennfeld_v2 (18)_korrigiert.csv,488,100.0,0.0,0.0,0.0,0.0,100.0,100.0,2026-02-09 08:59:34.857,744.9638827777778,2.000033333333333,False,2,0.2666711111111111,,True,997.4762889,1491.6039524315158,ok,0.03208889999996245,0.03208889999996245,0.0032171122956013427,0.0032171122956013427,-0.002047568484158546,0.002047568484158546,-0.00013727274388535218,0.00013727274388535218,False,False
488,2026-09-02,09:01:34.859,12,101,0.0,100.0,0.0,0.0,0.0,0.0,0.0,100.0,997.4386,0.001438322,0.005981445,1491.665,0.0149869,0.05664062,23.16767,0.005315188,1496.001,0.0007887004,7.032713,4.139313e-05,100,1,1,1,Kennfeld_v2 (18)_korrigiert.csv,C:\Users\nikla\OneDrive\Documents\01_Uni\01_Master\00_Masterarbeit\sim_par_ink_prop\laboratory_measurement_L-Com\measurement_data\Kennfeld_v2 (18)_korrigiert.csv,489,100.0,0.0,0.0,0.0,0.0,100.0,100.0,2026-02-09 09:01:34.859,744.9972166666666,2.000033333333333,False,2,0.300005,,True,997.4714358999998,1491.6634609337516,ok,0.032835899999895446,0.032835899999895446,0.003292022185615781,0.003292022185615781,-0.001539066248369636,0.001539066248369636,-0.00010317774087141792,0.00010317774087141792,False,False
489,2026-09-02,09:03:34.861,13,101,0.0,100.0,0.0,0.0,0.0,0.0,0.0,100.0,997.433,0.001508824,0.006103516,1491.726,0.0155372,0.05053711,23.18898,0.005283812,1496.005,0.0007918667,7.032547,4.298062e-05,100,1,1,1,Kennfeld_v2 (18)_korrigiert.csv,C:\Users\nikla\OneDrive\Documents\01_Uni\01_Master\00_Masterarbeit\sim_par_ink_prop\laboratory_measurement_L-Com\measurement_data\Kennfeld_v2 (18)_korrigiert.csv,490,100.0,0.0,0.0,0.0,0.0,100.0,100.0,2026-02-09 09:03:34.861,745.0305505555555,2.000033333333333,False,2,0.3333388888888889,,True,997.4665346,1491.7235249387431,ok,0.033534600000052706,0.033534600000052706,0.0033620904862835606,0.0033620904862835606,-0.0024750612569732766,0.0024750612569732766,-0.0001659192946273831,0.0001659192946273831,False,False
490,2026-09-02,09:05:34.863,14,101,0.0,100.0,0.0,0.0,0.0,0.0,0.0,100.0,997.4296,0.0008990854,0.003234863,1491.755,0.007064976,0.02978516,23.2011,0.00225172,1496.006,0.0003415392,7.032468,1.959326e-05,100,1,1,1,Kennfeld_v2 (18)_korrigiert.csv,C:\Users\nikla\OneDrive\Documents\01_Uni\01_Master\00_Masterarbeit\sim_par_ink_prop\laboratory_measurement_L-Com\measurement_data\Kennfeld_v2 (18)_korrigiert.csv,491,100.0,0.0,0.0,0.0,0.0,100.0,100.0,2026-02-09 09:05:34.863,745.0638844444445,2.000033333333333,False,2,0.36667277777777774,,True,997.463747,1491.7576696733606,ok,0.034146999999961736,0.034146999999961736,0.003423499763789017,0.003423499763789017,0.0026696733605149348,0.0026696733605149348,0.0001789619180438433,0.0001789619180438433,False,False
491,2026-09-02,09:07:34.865,15,101,0.0,100.0,0.0,0.0,0.0,0.0,0.0,100.0,997.4241,0.001480016,0.006225586,1491.819,0.01382791,0.05151367,23.22199,0.005452071,1496.009,0.0007768022,7.032288,3.802926e-05,100,1,1,1,Kennfeld_v2 (18)_korrigiert.csv,C:\Users\nikla\OneDrive\Documents\01_Uni\01_Master\00_Masterarbeit\sim_par_ink_prop\laboratory_measurement_L-Com\measurement_data\Kennfeld_v2 (18)_korrigiert.csv,492,100.0,0.0,0.0,0.0,0.0,100.0,100.0,2026-02-09 09:07:34.865,745.0972183333333,2.000033333333333,False,2,0.4000066666666666,,True,997.4589422999999,1491.816493360655,ok,0.03484229999992294,0.03484229999992294,0.0034932282065294937,0.0034932282065294937,-0.002506639345028816,0.002506639345028816,-0.00016802570184645832,0.00016802570184645832,False,False
492,2026-09-02,09:09:34.867,16,101,0.0,100.0,0.0,0.0,0.0,0.0,0.0,100.0,997.4191,0.001351362,0.005249023,1491.874,0.01448848,0.05236816,23.24174,0.005092495,1496.012,0.0007610632,7.032139,4.004549e-05,100,1,1,1,Kennfeld_v2 (18)_korrigiert.csv,C:\Users\nikla\OneDrive\Documents\01_Uni\01_Master\00_Masterarbeit\sim_par_ink_prop\laboratory_measurement_L-Com\measurement_data\Kennfeld_v2 (18)_korrigiert.csv,493,100.0,0.0,0.0,0.0,0.0,100.0,100.0,2026-02-09 09:09:34.867,745.1305522222221,2.000033333333333,False,2,0.43334055555555556,,True,997.4543998,1491.8720742340101,ok,0.035299800000075265,0.035299800000075265,0.0035391140995871513,0.0035391140995871513,-0.0019257659898812562,0.0019257659898812562,-0.00012908368869497398,0.00012908368869497398,False,False
493,2026-09-02,09:11:34.869,17,101,0.0,100.0,0.0,0.0,0.0,0.0,0.0,100.0,997.4138,0.001241029,0.005126953,1491.929,0.01438927,0.05187988,23.26146,0.004678776,1496.015,0.0007260761,7.031987,3.985804e-05,100,1,1,1,Kennfeld_v2 (18)_korrigiert.csv,C:\Users\nikla\OneDrive\Documents\01_Uni\01_Master\00_Masterarbeit\sim_par_ink_prop\laboratory_measurement_L-Com\measurement_data\Kennfeld_v2 (18)_korrigiert.csv,494,100.0,0.0,0.0,0.0,0.0,100.0,100.0,2026-02-09 09:11:34.869,745.1638861111112,2.000033333333333,False,2,0.46667444444444445,,True,997.4498642,1491.927538934204,ok,0.03606419999994159,0.03606419999994159,0.0036157711072316817,0.0036157711072316817,-0.001461065796092953,0.001461065796092953,-9.793132220721984e-05,9.793132220721984e-05,False,False
494,2026-09-02,09:13:34.871,18,101,0.0,100.0,0.0,0.0,0.0,0.0,0.0,100.0,997.4097,0.0007592769,0.003662109,1491.972,0.007987429,0.03759766,23.27801,0.002405538,1496.018,0.0003422018,7.031866,2.227892e-05,100,1,1,1,Kennfeld_v2 (18)_korrigiert.csv,C:\Users\nikla\OneDrive\Documents\01_Uni\01_Master\00_Masterarbeit\sim_par_ink_prop\laboratory_measurement_L-Com\measurement_data\Kennfeld_v2 (18)_korrigiert.csv,495,100.0,0.0,0.0,0.0,0.0,100.0,100.0,2026-02-09 09:13:34.871,745.19722,2.000033333333333,False,2,0.5000083333333333,,True,997.4460577,1491.9740631558514,ok,0.03635769999993954,0.03635769999993954,0.0036452121931378387,0.0036452121931378387,0.0020631558513741766,0.0020631558513741766,0.000138283818421135,0.000138283818421135,False,False
495,2026-09-02,09:15:34.873,19,101,0.0,100.0,0.0,0.0,0.0,0.0,0.0,100.0,997.4057,0.001381552,0.005004883,1492.013,0.01600128,0.04931641,23.2918,0.00465918,1496.02,0.0007478329,7.031754,4.44916e-05,100,1,1,1,Kennfeld_v2 (18)_korrigiert.csv,C:\Users\nikla\OneDrive\Documents\01_Uni\01_Master\00_Masterarbeit\sim_par_ink_prop\laboratory_measurement_L-Com\measurement_data\Kennfeld_v2 (18)_korrigiert.csv,496,100.0,0.0,0.0,0.0,0.0,100.0,100.0,2026-02-09 09:15:34.873,745.2305538888888,2.000033333333333,False,2,0.5333422222222222,,True,997.4428859999999,1492.0128115684738,ok,0.037185999999906016,0.037185999999906016,0.0037282722567061745,0.0037282722567061745,-0.00018843152611225378,0.00018843152611225378,-1.2629348813465686e-05,1.2629348813465686e-05,False,False
496,2026-09-02,09:17:34.875,20,101,0.0,100.0,0.0,0.0,0.0,0.0,0.0,100.0,997.401,0.001211534,0.005065918,1492.065,0.01409557,0.04931641,23.30936,0.004791795,1496.022,0.0007013307,7.031611,3.898576e-05,100,1,1,1,Kennfeld_v2 (18)_korrigiert.csv,C:\Users\nikla\OneDrive\Documents\01_Uni\01_Master\00_Masterarbeit\sim_par_ink_prop\laboratory_measurement_L-Com\measurement_data\Kennfeld_v2 (18)_korrigiert.csv,497,100.0,0.0,0.0,0.0,0.0,100.0,100.0,2026-02-09 09:17:34.875,745.2638877777778,2.000033333333333,False,2,0.5666761111111112,,True,997.4388471999999,1492.062130778875,ok,0.037847199999987424,0.037847199999987424,0.003794582118925831,0.003794582118925831,-0.0028692211251382105,0.0028692211251382105,-0.00019229866829784294,0.00019229866829784294,False,False
497,2026-09-02,09:19:34.877,21,101,0.0,100.0,0.0,0.0,0.0,0.0,0.0,100.0,997.3959,0.001326317,0.005249023,1492.119,0.01232693,0.04626465,23.32842,0.004633618,1496.025,0.0006652937,7.031463,3.399629e-05,100,1,1,1,Kennfeld_v2 (18)_korrigiert.csv,C:\Users\nikla\OneDrive\Documents\01_Uni\01_Master\00_Masterarbeit\sim_par_ink_prop\laboratory_measurement_L-Com\measurement_data\Kennfeld_v2 (18)_korrigiert.csv,498,100.0,0.0,0.0,0.0,0.0,100.0,100.0,2026-02-09 09:19:34.877,745.2972216666667,2.000033333333333,False,2,0.60001,,True,997.4344634,1492.1156343666314,ok,0.03856340000004366,0.03856340000004366,0.0038664085144167583,0.0038664085144167583,-0.0033656333685030404,0.0033656333685030404,-0.00022556065357408093,0.00022556065357408093,False,False
498,2026-09-02,09:29:13.780,22,102,40.06,400.86,0.0,0.0,0.0,0.0,0.0,100.0,1004.262,0.01459499,0.05389404,1538.26,0.05883048,0.322876,23.13367,0.02002084,1497.636,0.007224758,6.903575,0.0001593992,100,0,1,0,Kennfeld_v2 (18)_korrigiert.csv,C:\Users\nikla\OneDrive\Documents\01_Uni\01_Master\00_Masterarbeit\sim_par_ink_prop\laboratory_measurement_L-Com\measurement_data\Kennfeld_v2 (18)_korrigiert.csv,499,440.92,1.8171096797605009,3.6342193595210017,3.6342193595210017,0.0,90.9144516011975,100.0,2026-02-09 09:29:13.780,743.8855802777779,44341.13293333333,True,4,0.0,,True,1006.118671487592,1539.7831697702266,ok,1.8566714875920525,1.8566714875920525,0.18487919363592892,0.18487919363592892,1.5231697702265592,1.5231697702265592,0.099019006554585,0.099019006554585,False,False
499,2026-09-02,09:31:13.782,23,102,40.06,400.86,0.0,0.0,0.0,0.0,0.0,100.0,1004.268,0.005018238,0.02185059,1538.269,0.02390097,0.1290283,23.20937,0.0149225,1497.653,0.003931235,6.903572,6.597539e-05,100,0,1,0,Kennfeld_v2 (18)_korrigiert.csv,C:\Users\nikla\OneDrive\Documents\01_Uni\01_Master\00_Masterarbeit\sim_par_ink_prop\laboratory_measurement_L-Com\measurement_data\Kennfeld_v2 (18)_korrigiert.csv,500,440.92,1.8171096797605009,3.6342193595210017,3.6342193595210017,0.0,90.9144516011975,100.0,2026-02-09 09:31:13.782,743.9189141666667,2.000033333333333,False,4,0.033333888888888885,,True,1006.0949384761699,1539.918961190907,ok,1.8269384761698575,1.8269384761698575,0.1819174240511355,0.1819174240511355,1.6499611909071064,1.6499611909071064,0.10726090111073593,0.10726090111073593,False,False
500,2026-09-02,09:33:13.784,24,102,40.06,400.86,0.0,0.0,0.0,0.0,0.0,100.0,1004.292,0.004608793,0.01708984,1538.218,0.01872777,0.1018066,23.26241,0.01281464,1497.67,0.003881544,6.903723,5.1392e-05,100,0,1,0,Kennfeld_v2 (18)_korrigiert.csv,C:\Users\nikla\OneDrive\Documents\01_Uni\01_Master\00_Masterarbeit\sim_par_ink_prop\laboratory_measurement_L-Com\measurement_data\Kennfeld_v2 (18)_korrigiert.csv,501,440.92,1.8171096797605009,3.6342193595210017,3.6342193595210017,0.0,90.9144516011975,100.0,2026-02-09 09:33:13.784,743.9522480555555,2.000033333333333,False,4,0.06666777777777777,,True,1006.0783096790195,1540.013826296756,ok,1.7863096790194959,1.7863096790194959,0.17786756033300036,0.17786756033300036,1.7958262967558767,1.7958262967558767,0.11674719036936745,0.11674719036936745,False,False
501,2026-09-02,09:35:13.786,25,102,40.06,400.86,0.0,0.0,0.0,0.0,0.0,100.0,1004.304,0.003078517,0.01220703,1538.216,0.01451437,0.06921387,23.3182,0.01315946,1497.685,0.003308332,6.903744,4.021898e-05,100,0,1,0,Kennfeld_v2 (18)_korrigiert.csv,C:\Users\nikla\OneDrive\Documents\01_Uni\01_Master\00_Masterarbeit\sim_par_ink_prop\laboratory_measurement_L-Com\measurement_data\Kennfeld_v2 (18)_korrigiert.csv,502,440.92,1.8171096797605009,3.6342193595210017,3.6342193595210017,0.0,90.9144516011975,100.0,2026-02-09 09:35:13.786,743.9855819444444,2.000033333333333,False,4,0.10000166666666666,,True,1006.060818705649,1540.1133616756722,ok,1.7568187056490387,1.7568187056490387,0.17492897625111906,0.17492897625111906,1.8973616756723004,1.8973616756723004,0.12334819529066793,0.12334819529066793,False,False
502,2026-09-02,09:37:13.788,26,102,40.06,400.86,0.0,0.0,0.0,0.0,0.0,100.0,1004.317,0.003681187,0.01361084,1538.187,0.01551047,0.08703613,23.36494,0.009686035,1497.698,0.002785678,6.903833,4.331402e-05,100,0,1,0,Kennfeld_v2 (18)_korrigiert.csv,C:\Users\nikla\OneDrive\Documents\01_Uni\01_Master\00_Masterarbeit\sim_par_ink_prop\laboratory_measurement_L-Com\measurement_data\Kennfeld_v2 (18)_korrigiert.csv,503,440.92,1.8171096797605009,3.6342193595210017,3.6342193595210017,0.0,90.9144516011975,100.0,2026-02-09 09:37:13.788,744.0189158333334,2.000033333333333,False,4,0.13333555555555554,,True,1006.0461650289658,1540.1965545600322,ok,1.729165028965781,1.729165028965781,0.17217323105810028,0.17217323105810028,2.0095545600322566,2.0095545600322566,0.13064435988811873,0.13064435988811873,False,False
503,2026-09-02,09:39:13.790,27,102,40.06,400.86,0.0,0.0,0.0,0.0,0.0,100.0,1004.325,0.0009619799,0.004882812,1538.189,0.01227659,0.0604248,23.4087,0.01165626,1497.709,0.002609344,6.903841,3.195175e-05,100,1,1,1,Kennfeld_v2 (18)_korrigiert.csv,C:\Users\nikla\OneDrive\Documents\01_Uni\01_Master\00_Masterarbeit\sim_par_ink_prop\laboratory_measurement_L-Com\measurement_data\Kennfeld_v2 (18)_korrigiert.csv,504,440.92,1.8171096797605009,3.6342193595210017,3.6342193595210017,0.0,90.9144516011975,100.0,2026-02-09 09:39:13.790,744.0522497222222,2.000033333333333,False,4,0.16666944444444445,,True,1006.0324456182594,1540.2742807967884,ok,1.707445618259385,1.707445618259385,0.17000927172572472,0.17000927172572472,2.085280796788311,2.085280796788311,0.1355672675326836,0.1355672675326836,False,False
504,2026-09-02,09:41:13.792,28,102,40.06,400.86,0.0,0.0,0.0,0.0,0.0,100.0,1004.333,0.003058663,0.01171875,1538.178,0.0149805,0.07019043,23.4458,0.00631213,1497.718,0.001642892,6.90388,4.137234e-05,100,0,1,0,Kennfeld_v2 (18)_korrigiert.csv,C:\Users\nikla\OneDrive\Documents\01_Uni\01_Master\00_Masterarbeit\sim_par_ink_prop\laboratory_measurement_L-Com\measurement_data\Kennfeld_v2 (18)_korrigiert.csv,505,440.92,1.8171096797605009,3.6342193595210017,3.6342193595210017,0.0,90.9144516011975,100.0,2026-02-09 09:41:13.792,744.085583611111,2.000033333333333,False,4,0.2000033333333333,,True,1006.0208142106752,1540.3400542831198,ok,1.687814210675242,1.687814210675242,0.16805324635108496,0.16805324635108496,2.162054283119687,2.162054283119687,0.14055943350637487,0.14055943350637487,False,False
505,2026-09-02,09:51:05.602,29,8,90.96,909.66,0.0,0.0,0.0,0.0,0.0,100.0,1003.929,0.3548576,1.596619,1543.209,0.1012917,0.4604492,23.52763,0.005304439,1497.637,0.08414511,6.890426,0.0002713935,100,0,0,0,Kennfeld_v2 (18)_korrigiert.csv,C:\Users\nikla\OneDrive\Documents\01_Uni\01_Master\00_Masterarbeit\sim_par_ink_prop\laboratory_measurement_L-Com\measurement_data\Kennfeld_v2 (18)_korrigiert.csv,506,1000.62,1.8180727948671822,3.636145589734365,3.636145589734365,0.0,90.90963602566408,100.0,2026-02-09 09:51:05.602,0.0,,False,1,0.0,,True,1006.0001149633489,1540.5094794284428,ok,2.0711149633489185,2.0711149633489185,0.2063009399418603,0.2063009399418603,-2.6995205715572865,2.6995205715572865,-0.17492903239660257,0.17492903239660257,False,False
506,2026-09-02,09:53:05.604,30,8,90.96,909.66,0.0,0.0,0.0,0.0,0.0,100.0,1004.063,0.2891738,1.492065,1543.204,0.0364981,0.1700439,23.55634,0.004992205,1497.676,0.06918192,6.890447,9.698714e-05,100,0,1,0,Kennfeld_v2 (18)_korrigiert.csv,C:\Users\nikla\OneDrive\Documents\01_Uni\01_Master\00_Masterarbeit\sim_par_ink_prop\laboratory_measurement_L-Com\measurement_data\Kennfeld_v2 (18)_korrigiert.csv,507,1000.62,1.8180727948671822,3.636145589734365,3.636145589734365,0.0,90.90963602566408,100.0,2026-02-09 09:53:05.604,0.033333888888888885,2.000033333333333,False,1,0.033333888888888885,,True,1005.9911123079188,1540.5600896981243,ok,1.9281123079188092,1.9281123079188092,0.19203100880311386,0.19203100880311386,-2.6439103018756214,2.6439103018756214,-0.1713260399711005,0.1713260399711005,False,False
507,2026-09-02,09:55:05.606,31,8,90.96,909.66,0.0,0.0,0.0,0.0,0.0,100.0,1004.112,0.2861418,1.163391,1543.24,0.03323476,0.1678467,23.57332,0.00528142,1497.691,0.06811795,6.890354,8.834294e-05,100,0,1,0,Kennfeld_v2 (18)_korrigiert.csv,C:\Users\nikla\OneDrive\Documents\01_Uni\01_Master\00_Masterarbeit\sim_par_ink_prop\laboratory_measurement_L-Com\measurement_data\Kennfeld_v2 (18)_korrigiert.csv,508,1000.62,1.8180727948671822,3.636145589734365,3.636145589734365,0.0,90.90963602566408,100.0,2026-02-09 09:55:05.606,0.06666777777777777,2.000033333333333,False,1,0.06666777777777777,,True,1005.9857878518736,1540.5899901534822,ok,1.873787851873658,1.873787851873658,0.18661143895040175,0.18661143895040175,-2.6500098465178326,2.6500098465178326,-0.17171728613293025,0.17171728613293025,False,False
508,2026-09-02,09:57:05.608,32,8,90.96,909.66,0.0,0.0,0.0,0.0,0.0,100.0,1004.117,0.2743791,0.9459839,1543.208,0.06838103,0.5063477,23.59739,0.008917946,1497.698,0.06753185,6.890447,0.0001820053,100,0,1,0,Kennfeld_v2 (18)_korrigiert.csv,C:\Users\nikla\OneDrive\Documents\01_Uni\01_Master\00_Masterarbeit\sim_par_ink_prop\laboratory_measurement_L-Com\measurement_data\Kennfeld_v2 (18)_korrigiert.csv,509,1000.62,1.8180727948671822,3.636145589734365,3.636145589734365,0.0,90.90963602566408,100.0,2026-02-09 09:57:05.608,0.10000166666666666,2.000033333333333,False,1,0.10000166666666666,,True,1005.9782401669474,1540.6323346862957,ok,1.861240166947482,1.861240166947482,0.18536088592738517,0.18536088592738517,-2.5756653137043486,2.5756653137043486,-0.16690331528247315,0.16690331528247315,False,False
509,2026-09-02,09:59:05.610,33,8,90.96,909.66,0.0,0.0,0.0,0.0,0.0,100.0,1004.306,0.1652424,0.961792,1543.317,0.1187908,0.4781494,23.64104,0.008422258,1497.753,0.04031609,6.890169,0.0003165478,100,0,1,0,Kennfeld_v2 (18)_korrigiert.csv,C:\Users\nikla\OneDrive\Documents\01_Uni\01_Master\00_Masterarbeit\sim_par_ink_prop\laboratory_measurement_L-Com\measurement_data\Kennfeld_v2 (18)_korrigiert.csv,510,1000.62,1.8180727948671822,3.636145589734365,3.636145589734365,0.0,90.90963602566408,100.0,2026-02-09 09:59:05.610,0.13333555555555554,2.000033333333333,False,1,0.13333555555555554,,True,1005.9645527308385,1540.7090024726187,ok,1.6585527308384371,1.6585527308384371,0.16514416232088996,0.16514416232088996,-2.607997527381258,2.607997527381258,-0.16898650940676854,0.16898650940676854,False,False
510,2026-09-02,10:01:05.612,34,8,90.96,909.66,0.0,0.0,0.0,0.0,0.0,100.0,1002.564,0.66148,2.753784,1545.573,2.847548,10.03589,23.67241,0.005639081,1497.338,0.1612804,6.884175,0.007562673,100,0,1,0,Kennfeld_v2 (18)_korrigiert.csv,C:\Users\nikla\OneDrive\Documents\01_Uni\01_Master\00_Masterarbeit\sim_par_ink_prop\laboratory_measurement_L-Com\measurement_data\Kennfeld_v2 (18)_korrigiert.csv,511,1000.62,1.8180727948671822,3.636145589734365,3.636145589734365,0.0,90.90963602566408,100.0,2026-02-09 10:01:05.612,0.16666944444444445,2.000033333333333,False,1,0.16666944444444445,,True,1005.954715959406,1540.764003873778,ok,3.390715959406066,3.390715959406066,0.3382044397570695,0.3382044397570695,-4.808996126222155,4.808996126222155,-0.3111464891158266,0.3111464891158266,False,False
511,2026-09-02,10:03:05.614,35,8,90.96,909.66,0.0,0.0,0.0,0.0,0.0,100.0,1003.144,0.4871319,1.983704,1543.208,0.08576621,0.5050049,23.69095,0.004471845,1497.483,0.1170752,6.890473,0.0002292494,100,0,1,0,Kennfeld_v2 (18)_korrigiert.csv,C:\Users\nikla\OneDrive\Documents\01_Uni\01_Master\00_Masterarbeit\sim_par_ink_prop\laboratory_measurement_L-Com\measurement_data\Kennfeld_v2 (18)_korrigiert.csv,512,1000.62,1.8180727948671822,3.636145589734365,3.636145589734365,0.0,90.90963602566408,100.0,2026-02-09 10:03:05.614,0.2000033333333333,2.000033333333333,False,1,0.2000033333333333,,True,1005.9489023221881,1540.7964718884634,ok,2.804902322188127,2.804902322188127,0.279611134810967,0.279611134810967,-2.4115281115366543,2.4115281115366543,-0.15626721164850454,0.15626721164850454,False,False
512,2026-09-02,10:05:05.616,36,8,90.96,909.66,0.0,0.0,0.0,0.0,0.0,100.0,1003.477,0.3731662,1.693481,1543.19,0.05429772,0.229126,23.70748,0.00577204,1497.566,0.0901075,6.890524,0.0001452041,100,0,1,0,Kennfeld_v2 (18)_korrigiert.csv,C:\Users\nikla\OneDrive\Documents\01_Uni\01_Master\00_Masterarbeit\sim_par_ink_prop\laboratory_measurement_L-Com\measurement_data\Kennfeld_v2 (18)_korrigiert.csv,513,1000.62,1.8180727948671822,3.636145589734365,3.636145589734365,0.0,90.90963602566408,100.0,2026-02-09 10:05:05.616,0.23333722222222222,2.000033333333333,False,1,0.23333722222222222,,True,1005.9437189648863,1540.8253958369112,ok,2.466718964886354,2.466718964886354,0.24581719011859307,0.24581719011859307,-2.3646041630888703,2.3646041630888703,-0.15322832334896352,0.15322832334896352,False,False
513,2026-09-02,10:07:05.618,37,8,90.96,909.66,0.0,0.0,0.0,0.0,0.0,100.0,1003.429,0.5566572,2.311829,1543.142,0.07839199,0.4764404,23.72359,0.003444181,1497.558,0.1346805,6.890656,0.0002094503,100,0,1,0,Kennfeld_v2 (18)_korrigiert.csv,C:\Users\nikla\OneDrive\Documents\01_Uni\01_Master\00_Masterarbeit\sim_par_ink_prop\laboratory_measurement_L-Com\measurement_data\Kennfeld_v2 (18)_korrigiert.csv,514,1000.62,1.8180727948671822,3.636145589734365,3.636145589734365,0.0,90.90963602566408,100.0,2026-02-09 10:07:05.618,0.2666711111111111,2.000033333333333,False,1,0.2666711111111111,,True,1005.9386673070976,1540.853563028268,ok,2.5096673070976294,2.5096673070976294,0.25010910658328883,0.25010910658328883,-2.2884369717321533,2.2884369717321533,-0.14829723847398057,0.14829723847398057,False,False
514,2026-09-02,10:09:05.620,38,8,90.96,909.66,0.0,0.0,0.0,0.0,0.0,100.0,1003.958,0.6082623,2.052185,1543.128,0.0798654,0.4157715,23.7365,0.004117853,1497.688,0.1467441,6.890697,0.0002137889,100,0,1,0,Kennfeld_v2 (18)_korrigiert.csv,C:\Users\nikla\OneDrive\Documents\01_Uni\01_Master\00_Masterarbeit\sim_par_ink_prop\laboratory_measurement_L-Com\measurement_data\Kennfeld_v2 (18)_korrigiert.csv,515,1000.62,1.8180727948671822,3.636145589734365,3.636145589734365,0.0,90.90963602566408,100.0,2026-02-09 10:09:05.620,0.300005,2.000033333333333,False,1,0.300005,,True,1005.934619081527,1540.8761196723647,ok,1.9766190815270193,1.9766190815270193,0.19688264663731145,0.19688264663731145,-2.251880327635263,2.251880327635263,-0.1459295876709685,0.1459295876709685,False,False
515,2026-09-02,10:11:05.622,39,8,90.96,909.66,0.0,0.0,0.0,0.0,0.0,100.0,1004.118,0.3848631,1.688293,1543.163,0.06150177,0.3414307,23.74833,0.002712511,1497.728,0.09369209,6.890609,0.0001640144,100,0,1,0,Kennfeld_v2 (18)_korrigiert.csv,C:\Users\nikla\OneDrive\Documents\01_Uni\01_Master\00_Masterarbeit\sim_par_ink_prop\laboratory_measurement_L-Com\measurement_data\Kennfeld_v2 (18)_korrigiert.csv,516,1000.62,1.8180727948671822,3.636145589734365,3.636145589734365,0.0,90.90963602566408,100.0,2026-02-09 10:11:05.622,0.3333388888888889,2.000033333333333,False,1,0.3333388888888889,,True,1005.9309095140645,1540.8967771434031,ok,1.8129095140644722,1.8129095140644722,0.1805474569786093,0.1805474569786093,-2.266222856596869,2.266222856596869,-0.14685570199628095,0.14685570199628095,False,False
516,2026-09-02,10:13:05.624,40,8,90.96,909.66,0.0,0.0,0.0,0.0,0.0,100.0,1002.759,1.317176,4.827942,1544.934,2.07621,8.237549,23.7571,0.003616479,1497.402,0.3189726,6.885894,0.005519454,100,0,1,0,Kennfeld_v2 (18)_korrigiert.csv,C:\Users\nikla\OneDrive\Documents\01_Uni\01_Master\00_Masterarbeit\sim_par_ink_prop\laboratory_measurement_L-Com\measurement_data\Kennfeld_v2 (18)_korrigiert.csv,517,1000.62,1.8180727948671822,3.636145589734365,3.636145589734365,0.0,90.90963602566408,100.0,2026-02-09 10:13:05.624,0.36667277777777774,2.000033333333333,False,1,0.36667277777777774,,True,1005.9281594793346,1540.9120837449127,ok,3.169159479334553,3.169159479334553,0.31604398258550187,0.31604398258550187,-4.0219162550872625,4.0219162550872625,-0.26032932507714,0.26032932507714,False,False
517,2026-09-02,10:15:05.626,41,8,90.96,909.66,0.0,0.0,0.0,0.0,0.0,100.0,1004.284,0.3229009,1.512451,1543.792,0.12055,0.7712402,23.77457,0.003625431,1497.773,0.07800059,6.888937,0.0003216121,100,0,1,0,Kennfeld_v2 (18)_korrigiert.csv,C:\Users\nikla\OneDrive\Documents\01_Uni\01_Master\00_Masterarbeit\sim_par_ink_prop\laboratory_measurement_L-Com\measurement_data\Kennfeld_v2 (18)_korrigiert.csv,518,1000.62,1.8180727948671822,3.636145589734365,3.636145589734365,0.0,90.90963602566408,100.0,2026-02-09 10:15:05.626,0.4000066666666666,2.000033333333333,False,1,0.4000066666666666,,True,1005.9226813590783,1540.9425556922606,ok,1.638681359078305,1.638681359078305,0.16316911940031953,0.16316911940031953,-2.8494443077393043,2.8494443077393043,-0.1845743667371838,0.1845743667371838,False,False
518,2026-09-02,10:17:05.628,42,8,90.96,909.66,0.0,0.0,0.0,0.0,0.0,100.0,1002.94,1.143442,4.052368,1545.813,8.585776,85.60254,23.783,0.002923115,1497.455,0.2722026,6.883673,0.02175344,100,0,1,0,Kennfeld_v2 (18)_korrigiert.csv,C:\Users\nikla\OneDrive\Documents\01_Uni\01_Master\00_Masterarbeit\sim_par_ink_prop\laboratory_measurement_L-Com\measurement_data\Kennfeld_v2 (18)_korrigiert.csv,519,1000.62,1.8180727948671822,3.636145589734365,3.636145589734365,0.0,90.90963602566408,100.0,2026-02-09 10:17:05.628,0.43334055555555556,2.000033333333333,False,1,0.43334055555555556,,True,1005.9200379382839,1540.957250579082,ok,2.9800379382838855,2.9800379382838855,0.29713023094939733,0.29713023094939733,-4.855749420918073,4.855749420918073,-0.31412269277836796,0.31412269277836796,False,False
519,2026-09-02,10:19:05.630,43,8,90.96,909.66,0.0,0.0,0.0,0.0,0.0,100.0,1004.357,0.1350481,0.7416382,1545.93,1.157999,3.780762,23.79806,0.004482124,1497.796,0.03209724,6.883248,0.003083751,100,0,1,0,Kennfeld_v2 (18)_korrigiert.csv,C:\Users\nikla\OneDrive\Documents\01_Uni\01_Master\00_Masterarbeit\sim_par_ink_prop\laboratory_measurement_L-Com\measurement_data\Kennfeld_v2 (18)_korrigiert.csv,520,1000.62,1.8180727948671822,3.636145589734365,3.636145589734365,0.0,90.90963602566408,100.0,2026-02-09 10:19:05.630,0.46667444444444445,2.000033333333333,False,1,0.46667444444444445,,True,1005.9153155274854,1540.9834879154591,ok,1.5583155274854334,1.5583155274854334,0.15515554006049975,0.15515554006049975,-4.946512084540927,4.946512084540927,-0.3199699911730109,0.3199699911730109,False,False
520,2026-09-02,10:21:05.632,44,8,90.96,909.66,0.0,0.0,0.0,0.0,0.0,100.0,1003.664,1.133217,4.87262,1543.698,0.3822419,1.498413,23.81106,0.002660772,1497.629,0.2725461,6.889198,0.001020652,100,0,1,0,Kennfeld_v2 (18)_korrigiert.csv,C:\Users\nikla\OneDrive\Documents\01_Uni\01_Master\00_Masterarbeit\sim_par_ink_prop\laboratory_measurement_L-Com\measurement_data\Kennfeld_v2 (18)_korrigiert.csv,521,1000.62,1.8180727948671822,3.636145589734365,3.636145589734365,0.0,90.90963602566408,100.0,2026-02-09 10:21:05.632,0.5000083333333333,2.000033333333333,False,1,0.5000083333333333,,True,1005.9112390765423,1541.0061211418295,ok,2.2472390765423143,2.2472390765423143,0.22390352513812534,0.22390352513812534,-2.6918788581706394,2.6918788581706394,-0.17437859336286238,0.17437859336286238,False,False
521,2026-09-02,10:23:05.634,45,8,90.96,909.66,0.0,0.0,0.0,0.0,0.0,100.0,1003.083,1.103555,4.736694,1553.239,22.23274,89.29407,23.81798,0.002551693,inf,,6.86469,0.05613755,100,0,1,0,Kennfeld_v2 (18)_korrigiert.csv,C:\Users\nikla\OneDrive\Documents\01_Uni\01_Master\00_Masterarbeit\sim_par_ink_prop\laboratory_measurement_L-Com\measurement_data\Kennfeld_v2 (18)_korrigiert.csv,522,1000.62,1.8180727948671822,3.636145589734365,3.636145589734365,0.0,90.90963602566408,100.0,2026-02-09 10:23:05.634,0.5333422222222222,2.000033333333333,False,1,0.5333422222222222,,True,1005.9090691500764,1541.0181632342242,ok,2.826069150076478,2.826069150076478,0.2817383157800977,0.2817383157800977,-12.220836765775857,12.220836765775857,-0.7867969298849602,0.7867969298849602,False,False
522,2026-09-02,10:25:05.636,46,8,90.96,909.66,0.0,0.0,0.0,0.0,0.0,100.0,1003.313,1.177275,4.25177,1546.016,8.320065,84.02173,23.82879,0.002468212,1497.552,0.2797891,6.883138,0.02105194,100,0,0,0,Kennfeld_v2 (18)_korrigiert.csv,C:\Users\nikla\OneDrive\Documents\01_Uni\01_Master\00_Masterarbeit\sim_par_ink_prop\laboratory_measurement_L-Com\measurement_data\Kennfeld_v2 (18)_korrigiert.csv,523,1000.62,1.8180727948671822,3.636145589734365,3.636145589734365,0.0,90.90963602566408,100.0,2026-02-09 10:25:05.636,0.5666761111111112,2.000033333333333,False,1,0.5666761111111112,,True,1005.905679423529,1541.0369666580577,ok,2.5926794235290345,2.5926794235290345,0.2584118239800575,0.2584118239800575,-4.9790333419423405,4.9790333419423405,-0.32205574469748954,0.32205574469748954,False,False
523,2026-09-02,10:27:05.638,47,8,90.96,909.66,0.0,0.0,0.0,0.0,0.0,100.0,1003.023,1.272612,4.478943,1544.169,1.723933,7.845947,23.83454,0.001966732,1497.481,0.3070873,6.887953,0.004589089,100,0,1,0,Kennfeld_v2 (18)_korrigiert.csv,C:\Users\nikla\OneDrive\Documents\01_Uni\01_Master\00_Masterarbeit\sim_par_ink_prop\laboratory_measurement_L-Com\measurement_data\Kennfeld_v2 (18)_korrigiert.csv,524,1000.62,1.8180727948671822,3.636145589734365,3.636145589734365,0.0,90.90963602566408,100.0,2026-02-09 10:27:05.638,0.60001,2.000033333333333,False,1,0.60001,,True,1005.9038763773058,1541.0469645060775,ok,2.8808763773057535,2.8808763773057535,0.2872193735642905,0.2872193735642905,-3.122035493922567,3.122035493922567,-0.20218224131701693,0.20218224131701693,False,False
524,2026-09-02,10:29:05.639,48,8,90.96,909.66,0.0,0.0,0.0,0.0,0.0,100.0,1003.403,1.541474,4.869812,1543.441,0.6559724,3.255493,23.84299,0.002525552,1497.576,0.3695295,6.889894,0.001749029,100,0,1,0,Kennfeld_v2 (18)_korrigiert.csv,C:\Users\nikla\OneDrive\Documents\01_Uni\01_Master\00_Masterarbeit\sim_par_ink_prop\laboratory_measurement_L-Com\measurement_data\Kennfeld_v2 (18)_korrigiert.csv,525,1000.62,1.8180727948671822,3.636145589734365,3.636145589734365,0.0,90.90963602566408,100.0,2026-02-09 10:29:05.639,0.633343611111111,2.0000166666666668,False,1,0.633343611111111,,True,1005.9012266830542,1541.061651987565,ok,2.498226683054213,2.498226683054213,0.2489754050021988,0.2489754050021988,-2.3793480124350026,2.3793480124350026,-0.15415866317112234,0.15415866317112234,False,False
525,2026-09-02,10:31:05.642,49,8,90.96,909.66,0.0,0.0,0.0,0.0,0.0,100.0,1004.437,0.150354,1.084229,1543.08,0.106471,0.4552002,23.85107,0.002257676,1497.826,0.03661687,6.890857,0.0002847885,100,0,1,0,Kennfeld_v2 (18)_korrigiert.csv,C:\Users\nikla\OneDrive\Documents\01_Uni\01_Master\00_Masterarbeit\sim_par_ink_prop\laboratory_measurement_L-Com\measurement_data\Kennfeld_v2 (18)_korrigiert.csv,526,1000.62,1.8180727948671822,3.636145589734365,3.636145589734365,0.0,90.90963602566408,100.0,2026-02-09 10:31:05.642,0.6666777777777778,2.00005,False,1,0.6666777777777778,,True,1005.8986930106548,1541.0756907723835,ok,1.4616930106548125,1.4616930106548125,0.14552361279550757,0.14552361279550757,-2.0043092276164316,2.0043092276164316,-0.1298901695062104,0.1298901695062104,False,False
526,2026-09-02,10:33:05.644,50,8,90.96,909.66,0.0,0.0,0.0,0.0,0.0,100.0,1003.18,1.035848,3.941101,1543.394,0.4217647,1.79187,23.85665,0.002633451,inf,,6.890022,0.001125754,100,0,1,0,Kennfeld_v2 (18)_korrigiert.csv,C:\Users\nikla\OneDrive\Documents\01_Uni\01_Master\00_Masterarbeit\sim_par_ink_prop\laboratory_measurement_L-Com\measurement_data\Kennfeld_v2 (18)_korrigiert.csv,527,1000.62,1.8180727948671822,3.636145589734365,3.636145589734365,0.0,90.90963602566408,100.0,2026-02-09 10:33:05.644,0.7000116666666667,2.000033333333333,False,1,0.7000116666666667,,True,1005.8969432713974,1541.0853826906737,ok,2.71694327139744,2.71694327139744,0.2708330779518571,0.2708330779518571,-2.308617309326337,2.308617309326337,-0.1495805548891817,0.1495805548891817,False,False
527,2026-09-02,10:35:05.646,51,8,90.96,909.66,0.0,0.0,0.0,0.0,0.0,100.0,1004.436,0.1657553,0.7348633,1543.022,0.04790114,0.2489014,23.86698,0.001580939,1497.829,0.0397893,6.891016,0.0001279813,100,0,1,0,Kennfeld_v2 (18)_korrigiert.csv,C:\Users\nikla\OneDrive\Documents\01_Uni\01_Master\00_Masterarbeit\sim_par_ink_prop\laboratory_measurement_L-Com\measurement_data\Kennfeld_v2 (18)_korrigiert.csv,528,1000.62,1.8180727948671822,3.636145589734365,3.636145589734365,0.0,90.90963602566408,100.0,2026-02-09 10:35:05.646,0.7333455555555555,2.000033333333333,False,1,0.7333455555555555,,True,1005.8937040584335,1541.1033180325178,ok,1.4577040584334782,1.4577040584334782,0.14512662413866867,0.14512662413866867,-1.9186819674821436,1.9186819674821436,-0.12434572983937647,0.12434572983937647,False,False
528,2026-09-02,10:37:05.648,52,8,90.96,909.66,0.0,0.0,0.0,0.0,0.0,100.0,1003.756,0.5725362,2.569702,1543.042,0.1230431,0.6589355,23.87277,0.002292943,1497.665,0.1369742,6.890964,0.0003282228,100,0,1,0,Kennfeld_v2 (18)_korrigiert.csv,C:\Users\nikla\OneDrive\Documents\01_Uni\01_Master\00_Masterarbeit\sim_par_ink_prop\laboratory_measurement_L-Com\measurement_data\Kennfeld_v2 (18)_korrigiert.csv,529,1000.62,1.8180727948671822,3.636145589734365,3.636145589734365,0.0,90.90963602566408,100.0,2026-02-09 10:37:05.648,0.7666794444444444,2.000033333333333,False,1,0.7666794444444444,,True,1005.8918884684085,1541.1133669525648,ok,2.1358884684085524,2.1358884684085524,0.21278960906919137,0.21278960906919137,-1.9286330474351416,1.9286330474351416,-0.12498901827916166,0.12498901827916166,False,False
529,2026-09-02,10:39:05.650,53,8,90.96,909.66,0.0,0.0,0.0,0.0,0.0,100.0,1003.233,1.476314,4.871643,1543.58,0.5577747,2.478882,23.87988,0.00224524,1497.54,0.3567681,6.889532,0.001488752,100,0,1,0,Kennfeld_v2 (18)_korrigiert.csv,C:\Users\nikla\OneDrive\Documents\01_Uni\01_Master\00_Masterarbeit\sim_par_ink_prop\laboratory_measurement_L-Com\measurement_data\Kennfeld_v2 (18)_korrigiert.csv,530,1000.62,1.8180727948671822,3.636145589734365,3.636145589734365,0.0,90.90963602566408,100.0,2026-02-09 10:39:05.650,0.8000133333333332,2.000033333333333,False,1,0.8000133333333332,,True,1005.889658961306,1541.125702984746,ok,2.656658961306107,2.656658961306107,0.2648097661566263,0.2648097661566263,-2.4542970152538146,2.4542970152538146,-0.15900031195362824,0.15900031195362824,False,False
530,2026-09-02,10:41:05.652,54,8,90.96,909.66,0.0,0.0,0.0,0.0,0.0,100.0,1004.197,0.4533,2.218628,1542.955,0.08922863,0.3903809,23.88849,0.001860412,1497.777,0.1080361,6.891201,0.000238024,100,0,1,0,Kennfeld_v2 (18)_korrigiert.csv,C:\Users\nikla\OneDrive\Documents\01_Uni\01_Master\00_Masterarbeit\sim_par_ink_prop\laboratory_measurement_L-Com\measurement_data\Kennfeld_v2 (18)_korrigiert.csv,531,1000.62,1.8180727948671822,3.636145589734365,3.636145589734365,0.0,90.90963602566408,100.0,2026-02-09 10:41:05.652,0.8333472222222222,2.000033333333333,False,1,0.8333472222222222,,True,1005.8869590937884,1541.1406358970432,ok,1.6899590937883886,1.6899590937883886,0.16828959793630022,0.16828959793630022,-1.814364102956688,1.814364102956688,-0.1175902150715146,0.1175902150715146,False,False
531,2026-09-02,10:43:05.655,55,8,90.96,909.66,0.0,0.0,0.0,0.0,0.0,100.0,1003.96,0.7578655,2.459106,1543.316,0.627774,3.290894,23.89484,0.00147442,inf,,6.89024,0.001674316,100,0,1,0,Kennfeld_v2 (18)_korrigiert.csv,C:\Users\nikla\OneDrive\Documents\01_Uni\01_Master\00_Masterarbeit\sim_par_ink_prop\laboratory_measurement_L-Com\measurement_data\Kennfeld_v2 (18)_korrigiert.csv,532,1000.62,1.8180727948671822,3.636145589734365,3.636145589734365,0.0,90.90963602566408,100.0,2026-02-09 10:43:05.655,0.8666813888888889,2.00005,False,1,0.8666813888888889,,True,1005.8849679021107,1541.1516451642785,ok,1.9249679021106658,1.9249679021106658,0.19173750967276243,0.19173750967276243,-2.164354835721497,2.164354835721497,-0.14024054929265922,0.14024054929265922,False,False
532,2026-09-02,10:45:05.657,56,8,90.96,909.66,0.0,0.0,0.0,0.0,0.0,100.0,1002.911,1.338203,4.915527,1543.899,0.3707696,1.688354,23.89806,0.001578944,1497.469,0.3220554,6.888683,0.0009893355,100,0,1,0,Kennfeld_v2 (18)_korrigiert.csv,C:\Users\nikla\OneDrive\Documents\01_Uni\01_Master\00_Masterarbeit\sim_par_ink_prop\laboratory_measurement_L-Com\measurement_data\Kennfeld_v2 (18)_korrigiert.csv,533,1000.62,1.8180727948671822,3.636145589734365,3.636145589734365,0.0,90.90963602566408,100.0,2026-02-09 10:45:05.657,0.9000152777777777,2.000033333333333,False,1,0.9000152777777777,,True,1005.8839581954038,1541.1572265274629,ok,2.972958195403862,2.972958195403862,0.29643290335870903,0.29643290335870903,-2.7417734725370337,2.7417734725370337,-0.17758761891399852,0.17758761891399852,False,False
533,2026-09-02,10:47:05.659,57,8,90.96,909.66,0.0,0.0,0.0,0.0,0.0,100.0,1003.646,0.6007007,2.625427,1545.367,1.825467,6.457764,23.90338,0.001681503,inf,,6.884779,0.004855466,100,0,0,0,Kennfeld_v2 (18)_korrigiert.csv,C:\Users\nikla\OneDrive\Documents\01_Uni\01_Master\00_Masterarbeit\sim_par_ink_prop\laboratory_measurement_L-Com\measurement_data\Kennfeld_v2 (18)_korrigiert.csv,534,1000.62,1.8180727948671822,3.636145589734365,3.636145589734365,0.0,90.90963602566408,100.0,2026-02-09 10:47:05.659,0.9333491666666666,2.000033333333333,False,1,0.9333491666666666,,True,1005.8822899842337,1541.1664460095408,ok,2.2362899842337356,2.2362899842337356,0.22281660906671633,0.22281660906671633,-4.200553990459184,4.200553990459184,-0.2718159498979326,0.2718159498979326,False,False
534,2026-09-02,10:49:05.661,58,8,90.96,909.66,0.0,0.0,0.0,0.0,0.0,100.0,1003.127,1.168109,3.764404,1543.749,1.445289,7.281372,23.93125,0.008565078,inf,,6.889096,0.003848884,100,0,1,0,Kennfeld_v2 (18)_korrigiert.csv,C:\Users\nikla\OneDrive\Documents\01_Uni\01_Master\00_Masterarbeit\sim_par_ink_prop\laboratory_measurement_L-Com\measurement_data\Kennfeld_v2 (18)_korrigiert.csv,535,1000.62,1.8180727948671822,3.636145589734365,3.636145589734365,0.0,90.90963602566408,100.0,2026-02-09 10:49:05.661,0.9666830555555556,2.000033333333333,False,1,0.9666830555555556,,True,1005.8735506881795,1541.214705599219,ok,2.746550688179582,2.746550688179582,0.27379889965872534,0.27379889965872534,-2.5342944007809365,2.5342944007809365,-0.1641649258254377,0.1641649258254377,False,False
535,2026-09-02,10:51:05.663,59,8,90.96,909.66,0.0,0.0,0.0,0.0,0.0,100.0,1003.272,0.7300914,3.205811,1543.003,0.03603429,0.2380371,23.96799,0.005922196,1497.567,0.1741235,6.891096,9.605701e-05,100,0,1,0,Kennfeld_v2 (18)_korrigiert.csv,C:\Users\nikla\OneDrive\Documents\01_Uni\01_Master\00_Masterarbeit\sim_par_ink_prop\laboratory_measurement_L-Com\measurement_data\Kennfeld_v2 (18)_korrigiert.csv,536,1000.62,1.8180727948671822,3.636145589734365,3.636145589734365,0.0,90.90963602566408,100.0,2026-02-09 10:51:05.663,1.0000169444444444,2.000033333333333,False,1,1.0000169444444444,,True,1005.8620299896743,1541.2782250221524,ok,2.5900299896742354,2.5900299896742354,0.25815830499348486,0.25815830499348486,-1.7247749778475736,1.7247749778475736,-0.11178040339828073,0.11178040339828073,False,False
536,2026-09-02,10:53:05.665,60,8,90.96,909.66,0.0,0.0,0.0,0.0,0.0,100.0,1002.994,0.3604372,1.520752,1543.034,0.02079706,0.0916748,23.98396,0.002384234,1497.504,0.08576877,6.891017,5.584358e-05,100,0,1,0,Kennfeld_v2 (18)_korrigiert.csv,C:\Users\nikla\OneDrive\Documents\01_Uni\01_Master\00_Masterarbeit\sim_par_ink_prop\laboratory_measurement_L-Com\measurement_data\Kennfeld_v2 (18)_korrigiert.csv,537,1000.62,1.8180727948671822,3.636145589734365,3.636145589734365,0.0,90.90963602566408,100.0,2026-02-09 10:53:05.665,1.0333508333333334,2.000033333333333,False,1,1.0333508333333334,,True,1005.8570222156942,1541.3058001055695,ok,2.8630222156941727,2.8630222156941727,0.28544759148052457,0.28544759148052457,-1.7281998944306451,1.7281998944306451,-0.11200011758850713,0.11200011758850713,False,False
537,2026-09-02,10:55:05.667,61,8,90.96,909.66,0.0,0.0,0.0,0.0,0.0,100.0,1003.393,0.7856831,2.84259,1543.078,0.04538858,0.203125,23.99476,0.004602314,1497.601,0.1916269,6.890901,0.0001202618,100,0,1,0,Kennfeld_v2 (18)_korrigiert.csv,C:\Users\nikla\OneDrive\Documents\01_Uni\01_Master\00_Masterarbeit\sim_par_ink_prop\laboratory_measurement_L-Com\measurement_data\Kennfeld_v2 (18)_korrigiert.csv,538,1000.62,1.8180727948671822,3.636145589734365,3.636145589734365,0.0,90.90963602566408,100.0,2026-02-09 10:55:05.667,1.0666847222222222,2.000033333333333,False,1,1.0666847222222222,,True,1005.8536356178179,1541.3244361218021,ok,2.460635617817843,2.460635617817843,0.24523149133169586,0.24523149133169586,-1.7535638781978378,1.7535638781978378,-0.11364065058265609,0.11364065058265609,False,False
538,2026-09-02,10:57:05.669,62,8,90.96,909.66,0.0,0.0,0.0,0.0,0.0,100.0,1002.006,3.559116,20.03888,1543.144,0.09806811,0.8413086,24.04674,0.02618589,inf,,6.890741,0.0002626152,100,0,1,0,Kennfeld_v2 (18)_korrigiert.csv,C:\Users\nikla\OneDrive\Documents\01_Uni\01_Master\00_Masterarbeit\sim_par_ink_prop\laboratory_measurement_L-Com\measurement_data\Kennfeld_v2 (18)_korrigiert.csv,539,1000.62,1.8180727948671822,3.636145589734365,3.636145589734365,0.0,90.90963602566408,100.0,2026-02-09 10:57:05.669,1.1000186111111112,2.000033333333333,False,1,1.1000186111111112,,True,1005.8373360412415,1541.4139935329922,ok,3.8313360412415705,3.8313360412415705,0.3823665767711541,0.3823665767711541,-1.7300064670077973,1.7300064670077973,-0.1121092047798389,0.1121092047798389,False,False
539,2026-09-02,10:59:05.671,63,8,90.96,909.66,0.0,0.0,0.0,0.0,0.0,100.0,1004.547,0.182661,0.8909912,1543.086,0.03186737,0.1708984,24.04863,0.003074033,1497.891,0.04475744,6.890894,8.478477e-05,100,0,1,0,Kennfeld_v2 (18)_korrigiert.csv,C:\Users\nikla\OneDrive\Documents\01_Uni\01_Master\00_Masterarbeit\sim_par_ink_prop\laboratory_measurement_L-Com\measurement_data\Kennfeld_v2 (18)_korrigiert.csv,540,1000.62,1.8180727948671822,3.636145589734365,3.636145589734365,0.0,90.90963602566408,100.0,2026-02-09 10:59:05.671,1.1333525,2.000033333333333,False,1,1.1333525,,True,1005.836743386179,1541.4172455738453,ok,1.2897433861789978,1.2897433861789978,0.12839054680159293,0.12839054680159293,-1.6687544261546918,1.6687544261546918,-0.10814396774740305,0.10814396774740305,False,False
540,2026-09-02,11:01:05.673,64,8,90.96,909.66,0.0,0.0,0.0,0.0,0.0,100.0,1004.596,0.0321579,0.2670898,1543.092,0.02528183,0.1154785,24.07736,0.01027201,1497.91,0.007273016,6.890888,6.559354e-05,100,0,1,0,Kennfeld_v2 (18)_korrigiert.csv,C:\Users\nikla\OneDrive\Documents\01_Uni\01_Master\00_Masterarbeit\sim_par_ink_prop\laboratory_measurement_L-Com\measurement_data\Kennfeld_v2 (18)_korrigiert.csv,541,1000.62,1.8180727948671822,3.636145589734365,3.636145589734365,0.0,90.90963602566408,100.0,2026-02-09 11:01:05.673,1.1666863888888888,2.000033333333333,False,1,1.1666863888888888,,True,1005.8277344003463,1541.466643027828,ok,1.2317344003463404,1.2317344003463404,0.12260992482016059,0.12260992482016059,-1.625356972172085,1.625356972172085,-0.10533117741340665,0.10533117741340665,False,False
541,2026-09-02,11:03:05.675,65,8,90.96,909.66,0.0,0.0,0.0,0.0,0.0,100.0,1004.223,0.9236903,4.163513,1543.121,0.03120033,0.2567139,24.12067,0.01986704,1497.827,0.2265504,6.890821,8.13845e-05,100,0,1,0,Kennfeld_v2 (18)_korrigiert.csv,C:\Users\nikla\OneDrive\Documents\01_Uni\01_Master\00_Masterarbeit\sim_par_ink_prop\laboratory_measurement_L-Com\measurement_data\Kennfeld_v2 (18)_korrigiert.csv,542,1000.62,1.8180727948671822,3.636145589734365,3.636145589734365,0.0,90.90963602566408,100.0,2026-02-09 11:03:05.675,1.200020277777778,2.000033333333333,False,1,1.200020277777778,,True,1005.8141534970056,1541.5409775024457,ok,1.591153497005621,1.591153497005621,0.15844623126592608,0.15844623126592608,-1.5800224975544097,1.5800224975544097,-0.10239135476442933,0.10239135476442933,False,False
542,2026-09-02,11:05:05.677,66,8,90.96,909.66,0.0,0.0,0.0,0.0,0.0,100.0,1004.617,0.00646851,0.02404785,1543.092,0.01524997,0.09204102,24.14156,0.0009497172,1497.924,0.001800433,6.890906,4.060993e-05,100,0,1,0,Kennfeld_v2 (18)_korrigiert.csv,C:\Users\nikla\OneDrive\Documents\01_Uni\01_Master\00_Masterarbeit\sim_par_ink_prop\laboratory_measurement_L-Com\measurement_data\Kennfeld_v2 (18)_korrigiert.csv,543,1000.62,1.8180727948671822,3.636145589734365,3.636145589734365,0.0,90.90963602566408,100.0,2026-02-09 11:05:05.677,1.2333541666666665,2.000033333333333,False,1,1.2333541666666665,,True,1005.8076029270402,1541.5767752127108,ok,1.1906029270402314,1.1906029270402314,0.11851311763987982,0.11851311763987982,-1.5152247872892985,1.5152247872892985,-0.09819406667193521,0.09819406667193521,False,False
543,2026-09-02,11:07:05.679,67,8,90.96,909.66,0.0,0.0,0.0,0.0,0.0,100.0,1004.458,0.2457422,0.9317017,1543.074,0.02177445,0.1051025,24.14234,0.0004549887,1497.886,0.05974981,6.890954,5.819006e-05,100,0,1,0,Kennfeld_v2 (18)_korrigiert.csv,C:\Users\nikla\OneDrive\Documents\01_Uni\01_Master\00_Masterarbeit\sim_par_ink_prop\laboratory_measurement_L-Com\measurement_data\Kennfeld_v2 (18)_korrigiert.csv,544,1000.62,1.8180727948671822,3.636145589734365,3.636145589734365,0.0,90.90963602566408,100.0,2026-02-09 11:07:05.679,1.2666880555555555,2.000033333333333,False,1,1.2666880555555555,,True,1005.8073583389469,1541.578111130338,ok,1.3493583389468995,1.3493583389468995,0.13433695972822154,0.13433695972822154,-1.495888869662167,1.495888869662167,-0.0969421343151506,0.0969421343151506,False,False
544,2026-09-02,11:09:05.681,68,8,90.96,909.66,0.0,0.0,0.0,0.0,0.0,100.0,1004.289,0.6056756,3.097351,1543.026,0.02165033,0.08813477,24.14211,0.000557029,1497.845,0.149062,6.89108,5.772932e-05,100,0,1,0,Kennfeld_v2 (18)_korrigiert.csv,C:\Users\nikla\OneDrive\Documents\01_Uni\01_Master\00_Masterarbeit\sim_par_ink_prop\laboratory_measurement_L-Com\measurement_data\Kennfeld_v2 (18)_korrigiert.csv,545,1000.62,1.8180727948671822,3.636145589734365,3.636145589734365,0.0,90.90963602566408,100.0,2026-02-09 11:09:05.681,1.3000219444444443,2.000033333333333,False,1,1.3000219444444443,,True,1005.8074304610772,1541.5777172112473,ok,1.5184304610771733,1.5184304610771733,0.15119457258589641,0.15119457258589641,-1.4482827887527492,1.4482827887527492,-0.09385990830697273,0.09385990830697273,False,False
545,2026-09-02,11:11:05.683,69,8,90.96,909.66,0.0,0.0,0.0,0.0,0.0,100.0,1004.603,0.07120349,0.2542725,1542.987,0.01465185,0.06152344,24.14118,0.0008206499,1497.923,0.01723913,6.891184,3.917296e-05,100,0,1,0,Kennfeld_v2 (18)_korrigiert.csv,C:\Users\nikla\OneDrive\Documents\01_Uni\01_Master\00_Masterarbeit\sim_par_ink_prop\laboratory_measurement_L-Com\measurement_data\Kennfeld_v2 (18)_korrigiert.csv,546,1000.62,1.8180727948671822,3.636145589734365,3.636145589734365,0.0,90.90963602566408,100.0,2026-02-09 11:11:05.683,1.3333558333333333,2.000033333333333,False,1,1.3333558333333333,,True,1005.8077220853412,1541.5761243624474,ok,1.2047220853412455,1.2047220853412455,0.11992021578088514,0.11992021578088514,-1.4108756375526355,1.4108756375526355,-0.0914379471474896,0.0914379471474896,False,False
546,2026-09-02,12:05:30.287,70,8,123.38,909.66,0.0,0.0,0.0,0.0,0.0,100.0,1004.995,0.5093101,1.987061,1558.705,0.1229355,0.6816406,24.11082,0.01759114,1498.003,0.1227508,6.849618,0.0003184165,100,0,1,0,Kennfeld_v2 (18)_korrigiert.csv,C:\Users\nikla\OneDrive\Documents\01_Uni\01_Master\00_Masterarbeit\sim_par_ink_prop\laboratory_measurement_L-Com\measurement_data\Kennfeld_v2 (18)_korrigiert.csv,547,1033.04,2.3886780763571593,4.77735615271432,4.77735615271432,0.0,88.05660961821421,100.00000000000001,2026-02-09 12:05:30.287,2.240190277777778,54.410066666666665,False,2,0.0,,True,1008.8089649797454,1556.0650329956352,ok,3.8139649797453785,3.8139649797453785,0.3795008910238736,0.3795008910238736,-2.6399670043647347,2.6399670043647347,-0.16936925231937633,0.16936925231937633,False,False
547,2026-09-02,12:07:30.289,71,8,123.38,909.66,0.0,0.0,0.0,0.0,0.0,100.0,1006.125,0.2134549,1.24176,1558.479,0.0655906,0.3947754,24.08955,0.001478581,1498.277,0.05094976,6.850204,0.0001715217,100,0,1,0,Kennfeld_v2 (18)_korrigiert.csv,C:\Users\nikla\OneDrive\Documents\01_Uni\01_Master\00_Masterarbeit\sim_par_ink_prop\laboratory_measurement_L-Com\measurement_data\Kennfeld_v2 (18)_korrigiert.csv,548,1033.04,2.3886780763571593,4.77735615271432,4.77735615271432,0.0,88.05660961821421,100.00000000000001,2026-02-09 12:07:30.289,2.273524166666667,2.000033333333333,False,2,0.033333888888888885,,True,1008.8162994000525,1556.0397512962318,ok,2.6912994000524577,2.6912994000524577,0.267491554235553,0.267491554235553,-2.4392487037682713,2.4392487037682713,-0.15651469822617253,0.15651469822617253,False,False
548,2026-09-02,12:09:30.291,72,8,123.38,909.66,0.0,0.0,0.0,0.0,0.0,100.0,1005.964,5.565763,51.08533,1558.32,0.2102047,1.22168,24.1148,0.01342368,1498.272,1.261656,6.850627,0.0005518175,100,0,1,0,Kennfeld_v2 (18)_korrigiert.csv,C:\Users\nikla\OneDrive\Documents\01_Uni\01_Master\00_Masterarbeit\sim_par_ink_prop\laboratory_measurement_L-Com\measurement_data\Kennfeld_v2 (18)_korrigiert.csv,549,1033.04,2.3886780763571593,4.77735615271432,4.77735615271432,0.0,88.05660961821421,100.00000000000001,2026-02-09 12:09:30.291,2.306858055555556,2.000033333333333,False,2,0.06666777777777777,,True,1008.8075925774889,1556.06975943677,ok,2.8435925774888346,2.8435925774888346,0.28267339362927846,0.28267339362927846,-2.2502405632299087,2.2502405632299087,-0.1444016994731447,0.1444016994731447,False,False
549,2026-09-02,12:11:30.293,73,8,123.38,909.66,0.0,0.0,0.0,0.0,0.0,100.0,1006.389,0.2707166,1.64978,1558.566,0.2137274,1.109985,24.14437,0.009060736,1498.356,0.06212528,6.84999,0.0005584967,100,0,1,0,Kennfeld_v2 (18)_korrigiert.csv,C:\Users\nikla\OneDrive\Documents\01_Uni\01_Master\00_Masterarbeit\sim_par_ink_prop\laboratory_measurement_L-Com\measurement_data\Kennfeld_v2 (18)_korrigiert.csv,550,1033.04,2.3886780763571593,4.77735615271432,4.77735615271432,0.0,88.05660961821421,100.00000000000001,2026-02-09 12:11:30.293,2.340191944444445,2.000033333333333,False,2,0.10000166666666666,,True,1008.7973961100056,1556.1048335450364,ok,2.408396110005583,2.408396110005583,0.23931065522433007,0.23931065522433007,-2.4611664549636316,2.4611664549636316,-0.15791223823460998,0.15791223823460998,False,False
550,2026-09-02,12:13:30.295,74,8,123.38,909.66,0.0,0.0,0.0,0.0,0.0,100.0,1006.621,0.1833636,0.8954468,1558.381,0.0452876,0.1750488,24.17329,0.008445076,1498.417,0.04556457,6.850483,0.0001204604,100,0,1,0,Kennfeld_v2 (18)_korrigiert.csv,C:\Users\nikla\OneDrive\Documents\01_Uni\01_Master\00_Masterarbeit\sim_par_ink_prop\laboratory_measurement_L-Com\measurement_data\Kennfeld_v2 (18)_korrigiert.csv,551,1033.04,2.3886780763571593,4.77735615271432,4.77735615271432,0.0,88.05660961821421,100.00000000000001,2026-02-09 12:13:30.295,2.3735258333333333,2.000033333333333,False,2,0.13333555555555554,,True,1008.7874237760916,1556.1390655332386,ok,2.1664237760916194,2.1664237760916194,0.21521742305114033,0.21521742305114033,-2.2419344667614496,2.2419344667614496,-0.1438630518956179,0.1438630518956179,False,False
551,2026-09-02,12:15:30.297,75,8,123.38,909.66,0.0,0.0,0.0,0.0,0.0,100.0,1007.038,0.2109578,0.798584,1558.112,0.1164071,0.3723145,24.21465,0.01416354,1498.529,0.0533884,6.8512,0.0003082726,100,0,1,0,Kennfeld_v2 (18)_korrigiert.csv,C:\Users\nikla\OneDrive\Documents\01_Uni\01_Master\00_Masterarbeit\sim_par_ink_prop\laboratory_measurement_L-Com\measurement_data\Kennfeld_v2 (18)_korrigiert.csv,552,1033.04,2.3886780763571593,4.77735615271432,4.77735615271432,0.0,88.05660961821421,100.00000000000001,2026-02-09 12:15:30.297,2.4068597222222223,2.000033333333333,False,2,0.16666944444444445,,True,1008.7731618170517,1556.187900108507,ok,1.7351618170516758,1.7351618170516758,0.1723035096045706,0.1723035096045706,-1.9240998914931424,1.9240998914931424,-0.12348919021823478,0.12348919021823478,False,False
552,2026-09-02,12:17:30.299,76,8,123.38,909.66,0.0,0.0,0.0,0.0,0.0,100.0,1007.246,0.02920181,0.112793,1558.002,0.04153958,0.2139893,24.25479,0.00541048,1498.587,0.007320232,6.851497,0.0001095646,100,0,1,0,Kennfeld_v2 (18)_korrigiert.csv,C:\Users\nikla\OneDrive\Documents\01_Uni\01_Master\00_Masterarbeit\sim_par_ink_prop\laboratory_measurement_L-Com\measurement_data\Kennfeld_v2 (18)_korrigiert.csv,553,1033.04,2.3886780763571593,4.77735615271432,4.77735615271432,0.0,88.05660961821421,100.00000000000001,2026-02-09 12:17:30.299,2.4401936111111113,2.000033333333333,False,2,0.2000033333333333,,True,1008.7593205395693,1556.2351562997198,ok,1.5133205395693494,1.5133205395693494,0.15024339035045556,0.15024339035045556,-1.7668437002801056,1.7668437002801056,-0.11340445649492784,0.11340445649492784,False,False
553,2026-09-02,12:19:30.301,77,8,123.38,909.66,0.0,0.0,0.0,0.0,0.0,100.0,1007.291,0.05300165,0.2458496,1557.913,0.0288796,0.1436768,24.26949,0.003124733,1498.6,0.01333027,6.851735,7.590427e-05,100,0,1,0,Kennfeld_v2 (18)_korrigiert.csv,C:\Users\nikla\OneDrive\Documents\01_Uni\01_Master\00_Masterarbeit\sim_par_ink_prop\laboratory_measurement_L-Com\measurement_data\Kennfeld_v2 (18)_korrigiert.csv,554,1033.04,2.3886780763571593,4.77735615271432,4.77735615271432,0.0,88.05660961821421,100.00000000000001,2026-02-09 12:19:30.301,2.4735275000000003,2.000033333333333,False,2,0.23333722222222222,,True,1008.7542516101471,1556.252428357294,ok,1.46325161014704,1.46325161014704,0.14526602641610417,0.14526602641610417,-1.6605716427059178,1.6605716427059178,-0.10658949779005104,0.10658949779005104,False,False
554,2026-09-02,12:21:30.303,78,8,123.38,909.66,0.0,0.0,0.0,0.0,0.0,100.0,1007.311,0.04543537,0.2196045,1557.866,0.03654411,0.1671143,24.28548,0.005389747,1498.609,0.01085554,6.851862,9.65562e-05,100,0,1,0,Kennfeld_v2 (18)_korrigiert.csv,C:\Users\nikla\OneDrive\Documents\01_Uni\01_Master\00_Masterarbeit\sim_par_ink_prop\laboratory_measurement_L-Com\measurement_data\Kennfeld_v2 (18)_korrigiert.csv,555,1033.04,2.3886780763571593,4.77735615271432,4.77735615271432,0.0,88.05660961821421,100.00000000000001,2026-02-09 12:21:30.303,2.5068613888888884,2.000033333333333,False,2,0.2666711111111111,,True,1008.7487378555777,1556.2711953987034,ok,1.4377378555776659,1.4377378555776659,0.14273028444816604,0.14273028444816604,-1.5948046012965733,1.5948046012965733,-0.10237110260424025,0.10237110260424025,False,False
555,2026-09-02,12:23:30.305,79,8,123.38,909.66,0.0,0.0,0.0,0.0,0.0,100.0,1007.323,0.06018662,0.2771606,1557.82,0.02934062,0.1420898,24.31334,0.00643958,1498.617,0.01513318,6.851991,7.778702e-05,100,0,1,0,Kennfeld_v2 (18)_korrigiert.csv,C:\Users\nikla\OneDrive\Documents\01_Uni\01_Master\00_Masterarbeit\sim_par_ink_prop\laboratory_measurement_L-Com\measurement_data\Kennfeld_v2 (18)_korrigiert.csv,556,1033.04,2.3886780763571593,4.77735615271432,4.77735615271432,0.0,88.05660961821421,100.00000000000001,2026-02-09 12:23:30.305,2.5401952777777774,2.000033333333333,False,2,0.300005,,True,1008.7391310243528,1556.3038423108433,ok,1.4161310243528078,1.4161310243528078,0.14058360866899772,0.14058360866899772,-1.516157689156671,1.516157689156671,-0.09732560174838371,0.09732560174838371,False,False
556,2026-09-02,12:25:30.307,80,8,123.38,909.66,0.0,0.0,0.0,0.0,0.0,100.0,1007.329,0.03053766,0.1381226,1557.783,0.03104315,0.1726074,24.33068,0.003196119,1498.621,0.007588011,6.852093,8.183572e-05,100,0,1,0,Kennfeld_v2 (18)_korrigiert.csv,C:\Users\nikla\OneDrive\Documents\01_Uni\01_Master\00_Masterarbeit\sim_par_ink_prop\laboratory_measurement_L-Com\measurement_data\Kennfeld_v2 (18)_korrigiert.csv,557,1033.04,2.3886780763571593,4.77735615271432,4.77735615271432,0.0,88.05660961821421,100.00000000000001,2026-02-09 12:25:30.307,2.573529166666667,2.000033333333333,False,2,0.3333388888888889,,True,1008.7331517535039,1556.3241285231175,ok,1.4041517535039247,1.4041517535039247,0.13939355994952243,0.13939355994952243,-1.4588714768824502,1.4588714768824502,-0.09365049412417842,0.09365049412417842,False,False
557,2026-09-02,12:27:30.309,81,8,123.38,909.66,0.0,0.0,0.0,0.0,0.0,100.0,1007.353,0.03750245,0.1768188,1557.722,0.02824267,0.1540527,24.34104,0.002174681,1498.629,0.00918641,6.852256,7.436605e-05,100,0,1,0,Kennfeld_v2 (18)_korrigiert.csv,C:\Users\nikla\OneDrive\Documents\01_Uni\01_Master\00_Masterarbeit\sim_par_ink_prop\laboratory_measurement_L-Com\measurement_data\Kennfeld_v2 (18)_korrigiert.csv,558,1033.04,2.3886780763571593,4.77735615271432,4.77735615271432,0.0,88.05660961821421,100.00000000000001,2026-02-09 12:27:30.309,2.606863055555556,2.000033333333333,False,2,0.36667277777777774,,True,1008.7295793628821,1556.3362366286349,ok,1.3765793628821257,1.3765793628821257,0.1366531258538095,0.1366531258538095,-1.3857633713651012,1.3857633713651012,-0.08896089105534243,0.08896089105534243,False,False
558,2026-09-02,12:29:30.311,82,8,123.38,909.66,0.0,0.0,0.0,0.0,0.0,100.0,1007.366,0.02846396,0.1069336,1557.68,0.02314676,0.1162109,24.35007,0.002364908,1498.634,0.007302204,6.852366,6.091624e-05,100,0,1,0,Kennfeld_v2 (18)_korrigiert.csv,C:\Users\nikla\OneDrive\Documents\01_Uni\01_Master\00_Masterarbeit\sim_par_ink_prop\laboratory_measurement_L-Com\measurement_data\Kennfeld_v2 (18)_korrigiert.csv,559,1033.04,2.3886780763571593,4.77735615271432,4.77735615271432,0.0,88.05660961821421,100.00000000000001,2026-02-09 12:29:30.311,2.640196944444445,2.000033333333333,False,2,0.4000066666666666,,True,1008.7264655897156,1556.3467829013935,ok,1.360465589715659,1.360465589715659,0.1350517676510483,0.1350517676510483,-1.3332170986066103,1.3332170986066103,-0.08558992210252493,0.08558992210252493,False,False
559,2026-09-02,12:31:30.313,83,8,123.38,909.66,0.0,0.0,0.0,0.0,0.0,100.0,1007.388,0.005307414,0.01885986,1557.642,0.02555434,0.1307373,24.36031,0.002695219,1498.641,0.001949725,6.85247,6.725897e-05,100,0,1,0,Kennfeld_v2 (18)_korrigiert.csv,C:\Users\nikla\OneDrive\Documents\01_Uni\01_Master\00_Masterarbeit\sim_par_ink_prop\laboratory_measurement_L-Com\measurement_data\Kennfeld_v2 (18)_korrigiert.csv,560,1033.04,2.3886780763571593,4.77735615271432,4.77735615271432,0.0,88.05660961821421,100.00000000000001,2026-02-09 12:31:30.313,2.673530833333333,2.000033333333333,False,2,0.43334055555555556,,True,1008.7229345775486,1556.3587339932376,ok,1.3349345775485517,1.3349345775485517,0.13251444106427232,0.13251444106427232,-1.2832660067624602,1.2832660067624602,-0.08238516981196321,0.08238516981196321,False,False
560,2026-09-02,12:33:30.315,84,8,123.38,909.66,0.0,0.0,0.0,0.0,0.0,100.0,1007.4,0.005869506,0.03277588,1557.593,0.0183553,0.08752441,24.3711,0.002752199,1498.647,0.001724344,6.852602,4.855614e-05,100,0,1,0,Kennfeld_v2 (18)_korrigiert.csv,C:\Users\nikla\OneDrive\Documents\01_Uni\01_Master\00_Masterarbeit\sim_par_ink_prop\laboratory_measurement_L-Com\measurement_data\Kennfeld_v2 (18)_korrigiert.csv,561,1033.04,2.3886780763571593,4.77735615271432,4.77735615271432,0.0,88.05660961821421,100.00000000000001,2026-02-09 12:33:30.315,2.706864722222222,2.000033333333333,False,2,0.46667444444444445,,True,1008.7192139110708,1556.3713173746482,ok,1.3192139110708467,1.3192139110708467,0.13095234376323672,0.13095234376323672,-1.221682625351832,1.221682625351832,-0.07843400845739754,0.07843400845739754,False,False
561,2026-09-02,12:35:30.317,85,8,123.38,909.66,0.0,0.0,0.0,0.0,0.0,100.0,1007.398,0.03434505,0.1737061,1557.548,0.02087142,0.08874512,24.3821,0.002692559,1498.649,0.008439764,6.852721,5.504897e-05,100,0,1,0,Kennfeld_v2 (18)_korrigiert.csv,C:\Users\nikla\OneDrive\Documents\01_Uni\01_Master\00_Masterarbeit\sim_par_ink_prop\laboratory_measurement_L-Com\measurement_data\Kennfeld_v2 (18)_korrigiert.csv,562,1033.04,2.3886780763571593,4.77735615271432,4.77735615271432,0.0,88.05660961821421,100.00000000000001,2026-02-09 12:35:30.317,2.740198611111111,2.000033333333333,False,2,0.5000083333333333,,True,1008.7154208308953,1556.384135499746,ok,1.3174208308952302,1.3174208308952302,0.13077461250620215,0.13077461250620215,-1.1638645002540216,1.1638645002540216,-0.0747241497696393,0.0747241497696393,False,False
562,2026-09-02,12:45:52.630,86,8,123.38,1009.68,0.0,0.0,0.0,0.0,0.0,100.0,1000.161,4.49159,12.75629,1558.3,2.630957,11.25574,24.35681,0.009931872,1496.89,1.081518,6.850757,0.006900103,100,0,1,0,Kennfeld_v2 (18)_korrigiert.csv,C:\Users\nikla\OneDrive\Documents\01_Uni\01_Master\00_Masterarbeit\sim_par_ink_prop\laboratory_measurement_L-Com\measurement_data\Kennfeld_v2 (18)_korrigiert.csv,563,1133.06,2.177819356433022,4.355638712866045,4.355638712866045,0.0,89.11090321783489,100.0,2026-02-09 12:45:52.630,2.9130633333333336,10.371883333333333,False,3,0.0,,True,1007.606449198837,1551.1054432418828,ok,7.445449198837082,7.445449198837082,0.7444250674478491,0.7444250674478491,-7.194556758117187,7.194556758117187,-0.46169266239602047,0.46169266239602047,True,False
563,2026-09-02,12:47:52.632,87,8,123.38,1009.68,0.0,0.0,0.0,0.0,0.0,100.0,1001.346,1.76336,5.673706,1553.167,1.663502,8.292358,24.3491,0.002483726,1497.183,0.4278288,6.864227,0.004373448,100,0,1,0,Kennfeld_v2 (18)_korrigiert.csv,C:\Users\nikla\OneDrive\Documents\01_Uni\01_Master\00_Masterarbeit\sim_par_ink_prop\laboratory_measurement_L-Com\measurement_data\Kennfeld_v2 (18)_korrigiert.csv,564,1133.06,2.177819356433022,4.355638712866045,4.355638712866045,0.0,89.11090321783489,100.0,2026-02-09 12:47:52.632,2.9463972222222226,2.000033333333333,False,3,0.033333888888888885,,True,1007.6090247408563,1551.0945802724043,ok,6.263024740856281,6.263024740856281,0.6254606041124927,0.6254606041124927,-2.0724197275956158,2.0724197275956158,-0.13343186712025273,0.13343186712025273,True,False
564,2026-09-02,12:49:52.634,88,8,123.38,1009.68,0.0,0.0,0.0,0.0,0.0,100.0,1003.375,0.529512,2.238159,1552.295,0.06778426,0.3759766,24.36104,0.00227681,1497.674,0.1278094,6.86653,0.0001790547,100,0,1,0,Kennfeld_v2 (18)_korrigiert.csv,C:\Users\nikla\OneDrive\Documents\01_Uni\01_Master\00_Masterarbeit\sim_par_ink_prop\laboratory_measurement_L-Com\measurement_data\Kennfeld_v2 (18)_korrigiert.csv,565,1133.06,2.177819356433022,4.355638712866045,4.355638712866045,0.0,89.11090321783489,100.0,2026-02-09 12:49:52.634,2.979731111111111,2.000033333333333,False,3,0.06666777777777777,,True,1007.6050361581952,1551.1114009380015,ok,4.230036158195162,4.230036158195162,0.42158078068470534,0.42158078068470534,-1.1835990619986205,1.1835990619986205,-0.07624833308092988,0.07624833308092988,False,False
565,2026-09-02,12:51:52.637,89,8,123.38,1009.68,0.0,0.0,0.0,0.0,0.0,100.0,1003.998,0.394758,1.595459,1552.265,0.04614894,0.2397461,24.37044,0.003956642,1497.825,0.09591892,6.866615,0.0001218679,100,0,1,0,Kennfeld_v2 (18)_korrigiert.csv,C:\Users\nikla\OneDrive\Documents\01_Uni\01_Master\00_Masterarbeit\sim_par_ink_prop\laboratory_measurement_L-Com\measurement_data\Kennfeld_v2 (18)_korrigiert.csv,566,1133.06,2.177819356433022,4.355638712866045,4.355638712866045,0.0,89.11090321783489,100.0,2026-02-09 12:51:52.637,3.0130652777777778,2.00005,False,3,0.10000194444444445,,True,1007.601896067681,1551.1246348246593,ok,3.603896067680921,3.603896067680921,0.3589545066505034,0.3589545066505034,-1.1403651753407757,1.1403651753407757,-0.07346459369635827,0.07346459369635827,False,False
566,2026-09-02,12:53:52.639,90,8,123.38,1009.68,0.0,0.0,0.0,0.0,0.0,100.0,1004.558,0.6816718,3.048218,1552.298,0.04877605,0.2451172,24.38071,0.002441406,1497.963,0.1656301,6.866531,0.0001285653,100,0,1,0,Kennfeld_v2 (18)_korrigiert.csv,C:\Users\nikla\OneDrive\Documents\01_Uni\01_Master\00_Masterarbeit\sim_par_ink_prop\laboratory_measurement_L-Com\measurement_data\Kennfeld_v2 (18)_korrigiert.csv,567,1133.06,2.177819356433022,4.355638712866045,4.355638712866045,0.0,89.11090321783489,100.0,2026-02-09 12:53:52.639,3.0463991666666668,2.000033333333333,False,3,0.13333583333333335,,True,1007.5984653514529,1551.13908497316,ok,3.0404653514528945,3.0404653514528945,0.30266697905475787,0.30266697905475787,-1.1589150268400772,1.1589150268400772,-0.0746580248663644,0.0746580248663644,False,False
567,2026-09-02,12:55:52.642,91,8,123.38,1009.68,0.0,0.0,0.0,0.0,0.0,100.0,1004.794,0.3801394,1.560181,1552.305,0.04005232,0.2121582,24.38992,0.002224875,1498.022,0.09130523,6.866513,0.000105877,100,0,1,0,Kennfeld_v2 (18)_korrigiert.csv,C:\Users\nikla\OneDrive\Documents\01_Uni\01_Master\00_Masterarbeit\sim_par_ink_prop\laboratory_measurement_L-Com\measurement_data\Kennfeld_v2 (18)_korrigiert.csv,568,1133.06,2.177819356433022,4.355638712866045,4.355638712866045,0.0,89.11090321783489,100.0,2026-02-09 12:55:52.642,3.0797333333333334,2.00005,False,3,0.16666999999999998,,True,1007.5953887302916,1551.152036055324,ok,2.801388730291592,2.801388730291592,0.2788022948277549,0.2788022948277549,-1.152963944676003,1.152963944676003,-0.07427431752625953,0.07427431752625953,False,False
568,2026-09-02,12:57:52.643,92,8,123.38,1009.68,0.0,0.0,0.0,0.0,0.0,100.0,1005.119,0.4113828,1.905762,1552.283,0.0302722,0.1697998,24.39824,0.003099459,1498.104,0.09811199,6.866574,8.010111e-05,100,0,1,0,Kennfeld_v2 (18)_korrigiert.csv,C:\Users\nikla\OneDrive\Documents\01_Uni\01_Master\00_Masterarbeit\sim_par_ink_prop\laboratory_measurement_L-Com\measurement_data\Kennfeld_v2 (18)_korrigiert.csv,569,1133.06,2.177819356433022,4.355638712866045,4.355638712866045,0.0,89.11090321783489,100.0,2026-02-09 12:57:52.643,3.1130669444444443,2.0000166666666668,False,3,0.20000361111111112,,True,1007.5926094153995,1551.1637294251007,ok,2.4736094153994372,2.4736094153994372,0.24610114975435118,0.24610114975435118,-1.1192705748992466,1.1192705748992466,-0.07210480143757593,0.07210480143757593,False,False
569,2026-09-02,12:59:52.646,93,8,123.38,1009.68,0.0,0.0,0.0,0.0,0.0,100.0,1004.925,0.5642039,2.142944,1552.212,0.05440131,0.2263184,24.40799,0.002090377,1498.056,0.1351101,6.866764,0.0001440445,100,0,1,0,Kennfeld_v2 (18)_korrigiert.csv,C:\Users\nikla\OneDrive\Documents\01_Uni\01_Master\00_Masterarbeit\sim_par_ink_prop\laboratory_measurement_L-Com\measurement_data\Kennfeld_v2 (18)_korrigiert.csv,570,1133.06,2.177819356433022,4.355638712866045,4.355638712866045,0.0,89.11090321783489,100.0,2026-02-09 12:59:52.646,3.146401111111111,2.00005,False,3,0.23333777777777776,,True,1007.589352405486,1551.1774251054558,ok,2.6643524054860563,2.6643524054860563,0.26512947787009544,0.26512947787009544,-1.034574894544221,1.034574894544221,-0.06665164903661491,0.06665164903661491,False,False
570,2026-09-02,13:01:52.647,94,8,123.38,1009.68,0.0,0.0,0.0,0.0,0.0,100.0,1005.049,0.4011723,1.953918,1552.16,0.04665368,0.2106934,24.41633,0.002095034,1498.088,0.09609516,6.866903,0.000123609,100,0,1,0,Kennfeld_v2 (18)_korrigiert.csv,C:\Users\nikla\OneDrive\Documents\01_Uni\01_Master\00_Masterarbeit\sim_par_ink_prop\laboratory_measurement_L-Com\measurement_data\Kennfeld_v2 (18)_korrigiert.csv,571,1133.06,2.177819356433022,4.355638712866045,4.355638712866045,0.0,89.11090321783489,100.0,2026-02-09 13:01:52.647,3.1797347222222223,2.0000166666666668,False,3,0.2666713888888889,,True,1007.5865664090791,1551.1891337661013,ok,2.5375664090790906,2.5375664090790906,0.2524818599967853,0.2524818599967853,-0.9708662338987324,0.9708662338987324,-0.06254936565165527,0.06254936565165527,False,False
571,2026-09-02,13:03:52.649,95,8,123.38,1009.68,0.0,0.0,0.0,0.0,0.0,100.0,1004.95,0.5332726,2.097168,1552.149,0.03938759,0.2041016,24.42672,0.002597852,1498.068,0.1278284,6.866935,0.0001038443,100,0,1,0,Kennfeld_v2 (18)_korrigiert.csv,C:\Users\nikla\OneDrive\Documents\01_Uni\01_Master\00_Masterarbeit\sim_par_ink_prop\laboratory_measurement_L-Com\measurement_data\Kennfeld_v2 (18)_korrigiert.csv,572,1133.06,2.177819356433022,4.355638712866045,4.355638712866045,0.0,89.11090321783489,100.0,2026-02-09 13:03:52.649,3.2130686111111113,2.000033333333333,False,3,0.3000052777777778,,True,1007.5830956050982,1551.2037121793012,ok,2.633095605098106,2.633095605098106,0.26201259814897315,0.26201259814897315,-0.9452878206986952,0.9452878206986952,-0.060901873512059425,0.060901873512059425,False,False
572,2026-09-02,13:05:52.651,96,8,123.38,1009.68,0.0,0.0,0.0,0.0,0.0,100.0,1006.127,0.2516593,0.7905884,1552.121,0.04549233,0.2330322,24.4465,0.009471476,1498.357,0.06261573,6.867014,0.000120244,100,0,1,0,Kennfeld_v2 (18)_korrigiert.csv,C:\Users\nikla\OneDrive\Documents\01_Uni\01_Master\00_Masterarbeit\sim_par_ink_prop\laboratory_measurement_L-Com\measurement_data\Kennfeld_v2 (18)_korrigiert.csv,573,1133.06,2.177819356433022,4.355638712866045,4.355638712866045,0.0,89.11090321783489,100.0,2026-02-09 13:05:52.651,3.2464025000000003,2.000033333333333,False,3,0.33333916666666663,,True,1007.576488048564,1551.2314404974109,ok,1.4494880485640351,1.4494880485640351,0.14406611178946943,0.14406611178946943,-0.8895595025892362,0.8895595025892362,-0.05731250995181665,0.05731250995181665,False,False
573,2026-09-02,13:07:52.654,97,8,123.38,1009.68,0.0,0.0,0.0,0.0,0.0,100.0,1006.4,0.05528582,0.2905884,1552.117,0.03601589,0.1588135,24.47332,0.004674073,1498.427,0.01419574,6.867032,9.607721e-05,100,0,1,0,Kennfeld_v2 (18)_korrigiert.csv,C:\Users\nikla\OneDrive\Documents\01_Uni\01_Master\00_Masterarbeit\sim_par_ink_prop\laboratory_measurement_L-Com\measurement_data\Kennfeld_v2 (18)_korrigiert.csv,574,1133.06,2.177819356433022,4.355638712866045,4.355638712866045,0.0,89.11090321783489,100.0,2026-02-09 13:07:52.654,3.2797366666666665,2.00005,False,3,0.3666733333333333,,True,1007.5675287611646,1551.268984534487,ok,1.16752876116459,1.16752876116459,0.1160104094956866,0.1160104094956866,-0.8480154655130718,0.8480154655130718,-0.05463605292082181,0.05463605292082181,False,False
574,2026-09-02,13:09:52.656,98,8,123.38,1009.68,0.0,0.0,0.0,0.0,0.0,100.0,1006.355,0.181543,0.7515869,1552.019,0.01314861,0.06787109,24.49065,0.003797254,1498.421,0.04430195,6.867295,3.504809e-05,100,0,1,0,Kennfeld_v2 (18)_korrigiert.csv,C:\Users\nikla\OneDrive\Documents\01_Uni\01_Master\00_Masterarbeit\sim_par_ink_prop\laboratory_measurement_L-Com\measurement_data\Kennfeld_v2 (18)_korrigiert.csv,575,1133.06,2.177819356433022,4.355638712866045,4.355638712866045,0.0,89.11090321783489,100.0,2026-02-09 13:09:52.656,3.3130705555555555,2.000033333333333,False,3,0.40000722222222224,,True,1007.5617396305682,1551.293211376799,ok,1.2067396305682223,1.2067396305682223,0.11991192278750762,0.11991192278750762,-0.7257886232009696,0.7257886232009696,-0.04676415837698956,0.04676415837698956,False,False
575,2026-09-02,13:11:52.658,99,8,123.38,1009.68,0.0,0.0,0.0,0.0,0.0,100.0,1006.464,0.004871958,0.01831055,1551.993,0.012066,0.0612793,24.50693,0.004495813,1498.45,0.002066182,6.867369,3.236022e-05,100,0,1,0,Kennfeld_v2 (18)_korrigiert.csv,C:\Users\nikla\OneDrive\Documents\01_Uni\01_Master\00_Masterarbeit\sim_par_ink_prop\laboratory_measurement_L-Com\measurement_data\Kennfeld_v2 (18)_korrigiert.csv,576,1133.06,2.177819356433022,4.355638712866045,4.355638712866045,0.0,89.11090321783489,100.0,2026-02-09 13:11:52.658,3.3464044444444445,2.000033333333333,False,3,0.4333411111111111,,True,1007.5563012542916,1551.3159470213352,ok,1.0923012542915558,1.0923012542915558,0.10852859658085691,0.10852859658085691,-0.677052978664733,0.677052978664733,-0.043624744355466365,0.043624744355466365,False,False
576,2026-09-02,13:13:52.660,100,8,123.38,1009.68,0.0,0.0,0.0,0.0,0.0,100.0,1006.472,0.002760916,0.01348877,1551.972,0.01241687,0.06481934,24.52526,0.004260608,1498.456,0.001395515,6.867429,3.339629e-05,100,0,1,0,Kennfeld_v2 (18)_korrigiert.csv,C:\Users\nikla\OneDrive\Documents\01_Uni\01_Master\00_Masterarbeit\sim_par_ink_prop\laboratory_measurement_L-Com\measurement_data\Kennfeld_v2 (18)_korrigiert.csv,577,1133.06,2.177819356433022,4.355638712866045,4.355638712866045,0.0,89.11090321783489,100.0,2026-02-09 13:13:52.660,3.3797383333333335,2.000033333333333,False,3,0.466675,,True,1007.5501780692031,1551.3415185063097,ok,1.0781780692030907,1.0781780692030907,0.10712449717459509,0.10712449717459509,-0.6304814936902403,0.6304814936902403,-0.04062454050010183,0.04062454050010183,False,False
577,2026-09-02,13:15:52.662,101,8,123.38,1009.68,0.0,0.0,0.0,0.0,0.0,100.0,1006.47,0.009979515,0.04034424,1551.957,0.008844348,0.04187012,24.54244,0.004657009,1498.459,0.002664901,6.867475,2.363699e-05,100,0,1,0,Kennfeld_v2 (18)_korrigiert.csv,C:\Users\nikla\OneDrive\Documents\01_Uni\01_Master\00_Masterarbeit\sim_par_ink_prop\laboratory_measurement_L-Com\measurement_data\Kennfeld_v2 (18)_korrigiert.csv,578,1133.06,2.177819356433022,4.355638712866045,4.355638712866045,0.0,89.11090321783489,100.0,2026-02-09 13:15:52.662,3.413072222222222,2.000033333333333,False,3,0.5000088888888888,,True,1007.5444390437127,1551.3654596295412,ok,1.0744390437126867,1.0744390437126867,0.1067532110954809,0.1067532110954809,-0.5915403704589153,0.5915403704589153,-0.03811577063403917,0.03811577063403917,False,False
578,2026-09-02,13:27:16.667,102,8,123.38,1109.74,0.0,0.0,0.0,0.0,0.0,100.0,1005.146,0.2877692,0.9859619,1548.166,0.08751981,0.3084717,24.5522,0.01974131,1498.135,0.06860606,6.877511,0.0002373453,100,0,1,0,Kennfeld_v2 (18)_korrigiert.csv,C:\Users\nikla\OneDrive\Documents\01_Uni\01_Master\00_Masterarbeit\sim_par_ink_prop\laboratory_measurement_L-Com\measurement_data\Kennfeld_v2 (18)_korrigiert.csv,579,1233.12,2.001102893473466,4.0022057869469325,4.0022057869469325,0.0,89.99448553263268,100.00000000000001,2026-02-09 13:27:16.667,3.6030736111111112,11.400083333333333,False,4,0.0,,True,1006.6186252272184,1546.8968414786764,ok,1.4726252272184865,1.4726252272184865,0.1465085895201778,0.1465085895201778,-1.2691585213235612,1.2691585213235612,-0.08197819363837995,0.08197819363837995,False,False
579,2026-09-02,13:29:16.669,103,8,123.38,1109.74,0.0,0.0,0.0,0.0,0.0,100.0,1004.167,0.3642198,1.459229,1548.04,0.05313192,0.2687988,24.54662,0.004616809,1497.904,0.08674388,6.877841,0.0001403242,100,0,1,0,Kennfeld_v2 (18)_korrigiert.csv,C:\Users\nikla\OneDrive\Documents\01_Uni\01_Master\00_Masterarbeit\sim_par_ink_prop\laboratory_measurement_L-Com\measurement_data\Kennfeld_v2 (18)_korrigiert.csv,580,1233.12,2.001102893473466,4.0022057869469325,4.0022057869469325,0.0,89.99448553263268,100.00000000000001,2026-02-09 13:29:16.669,3.6364075,2.000033333333333,False,4,0.033333888888888885,,True,1006.6204343378317,1546.8882004071438,ok,2.453434337831709,2.453434337831709,0.24432533013250873,0.24432533013250873,-1.1517995928561504,1.1517995928561504,-0.07440373587608527,0.07440373587608527,False,False
580,2026-09-02,13:31:16.671,104,8,123.38,1109.74,0.0,0.0,0.0,0.0,0.0,100.0,1004.492,0.2717157,1.017212,1547.989,0.03120575,0.1411133,24.56709,0.005187528,1497.987,0.06628632,6.877985,8.341367e-05,100,0,1,0,Kennfeld_v2 (18)_korrigiert.csv,C:\Users\nikla\OneDrive\Documents\01_Uni\01_Master\00_Masterarbeit\sim_par_ink_prop\laboratory_measurement_L-Com\measurement_data\Kennfeld_v2 (18)_korrigiert.csv,581,1233.12,2.001102893473466,4.0022057869469325,4.0022057869469325,0.0,89.99448553263268,100.00000000000001,2026-02-09 13:31:16.671,3.669741388888889,2.000033333333333,False,4,0.06666777777777777,,True,1006.6137976895935,1546.919886784657,ok,2.1217976895935635,2.1217976895935635,0.21123091966820678,0.21123091966820678,-1.0691132153431226,1.0691132153431226,-0.06906465196736686,0.06906465196736686,False,False
581,2026-09-02,13:33:16.673,105,8,123.38,1109.74,0.0,0.0,0.0,0.0,0.0,100.0,1004.609,0.2681491,1.246033,1547.951,0.02614185,0.1398926,24.58786,0.00501261,1498.02,0.06508889,6.878093,7.285774e-05,100,0,1,0,Kennfeld_v2 (18)_korrigiert.csv,C:\Users\nikla\OneDrive\Documents\01_Uni\01_Master\00_Masterarbeit\sim_par_ink_prop\laboratory_measurement_L-Com\measurement_data\Kennfeld_v2 (18)_korrigiert.csv,582,1233.12,2.001102893473466,4.0022057869469325,4.0022057869469325,0.0,89.99448553263268,100.00000000000001,2026-02-09 13:33:16.673,3.703075277777778,2.000033333333333,False,4,0.10000166666666666,,True,1006.6070637758681,1546.9520008920326,ok,1.9980637758681041,1.9980637758681041,0.19888969498263545,0.19888969498263545,-0.9989991079673928,0.9989991079673928,-0.06453686892979124,0.06453686892979124,False,False
582,2026-09-02,13:35:16.675,106,8,123.38,1109.74,0.0,0.0,0.0,0.0,0.0,100.0,1004.916,0.3727926,1.473389,1547.934,0.02660804,0.1518555,24.60898,0.005519559,1498.098,0.09088129,6.878141,7.067564e-05,100,0,1,0,Kennfeld_v2 (18)_korrigiert.csv,C:\Users\nikla\OneDrive\Documents\01_Uni\01_Master\00_Masterarbeit\sim_par_ink_prop\laboratory_measurement_L-Com\measurement_data\Kennfeld_v2 (18)_korrigiert.csv,583,1233.12,2.001102893473466,4.0022057869469325,4.0022057869469325,0.0,89.99448553263268,100.00000000000001,2026-02-09 13:35:16.675,3.736409166666667,2.000033333333333,False,4,0.13333555555555554,,True,1006.6002163859131,1546.9846182763413,ok,1.6842163859130324,1.6842163859130324,0.16759772815967028,0.16759772815967028,-0.9493817236586892,0.9493817236586892,-0.06133218364986422,0.06133218364986422,False,False
583,2026-09-02,13:37:16.677,107,8,123.38,1109.74,0.0,0.0,0.0,0.0,0.0,100.0,1005.036,0.1530596,0.8256836,1547.905,0.02414319,0.1186523,24.62472,0.005500174,1498.13,0.03802748,6.878224,6.479264e-05,100,0,1,0,Kennfeld_v2 (18)_korrigiert.csv,C:\Users\nikla\OneDrive\Documents\01_Uni\01_Master\00_Masterarbeit\sim_par_ink_prop\laboratory_measurement_L-Com\measurement_data\Kennfeld_v2 (18)_korrigiert.csv,584,1233.12,2.001102893473466,4.0022057869469325,4.0022057869469325,0.0,89.99448553263268,100.00000000000001,2026-02-09 13:37:16.677,3.7697430555555558,2.000033333333333,False,4,0.16666944444444445,,True,1006.5951132638069,1547.0089020154194,ok,1.5591132638069212,1.5591132638069212,0.15513009124120145,0.15513009124120145,-0.8960979845805923,0.8960979845805923,-0.057891019447614184,0.057891019447614184,False,False
584,2026-09-02,13:39:16.679,108,8,123.38,1109.74,0.0,0.0,0.0,0.0,0.0,100.0,1005.036,0.2950401,1.200134,1547.868,0.02485607,0.1196289,24.64369,0.00481855,1498.135,0.0714857,6.878326,6.661594e-05,100,0,1,0,Kennfeld_v2 (18)_korrigiert.csv,C:\Users\nikla\OneDrive\Documents\01_Uni\01_Master\00_Masterarbeit\sim_par_ink_prop\laboratory_measurement_L-Com\measurement_data\Kennfeld_v2 (18)_korrigiert.csv,585,1233.12,2.001102893473466,4.0022057869469325,4.0022057869469325,0.0,89.99448553263268,100.00000000000001,2026-02-09 13:39:16.679,3.8030769444444443,2.000033333333333,False,4,0.2000033333333333,,True,1006.588962930636,1547.0381407792813,ok,1.5529629306359993,1.5529629306359993,0.15451813971201026,0.15451813971201026,-0.8298592207186175,0.8298592207186175,-0.05361304844590221,0.05361304844590221,False,False
585,2026-09-02,13:41:16.681,109,8,123.38,1109.74,0.0,0.0,0.0,0.0,0.0,100.0,1005.15,0.2461004,0.8980713,1547.837,0.02305045,0.1416016,24.66141,0.004352181,1498.165,0.05901078,6.878412,6.114335e-05,100,0,1,0,Kennfeld_v2 (18)_korrigiert.csv,C:\Users\nikla\OneDrive\Documents\01_Uni\01_Master\00_Masterarbeit\sim_par_ink_prop\laboratory_measurement_L-Com\measurement_data\Kennfeld_v2 (18)_korrigiert.csv,586,1233.12,2.001102893473466,4.0022057869469325,4.0022057869469325,0.0,89.99448553263268,100.00000000000001,2026-02-09 13:41:16.681,3.8364108333333333,2.000033333333333,False,4,0.23333722222222222,,True,1006.5832178634284,1547.0654250042953,ok,1.4332178634284674,1.4332178634284674,0.1425874609191133,0.1425874609191133,-0.7715749957046683,0.7715749957046683,-0.04984859489110728,0.04984859489110728,False,False
586,2026-09-02,13:43:16.683,110,8,123.38,1109.74,0.0,0.0,0.0,0.0,0.0,100.0,1005.116,0.3353101,1.456299,1547.815,0.02140804,0.1019287,24.67893,0.004287249,1498.162,0.08063935,6.878475,5.719054e-05,100,0,1,0,Kennfeld_v2 (18)_korrigiert.csv,C:\Users\nikla\OneDrive\Documents\01_Uni\01_Master\00_Masterarbeit\sim_par_ink_prop\laboratory_measurement_L-Com\measurement_data\Kennfeld_v2 (18)_korrigiert.csv,587,1233.12,2.001102893473466,4.0022057869469325,4.0022057869469325,0.0,89.99448553263268,100.00000000000001,2026-02-09 13:43:16.683,3.8697447222222223,2.000033333333333,False,4,0.2666711111111111,,True,1006.5775376379082,1547.0923747752431,ok,1.4615376379082363,1.4615376379082363,0.14540984701350257,0.14540984701350257,-0.7226252247569391,0.7226252247569391,-0.04668679556387159,0.04668679556387159,False,False
587,2026-09-02,13:45:16.685,111,8,123.38,1109.74,0.0,0.0,0.0,0.0,0.0,100.0,1005.282,0.3565538,1.60376,1547.801,0.02142341,0.09667969,24.69557,0.004195658,1498.203,0.08743388,6.878519,5.731348e-05,100,0,1,0,Kennfeld_v2 (18)_korrigiert.csv,C:\Users\nikla\OneDrive\Documents\01_Uni\01_Master\00_Masterarbeit\sim_par_ink_prop\laboratory_measurement_L-Com\measurement_data\Kennfeld_v2 (18)_korrigiert.csv,588,1233.12,2.001102893473466,4.0022057869469325,4.0022057869469325,0.0,89.99448553263268,100.00000000000001,2026-02-09 13:45:16.685,3.9030786111111113,2.000033333333333,False,4,0.300005,,True,1006.5721427195451,1547.1179464872769,ok,1.2901427195450879,1.2901427195450879,0.12833639909449168,0.12833639909449168,-0.6830535127230632,0.6830535127230632,-0.04413057703949431,0.04413057703949431,False,False
588,2026-09-02,13:47:16.687,112,8,123.38,1109.74,0.0,0.0,0.0,0.0,0.0,100.0,1005.426,0.165148,0.7630005,1547.786,0.02178981,0.1151123,24.71286,0.004058885,1498.242,0.03990147,6.878562,5.763134e-05,100,0,1,0,Kennfeld_v2 (18)_korrigiert.csv,C:\Users\nikla\OneDrive\Documents\01_Uni\01_Master\00_Masterarbeit\sim_par_ink_prop\laboratory_measurement_L-Com\measurement_data\Kennfeld_v2 (18)_korrigiert.csv,589,1233.12,2.001102893473466,4.0022057869469325,4.0022057869469325,0.0,89.99448553263268,100.00000000000001,2026-02-09 13:47:16.687,3.9364125,2.000033333333333,False,4,0.3333388888888889,,True,1006.5665370611782,1547.144491878934,ok,1.140537061178179,1.140537061178179,0.1134381904961856,0.1134381904961856,-0.6415081210659537,0.6415081210659537,-0.04144682282085208,0.04144682282085208,False,False
589,2026-09-02,13:49:16.689,113,8,123.38,1109.74,0.0,0.0,0.0,0.0,0.0,100.0,1005.387,0.2592681,1.007568,1547.784,0.02229855,0.1151123,24.73259,0.006563289,1498.239,0.06132903,6.878573,5.893699e-05,100,0,1,0,Kennfeld_v2 (18)_korrigiert.csv,C:\Users\nikla\OneDrive\Documents\01_Uni\01_Master\00_Masterarbeit\sim_par_ink_prop\laboratory_measurement_L-Com\measurement_data\Kennfeld_v2 (18)_korrigiert.csv,590,1233.12,2.001102893473466,4.0022057869469325,4.0022057869469325,0.0,89.99448553263268,100.00000000000001,2026-02-09 13:49:16.689,3.969746388888889,2.000033333333333,False,4,0.36667277777777774,,True,1006.5601403196387,1547.174751996646,ok,1.1731403196387191,1.1731403196387191,0.11668544745841344,0.11668544745841344,-0.609248003354196,0.609248003354196,-0.03936259861545254,0.03936259861545254,False,False
590,2026-09-02,13:51:16.691,114,8,123.38,1109.74,0.0,0.0,0.0,0.0,0.0,100.0,1005.256,0.8903274,5.833374,1547.916,0.09770543,0.3170166,24.7546,0.006609968,1498.214,0.2098233,6.878228,0.0002590719,100,0,1,0,Kennfeld_v2 (18)_korrigiert.csv,C:\Users\nikla\OneDrive\Documents\01_Uni\01_Master\00_Masterarbeit\sim_par_ink_prop\laboratory_measurement_L-Com\measurement_data\Kennfeld_v2 (18)_korrigiert.csv,591,1233.12,2.001102893473466,4.0022057869469325,4.0022057869469325,0.0,89.99448553263268,100.00000000000001,2026-02-09 13:51:16.691,4.003080277777777,2.000033333333333,False,4,0.4000066666666666,,True,1006.5530043686834,1547.208469436682,ok,1.2970043686834742,1.2970043686834742,0.12902229568224158,0.12902229568224158,-0.7075305633179596,0.7075305633179596,-0.04570858905250412,0.04570858905250412,False,False
591,2026-09-02,13:53:16.693,115,8,123.38,1109.74,0.0,0.0,0.0,0.0,0.0,100.0,1005.564,0.3104456,1.847961,1547.925,0.05172931,0.3123779,24.81051,0.01769184,1498.298,0.07696765,6.878221,0.0001387794,100,0,1,0,Kennfeld_v2 (18)_korrigiert.csv,C:\Users\nikla\OneDrive\Documents\01_Uni\01_Master\00_Masterarbeit\sim_par_ink_prop\laboratory_measurement_L-Com\measurement_data\Kennfeld_v2 (18)_korrigiert.csv,592,1233.12,2.001102893473466,4.0022057869469325,4.0022057869469325,0.0,89.99448553263268,100.00000000000001,2026-02-09 13:53:16.693,4.036414166666667,2.000033333333333,False,4,0.43334055555555556,,True,1006.534877554408,1547.293931076024,ok,0.9708775544080481,0.9708775544080481,0.09655054819067192,0.09655054819067192,-0.631068923976045,0.631068923976045,-0.04076870158283153,0.04076870158283153,False,False
592,2026-09-02,13:55:16.695,116,8,123.38,1109.74,0.0,0.0,0.0,0.0,0.0,100.0,1005.622,0.01270994,0.03955078,1547.926,0.02091851,0.09790039,24.84677,0.005522708,1498.317,0.003775274,6.878229,5.623895e-05,100,0,1,0,Kennfeld_v2 (18)_korrigiert.csv,C:\Users\nikla\OneDrive\Documents\01_Uni\01_Master\00_Masterarbeit\sim_par_ink_prop\laboratory_measurement_L-Com\measurement_data\Kennfeld_v2 (18)_korrigiert.csv,593,1233.12,2.001102893473466,4.0022057869469325,4.0022057869469325,0.0,89.99448553263268,100.00000000000001,2026-02-09 13:55:16.695,4.069748055555555,2.000033333333333,False,4,0.46667444444444445,,True,1006.523121542857,1547.3492123776432,ok,0.9011215428570267,0.9011215428570267,0.08960837599585399,0.08960837599585399,-0.5767876223567328,0.5767876223567328,-0.03726196357944325,0.03726196357944325,False,False
593,2026-09-02,13:57:16.697,117,8,123.38,1109.74,0.0,0.0,0.0,0.0,0.0,100.0,1005.665,0.00626477,0.02484131,1547.896,0.01330717,0.06262207,24.86566,0.004529779,1498.331,0.002281435,6.878314,3.567071e-05,100,0,1,0,Kennfeld_v2 (18)_korrigiert.csv,C:\Users\nikla\OneDrive\Documents\01_Uni\01_Master\00_Masterarbeit\sim_par_ink_prop\laboratory_measurement_L-Com\measurement_data\Kennfeld_v2 (18)_korrigiert.csv,594,1233.12,2.001102893473466,4.0022057869469325,4.0022057869469325,0.0,89.99448553263268,100.00000000000001,2026-02-09 13:57:16.697,4.103081944444444,2.000033333333333,False,4,0.5000083333333333,,True,1006.5169971324063,1547.3779667072545,ok,0.8519971324063818,0.8519971324063818,0.08471977571123404,0.08471977571123404,-0.5180332927454856,0.5180332927454856,-0.03346693141822743,0.03346693141822743,False,False
594,2026-09-02,14:10:24.164,118,8,123.38,1209.74,0.0,0.0,0.0,0.0,0.0,100.0,1005.033,0.003466439,0.01342773,1544.033,0.01009284,0.04760742,24.87333,0.00486812,1498.179,0.001762189,6.888594,2.698119e-05,100,0,1,0,Kennfeld_v2 (18)_korrigiert.csv,C:\Users\nikla\OneDrive\Documents\01_Uni\01_Master\00_Masterarbeit\sim_par_ink_prop\laboratory_measurement_L-Com\measurement_data\Kennfeld_v2 (18)_korrigiert.csv,595,1333.12,1.8509961593855018,3.7019923187710044,3.7019923187710044,0.0,90.7450192030725,100.00000000000001,2026-02-09 14:10:24.164,4.321822777777777,13.12445,False,5,0.0,,True,1005.7452552595438,1543.6268840462453,ok,0.712255259543781,0.712255259543781,0.07086884306722077,0.07086884306722077,-0.4061159537545791,0.4061159537545791,-0.026302284585535355,0.026302284585535355,False,False
595,2026-09-02,14:12:24.166,119,8,123.38,1209.74,0.0,0.0,0.0,0.0,0.0,100.0,1005.039,0.001369763,0.005249023,1544.038,0.01115357,0.0559082,24.89362,0.005188572,1498.185,0.001343732,6.888585,2.941922e-05,100,1,1,1,Kennfeld_v2 (18)_korrigiert.csv,C:\Users\nikla\OneDrive\Documents\01_Uni\01_Master\00_Masterarbeit\sim_par_ink_prop\laboratory_measurement_L-Com\measurement_data\Kennfeld_v2 (18)_korrigiert.csv,596,1333.12,1.8509961593855018,3.7019923187710044,3.7019923187710044,0.0,90.7450192030725,100.00000000000001,2026-02-09 14:12:24.166,4.355156666666667,2.000033333333333,False,5,0.033333888888888885,,True,1005.7388535517659,1543.659922093262,ok,0.6998535517659548,0.6998535517659548,0.06963446709689422,0.06963446709689422,-0.37807790673809905,0.37807790673809905,-0.024486308415861465,0.024486308415861465,False,False
596,2026-09-02,14:14:24.168,120,8,123.38,1209.74,0.0,0.0,0.0,0.0,0.0,100.0,1005.041,0.0006117421,0.002807617,1544.05,0.01046384,0.04760742,24.91519,0.005590967,1498.19,0.001286018,6.888559,2.728155e-05,100,1,1,1,Kennfeld_v2 (18)_korrigiert.csv,C:\Users\nikla\OneDrive\Documents\01_Uni\01_Master\00_Masterarbeit\sim_par_ink_prop\laboratory_measurement_L-Com\measurement_data\Kennfeld_v2 (18)_korrigiert.csv,597,1333.12,1.8509961593855018,3.7019923187710044,3.7019923187710044,0.0,90.7450192030725,100.00000000000001,2026-02-09 14:14:24.168,4.388490555555555,2.000033333333333,False,5,0.06666777777777777,,True,1005.7320479888334,1543.695005252466,ok,0.6910479888333612,0.6910479888333612,0.06875818885332649,0.06875818885332649,-0.354994747533965,0.354994747533965,-0.0229911432618092,0.0229911432618092,False,False
597,2026-09-02,14:24:49.608,121,8,123.38,1310.38,0.0,0.0,0.0,0.0,0.0,100.0,1004.378,0.02165327,0.06542969,1540.671,0.013579,0.07116699,24.88628,0.003908607,1498.024,0.00689426,6.897583,3.645129e-05,100,0,1,0,Kennfeld_v2 (18)_korrigiert.csv,C:\Users\nikla\OneDrive\Documents\01_Uni\01_Master\00_Masterarbeit\sim_par_ink_prop\laboratory_measurement_L-Com\measurement_data\Kennfeld_v2 (18)_korrigiert.csv,598,1433.7600000000002,1.7210690771119292,3.442138154223859,3.442138154223859,0.0,91.39465461444036,100.0,2026-02-09 14:24:49.608,4.562223888888889,10.424000000000001,False,6,0.0,,True,1005.0854419263779,1540.4277591793918,ok,0.7074419263778964,0.7074419263778964,0.0704358245977009,0.0704358245977009,-0.2432408206082073,0.2432408206082073,-0.015787979432870955,0.015787979432870955,False,False
598,2026-09-02,14:26:49.610,122,8,123.38,1310.38,0.0,0.0,0.0,0.0,0.0,100.0,1004.432,0.005693426,0.02307129,1540.677,0.01557648,0.08349609,24.90776,0.007452325,1498.043,0.003111305,6.897573,4.028414e-05,100,0,1,0,Kennfeld_v2 (18)_korrigiert.csv,C:\Users\nikla\OneDrive\Documents\01_Uni\01_Master\00_Masterarbeit\sim_par_ink_prop\laboratory_measurement_L-Com\measurement_data\Kennfeld_v2 (18)_korrigiert.csv,599,1433.7600000000002,1.7210690771119292,3.442138154223859,3.442138154223859,0.0,91.39465461444036,100.0,2026-02-09 14:26:49.610,4.5955577777777785,2.000033333333333,False,6,0.033333888888888885,,True,1005.078829079175,1540.4643893618957,ok,0.6468290791749496,0.6468290791749496,0.0643974982054484,0.0643974982054484,-0.21261063810425185,0.21261063810425185,-0.013799819047357224,0.013799819047357224,False,False
599,2026-09-02,14:28:49.612,123,8,123.38,1310.38,0.0,0.0,0.0,0.0,0.0,100.0,1004.441,0.001812247,0.008850098,1540.711,0.01305292,0.06945801,24.93541,0.006546308,1498.051,0.001602112,6.897491,3.404782e-05,100,1,1,1,Kennfeld_v2 (18)_korrigiert.csv,C:\Users\nikla\OneDrive\Documents\01_Uni\01_Master\00_Masterarbeit\sim_par_ink_prop\laboratory_measurement_L-Com\measurement_data\Kennfeld_v2 (18)_korrigiert.csv,600,1433.7600000000002,1.7210690771119292,3.442138154223859,3.442138154223859,0.0,91.39465461444036,100.0,2026-02-09 14:28:49.612,4.628891666666666,2.000033333333333,False,6,0.06666777777777777,,True,1005.0703167287212,1540.5114824543439,ok,0.6293167287211645,0.6293167287211645,0.06265342899395429,0.06265342899395429,-0.19951754565613555,0.19951754565613555,-0.01294970605494058,0.01294970605494058,False,False
600,2026-09-02,14:30:49.614,124,8,123.38,1310.38,0.0,0.0,0.0,0.0,0.0,100.0,1004.445,0.002101957,0.009338379,1540.739,0.01059803,0.0513916,24.96114,0.005722944,1498.058,0.001540423,6.897422,2.799258e-05,100,1,1,1,Kennfeld_v2 (18)_korrigiert.csv,C:\Users\nikla\OneDrive\Documents\01_Uni\01_Master\00_Masterarbeit\sim_par_ink_prop\laboratory_measurement_L-Com\measurement_data\Kennfeld_v2 (18)_korrigiert.csv,601,1433.7600000000002,1.7210690771119292,3.442138154223859,3.442138154223859,0.0,91.39465461444036,100.0,2026-02-09 14:30:49.614,4.662225555555556,2.000033333333333,False,6,0.10000166666666666,,True,1005.062395468012,1540.5552458392438,ok,0.6173954680119778,0.6173954680119778,0.061466328968930874,0.061466328968930874,-0.18375416075627982,0.18375416075627982,-0.011926365254353906,0.011926365254353906,False,False
601,2026-09-02,14:32:49.616,125,8,123.38,1310.38,0.0,0.0,0.0,0.0,0.0,100.0,1004.45,0.001076649,0.005004883,1540.76,0.01171823,0.05981445,24.98261,0.005199723,1498.063,0.00126301,6.897372,3.061948e-05,100,1,1,1,Kennfeld_v2 (18)_korrigiert.csv,C:\Users\nikla\OneDrive\Documents\01_Uni\01_Master\00_Masterarbeit\sim_par_ink_prop\laboratory_measurement_L-Com\measurement_data\Kennfeld_v2 (18)_korrigiert.csv,602,1433.7600000000002,1.7210690771119292,3.442138154223859,3.442138154223859,0.0,91.39465461444036,100.0,2026-02-09 14:32:49.616,4.695559444444444,2.000033333333333,False,6,0.13333555555555554,,True,1005.0557856925219,1540.5917195128386,ok,0.605785692521863,0.605785692521863,0.060310188911529984,0.060310188911529984,-0.16828048716138255,0.16828048716138255,-0.010921914325487588,0.010921914325487588,False,False
602,2026-09-02,14:34:49.618,126,8,123.38,1310.38,0.0,0.0,0.0,0.0,0.0,100.0,1004.448,0.002720908,0.01031494,1540.842,0.03368323,0.1414795,25.02151,0.01597285,1498.073,0.003314596,6.897162,8.608468e-05,100,0,1,0,Kennfeld_v2 (18)_korrigiert.csv,C:\Users\nikla\OneDrive\Documents\01_Uni\01_Master\00_Masterarbeit\sim_par_ink_prop\laboratory_measurement_L-Com\measurement_data\Kennfeld_v2 (18)_korrigiert.csv,603,1433.7600000000002,1.7210690771119292,3.442138154223859,3.442138154223859,0.0,91.39465461444036,100.0,2026-02-09 14:34:49.618,4.728893333333334,2.000033333333333,False,6,0.16666944444444445,,True,1005.043483716199,1540.657707473435,ok,0.5954837161990554,0.5954837161990554,0.05928467339265501,0.05928467339265501,-0.18429252656505923,0.18429252656505923,-0.011960507733113404,0.011960507733113404,False,False
603,2026-09-07,07:56:53.041,1,100,0.0,100.0,0.0,0.0,0.0,0.0,0.0,100.0,997.7303,0.001822622,0.007141113,1488.133,0.003201717,0.01367188,21.93058,0.003705348,1495.816,0.0003777512,7.042493,8.674068e-06,100,1,1,1,Kennfeld_v2 (18)_korrigiert.csv,C:\Users\nikla\OneDrive\Documents\01_Uni\01_Master\00_Masterarbeit\sim_par_ink_prop\laboratory_measurement_L-Com\measurement_data\Kennfeld_v2 (18)_korrigiert.csv,604,100.0,0.0,0.0,0.0,0.0,100.0,100.0,2026-07-09 07:56:53.041,4343.694939166667,260551.69516666667,True,2,0.0,,True,997.7559665999999,1488.1142361520333,ok,0.025666599999794926,0.025666599999794926,0.002572498800507003,0.002572498800507003,-0.018763847966738467,0.018763847966738467,-0.0012608985868022863,0.0012608985868022863,False,False
604,2026-09-07,07:58:53.043,2,100,0.0,100.0,0.0,0.0,0.0,0.0,0.0,100.0,997.7258,0.000904362,0.003601074,1488.141,0.00278595,0.01257324,21.93712,0.001062415,1495.817,0.0001331065,7.042473,7.854994e-06,100,1,1,1,Kennfeld_v2 (18)_korrigiert.csv,C:\Users\nikla\OneDrive\Documents\01_Uni\01_Master\00_Masterarbeit\sim_par_ink_prop\laboratory_measurement_L-Com\measurement_data\Kennfeld_v2 (18)_korrigiert.csv,605,100.0,0.0,0.0,0.0,0.0,100.0,100.0,2026-07-09 07:58:53.043,4343.728273055555,2.000033333333333,False,2,0.033333888888888885,,True,997.7544624000001,1488.1333169810673,ok,0.028662400000030175,0.028662400000030175,0.0028727732609530768,0.0028727732609530768,-0.007683018932766572,0.007683018932766572,-0.0005162829955472346,0.0005162829955472346,False,False
605,2026-09-07,08:00:53.045,3,100,0.0,100.0,0.0,0.0,0.0,0.0,0.0,100.0,997.7229,0.0008725882,0.00390625,1488.152,0.005385458,0.02490234,21.94193,0.001668419,1495.817,0.0002504072,7.042442,1.506797e-05,100,1,1,1,Kennfeld_v2 (18)_korrigiert.csv,C:\Users\nikla\OneDrive\Documents\01_Uni\01_Master\00_Masterarbeit\sim_par_ink_prop\laboratory_measurement_L-Com\measurement_data\Kennfeld_v2 (18)_korrigiert.csv,606,100.0,0.0,0.0,0.0,0.0,100.0,100.0,2026-07-09 08:00:53.045,4343.761606944445,2.000033333333333,False,2,0.06666777777777777,,True,997.7533560999999,1488.147348314271,ok,0.030456099999923936,0.030456099999923936,0.0030525609866150147,0.0030525609866150147,-0.00465168572895891,0.00465168572895891,-0.00031258135788272365,0.00031258135788272365,False,False
606,2026-09-07,08:02:53.047,4,100,0.0,100.0,0.0,0.0,0.0,0.0,0.0,100.0,997.7199,0.0009753295,0.003723145,1488.176,0.007009419,0.02807617,21.95033,0.002391439,1495.819,0.0003630821,7.042377,1.949145e-05,100,1,1,1,Kennfeld_v2 (18)_korrigiert.csv,C:\Users\nikla\OneDrive\Documents\01_Uni\01_Master\00_Masterarbeit\sim_par_ink_prop\laboratory_measurement_L-Com\measurement_data\Kennfeld_v2 (18)_korrigiert.csv,607,100.0,0.0,0.0,0.0,0.0,100.0,100.0,2026-07-09 08:02:53.047,4343.794940833333,2.000033333333333,False,2,0.10000166666666666,,True,997.7514241,1488.1718477865838,ok,0.03152409999995598,0.03152409999995598,0.0031596142364160498,0.0031596142364160498,-0.004152213416091399,0.004152213416091399,-0.00027901359893530065,0.00027901359893530065,False,False
607,2026-09-07,08:04:53.049,5,100,0.0,100.0,0.0,0.0,0.0,0.0,0.0,100.0,997.717,0.0008974569,0.00378418,1488.198,0.007071797,0.02600098,21.95864,0.002141031,1495.82,0.0003248265,7.042316,1.976181e-05,100,1,1,1,Kennfeld_v2 (18)_korrigiert.csv,C:\Users\nikla\OneDrive\Documents\01_Uni\01_Master\00_Masterarbeit\sim_par_ink_prop\laboratory_measurement_L-Com\measurement_data\Kennfeld_v2 (18)_korrigiert.csv,608,100.0,0.0,0.0,0.0,0.0,100.0,100.0,2026-07-09 08:04:53.049,4343.828274722223,2.000033333333333,False,2,0.13333555555555554,,True,997.7495127999999,1488.196079367984,ok,0.03251279999994949,0.03251279999994949,0.003258719656971816,0.003258719656971816,-0.0019206320159810275,0.0019206320159810275,-0.00012905755927511173,0.00012905755927511173,False,False
608,2026-09-07,08:06:53.051,6,100,0.0,100.0,0.0,0.0,0.0,0.0,0.0,100.0,997.7142,0.0009945267,0.00402832,1488.222,0.009181096,0.03173828,21.96715,0.002895252,1495.821,0.0004538543,7.042248,2.577589e-05,100,1,1,1,Kennfeld_v2 (18)_korrigiert.csv,C:\Users\nikla\OneDrive\Documents\01_Uni\01_Master\00_Masterarbeit\sim_par_ink_prop\laboratory_measurement_L-Com\measurement_data\Kennfeld_v2 (18)_korrigiert.csv,609,100.0,0.0,0.0,0.0,0.0,100.0,100.0,2026-07-09 08:06:53.051,4343.861608611111,2.000033333333333,False,2,0.16666944444444445,,True,997.7475554999999,1488.2208885756536,ok,0.033355499999856875,0.033355499999856875,0.0033431918679574647,0.0033431918679574647,-0.001111424346390777,0.001111424346390777,-7.468135442096522e-05,7.468135442096522e-05,False,False
609,2026-09-07,08:08:53.053,7,100,0.0,100.0,0.0,0.0,0.0,0.0,0.0,100.0,997.7112,0.0008294058,0.003417969,1488.247,0.005910682,0.02941895,21.97596,0.001755857,1495.823,0.0002693801,7.042178,1.654648e-05,100,1,1,1,Kennfeld_v2 (18)_korrigiert.csv,C:\Users\nikla\OneDrive\Documents\01_Uni\01_Master\00_Masterarbeit\sim_par_ink_prop\laboratory_measurement_L-Com\measurement_data\Kennfeld_v2 (18)_korrigiert.csv,610,100.0,0.0,0.0,0.0,0.0,100.0,100.0,2026-07-09 08:08:53.053,4343.8949425,2.000033333333333,False,2,0.2000033333333333,,True,997.7455292000001,1488.2465664395106,ok,0.034329200000115634,0.034329200000115634,0.003440795292276526,0.003440795292276526,-0.00043356048945497605,0.00043356048945497605,-2.913229386351701e-05,2.913229386351701e-05,False,False
610,2026-09-07,08:10:53.055,8,100,0.0,100.0,0.0,0.0,0.0,0.0,0.0,100.0,997.7086,0.0009390473,0.00402832,1488.271,0.007125125,0.02770996,21.98431,0.002419571,1495.824,0.0003583145,7.042112,1.984484e-05,100,1,1,1,Kennfeld_v2 (18)_korrigiert.csv,C:\Users\nikla\OneDrive\Documents\01_Uni\01_Master\00_Masterarbeit\sim_par_ink_prop\laboratory_measurement_L-Com\measurement_data\Kennfeld_v2 (18)_korrigiert.csv,611,100.0,0.0,0.0,0.0,0.0,100.0,100.0,2026-07-09 08:10:53.055,4343.928276388889,2.000033333333333,False,2,0.23333722222222222,,True,997.7436087,1488.2708980009331,ok,0.035008699999934834,0.035008699999934834,0.0035089103170940724,0.0035089103170940724,-0.00010199906682828441,0.00010199906682828441,-6.853527806984374e-06,6.853527806984374e-06,False,False
611,2026-09-07,08:12:53.057,9,100,0.0,100.0,0.0,0.0,0.0,0.0,0.0,100.0,997.706,0.0007458004,0.003479004,1488.293,0.005958302,0.02856445,21.99183,0.001839271,1495.825,0.0002997013,7.042051,1.659752e-05,100,1,1,1,Kennfeld_v2 (18)_korrigiert.csv,C:\Users\nikla\OneDrive\Documents\01_Uni\01_Master\00_Masterarbeit\sim_par_ink_prop\laboratory_measurement_L-Com\measurement_data\Kennfeld_v2 (18)_korrigiert.csv,612,100.0,0.0,0.0,0.0,0.0,100.0,100.0,2026-07-09 08:12:53.057,4343.961610277778,2.000033333333333,False,2,0.2666711111111111,,True,997.7418791,1488.292806331971,ok,0.035879099999988284,0.035879099999988284,0.0035961595900985146,0.0035961595900985146,-0.0001936680289418291,0.0001936680289418291,-1.3012762200845474e-05,1.3012762200845474e-05,False,False
612,2026-09-07,08:14:53.059,10,100,0.0,100.0,0.0,0.0,0.0,0.0,0.0,100.0,997.7033,0.0009072697,0.003601074,1488.316,0.00711114,0.03234863,21.99953,0.002103928,1495.826,0.0003449944,7.041988,1.987479e-05,100,1,1,1,Kennfeld_v2 (18)_korrigiert.csv,C:\Users\nikla\OneDrive\Documents\01_Uni\01_Master\00_Masterarbeit\sim_par_ink_prop\laboratory_measurement_L-Com\measurement_data\Kennfeld_v2 (18)_korrigiert.csv,613,100.0,0.0,0.0,0.0,0.0,100.0,100.0,2026-07-09 08:14:53.059,4343.994944166667,2.000033333333333,False,2,0.300005,,True,997.7401081000002,1488.3152345027402,ok,0.036808100000143895,0.036808100000143895,0.0036892831766862848,0.0036892831766862848,-0.0007654972598629683,0.0007654972598629683,-5.14337855578364e-05,5.14337855578364e-05,False,False
613,2026-09-07,08:16:53.061,11,100,0.0,100.0,0.0,0.0,0.0,0.0,0.0,100.0,997.7007,0.0007302609,0.003234863,1488.341,0.006489801,0.02783203,22.00807,0.002306462,1495.827,0.0003392753,7.041919,1.806107e-05,100,1,1,1,Kennfeld_v2 (18)_korrigiert.csv,C:\Users\nikla\OneDrive\Documents\01_Uni\01_Master\00_Masterarbeit\sim_par_ink_prop\laboratory_measurement_L-Com\measurement_data\Kennfeld_v2 (18)_korrigiert.csv,614,100.0,0.0,0.0,0.0,0.0,100.0,100.0,2026-07-09 08:16:53.061,4344.028278055556,2.000033333333333,False,2,0.3333388888888889,,True,997.7381439,1488.3401039828798,ok,0.03744389999997111,0.03744389999997111,0.0037530193173134097,0.0037530193173134097,-0.0008960171201124467,0.0008960171201124467,-6.020240792348304e-05,6.020240792348304e-05,False,False
614,2026-09-07,08:18:53.063,12,100,0.0,100.0,0.0,0.0,0.0,0.0,0.0,100.0,997.6984,0.0007718579,0.003173828,1488.362,0.006737235,0.02380371,22.01526,0.002162738,1495.829,0.0003230982,7.041859,1.879228e-05,100,1,1,1,Kennfeld_v2 (18)_korrigiert.csv,C:\Users\nikla\OneDrive\Documents\01_Uni\01_Master\00_Masterarbeit\sim_par_ink_prop\laboratory_measurement_L-Com\measurement_data\Kennfeld_v2 (18)_korrigiert.csv,615,100.0,0.0,0.0,0.0,0.0,100.0,100.0,2026-07-09 08:18:53.063,4344.061611944444,2.000033333333333,False,2,0.36667277777777774,,True,997.7364902,1488.3610376998695,ok,0.03809020000005603,0.03809020000005603,0.003817807064745822,0.003817807064745822,-0.0009623001305953949,0.0009623001305953949,-6.465497846595081e-05,6.465497846595081e-05,False,False
615,2026-09-07,08:20:53.065,13,100,0.0,100.0,0.0,0.0,0.0,0.0,0.0,100.0,997.6957,0.0008067084,0.003540039,1488.393,0.00676736,0.03088379,22.02511,0.002173717,1495.83,0.0003455698,7.041775,1.89133e-05,100,1,1,1,Kennfeld_v2 (18)_korrigiert.csv,C:\Users\nikla\OneDrive\Documents\01_Uni\01_Master\00_Masterarbeit\sim_par_ink_prop\laboratory_measurement_L-Com\measurement_data\Kennfeld_v2 (18)_korrigiert.csv,616,100.0,0.0,0.0,0.0,0.0,100.0,100.0,2026-07-09 08:20:53.065,4344.094945833333,2.000033333333333,False,2,0.4000066666666666,,True,997.7342246999998,1488.3897094792542,ok,0.038524699999811673,0.038524699999811673,0.0038613677496867707,0.0038613677496867707,-0.00329052074584979,0.00329052074584979,-0.00022107875714611597,0.00022107875714611597,False,False
616,2026-09-07,08:22:53.067,14,100,0.0,100.0,0.0,0.0,0.0,0.0,0.0,100.0,997.6931,0.0008095871,0.003112793,1488.418,0.007598932,0.03356934,22.03407,0.002482083,1495.831,0.0003738883,7.041703,2.119154e-05,100,1,1,1,Kennfeld_v2 (18)_korrigiert.csv,C:\Users\nikla\OneDrive\Documents\01_Uni\01_Master\00_Masterarbeit\sim_par_ink_prop\laboratory_measurement_L-Com\measurement_data\Kennfeld_v2 (18)_korrigiert.csv,617,100.0,0.0,0.0,0.0,0.0,100.0,100.0,2026-07-09 08:22:53.067,4344.128279722222,2.000033333333333,False,2,0.43334055555555556,,True,997.7321638999999,1488.4157840419132,ok,0.03906389999997373,0.03906389999997373,0.003915422488135252,0.003915422488135252,-0.0022159580867082695,0.0022159580867082695,-0.0001488800919303764,0.0001488800919303764,False,False
617,2026-09-07,08:24:53.069,15,100,0.0,100.0,0.0,0.0,0.0,0.0,0.0,100.0,997.6902,0.0007864488,0.003479004,1488.445,0.007846887,0.0324707,22.04293,0.002625822,1495.833,0.0003923225,7.041628,2.188601e-05,100,1,1,1,Kennfeld_v2 (18)_korrigiert.csv,C:\Users\nikla\OneDrive\Documents\01_Uni\01_Master\00_Masterarbeit\sim_par_ink_prop\laboratory_measurement_L-Com\measurement_data\Kennfeld_v2 (18)_korrigiert.csv,618,100.0,0.0,0.0,0.0,0.0,100.0,100.0,2026-07-09 08:24:53.069,4344.1616136111115,2.000033333333333,False,2,0.46667444444444445,,True,997.7301260999999,1488.4415614381905,ok,0.03992609999988872,0.03992609999988872,0.004001853481159654,0.004001853481159654,-0.0034385618093892845,0.0034385618093892845,-0.00023101705534227227,0.00023101705534227227,False,False
618,2026-09-07,08:26:53.071,16,100,0.0,100.0,0.0,0.0,0.0,0.0,0.0,100.0,997.6875,0.0008435191,0.003479004,1488.475,0.007780241,0.03063965,22.05309,0.002845549,1495.834,0.0004029516,7.041545,2.158114e-05,100,1,1,1,Kennfeld_v2 (18)_korrigiert.csv,C:\Users\nikla\OneDrive\Documents\01_Uni\01_Master\00_Masterarbeit\sim_par_ink_prop\laboratory_measurement_L-Com\measurement_data\Kennfeld_v2 (18)_korrigiert.csv,619,100.0,0.0,0.0,0.0,0.0,100.0,100.0,2026-07-09 08:26:53.071,4344.1949475,2.000033333333333,False,2,0.5000083333333333,,True,997.7277892999998,1488.4711135340794,ok,0.04028929999981301,0.04028929999981301,0.004038268495878019,0.004038268495878019,-0.003886465920459159,0.003886465920459159,-0.0002611038761456631,0.0002611038761456631,False,False
619,2026-09-07,08:28:53.073,17,100,0.0,100.0,0.0,0.0,0.0,0.0,0.0,100.0,997.6849,0.0007958711,0.003479004,1488.503,0.007800524,0.03320313,22.06242,0.002344253,1495.836,0.0003720642,7.04147,2.1788e-05,100,1,1,1,Kennfeld_v2 (18)_korrigiert.csv,C:\Users\nikla\OneDrive\Documents\01_Uni\01_Master\00_Masterarbeit\sim_par_ink_prop\laboratory_measurement_L-Com\measurement_data\Kennfeld_v2 (18)_korrigiert.csv,620,100.0,0.0,0.0,0.0,0.0,100.0,100.0,2026-07-09 08:28:53.073,4344.228281388889,2.000033333333333,False,2,0.5333422222222222,,True,997.7256434000001,1488.4982443384172,ok,0.04074340000011034,0.04074340000011034,0.0040837943924089005,0.0040837943924089005,-0.004755661582748871,0.004755661582748871,-0.00031949291219089725,0.00031949291219089725,False,False
620,2026-09-07,08:30:53.075,18,100,0.0,100.0,0.0,0.0,0.0,0.0,0.0,100.0,997.6819,0.0008515198,0.003417969,1488.536,0.009121099,0.03271484,22.07302,0.00293935,1495.838,0.0004545833,7.041377,2.545202e-05,100,1,1,1,Kennfeld_v2 (18)_korrigiert.csv,C:\Users\nikla\OneDrive\Documents\01_Uni\01_Master\00_Masterarbeit\sim_par_ink_prop\laboratory_measurement_L-Com\measurement_data\Kennfeld_v2 (18)_korrigiert.csv,621,100.0,0.0,0.0,0.0,0.0,100.0,100.0,2026-07-09 08:30:53.075,4344.261615277777,2.000033333333333,False,2,0.5666761111111112,,True,997.7232054000001,1488.529059943399,ok,0.04130540000005567,0.04130540000005567,0.004140137252169822,0.004140137252169822,-0.00694005660102448,0.00694005660102448,-0.00046623370889414025,0.00046623370889414025,False,False
621,2026-09-07,08:32:53.077,19,100,0.0,100.0,0.0,0.0,0.0,0.0,0.0,100.0,997.679,0.0008789576,0.003845215,1488.568,0.007962726,0.03222656,22.08425,0.00273437,1495.839,0.0004191099,7.041286,2.21342e-05,100,1,1,1,Kennfeld_v2 (18)_korrigiert.csv,C:\Users\nikla\OneDrive\Documents\01_Uni\01_Master\00_Masterarbeit\sim_par_ink_prop\laboratory_measurement_L-Com\measurement_data\Kennfeld_v2 (18)_korrigiert.csv,622,100.0,0.0,0.0,0.0,0.0,100.0,100.0,2026-07-09 08:32:53.077,4344.294949166667,2.000033333333333,False,2,0.60001,,True,997.7206225,1488.5616974696131,ok,0.04162250000001677,0.04162250000001677,0.004171933056626107,0.004171933056626107,-0.006302530386847138,0.006302530386847138,-0.0004233955309295335,0.0004233955309295335,False,False
622,2026-09-07,08:34:53.079,20,100,0.0,100.0,0.0,0.0,0.0,0.0,0.0,100.0,997.6764,0.0009532702,0.003845215,1488.596,0.008512222,0.03063965,22.09397,0.002908049,1495.841,0.0004349708,7.041209,2.369911e-05,100,1,1,1,Kennfeld_v2 (18)_korrigiert.csv,C:\Users\nikla\OneDrive\Documents\01_Uni\01_Master\00_Masterarbeit\sim_par_ink_prop\laboratory_measurement_L-Com\measurement_data\Kennfeld_v2 (18)_korrigiert.csv,623,100.0,0.0,0.0,0.0,0.0,100.0,100.0,2026-07-09 08:34:53.079,4344.328283055555,2.000033333333333,False,2,0.6333438888888889,,True,997.7183869,1488.5899385584103,ok,0.041986900000097194,0.041986900000097194,0.004208468798109006,0.004208468798109006,-0.006061441589736205,0.006061441589736205,-0.000407191849886484,0.000407191849886484,False,False
623,2026-09-07,08:36:53.081,21,100,0.0,100.0,0.0,0.0,0.0,0.0,0.0,100.0,997.6733,0.0008169428,0.003295898,1488.628,0.00805728,0.03186035,22.10462,0.00264987,1495.842,0.0004198257,7.041122,2.237209e-05,100,1,1,1,Kennfeld_v2 (18)_korrigiert.csv,C:\Users\nikla\OneDrive\Documents\01_Uni\01_Master\00_Masterarbeit\sim_par_ink_prop\laboratory_measurement_L-Com\measurement_data\Kennfeld_v2 (18)_korrigiert.csv,624,100.0,0.0,0.0,0.0,0.0,100.0,100.0,2026-07-09 08:36:53.081,4344.361616944445,2.000033333333333,False,2,0.6666777777777778,,True,997.7159373999999,1488.6208732491334,ok,0.042637399999875925,0.042637399999875925,0.004273683579572183,0.004273683579572183,-0.007126750866518705,0.007126750866518705,-0.00047874625940924837,0.00047874625940924837,False,False
624,2026-09-07,08:38:53.084,22,100,0.0,100.0,0.0,0.0,0.0,0.0,0.0,100.0,997.6704,0.0007605723,0.003234863,1488.658,0.008271416,0.03515625,22.11468,0.00273885,1495.844,0.0004173031,7.041039,2.303322e-05,100,1,1,1,Kennfeld_v2 (18)_korrigiert.csv,C:\Users\nikla\OneDrive\Documents\01_Uni\01_Master\00_Masterarbeit\sim_par_ink_prop\laboratory_measurement_L-Com\measurement_data\Kennfeld_v2 (18)_korrigiert.csv,625,100.0,0.0,0.0,0.0,0.0,100.0,100.0,2026-07-09 08:38:53.084,4344.3949511111105,2.00005,False,2,0.7000119444444445,,True,997.7136236,1488.6500860423187,ok,0.043223600000033,0.043223600000033,0.004332452882237762,0.004332452882237762,-0.00791395768123948,0.00791395768123948,-0.0005316169114221992,0.0005316169114221992,False,False
625,2026-09-07,08:40:53.085,23,100,0.0,100.0,0.0,0.0,0.0,0.0,0.0,100.0,997.6678,0.001004697,0.003845215,1488.687,0.00878021,0.03234863,22.12461,0.002780338,1495.845,0.0004224081,7.040957,2.447196e-05,100,1,1,1,Kennfeld_v2 (18)_korrigiert.csv,C:\Users\nikla\OneDrive\Documents\01_Uni\01_Master\00_Masterarbeit\sim_par_ink_prop\laboratory_measurement_L-Com\measurement_data\Kennfeld_v2 (18)_korrigiert.csv,626,100.0,0.0,0.0,0.0,0.0,100.0,100.0,2026-07-09 08:40:53.085,4344.428284722222,2.0000166666666668,False,2,0.7333455555555555,,True,997.7113397,1488.6789135712108,ok,0.04353969999999663,0.04353969999999663,0.004364148066119467,0.004364148066119467,-0.0080864287890563,0.0080864287890563,-0.0005431920067184236,0.0005431920067184236,False,False
626,2026-09-07,08:42:53.088,24,100,0.0,100.0,0.0,0.0,0.0,0.0,0.0,100.0,997.6649,0.0007780247,0.003051758,1488.718,0.007506785,0.02770996,22.13537,0.002353383,1495.847,0.0003735339,7.040872,2.095966e-05,100,1,1,1,Kennfeld_v2 (18)_korrigiert.csv,C:\Users\nikla\OneDrive\Documents\01_Uni\01_Master\00_Masterarbeit\sim_par_ink_prop\laboratory_measurement_L-Com\measurement_data\Kennfeld_v2 (18)_korrigiert.csv,627,100.0,0.0,0.0,0.0,0.0,100.0,100.0,2026-07-09 08:42:53.088,4344.461618888889,2.00005,False,2,0.7666797222222222,,True,997.7088649000001,1488.7101419420417,ok,0.043964900000105445,0.043964900000105445,0.0044067802726251515,0.0044067802726251515,-0.007858057958401332,0.007858057958401332,-0.0005278405956266622,0.0005278405956266622,False,False
627,2026-09-07,08:44:53.090,25,100,0.0,100.0,0.0,0.0,0.0,0.0,0.0,100.0,997.6622,0.0008018332,0.003356934,1488.746,0.009081419,0.03735352,22.14488,0.00287937,1495.849,0.0004325348,7.040793,2.530496e-05,100,1,1,1,Kennfeld_v2 (18)_korrigiert.csv,C:\Users\nikla\OneDrive\Documents\01_Uni\01_Master\00_Masterarbeit\sim_par_ink_prop\laboratory_measurement_L-Com\measurement_data\Kennfeld_v2 (18)_korrigiert.csv,628,100.0,0.0,0.0,0.0,0.0,100.0,100.0,2026-07-09 08:44:53.090,4344.494952777778,2.000033333333333,False,2,0.8000136111111111,,True,997.7066775999999,1488.7377349370718,ok,0.0444775999999365,0.0444775999999365,0.004458182338664981,0.004458182338664981,-0.008265062928330735,0.008265062928330735,-0.0005551694465228276,0.0005551694465228276,False,False
628,2026-09-07,08:46:53.092,26,100,0.0,100.0,0.0,0.0,0.0,0.0,0.0,100.0,997.6592,0.0008281654,0.00378418,1488.782,0.00810657,0.0333252,22.15696,0.002786635,1495.85,0.000430106,7.040693,2.253699e-05,100,1,1,1,Kennfeld_v2 (18)_korrigiert.csv,C:\Users\nikla\OneDrive\Documents\01_Uni\01_Master\00_Masterarbeit\sim_par_ink_prop\laboratory_measurement_L-Com\measurement_data\Kennfeld_v2 (18)_korrigiert.csv,629,100.0,0.0,0.0,0.0,0.0,100.0,100.0,2026-07-09 08:46:53.092,4344.528286666667,2.000033333333333,False,2,0.8333475,,True,997.7038992,1488.7727745023826,ok,0.04469919999996819,0.04469919999996819,0.0044804077384309375,0.0044804077384309375,-0.009225497617308065,0.009225497617308065,-0.0006196674608712401,0.0006196674608712401,False,False
629,2026-09-07,09:08:25.839,27,9,90.96,909.63,0.0,0.0,0.0,0.0,0.0,100.0,1005.543,0.0006053919,0.002563477,1540.252,0.007210524,0.03344727,22.3999,0.006397493,1497.794,0.001257914,6.898029,1.81523e-05,100,1,1,1,Kennfeld_v2 (18)_korrigiert.csv,C:\Users\nikla\OneDrive\Documents\01_Uni\01_Master\00_Masterarbeit\sim_par_ink_prop\laboratory_measurement_L-Com\measurement_data\Kennfeld_v2 (18)_korrigiert.csv,630,1000.59,1.8181273048901145,3.6362546097802295,3.6362546097802295,0.0,90.90936347554943,100.0,2026-07-09 09:08:25.839,0.0,,False,1,0.0,,True,1006.3540211891356,1538.4698182183572,ok,0.8110211891355448,0.8110211891355448,0.08065504798258699,0.08065504798258699,-1.7821817816427483,1.7821817816427483,-0.11570715581883668,0.11570715581883668,False,False
630,2026-09-07,09:10:25.841,28,9,90.96,909.63,0.0,0.0,0.0,0.0,0.0,100.0,1005.542,0.0009716341,0.004150391,1540.276,0.008652131,0.04467773,22.42177,0.005218286,1497.798,0.0009719462,6.897971,2.212768e-05,100,1,1,1,Kennfeld_v2 (18)_korrigiert.csv,C:\Users\nikla\OneDrive\Documents\01_Uni\01_Master\00_Masterarbeit\sim_par_ink_prop\laboratory_measurement_L-Com\measurement_data\Kennfeld_v2 (18)_korrigiert.csv,631,1000.59,1.8181273048901145,3.6362546097802295,3.6362546097802295,0.0,90.90936347554943,100.0,2026-07-09 09:10:25.841,0.033333888888888885,2.000033333333333,False,1,0.033333888888888885,,True,1006.3471633942627,1538.510372054563,ok,0.8051633942626495,0.8051633942626495,0.08007257720340369,0.08007257720340369,-1.7656279454370178,1.7656279454370178,-0.11463062109888213,0.11463062109888213,False,False
631,2026-09-07,09:12:25.843,29,9,90.96,909.63,0.0,0.0,0.0,0.0,0.0,100.0,1005.54,0.0005939396,0.002807617,1540.292,0.006238205,0.03063965,22.44124,0.003730904,1497.802,0.0007123146,6.897932,1.631107e-05,100,1,1,1,Kennfeld_v2 (18)_korrigiert.csv,C:\Users\nikla\OneDrive\Documents\01_Uni\01_Master\00_Masterarbeit\sim_par_ink_prop\laboratory_measurement_L-Com\measurement_data\Kennfeld_v2 (18)_korrigiert.csv,632,1000.59,1.8181273048901145,3.6362546097802295,3.6362546097802295,0.0,90.90936347554943,100.0,2026-07-09 09:12:25.843,0.06666777777777777,2.000033333333333,False,1,0.06666777777777777,,True,1006.3410581678883,1538.5464436349348,ok,0.8010581678883,0.8010581678883,0.07966447559403902,0.07966447559403902,-1.745556365065113,1.745556365065113,-0.11332632806410167,0.11332632806410167,False,False
632,2026-09-07,09:14:25.845,30,9,90.96,909.63,0.0,0.0,0.0,0.0,0.0,100.0,1005.54,0.0004779922,0.002075195,1540.302,0.006389807,0.03466797,22.45623,0.00364117,1497.805,0.0007818153,6.897912,1.66553e-05,100,1,1,1,Kennfeld_v2 (18)_korrigiert.csv,C:\Users\nikla\OneDrive\Documents\01_Uni\01_Master\00_Masterarbeit\sim_par_ink_prop\laboratory_measurement_L-Com\measurement_data\Kennfeld_v2 (18)_korrigiert.csv,633,1000.59,1.8181273048901145,3.6362546097802295,3.6362546097802295,0.0,90.90936347554943,100.0,2026-07-09 09:14:25.845,0.10000166666666666,2.000033333333333,False,1,0.10000166666666666,,True,1006.3363577383484,1538.5741947426084,ok,0.7963577383484335,0.7963577383484335,0.0791970223311289,0.0791970223311289,-1.7278052573915375,1.7278052573915375,-0.11217314899231044,0.11217314899231044,False,False
633,2026-09-07,09:16:25.847,31,9,90.96,909.63,0.0,0.0,0.0,0.0,0.0,100.0,1005.54,0.0004587281,0.00201416,1540.31,0.00615256,0.02770996,22.46985,0.003738742,1497.807,0.000821111,6.897893,1.603653e-05,100,1,1,1,Kennfeld_v2 (18)_korrigiert.csv,C:\Users\nikla\OneDrive\Documents\01_Uni\01_Master\00_Masterarbeit\sim_par_ink_prop\laboratory_measurement_L-Com\measurement_data\Kennfeld_v2 (18)_korrigiert.csv,634,1000.59,1.8181273048901145,3.6362546097802295,3.6362546097802295,0.0,90.90936347554943,100.0,2026-07-09 09:16:25.847,0.13333555555555554,2.000033333333333,False,1,0.13333555555555554,,True,1006.3320869003345,1538.5993940928158,ok,0.7920869003345388,0.7920869003345388,0.07877229153833153,0.07877229153833153,-1.7106059071841173,1.7106059071841173,-0.11105595024275096,0.11105595024275096,False,False
634,2026-09-07,09:18:25.849,32,9,90.96,909.63,0.0,0.0,0.0,0.0,0.0,100.0,1005.54,0.0004918654,0.002319336,1540.323,0.006105707,0.03259277,22.4846,0.003700477,1497.811,0.0007951776,6.897863,1.592138e-05,100,1,1,1,Kennfeld_v2 (18)_korrigiert.csv,C:\Users\nikla\OneDrive\Documents\01_Uni\01_Master\00_Masterarbeit\sim_par_ink_prop\laboratory_measurement_L-Com\measurement_data\Kennfeld_v2 (18)_korrigiert.csv,635,1000.59,1.8181273048901145,3.6362546097802295,3.6362546097802295,0.0,90.90936347554943,100.0,2026-07-09 09:18:25.849,0.16666944444444445,2.000033333333333,False,1,0.16666944444444445,,True,1006.3274617261848,1538.6266675209774,ok,0.7874617261848016,0.7874617261848016,0.0783123223526465,0.0783123223526465,-1.696332479022658,1.696332479022658,-0.11012836132568675,0.11012836132568675,False,False
635,2026-09-07,09:20:25.851,33,9,90.96,909.63,0.0,0.0,0.0,0.0,0.0,100.0,1005.54,0.0004766836,0.002258301,1540.331,0.005403562,0.02600098,22.49834,0.00328032,1497.813,0.0006347407,6.897844,1.42906e-05,100,1,1,1,Kennfeld_v2 (18)_korrigiert.csv,C:\Users\nikla\OneDrive\Documents\01_Uni\01_Master\00_Masterarbeit\sim_par_ink_prop\laboratory_measurement_L-Com\measurement_data\Kennfeld_v2 (18)_korrigiert.csv,636,1000.59,1.8181273048901145,3.6362546097802295,3.6362546097802295,0.0,90.90936347554943,100.0,2026-07-09 09:20:25.851,0.2000033333333333,2.000033333333333,False,1,0.2000033333333333,,True,1006.3231532581048,1538.652057859876,ok,0.7831532581047895,0.7831532581047895,0.07788384928543764,0.07788384928543764,-1.6789421401238087,1.6789421401238087,-0.10899878922931557,0.10899878922931557,False,False
636,2026-09-07,09:22:25.853,34,9,90.96,909.63,0.0,0.0,0.0,0.0,0.0,100.0,1005.54,0.0005686777,0.002563477,1540.339,0.005824553,0.03393555,22.51012,0.003419458,1497.816,0.0007348674,6.897827,1.525553e-05,100,1,1,1,Kennfeld_v2 (18)_korrigiert.csv,C:\Users\nikla\OneDrive\Documents\01_Uni\01_Master\00_Masterarbeit\sim_par_ink_prop\laboratory_measurement_L-Com\measurement_data\Kennfeld_v2 (18)_korrigiert.csv,637,1000.59,1.8181273048901145,3.6362546097802295,3.6362546097802295,0.0,90.90936347554943,100.0,2026-07-09 09:22:25.853,0.23333722222222222,2.000033333333333,False,1,0.23333722222222222,,True,1006.3194593889557,1538.6738143370872,ok,0.7794593889557291,0.7794593889557291,0.07751649749942609,0.07751649749942609,-1.6651856629127906,1.6651856629127906,-0.10810514197931693,0.10810514197931693,False,False
637,2026-09-07,09:24:25.855,35,9,90.96,909.63,0.0,0.0,0.0,0.0,0.0,100.0,1005.54,0.0005525211,0.002746582,1540.348,0.005709718,0.03283691,22.5228,0.003206155,1497.818,0.0006579363,6.897806,1.500212e-05,100,1,1,1,Kennfeld_v2 (18)_korrigiert.csv,C:\Users\nikla\OneDrive\Documents\01_Uni\01_Master\00_Masterarbeit\sim_par_ink_prop\laboratory_measurement_L-Com\measurement_data\Kennfeld_v2 (18)_korrigiert.csv,638,1000.59,1.8181273048901145,3.6362546097802295,3.6362546097802295,0.0,90.90936347554943,100.0,2026-07-09 09:24:25.855,0.2666711111111111,2.000033333333333,False,1,0.2666711111111111,,True,1006.3154833050847,1538.6972206891803,ok,0.7754833050847765,0.7754833050847765,0.07712107972679123,0.07712107972679123,-1.6507793108196438,1.6507793108196438,-0.10716924427594568,0.10716924427594568,False,False
638,2026-09-07,09:26:25.857,36,9,90.96,909.63,0.0,0.0,0.0,0.0,0.0,100.0,1005.54,0.0004359952,0.001831055,1540.356,0.005139723,0.02502441,22.53539,0.003130744,1497.821,0.0006396258,6.897788,1.358393e-05,100,1,1,1,Kennfeld_v2 (18)_korrigiert.csv,C:\Users\nikla\OneDrive\Documents\01_Uni\01_Master\00_Masterarbeit\sim_par_ink_prop\laboratory_measurement_L-Com\measurement_data\Kennfeld_v2 (18)_korrigiert.csv,639,1000.59,1.8181273048901145,3.6362546097802295,3.6362546097802295,0.0,90.90936347554943,100.0,2026-07-09 09:26:25.857,0.300005,2.000033333333333,False,1,0.300005,,True,1006.3115354420031,1538.7204482492498,ok,0.7715354420031417,0.7715354420031417,0.07672846848490779,0.07672846848490779,-1.63555175075021,1.63555175075021,-0.10618011360686815,0.10618011360686815,False,False
639,2026-09-07,09:28:25.859,37,9,90.96,909.63,0.0,0.0,0.0,0.0,0.0,100.0,1005.54,0.0005531447,0.002746582,1540.367,0.006064904,0.02990723,22.54853,0.003312102,1497.824,0.000643484,6.897762,1.583861e-05,100,1,1,1,Kennfeld_v2 (18)_korrigiert.csv,C:\Users\nikla\OneDrive\Documents\01_Uni\01_Master\00_Masterarbeit\sim_par_ink_prop\laboratory_measurement_L-Com\measurement_data\Kennfeld_v2 (18)_korrigiert.csv,640,1000.59,1.8181273048901145,3.6362546097802295,3.6362546097802295,0.0,90.90936347554943,100.0,2026-07-09 09:28:25.859,0.3333388888888889,2.000033333333333,False,1,0.3333388888888889,,True,1006.3074151140232,1538.744677057538,ok,0.7674151140232652,0.7674151140232652,0.07631870577234771,0.07631870577234771,-1.6223229424620058,1.6223229424620058,-0.10532054649716631,0.10532054649716631,False,False
640,2026-09-07,09:30:25.861,38,9,90.96,909.63,0.0,0.0,0.0,0.0,0.0,100.0,1005.539,0.0005358679,0.002502441,1540.375,0.004738953,0.02758789,22.56065,0.002890444,1497.826,0.0005884534,6.897743,1.264562e-05,100,1,1,1,Kennfeld_v2 (18)_korrigiert.csv,C:\Users\nikla\OneDrive\Documents\01_Uni\01_Master\00_Masterarbeit\sim_par_ink_prop\laboratory_measurement_L-Com\measurement_data\Kennfeld_v2 (18)_korrigiert.csv,641,1000.59,1.8181273048901145,3.6362546097802295,3.6362546097802295,0.0,90.90936347554943,100.0,2026-07-09 09:30:25.861,0.36667277777777774,2.000033333333333,False,1,0.36667277777777774,,True,1006.303614628252,1538.767012897965,ok,0.7646146282520476,0.7646146282520476,0.07604027573789257,0.07604027573789257,-1.60798710203494,1.60798710203494,-0.1043893274063095,0.1043893274063095,False,False
641,2026-09-07,09:32:25.863,39,9,90.96,909.63,0.0,0.0,0.0,0.0,0.0,100.0,1005.539,0.0005782093,0.002929688,1540.382,0.005838647,0.03063965,22.57117,0.003342358,1497.828,0.000658941,6.897728,1.526594e-05,100,1,1,1,Kennfeld_v2 (18)_korrigiert.csv,C:\Users\nikla\OneDrive\Documents\01_Uni\01_Master\00_Masterarbeit\sim_par_ink_prop\laboratory_measurement_L-Com\measurement_data\Kennfeld_v2 (18)_korrigiert.csv,642,1000.59,1.8181273048901145,3.6362546097802295,3.6362546097802295,0.0,90.90936347554943,100.0,2026-07-09 09:32:25.863,0.4000066666666666,2.000033333333333,False,1,0.4000066666666666,,True,1006.3003158563055,1538.7863906228943,ok,0.7613158563054867,0.7613158563054867,0.07571221566796382,0.07571221566796382,-1.5956093771058022,1.5956093771058022,-0.10358530397692274,0.10358530397692274,False,False
642,2026-09-07,09:34:25.865,40,9,90.96,909.63,0.0,0.0,0.0,0.0,0.0,100.0,1005.539,0.0005457579,0.002624512,1540.4,0.006204683,0.0279541,22.58609,0.004455169,1497.832,0.0009502084,6.897684,1.580616e-05,100,1,1,1,Kennfeld_v2 (18)_korrigiert.csv,C:\Users\nikla\OneDrive\Documents\01_Uni\01_Master\00_Masterarbeit\sim_par_ink_prop\laboratory_measurement_L-Com\measurement_data\Kennfeld_v2 (18)_korrigiert.csv,643,1000.59,1.8181273048901145,3.6362546097802295,3.6362546097802295,0.0,90.90936347554943,100.0,2026-07-09 09:34:25.865,0.43334055555555556,2.000033333333333,False,1,0.43334055555555556,,True,1006.2956373691096,1538.8138579693473,ok,0.756637369109626,0.756637369109626,0.07524694408766104,0.07524694408766104,-1.586142030652809,1.586142030652809,-0.10296949043448513,0.10296949043448513,False,False
643,2026-09-07,09:53:08.224,41,9,90.96,909.63,0.0,15.01,0.0,0.0,0.0,100.0,1006.602,0.001378535,0.005371094,1549.199,0.008559042,0.04272461,22.83602,0.002030174,1498.14,0.0006947616,6.874305,2.279295e-05,100,1,1,1,Kennfeld_v2 (18)_korrigiert.csv,C:\Users\nikla\OneDrive\Documents\01_Uni\01_Master\00_Masterarbeit\sim_par_ink_prop\laboratory_measurement_L-Com\measurement_data\Kennfeld_v2 (18)_korrigiert.csv,644,1015.6,1.7912564001575422,3.582512800315085,5.0604568727845605,0.0,89.5657739267428,100.0,2026-07-09 09:53:08.224,0.7451069444444445,18.705983333333332,False,2,0.0,,True,1007.5884454989434,1546.1884930670965,ok,0.9864454989434535,0.9864454989434535,0.0979975699376172,0.0979975699376172,-3.0105069329035814,3.0105069329035814,-0.19432667674737597,0.19432667674737597,False,False
644,2026-09-07,09:55:08.226,42,9,90.96,909.63,0.0,15.01,0.0,0.0,0.0,100.0,1006.607,0.00109653,0.005187988,1549.182,0.007800825,0.03674316,22.84152,0.001363201,1498.142,0.0005109308,6.874351,2.072876e-05,100,1,1,1,Kennfeld_v2 (18)_korrigiert.csv,C:\Users\nikla\OneDrive\Documents\01_Uni\01_Master\00_Masterarbeit\sim_par_ink_prop\laboratory_measurement_L-Com\measurement_data\Kennfeld_v2 (18)_korrigiert.csv,645,1015.6,1.7912564001575422,3.582512800315085,5.0604568727845605,0.0,89.5657739267428,100.0,2026-07-09 09:55:08.226,0.7784408333333334,2.000033333333333,False,2,0.033333888888888885,,True,1007.5865892654173,1546.1967501319336,ok,0.9795892654173031,0.9795892654173031,0.09731595999404963,0.09731595999404963,-2.9852498680663757,2.9852498680663757,-0.19269846074033753,0.19269846074033753,False,False
645,2026-09-07,09:57:08.228,43,9,90.96,909.63,0.0,15.01,0.0,0.0,0.0,100.0,1006.611,0.007874889,0.09051514,1549.171,0.007464656,0.0402832,22.84765,0.001751602,1498.144,0.002536549,6.874383,1.99274e-05,100,0,1,0,Kennfeld_v2 (18)_korrigiert.csv,C:\Users\nikla\OneDrive\Documents\01_Uni\01_Master\00_Masterarbeit\sim_par_ink_prop\laboratory_measurement_L-Com\measurement_data\Kennfeld_v2 (18)_korrigiert.csv,646,1015.6,1.7912564001575422,3.582512800315085,5.0604568727845605,0.0,89.5657739267428,100.0,2026-07-09 09:57:08.228,0.8117747222222222,2.000033333333333,False,2,0.06666777777777777,,True,1007.5845204086764,1546.205950139416,ok,0.9735204086764497,0.9735204086764497,0.09671267338390399,0.09671267338390399,-2.965049860584031,2.965049860584031,-0.1913959053315632,0.1913959053315632,False,False
646,2026-09-07,09:59:08.230,44,9,90.96,909.63,0.0,15.01,0.0,0.0,0.0,100.0,1006.614,0.001206118,0.005126953,1549.155,0.009663169,0.04748535,22.85083,0.0008475023,1498.145,0.0002876676,6.874426,2.55942e-05,100,1,1,1,Kennfeld_v2 (18)_korrigiert.csv,C:\Users\nikla\OneDrive\Documents\01_Uni\01_Master\00_Masterarbeit\sim_par_ink_prop\laboratory_measurement_L-Com\measurement_data\Kennfeld_v2 (18)_korrigiert.csv,647,1015.6,1.7912564001575422,3.582512800315085,5.0604568727845605,0.0,89.5657739267428,100.0,2026-07-09 09:59:08.230,0.8451086111111111,2.000033333333333,False,2,0.10000166666666666,,True,1007.583447168106,1546.2107215464516,ok,0.969447168105944,0.969447168105944,0.096307737435198,0.096307737435198,-2.9442784535483497,2.9442784535483497,-0.19005706036828784,0.19005706036828784,False,False
647,2026-09-07,10:01:08.232,45,9,90.96,909.63,0.0,15.01,0.0,0.0,0.0,100.0,1006.618,0.001175409,0.004821777,1549.136,0.008008055,0.04455566,22.85172,0.001088804,1498.146,0.0003869627,6.874475,2.129457e-05,100,1,1,1,Kennfeld_v2 (18)_korrigiert.csv,C:\Users\nikla\OneDrive\Documents\01_Uni\01_Master\00_Masterarbeit\sim_par_ink_prop\laboratory_measurement_L-Com\measurement_data\Kennfeld_v2 (18)_korrigiert.csv,648,1015.6,1.7912564001575422,3.582512800315085,5.0604568727845605,0.0,89.5657739267428,100.0,2026-07-09 10:01:08.232,0.8784425,2.000033333333333,False,2,0.13333555555555554,,True,1007.5831467957402,1546.212056794549,ok,0.965146795740111,0.965146795740111,0.09588014477588429,0.09588014477588429,-2.923943205450996,2.923943205450996,-0.18874670819418027,0.18874670819418027,False,False
648,2026-09-07,10:03:08.234,46,9,90.96,909.63,0.0,15.01,0.0,0.0,0.0,100.0,1006.621,0.001120334,0.005004883,1549.124,0.008265975,0.04638672,22.85473,0.001070659,1498.147,0.0002615125,6.874507,2.198423e-05,100,1,1,1,Kennfeld_v2 (18)_korrigiert.csv,C:\Users\nikla\OneDrive\Documents\01_Uni\01_Master\00_Masterarbeit\sim_par_ink_prop\laboratory_measurement_L-Com\measurement_data\Kennfeld_v2 (18)_korrigiert.csv,649,1015.6,1.7912564001575422,3.582512800315085,5.0604568727845605,0.0,89.5657739267428,100.0,2026-07-09 10:03:08.234,0.9117763888888889,2.000033333333333,False,2,0.16666944444444445,,True,1007.5821309296316,1546.2165721614176,ok,0.9611309296316222,0.9611309296316222,0.09548091383267607,0.09548091383267607,-2.9074278385824073,2.9074278385824073,-0.1876820602212868,0.1876820602212868,False,False
649,2026-09-07,10:05:08.236,47,9,90.96,909.63,0.0,15.01,0.0,0.0,0.0,100.0,1006.625,0.001309066,0.005493164,1549.111,0.009371948,0.03808594,22.8569,0.001023945,1498.148,0.0003465723,6.874544,2.494501e-05,100,1,1,1,Kennfeld_v2 (18)_korrigiert.csv,C:\Users\nikla\OneDrive\Documents\01_Uni\01_Master\00_Masterarbeit\sim_par_ink_prop\laboratory_measurement_L-Com\measurement_data\Kennfeld_v2 (18)_korrigiert.csv,650,1015.6,1.7912564001575422,3.582512800315085,5.0604568727845605,0.0,89.5657739267428,100.0,2026-07-09 10:05:08.236,0.9451102777777778,2.000033333333333,False,2,0.2000033333333333,,True,1007.5813985610256,1546.2198269737148,ok,0.9563985610255941,0.9563985610255941,0.0950104121222495,0.0950104121222495,-2.891173026285287,2.891173026285287,-0.1866343358407039,0.1866343358407039,False,False
650,2026-09-07,10:07:08.238,48,9,90.96,909.63,0.0,15.01,0.0,0.0,0.0,100.0,1006.628,0.001172953,0.005371094,1549.096,0.009285718,0.04162598,22.85848,0.00121322,1498.15,0.0003330425,6.874585,2.465874e-05,100,1,1,1,Kennfeld_v2 (18)_korrigiert.csv,C:\Users\nikla\OneDrive\Documents\01_Uni\01_Master\00_Masterarbeit\sim_par_ink_prop\laboratory_measurement_L-Com\measurement_data\Kennfeld_v2 (18)_korrigiert.csv,651,1015.6,1.7912564001575422,3.582512800315085,5.0604568727845605,0.0,89.5657739267428,100.0,2026-07-09 10:07:08.238,0.9784441666666667,2.000033333333333,False,2,0.23333722222222222,,True,1007.5808653156726,1546.2221965986741,ok,0.9528653156725113,0.9528653156725113,0.09465913084799064,0.09465913084799064,-2.8738034013258584,2.8738034013258584,-0.18551486811184448,0.18551486811184448,False,False
651,2026-09-07,10:09:08.240,49,9,90.96,909.63,0.0,15.01,0.0,0.0,0.0,100.0,1006.63,0.0007394826,0.003540039,1549.085,0.006034328,0.02868652,22.86169,0.0008870443,1498.151,0.0003879649,6.874615,1.600749e-05,100,1,1,1,Kennfeld_v2 (18)_korrigiert.csv,C:\Users\nikla\OneDrive\Documents\01_Uni\01_Master\00_Masterarbeit\sim_par_ink_prop\laboratory_measurement_L-Com\measurement_data\Kennfeld_v2 (18)_korrigiert.csv,652,1015.6,1.7912564001575422,3.582512800315085,5.0604568727845605,0.0,89.5657739267428,100.0,2026-07-09 10:09:08.240,1.0117780555555556,2.000033333333333,False,2,0.2666711111111111,,True,1007.579781950092,1546.2270102180748,ok,0.9497819500919604,0.9497819500919604,0.09435263702571554,0.09435263702571554,-2.8579897819251983,2.8579897819251983,-0.1844953493142854,0.1844953493142854,False,False
652,2026-09-07,10:11:08.242,50,9,90.96,909.63,0.0,15.01,0.0,0.0,0.0,100.0,1006.633,0.0008939496,0.00402832,1549.079,0.005583167,0.02709961,22.86709,0.001937618,1498.152,0.0004439292,6.87463,1.486264e-05,100,1,1,1,Kennfeld_v2 (18)_korrigiert.csv,C:\Users\nikla\OneDrive\Documents\01_Uni\01_Master\00_Masterarbeit\sim_par_ink_prop\laboratory_measurement_L-Com\measurement_data\Kennfeld_v2 (18)_korrigiert.csv,653,1015.6,1.7912564001575422,3.582512800315085,5.0604568727845605,0.0,89.5657739267428,100.0,2026-07-09 10:11:08.242,1.0451119444444443,2.000033333333333,False,2,0.300005,,True,1007.5779594658713,1546.2351060246485,ok,0.9449594658713067,0.9449594658713067,0.09387328508714762,0.09387328508714762,-2.8438939753514205,2.8438939753514205,-0.18358611635374442,0.18358611635374442,False,False
653,2026-09-07,10:13:08.244,51,9,90.96,909.63,0.0,15.01,0.0,0.0,0.0,100.0,1006.634,0.0009447874,0.004333496,1549.074,0.006465511,0.02661133,22.87236,0.001502582,1498.154,0.0004130396,6.874644,1.72257e-05,100,1,1,1,Kennfeld_v2 (18)_korrigiert.csv,C:\Users\nikla\OneDrive\Documents\01_Uni\01_Master\00_Masterarbeit\sim_par_ink_prop\laboratory_measurement_L-Com\measurement_data\Kennfeld_v2 (18)_korrigiert.csv,654,1015.6,1.7912564001575422,3.582512800315085,5.0604568727845605,0.0,89.5657739267428,100.0,2026-07-09 10:13:08.244,1.0784458333333333,2.000033333333333,False,2,0.3333388888888889,,True,1007.5761808561905,1546.243004669052,ok,0.9421808561904754,0.9421808561904754,0.09359716204603415,0.09359716204603415,-2.830995330948099,2.830995330948099,-0.1827540408623538,0.1827540408623538,False,False
654,2026-09-07,10:15:08.246,52,9,90.96,909.63,0.0,15.01,0.0,0.0,0.0,100.0,1006.635,0.0007931145,0.00390625,1549.073,0.005742431,0.02832031,22.87848,0.001871216,1498.156,0.0004680906,6.874649,1.523389e-05,100,1,1,1,Kennfeld_v2 (18)_korrigiert.csv,C:\Users\nikla\OneDrive\Documents\01_Uni\01_Master\00_Masterarbeit\sim_par_ink_prop\laboratory_measurement_L-Com\measurement_data\Kennfeld_v2 (18)_korrigiert.csv,655,1015.6,1.7912564001575422,3.582512800315085,5.0604568727845605,0.0,89.5657739267428,100.0,2026-07-09 10:15:08.246,1.1117797222222223,2.000033333333333,False,2,0.36667277777777774,,True,1007.5741153738809,1546.2521744822939,ok,0.9391153738808953,0.9391153738808953,0.09329254137605937,0.09329254137605937,-2.8208255177062256,2.8208255177062256,-0.18209764922029018,0.18209764922029018,False,False
655,2026-09-07,10:17:08.248,53,9,90.96,909.63,0.0,15.01,0.0,0.0,0.0,100.0,1006.637,0.000736035,0.00390625,1549.07,0.006125134,0.03112793,22.885,0.00188583,1498.157,0.0004431827,6.87466,1.615257e-05,100,1,1,1,Kennfeld_v2 (18)_korrigiert.csv,C:\Users\nikla\OneDrive\Documents\01_Uni\01_Master\00_Masterarbeit\sim_par_ink_prop\laboratory_measurement_L-Com\measurement_data\Kennfeld_v2 (18)_korrigiert.csv,656,1015.6,1.7912564001575422,3.582512800315085,5.0604568727845605,0.0,89.5657739267428,100.0,2026-07-09 10:17:08.248,1.145113611111111,2.000033333333333,False,2,0.4000066666666666,,True,1007.5719148926102,1546.2619403114527,ok,0.9349148926102089,0.9349148926102089,0.09287507737249961,0.09287507737249961,-2.808059688547246,2.808059688547246,-0.18127390553992048,0.18127390553992048,False,False
656,2026-09-07,10:19:08.250,54,9,90.96,909.63,0.0,15.01,0.0,0.0,0.0,100.0,1006.638,0.0006581065,0.002990723,1549.07,0.006386566,0.03112793,22.89272,0.001557282,1498.159,0.0004179861,6.874661,1.694566e-05,100,1,1,1,Kennfeld_v2 (18)_korrigiert.csv,C:\Users\nikla\OneDrive\Documents\01_Uni\01_Master\00_Masterarbeit\sim_par_ink_prop\laboratory_measurement_L-Com\measurement_data\Kennfeld_v2 (18)_korrigiert.csv,657,1015.6,1.7912564001575422,3.582512800315085,5.0604568727845605,0.0,89.5657739267428,100.0,2026-07-09 10:19:08.250,1.1784475,2.000033333333333,False,2,0.43334055555555556,,True,1007.5693094146292,1546.2734991050236,ok,0.9313094146291405,0.9313094146291405,0.09251681484596652,0.09251681484596652,-2.7965008949763615,2.7965008949763615,-0.18052772921665008,0.18052772921665008,False,False
657,2026-09-07,10:21:08.252,55,9,90.96,909.63,0.0,15.01,0.0,0.0,0.0,100.0,1006.639,0.0007396027,0.00378418,1549.072,0.005438694,0.02575684,22.90019,0.002853417,1498.161,0.0006098569,6.874658,1.43973e-05,100,1,1,1,Kennfeld_v2 (18)_korrigiert.csv,C:\Users\nikla\OneDrive\Documents\01_Uni\01_Master\00_Masterarbeit\sim_par_ink_prop\laboratory_measurement_L-Com\measurement_data\Kennfeld_v2 (18)_korrigiert.csv,658,1015.6,1.7912564001575422,3.582512800315085,5.0604568727845605,0.0,89.5657739267428,100.0,2026-07-09 10:21:08.252,1.2117813888888889,2.000033333333333,False,2,0.46667444444444445,,True,1007.5667883107735,1546.2846790142214,ok,0.9277883107735079,0.9277883107735079,0.09216693479723197,0.09216693479723197,-2.7873209857784786,2.7873209857784786,-0.17993488913223393,0.17993488913223393,False,False
658,2026-09-07,10:38:16.054,56,9,90.96,1009.71,0.0,15.01,0.0,0.0,0.0,100.0,1005.748,0.005477304,0.01751709,1543.975,0.0110114,0.05419922,22.97371,0.002749398,1497.963,0.001790285,6.888231,2.980093e-05,100,0,1,0,Kennfeld_v2 (18)_korrigiert.csv,C:\Users\nikla\OneDrive\Documents\01_Uni\01_Master\00_Masterarbeit\sim_par_ink_prop\laboratory_measurement_L-Com\measurement_data\Kennfeld_v2 (18)_korrigiert.csv,659,1115.68,1.6305750752904056,3.2611501505808116,4.606517997992255,0.0,90.50175677613652,99.99999999999999,2026-07-09 10:38:16.054,1.4972819444444445,17.130033333333333,False,3,0.0,,True,1006.5742335763854,1541.4252835983045,ok,0.8262335763853343,0.8262335763853343,0.08215115281216909,0.08215115281216909,-2.5497164016953775,2.5497164016953775,-0.1651397465435242,0.1651397465435242,False,False
659,2026-09-07,10:40:16.056,57,9,90.96,1009.71,0.0,15.01,0.0,0.0,0.0,100.0,1005.757,0.0007340887,0.00378418,1543.957,0.009543575,0.04577637,22.98405,0.003043793,1497.966,0.000622839,6.888281,2.567214e-05,100,1,1,1,Kennfeld_v2 (18)_korrigiert.csv,C:\Users\nikla\OneDrive\Documents\01_Uni\01_Master\00_Masterarbeit\sim_par_ink_prop\laboratory_measurement_L-Com\measurement_data\Kennfeld_v2 (18)_korrigiert.csv,660,1115.68,1.6305750752904056,3.2611501505808116,4.606517997992255,0.0,90.50175677613652,99.99999999999999,2026-07-09 10:40:16.056,1.5306158333333333,2.000033333333333,False,3,0.033333888888888885,,True,1006.5708463493728,1541.442315403165,ok,0.8138463493728523,0.8138463493728523,0.08091878548922377,0.08091878548922377,-2.5146845968351954,2.5146845968351954,-0.16287270933291506,0.16287270933291506,False,False
660,2026-09-07,10:42:16.058,58,9,90.96,1009.71,0.0,15.01,0.0,0.0,0.0,100.0,1005.757,0.0006906429,0.003540039,1543.956,0.00854353,0.03259277,22.99597,0.003414179,1497.969,0.0007319943,6.888286,2.287838e-05,100,1,1,1,Kennfeld_v2 (18)_korrigiert.csv,C:\Users\nikla\OneDrive\Documents\01_Uni\01_Master\00_Masterarbeit\sim_par_ink_prop\laboratory_measurement_L-Com\measurement_data\Kennfeld_v2 (18)_korrigiert.csv,661,1115.68,1.6305750752904056,3.2611501505808116,4.606517997992255,0.0,90.50175677613652,99.99999999999999,2026-07-09 10:42:16.058,1.5639497222222223,2.000033333333333,False,3,0.06666777777777777,,True,1006.5669415379157,1541.4619390104747,ok,0.8099415379157335,0.8099415379157335,0.08053053947581111,0.08053053947581111,-2.4940609895252237,2.4940609895252237,-0.1615370508955711,0.1615370508955711,False,False
661,2026-09-07,10:44:16.060,59,9,90.96,1009.71,0.0,15.01,0.0,0.0,0.0,100.0,1005.757,0.0006544575,0.003295898,1543.953,0.008548569,0.03820801,23.00769,0.002855695,1497.972,0.0005843941,6.888297,2.280422e-05,100,1,1,1,Kennfeld_v2 (18)_korrigiert.csv,C:\Users\nikla\OneDrive\Documents\01_Uni\01_Master\00_Masterarbeit\sim_par_ink_prop\laboratory_measurement_L-Com\measurement_data\Kennfeld_v2 (18)_korrigiert.csv,662,1115.68,1.6305750752904056,3.2611501505808116,4.606517997992255,0.0,90.50175677613652,99.99999999999999,2026-07-09 10:44:16.060,1.597283611111111,2.000033333333333,False,3,0.10000166666666666,,True,1006.5631022429782,1541.4812221472762,ok,0.806102242978227,0.806102242978227,0.08014880761239812,0.08014880761239812,-2.4717778527237897,2.4717778527237897,-0.16009411249719321,0.16009411249719321,False,False
662,2026-09-07,10:46:16.062,60,9,90.96,1009.71,0.0,15.01,0.0,0.0,0.0,100.0,1005.757,0.0006895786,0.003112793,1543.955,0.009133289,0.04443359,23.01843,0.002398741,1497.974,0.0005815476,6.888296,2.408954e-05,100,1,1,1,Kennfeld_v2 (18)_korrigiert.csv,C:\Users\nikla\OneDrive\Documents\01_Uni\01_Master\00_Masterarbeit\sim_par_ink_prop\laboratory_measurement_L-Com\measurement_data\Kennfeld_v2 (18)_korrigiert.csv,663,1115.68,1.6305750752904056,3.2611501505808116,4.606517997992255,0.0,90.50175677613652,99.99999999999999,2026-07-09 10:46:16.062,1.6306175,2.000033333333333,False,3,0.13333555555555554,,True,1006.5595839808417,1541.4988831029643,ok,0.8025839808417459,0.8025839808417459,0.07979899526841433,0.07979899526841433,-2.4561168970355993,2.4561168970355993,-0.15907956495076603,0.15907956495076603,False,False
663,2026-09-07,10:48:16.064,61,9,90.96,1009.71,0.0,15.01,0.0,0.0,0.0,100.0,1005.758,0.0006966566,0.003295898,1543.958,0.008233023,0.04187012,23.02864,0.00261295,1497.976,0.0005048973,6.888289,2.201186e-05,100,1,1,1,Kennfeld_v2 (18)_korrigiert.csv,C:\Users\nikla\OneDrive\Documents\01_Uni\01_Master\00_Masterarbeit\sim_par_ink_prop\laboratory_measurement_L-Com\measurement_data\Kennfeld_v2 (18)_korrigiert.csv,664,1115.68,1.6305750752904056,3.2611501505808116,4.606517997992255,0.0,90.50175677613652,99.99999999999999,2026-07-09 10:48:16.064,1.663951388888889,2.000033333333333,False,3,0.16666944444444445,,True,1006.5562393383689,1541.5156638560288,ok,0.7982393383688304,0.7982393383688304,0.0793669390021089,0.0793669390021089,-2.4423361439712608,2.4423361439712608,-0.15818669575022512,0.15818669575022512,False,False
664,2026-09-07,10:50:16.066,62,9,90.96,1009.71,0.0,15.01,0.0,0.0,0.0,100.0,1005.758,0.0007872715,0.00378418,1543.959,0.008065986,0.03649902,23.03769,0.002127988,1497.978,0.0004418101,6.88829,2.156061e-05,100,1,1,1,Kennfeld_v2 (18)_korrigiert.csv,C:\Users\nikla\OneDrive\Documents\01_Uni\01_Master\00_Masterarbeit\sim_par_ink_prop\laboratory_measurement_L-Com\measurement_data\Kennfeld_v2 (18)_korrigiert.csv,665,1115.68,1.6305750752904056,3.2611501505808116,4.606517997992255,0.0,90.50175677613652,99.99999999999999,2026-07-09 10:50:16.066,1.6972852777777778,2.000033333333333,False,3,0.2000033333333333,,True,1006.553274694169,1541.5305310147496,ok,0.7952746941689384,0.7952746941689384,0.07907217185137362,0.07907217185137362,-2.428468985250447,2.428468985250447,-0.1572884374034833,0.1572884374034833,False,False
665,2026-09-07,10:52:16.068,63,9,90.96,1009.71,0.0,15.01,0.0,0.0,0.0,100.0,1005.759,0.0007485672,0.003356934,1543.959,0.007771019,0.03625488,23.04564,0.002336289,1497.979,0.0004876937,6.888293,2.06988e-05,100,1,1,1,Kennfeld_v2 (18)_korrigiert.csv,C:\Users\nikla\OneDrive\Documents\01_Uni\01_Master\00_Masterarbeit\sim_par_ink_prop\laboratory_measurement_L-Com\measurement_data\Kennfeld_v2 (18)_korrigiert.csv,666,1115.68,1.6305750752904056,3.2611501505808116,4.606517997992255,0.0,90.50175677613652,99.99999999999999,2026-07-09 10:52:16.068,1.7306191666666668,2.000033333333333,False,3,0.23333722222222222,,True,1006.5506703932425,1541.5435856363467,ok,0.791670393242498,0.791670393242498,0.07871372697062597,0.07871372697062597,-2.4154143636533263,2.4154143636533263,-0.15644290837083927,0.15644290837083927,False,False
666,2026-09-07,10:54:16.070,64,9,90.96,1009.71,0.0,15.01,0.0,0.0,0.0,100.0,1005.759,0.0006198715,0.002868652,1543.964,0.00730716,0.03417969,23.05517,0.001904586,1497.981,0.0004018744,6.888281,1.941724e-05,100,1,1,1,Kennfeld_v2 (18)_korrigiert.csv,C:\Users\nikla\OneDrive\Documents\01_Uni\01_Master\00_Masterarbeit\sim_par_ink_prop\laboratory_measurement_L-Com\measurement_data\Kennfeld_v2 (18)_korrigiert.csv,667,1115.68,1.6305750752904056,3.2611501505808116,4.606517997992255,0.0,90.50175677613652,99.99999999999999,2026-07-09 10:54:16.070,1.7639530555555556,2.000033333333333,False,3,0.2666711111111111,,True,1006.54754850771,1541.5592280056158,ok,0.7885485077099474,0.7885485077099474,0.07840332601646592,0.07840332601646592,-2.404771994384191,2.404771994384191,-0.1557531130508348,0.1557531130508348,False,False
667,2026-09-07,10:56:16.072,65,9,90.96,1009.71,0.0,15.01,0.0,0.0,0.0,100.0,1005.758,0.0006609584,0.002807617,1543.969,0.006886348,0.03442383,23.06432,0.002437817,1497.983,0.0004938765,6.888272,1.822652e-05,100,1,1,1,Kennfeld_v2 (18)_korrigiert.csv,C:\Users\nikla\OneDrive\Documents\01_Uni\01_Master\00_Masterarbeit\sim_par_ink_prop\laboratory_measurement_L-Com\measurement_data\Kennfeld_v2 (18)_korrigiert.csv,668,1115.68,1.6305750752904056,3.2611501505808116,4.606517997992255,0.0,90.50175677613652,99.99999999999999,2026-07-09 10:56:16.072,1.7972869444444446,2.000033333333333,False,3,0.300005,,True,1006.5445511042177,1541.5742397158685,ok,0.7865511042176649,0.7865511042176649,0.07820480714224147,0.07820480714224147,-2.3947602841315074,2.3947602841315074,-0.1551041688098341,0.1551041688098341,False,False
668,2026-09-07,10:58:16.074,66,9,90.96,1009.71,0.0,15.01,0.0,0.0,0.0,100.0,1005.758,0.0007609208,0.003295898,1543.976,0.007796004,0.04602051,23.07432,0.002883951,1497.985,0.0005569695,6.888254,2.061246e-05,100,1,1,1,Kennfeld_v2 (18)_korrigiert.csv,C:\Users\nikla\OneDrive\Documents\01_Uni\01_Master\00_Masterarbeit\sim_par_ink_prop\laboratory_measurement_L-Com\measurement_data\Kennfeld_v2 (18)_korrigiert.csv,669,1115.68,1.6305750752904056,3.2611501505808116,4.606517997992255,0.0,90.50175677613652,99.99999999999999,2026-07-09 10:58:16.074,1.8306208333333331,2.000033333333333,False,3,0.3333388888888889,,True,1006.5412752530945,1541.5906381851569,ok,0.7832752530944163,0.7832752530944163,0.07787909746623106,0.07787909746623106,-2.385361814843236,2.385361814843236,-0.15449474699368618,0.15449474699368618,False,False
669,2026-09-07,11:00:16.076,67,9,90.96,1009.71,0.0,15.01,0.0,0.0,0.0,100.0,1005.758,0.0007763904,0.003356934,1543.985,0.008004499,0.04577637,23.08464,0.002529936,1497.987,0.0004817268,6.888233,2.134824e-05,100,1,1,1,Kennfeld_v2 (18)_korrigiert.csv,C:\Users\nikla\OneDrive\Documents\01_Uni\01_Master\00_Masterarbeit\sim_par_ink_prop\laboratory_measurement_L-Com\measurement_data\Kennfeld_v2 (18)_korrigiert.csv,670,1115.68,1.6305750752904056,3.2611501505808116,4.606517997992255,0.0,90.50175677613652,99.99999999999999,2026-07-09 11:00:16.076,1.8639547222222221,2.000033333333333,False,3,0.36667277777777774,,True,1006.5378945743932,1541.6075528922877,ok,0.7798945743932109,0.7798945743932109,0.07754296504658285,0.07754296504658285,-2.3774471077122143,2.3774471077122143,-0.15398123088710153,0.15398123088710153,False,False
670,2026-09-07,11:02:16.078,68,9,90.96,1009.71,0.0,15.01,0.0,0.0,0.0,100.0,1005.757,0.0006450271,0.003295898,1543.996,0.009533828,0.04223633,23.09585,0.003048921,1497.99,0.0005807823,6.888208,2.499287e-05,100,1,1,1,Kennfeld_v2 (18)_korrigiert.csv,C:\Users\nikla\OneDrive\Documents\01_Uni\01_Master\00_Masterarbeit\sim_par_ink_prop\laboratory_measurement_L-Com\measurement_data\Kennfeld_v2 (18)_korrigiert.csv,671,1115.68,1.6305750752904056,3.2611501505808116,4.606517997992255,0.0,90.50175677613652,99.99999999999999,2026-07-09 11:02:16.078,1.897288611111111,2.000033333333333,False,3,0.4000066666666666,,True,1006.5342223445193,1541.6259165272293,ok,0.7772223445193731,0.7772223445193731,0.0772773487551539,0.0772773487551539,-2.3700834727708298,2.3700834727708298,-0.15350321327068397,0.15350321327068397,False,False
671,2026-09-07,11:04:16.081,69,9,90.96,1009.71,0.0,15.01,0.0,0.0,0.0,100.0,1005.756,0.0005657321,0.002746582,1544.007,0.006883822,0.03442383,23.10782,0.002771228,1497.992,0.0005114667,6.888181,1.816299e-05,100,1,1,1,Kennfeld_v2 (18)_korrigiert.csv,C:\Users\nikla\OneDrive\Documents\01_Uni\01_Master\00_Masterarbeit\sim_par_ink_prop\laboratory_measurement_L-Com\measurement_data\Kennfeld_v2 (18)_korrigiert.csv,672,1115.68,1.6305750752904056,3.2611501505808116,4.606517997992255,0.0,90.50175677613652,99.99999999999999,2026-07-09 11:04:16.081,1.9306227777777778,2.00005,False,3,0.43334083333333334,,True,1006.5303011494558,1541.6455138813515,ok,0.7743011494558232,0.7743011494558232,0.0769869779007854,0.0769869779007854,-2.3614861186485996,2.3614861186485996,-0.15294529873560156,0.15294529873560156,False,False
672,2026-09-07,11:06:16.082,70,9,90.96,1009.71,0.0,15.01,0.0,0.0,0.0,100.0,1005.755,0.0005685824,0.002502441,1544.017,0.007655513,0.03259277,23.11854,0.002714081,1497.994,0.0005191472,6.888157,2.035459e-05,100,1,1,1,Kennfeld_v2 (18)_korrigiert.csv,C:\Users\nikla\OneDrive\Documents\01_Uni\01_Master\00_Masterarbeit\sim_par_ink_prop\laboratory_measurement_L-Com\measurement_data\Kennfeld_v2 (18)_korrigiert.csv,673,1115.68,1.6305750752904056,3.2611501505808116,4.606517997992255,0.0,90.50175677613652,99.99999999999999,2026-07-09 11:06:16.082,1.963956388888889,2.0000166666666668,False,3,0.46667444444444445,,True,1006.5267894355188,1541.663054841677,ok,0.7717894355188264,0.7717894355188264,0.07673732027370746,0.07673732027370746,-2.3539451583230857,2.3539451583230857,-0.15245590937943596,0.15245590937943596,False,False
673,2026-09-07,11:08:16.085,71,9,90.96,1009.71,0.0,15.01,0.0,0.0,0.0,100.0,1005.755,0.0006080897,0.002807617,1544.027,0.008424463,0.03833008,23.12827,0.00287115,1497.996,0.0005104931,6.888133,2.232456e-05,100,1,1,1,Kennfeld_v2 (18)_korrigiert.csv,C:\Users\nikla\OneDrive\Documents\01_Uni\01_Master\00_Masterarbeit\sim_par_ink_prop\laboratory_measurement_L-Com\measurement_data\Kennfeld_v2 (18)_korrigiert.csv,674,1115.68,1.6305750752904056,3.2611501505808116,4.606517997992255,0.0,90.50175677613652,99.99999999999999,2026-07-09 11:08:16.085,1.9972905555555556,2.00005,False,3,0.5000086111111111,,True,1006.5236020306603,1541.6789677904562,ok,0.7686020306603041,0.7686020306603041,0.07642040364306457,0.07642040364306457,-2.348032209543817,2.348032209543817,-0.15207196568089915,0.15207196568089915,False,False
674,2026-09-07,11:10:16.087,72,9,90.96,1009.71,0.0,15.01,0.0,0.0,0.0,100.0,1005.755,0.0006282888,0.003051758,1544.037,0.008164421,0.03479004,23.13815,0.002225892,1497.998,0.0005257619,6.88811,2.160646e-05,100,1,1,1,Kennfeld_v2 (18)_korrigiert.csv,C:\Users\nikla\OneDrive\Documents\01_Uni\01_Master\00_Masterarbeit\sim_par_ink_prop\laboratory_measurement_L-Com\measurement_data\Kennfeld_v2 (18)_korrigiert.csv,675,1115.68,1.6305750752904056,3.2611501505808116,4.606517997992255,0.0,90.50175677613652,99.99999999999999,2026-07-09 11:10:16.087,2.0306244444444443,2.000033333333333,False,3,0.5333424999999999,,True,1006.5203654876924,1541.6951181760953,ok,0.7653654876924065,0.7653654876924065,0.07609860131865182,0.07609860131865182,-2.341881823904714,2.341881823904714,-0.15167264928915006,0.15167264928915006,False,False
675,2026-09-07,11:12:16.089,73,9,90.96,1009.71,0.0,15.01,0.0,0.0,0.0,100.0,1005.754,0.0005449419,0.002441406,1544.042,0.007056087,0.03540039,23.14848,0.002417546,1498.0,0.000467653,6.888098,1.879008e-05,100,1,1,1,Kennfeld_v2 (18)_korrigiert.csv,C:\Users\nikla\OneDrive\Documents\01_Uni\01_Master\00_Masterarbeit\sim_par_ink_prop\laboratory_measurement_L-Com\measurement_data\Kennfeld_v2 (18)_korrigiert.csv,676,1115.68,1.6305750752904056,3.2611501505808116,4.606517997992255,0.0,90.50175677613652,99.99999999999999,2026-07-09 11:12:16.089,2.0639583333333333,2.000033333333333,False,3,0.5666763888888889,,True,1006.51698153099,1541.7119956611098,ok,0.7629815309900323,0.7629815309900323,0.0758616451925652,0.0758616451925652,-2.3300043388901486,2.3300043388901486,-0.15090291189554098,0.15090291189554098,False,False
676,2026-09-07,11:14:16.091,74,9,90.96,1009.71,0.0,15.01,0.0,0.0,0.0,100.0,1005.754,0.0006459715,0.002929688,1544.052,0.007370114,0.03662109,23.15854,0.002330509,1498.002,0.0005093966,6.888074,1.953429e-05,100,1,1,1,Kennfeld_v2 (18)_korrigiert.csv,C:\Users\nikla\OneDrive\Documents\01_Uni\01_Master\00_Masterarbeit\sim_par_ink_prop\laboratory_measurement_L-Com\measurement_data\Kennfeld_v2 (18)_korrigiert.csv,677,1115.68,1.6305750752904056,3.2611501505808116,4.606517997992255,0.0,90.50175677613652,99.99999999999999,2026-07-09 11:14:16.091,2.0972922222222223,2.000033333333333,False,3,0.6000102777777777,,True,1006.5136860219985,1541.72842366164,ok,0.7596860219985047,0.7596860219985047,0.07553397968076733,0.07553397968076733,-2.3235763383599988,2.3235763383599988,-0.15048562732084145,0.15048562732084145,False,False
677,2026-09-07,12:27:11.178,75,9,111.24,1009.71,0.0,15.01,0.0,0.0,0.0,100.0,1007.548,0.001368154,0.00604248,1552.43,0.01688413,0.07507324,23.15479,0.01081536,1498.431,0.002079606,6.865848,4.188006e-05,100,1,1,1,Kennfeld_v2 (18)_korrigiert.csv,C:\Users\nikla\OneDrive\Documents\01_Uni\01_Master\00_Masterarbeit\sim_par_ink_prop\laboratory_measurement_L-Com\measurement_data\Kennfeld_v2 (18)_korrigiert.csv,678,1135.96,1.9585196661854287,3.9170393323708583,5.2383886756575935,0.0,88.88605232578611,99.99999999999999,2026-07-09 12:27:11.178,3.3125941666666665,72.91811666666668,True,4,0.0,,True,1008.1996098290058,1550.3050338062392,ok,0.6516098290057926,0.6516098290057926,0.06467283236191154,0.06467283236191154,-2.1249661937608835,2.1249661937608835,-0.1368800006287487,0.1368800006287487,False,False
678,2026-09-07,12:29:11.180,76,9,111.24,1009.71,0.0,15.01,0.0,0.0,0.0,100.0,1007.542,0.001629435,0.006652832,1552.49,0.0141874,0.05834961,23.19699,0.009370821,1498.439,0.001707996,6.865701,3.515006e-05,100,1,1,1,Kennfeld_v2 (18)_korrigiert.csv,C:\Users\nikla\OneDrive\Documents\01_Uni\01_Master\00_Masterarbeit\sim_par_ink_prop\laboratory_measurement_L-Com\measurement_data\Kennfeld_v2 (18)_korrigiert.csv,679,1135.96,1.9585196661854287,3.9170393323708583,5.2383886756575935,0.0,88.88605232578611,99.99999999999999,2026-07-09 12:29:11.180,3.3459280555555555,2.000033333333333,False,4,0.033333888888888885,,True,1008.1851309714847,1550.3623422891426,ok,0.643130971484652,0.643130971484652,0.06383167862825093,0.06383167862825093,-2.12765771085742,2.12765771085742,-0.13704807830371984,0.13704807830371984,False,False
679,2026-09-07,12:31:11.182,77,9,111.24,1009.71,0.0,15.01,0.0,0.0,0.0,100.0,1007.535,0.001711576,0.006835937,1552.546,0.01427069,0.05822754,23.23486,0.009037265,1498.446,0.001618636,6.865563,3.540972e-05,100,1,1,1,Kennfeld_v2 (18)_korrigiert.csv,C:\Users\nikla\OneDrive\Documents\01_Uni\01_Master\00_Masterarbeit\sim_par_ink_prop\laboratory_measurement_L-Com\measurement_data\Kennfeld_v2 (18)_korrigiert.csv,680,1135.96,1.9585196661854287,3.9170393323708583,5.2383886756575935,0.0,88.88605232578611,99.99999999999999,2026-07-09 12:31:11.182,3.3792619444444445,2.000033333333333,False,4,0.06666777777777777,,True,1008.1721377366422,1550.4136471335296,ok,0.6371377366422166,0.6371377366422166,0.06323728075374221,0.06323728075374221,-2.1323528664704554,2.1323528664704554,-0.13734555153086964,0.13734555153086964,False,False
680,2026-09-07,12:33:11.185,78,9,111.24,1009.71,0.0,15.01,0.0,0.0,0.0,100.0,1007.529,0.001599199,0.006713867,1552.594,0.01274314,0.05627441,23.26981,0.00839543,1498.452,0.00147853,6.865446,3.158723e-05,100,1,1,1,Kennfeld_v2 (18)_korrigiert.csv,C:\Users\nikla\OneDrive\Documents\01_Uni\01_Master\00_Masterarbeit\sim_par_ink_prop\laboratory_measurement_L-Com\measurement_data\Kennfeld_v2 (18)_korrigiert.csv,681,1135.96,1.9585196661854287,3.9170393323708583,5.2383886756575935,0.0,88.88605232578611,99.99999999999999,2026-07-09 12:33:11.185,3.412596111111111,2.00005,False,4,0.10000194444444445,,True,1008.160146353216,1550.4608923473688,ok,0.6311463532159678,0.6311463532159678,0.06264299620318302,0.06264299620318302,-2.1331076526312245,2.1331076526312245,-0.13738991987803795,0.13738991987803795,False,False
681,2026-09-07,12:35:11.186,79,9,111.24,1009.71,0.0,15.01,0.0,0.0,0.0,100.0,1007.523,0.001695242,0.006164551,1552.638,0.0122727,0.06079102,23.30263,0.007798939,1498.457,0.001319794,6.86534,3.053666e-05,100,1,1,1,Kennfeld_v2 (18)_korrigiert.csv,C:\Users\nikla\OneDrive\Documents\01_Uni\01_Master\00_Masterarbeit\sim_par_ink_prop\laboratory_measurement_L-Com\measurement_data\Kennfeld_v2 (18)_korrigiert.csv,682,1135.96,1.9585196661854287,3.9170393323708583,5.2383886756575935,0.0,88.88605232578611,99.99999999999999,2026-07-09 12:35:11.186,3.445929722222222,2.0000166666666668,False,4,0.13333555555555554,,True,1008.1488857720717,1550.505167474149,ok,0.6258857720716833,0.6258857720716833,0.062121239125229225,0.062121239125229225,-2.132832525850972,2.132832525850972,-0.137368306446897,0.137368306446897,False,False
682,2026-09-07,12:37:11.189,80,9,111.24,1009.71,0.0,15.01,0.0,0.0,0.0,100.0,1007.517,0.00151167,0.006164551,1552.681,0.01181198,0.05480957,23.33415,0.007635457,1498.463,0.001310294,6.865234,2.939272e-05,100,1,1,1,Kennfeld_v2 (18)_korrigiert.csv,C:\Users\nikla\OneDrive\Documents\01_Uni\01_Master\00_Masterarbeit\sim_par_ink_prop\laboratory_measurement_L-Com\measurement_data\Kennfeld_v2 (18)_korrigiert.csv,683,1135.96,1.9585196661854287,3.9170393323708583,5.2383886756575935,0.0,88.88605232578611,99.99999999999999,2026-07-09 12:37:11.189,3.479263888888889,2.00005,False,4,0.1666697222222222,,True,1008.1380712196877,1550.5476060057674,ok,0.6210712196876784,0.6210712196876784,0.061643745930607466,0.061643745930607466,-2.1333939942326197,2.1333939942326197,-0.13740066338369694,0.13740066338369694,False,False
683,2026-09-07,12:39:11.191,81,9,111.24,1009.71,0.0,15.01,0.0,0.0,0.0,100.0,1007.512,0.001325259,0.004882812,1552.718,0.01062244,0.04602051,23.36406,0.007403286,1498.468,0.001221748,6.865147,2.63616e-05,100,1,1,1,Kennfeld_v2 (18)_korrigiert.csv,C:\Users\nikla\OneDrive\Documents\01_Uni\01_Master\00_Masterarbeit\sim_par_ink_prop\laboratory_measurement_L-Com\measurement_data\Kennfeld_v2 (18)_korrigiert.csv,684,1135.96,1.9585196661854287,3.9170393323708583,5.2383886756575935,0.0,88.88605232578611,99.99999999999999,2026-07-09 12:39:11.191,3.512597777777778,2.000033333333333,False,4,0.20000361111111112,,True,1008.1278090578387,1550.5878016781503,ok,0.61580905783876,0.61580905783876,0.06112175912929673,0.06112175912929673,-2.1301983218497753,2.1301983218497753,-0.1371915777269134,0.1371915777269134,False,False
684,2026-09-07,12:41:11.193,82,9,111.24,1009.71,0.0,15.01,0.0,0.0,0.0,100.0,1007.507,0.001214606,0.005310059,1552.752,0.009847776,0.04931641,23.39156,0.006664454,1498.472,0.001109251,6.865063,2.454915e-05,100,1,1,1,Kennfeld_v2 (18)_korrigiert.csv,C:\Users\nikla\OneDrive\Documents\01_Uni\01_Master\00_Masterarbeit\sim_par_ink_prop\laboratory_measurement_L-Com\measurement_data\Kennfeld_v2 (18)_korrigiert.csv,685,1135.96,1.9585196661854287,3.9170393323708583,5.2383886756575935,0.0,88.88605232578611,99.99999999999999,2026-07-09 12:41:11.193,3.5459316666666667,2.000033333333333,False,4,0.2333375,,True,1008.1183737681088,1550.6246939348125,ok,0.6113737681088196,0.6113737681088196,0.06068183825113072,0.06068183825113072,-2.1273060651874403,2.1273060651874403,-0.13700230720600845,0.13700230720600845,False,False
685,2026-09-07,12:43:11.195,83,9,111.24,1009.71,0.0,15.01,0.0,0.0,0.0,100.0,1007.503,0.001124834,0.004638672,1552.784,0.009559827,0.04443359,23.4175,0.006262559,1498.477,0.001018612,6.864985,2.385054e-05,100,1,1,1,Kennfeld_v2 (18)_korrigiert.csv,C:\Users\nikla\OneDrive\Documents\01_Uni\01_Master\00_Masterarbeit\sim_par_ink_prop\laboratory_measurement_L-Com\measurement_data\Kennfeld_v2 (18)_korrigiert.csv,686,1135.96,1.9585196661854287,3.9170393323708583,5.2383886756575935,0.0,88.88605232578611,99.99999999999999,2026-07-09 12:43:11.195,3.5792655555555557,2.000033333333333,False,4,0.2666713888888889,,True,1008.1094737147256,1550.659436574196,ok,0.6064737147255528,0.6064737147255528,0.06019572296316267,0.06019572296316267,-2.1245634258041264,2.1245634258041264,-0.1368228566113591,0.1368228566113591,False,False
686,2026-09-07,12:45:11.197,84,9,111.24,1009.71,0.0,15.01,0.0,0.0,0.0,100.0,1007.498,0.001288852,0.005432129,1552.816,0.00986784,0.04699707,23.44252,0.006294544,1498.481,0.001026858,6.864908,2.466682e-05,100,1,1,1,Kennfeld_v2 (18)_korrigiert.csv,C:\Users\nikla\OneDrive\Documents\01_Uni\01_Master\00_Masterarbeit\sim_par_ink_prop\laboratory_measurement_L-Com\measurement_data\Kennfeld_v2 (18)_korrigiert.csv,687,1135.96,1.9585196661854287,3.9170393323708583,5.2383886756575935,0.0,88.88605232578611,99.99999999999999,2026-07-09 12:45:11.197,3.6125994444444447,2.000033333333333,False,4,0.3000052777777778,,True,1008.1008893129848,1550.69289470395,ok,0.6028893129847575,0.6028893129847575,0.05984024911064413,0.05984024911064413,-2.123105296049971,2.123105296049971,-0.13672613471589493,0.13672613471589493,False,False
687,2026-09-07,12:47:11.199,85,9,111.24,1009.71,0.0,15.01,0.0,0.0,0.0,100.0,1007.494,0.001194296,0.005493164,1552.845,0.00977997,0.04162598,23.46663,0.006183229,1498.485,0.001017133,6.864837,2.448294e-05,100,1,1,1,Kennfeld_v2 (18)_korrigiert.csv,C:\Users\nikla\OneDrive\Documents\01_Uni\01_Master\00_Masterarbeit\sim_par_ink_prop\laboratory_measurement_L-Com\measurement_data\Kennfeld_v2 (18)_korrigiert.csv,688,1135.96,1.9585196661854287,3.9170393323708583,5.2383886756575935,0.0,88.88605232578611,99.99999999999999,2026-07-09 12:47:11.199,3.6459333333333337,2.000033333333333,False,4,0.33333916666666663,,True,1008.0926171320599,1550.725087288909,ok,0.5986171320598714,0.5986171320598714,0.059416446356987875,0.059416446356987875,-2.1199127110910467,2.1199127110910467,-0.13651798544549176,0.13651798544549176,False,False
688,2026-09-07,12:49:11.201,86,9,111.24,1009.71,0.0,15.01,0.0,0.0,0.0,100.0,1007.49,0.001050744,0.004150391,1552.876,0.008533659,0.0369873,23.49072,0.005834916,1498.489,0.0009492036,6.864763,2.12462e-05,100,1,1,1,Kennfeld_v2 (18)_korrigiert.csv,C:\Users\nikla\OneDrive\Documents\01_Uni\01_Master\00_Masterarbeit\sim_par_ink_prop\laboratory_measurement_L-Com\measurement_data\Kennfeld_v2 (18)_korrigiert.csv,689,1135.96,1.9585196661854287,3.9170393323708583,5.2383886756575935,0.0,88.88605232578611,99.99999999999999,2026-07-09 12:49:11.201,3.679267222222222,2.000033333333333,False,4,0.3666730555555555,,True,1008.0843518115703,1550.7572054449688,ok,0.5943518115702773,0.5943518115702773,0.0589933211813792,0.0589933211813792,-2.1187945550311724,2.1187945550311724,-0.13644325464693718,0.13644325464693718,False,False
689,2026-09-07,12:51:11.203,87,9,111.24,1009.71,0.0,15.01,0.0,0.0,0.0,100.0,1007.486,0.000894851,0.00378418,1552.901,0.00850496,0.04223633,23.51378,0.005511552,1498.492,0.0009156334,6.864702,2.132292e-05,100,1,1,1,Kennfeld_v2 (18)_korrigiert.csv,C:\Users\nikla\OneDrive\Documents\01_Uni\01_Master\00_Masterarbeit\sim_par_ink_prop\laboratory_measurement_L-Com\measurement_data\Kennfeld_v2 (18)_korrigiert.csv,690,1135.96,1.9585196661854287,3.9170393323708583,5.2383886756575935,0.0,88.88605232578611,99.99999999999999,2026-07-09 12:51:11.203,3.712601111111111,2.000033333333333,False,4,0.40000694444444446,,True,1008.0764398843589,1550.787905619717,ok,0.5904398843589433,0.5904398843589433,0.058605269389246435,0.058605269389246435,-2.1130943802829734,2.1130943802829734,-0.1360739918567232,0.1360739918567232,False,False
690,2026-09-07,12:53:11.205,88,9,111.24,1009.71,0.0,15.01,0.0,0.0,0.0,100.0,1007.483,0.001068507,0.004455566,1552.927,0.007783315,0.03625488,23.53574,0.005555439,1498.496,0.0008989834,6.86464,1.949524e-05,100,1,1,1,Kennfeld_v2 (18)_korrigiert.csv,C:\Users\nikla\OneDrive\Documents\01_Uni\01_Master\00_Masterarbeit\sim_par_ink_prop\laboratory_measurement_L-Com\measurement_data\Kennfeld_v2 (18)_korrigiert.csv,691,1135.96,1.9585196661854287,3.9170393323708583,5.2383886756575935,0.0,88.88605232578611,99.99999999999999,2026-07-09 12:53:11.205,3.745935,2.000033333333333,False,4,0.43334083333333334,,True,1008.0689053677527,1550.8171006425785,ok,0.5859053677527299,0.5859053677527299,0.058155360214785755,0.058155360214785755,-2.1098993574214546,2.1098993574214546,-0.13586597164074388,0.13586597164074388,False,False
691,2026-09-07,13:05:37.066,89,9,111.24,1009.71,10.33,15.01,0.0,0.0,0.0,100.0,1005.803,0.00536705,0.02642822,1561.29,0.05287433,0.2403564,23.86068,0.002539095,1498.159,0.001297462,6.842795,0.0001384836,100,0,1,0,Kennfeld_v2 (18)_korrigiert.csv,C:\Users\nikla\OneDrive\Documents\01_Uni\01_Master\00_Masterarbeit\sim_par_ink_prop\laboratory_measurement_L-Com\measurement_data\Kennfeld_v2 (18)_korrigiert.csv,692,1146.29,1.9408701114028735,4.782908339076499,5.19118198710623,0.0,88.0850395624144,100.0,2026-07-09 13:05:37.066,3.9531186111111114,12.431016666666666,False,5,0.0,,True,1006.4278309593794,1558.3898116799287,ok,0.6248309593794374,0.6248309593794374,0.06212259849885489,0.06212259849885489,-2.9001883200712655,2.9001883200712655,-0.18575590185495747,0.18575590185495747,False,False
692,2026-09-07,13:07:37.068,90,9,111.24,1009.71,10.33,15.01,0.0,0.0,0.0,100.0,1005.846,0.006802284,0.02728271,1561.125,0.0333735,0.1401367,23.8654,0.0008928623,1498.169,0.001752011,6.843228,8.713255e-05,100,0,1,0,Kennfeld_v2 (18)_korrigiert.csv,C:\Users\nikla\OneDrive\Documents\01_Uni\01_Master\00_Masterarbeit\sim_par_ink_prop\laboratory_measurement_L-Com\measurement_data\Kennfeld_v2 (18)_korrigiert.csv,693,1146.29,1.9408701114028735,4.782908339076499,5.19118198710623,0.0,88.0850395624144,100.0,2026-07-09 13:07:37.068,3.9864525,2.000033333333333,False,5,0.033333888888888885,,True,1006.4261813202951,1558.395313973973,ok,0.5801813202950825,0.5801813202950825,0.05768092931672269,0.05768092931672269,-2.7296860260269113,2.7296860260269113,-0.17485377698947308,0.17485377698947308,False,False
693,2026-09-07,13:09:37.070,91,9,111.24,1009.71,10.33,15.01,0.0,0.0,0.0,100.0,1005.86,0.002285671,0.00970459,1561.047,0.02270616,0.1253662,23.87049,0.00186075,1498.174,0.0008057528,6.843431,5.952059e-05,100,1,1,1,Kennfeld_v2 (18)_korrigiert.csv,C:\Users\nikla\OneDrive\Documents\01_Uni\01_Master\00_Masterarbeit\sim_par_ink_prop\laboratory_measurement_L-Com\measurement_data\Kennfeld_v2 (18)_korrigiert.csv,694,1146.29,1.9408701114028735,4.782908339076499,5.19118198710623,0.0,88.0850395624144,100.0,2026-07-09 13:09:37.070,4.019786388888889,2.000033333333333,False,5,0.06666777777777777,,True,1006.4244023662205,1558.4012455107234,ok,0.56440236622052,0.56440236622052,0.05611142367929135,0.05611142367929135,-2.645754489276669,2.645754489276669,-0.1694858956377783,0.1694858956377783,False,False
694,2026-09-07,13:11:37.072,92,9,111.24,1009.71,10.33,15.01,0.0,0.0,0.0,100.0,1005.871,0.002946762,0.01177979,1560.993,0.02181024,0.09631348,23.87712,0.001559621,1498.177,0.0009238324,6.843575,5.721608e-05,100,0,1,0,Kennfeld_v2 (18)_korrigiert.csv,C:\Users\nikla\OneDrive\Documents\01_Uni\01_Master\00_Masterarbeit\sim_par_ink_prop\laboratory_measurement_L-Com\measurement_data\Kennfeld_v2 (18)_korrigiert.csv,695,1146.29,1.9408701114028735,4.782908339076499,5.19118198710623,0.0,88.0850395624144,100.0,2026-07-09 13:11:37.072,4.0531202777777775,2.000033333333333,False,5,0.10000166666666666,,True,1006.42208518233,1558.4089684185074,ok,0.5510851823299845,0.5510851823299845,0.05478686455121825,0.05478686455121825,-2.5840315814925816,2.5840315814925816,-0.16553767899616345,0.16553767899616345,False,False
695,2026-09-07,13:13:37.074,93,9,111.24,1009.71,10.33,15.01,0.0,0.0,0.0,100.0,1005.881,0.002384421,0.009460449,1560.949,0.01733705,0.09082031,23.88328,0.001665,1498.181,0.0008279248,6.843691,4.541693e-05,100,1,1,1,Kennfeld_v2 (18)_korrigiert.csv,C:\Users\nikla\OneDrive\Documents\01_Uni\01_Master\00_Masterarbeit\sim_par_ink_prop\laboratory_measurement_L-Com\measurement_data\Kennfeld_v2 (18)_korrigiert.csv,696,1146.29,1.9408701114028735,4.782908339076499,5.19118198710623,0.0,88.0850395624144,100.0,2026-07-09 13:13:37.074,4.086454166666667,2.000033333333333,False,5,0.13333555555555554,,True,1006.419932263263,1558.4161405650377,ok,0.5389322632630638,0.5389322632630638,0.053578133324226604,0.053578133324226604,-2.5328594349623472,2.5328594349623472,-0.16226407364765583,0.16226407364765583,False,False
696,2026-09-07,13:15:37.076,94,9,111.24,1009.71,10.33,15.01,0.0,0.0,0.0,100.0,1005.889,0.002130056,0.00769043,1560.9,0.01581766,0.06518555,23.88878,0.001779996,1498.184,0.0007466798,6.843821,4.154331e-05,100,1,1,1,Kennfeld_v2 (18)_korrigiert.csv,C:\Users\nikla\OneDrive\Documents\01_Uni\01_Master\00_Masterarbeit\sim_par_ink_prop\laboratory_measurement_L-Com\measurement_data\Kennfeld_v2 (18)_korrigiert.csv,697,1146.29,1.9408701114028735,4.782908339076499,5.19118198710623,0.0,88.0850395624144,100.0,2026-07-09 13:15:37.076,4.1197880555555555,2.000033333333333,False,5,0.16666944444444445,,True,1006.4180100140163,1558.4225415927033,ok,0.5290100140163077,0.5290100140163077,0.05259129128724021,0.05259129128724021,-2.477458407296808,2.477458407296808,-0.1587198672110198,0.1587198672110198,False,False
697,2026-09-07,13:17:37.078,95,9,111.24,1009.71,10.33,15.01,0.0,0.0,0.0,100.0,1005.896,0.001373562,0.005065918,1560.867,0.01268536,0.05773926,23.89487,0.001902182,1498.186,0.0007283115,6.843909,3.330136e-05,100,1,1,1,Kennfeld_v2 (18)_korrigiert.csv,C:\Users\nikla\OneDrive\Documents\01_Uni\01_Master\00_Masterarbeit\sim_par_ink_prop\laboratory_measurement_L-Com\measurement_data\Kennfeld_v2 (18)_korrigiert.csv,698,1146.29,1.9408701114028735,4.782908339076499,5.19118198710623,0.0,88.0850395624144,100.0,2026-07-09 13:17:37.078,4.153121944444444,2.000033333333333,False,5,0.2000033333333333,,True,1006.4158815597632,1558.4296263317185,ok,0.5198815597632347,0.5198815597632347,0.051683430470270755,0.051683430470270755,-2.4373736682814524,2.4373736682814524,-0.15615511560443346,0.15615511560443346,False,False
698,2026-09-07,13:19:37.081,96,9,111.24,1009.71,10.33,15.01,0.0,0.0,0.0,100.0,1005.899,0.0009466382,0.004943848,1560.852,0.01432033,0.06628418,23.90435,0.00273167,1498.189,0.0007274099,6.843949,3.762199e-05,100,1,1,1,Kennfeld_v2 (18)_korrigiert.csv,C:\Users\nikla\OneDrive\Documents\01_Uni\01_Master\00_Masterarbeit\sim_par_ink_prop\laboratory_measurement_L-Com\measurement_data\Kennfeld_v2 (18)_korrigiert.csv,699,1146.29,1.9408701114028735,4.782908339076499,5.19118198710623,0.0,88.0850395624144,100.0,2026-07-09 13:19:37.081,4.186456111111111,2.00005,False,5,0.2333375,,True,1006.4125683007426,1558.4406486336861,ok,0.5135683007425769,0.5135683007425769,0.051055652778517216,0.051055652778517216,-2.4113513663139656,2.4113513663139656,-0.154489430536269,0.154489430536269,False,False
699,2026-09-07,13:21:37.083,97,9,111.24,1009.71,10.33,15.01,0.0,0.0,0.0,100.0,1005.901,0.0008502406,0.00390625,1560.84,0.01316219,0.05615234,23.91418,0.002899217,1498.192,0.0006792156,6.843985,3.432944e-05,100,1,1,1,Kennfeld_v2 (18)_korrigiert.csv,C:\Users\nikla\OneDrive\Documents\01_Uni\01_Master\00_Masterarbeit\sim_par_ink_prop\laboratory_measurement_L-Com\measurement_data\Kennfeld_v2 (18)_korrigiert.csv,700,1146.29,1.9408701114028735,4.782908339076499,5.19118198710623,0.0,88.0850395624144,100.0,2026-07-09 13:21:37.083,4.219790000000001,2.000033333333333,False,5,0.2666713888888889,,True,1006.409132716523,1558.4520699546622,ok,0.5081327165230505,0.5081327165230505,0.05051518156588476,0.05051518156588476,-2.3879300453377255,2.3879300453377255,-0.15299005954087067,0.15299005954087067,False,False
700,2026-09-07,13:23:37.085,98,9,111.24,1009.71,10.33,15.01,0.0,0.0,0.0,100.0,1005.902,0.0005647719,0.002868652,1560.837,0.01255838,0.05822754,23.92539,0.0028606,1498.194,0.000633953,6.843996,3.300156e-05,100,1,1,1,Kennfeld_v2 (18)_korrigiert.csv,C:\Users\nikla\OneDrive\Documents\01_Uni\01_Master\00_Masterarbeit\sim_par_ink_prop\laboratory_measurement_L-Com\measurement_data\Kennfeld_v2 (18)_korrigiert.csv,701,1146.29,1.9408701114028735,4.782908339076499,5.19118198710623,0.0,88.0850395624144,100.0,2026-07-09 13:23:37.085,4.253123888888888,2.000033333333333,False,5,0.3000052777777778,,True,1006.4052148221201,1558.465084828002,ok,0.5032148221200714,0.5032148221200714,0.05002622741778736,0.05002622741778736,-2.371915171997898,2.371915171997898,-0.15196430966192487,0.15196430966192487,False,False
701,2026-09-07,13:25:37.087,99,9,111.24,1009.71,10.33,15.01,0.0,0.0,0.0,100.0,1005.903,0.0006466256,0.003173828,1560.828,0.01208191,0.0657959,23.93622,0.002990627,1498.197,0.0006072909,6.844022,3.151174e-05,100,1,1,1,Kennfeld_v2 (18)_korrigiert.csv,C:\Users\nikla\OneDrive\Documents\01_Uni\01_Master\00_Masterarbeit\sim_par_ink_prop\laboratory_measurement_L-Com\measurement_data\Kennfeld_v2 (18)_korrigiert.csv,702,1146.29,1.9408701114028735,4.782908339076499,5.19118198710623,0.0,88.0850395624144,100.0,2026-07-09 13:25:37.087,4.286457777777778,2.000033333333333,False,5,0.33333916666666663,,True,1006.4014297374014,1558.4776485493364,ok,0.4984297374013522,0.4984297374013522,0.049550477272793915,0.049550477272793915,-2.3503514506635383,2.3503514506635383,-0.15058362937258546,0.15058362937258546,False,False
702,2026-09-07,13:27:37.089,100,9,111.24,1009.71,10.33,15.01,0.0,0.0,0.0,100.0,1005.903,0.0006961501,0.003662109,1560.823,0.01159411,0.05480957,23.94711,0.002973648,1498.199,0.0005611909,6.844038,3.034365e-05,100,1,1,1,Kennfeld_v2 (18)_korrigiert.csv,C:\Users\nikla\OneDrive\Documents\01_Uni\01_Master\00_Masterarbeit\sim_par_ink_prop\laboratory_measurement_L-Com\measurement_data\Kennfeld_v2 (18)_korrigiert.csv,703,1146.29,1.9408701114028735,4.782908339076499,5.19118198710623,0.0,88.0850395624144,100.0,2026-07-09 13:27:37.089,4.319791666666666,2.000033333333333,False,5,0.3666730555555555,,True,1006.3976236823906,1558.4902719923782,ok,0.4946236823906247,0.4946236823906247,0.04917210530146791,0.04917210530146791,-2.3327280076218813,2.3327280076218813,-0.1494549995497171,0.1494549995497171,False,False
703,2026-09-07,13:29:37.091,101,9,111.24,1009.71,10.33,15.01,0.0,0.0,0.0,100.0,1005.902,0.0005378161,0.002258301,1560.822,0.01067949,0.05322266,23.95828,0.002635257,1498.201,0.0006009375,6.844044,2.808404e-05,100,1,1,1,Kennfeld_v2 (18)_korrigiert.csv,C:\Users\nikla\OneDrive\Documents\01_Uni\01_Master\00_Masterarbeit\sim_par_ink_prop\laboratory_measurement_L-Com\measurement_data\Kennfeld_v2 (18)_korrigiert.csv,704,1146.29,1.9408701114028735,4.782908339076499,5.19118198710623,0.0,88.0850395624144,100.0,2026-07-09 13:29:37.091,4.353125555555556,2.000033333333333,False,5,0.40000694444444446,,True,1006.3937197670742,1558.503209704902,ok,0.4917197670741871,0.4917197670741871,0.04888346648820532,0.04888346648820532,-2.3187902950978696,2.3187902950978696,-0.1485621227210963,0.1485621227210963,False,False
704,2026-09-07,13:31:37.093,102,9,111.24,1009.71,10.33,15.01,0.0,0.0,0.0,100.0,1005.902,0.0006270391,0.002929688,1560.824,0.01051346,0.05505371,23.97058,0.002685547,1498.203,0.0005591798,6.844041,2.740446e-05,100,1,1,1,Kennfeld_v2 (18)_korrigiert.csv,C:\Users\nikla\OneDrive\Documents\01_Uni\01_Master\00_Masterarbeit\sim_par_ink_prop\laboratory_measurement_L-Com\measurement_data\Kennfeld_v2 (18)_korrigiert.csv,705,1146.29,1.9408701114028735,4.782908339076499,5.19118198710623,0.0,88.0850395624144,100.0,2026-07-09 13:31:37.093,4.386459444444444,2.000033333333333,False,5,0.43334083333333334,,True,1006.3894209163677,1558.5174441739,ok,0.48742091636768237,0.48742091636768237,0.048456103712656136,0.048456103712656136,-2.306555826100066,2.306555826100066,-0.14777808555609512,0.14777808555609512,False,False
705,2026-09-07,13:33:37.095,103,9,111.24,1009.71,10.33,15.01,0.0,0.0,0.0,100.0,1005.901,0.0005816253,0.002319336,1560.823,0.01074312,0.05432129,23.98092,0.002476109,1498.206,0.0004586838,6.844047,2.798877e-05,100,1,1,1,Kennfeld_v2 (18)_korrigiert.csv,C:\Users\nikla\OneDrive\Documents\01_Uni\01_Master\00_Masterarbeit\sim_par_ink_prop\laboratory_measurement_L-Com\measurement_data\Kennfeld_v2 (18)_korrigiert.csv,706,1146.29,1.9408701114028735,4.782908339076499,5.19118198710623,0.0,88.0850395624144,100.0,2026-07-09 13:33:37.095,4.419793333333333,2.000033333333333,False,5,0.4666747222222222,,True,1006.3858070854836,1558.5294005926073,ok,0.48480708548368057,0.48480708548368057,0.048196302169267215,0.048196302169267215,-2.293599407392776,2.293599407392776,-0.14694807850683747,0.14694807850683747,False,False
