SeqNo,Date,UTC Time,Nr,ProbeNr,m_SL120,m_Wasser,m_IPA,m_PG,m_MG,m_vorher,m_nachher,Pumpe_pct,Rho_M,Rho_S,Rho_Sp,C_M,C_S,C_Sp,T_M,T_S,Per_M,Per_S,RunT_M,RunT_S,N,Stabil,SensOK,Gueltig,Source_record,Timestamp,Phase,Phase_elapsed_min,Exclusion_reason,Used,Elapsed_h,none_Loss_IPA_g,none_Loss_Water_g,none_Al_mass_g,none_Al_wt_pct,none_IPA_mass_g,none_IPA_wt_pct,none_PG_mass_g,none_PG_wt_pct,none_MG_mass_g,none_MG_wt_pct,none_Water_mass_g,none_Water_wt_pct,none_Rho_physics,none_Rho_base_prediction,none_Rho_fit_with_offset,none_Rho_residual,none_C_physics,none_C_base_prediction,none_C_fit_with_offset,none_C_residual,none_A_Rho_kg_m3,none_A_spread_Rho_kg_m3,none_A_C_m_s,none_A_spread_C_m_s,none_Calibration_distance,none_Calibration_outside_box,none_Calibration_outside_axes,none_Calibration_nearest_node,ipa_Loss_IPA_g,ipa_Loss_Water_g,ipa_Al_mass_g,ipa_Al_wt_pct,ipa_IPA_mass_g,ipa_IPA_wt_pct,ipa_PG_mass_g,ipa_PG_wt_pct,ipa_MG_mass_g,ipa_MG_wt_pct,ipa_Water_mass_g,ipa_Water_wt_pct,ipa_Rho_physics,ipa_Rho_base_prediction,ipa_Rho_fit_with_offset,ipa_Rho_residual,ipa_C_physics,ipa_C_base_prediction,ipa_C_fit_with_offset,ipa_C_residual,ipa_A_Rho_kg_m3,ipa_A_spread_Rho_kg_m3,ipa_A_C_m_s,ipa_A_spread_C_m_s,ipa_Calibration_distance,ipa_Calibration_outside_box,ipa_Calibration_outside_axes,ipa_Calibration_nearest_node,mixed_Loss_IPA_g,mixed_Loss_Water_g,mixed_Al_mass_g,mixed_Al_wt_pct,mixed_IPA_mass_g,mixed_IPA_wt_pct,mixed_PG_mass_g,mixed_PG_wt_pct,mixed_MG_mass_g,mixed_MG_wt_pct,mixed_Water_mass_g,mixed_Water_wt_pct,mixed_Rho_physics,mixed_Rho_base_prediction,mixed_Rho_fit_with_offset,mixed_Rho_residual,mixed_C_physics,mixed_C_base_prediction,mixed_C_fit_with_offset,mixed_C_residual,mixed_A_Rho_kg_m3,mixed_A_spread_Rho_kg_m3,mixed_A_C_m_s,mixed_A_spread_C_m_s,mixed_Calibration_distance,mixed_Calibration_outside_box,mixed_Calibration_outside_axes,mixed_Calibration_nearest_node
302,2026-08-28,10:53:56.908,23,5,90.53,909.5,0.0,0.0,2.39,0.0,0.0,100.0,1005.051,0.00152948,0.007568359,1545.469,0.0115975,0.05285645,25.08747,0.002813718,1498.228,0.001161256,6.884825,3.063132e-05,100,1,1,1,302,2026-08-28 10:53:56.908000+00:00,2,0.0,,True,0.0,0.0,0.0,18.106,1.8062289259990825,36.212,3.612457851998165,36.212,3.612457851998165,2.39,0.23842301630055268,909.5,90.73043235370405,1006.1942833567139,1004.841406808321,1005.2562861937589,-0.20528619375886592,1542.8660762148959,1545.453368155958,1544.797889856932,0.6711101430680628,-1.3528765483928331,0.12003928211211314,2.5872919410621384,0.3720086848585634,0.24082969509223703,True,"PG,MG",0,0.0,0.0,18.106,1.8062289259990825,36.212,3.612457851998165,36.212,3.612457851998165,2.39,0.23842301630055268,909.5,90.73043235370405,1006.1942833567139,1004.841406808321,1005.0628710219937,-0.011871021993670183,1542.8660762148959,1545.453368155958,1545.6629717674357,-0.1939717674356416,-1.3528765483928331,0.12003928211211314,2.5872919410621384,0.3720086848585634,0.24082969509223703,True,"PG,MG",0,0.0,0.0,18.106,1.8062289259990825,36.212,3.612457851998165,36.212,3.612457851998165,2.39,0.23842301630055268,909.5,90.73043235370405,1006.1942833567139,1004.841406808321,1005.055006196204,-0.004006196203931722,1542.8660762148959,1545.453368155958,1545.6179304250759,-0.14893042507583232,-1.3528765483928331,0.12003928211211314,2.5872919410621384,0.3720086848585634,0.24082969509223703,True,"PG,MG",0
303,2026-08-28,10:55:56.910,24,5,90.53,909.5,0.0,0.0,2.39,0.0,0.0,100.0,1005.051,0.002276278,0.01049805,1545.493,0.01100849,0.05480957,25.10681,0.006021285,1498.233,0.001464985,6.884765,2.836717e-05,100,0,1,0,303,2026-08-28 10:55:56.910000+00:00,2,2.000033333333333,,True,0.033333888888888885,0.0,0.0,18.106,1.8062289259990825,36.212,3.612457851998165,36.212,3.612457851998165,2.39,0.23842301630055268,909.5,90.73043235370405,1006.1879919798876,1004.8351154314947,1005.2499948169326,-0.19899481693255439,1542.8977968278978,1545.48508876896,1544.8296104699339,0.6633895300660697,-1.3528765483928331,0.12003928211211314,2.5872919410621384,0.3720086848585634,0.24082969509223703,True,"PG,MG",0,0.02321911549207008,0.0,18.106,1.8062707647587808,36.188780884507935,3.6102251697751067,36.212,3.6125415295175616,2.39,0.238428539035319,909.5,90.73253399691323,1006.1920730321268,1004.8393894984202,1005.0608537120929,-0.009853712092876776,1542.8790035451943,1545.4661403435334,1545.675743955011,-0.1827439550111194,-1.3526835337066017,0.11996136421834161,2.5871367983391282,0.3715048848230738,0.2406294385803322,True,"PG,MG",0,0.023073700289510723,0.0200846222458023,18.106,1.8063066949651236,36.188926299710495,3.610311491150254,36.212,3.6126133899302473,2.39,0.23843328183843174,909.4799153777542,90.73233514211596,1006.1922454676472,1004.839547045472,1005.053146433355,-0.0021464333549374714,1542.8800144535844,1545.4671608687224,1545.6317231378403,-0.13872313784031576,-1.3526984221751484,0.11996718117387521,2.587146415138095,0.37153119250900896,0.24063879238321798,True,"PG,MG",0
304,2026-08-28,10:57:56.912,25,5,90.53,909.5,0.0,0.0,2.39,0.0,0.0,100.0,1005.049,0.002057339,0.009338379,1545.523,0.01292374,0.07592773,25.1318,0.005969288,1498.238,0.00130355,6.884694,3.348734e-05,100,1,1,1,304,2026-08-28 10:57:56.912000+00:00,2,4.000066666666666,,True,0.06666777777777777,0.0,0.0,18.106,1.8062289259990825,36.212,3.612457851998165,36.212,3.612457851998165,2.39,0.23842301630055268,909.5,90.73043235370405,1006.1798626345817,1004.8269860861889,1005.2418654716267,-0.19286547162676015,1542.9387474189625,1545.5260393600247,1544.8705610609986,0.6524389390012857,-1.3528765483928331,0.12003928211211314,2.5872919410621384,0.3720086848585634,0.24082969509223703,True,"PG,MG",0,0.04643823098414016,0.0,18.106,1.8063126054567964,36.165561769015866,3.6079923841157493,36.212,3.612625210913593,2.39,0.23843406202594405,909.5,90.73463573748792,1006.188025605479,1004.8355310812454,1005.0569952949181,-0.0079952949181461,1542.9011701754994,1545.4881576288558,1545.6977612403334,-0.1747612403335097,-1.3524945242334834,0.11988410679159599,2.5869874533565054,0.37101485964002695,0.2404388962118136,True,"PG,MG",0,0.04614740057902145,0.0401692444916046,18.106,1.806384470628292,36.16585259942098,3.608164945467022,36.212,3.612768941256584,2.39,0.23844354826033456,909.4598307555084,90.73423809438778,1006.1883705662093,1004.8358465757716,1005.0494459636545,-0.0004459636545561807,1542.9031900823231,1545.4901963368281,1545.654758605946,-0.13175860594606092,-1.3525239904377326,0.11989571111241709,2.5870062545049852,0.3710664859645193,0.24045693412529412,True,"PG,MG",0
305,2026-08-28,10:59:56.914,26,5,90.53,909.5,0.0,0.0,2.39,0.0,0.0,100.0,1005.047,0.001772671,0.009155273,1545.552,0.01248956,0.05480957,25.15436,0.00506271,1498.242,0.00123683,6.88462,3.239745e-05,100,1,1,1,305,2026-08-28 10:59:56.914000+00:00,2,6.0001,,True,0.10000166666666666,0.0,0.0,18.106,1.8062289259990825,36.212,3.612457851998165,36.212,3.612457851998165,2.39,0.23842301630055268,909.5,90.73043235370405,1006.1725237762671,1004.8196472278743,1005.2345266133121,-0.18752661331211584,1542.975680251732,1545.5629721927942,1544.907493893768,0.6445061062318018,-1.3528765483928331,0.12003928211211314,2.5872919410621384,0.3720086848585634,0.24082969509223703,True,"PG,MG",0,0.06965734647621025,0.0,18.106,1.8063544480932643,36.14234265352379,3.605759495012902,36.212,3.6127088961865286,2.39,0.23843958527244566,909.5,90.73673757543486,1006.1847694797177,1004.8324599526026,1005.0539241662752,-0.006924166275211974,1542.9193269380453,1545.5061708357027,1545.7157744471804,-0.16377444718045808,-1.3523095271150996,0.11980753059693605,2.5868438976574146,0.37053863091258055,0.24025809247377586,True,"PG,MG",0,0.06922110086853217,0.06025386673740689,18.106,1.806462252989453,36.14277889913147,3.6060182149245934,36.212,3.612924505978906,2.39,0.23845381556637535,909.4397461332626,90.73614121054067,1006.1852870639616,1004.8329338037331,1005.046533191616,0.0004668083839760584,1542.9223541072872,1545.5092255600503,1545.673787829168,-0.12178782916816999,-1.3523532602284942,0.11982488995186526,2.5868714527630874,0.3706145861226836,0.24028414323396333,True,"PG,MG",0
306,2026-08-28,11:01:56.916,27,5,90.53,909.5,0.0,0.0,2.39,0.0,0.0,100.0,1005.043,0.001451048,0.00793457,1545.575,0.01015994,0.04736328,25.17431,0.00439227,1498.245,0.000859249,6.884567,2.668911e-05,100,1,1,1,306,2026-08-28 11:01:56.916000+00:00,2,8.000133333333332,,True,0.13333555555555554,0.0,0.0,18.106,1.8062289259990825,36.212,3.612457851998165,36.212,3.612457851998165,2.39,0.23842301630055268,909.5,90.73043235370405,1006.1660339601613,1004.8131574117684,1005.2280367972063,-0.18503679720629407,1543.0083119652204,1545.5956039062826,1544.9401256072565,0.6348743927435407,-1.3528765483928331,0.12003928211211314,2.5872919410621384,0.3720086848585634,0.24082969509223703,True,"PG,MG",0,0.09287646196828032,0.0,18.106,1.8063962926683184,36.11912353803172,3.6035265024593777,36.212,3.6127925853366367,2.39,0.23844510877484154,909.5,90.73883951076083,1006.1823631526983,1004.8302346041813,1005.051698817854,-0.008698817853996843,1542.9331889059015,1545.5198950284557,1545.7294986399334,-0.15449863993330837,-1.3521285485169798,0.11973165583015388,2.5867061225543013,0.37007621798309764,0.2400870507441702,True,"PG,MG",0,0.0922948011580429,0.0803384889832092,18.106,1.8065400420494713,36.11970519884196,3.6038712994990867,36.212,3.6130800840989425,2.39,0.2384640837566683,909.4196615110168,90.73804449059583,1006.1830534681702,1004.8308672304113,1005.0444666182942,-0.0014666182942164596,1542.9372217916753,1545.5239637949799,1545.6885260640977,-0.11352606409764121,-1.3521862377588998,0.11975473523134178,2.586742003304698,0.37017551192411546,0.24012044166582872,True,"PG,MG",0
307,2026-08-28,11:03:56.918,28,5,90.53,909.5,0.0,0.0,2.39,0.0,0.0,100.0,1005.04,0.002557887,0.01104736,1545.592,0.00973182,0.05578613,25.19112,0.003606149,1498.248,0.0005620472,6.884524,2.567186e-05,100,0,1,0,307,2026-08-28 11:03:56.918000+00:00,2,10.000166666666667,,True,0.16666944444444445,0.0,0.0,18.106,1.8062289259990825,36.212,3.612457851998165,36.212,3.612457851998165,2.39,0.23842301630055268,909.5,90.73043235370405,1006.1605655979173,1004.8076890495245,1005.2225684349623,-0.18256843496237707,1543.0357870182052,1545.6230789592673,1544.9676006602413,0.6243993397588383,-1.3528765483928331,0.12003928211211314,2.5872919410621384,0.3720086848585634,0.24082969509223703,True,"PG,MG",0,0.11609557746035043,0.0,18.106,1.8064381391820943,36.095904422539654,3.601293406447987,36.212,3.6128762783641886,2.39,0.2384506325331495,909.5,90.74094154347259,1006.1809789615796,1004.8290273679521,1005.0504915816248,-0.010491581624819446,1542.9418985000775,1545.5284726192037,1545.7380762306814,-0.14607623068127396,-1.3519515936274755,0.11965650210760215,2.586574119126266,0.36962763791539494,0.2399257932781247,True,"PG,MG",0,0.11536850144755365,0.1004231112290115,18.106,1.806617837809213,36.09663149855245,3.601724199166616,36.212,3.613235675618426,2.39,0.23847435283132765,909.399576888771,90.73994793457442,1006.1818421282098,1004.8298191998074,1005.0434185876903,-0.0034185876903620738,1542.9469358036836,1545.5335537029953,1545.698115972113,-0.1061159721130025,-1.3520229284024434,0.11968526399649175,2.5866178993117415,0.3697492803367614,0.23996585040684013,True,"PG,MG",0
308,2026-08-28,11:05:56.920,29,5,90.53,909.5,0.0,0.0,2.39,0.0,0.0,100.0,1005.039,0.002327606,0.009338379,1545.612,0.0112787,0.05822754,25.20688,0.004572446,1498.252,0.0008147956,6.884476,2.926938e-05,100,1,1,1,308,2026-08-28 11:05:56.920000+00:00,2,12.0002,,True,0.2000033333333333,0.0,0.0,18.106,1.8062289259990825,36.212,3.612457851998165,36.212,3.612457851998165,2.39,0.23842301630055268,909.5,90.73043235370405,1006.1554388042482,1004.8025622558554,1005.2174416412932,-0.17844164129326145,1543.0615287426724,1545.6488206837346,1544.9933423847085,0.6186576152915677,-1.3528765483928331,0.12003928211211314,2.5872919410621384,0.3720086848585634,0.24082969509223703,True,"PG,MG",0,0.1393146929524205,0.0,18.106,1.806479987634726,36.072685307047585,3.5990602069715387,36.212,3.612959975269452,2.39,0.23845615654738733,909.5,90.74304367357689,1006.1799370425466,1004.8281583758893,1005.049622589562,-0.010622589561990026,1542.9488796446094,1545.5353275228256,1545.7449311343032,-0.13293113430313497,-1.351778666657339,0.11958208845672816,2.5864478782162714,0.36919290547811856,0.23977434119486912,True,"PG,MG",0,0.13844220173706434,0.12050773347481378,18.106,1.806695640269543,36.07355779826294,3.5995769139032934,36.212,3.613391280539086,2.39,0.2384846227904677,909.3794922665252,90.74185154249761,1006.1809731768112,1004.8291098401176,1005.0427092280005,-0.0037092280005026623,1542.9549199957285,1545.5414191294817,1545.7059813985995,-0.09398139859945331,-1.3518633366936508,0.11961649279156902,2.586499133753262,0.369335906341124,0.23982038946101963,True,"PG,MG",0
309,2026-08-28,11:07:56.922,30,5,90.53,909.5,0.0,0.0,2.39,0.0,0.0,100.0,1005.036,0.003631212,0.0201416,1545.63,0.01147116,0.05786133,25.22342,0.003493756,1498.255,0.0008684619,6.884433,3.031245e-05,100,0,1,0,309,2026-08-28 11:07:56.922000+00:00,2,14.000233333333334,,True,0.23333722222222222,0.0,0.0,18.106,1.8062289259990825,36.212,3.612457851998165,36.212,3.612457851998165,2.39,0.23842301630055268,909.5,90.73043235370405,1006.1500582725478,1004.7971817241549,1005.2120611095928,-0.17606110959286525,1543.0885266147222,1545.6758185557844,1545.0203402567583,0.6096597432417639,-1.3528765483928331,0.12003928211211314,2.5872919410621384,0.3720086848585634,0.24082969509223703,True,"PG,MG",0,0.16253380844449059,0.0,18.106,1.8065218380263488,36.04946619155551,3.5968269040228424,36.212,3.6130436760526976,2.39,0.23846168081757282,909.5,90.74514590108053,1006.178642156296,1004.8270323854559,1005.0484965991286,-0.012496599128667185,1542.9571236662039,1545.5434510566322,1545.7530546681098,-0.12305466810971666,-1.3516097708399735,0.1195084333073297,2.586327390428221,0.36877203312927476,0.23963271446528123,True,"PG,MG",0,0.1615159020265751,0.1405923557206161,18.106,1.806773449431328,36.05048409797343,3.597429443685225,36.212,3.613546898862656,2.39,0.23849489363420265,909.3594076442794,90.74375531438659,1006.1798513637259,1004.8281438973983,1005.0417432852812,-0.005743285281255339,1542.9641654704637,1545.5505511698466,1545.7151134389644,-0.08511343896429935,-1.3517074663276225,0.11954843765209205,2.58638569938282,0.3689354029164039,0.23968407783968276,True,"PG,MG",0
310,2026-08-28,11:09:56.924,31,5,90.53,909.5,0.0,0.0,2.39,0.0,0.0,100.0,1005.034,0.002216371,0.01092529,1545.653,0.01238933,0.06188965,25.24018,0.004482643,1498.258,0.001020968,6.884377,3.23833e-05,100,0,1,0,310,2026-08-28 11:09:56.924000+00:00,2,16.000266666666665,,True,0.2666711111111111,0.0,0.0,18.106,1.8062289259990825,36.212,3.612457851998165,36.212,3.612457851998165,2.39,0.23842301630055268,909.5,90.73043235370405,1006.1446061731043,1004.7917296247115,1005.2066090101494,-0.17260901014935826,1543.1158649045697,1545.7031568456318,1545.0476785466058,0.6053214533942537,-1.3528765483928331,0.12003928211211314,2.5872919410621384,0.3720086848585634,0.24082969509223703,True,"PG,MG",0,0.18575292393656065,0.0,18.106,1.8065636903570974,36.02624707606344,3.5945934975947065,36.212,3.613127380714195,2.39,0.23846720534372376,909.5,90.74724822599028,1006.1772764573271,1004.8258315488948,1005.0472957625675,-0.013295762567508973,1542.9657144072612,1545.551927053385,1545.7615306648627,-0.10853066486265561,-1.3514449084323583,0.11943555448354749,2.5862126461238937,0.36836503100194007,0.23950093190007157,True,"PG,MG",0,0.1845896023160858,0.1606769779664184,18.106,1.8068512652954327,36.027410397683916,3.5952817884885127,36.212,3.6137025305908654,2.39,0.23850516536264688,909.3393230220336,90.74565925026253,1006.1786588460801,1004.8271035259199,1005.0407029138029,-0.006702913802882904,1542.9737561223646,1545.5600337111005,1545.7245959802183,-0.07159598021826241,-1.351555320160121,0.11948111409808339,2.5862775887357654,0.368547781027605,0.23955693355117252,True,"PG,MG",0
311,2026-08-28,11:11:56.926,32,5,90.53,909.5,0.0,0.0,2.39,0.0,0.0,100.0,1005.033,0.002788489,0.01153564,1545.7,0.03013474,0.1097412,25.25892,0.005132464,1498.261,0.0009367566,6.884256,7.88761e-05,100,0,1,0,311,2026-08-28 11:11:56.926000+00:00,2,18.0003,,True,0.300005,0.0,0.0,18.106,1.8062289259990825,36.212,3.612457851998165,36.212,3.612457851998165,2.39,0.23842301630055268,909.5,90.73043235370405,1006.1385099702485,1004.7856334218557,1005.2005128072935,-0.16751280729351947,1543.146410609674,1545.733702550736,1545.07822425171,0.6217757482900197,-1.3528765483928331,0.12003928211211314,2.5872919410621384,0.3720086848585634,0.24082969509223703,True,"PG,MG",0,0.20897203942863077,0.0,18.106,1.8066055446271063,36.00302796057137,3.592359987679939,36.212,3.6132110892542126,2.39,0.23847273012585793,909.5,90.74935064831288,1006.1752675248705,1004.8239834441538,1005.0454476578265,-0.012447657826442082,1542.9775220255578,1545.5636256609776,1545.7732292724552,-0.0732292724551371,-1.3512840807166588,0.1193634691966091,2.586103635419731,0.36797190689117826,0.23937901113862406,True,"PG,MG",0,0.20766330260559657,0.1807616002122207,18.106,1.806929087862724,36.00433669739441,3.593133948289256,36.212,3.613858175725448,2.39,0.23851543797591462,909.3192383997878,90.74756335014665,1006.1768231843655,1004.8254162841573,1005.0390156720403,-0.006015672040234676,1542.9865617266832,1545.5727365208097,1545.7372987899275,-0.03729878992749036,-1.351406900208209,0.11941453712790327,2.586174794126411,0.36817304961360175,0.23943897359111657,True,"PG,MG",0
312,2026-08-28,11:13:56.928,33,5,90.53,909.5,0.0,0.0,2.39,0.0,0.0,100.0,1005.025,0.004053538,0.02032471,1545.768,0.01927193,0.09228516,25.27788,0.004381686,1498.263,0.0009962891,6.88408,5.054508e-05,100,0,1,0,312,2026-08-28 11:13:56.928000+00:00,2,20.000333333333334,,True,0.3333388888888889,0.0,0.0,18.106,1.8062289259990825,36.212,3.612457851998165,36.212,3.612457851998165,2.39,0.23842301630055268,909.5,90.73043235370405,1006.1323421993977,1004.7794656510049,1005.1943450364428,-0.16934503644279175,1543.1772909440251,1545.7645828850873,1545.1091045860612,0.6588954139388079,-1.3528765483928331,0.12003928211211314,2.5872919410621384,0.3720086848585634,0.24082969509223703,True,"PG,MG",0,0.23219115492070086,0.0,18.106,1.8066474008365105,35.979808845079305,3.5901263742713474,36.212,3.613294801673021,2.39,0.23847825516399312,909.5,90.75145316805514,1006.1731878116104,1004.8220605236079,1005.0435247372806,-0.018524737280586123,1542.9896714708739,1545.5756718190573,1545.785275430535,-0.017275430534937186,-1.3511272880025185,0.11929219403833644,2.5860003481835028,0.3675926662421864,0.23926696863850658,True,"PG,MG",0,0.2307370028951073,0.200846222458023,18.106,1.8070069171340677,35.9812629971049,3.5909859230635495,36.212,3.6140138342681354,2.39,0.23852571147412027,909.299153777542,90.74946761406012,1006.1749168448322,1004.8236546371808,1005.0372540250637,-0.012254025063725749,1542.9997075077815,1545.5857848154267,1545.7503470845445,0.017652915455528273,-1.3512622076514416,0.11934872121268819,2.5860773076450854,0.3678112155761987,0.23933021393322196,True,"PG,MG",0
313,2026-08-28,11:15:56.930,34,5,90.53,909.5,0.0,0.0,2.39,0.0,0.0,100.0,1005.022,0.004005397,0.01745605,1545.799,0.01775384,0.1195068,25.29475,0.003889924,1498.266,0.001168119,6.884003,4.721256e-05,100,0,1,0,313,2026-08-28 11:15:56.930000+00:00,2,22.000366666666665,,True,0.36667277777777774,0.0,0.0,18.106,1.8062289259990825,36.212,3.612457851998165,36.212,3.612457851998165,2.39,0.23842301630055268,909.5,90.73043235370405,1006.1268543137965,1004.7739777654036,1005.1888571508415,-0.16685715084145158,1543.2047469939027,1545.792038934965,1545.1365606359388,0.6624393640611288,-1.3528765483928331,0.12003928211211314,2.5872919410621384,0.3720086848585634,0.24082969509223703,True,"PG,MG",0,0.25541027041277087,0.0,18.106,1.8066892589854449,35.95658972958723,3.5878926573617367,36.212,3.6133785179708897,2.39,0.23848378045814717,909.5,90.75355578522378,1006.1717885969135,1004.8208140672834,1005.0422782809561,-0.0202782809560631,1542.998399057749,1545.5843018317798,1545.7939054432575,0.005094556742506029,-1.350974529630042,0.11922174497542784,2.585902774030806,0.3672273121396843,0.2391648196656672,True,"PG,MG",0,0.25381070318461796,0.22093084470382526,18.106,1.8070847531103302,35.958189296815384,3.5888377127874818,36.212,3.6141695062206605,2.39,0.23853598585737817,909.2790691552962,90.75137204202414,1006.1736911353258,1004.8225698924922,1005.0361692803751,-0.014169280375085691,1543.009430358203,1545.595415479358,1545.7599777484759,0.0390222515241021,-1.3511212428336135,0.11928368029140292,2.5859851211550815,0.36746228377019946,0.239230669520618,True,"PG,MG",0
314,2026-08-28,11:17:56.932,35,5,90.53,909.5,0.0,0.0,2.39,0.0,0.0,100.0,1005.016,0.004883116,0.0223999,1545.821,0.01892981,0.1071777,25.31048,0.003929927,1498.267,0.001249208,6.88395,5.007778e-05,100,0,1,0,314,2026-08-28 11:17:56.932000+00:00,2,24.0004,,True,0.4000066666666666,0.0,0.0,18.106,1.8062289259990825,36.212,3.612457851998165,36.212,3.612457851998165,2.39,0.23842301630055268,909.5,90.73043235370405,1006.1217372744868,1004.768860726094,1005.1837401115318,-0.1677401115318844,1543.2303304665938,1545.817622407656,1545.16214410863,0.6588558913699671,-1.3528765483928331,0.12003928211211314,2.5872919410621384,0.3720086848585634,0.24082969509223703,True,"PG,MG",0,0.278629385904841,0.0,18.106,1.8067311190740436,35.93337061409516,3.5856588369439137,36.212,3.613462238148087,2.39,0.2384893060083378,909.5,90.75565849982561,1006.1707608774013,1004.8199350734278,1005.0413992871005,-0.025399287100526635,1543.0052574728288,1545.5910683751504,1545.800671986628,0.020328013371909037,-1.3508258039734722,0.11915213734452557,2.5858109023214415,0.3668758452985827,0.23907257828532993,True,"PG,MG",0,0.2768844034741287,0.24101546694962755,18.106,1.8071625957923783,35.935115596525876,3.586689317437141,36.212,3.6143251915847565,2.39,0.23854626112580268,909.2589845330504,90.75327663405993,1006.1728370467093,1004.8218530414442,1005.0354524293272,-0.01945242932720248,1543.017282846036,1545.6031810723257,1545.7677433414435,0.05325665855639272,-1.350984005265069,0.11921942776651583,2.5858982262894896,0.36712625699449786,0.23914035425775998,True,"PG,MG",0
315,2026-08-28,11:19:56.934,36,5,90.53,909.5,0.0,0.0,2.39,0.0,0.0,100.0,1005.018,0.005439193,0.02557373,1545.839,0.01591908,0.08874512,25.32706,0.003882853,1498.271,0.001896607,6.883905,4.245298e-05,100,0,1,0,315,2026-08-28 11:19:56.934000+00:00,2,26.000433333333334,,True,0.43334055555555556,0.0,0.0,18.106,1.8062289259990825,36.212,3.612457851998165,36.212,3.612457851998165,2.39,0.23842301630055268,909.5,90.73043235370405,1006.1163437255942,1004.7634671772014,1005.1783465626393,-0.16034656263923353,1543.2572783897551,1545.8445703308173,1545.1890920317912,0.6499079682087086,-1.3528765483928331,0.12003928211211314,2.5872919410621384,0.3720086848585634,0.24082969509223703,True,"PG,MG",0,0.3018485013969111,0.0,18.106,1.8067729811024424,35.91015149860309,3.583424913010684,36.212,3.613545962204885,2.39,0.23849483181458286,909.5,90.75776131186741,1006.1694574534295,1004.8187763449839,1005.0402405586566,-0.022240558656562825,1543.0134880420153,1545.599212764171,1545.8088163756486,0.030183624351366234,-1.3506811084455579,0.11908338584807607,2.585724722155643,0.3665382640559319,0.23899025735360221,True,"PG,MG",0,0.29995810376363946,0.2611000891954299,18.106,1.807240445181078,35.91204189623637,3.5845407369886075,36.212,3.614480890362156,2.39,0.2385565372795082,909.2388999108045,90.75518139018867,1006.1717073538343,1004.8208568602088,1005.0344562480917,-0.016456248091685666,1543.0265057769966,1545.6123223914444,1545.7768846605622,0.06211533943769609,-1.3508504936255763,0.11915597650030273,2.585816614447918,0.3668031359842103,0.2390592810029031,True,"PG,MG",0
316,2026-08-28,11:21:56.936,37,5,90.53,909.5,0.0,0.0,2.39,0.0,0.0,100.0,1005.018,0.005237775,0.0246582,1545.853,0.0215256,0.09802246,25.34261,0.003673527,1498.275,0.001448881,6.883872,5.678336e-05,100,0,1,0,316,2026-08-28 11:21:56.936000+00:00,2,28.000466666666668,,True,0.46667444444444445,0.0,0.0,18.106,1.8062289259990825,36.212,3.612457851998165,36.212,3.612457851998165,2.39,0.23842301630055268,909.5,90.73043235370405,1006.1112852396241,1004.7584086912312,1005.1732880766691,-0.1552880766690805,1543.2825354264635,1545.8698273675257,1545.2143490684996,0.6386509315004787,-1.3528765483928331,0.12003928211211314,2.5872919410621384,0.3720086848585634,0.24082969509223703,True,"PG,MG",0,0.32506761688898117,0.0,18.106,1.8068148450707757,35.886932383111024,3.581190885554852,36.212,3.6136296901415514,2.39,0.23850035787690013,909.5,90.75986422135593,1006.1684897309794,1004.8179492914768,1005.0394135051495,-0.021413505149439516,1543.020030854672,1545.6056750770422,1545.8152786885198,0.03772131148025437,-1.3505404395026204,0.11901550455099058,2.5856442223701617,0.3662145643641814,0.23891786850980637,True,"PG,MG",0,0.3230318040531502,0.2811847114412322,18.106,1.8073183012772962,35.88896819594685,3.582391971417959,36.212,3.6146366025545924,2.39,0.23856681431860915,909.2188152885587,90.75708631043155,1006.1709134899739,1004.8201927842061,1005.0337921720891,-0.015792172089049927,1543.0340397942414,1545.6197800710345,1545.7843423401523,0.06865765984775862,-1.3507207057677633,0.11909333881178691,2.5857402767931132,0.3664929194038646,0.23898746156115694,True,"PG,MG",0
317,2026-08-28,11:32:52.830,38,5,90.53,909.5,0.0,0.0,2.39,0.0,0.0,100.0,1005.024,0.004063435,0.01403809,1545.916,0.01336237,0.07336426,25.45109,0.001500529,1498.298,0.001829015,6.883733,3.565923e-05,100,0,1,0,317,2026-08-28 11:32:52.830000+00:00,2,38.93203333333334,,True,0.6488672222222223,0.0,0.0,18.106,1.8062289259990825,36.212,3.612457851998165,36.212,3.612457851998165,2.39,0.23842301630055268,909.5,90.73043235370405,1006.0759961808483,1004.7231196324555,1005.1379990178933,-0.11399901789332034,1543.4582803944647,1546.045572335527,1545.3900940365008,0.525905963499099,-1.3528765483928331,0.12003928211211314,2.5872919410621384,0.3720086848585634,0.24082969509223703,True,"PG,MG",0,0.4519761562179575,0.0,18.106,1.8070436949216384,35.760023843782044,3.568978549494852,36.212,3.614087389843277,2.39,0.23853056615832957,909.5,90.7713597995819,1006.1555754734251,1004.8057329820809,1005.0271971957536,-0.0031971957536143236,1543.093673536543,1545.678977626589,1545.8885812380665,0.027418761933404312,-1.3498424913441545,0.1186604212651627,2.5853040900457813,0.36469020421387094,0.23869810824424628,True,"PG,MG",0,0.4491455486381434,0.39096107536256897,18.106,1.807743957296365,35.76285445136186,3.5706442080039102,36.212,3.61548791459273,2.39,0.23862300110119913,909.1090389246374,90.7675009190058,1006.1589509813076,1004.8088740283872,1005.0224734162701,0.0015265837298557017,1543.1130641001146,1545.6984799210304,1545.8630421901482,0.05295780985170495,-1.3500769529203622,0.11876584698853827,2.5854158209159115,0.36502513670475234,0.2387588511323809,True,"PG,MG",0
318,2026-08-28,11:34:52.832,39,5,90.53,909.5,0.0,0.0,2.39,0.0,0.0,100.0,1005.033,0.001162051,0.005187988,1545.898,0.007212135,0.03405762,25.4656,0.004943701,1498.304,0.001339966,6.883786,1.935669e-05,100,1,1,1,318,2026-08-28 11:34:52.832000+00:00,2,40.932066666666664,,True,0.6822011111111111,0.0,0.0,18.106,1.8062289259990825,36.212,3.612457851998165,36.212,3.612457851998165,2.39,0.23842301630055268,909.5,90.73043235370405,1006.0712760063839,1004.718399457991,1005.1332788434289,-0.10027884342889593,1543.4817273353135,1546.0690192763757,1545.4135409773496,0.4844590226502987,-1.3528765483928331,0.12003928211211314,2.5872919410621384,0.3720086848585634,0.24082969509223703,True,"PG,MG",0,0.47519527171002757,0.0,18.106,1.8070855714362462,35.736804728289975,3.5667438525200175,36.212,3.6141711428724923,2.39,0.23853609387676064,909.5,90.77346333929448,1006.1549507458432,1004.8052230384,1005.0266872520726,0.006312747927381679,1543.0984418705166,1545.6837019003156,1545.8933055117932,0.00469448820672369,-1.3497277074431884,0.11859846218545622,2.5852600297989925,0.3644559976219897,0.23869013428678004,True,"PG,MG",0,0.4722192489276541,0.4110456976083713,18.106,1.8078218567822646,35.73978075107235,3.568494244912993,36.212,3.615643713564529,2.39,0.2386332838677572,909.0889543023916,90.76940690087245,1006.1585008470302,1004.8085297125581,1005.022129100441,0.010870899558995006,1543.1188143004345,1545.7041876549574,1545.8687499240752,0.029250075924664998,-1.349971134472029,0.11870872969215573,2.5853733545229507,0.3647981822075809,0.23874707627431543,True,"PG,MG",0
319,2026-08-28,11:36:52.834,40,5,90.53,909.5,0.0,0.0,2.39,0.0,0.0,100.0,1005.034,0.001035308,0.00604248,1545.901,0.009056441,0.04309082,25.48853,0.00635784,1498.309,0.001229962,6.883784,2.357145e-05,100,1,1,1,319,2026-08-28 11:36:52.834000+00:00,2,42.9321,,True,0.715535,0.0,0.0,18.106,1.8062289259990825,36.212,3.612457851998165,36.212,3.612457851998165,2.39,0.23842301630055268,909.5,90.73043235370405,1006.0638167631944,1004.7109402148016,1005.1258196002394,-0.09181960023943248,1543.5187512471157,1546.1060431881779,1545.4505648891518,0.45043511084827514,-1.3528765483928331,0.12003928211211314,2.5872919410621384,0.3720086848585634,0.24082969509223703,True,"PG,MG",0,0.4984143872020977,0.0,18.106,1.807127449891796,35.71358561279791,3.564509051968839,36.212,3.614254899783592,2.39,0.23854162185139688,909.5,90.77556697650438,1006.1515889038025,1004.801972009669,1005.0234362233417,0.010563776658273127,1543.1168266158522,1545.7020481736909,1545.9116517851685,-0.010651785168420247,-1.349616894133401,0.1185374580405958,2.585221557838701,0.3642355666838522,0.23869214029119878,True,"PG,MG",0,0.4952929492171648,0.43113031985417355,18.106,1.8078997629821585,35.71670705078284,3.566344096521235,36.212,3.615799525964317,2.39,0.23864356752056548,909.0688696801458,90.77131304701172,1006.1553135105263,1004.8054445124003,1005.0190439002832,0.014956099716755489,1543.1381753665353,1545.7235114550242,1545.888073724142,0.012926275858035297,-1.3498689981260072,0.11865250063903694,2.5853360884889267,0.364584056340414,0.23874460954600896,True,"PG,MG",0
320,2026-08-28,11:38:52.836,41,5,90.53,909.5,0.0,0.0,2.39,0.0,0.0,100.0,1005.034,0.0005940743,0.003417969,1545.902,0.007156111,0.03308105,25.5125,0.005184858,1498.314,0.0009843734,6.883788,1.910536e-05,100,1,1,1,320,2026-08-28 11:38:52.836000+00:00,2,44.93213333333333,,True,0.7488688888888888,0.0,0.0,18.106,1.8062289259990825,36.212,3.612457851998165,36.212,3.612457851998165,2.39,0.23842301630055268,909.5,90.73043235370405,1006.056019201182,1004.7031426527892,1005.1180220382271,-0.08402203822708998,1543.5574163316867,1546.1447082727489,1545.4892299737228,0.4127700262772578,-1.3528765483928331,0.12003928211211314,2.5872919410621384,0.3720086848585634,0.24082969509223703,True,"PG,MG",0,0.5216335026941676,0.0,18.106,1.807169330288422,35.69036649730584,3.5622741478341173,36.212,3.614338660576844,2.39,0.23854715008225608,909.5,90.77767071121836,1006.1478897226348,1004.7983796825605,1005.0198438962332,0.014156103766822525,1543.1368651287487,1545.7220537893438,1545.9316574008215,-0.029657400821406554,-1.3495100400742581,0.11847741747759172,2.5851886605951533,0.36402888708227993,0.23870412739359695,True,"PG,MG",0,0.5183666495066754,0.4512149420999758,18.106,1.8079776758969153,35.69363335049333,3.5641937628046803,36.212,3.6159553517938305,2.39,0.2386538520597386,909.0487850579,90.77321935744484,1006.1517889068223,1004.8020183718727,1005.0156177597556,0.018382240244363857,1543.1591879012183,1545.7444919130387,1545.9090541821565,-0.007054182156480238,-1.3497705349496145,0.11859716751672231,2.5853040118204245,0.3643827401179971,0.23875145364303627,True,"PG,MG",0
321,2026-08-28,11:40:52.838,42,5,90.53,909.5,0.0,0.0,2.39,0.0,0.0,100.0,1005.037,0.001055459,0.004577637,1545.891,0.008296777,0.03942871,25.52825,0.003216523,1498.318,0.0008489068,6.883822,2.253482e-05,100,1,1,1,321,2026-08-28 11:40:52.838000+00:00,2,46.93216666666667,,True,0.7822027777777777,0.0,0.0,18.106,1.8062289259990825,36.212,3.612457851998165,36.212,3.612457851998165,2.39,0.23842301630055268,909.5,90.73043235370405,1006.0508956457535,1004.6980190973607,1005.1128984827985,-0.0758984827984932,1543.582800850722,1546.170092791784,1545.514614492758,0.37638550724204833,-1.3528765483928331,0.12003928211211314,2.5872919410621384,0.3720086848585634,0.24082969509223703,True,"PG,MG",0,0.5448526181862378,0.0,18.106,1.8072112126262594,35.66714738181376,3.5600391401086466,36.212,3.6144224252525188,2.39,0.238552678569356,909.5,90.77977454344321,1006.1468640502111,1004.79745691716,1005.0189211308327,0.018078869167311495,1543.143594907524,1545.7287562317154,1545.938359843193,-0.04735984319290765,-1.3494071330510018,0.11841834851433652,2.5851613241913576,0.3638359321186601,0.23872609547820456,True,"PG,MG",0,0.5414403497961862,0.4712995643457781,18.106,1.8080555955274022,35.67055965020382,3.562043243739368,36.212,3.6161111910548045,2.39,0.2386641374853911,909.0287004356542,90.77512583219304,1006.1509381260973,1004.8012623908537,1005.0148617787366,0.022138221263389823,1543.1668943293162,1545.752171442566,1545.9167337116837,-0.02573371168364247,-1.3496757352436064,0.11854273747248666,2.5852771132497843,0.36419421247432476,0.2387676101722591,True,"PG,MG",0
322,2026-08-28,11:42:52.840,43,5,90.53,909.5,0.0,0.0,2.39,0.0,0.0,100.0,1005.039,0.0009588094,0.004211426,1545.882,0.008122541,0.04003906,25.54063,0.003368303,1498.321,0.0008594794,6.88385,2.204337e-05,100,1,1,1,322,2026-08-28 11:42:52.840000+00:00,2,48.932199999999995,,True,0.8155366666666666,0.0,0.0,18.106,1.8062289259990825,36.212,3.612457851998165,36.212,3.612457851998165,2.39,0.23842301630055268,909.5,90.73043235370405,1006.0468683680248,1004.693991819632,1005.1088712050698,-0.06987120506983047,1543.60274207844,1546.1900340195023,1545.5345557204762,0.34744427952387014,-1.3528765483928331,0.12003928211211314,2.5872919410621384,0.3720086848585634,0.24082969509223703,True,"PG,MG",0,0.5680717336783079,0.0,18.106,1.8072530969054434,35.643928266321694,3.557804028785229,36.212,3.614506193810887,2.39,0.23855820731271454,909.5,90.78187847318573,1006.1469348082892,1004.7976266483023,1005.019090861975,0.019909138025013817,1543.1448711579153,1545.730010692353,1545.9396143038307,-0.05761430383063271,-1.3493081599868837,0.11836025854466527,2.585139534437809,0.3636566727205023,0.23875804317775,True,"PG,MG",0,0.5645140500856969,0.4913841865915804,18.106,1.8081335218744883,35.647485949914305,3.5598925393013303,36.212,3.6162670437489766,2.39,0.23867442379763762,909.0086158134084,90.77703247127758,1006.1511839835704,1004.8015993950189,1005.0151987829018,0.023801217098139205,1543.169147688308,1545.7544030695385,1545.9189653386563,-0.03696533865627316,-1.3495845885515039,0.11848921711700529,2.5852553812306307,0.36401845026744895,0.23879307965135588,True,"PG,MG",0
323,2026-08-28,11:44:52.842,44,5,90.53,909.5,0.0,0.0,2.39,0.0,0.0,100.0,1005.042,0.001029537,0.004272461,1545.87,0.00832579,0.04504395,25.5518,0.00281625,1498.324,0.0007878611,6.883883,2.266628e-05,100,1,1,1,323,2026-08-28 11:44:52.842000+00:00,2,50.932233333333336,,True,0.8488705555555556,0.0,0.0,18.106,1.8062289259990825,36.212,3.612457851998165,36.212,3.612457851998165,2.39,0.23842301630055268,909.5,90.73043235370405,1006.0432347091406,1004.6903581607478,1005.1052375461857,-0.06323754618563271,1543.6207253588816,1546.2080172999438,1545.5525390009177,0.3174609990821864,-1.3528765483928331,0.12003928211211314,2.5872919410621384,0.3720086848585634,0.24082969509223703,True,"PG,MG",0,0.591290849170378,0.0,18.106,1.807294983126109,35.620709150829626,3.5555688138566586,36.212,3.614589966252218,2.39,0.2385637363123495,909.5,90.78398250045267,1006.1473996480332,1004.7981865410771,1005.0196507547498,0.022349245250211425,1543.1441877738837,1545.7293110507107,1545.9389146621884,-0.06891466218849018,-1.3492131069560482,0.11830315434418032,2.585123276827078,0.3634910774503722,0.23879996787460725,True,"PG,MG",0,0.5875877503752077,0.5114688088373828,18.106,1.8082114549390418,35.6244122496248,3.557741649466601,36.212,3.6164229098780836,2.39,0.23868471099659283,908.9885311911626,90.77893927471969,1006.1518240796552,1004.8023269959857,1005.0159263838686,0.02607361613138437,1543.169440838561,1545.7546796424945,1545.9192419116123,-0.049241911612398326,-1.3494970836694622,0.11843661252864107,2.5852388039333056,0.3638554282854203,0.23882786150898838,True,"PG,MG",0
324,2026-08-28,11:46:52.844,45,5,90.53,909.5,0.0,0.0,2.39,0.0,0.0,100.0,1005.046,0.001005605,0.005310059,1545.85,0.006785906,0.03308105,25.5606,0.002277022,1498.326,0.000660146,6.883939,1.840103e-05,100,1,1,1,324,2026-08-28 11:46:52.844000+00:00,2,52.93226666666667,,True,0.8822044444444445,0.0,0.0,18.106,1.8062289259990825,36.212,3.612457851998165,36.212,3.612457851998165,2.39,0.23842301630055268,909.5,90.73043235370405,1006.0403720232807,1004.6874954748879,1005.1023748603258,-0.056374860325718146,1543.6348870626125,1546.2221790036747,1545.5667007046486,0.2832992953512985,-1.3528765483928331,0.12003928211211314,2.5872919410621384,0.3720086848585634,0.24082969509223703,True,"PG,MG",0,0.6145099646624481,0.0,18.106,1.8073368712883908,35.59749003533756,3.5533334953157323,36.212,3.6146737425767816,2.39,0.23856926556827868,909.5,90.78608662525082,1006.1486356881167,1004.7995137289196,1005.0209779425923,0.025022057407795728,1543.1396746169246,1545.724787153453,1545.9343907649306,-0.08439076493073117,-1.3491219591970618,0.11824704207683133,2.58511253652831,0.3633391125162164,0.23885186570272518,True,"PG,MG",0,0.6106614506647184,0.5315534310831851,18.106,1.8082893947219314,35.60133854933528,3.555590574211204,36.212,3.616578789443863,2.39,0.23869499908237135,908.9684465689168,90.78084624254062,1006.1532355717449,1004.8038223630882,1005.0174217509712,0.028578249028896607,1543.165904427562,1545.7511317968024,1545.9156940659202,-0.06569406592029736,-1.3494132086566788,0.11838492925834283,2.5852273692402217,0.3637051192533636,0.23887195408560535,True,"PG,MG",0
325,2026-08-28,11:48:52.846,46,5,90.53,909.5,0.0,0.0,2.39,0.0,0.0,100.0,1005.048,0.0007606436,0.003601074,1545.844,0.005651202,0.03173828,25.57199,0.003160551,1498.329,0.0007675982,6.88396,1.51917e-05,100,1,1,1,325,2026-08-28 11:48:52.846000+00:00,2,54.932300000000005,,True,0.9155383333333333,0.0,0.0,18.106,1.8062289259990825,36.212,3.612457851998165,36.212,3.612457851998165,2.39,0.23842301630055268,909.5,90.73043235370405,1006.0366667965872,1004.6837902481943,1005.0986696336322,-0.050669633632196565,1543.6532090031626,1546.2405009442248,1545.5850226451987,0.2589773548013454,-1.3528765483928331,0.12003928211211314,2.5872919410621384,0.3720086848585634,0.24082969509223703,True,"PG,MG",0,0.6377290801545181,0.0,18.106,1.8073787613924241,35.57427091984548,3.551098073155244,36.212,3.6147575227848483,2.39,0.2385747950805199,909.5,90.78819084758696,1006.1490303014704,1004.7999956003433,1005.021459814016,0.026540185984003983,1543.1393379985423,1545.724445296924,1545.9340489084016,-0.09004890840151347,-1.3490347011270791,0.11819192730223262,2.5851072983816064,0.36320074178305845,0.23891373155033743,True,"PG,MG",0,0.6337351509542292,0.5516380533289873,18.106,1.808367341224026,35.57826484904577,3.5534393135111633,36.212,3.616734682448052,2.39,0.2387052880550879,908.948361946671,90.78275337476167,1006.1538056873267,1004.8044727364803,1005.0180721243632,0.029927875636758472,1543.1665418075715,1545.7517628723126,1545.9163251414304,-0.07232514143038316,-1.349332950846336,0.11833417233514658,2.585221064741123,0.36356749384168596,0.23892535463488138,True,"PG,MG",0
326,2026-08-28,11:50:52.848,47,5,90.53,909.5,0.0,0.0,2.39,0.0,0.0,100.0,1005.051,0.000704159,0.003173828,1545.838,0.004919784,0.02648926,25.58386,0.003093128,1498.332,0.0007436904,6.883979,1.329568e-05,100,1,1,1,326,2026-08-28 11:50:52.848000+00:00,2,56.93233333333333,,True,0.9488722222222222,0.0,0.0,18.106,1.8062289259990825,36.212,3.612457851998165,36.212,3.612457851998165,2.39,0.23842301630055268,909.5,90.73043235370405,1006.0328054229745,1004.6799288745817,1005.0948082600196,-0.04380826001954574,1543.6722936900821,1546.2595856311443,1545.6041073321182,0.2338926678817188,-1.3528765483928331,0.12003928211211314,2.5872919410621384,0.3720086848585634,0.24082969509223703,True,"PG,MG",0,0.6609481956465882,0.0,18.106,1.8074206534383437,35.55105180435341,3.5488625473679916,36.212,3.6148413068766874,2.39,0.23858032484909097,909.5,90.79029516746787,1006.1492695217042,1004.8003182053476,1005.0217824190203,0.029217580979775448,1543.1397704836932,1545.7248780305854,1545.934481642063,-0.0964816420630541,-1.3489513163566311,0.11813781498370439,2.5851075468923184,0.3630759267860699,0.2389855590634472,True,"PG,MG",0,0.6568088512437399,0.5717226755747896,18.106,1.808445294446194,35.555191148756265,3.551287867342496,36.212,3.616890588892388,2.39,0.23871557791485715,908.9282773244253,90.78466067140407,1006.1542205191645,1004.8049642223074,1005.0185636101903,0.032436389809731736,1543.1679467451183,1545.7531666228467,1545.9177288919645,-0.079728891964578,-1.3492562968570647,0.11828434627226635,2.5852198777282713,0.36344252067541233,0.23898805932578937,True,"PG,MG",0
327,2026-08-28,11:52:52.850,48,5,90.53,909.5,0.0,0.0,2.39,0.0,0.0,100.0,1005.052,0.0006011942,0.002807617,1545.831,0.004671712,0.02307129,25.59562,0.003147927,1498.335,0.0007477353,6.884,1.253731e-05,100,1,1,1,327,2026-08-28 11:52:52.850000+00:00,2,58.93236666666667,,True,0.9822061111111111,0.0,0.0,18.106,1.8062289259990825,36.212,3.612457851998165,36.212,3.612457851998165,2.39,0.23842301630055268,909.5,90.73043235370405,1006.0289798325359,1004.6761032841431,1005.090982669581,-0.038982669580946094,1543.6911920714301,1546.2784840124923,1545.6230057134662,0.20799428653367613,-1.3528765483928331,0.12003928211211314,2.5872919410621384,0.3720086848585634,0.24082969509223703,True,"PG,MG",0,0.6841673111386584,0.0,18.106,1.8074625474262849,35.527832688861345,3.546626917946767,36.212,3.6149250948525697,2.39,0.23858585487400977,909.5,90.79239958490037,1006.1495451690301,1004.8006733813252,1005.0221375949978,0.029862405002177184,1543.1400199874035,1545.7251332536289,1545.9347368651065,-0.10373686510661173,-1.3488717877050251,0.11808470949701756,2.5851132662252425,0.36296462674499785,0.23906734065008325,True,"PG,MG",0,0.6798825515332506,0.5918072978205919,18.106,1.808523254389305,35.53211744846675,3.549136235681216,36.212,3.61704650877861,2.39,0.23872586866179382,908.9081927021795,90.78656813248908,1006.154671905556,1004.8054886729511,1005.0190880608341,0.03291193916595603,1543.1691675216182,1545.7543913168097,1545.9189535859275,-0.08795358592760749,-1.3491832326049256,0.11823545507376411,2.5852237951915638,0.36333016634464455,0.23906006324530343,True,"PG,MG",0
328,2026-08-28,11:54:52.852,49,5,90.53,909.5,0.0,0.0,2.39,0.0,0.0,100.0,1005.054,0.001007838,0.003967285,1545.826,0.004922561,0.02233887,25.60689,0.002798665,1498.338,0.0007464429,6.884017,1.340849e-05,100,1,1,1,328,2026-08-28 11:54:52.852000+00:00,2,60.9324,,True,1.0155399999999999,0.0,0.0,18.106,1.8062289259990825,36.212,3.612457851998165,36.212,3.612457851998165,2.39,0.23842301630055268,909.5,90.73043235370405,1006.025313641319,1004.6724370929262,1005.0873164783641,-0.03331647836409957,1543.7092941927222,1546.2965861337843,1545.6411078347583,0.184892165241763,-1.3528765483928331,0.12003928211211314,2.5872919410621384,0.3720086848585634,0.24082969509223703,True,"PG,MG",0,0.7073864266307284,0.0,18.106,1.8075044433563827,35.50461357336928,3.5443911848843643,36.212,3.6150088867127654,2.39,0.23859138515529407,909.5,90.7945040998912,1006.1499807777257,1004.8011846805093,1005.022648894182,0.03135110581797562,1543.1394742955445,1545.7245987357433,1545.934202347221,-0.10820234722086752,-1.3487960972163457,0.11803261463982567,2.5851244401987263,0.3628667985799488,0.23915906748531948,True,"PG,MG",0,0.7029562518227612,0.6118919200663941,18.106,1.8086012210542284,35.50904374817724,3.5469844185033343,36.212,3.6172024421084568,2.39,0.2387361602960127,908.8881080799337,90.78847575803796,1006.1552833942642,1004.8061696509483,1005.0197690388312,0.03423096116875968,1543.1695921957498,1545.7548249995634,1545.9193872686812,-0.09338726868122649,-1.3491137433158997,0.11818750224178343,2.585232803813568,0.3632303954161394,0.23914136040172856,True,"PG,MG",0
329,2026-08-28,11:56:52.854,50,5,90.53,909.5,0.0,0.0,2.39,0.0,0.0,100.0,1005.058,0.000887409,0.00390625,1545.814,0.005046059,0.02880859,25.61628,0.002342357,1498.341,0.0006611405,6.884051,1.369216e-05,100,1,1,1,329,2026-08-28 11:56:52.854000+00:00,2,62.93243333333333,,True,1.0488738888888889,0.0,0.0,18.106,1.8062289259990825,36.212,3.612457851998165,36.212,3.612457851998165,2.39,0.23842301630055268,909.5,90.73043235370405,1006.0222590238636,1004.6693824754708,1005.0842618609087,-0.02626186090867577,1543.7243700156941,1546.3116619567563,1545.6561836577303,0.15781634226982533,-1.3528765483928331,0.12003928211211314,2.5872919410621384,0.3720086848585634,0.24082969509223703,True,"PG,MG",0,0.7306055421227985,0.0,18.106,1.807546341228772,35.48139445787721,3.5421553481735764,36.212,3.615092682457544,2.39,0.2385969156929617,909.5,90.79660871244714,1006.151028213579,1004.802303987403,1005.0237682010757,0.034231798924338364,1543.135894824979,1545.7210358772577,1545.9306394887353,-0.11663948873524532,-1.348724226176043,0.11798153364176114,2.5851410522787046,0.3627823969285103,0.23926072951705207,True,"PG,MG",0,0.7260299521122721,0.6319765423121966,18.106,1.8086791944418332,35.48597004788773,3.5448324157848554,36.212,3.6173583888836665,2.39,0.23874645281762846,908.8680234576879,90.79038354807201,1006.1565069018615,1004.8074590883226,1005.0210584762056,0.03694152379443949,1543.1669832156585,1545.752230105623,1545.916792374741,-0.10279237474082947,-1.3490478135388757,0.1181404907843334,2.5852468899645054,0.36314317044599376,0.2392319437286521,True,"PG,MG",0
330,2026-08-28,11:58:52.856,51,5,90.53,909.5,0.0,0.0,2.39,0.0,0.0,100.0,1005.062,0.001188007,0.004638672,1545.803,0.007009277,0.03369141,25.62479,0.001900322,1498.343,0.0006104489,6.884081,1.899977e-05,100,1,1,1,330,2026-08-28 11:58:52.856000+00:00,2,64.93246666666667,,True,1.0822077777777777,0.0,0.0,18.106,1.8062289259990825,36.212,3.612457851998165,36.212,3.612457851998165,2.39,0.23842301630055268,909.5,90.73043235370405,1006.0194906749142,1004.6666141265214,1005.0814935119593,-0.019493511959240095,1543.7380277966236,1546.3253197376857,1545.6698414386597,0.13315856134045134,-1.3528765483928331,0.12003928211211314,2.5872919410621384,0.3720086848585634,0.24082969509223703,True,"PG,MG",0,0.7538246576148685,0.0,18.106,1.807588241043588,35.45817534238513,3.5399194078071945,36.212,3.615176482087176,2.39,0.23860244648703055,909.5,90.798713422575,1006.1523623552657,1004.8037062001376,1005.0251704138103,0.036829586189696784,1543.130894915269,1545.7160580008417,1545.9256616123193,-0.12266161231923434,-1.3486561551280891,0.11793146917517507,2.5851630855726584,0.362711374164199,0.2393723154725246,True,"PG,MG",0,0.7491036524017827,0.6520611645579988,18.106,1.808757174552989,35.46289634759822,3.5426802275017817,36.212,3.617514349105978,2.39,0.23875674622675594,908.847938835442,90.79229150261249,1006.1580172768996,1004.8090318497404,1005.0226312376234,0.039368762376625455,1543.1629533068972,1545.7482193465944,1545.9127816157122,-0.10978161571210876,-1.3489854271591226,0.1180944232236063,2.5852660396971667,0.363068451993432,0.23933180508951213,True,"PG,MG",0
331,2026-08-28,12:00:52.858,52,5,90.53,909.5,0.0,0.0,2.39,0.0,0.0,100.0,1005.064,0.0007369505,0.003662109,1545.791,0.005137174,0.02844238,25.63198,0.002085764,1498.345,0.0004000819,6.884118,1.397703e-05,100,1,1,1,331,2026-08-28 12:00:52.858000+00:00,2,66.93249999999999,,True,1.1155416666666667,0.0,0.0,18.106,1.8062289259990825,36.212,3.612457851998165,36.212,3.612457851998165,2.39,0.23842301630055268,909.5,90.73043235370405,1006.0171517289272,1004.6642751805343,1005.0791545659722,-0.015154565972238743,1543.7495632528862,1546.3368551939484,1545.6813768949223,0.10962310507761686,-1.3528765483928331,0.12003928211211314,2.5872919410621384,0.3720086848585634,0.24082969509223703,True,"PG,MG",0,0.7770437731069386,0.0,18.106,1.8076301428009658,35.434956226893064,3.5376833637780116,36.212,3.6152602856019316,2.39,0.2386079775375184,909.5,90.80081823028158,1006.1541262193059,1004.8055343554132,1005.0269985690859,0.03700143091407426,1543.123767013793,1545.7089575366165,1545.918561148094,-0.1275611480941734,-1.3485918638926937,0.11788242336649676,2.585190522823508,0.3626536804162196,0.2394938128655923,True,"PG,MG",0,0.7721773526912935,0.6721457868038011,18.106,1.8088351613885654,35.43982264730871,3.5405278536301106,36.212,3.6176703227771307,2.39,0.23876704052350994,908.8278542131962,90.79419962168068,1006.1599575553616,1004.8110309879494,1005.0246303758323,0.039369624167648,1543.1567953111494,1545.7420855498913,1545.906647819009,-0.11564781900915477,-1.3489265674122466,0.11804930160481221,2.5852902387417784,0.36300619863568573,0.23944093528277566,True,"PG,MG",0
332,2026-08-28,12:02:52.860,53,5,90.53,909.5,0.0,0.0,2.39,0.0,0.0,100.0,1005.067,0.001100907,0.004577637,1545.779,0.005067661,0.02612305,25.63885,0.001849376,1498.347,0.0006063632,6.88415,1.3703e-05,100,1,1,1,332,2026-08-28 12:02:52.860000+00:00,2,68.93253333333334,,True,1.1488755555555556,0.0,0.0,18.106,1.8062289259990825,36.212,3.612457851998165,36.212,3.612457851998165,2.39,0.23842301630055268,909.5,90.73043235370405,1006.0149168805336,1004.6620403321408,1005.0769197175787,-0.009919717578668497,1543.7605820188883,1546.3478739599504,1545.6923956609244,0.08660433907562037,-1.3528765483928331,0.12003928211211314,2.5872919410621384,0.3720086848585634,0.24082969509223703,True,"PG,MG",0,0.8002628885990088,0.0,18.106,1.80767204650104,35.411737111400996,3.535447216078817,36.212,3.61534409300208,2.39,0.23861350884444305,909.5,90.80292313557362,1006.1559947086423,1004.8074633770577,1005.0289275907304,0.03807240926960276,1543.1161225193769,1545.7013458657802,1545.9109494772579,-0.13194947725787642,-1.3485313315845604,0.11783439780818834,2.585223346403455,0.36260926359052087,0.23962520800471476,True,"PG,MG",0,0.7952510529808043,0.6922304090496035,18.106,1.8089131549494326,35.4167489470192,3.5383752941458355,36.212,3.6178263098988652,2.39,0.2387773357080053,908.8077695909504,90.79610790529787,1006.162002606039,1004.8131313891404,1005.0267307770233,0.04026922297668989,1543.150119931332,1545.7354394038327,1545.9000016729506,-0.12100167295056963,-1.3488712168986075,0.118005127505513,2.5853194725008186,0.36295636698395345,0.2395593240477205,True,"PG,MG",0
333,2026-08-28,12:04:52.862,54,5,90.53,909.5,0.0,0.0,2.39,0.0,0.0,100.0,1005.069,0.0007146341,0.003112793,1545.771,0.004832407,0.02368164,25.64665,0.002078291,1498.35,0.0005741501,6.884173,1.309126e-05,100,1,1,1,333,2026-08-28 12:04:52.862000+00:00,2,70.93256666666666,,True,1.1822094444444444,0.0,0.0,18.106,1.8062289259990825,36.212,3.612457851998165,36.212,3.612457851998165,2.39,0.23842301630055268,909.5,90.73043235370405,1006.012379497911,1004.6595029495181,1005.074382334956,-0.005382334956038903,1543.7730885092976,1546.3603804503598,1545.7049021513337,0.06609784866623158,-1.3528765483928331,0.12003928211211314,2.5872919410621384,0.3720086848585634,0.24082969509223703,True,"PG,MG",0,0.8234820040910789,0.0,18.106,1.8077139521439467,35.38851799590893,3.533210964702403,36.212,3.6154279042878934,2.39,0.2386190404078224,909.5,90.80502813845794,1006.1575614862228,1004.8090869495911,1005.0305511632638,0.038448836736165504,1543.1099740159207,1545.6952355542285,1545.904839165706,-0.1338391657061493,-1.3484745366316628,0.11778739357126863,2.585261538307774,0.3625780693921274,0.23976648600166559,True,"PG,MG",0,0.818324753270315,0.7123150312954057,18.106,1.8089911552364604,35.393675246729686,3.536222549024944,36.212,3.6179823104729207,2.39,0.23878763178035678,908.7876849687046,90.79801635348532,1006.1637460434815,1004.8149266858834,1005.0285260737663,0.040473926233630664,1543.14493876574,1545.730292491784,1545.8948547609018,-0.12385476090184966,-1.3488193575981882,0.11796190204543583,2.5853537260438024,0.36291891170042656,0.239686960070812,True,"PG,MG",0
334,2026-08-28,12:06:52.865,55,5,90.53,909.5,0.0,0.0,2.39,0.0,0.0,100.0,1005.072,0.0008482449,0.003417969,1545.762,0.004962006,0.0255127,25.6547,0.001906848,1498.352,0.0005770957,6.8842,1.347696e-05,100,1,1,1,334,2026-08-28 12:06:52.865000+00:00,2,72.93261666666668,,True,1.2155436111111113,0.0,0.0,18.106,1.8062289259990825,36.212,3.612457851998165,36.212,3.612457851998165,2.39,0.23842301630055268,909.5,90.73043235370405,1006.0097607887358,1004.656884240343,1005.0717636257808,0.00023637421918465407,1543.7859914997962,1546.3732834408584,1545.7178051418323,0.044194858167657,-1.3528765483928331,0.12003928211211314,2.5872919410621384,0.3720086848585634,0.24082969509223703,True,"PG,MG",0,0.8467013130725534,0.0,18.106,1.8077558600790522,35.36529868692745,3.5309745910051427,36.212,3.6155117201581044,2.39,0.23862457227377304,909.5,90.80713325648392,1006.1590476435347,1004.810626187167,1005.0320904008397,0.03990959916029624,1543.104225961741,1545.6895310422744,1545.899134653752,-0.13713465375212763,-1.3484214563676216,0.11774141083945722,2.5853050805336504,0.3625600412531965,0.23991763208152966,True,"PG,MG",0,0.8413986458374569,0.7323998209102707,18.106,1.8090691629005942,35.370601354162545,3.534069600301859,36.212,3.6181383258011883,2.39,0.23879792882648956,908.7676001790898,90.79992498216987,1006.16540898542,1004.8166380149229,1005.0302374028058,0.04176259719417885,1543.14015678301,1545.72554976746,1545.8901120365779,-0.12811203657793158,-1.3487709704971078,0.11791962554840857,2.585392984449971,0.3628937853582283,0.2398238321716805,True,"PG,MG",0
335,2026-08-28,12:08:52.867,56,5,90.53,909.5,0.0,0.0,2.39,0.0,0.0,100.0,1005.075,0.000750478,0.003051758,1545.756,0.003818199,0.02282715,25.66302,0.002446544,1498.354,0.0006401527,6.884218,1.039063e-05,100,1,1,1,335,2026-08-28 12:08:52.867000+00:00,2,74.93265,,True,1.2488774999999999,0.0,0.0,18.106,1.8062289259990825,36.212,3.612457851998165,36.212,3.612457851998165,2.39,0.23842301630055268,909.5,90.73043235370405,1006.0070542468793,1004.6541776984865,1005.0690570839243,0.005942916075696303,1543.799322617534,1546.3866145585962,1545.7311362595701,0.02486374042996431,-1.3528765483928331,0.12003928211211314,2.5872919410621384,0.3720086848585634,0.24082969509223703,True,"PG,MG",0,0.8699204285646231,0.0,18.106,1.8077977696080443,35.34207957143538,3.5287381322517892,36.212,3.6155955392160886,2.39,0.2386301043501174,909.5,90.80923845457396,1006.1604466157521,1004.8120745469623,1005.033538760635,0.04146123936504864,1543.0989105679146,1545.6842645214924,1545.89386813297,-0.13786813296997025,-1.3483720687897784,0.11769645044695566,2.5853539535779317,0.362555120848961,0.2400786264724787,True,"PG,MG",0,0.8644723461269674,0.7524844431560728,18.106,1.8091471766426095,35.34752765387304,3.531916483834141,36.212,3.618294353285219,2.39,0.23880822667490537,908.747515556844,90.80183375956314,1006.1669848625381,1004.8182588253509,1005.0318582132338,0.0431417867662276,1543.1358061452504,1545.7212433767031,1545.885805645821,-0.12980564582085208,-1.3487260371872558,0.1178782989543414,2.585437231452708,0.36288093919523806,0.23996992467139233,True,"PG,MG",0
336,2026-08-28,12:10:52.870,57,5,90.53,909.5,0.0,0.0,2.39,0.0,0.0,100.0,1005.077,0.001014733,0.004333496,1545.749,0.004536958,0.01953125,25.67109,0.002091517,1498.356,0.000610005,6.884239,1.234753e-05,100,1,1,1,336,2026-08-28 12:10:52.870000+00:00,2,76.93270000000001,,True,1.2822116666666667,0.0,0.0,18.106,1.8062289259990825,36.212,3.612457851998165,36.212,3.612457851998165,2.39,0.23842301630055268,909.5,90.73043235370405,1006.0044290312076,1004.6515524828147,1005.0664318682526,0.010568131747390908,1543.8122486494367,1546.3995405904989,1545.7440622914728,0.0049377085272226395,-1.3528765483928331,0.12003928211211314,2.5872919410621384,0.3720086848585634,0.24082969509223703,True,"PG,MG",0,0.8931397375460977,0.0,18.106,1.8078396814295379,35.3188602624539,3.5265015511614397,36.212,3.6156793628590758,2.39,0.23863563672907298,909.5,90.81134376782087,1006.1619274996509,1004.8136011500909,1005.0350653637636,0.041934636236419465,1543.0931906930675,1545.6785988321492,1545.8882024436268,-0.13920244362680023,-1.3483263495600026,0.11765251123153442,2.585408139081734,0.36256324734502543,0.24024945343831558,True,"PG,MG",0,0.8875462386941094,0.7725692327709378,18.106,1.809225197763584,35.3244537613059,3.5297631637130915,36.212,3.618450395527168,2.39,0.23881852549734703,908.7274307672291,90.80374271749882,1006.1686427960839,1004.819958258952,1005.033557646835,0.04344235316500544,1543.1310501634464,1545.7165366152744,1545.8810988843923,-0.13209888439223505,-1.348684537131811,0.1178379213840659,2.585486451828139,0.36288032192423364,0.24012522557662092,True,"PG,MG",0
337,2026-08-28,12:12:52.872,58,5,90.53,909.5,0.0,0.0,2.39,0.0,0.0,100.0,1005.08,0.001041628,0.004211426,1545.741,0.004967978,0.02416992,25.67885,0.002126761,1498.359,0.0006113064,6.884261,1.361389e-05,100,1,1,1,337,2026-08-28 12:12:52.872000+00:00,2,78.93273333333333,,True,1.3155455555555555,0.0,0.0,18.106,1.8062289259990825,36.212,3.612457851998165,36.212,3.612457851998165,2.39,0.23842301630055268,909.5,90.73043235370405,1006.0019046600723,1004.6490281116795,1005.0639074971174,0.016092502882656845,1543.8246739510334,1546.4119658920956,1545.7564875930696,-0.015487593069565264,-1.3528765483928331,0.12003928211211314,2.5872919410621384,0.3720086848585634,0.24082969509223703,True,"PG,MG",0,0.9163588530381677,0.0,18.106,1.8078815948451559,35.295641146961835,3.5242648850023013,36.212,3.6157631896903117,2.39,0.2386411693184537,909.5,90.81344916114378,1006.1635097240385,1004.8152254487197,1005.0366896623924,0.04331033760763603,1543.0869704173992,1545.672438033966,1545.8820416454437,-0.1410416454436927,-1.3482842753187443,0.11760959304637686,2.5854676165667527,0.36258435775499015,0.240430090557853,True,"PG,MG",0,0.9106199389836201,0.79265385501674,18.106,1.8093032249640688,35.30138006101638,3.5276096758024527,36.212,3.6186064499281376,2.39,0.23882882512228676,908.7073461449833,90.80565182418306,1006.1704022154554,1004.8217557647773,1005.0353551526603,0.044644847339782245,1543.1257929722838,1545.7113336007244,1545.8758958698422,-0.13489586984223934,-1.3486464506780609,0.11779849290592884,2.5855406284406937,0.36289188061243205,0.24028971684953476,True,"PG,MG",0
338,2026-08-28,12:20:30.996,59,5,90.53,909.5,0.0,0.0,2.39,0.0,0.0,100.0,1005.061,0.003752827,0.01525879,1545.92,0.01354154,0.06750488,25.7397,0.01421583,1498.363,0.0008141719,6.883801,3.779314e-05,100,0,1,0,338,2026-08-28 12:20:30.996000+00:00,2,86.56813333333334,,True,1.442802222222222,0.0,0.0,18.106,1.8062289259990825,36.212,3.612457851998165,36.212,3.612457851998165,2.39,0.23842301630055268,909.5,90.73043235370405,1005.9821098107222,1004.6292332623294,1005.0441126477673,0.01688735223274307,1543.921964289196,1546.5092562302582,1545.8537779312321,0.06622206876795644,-1.3528765483928331,0.12003928211211314,2.5872919410621384,0.3720086848585634,0.24082969509223703,True,"PG,MG",0,1.0050009928832462,0.0,18.106,1.8080416228987726,35.20699900711676,3.5157251531107283,36.212,3.616083245797545,2.39,0.23866229309223827,909.5,90.82148768510072,1006.1594070578142,1004.8112503385939,1005.0327145522666,0.028285447733424007,1543.113353258784,1545.699096246126,1545.9086998576036,0.01130014239652155,-1.3481567192202306,0.11745510387230959,2.5857429873420714,0.36278316647260195,0.24120954062551134,True,"PG,MG",0,0.9987069364622605,0.8693296394347991,18.106,1.8096011663439642,35.21329306353774,3.5193867336015527,36.212,3.6192023326879283,2.39,0.23886815351607613,908.6306703605652,90.81294161385048,1006.1669757491127,1004.8184436894278,1005.0320430773107,0.02895692268930361,1543.155812267959,1545.7416050021413,1545.9061672712592,0.013832728740908351,-1.3485320596848305,0.1176566712289094,2.5857927341824167,0.36304697708292955,0.2410019047019036,True,"PG,MG",0
339,2026-08-28,12:22:30.998,60,5,90.53,909.5,0.0,0.0,2.39,0.0,0.0,100.0,1005.064,0.000901219,0.004150391,1545.969,0.01721108,0.0838623,25.72339,0.001860938,1498.363,0.0005842705,6.883667,4.548316e-05,100,1,1,1,339,2026-08-28 12:22:30.998000+00:00,2,88.56816666666667,,True,1.476136111111111,0.0,0.0,18.106,1.8062289259990825,36.212,3.612457851998165,36.212,3.612457851998165,2.39,0.23842301630055268,909.5,90.73043235370405,1005.9874155470827,1004.6345389986899,1005.0494183841278,0.014581615872202747,1543.8959117921413,1546.4832037332035,1545.8277254341774,0.1412745658226413,-1.3528765483928331,0.12003928211211314,2.5872919410621384,0.3720086848585634,0.24082969509223703,True,"PG,MG",0,1.0282201083753164,0.0,18.106,1.808083545678747,35.18377989162469,3.513487987232374,36.212,3.616167091357494,2.39,0.23866782691771818,909.5,90.82359354881368,1006.1688153503343,1004.8206835030535,1005.0421477167262,0.02185228327380173,1543.068472765401,1545.6543004396262,1545.8639040511039,0.10509594889617802,-1.3481318472807666,0.11741707663598187,2.585827674225233,0.36286588292765926,0.2414371358571439,True,"PG,MG",0,1.0217806367517712,0.8894142616806014,18.106,1.8096792259776218,35.19021936324823,3.517232350561459,36.212,3.6193584519552435,2.39,0.23887845742220898,908.6105857383194,90.81485151408346,1006.176563030815,1004.8280529155797,1005.0416523034627,0.02234769653728108,1543.11191308435,1545.6977836341277,1545.8623459032456,0.10665409675448245,-1.3485101152353183,0.11762179258493659,2.5858705497777876,0.36311639478102875,0.24121042943742418,True,"PG,MG",0
340,2026-08-28,12:24:31.000,61,5,90.53,909.5,0.0,0.0,2.39,0.0,0.0,100.0,1005.061,0.001347792,0.005371094,1546.006,0.01353708,0.07092285,25.73298,0.002127378,1498.365,0.0003028389,6.883572,3.572309e-05,100,1,1,1,340,2026-08-28 12:24:31+00:00,2,90.56819999999999,,True,1.5094699999999999,0.0,0.0,18.106,1.8062289259990825,36.212,3.612457851998165,36.212,3.612457851998165,2.39,0.23842301630055268,909.5,90.73043235370405,1005.9842958652827,1004.6314193168898,1005.0462987023277,0.014701297672331748,1543.911232417648,1546.4985243587103,1545.8430460596842,0.1629539403159015,-1.3528765483928331,0.12003928211211314,2.5872919410621384,0.3720086848585634,0.24082969509223703,True,"PG,MG",0,1.0514392238673864,0.0,18.106,1.8081254704028804,35.16056077613262,3.5112507176059786,36.212,3.616250940805761,2.39,0.2386733609998279,909.5,90.82569951018554,1006.1698064033491,1004.8216959346628,1005.0431601483355,0.01783985166457569,1543.0651781934648,1545.651095724807,1545.8606993362846,0.14530066371548855,-1.348110468686234,0.11738005649432742,2.585917531342053,0.3629611775759642,0.2416744065096255,True,"PG,MG",0,1.044854337041282,0.9094988839264038,18.106,1.809757292345989,35.167145662958724,3.5150777816487992,36.212,3.619514584691978,2.39,0.23888876221732647,908.5905011160736,90.81676157909591,1006.1777319602829,1004.8292405047529,1005.0428398926358,0.018160107364224132,1543.1095734009755,1545.6955266207635,1545.8600888898814,0.1459111101187318,-1.3484914555300878,0.11758785159676122,2.585953219788057,0.3631976444907245,0.24142803616726774,True,"PG,MG",0
341,2026-08-28,12:26:31.002,62,5,90.53,909.5,0.0,0.0,2.39,0.0,0.0,100.0,1005.056,0.001713589,0.008422852,1546.026,0.01106873,0.05908203,25.74219,0.002248323,1498.366,0.0002616851,6.88352,2.931518e-05,100,1,1,1,341,2026-08-28 12:26:31.002000+00:00,2,92.56823333333334,,True,1.5428038888888889,0.0,0.0,18.106,1.8062289259990825,36.212,3.612457851998165,36.212,3.612457851998165,2.39,0.23842301630055268,909.5,90.73043235370405,1005.9812997994006,1004.6284232510078,1005.0433026364457,0.012697363554366348,1543.925940046203,1546.5132319872653,1545.8577536882392,0.16824631176086768,-1.3528765483928331,0.12003928211211314,2.5872919410621384,0.3720086848585634,0.24082969509223703,True,"PG,MG",0,1.0746583393594564,0.0,18.106,1.8081673970713081,35.137341660640544,3.509013344224326,36.212,3.6163347941426163,2.39,0.23867889533858533,909.5,90.82780556922316,1006.1709215845103,1004.8228290287499,1005.0442932424226,0.011706757577485405,1543.0612703167994,1545.64728285301,1545.8568864644876,0.16911353551245156,-1.348092555760426,0.11734403980599732,2.5860125362105695,0.3630689740695349,0.2419213254884827,True,"PG,MG",0,1.0679280373307927,0.9295835061722061,18.106,1.8098353654499375,35.14407196266921,3.5129230268395184,36.212,3.619670730899875,2.39,0.2388990679015437,908.5704164938278,90.81867180890912,1006.1790251680485,1004.8305491111496,1005.0441484990325,0.01185150096750931,1543.1066196704437,1545.692660395787,1545.8572226649048,0.1687773350952284,-1.3484760568988676,0.11755484516945312,2.586040725343276,0.3632906611561828,0.24165470274964598,True,"PG,MG",0
342,2026-08-28,12:28:31.004,63,5,90.53,909.5,0.0,0.0,2.39,0.0,0.0,100.0,1005.049,0.003204098,0.01373291,1546.036,0.01116911,0.05822754,25.75011,0.001594862,1498.365,0.0005153643,6.883496,2.968196e-05,100,0,1,0,342,2026-08-28 12:28:31.004000+00:00,2,94.56826666666666,,True,1.5761377777777776,0.0,0.0,18.106,1.8062289259990825,36.212,3.612457851998165,36.212,3.612457851998165,2.39,0.23842301630055268,909.5,90.73043235370405,1005.9787233777273,1004.6258468293345,1005.0407262147723,0.00827378522762956,1543.9385830057997,1546.525874946862,1545.8703966478358,0.16560335216422573,-1.3528765483928331,0.12003928211211314,2.5872919410621384,0.3720086848585634,0.24082969509223703,True,"PG,MG",0,1.0978774548515264,0.0,18.106,1.8082093256841654,35.114122545148476,3.5067758670801985,36.212,3.6164186513683307,2.39,0.23868442993400835,909.5,90.8299117259333,1006.1724566262043,1004.8243785458094,1005.0458427594821,0.003157240517907667,1543.055289224471,1545.6414018903697,1545.8510055018473,0.18499449815271873,-1.3480780803948673,0.11730902258889372,2.5861126658987286,0.3631891942122346,0.24217786465460767,True,"PG,MG",0,1.0910017376203034,0.9496681284180083,18.106,1.809913445290339,35.1209982623797,3.5107680861095574,36.212,3.619826890580678,2.39,0.2389093744749757,908.550331871582,90.82058220354445,1006.1807384353574,1004.8322745401015,1005.0458739279844,0.0031260720155614763,1543.1015929738815,1545.68772602106,1545.8522882901777,0.18371170982231888,-1.348463895255885,0.11752276989485434,2.58613304717855,0.3633953780490846,0.24189040610672832,True,"PG,MG",0
343,2026-08-28,12:30:31.006,64,5,90.53,909.5,0.0,0.0,2.39,0.0,0.0,100.0,1005.037,0.003574759,0.01580811,1546.046,0.01303141,0.06286621,25.7563,0.001789926,1498.364,0.0006832359,6.883472,3.456356e-05,100,0,1,0,343,2026-08-28 12:30:31.006000+00:00,2,96.5683,,True,1.6094716666666666,0.0,0.0,18.106,1.8062289259990825,36.212,3.612457851998165,36.212,3.612457851998165,2.39,0.23842301630055268,909.5,90.73043235370405,1005.9767097349028,1004.62383318651,1005.0387125719478,-0.00171257194779173,1543.94846131891,1546.5357532599721,1545.880274960946,0.16572503905399572,-1.3528765483928331,0.12003928211211314,2.5872919410621384,0.3720086848585634,0.24082969509223703,True,"PG,MG",0,1.1210965703435967,0.0,18.106,1.8082512562415873,35.09090342965641,3.504538286166377,36.212,3.6165025124831747,2.39,0.23868996478611473,909.5,90.83201798032275,1006.174554496105,1004.8264874820326,1005.0479516957053,-0.01095169570521648,1543.0465302783768,1545.6327481753954,1545.842351786873,0.20364821312705317,-1.34806701407242,0.11727500053725481,2.5862178970185776,0.3633217579963483,0.24244399484075885,True,"PG,MG",0,1.1140754379098141,0.9697527506638107,18.106,1.8099915318680655,35.09792456209019,3.508612959434852,36.212,3.619983063736131,2.39,0.23891968193773758,908.5302472493362,90.82249276302322,1006.1830147575239,1004.8345598114047,1005.0481591992876,-0.011159199287590127,1543.0937892338145,1545.6800193994436,1545.8445816685614,0.20141833143861732,-1.348454946119156,0.11749162206550667,2.5862301656290514,0.3635117267978205,0.24213512223764694,True,"PG,MG",0
344,2026-08-28,12:32:31.008,65,5,90.53,909.5,0.0,0.0,2.39,0.0,0.0,100.0,1005.03,0.002800859,0.01275635,1546.05,0.01223082,0.07250977,25.76324,0.001454654,1498.364,0.0005973387,6.883463,3.25243e-05,100,0,1,0,344,2026-08-28 12:32:31.008000+00:00,2,98.56833333333334,,True,1.6428055555555556,0.0,0.0,18.106,1.8062289259990825,36.212,3.612457851998165,36.212,3.612457851998165,2.39,0.23842301630055268,909.5,90.73043235370405,1005.9744521126044,1004.6215755642115,1005.0364549496494,-0.006454949649423725,1543.9595333994444,1546.5468253405065,1545.8913470414805,0.15865295851949668,-1.3528765483928331,0.12003928211211314,2.5872919410621384,0.3720086848585634,0.24082969509223703,True,"PG,MG",0,1.144315685835667,0.0,18.106,1.8082931887437097,35.06768431416434,3.502300601475643,36.212,3.6165863774874194,2.39,0.23869549989492245,909.5,90.8341243323983,1006.1764092200074,1004.8283498921163,1005.049814105789,-0.019814105789009773,1543.0389737223854,1545.625301928106,1545.8349055395836,0.21509446041636693,-1.3480593278910848,0.11724196903885821,2.586328205720583,0.36346658364007167,0.24271968586853673,True,"PG,MG",0,1.137149138199325,0.989837372909613,18.106,1.8100696251839892,35.07485086180068,3.5064576467913326,36.212,3.6201392503679783,2.39,0.2389299902899444,908.5101626270904,90.82440348736674,1006.1850480311241,1004.8365988464941,1005.050198234377,-0.020198234377062363,1543.0871860650138,1545.673518125639,1545.8380803947568,0.2119196052431107,-1.34844918462999,0.11746139768871983,2.5863320606251095,0.36363963741748123,0.24238882623192057,True,"PG,MG",0
345,2026-08-28,12:34:31.010,66,5,90.53,909.5,0.0,0.0,2.39,0.0,0.0,100.0,1005.024,0.003248648,0.01708984,1546.056,0.01372472,0.07336426,25.77018,0.001637017,1498.364,0.0005671338,6.883448,3.655965e-05,100,0,1,0,345,2026-08-28 12:34:31.010000+00:00,2,100.56836666666666,,True,1.6761394444444444,0.0,0.0,18.106,1.8062289259990825,36.212,3.612457851998165,36.212,3.612457851998165,2.39,0.23842301630055268,909.5,90.73043235370405,1005.9721944901652,1004.6193179417724,1005.0341973272102,-0.010197327210221374,1543.9706021805462,1546.5578941216083,1545.9024158225823,0.15358417741776975,-1.3528765483928331,0.12003928211211314,2.5872919410621384,0.3720086848585634,0.24082969509223703,True,"PG,MG",0,1.167534801327737,0.0,18.106,1.808335123190667,35.04446519867226,3.500062813000776,36.212,3.616670246381334,2.39,0.23870103526044922,909.5,90.83623078216677,1006.1782645393827,1004.8302095467947,1005.0516737604673,-0.02767376046733716,1543.0314158691344,1545.6178594368225,1545.8274630483002,0.22853695169987986,-1.3480549925879841,0.11720992319230694,2.586443567688099,0.36362358762587105,0.24300490656581228,True,"PG,MG",0,1.1602228384888356,1.0099219951554153,18.106,1.8101477252389822,35.05177716151117,3.504302148154929,36.212,3.6202954504779643,2.39,0.23894029953171142,908.4900780048446,90.82631437659641,1006.1870820369068,1004.8386354513341,1005.052234839217,-0.028234839217020635,1543.0805805773855,1545.6670192890729,1545.8315815581907,0.22441844180934822,-1.3484465855726877,0.11743209250075244,2.5864387116874217,0.363779038340626,0.24265149228328037,True,"PG,MG",0
346,2026-08-28,12:36:31.012,67,5,90.53,909.5,0.0,0.0,2.39,0.0,0.0,100.0,1005.017,0.002911563,0.01391602,1546.056,0.01393132,0.07824707,25.77654,0.00148731,1498.363,0.0006076019,6.88345,3.704991e-05,100,0,1,0,346,2026-08-28 12:36:31.012000+00:00,2,102.56840000000001,,True,1.7094733333333334,0.0,0.0,18.106,1.8062289259990825,36.212,3.612457851998165,36.212,3.612457851998165,2.39,0.23842301630055268,909.5,90.73043235370405,1005.970125544982,1004.6172489965892,1005.032128382027,-0.015128382027000953,1543.9807430068586,1546.5680349479208,1545.9125566488947,0.14344335110536122,-1.3528765483928331,0.12003928211211314,2.5872919410621384,0.3720086848585634,0.24082969509223703,True,"PG,MG",0,1.190753916819807,0.0,18.106,1.8083770595825952,35.021246083180195,3.497824920734556,36.212,3.6167541191651904,2.39,0.23870657088271305,909.5,90.83833732963494,1006.1803089330324,1004.8322549544689,1005.0537191681416,-0.036719168141530645,1543.0229265275257,1545.6094904856577,1545.8190940971353,0.2369059028646916,-1.3480539785634829,0.11717885782436128,2.586563958131974,0.3637926847396907,0.24329962478458608,True,"PG,MG",0,1.1832965387783465,1.0300066174012177,18.106,1.8102258320339166,35.02870346122166,3.5021464635015636,36.212,3.6204516640678333,2.39,0.23895060966315368,908.4699933825988,90.82822543073354,1006.1893052865103,1004.8408581631159,1005.0544575509988,-0.03745755099873804,1543.0730432460962,1545.6595933440185,1545.8241556131363,0.23184438686371323,-1.3484471233944122,0.11740370198107743,2.5865500979223612,0.36392985644879833,0.24292309370388177,True,"PG,MG",0
347,2026-08-28,12:38:31.014,68,5,90.53,909.5,0.0,0.0,2.39,0.0,0.0,100.0,1005.012,0.002008473,0.00994873,1546.053,0.01300698,0.06494141,25.78128,0.0007049057,1498.363,0.0004300972,6.88346,3.460244e-05,100,1,1,1,347,2026-08-28 12:38:31.014000+00:00,2,104.56843333333333,,True,1.7428072222222222,0.0,0.0,18.106,1.8062289259990825,36.212,3.612457851998165,36.212,3.612457851998165,2.39,0.23842301630055268,909.5,90.73043235370405,1005.9685835951931,1004.6157070468003,1005.0305864322381,-0.01858643223818035,1543.9882989893877,1546.5755909304498,1545.9201126314238,0.1328873685763483,-1.3528765483928331,0.12003928211211314,2.5872919410621384,0.3720086848585634,0.24082969509223703,True,"PG,MG",0,1.213973032311877,0.0,18.106,1.8084189979196295,34.998026967688126,3.495586924669763,36.212,3.616837995839259,2.39,0.2387121067617317,909.5,90.84044397480962,1006.1828803457918,1004.8348240898863,1005.056288303559,-0.044288303559028463,1543.0118383912186,1545.5985277430038,1545.8081313544815,0.24486864551863619,-1.348056255905437,0.11714876750728072,2.586689351785358,0.36397378811096154,0.24360380741925558,True,"PG,MG",0,1.206370239067857,1.05009123964702,18.106,1.810303945569665,35.005629760932145,3.499990592807155,36.212,3.62060789113933,2.39,0.23896092068438635,908.449908760353,90.83013664979947,1006.1920557864785,1004.8436050142533,1005.0572044021362,-0.04520440213627808,1543.0629080182116,1545.649574216229,1545.8141364853468,0.23886351465330335,-1.3484507722252055,0.1173762213667037,2.586666198017418,0.36409201710476463,0.24320360293888502,True,"PG,MG",0
348,2026-08-28,12:40:31.016,69,5,90.53,909.5,0.0,0.0,2.39,0.0,0.0,100.0,1005.008,0.002194639,0.01068115,1546.045,0.01414564,0.0592041,25.78273,0.0003097506,1498.362,0.0005249712,6.883482,3.764889e-05,100,0,1,0,348,2026-08-28 12:40:31.016000+00:00,2,106.56846666666667,,True,1.7761411111111112,0.0,0.0,18.106,1.8062289259990825,36.212,3.612457851998165,36.212,3.612457851998165,2.39,0.23842301630055268,909.5,90.73043235370405,1005.9681119016792,1004.6152353532864,1005.0301147387243,-0.022114738724212657,1543.9906101109918,1546.577902052054,1545.922423753028,0.12257624697213032,-1.3528765483928331,0.12003928211211314,2.5872919410621384,0.3720086848585634,0.24082969509223703,True,"PG,MG",0,1.2371921478039472,0.0,18.106,1.808460938201905,34.97480785219606,3.4933488247991735,36.212,3.61692187640381,2.39,0.23871764289752306,909.5,90.84255071769759,1006.1865214160124,1004.8384596215989,1005.0599238352715,-0.05192383527150923,1542.995474055327,1545.5822937782257,1545.7918973897033,0.2531026102967644,-1.3480617944135185,0.11711964657613977,2.586819722898678,0.3641668092533898,0.24391742042526793,True,"PG,MG",0,1.229443939357368,1.0701758618928223,18.106,1.8103820658471004,34.98255606064264,3.4978345360476206,36.212,3.6207641316942007,2.39,0.23897123259552466,908.4298241381072,90.83204803381557,1006.1958762780843,1004.8474187721861,1005.061018160069,-0.053018160068972975,1543.047499580358,1545.6342865705947,1545.7988488397125,0.24615116028758166,-1.3484575058981325,0.1173496456665259,2.5867869902367806,0.36426544418544893,0.24349299158138538,True,"PG,MG",0
349,2026-08-28,12:42:31.018,70,5,90.53,909.5,0.0,0.0,2.39,0.0,0.0,100.0,1004.999,0.003688811,0.0133667,1546.042,0.01402622,0.06347656,25.78538,0.0009774868,1498.361,0.000755019,6.88349,3.729409e-05,100,0,1,0,349,2026-08-28 12:42:31.018000+00:00,2,108.5685,,True,1.809475,0.0,0.0,18.106,1.8062289259990825,36.212,3.612457851998165,36.212,3.612457851998165,2.39,0.23842301630055268,909.5,90.73043235370405,1005.9672498411032,1004.6143732927104,1005.0292526781483,-0.030252678148258383,1543.9948335124961,1546.5821254535583,1545.9266471545322,0.11535284546766889,-1.3528765483928331,0.12003928211211314,2.5872919410621384,0.3720086848585634,0.24082969509223703,True,"PG,MG",0,1.2604112632960172,0.0,18.106,1.8085028804295573,34.95158873670399,3.4911106211155656,36.212,3.6170057608591146,2.39,0.23872317929010503,909.5,90.84465755830566,1006.1897730785153,1004.8417025148916,1005.0631667285643,-0.06416672856425976,1542.9810341181096,1545.5679891633445,1545.777592774822,0.2644072251778198,-1.348070563623607,0.11709148914608204,2.5869550452348395,0.36437165810647604,0.24424042883813482,True,"PG,MG",0,1.2525176396468785,1.0902604841386245,18.106,1.8104601928670954,34.95948236035313,3.4956782931988695,36.212,3.6209203857341907,2.39,0.23898154539668384,908.4097395158614,90.83395958280316,1006.1993074390123,1004.8508401410428,1005.0644395289257,-0.06543952892570815,1543.0340133004393,1545.6209257528562,1545.785488021974,0.25651197802585557,-1.3484672979695276,0.11732396967567392,2.586912452417065,0.364450060115535,0.2437912303876791,True,"PG,MG",0
350,2026-08-28,12:44:31.020,71,5,90.53,909.5,0.0,0.0,2.39,0.0,0.0,100.0,1004.994,0.003618272,0.01477051,1546.033,0.01510162,0.0847168,25.78932,0.0009234902,1498.361,0.000729798,6.883515,4.019887e-05,100,0,1,0,350,2026-08-28 12:44:31.020000+00:00,2,110.56853333333333,,True,1.842808888888889,0.0,0.0,18.106,1.8062289259990825,36.212,3.612457851998165,36.212,3.612457851998165,2.39,0.23842301630055268,909.5,90.73043235370405,1005.965968135907,1004.6130915875142,1005.0279709729521,-0.03397097295203366,1544.0011119437866,1546.5884038848487,1545.9329255858227,0.10007441417724294,-1.3528765483928331,0.12003928211211314,2.5872919410621384,0.3720086848585634,0.24082969509223703,True,"PG,MG",0,1.2836303787880874,0.0,18.106,1.8085448246027216,34.928369621211914,3.488872313611716,36.212,3.617089649205443,2.39,0.23872871593949543,909.5,90.84676449664063,1006.1926061111399,1004.8445235783076,1005.0659877919803,-0.07198779198029115,1542.9686628896077,1545.5557581816722,1545.7653617931499,0.2676382068500516,-1.3480825328322,0.11706428912947674,2.5870952920646446,0.36458824307773874,0.24457279679278657,True,"PG,MG",0,1.2755913399363894,1.1103451063844267,18.106,1.8105383266305228,34.93640866006361,3.4935218642368095,36.212,3.6210766532610457,2.39,0.23899185908797907,908.3896548936156,90.83587129678364,1006.2023200379664,1004.8538399162271,1005.06743930411,-0.07343930411002475,1543.0225933012493,1545.6096358632126,1545.7741981323304,0.2588018676694901,-1.3484801217393176,0.11729918798983438,2.5870425619632127,0.3646457859017103,0.2440982892928425,True,"PG,MG",0
351,2026-08-28,12:46:31.022,72,5,90.53,909.5,0.0,0.0,2.39,0.0,0.0,100.0,1004.99,0.003565602,0.01483154,1546.025,0.0126134,0.06542969,25.79142,0.0005312429,1498.36,0.0008032757,6.883536,3.352909e-05,100,0,1,0,351,2026-08-28 12:46:31.022000+00:00,2,112.56856666666665,,True,1.8761427777777777,0.0,0.0,18.106,1.8062289259990825,36.212,3.612457851998165,36.212,3.612457851998165,2.39,0.23842301630055268,909.5,90.73043235370405,1005.965284993525,1004.6124084451321,1005.02728783057,-0.037287830569994185,1544.0044578808734,1546.5917498219355,1545.9362715229095,0.08872847709062626,-1.3528765483928331,0.12003928211211314,2.5872919410621384,0.3720086848585634,0.24082969509223703,True,"PG,MG",0,1.3068494942801574,0.0,18.106,1.808586770721533,34.905150505719845,3.486633902280401,36.212,3.617173541443066,2.39,0.23873425284571215,909.5,90.84887153270928,1006.1960375773866,1004.8479399062658,1005.0694041199384,-0.079404119938431,1542.953340903888,1545.5405813400503,1545.750184951528,0.27481504847219185,-1.3480976711208252,0.11703804025294315,2.5872404361624577,0.3648164710856017,0.2449144875432428,True,"PG,MG",0,1.2986650402259,1.130429728630229,18.106,1.8106164671382559,34.913334959774105,3.4913652491373437,36.212,3.6212329342765117,2.39,0.23900217366952564,908.3695702713698,90.83778317577836,1006.2059313274809,1004.8574353772095,1005.0710347650925,-0.08103476509245411,1543.0082239595336,1545.5954012553782,1545.759963524496,0.2650364755040755,-1.3484959502714042,0.11727529501951599,2.587177295844569,0.36485254116752325,0.24441413742661044,True,"PG,MG",0
352,2026-08-28,12:48:31.024,73,5,90.53,909.5,0.0,0.0,2.39,0.0,0.0,100.0,1004.986,0.002155142,0.01153564,1546.014,0.01441113,0.06811523,25.79284,0.0006431143,1498.359,0.0005133232,6.883567,3.835947e-05,100,0,1,0,352,2026-08-28 12:48:31.024000+00:00,2,114.5686,,True,1.9094766666666667,0.0,0.0,18.106,1.8062289259990825,36.212,3.612457851998165,36.212,3.612457851998165,2.39,0.23842301630055268,909.5,90.73043235370405,1005.9648230591451,1004.6119465107523,1005.0268258961902,-0.04082589619019927,1544.0067202002574,1546.5940121413196,1545.9385338422935,0.0754661577063871,-1.3528765483928331,0.12003928211211314,2.5872919410621384,0.3720086848585634,0.24082969509223703,True,"PG,MG",0,1.3300686097722274,0.0,18.106,1.8086287187861276,34.88193139022778,3.484395387114397,36.212,3.6172574375722553,2.39,0.23873979000877305,909.5,90.85097866651844,1006.1996905282704,1004.85157458089,1005.0730387945626,-0.08703879456265895,1542.9369283567564,1545.5243188065585,1545.7339224180362,0.2800775819637238,-1.348115947380415,0.11701273607420799,2.587390449802137,0.36505624760291017,0.24526546348257533,True,"PG,MG",0,1.3217387405154108,1.1505143508760314,18.106,1.810694614391168,34.89026125948459,3.4892084478763694,36.212,3.621389228782336,2.39,0.2390124891414388,908.349485649124,90.83969521980869,1006.2097642916476,1004.8612495352336,1005.0748489231165,-0.08884892311652948,1542.9927641087133,1545.5800807393045,1545.7446430084224,0.26935699157752424,-1.3485147564140703,0.1172522850042312,2.5873166305911504,0.365070244188823,0.24473874312953403,True,"PG,MG",0
353,2026-08-28,12:50:31.026,74,5,90.53,909.5,0.0,0.0,2.39,0.0,0.0,100.0,1004.982,0.002859887,0.01422119,1545.998,0.01287197,0.05969238,25.79568,0.0007763177,1498.359,0.0007008369,6.883609,3.428546e-05,100,0,1,0,353,2026-08-28 12:50:31.026000+00:00,2,116.56863333333334,,True,1.9428105555555557,0.0,0.0,18.106,1.8062289259990825,36.212,3.612457851998165,36.212,3.612457851998165,2.39,0.23842301630055268,909.5,90.73043235370405,1005.9638991903677,1004.6110226419748,1005.0259020274127,-0.04390202741274152,1544.011244424104,1546.5985363651662,1545.94305806614,0.0549419338599364,-1.3528765483928331,0.12003928211211314,2.5872919410621384,0.3720086848585634,0.24082969509223703,True,"PG,MG",0,1.3532877252642976,0.0,18.106,1.8086706687966403,34.85871227473571,3.482156768106478,36.212,3.6173413375932806,2.39,0.23874532742869603,909.5,90.85308589807491,1006.2028826182827,1004.8547452879471,1005.0762095016198,-0.09420950161984365,1542.9227930406585,1545.5103383454118,1545.7199419568894,0.27805804311060456,-1.3481373303356121,0.11698836999876173,2.587545304753237,0.3653074767010377,0.24562568616314157,True,"PG,MG",0,1.3448124408049216,1.1705989731218338,18.106,1.8107727683901322,34.86718755919508,3.487051460429783,36.212,3.6215455367802645,2.39,0.23902280550383387,908.3294010268781,90.84160742889598,1006.2131364533122,1004.8645999404919,1005.0781993283748,-0.09619932837483702,1542.9795788626716,1545.5670394049616,1545.7316016740795,0.26639832592059065,-1.3485365128203963,0.1172301520265673,2.587460542290124,0.36529881192975705,0.24507207396939898,True,"PG,MG",0
354,2026-08-28,12:52:31.028,75,5,90.53,909.5,0.0,0.0,2.39,0.0,0.0,100.0,1004.978,0.002516789,0.01342773,1545.996,0.01565283,0.08325195,25.79884,0.00107057,1498.359,0.0006193784,6.883616,4.148107e-05,100,0,1,0,354,2026-08-28 12:52:31.028000+00:00,2,118.56866666666666,,True,1.9761444444444445,0.0,0.0,18.106,1.8062289259990825,36.212,3.612457851998165,36.212,3.612457851998165,2.39,0.23842301630055268,909.5,90.73043235370405,1005.9628712236721,1004.6099946752793,1005.0248740607171,-0.046874060717186694,1544.0162777693395,1546.6035697104016,1545.9480914113756,0.04790858862452296,-1.3528765483928331,0.12003928211211314,2.5872919410621384,0.3720086848585634,0.24082969509223703,True,"PG,MG",0,1.3765068407563676,0.0,18.106,1.8087126207532065,34.83549315924363,3.479918045249417,36.212,3.617425241506413,2.39,0.2387508651054989,909.5,90.85519322738546,1006.2059712793541,1004.8578094907851,1005.0792737044578,-0.1012737044578671,1542.9091708748178,1545.4968758470955,1545.706479458573,0.28952054142700945,-1.3481617885689834,0.11696493529628124,2.587704972277527,0.36557006109454765,0.24599511631706272,True,"PG,MG",0,1.3678861410944323,1.190683595367636,18.106,1.8108509291360226,34.84411385890557,3.4848942867734736,36.212,3.6217018582720453,2.39,0.23903312275682612,908.3093164046323,90.84351980306164,1006.2164053113049,1004.8678441193363,1005.0814435072192,-0.10344350721925366,1542.9669054996357,1545.554514506218,1545.719076775336,0.27692322466418773,-1.3485611919686586,0.11720889002611919,2.5876090065825035,0.3655381600792937,0.24541409675788858,True,"PG,MG",0
355,2026-08-28,12:54:31.030,76,5,90.53,909.5,0.0,0.0,2.39,0.0,0.0,100.0,1004.935,0.03595435,0.1109619,1546.123,0.04714227,0.1905518,25.80366,0.001204215,1498.349,0.008341204,6.883279,0.0001251222,100,0,1,0,355,2026-08-28 12:54:31.030000+00:00,2,120.5687,,True,2.0094783333333335,0.0,0.0,18.106,1.8062289259990825,36.212,3.612457851998165,36.212,3.612457851998165,2.39,0.23842301630055268,909.5,90.73043235370405,1005.961303249099,1004.6084267007062,1005.0233060861441,-0.08830608614414359,1544.023953894187,1546.611245835249,1545.955767536223,0.16723246377705436,-1.3528765483928331,0.12003928211211314,2.5872919410621384,0.3720086848585634,0.24082969509223703,True,"PG,MG",0,1.3997259562484379,0.0,18.106,1.8087545746559617,34.812274043751565,3.47767921853599,36.212,3.6175091493119234,2.39,0.23875640303919962,909.5,90.85730065445692,1006.208521140312,1004.8603318497669,1005.0817960634396,-0.1467960634396377,1542.8982105965417,1545.4860800196675,1545.6956836311451,0.4273163688549175,-1.3481892905450983,0.1169424251167852,2.587869423125805,0.3658439021863707,0.24637371387692633,True,"PG,MG",0,1.390959841383943,1.2107682176134384,18.106,1.8109290966297125,34.82104015861606,3.4827369268833266,36.212,3.621858193259425,2.39,0.2390434409005309,908.2892317823865,90.845432342327,1006.2191354053871,1004.8705466392043,1005.0841460270873,-0.14914602708734037,1542.9568909441116,1545.5446529427718,1545.7092152118896,0.4137847881104335,-1.3485887661826808,0.11718849281325816,2.587761998660088,0.3657882030882442,0.24576477756747087,True,MG,0
356,2026-08-28,13:04:03.379,77,5,90.53,909.5,0.0,0.0,2.39,0.0,0.0,100.0,1005.038,0.006943153,0.02624512,1545.995,0.04422731,0.1912842,25.81736,0.004157808,1498.375,0.001323939,6.883625,0.0001166902,100,0,1,0,356,2026-08-28 13:04:03.379000+00:00,2,130.10784999999998,,True,2.1684641666666664,0.0,0.0,18.106,1.8062289259990825,36.212,3.612457851998165,36.212,3.612457851998165,2.39,0.23842301630055268,909.5,90.73043235370405,1005.9568465575148,1004.603970009122,1005.0188493945599,0.019150605440131585,1544.0457632189236,1546.6330551599858,1545.9775768609597,0.017423139040147362,-1.3528765483928331,0.12003928211211314,2.5872919410621384,0.3720086848585634,0.24082969509223703,True,"PG,MG",0,1.5104694232970768,0.0,18.106,1.8089547003881266,34.70153057670293,3.466999715419698,36.212,3.617909400776253,2.39,0.23878281972426943,909.5,90.86735336369165,1006.223708293247,1004.8753469375988,1005.0968111512715,-0.05881115127147041,1542.8310392537217,1545.4197578980065,1545.6293615094842,0.36563849051572106,-1.3483613556482412,0.11684756500511202,2.5887186442848615,0.3673017292560327,0.24830427571078664,True,"PG,MG",0,1.501009751277121,1.3065617332028674,18.106,1.811302009008473,34.71099024872288,3.472444845475824,36.212,3.622604018016946,2.39,0.23909266549929584,908.1934382667971,90.85455646199947,1006.2351847919675,1004.8864255445183,1005.1000249324012,-0.06202493240118656,1542.8942307998225,1545.4827839927796,1545.6473462618974,0.3476537381025082,-1.3487592474492327,0.1171029082911806,2.588553192957056,0.36712520374462587,0.24755537592484758,True,MG,0
357,2026-08-28,13:06:03.381,78,5,90.53,909.5,0.0,0.0,2.39,0.0,0.0,100.0,1005.06,0.006020199,0.02484131,1545.881,0.03131517,0.1311035,25.81133,0.0005239681,1498.38,0.001581738,6.883926,8.332483e-05,100,0,1,0,357,2026-08-28 13:06:03.381000+00:00,2,132.10788333333332,,True,2.2017980555555554,0.0,0.0,18.106,1.8062289259990825,36.212,3.612457851998165,36.212,3.612457851998165,2.39,0.23842301630055268,909.5,90.73043235370405,1005.9588081524915,1004.6059316040987,1005.0208109895366,0.03918901046336032,1544.0361655195325,1546.6234574605946,1545.9679791615686,-0.08697916156847896,-1.3528765483928331,0.12003928211211314,2.5872919410621384,0.3720086848585634,0.24082969509223703,True,"PG,MG",0,1.533688538789147,0.0,18.106,1.8089966655220557,34.67831146121085,3.4647602893662715,36.212,3.6179933310441115,2.39,0.23878835914049004,909.5,90.86946135492707,1006.2297862467389,1004.8813804474252,1005.1028446610978,-0.04284466109788809,1542.802678840009,1545.3915889352038,1545.6011925466814,0.27980745331865364,-1.348405799313729,0.11683025075820062,2.5889100951946658,0.3676385291573522,0.2487349440286058,True,"PG,MG",0,1.5240834515666317,1.3266463554486698,18.106,1.8113802154506324,34.68791654843337,3.4702864106392797,36.212,3.622760430901265,2.39,0.2391029887842158,908.1733536445513,90.8564699542246,1006.2414445866383,1004.8926416079485,1005.1062409958314,-0.0462409958314538,1542.8668267657413,1545.4555585663481,1545.620120835466,0.2608791645341171,-1.3488029786898628,0.11708737453926381,2.588731800606866,0.3674352216492096,0.24795531112997982,True,MG,0
358,2026-08-28,13:08:03.383,79,5,90.53,909.5,0.0,0.0,2.39,0.0,0.0,100.0,1005.081,0.004650342,0.019104,1545.804,0.021249,0.09643555,25.81446,0.0009081893,1498.386,0.001267126,6.884131,5.671373e-05,100,0,1,0,358,2026-08-28 13:08:03.383000+00:00,2,134.10791666666668,,True,2.2351319444444444,0.0,0.0,18.106,1.8062289259990825,36.212,3.612457851998165,36.212,3.612457851998165,2.39,0.23842301630055268,909.5,90.73043235370405,1005.9577899448302,1004.6049133964374,1005.0197927818753,0.06120721812476404,1544.0411477215057,1546.6284396625679,1545.9729613635418,-0.16896136354171176,-1.3528765483928331,0.12003928211211314,2.5872919410621384,0.3720086848585634,0.24082969509223703,True,"PG,MG",0,1.5569076542812172,0.0,18.106,1.809038632603091,34.655092345718785,3.462520759407542,36.212,3.618077265206182,2.39,0.23879389881372953,909.5,90.87156944396946,1006.2328888532563,1004.8844357813022,1005.1058999949748,-0.024899994974816764,1542.7890085167062,1545.3781146345182,1545.5877182459958,0.21628175400428518,-1.3484530719541852,0.11681381269603594,2.5891061178119963,0.36798588736642496,0.2491744891143189,True,"PG,MG",0,1.5471571518561427,1.3467309776944723,18.106,1.8114584286465103,34.66484284814386,3.46812778940555,36.212,3.6229168572930206,2.39,0.23911331296062957,908.1532690223055,90.8583836116943,1006.2447285329781,1004.8958791178511,1005.109478505734,-0.02847850573402866,1542.8540987992503,1545.4430135553541,1545.607575824472,0.1964241755281364,-1.3488494151269548,0.11707266129333896,2.5889147561038204,0.3677553256549389,0.24836365657728468,True,MG,0
359,2026-08-28,13:10:03.385,80,5,90.53,909.5,0.0,0.0,2.39,0.0,0.0,100.0,1005.097,0.004126018,0.01446533,1545.732,0.01820726,0.08825684,25.81217,0.001300797,1498.39,0.0007576589,6.884322,4.821052e-05,100,0,1,0,359,2026-08-28 13:10:03.385000+00:00,2,136.10795,,True,2.2684658333333334,0.0,0.0,18.106,1.8062289259990825,36.212,3.612457851998165,36.212,3.612457851998165,2.39,0.23842301630055268,909.5,90.73043235370405,1005.9585348954863,1004.6056583470935,1005.0205377325314,0.07646226746862794,1544.0375026621252,1546.6247946031874,1545.9693163041613,-0.23731630416136795,-1.3528765483928331,0.12003928211211314,2.5872919410621384,0.3720086848585634,0.24082969509223703,True,"PG,MG",0,1.5801267697732873,0.0,18.106,1.8090806016313674,34.63187323022672,3.460281125536275,36.212,3.618161203262735,2.39,0.23879943874400572,909.5,90.87367763082561,1006.2377527545234,1004.8892496126093,1005.110713826282,-0.013713826282014452,1542.7666438915203,1545.3559505703706,1545.5655541818483,0.16644581815171478,-1.3485031419140843,0.11679824355068094,2.589306678850333,0.3683436966807011,0.24962286541175902,True,"PG,MG",0,1.5702308521456534,1.3668155999402745,18.106,1.811536648596981,34.64176914785435,3.465968981750489,36.212,3.623073297193962,2.39,0.2391236380286526,908.1331844000597,90.86029743442992,1006.2497743196212,1004.9008757910559,1005.1144751789388,-0.01747517893886652,1542.8326837988639,1545.4217858299394,1545.5863480990572,0.1456519009427666,-1.3488985285653325,0.11705876180312942,2.5891020310755244,0.36808542190033045,0.24878037319075919,True,MG,0
360,2026-08-28,13:12:03.387,81,5,90.53,909.5,0.0,0.0,2.39,0.0,0.0,100.0,1005.109,0.003669155,0.01519775,1545.666,0.02039392,0.09301758,25.80706,0.00139214,1498.392,0.0007227767,6.884496,5.398913e-05,100,0,1,0,360,2026-08-28 13:12:03.387000+00:00,2,138.10798333333332,,True,2.301799722222222,0.0,0.0,18.106,1.8062289259990825,36.212,3.612457851998165,36.212,3.612457851998165,2.39,0.23842301630055268,909.5,90.73043235370405,1005.9601972089032,1004.6073206605104,1005.0222000459482,0.08679995405179852,1544.0293676291726,1546.6166595702348,1545.9611812712087,-0.2951812712087758,-1.3528765483928331,0.12003928211211314,2.5872919410621384,0.3720086848585634,0.24082969509223703,True,"PG,MG",0,1.6033458852653573,0.0,18.106,1.8091225726070213,34.60865411473465,3.45804138774524,36.212,3.6182451452140425,2.39,0.2388049789313366,909.5,90.87578591550236,1006.2435332295498,1004.894977251929,1005.1164414656017,-0.007441465601687014,1542.739752341838,1545.329264086339,1545.5388676978166,0.12713230218332683,-1.3485559776207419,0.11678353606022329,2.5895117445007876,0.3687118489985559,0.2500800267528506,True,"PG,MG",0,1.593304552435164,1.3869002221860767,18.106,1.8116148753029198,34.61869544756484,3.463809987649946,36.212,3.6232297506058395,2.39,0.23913396398840042,908.1130997778139,90.8622114224529,1006.2557370478154,1004.9067867569872,1005.1203861448702,-0.01138614487013001,1542.806745525387,1545.3960391220728,1545.5606013911906,0.10539860880930974,-1.348950290828122,0.11704566929905222,2.5892935966857875,0.368425415627152,0.2492054213101435,True,MG,0
361,2026-08-28,13:14:03.389,82,5,90.53,909.5,0.0,0.0,2.39,0.0,0.0,100.0,1005.11,0.005956835,0.03070068,1545.583,0.04465628,0.1652832,25.80281,0.0009382368,1498.391,0.001440795,6.884716,0.0001186578,100,0,1,0,361,2026-08-28 13:14:03.389000+00:00,2,140.10801666666666,,True,2.335133611111111,0.0,0.0,18.106,1.8062289259990825,36.212,3.612457851998165,36.212,3.612457851998165,2.39,0.23842301630055268,909.5,90.73043235370405,1005.961579759143,1004.6087032107501,1005.023582596188,0.0864174038119927,1544.0226003364892,1546.6098922775514,1545.9544139785253,-0.3714139785251973,-1.3528765483928331,0.12003928211211314,2.5872919410621384,0.3720086848585634,0.24082969509223703,True,"PG,MG",0,1.6265650007574273,0.0,18.106,1.8091645455301877,34.58543499924258,3.4558015460272036,36.212,3.6183290910603754,2.39,0.23881051937574,909.5,90.8778942980065,1006.2490347828044,1004.9004232351989,1005.1218874488716,-0.011887448871561901,1542.7142373331808,1545.3039586136138,1545.5135622250914,0.06943777490869252,-1.3486115476055027,0.11676968298082058,2.5897212804330025,0.3690902353675406,0.25054592637931583,True,"PG,MG",0,1.6163782527246746,1.406984844431879,18.106,1.811693108765202,34.59562174727533,3.4616508070797676,36.212,3.623386217530404,2.39,0.23914429083998853,908.0930151555681,90.86412557578464,1006.2614209519065,1004.9124162781312,1005.1260156660142,-0.01601566601414106,1542.7821819489811,1545.3716713726158,1545.5362336417336,0.046766358266495445,-1.3490046737753625,0.11703337700312356,2.589489423634616,0.3687752112207379,0.24963876070906488,True,MG,0
364,2026-08-28,13:20:03.395,85,5,90.53,909.5,0.0,0.0,2.39,0.0,0.0,100.0,1005.111,0.04990106,0.2405396,1545.438,0.0219442,0.09570313,25.78573,0.001700763,1498.388,0.01211422,6.885099,5.806618e-05,100,0,1,0,364,2026-08-28 13:20:03.395000+00:00,2,146.10811666666666,,True,2.4351352777777775,0.0,0.0,18.106,1.8062289259990825,36.212,3.612457851998165,36.212,3.612457851998165,2.39,0.23842301630055268,909.5,90.73043235370405,1005.9671359840445,1004.6142594356517,1005.0291388210895,0.08186117891045797,1543.9953912842448,1546.582683225307,1545.9272049262809,-0.4892049262807632,-1.3528765483928331,0.12003928211211314,2.5872919410621384,0.3720086848585634,0.24082969509223703,True,"PG,MG",0,1.6962223472336375,0.0,18.106,1.8092904759861184,34.51577765276637,3.4490813972387433,36.212,3.6185809519722367,2.39,0.23882714225156426,909.5,90.88422003255134,1006.2669487186575,1004.9181543681234,1005.1396185817961,-0.028618581796081344,1542.6307157902982,1545.2210921491258,1545.4306957606034,0.007304239396717094,-1.3487943505341677,0.11673317827899571,2.590376358827497,0.3702856975105546,0.25199557899048647,True,"PG,MG",0,1.6855993535932068,1.467238711169286,18.106,1.8119278496988627,34.5264006464068,3.455172146309803,36.212,3.6238556993977253,2.39,0.23917527674695027,908.0327612888307,90.86986902784666,1006.2798832479392,1004.9306999816794,1005.1442993695623,-0.033299369562314496,1542.7015183031224,1545.2916204756887,1545.4561827448065,-0.01818274480638138,-1.3491832662598173,0.11700123367592605,2.5901021725662936,0.36988244106025336,0.25098811620953215,True,MG,0
365,2026-08-28,13:22:03.397,86,5,90.53,909.5,0.0,0.0,2.39,0.0,0.0,100.0,1005.161,0.01059556,0.04968262,1545.388,0.01994911,0.07116699,25.77891,0.001775878,1498.398,0.002485176,6.885229,5.271347e-05,100,0,1,0,365,2026-08-28 13:22:03.397000+00:00,2,148.10815,,True,2.4684691666666665,0.0,0.0,18.106,1.8062289259990825,36.212,3.612457851998165,36.212,3.612457851998165,2.39,0.23842301630055268,909.5,90.73043235370405,1005.9693545700957,1004.6164780217028,1005.0313574071407,0.12964259285922708,1543.9845211906418,1546.571813131704,1545.9163348326779,-0.528334832677956,-1.3528765483928331,0.12003928211211314,2.5872919410621384,0.3720086848585634,0.24082969509223703,True,"PG,MG",0,1.7194414627257077,0.0,18.106,1.809332456700691,34.4925585372743,3.446841139740356,36.212,3.618664913401382,2.39,0.2388326837244367,909.5,90.88632880643313,1006.2732868862076,1004.9244263404671,1005.1458905541398,0.01510944586016194,1542.6010548110157,1545.1916582332294,1545.401261844707,-0.013261844707130876,-1.348860545740519,0.11672267115711848,2.590603422213684,0.37070391523713625,0.2518468957680558,True,"PG,MG",2,1.7086730538827175,1.4873233334150882,18.106,1.8120061101952734,34.503326946117284,3.4530122196194486,36.212,3.6240122203905467,2.39,0.23918560716705528,908.0126766665849,90.87178384262768,1006.2864046201778,1004.9371567682609,1005.1507561561439,0.010243843856073909,1542.6728107870847,1545.2631255297,1545.4276877988177,-0.03968779881779483,-1.3492478519168454,0.11699207462329986,2.5903147426151696,0.37027047226565374,0.2514542077772165,True,MG,0
366,2026-08-28,13:24:03.399,87,5,90.53,909.5,0.0,0.0,2.39,0.0,0.0,100.0,1005.153,0.03095129,0.1362305,1545.323,0.01663794,0.06311035,25.77173,0.001695542,1498.395,0.007532858,6.8854,4.394384e-05,100,0,1,0,366,2026-08-28 13:24:03.399000+00:00,2,150.10818333333333,,True,2.5018030555555555,0.0,0.0,18.106,1.8062289259990825,36.212,3.612457851998165,36.212,3.612457851998165,2.39,0.23842301630055268,909.5,90.73043235370405,1005.9716902661145,1004.6188137177217,1005.0336931031595,0.11930689684049867,1543.9730738638136,1546.5603658048758,1545.9048875058497,-0.581887505849636,-1.3528765483928331,0.12003928211211314,2.5872919410621384,0.3720086848585634,0.24082969509223703,True,"PG,MG",0,1.7426605782177778,0.0,18.106,1.809374439363454,34.46933942178222,3.4446007782787924,36.212,3.618748878726908,2.39,0.23883822545447117,909.5,90.88843767817637,1006.279742418907,1004.9308130987569,1005.1522773124295,0.0007226875704873237,1542.570808882101,1545.1616436585762,1545.3712472700538,-0.048247270053707325,-1.348929320150137,0.11671298288029536,2.5908347764753143,0.3711318111848219,0.2513655373572977,True,"PG,MG",2,1.7317467541722285,1.5074079556608906,18.106,1.8120843774524054,34.480253245827775,3.4508521063386226,36.212,3.6241687549048107,2.39,0.2391959384795785,907.9925920443391,90.87369882282458,1006.2930435529767,1004.9437286342361,1005.157328022119,-0.004328022119011621,1542.6435184585878,1545.234049879161,1545.3986121482787,-0.07561214827865115,-1.3493149187405555,0.11698368211533798,2.590531420573173,0.3706678158396913,0.25192838163753467,True,MG,0
367,2026-08-28,13:26:03.401,88,5,90.53,909.5,0.0,0.0,2.39,0.0,0.0,100.0,1005.181,0.009782459,0.04394531,1545.286,0.01279271,0.06091309,25.76564,0.001777432,1498.4,0.00233513,6.885498,3.369102e-05,100,0,1,0,367,2026-08-28 13:26:03.401000+00:00,2,152.10821666666666,,True,2.5351369444444445,0.0,0.0,18.106,1.8062289259990825,36.212,3.612457851998165,36.212,3.612457851998165,2.39,0.23842301630055268,909.5,90.73043235370405,1005.9736713786356,1004.6207948302427,1005.0356742156806,0.1453257843194251,1543.9633615932605,1546.5506535343227,1545.8951752352966,-0.6091752352965614,-1.3528765483928331,0.12003928211211314,2.5872919410621384,0.3720086848585634,0.24082969509223703,True,"PG,MG",0,1.765879693709848,0.0,18.106,1.8094164239745436,34.446120306290155,3.442360312846815,36.212,3.618832847949087,2.39,0.23884376744168556,909.5,90.89054664778787,1006.285844331054,1004.936843687718,1005.1583079013907,0.022692098609354616,1542.5423102123934,1545.1333805965949,1545.3429842080725,-0.05698420807243565,-1.349000643335974,0.11670410653410805,2.5910703842014233,0.3715692723131903,0.25089277641762614,True,"PG,MG",2,1.7548204544617392,1.527492577906693,18.106,1.812162651471135,34.45717954553827,3.448691806443145,36.212,3.62432530294227,2.39,0.23920627068463562,907.9725074220933,90.87561396845881,1006.2993289431896,1004.9499445040053,1005.1635438918883,0.017456108111787216,1542.6159711359912,1545.2067233103712,1545.371285579489,-0.08528557948898197,-1.3493844391842917,0.11697604952888374,2.590752174379933,0.37107437188349196,0.2524105945493541,True,MG,0
368,2026-08-28,13:28:03.403,89,5,90.53,909.5,0.0,0.0,2.39,0.0,0.0,100.0,1005.177,0.04247353,0.2043457,1545.239,0.01711027,0.06298828,25.7568,0.002778592,1498.397,0.01034855,6.885619,4.488917e-05,100,0,1,0,368,2026-08-28 13:28:03.403000+00:00,2,154.10825000000003,,True,2.5684708333333335,0.0,0.0,18.106,1.8062289259990825,36.212,3.612457851998165,36.212,3.612457851998165,2.39,0.23842301630055268,909.5,90.73043235370405,1005.9765470820043,1004.6236705336115,1005.0385499190494,0.1384500809506335,1543.9492591295086,1546.5365510705708,1545.8810727715447,-0.6420727715446901,-1.3528765483928331,0.12003928211211314,2.5872919410621384,0.3720086848585634,0.24082969509223703,True,"PG,MG",0,1.7890988092019182,0.0,18.106,1.8094584105340945,34.422901190798086,3.4401197434371857,36.212,3.618916821068189,2.39,0.23884930968609774,909.5,90.89265571527443,1006.2928399040883,1004.9437654189793,1005.165229632652,0.011770367348049149,1542.5093802410368,1545.1006904485178,1545.3102940599954,-0.07129405999535265,-1.3490744851090293,0.1166960352902341,2.591310207480895,0.372016185069833,0.25042866296973226,True,"PG,MG",2,1.77789415475125,1.5475772001524952,18.106,1.8122409322523387,34.43410584524875,3.446531319908831,36.212,3.6244818645046775,2.39,0.23921660378234227,907.9524227998475,90.8775292795518,1006.3065083867564,1004.9570520008978,1005.1706513887807,0.006348611219323175,1542.5839966546914,1545.1749736262143,1545.3395358953321,-0.10053589533208651,-1.3494563858586166,0.11696917029651935,2.590976971522779,0.3714900399272098,0.2521378767709764,True,MG,2
369,2026-08-28,13:30:03.405,90,5,90.53,909.5,0.0,0.0,2.39,0.0,0.0,100.0,1005.189,0.03169972,0.1256714,1545.186,0.01594904,0.06872559,25.74635,0.002423292,1498.398,0.00770321,6.885758,4.195081e-05,100,0,1,0,369,2026-08-28 13:30:03.405000+00:00,2,156.10828333333333,,True,2.601804722222222,0.0,0.0,18.106,1.8062289259990825,36.212,3.612457851998165,36.212,3.612457851998165,2.39,0.23842301630055268,909.5,90.73043235370405,1005.9799465274335,1004.6270699790407,1005.0419493644786,0.14705063552139563,1543.9325813280363,1546.5198732690985,1545.8643949700725,-0.6783949700725316,-1.3528765483928331,0.12003928211211314,2.5872919410621384,0.3720086848585634,0.24082969509223703,True,"PG,MG",0,1.812317924693988,0.0,18.106,1.8095003990422431,34.39968207530602,3.4378790700426674,36.212,3.6190007980844863,2.39,0.23885485218772565,909.5,90.89476488064288,1006.300358815859,1004.9512080003238,1005.1726722139965,0.01632778600344409,1542.4738486127899,1545.0654028206977,1545.2750064321754,-0.08900643217543802,-1.3491508155351513,0.11668876241367562,2.591554207907815,0.3724724354384722,0.2499732465119825,True,"PG,MG",2,1.8009678550407604,1.5676618223982974,18.106,1.812319219796893,34.41103214495924,3.444370646711495,36.212,3.624638439593786,2.39,0.23922693777281417,907.9323381776017,90.87944475612501,1006.3142114742769,1004.9646807427301,1005.1782801306131,0.010719869386889513,1542.54942288349,1545.1406286625302,1545.305190931648,-0.11919093164806327,-1.3495307315468126,0.11696303791382509,2.5912057790401892,0.3719147189709147,0.2516826913806555,True,MG,2
370,2026-08-28,13:32:03.407,91,5,90.53,909.5,0.0,0.0,2.39,0.0,0.0,100.0,1005.197,0.03268224,0.1209717,1545.134,0.01868056,0.07592773,25.73853,0.001896827,1498.399,0.007733035,6.885894,4.929146e-05,100,0,1,0,370,2026-08-28 13:32:03.407000+00:00,2,158.10831666666667,,True,2.635138611111111,0.0,0.0,18.106,1.8062289259990825,36.212,3.612457851998165,36.212,3.612457851998165,2.39,0.23842301630055268,909.5,90.73043235370405,1005.9824904184453,1004.6296138700525,1005.0444932554904,0.15250674450965107,1543.9200960158762,1546.5073879569384,1545.8519096579123,-0.717909657912287,-1.3528765483928331,0.12003928211211314,2.5872919410621384,0.3720086848585634,0.24082969509223703,True,"PG,MG",0,1.8355370401860582,0.0,18.106,1.8095423894991247,34.37646295981394,3.4356382926560185,36.212,3.6190847789982494,2.39,0.2388603949465872,909.5,90.89687414390002,1006.3070239034726,1004.9577942985213,1005.179258512194,0.017741487806006262,1542.442543276228,1545.0343456228154,1545.243949234293,-0.10994923429302617,-1.3492296049511836,0.11668228126933743,2.591802346587455,0.3729379089869019,0.2495265759983578,True,"PG,MG",2,1.8240415553302713,1.5877464446440999,18.106,1.8123975141056736,34.387958444669735,3.4422097868269432,36.212,3.6247950282113472,2.39,0.239237272656167,907.9122535553558,90.88136039819987,1006.3210606883954,1004.9714532391755,1005.1850526270584,0.011947372941563117,1542.5190705586058,1545.1105091221316,1545.2750713912494,-0.1410713912493975,-1.3496074492198997,0.1169576459461308,2.5914385635256956,0.3723483075254201,0.2512355770394091,True,MG,2
371,2026-08-28,13:34:03.409,92,5,90.53,909.5,0.0,0.0,2.39,0.0,0.0,100.0,1005.219,0.01506926,0.06787109,1545.082,0.009085338,0.04711914,25.72878,0.002813428,1498.402,0.003509876,6.88603,2.366271e-05,100,0,1,0,371,2026-08-28 13:34:03.409000+00:00,2,160.10835,,True,2.6684725,0.0,0.0,18.106,1.8062289259990825,36.212,3.612457851998165,36.212,3.612457851998165,2.39,0.23842301630055268,909.5,90.73043235370405,1005.9856621493158,1004.632785600923,1005.0476649863608,0.17133501363923642,1543.9045234289217,1546.491815369984,1545.8363370709578,-0.7543370709577175,-1.3528765483928331,0.12003928211211314,2.5872919410621384,0.3720086848585634,0.24082969509223703,True,"PG,MG",0,1.8587561556781282,0.0,18.106,1.809584381904875,34.353243844321874,3.4333974112700014,36.212,3.61916876380975,2.39,0.23886593796270025,909.5,90.89898350505267,1006.3143162568462,1004.9650054328657,1005.1864696465384,0.03253035346165234,1542.4081195101867,1545.0001740943296,1545.2097777058073,-0.12777770580714787,-1.3493108239804372,0.11667658532794976,2.5920545841428817,0.3734124909147142,0.24908869981633833,True,"PG,MG",2,1.847115255619782,1.607831066889902,18.106,1.8124758151795581,34.36488474438022,3.4400487402309783,36.212,3.6249516303591163,2.39,0.2392476084325165,907.89216893311,90.88327620579784,1006.3285375020961,1004.978850990045,1005.1924503779279,0.026549622072138845,1542.4856027504127,1545.077278041545,1545.2418403106628,-0.1598403106627302,-1.349686512051155,0.11695298803475339,2.591675291132299,0.37279070365301586,0.2507965792289926,True,MG,2
372,2026-08-28,13:36:03.411,93,5,90.53,909.5,0.0,0.0,2.39,0.0,0.0,100.0,1005.225,0.03136409,0.1624756,1545.031,0.01938874,0.06494141,25.72014,0.002263668,1498.401,0.00753135,6.886165,5.113649e-05,100,0,1,0,372,2026-08-28 13:36:03.411000+00:00,2,162.10838333333334,,True,2.701806388888889,0.0,0.0,18.106,1.8062289259990825,36.212,3.612457851998165,36.212,3.612457851998165,2.39,0.23842301630055268,909.5,90.73043235370405,1005.9884727905933,1004.6355962422004,1005.0504756276383,0.17452437236170226,1543.8907182865478,1546.47801022761,1545.8225319285839,-0.791531928583936,-1.3528765483928331,0.12003928211211314,2.5872919410621384,0.3720086848585634,0.24082969509223703,True,"PG,MG",0,1.8819752711701985,0.0,18.106,1.8096263762596299,34.330024728829805,3.4311564258773752,36.212,3.6192527525192597,2.39,0.2388714812360828,909.5,90.90109296410766,1006.321248498274,1004.9718540547266,1005.1933182683993,0.031681731600770036,1542.375475781301,1544.9677866620232,1545.1773902735008,-0.14639027350085598,-1.3493944435474725,0.11667166817133248,2.5923108807221804,0.37389606610077597,0.24865966576474877,True,"PG,MG",2,1.8701889559092928,1.6279156891357045,18.106,1.8125541230194229,34.34181104409071,3.437887506899401,36.212,3.6251082460388457,2.39,0.23925794510197834,907.8720843108644,90.88519217894034,1006.3356542798108,1004.9858863863807,1005.1994857742636,0.025514225736401386,1542.453912678206,1545.0458286057835,1545.2103908749013,-0.17939087490140082,-1.3497678934301072,0.11694905790271365,2.5919159275773667,0.37324180500808873,0.250365742964318,True,MG,2
373,2026-08-28,13:38:03.413,94,5,90.53,909.5,0.0,0.0,2.39,0.0,0.0,100.0,1005.244,0.002201158,0.008361816,1544.996,0.01079422,0.046875,25.71253,0.001397742,1498.405,0.0002850315,6.886256,2.844483e-05,100,1,1,1,373,2026-08-28 13:38:03.413000+00:00,2,164.10841666666664,,True,2.7351402777777776,0.0,0.0,18.106,1.8062289259990825,36.212,3.612457851998165,36.212,3.612457851998165,2.39,0.23842301630055268,909.5,90.73043235370405,1005.9909483668152,1004.6380718184224,1005.0529512038603,0.19104879613973935,1543.8785546679753,1546.4658466090375,1545.8103683100114,-0.8143683100113321,-1.3528765483928331,0.12003928211211314,2.5872919410621384,0.3720086848585634,0.24082969509223703,True,"PG,MG",0,1.9051943866622683,0.0,18.106,1.8096683725635245,34.30680561333774,3.4289153364708986,36.212,3.619336745127049,2.39,0.23887702476675265,909.5,90.90320252107178,1006.3278466299381,1004.978366195046,1005.1998304087186,0.04416959128138842,1542.3444855521905,1544.9370567481967,1545.1466603596743,-0.15066035967424796,-1.3494804348921643,0.116667523496998,2.592571196006334,0.3743885191504213,0.24823952103158792,True,"PG,MG",2,1.8932626561988033,1.6480003113815065,18.106,1.8126324376261451,34.3187373438012,3.4357260868080077,36.212,3.6252648752522902,2.39,0.23926828266466843,907.8519996886185,90.8871083176489,1006.3424370274521,1004.9925854604761,1005.206184848359,0.03781515164098437,1542.423873878975,1545.016034317123,1545.1805965862409,-0.18459658624078656,-1.3498515669760036,0.11694584935992802,2.5921604381480376,0.3737015088775883,0.24994311277469528,True,MG,2
374,2026-08-28,13:40:03.415,95,5,90.53,909.5,0.0,0.0,2.39,0.0,0.0,100.0,1005.251,0.002617538,0.01367188,1544.962,0.01013741,0.04699707,25.70763,0.001102506,1498.405,0.000410677,6.886345,2.675242e-05,100,0,1,0,374,2026-08-28 13:40:03.415000+00:00,2,166.10845,,True,2.7684741666666666,0.0,0.0,18.106,1.8062289259990825,36.212,3.612457851998165,36.212,3.612457851998165,2.39,0.23842301630055268,909.5,90.73043235370405,1005.9925423645559,1004.6396658161631,1005.054545201601,0.19645479839903146,1543.8707205450046,1546.4580124860668,1545.8025341870407,-0.8405341870407028,-1.3528765483928331,0.12003928211211314,2.5872919410621384,0.3720086848585634,0.24082969509223703,True,"PG,MG",0,1.9284135021543385,0.0,18.106,1.8097103708166953,34.28358649784566,3.4266741430433294,36.212,3.6194207416333906,2.39,0.2388825685547278,909.5,90.90531217595186,1006.333565051946,1004.983996282363,1005.2054604960357,0.04553950396427808,1542.3178626088325,1544.9106980980503,1545.120301709528,-0.15830170952790468,-1.3495687695830458,0.1166641451220949,2.59283548921774,0.37488973444232493,0.24782831217186133,True,"PG,MG",2,1.9163363564883142,1.668084933627309,18.106,1.812710759000602,34.29566364351169,3.433564479932587,36.212,3.625421518001204,2.39,0.23927862112070244,907.8319150663727,90.88902462194491,1006.3483399931192,1004.9984024865685,1005.2120018744514,0.038998125548573626,1542.3981970443444,1544.9906058320516,1545.1551681011695,-0.19316810116947636,-1.3499375065507206,0.11694335630787231,2.592408787707142,0.37416971222132256,0.249528732685036,True,MG,2
377,2026-08-28,13:46:03.421,98,5,90.53,909.5,0.0,0.0,2.39,0.0,0.0,100.0,1005.273,0.002626776,0.01037598,1544.839,0.00858958,0.03430176,25.6857,0.002301951,1498.406,0.0006719514,6.886665,2.239764e-05,100,0,1,0,377,2026-08-28 13:46:03.421000+00:00,2,172.10855,,True,2.8684758333333336,0.0,0.0,18.106,1.8062289259990825,36.212,3.612457851998165,36.212,3.612457851998165,2.39,0.23842301630055268,909.5,90.73043235370405,1005.9996763168491,1004.6467997684563,1005.0616791538941,0.21132084610587754,1543.8356387461179,1546.42293068718,1545.767452388154,-0.9284523881540281,-1.3528765483928331,0.12003928211211314,2.5872919410621384,0.3720086848585634,0.24082969509223703,True,"PG,MG",0,1.998070848630549,0.0,18.106,1.8098363772732198,34.213929151369456,3.4199499385616425,36.212,3.6196727545464396,2.39,0.23889920146266402,909.5,90.91164172815604,1006.3530710397592,1005.0032234851519,1005.2246876988246,0.04831230117542873,1542.2262894851317,1544.8199413070893,1545.029544918567,-0.19054491856695677,-1.3498475546072803,0.11665854782438738,2.593651821957598,0.3764447951326262,0.24664875642377287,True,"PG,MG",2,1.9855574573568466,1.728338800364716,18.106,1.8129457637391542,34.226442542643156,3.427078538360017,36.212,3.6258915274783083,2.39,0.23930964185002643,907.7716611996353,90.89477452857248,1006.368401250496,1005.0181925865348,1005.2317919744178,0.04120802558225023,1542.3094724725086,1544.902648985226,1545.0672112543439,-0.22821125434393252,-1.3502086639611806,0.11694011056730723,2.5931765127174193,0.3756242846290935,0.24833552530377573,True,MG,2
378,2026-08-28,13:48:03.423,99,5,90.53,909.5,0.0,0.0,2.39,0.0,0.0,100.0,1005.283,0.005446029,0.02435303,1544.815,0.008812963,0.04467773,25.67759,0.001821336,1498.407,0.001029658,6.886727,2.312421e-05,100,0,1,0,378,2026-08-28 13:48:03.423000+00:00,2,174.1085833333333,,True,2.901809722222222,0.0,0.0,18.106,1.8062289259990825,36.212,3.612457851998165,36.212,3.612457851998165,2.39,0.23842301630055268,909.5,90.73043235370405,1006.0023145450884,1004.6494379966956,1005.0643173821335,0.2186826178665342,1543.8226567202198,1546.409948661282,1545.754470362256,-0.9394703622558609,-1.3528765483928331,0.12003928211211314,2.5872919410621384,0.3720086848585634,0.24082969509223703,True,"PG,MG",0,2.021289964122619,0.0,18.106,1.809878383324851,34.19071003587739,3.417708328977274,36.212,3.619756766649702,2.39,0.2389047462800394,909.5,90.91375177476814,1006.3598336946253,1005.0098887092589,1005.2313529229316,0.05164707706842364,1542.1944587055214,1544.788390315786,1544.9979939272637,-0.18299392726362385,-1.3499449853663927,0.11665817531264405,2.5939316102646153,0.3769799002669838,0.24627374317406162,True,"PG,MG",2,2.008631157646357,1.7484234226105182,18.106,1.8130241121933242,34.20336884235365,3.4249161841063196,36.212,3.6260482243866483,2.39,0.23931998388059453,907.7515765773895,90.8966914954331,1006.3753494041882,1005.0250459926459,1005.2386453805289,0.04435461947116437,1542.2785918223913,1544.8720316809997,1545.0365939501175,-0.2215939501174944,-1.3503034115423551,0.11694042045762193,2.5934398586084195,0.37612545032304306,0.24795457511646407,True,MG,2
379,2026-08-28,13:57:43.139,100,5,90.53,909.5,0.0,0.0,2.39,0.0,0.0,100.0,1005.27,0.004611318,0.02124023,1544.83,0.0148504,0.06872559,25.69677,0.005559029,1498.407,0.001029547,6.886693,3.841159e-05,100,0,1,0,379,2026-08-28 13:57:43.139000+00:00,2,183.77051666666665,,True,3.0628419444444446,0.0,0.0,18.106,1.8062289259990825,36.212,3.612457851998165,36.212,3.612457851998165,2.39,0.23842301630055268,909.5,90.73043235370405,1005.996075183788,1004.6431986353952,1005.058078020833,0.21192197916695932,1543.8533517221886,1546.4406436632507,1545.7851653642247,-0.9551653642247402,-1.3528765483928331,0.12003928211211314,2.5872919410621384,0.3720086848585634,0.24082969509223703,True,"PG,MG",0,2.133458867612568,0.0,18.106,1.8100813372439128,34.078541132387436,3.4068779025866305,36.212,3.6201626744878257,2.39,0.23893153628702923,909.5,90.9239465493946,1006.3735589388642,1005.0231126658654,1005.244576879538,0.025423120461937287,1542.135018336221,1544.7303538503422,1544.9399574618199,-0.10995746181993127,-1.350446272998902,0.11666666379664342,2.595335514121155,0.37967808862975966,0.24459183563669556,True,"PG,MG",2,2.120097576847987,1.8454499460838565,18.106,1.813402700051142,34.091902423152014,3.4144674640463895,36.212,3.626805400102284,2.39,0.23936995764510266,907.6545500539162,90.90595447815508,1006.3899674761585,1005.0391766538659,1005.2527760417488,0.017223958251179283,1542.2236199865097,1544.818382867904,1544.9829451370217,-0.15294513702178847,-1.3507908222926661,0.11695148907396259,2.594762881394234,0.3786570531630903,0.2462341504872335,True,MG,2
380,2026-08-28,13:59:43.141,101,5,90.53,909.5,0.0,0.0,2.39,0.0,0.0,100.0,1005.285,0.003314579,0.01318359,1544.793,0.009757817,0.04846191,25.6894,0.0005887411,1498.41,0.0008694873,6.886789,2.603524e-05,100,0,1,0,380,2026-08-28 13:59:43.141000+00:00,2,185.77055000000001,,True,3.0961758333333336,0.0,0.0,18.106,1.8062289259990825,36.212,3.612457851998165,36.212,3.612457851998165,2.39,0.23842301630055268,909.5,90.73043235370405,1005.9984726861458,1004.6455961377529,1005.0604755231908,0.2245244768091652,1543.8415600035355,1546.4288519445977,1545.7733736455716,-0.9803736455717171,-1.3528765483928331,0.12003928211211314,2.5872919410621384,0.3720086848585634,0.24082969509223703,True,"PG,MG",0,2.1566779831046383,0.0,18.106,1.8101233546674198,34.05532201689537,3.4046356861538647,36.212,3.6202467093348396,2.39,0.23893708260549723,909.5,90.92605716723838,1006.3800840944415,1005.0295278866614,1005.2509921003341,0.03400789966588036,1542.1043818304813,1544.7000184840847,1544.9096220955623,-0.11662209556243397,-1.3505562077801145,0.11667051621881713,2.595636653603435,0.3802592722413499,0.24427080513122476,True,"PG,MG",2,2.143171277137498,1.865534568329659,18.106,1.813481088005158,34.068828722862506,3.4123040196287455,36.212,3.626962176010316,2.39,0.2393803048896679,907.6344654316704,90.90787241146612,1006.3966789873273,1005.0457812813988,1005.2593806692818,0.025619330718200217,1542.1939285296949,1544.7889755465221,1544.95353781564,-0.16053781564005476,-1.3508977059283924,0.1169557266306398,2.595047016827204,0.37920328614993487,0.24590310146021477,True,MG,2
381,2026-08-28,14:01:43.143,102,5,90.53,909.5,0.0,0.0,2.39,0.0,0.0,100.0,1005.295,0.003297294,0.02044678,1544.773,0.0095679,0.05383301,25.69311,0.001476682,1498.414,0.001008339,6.886845,2.5641e-05,100,0,1,0,381,2026-08-28 14:01:43.143000+00:00,2,187.77058333333335,,True,3.1295097222222226,0.0,0.0,18.106,1.8062289259990825,36.212,3.612457851998165,36.212,3.612457851998165,2.39,0.23842301630055268,909.5,90.73043235370405,1005.9972658023469,1004.644389253954,1005.0592686393919,0.23573136060804245,1543.8474963256365,1546.4347882666987,1545.7793099676726,-1.0063099676726779,-1.3528765483928331,0.12003928211211314,2.5872919410621384,0.3720086848585634,0.24082969509223703,True,"PG,MG",0,2.1798970985967085,0.0,18.106,1.810165374041673,34.03210290140329,3.402393365621528,36.212,3.620330748083346,2.39,0.2389426291814646,909.5,90.92816788307199,1006.3830118798555,1005.0323436778976,1005.2538078915703,0.04119210842964094,1542.0916573451461,1544.6875986480688,1544.8972022595465,-0.12420225954656416,-1.3506682019579217,0.11667507610703126,2.595941302922732,0.3808479637403192,0.2439591681647779,True,"PG,MG",2,2.166244977427009,1.8856191905754611,18.106,1.8135594827364185,34.045755022573,3.4101403881646033,36.212,3.627118965472837,2.39,0.23939065302883245,907.6143808094246,90.9097905105973,1006.3997921969676,1005.0487856059499,1005.2623849938328,0.0326150061671342,1542.182126271551,1544.7774608571633,1544.9420231262811,-0.16902312628121763,-1.3510065910176916,0.11696062026930569,2.595334585612337,0.3797568924311181,0.24558074190424656,True,MG,2
382,2026-08-28,14:03:43.145,103,5,90.53,909.5,0.0,0.0,2.39,0.0,0.0,100.0,1005.296,0.02261775,0.1121826,1544.761,0.01074965,0.0526123,25.69817,0.0009673203,1498.415,0.005499321,6.886878,2.876896e-05,100,0,1,0,382,2026-08-28 14:03:43.145000+00:00,2,189.77061666666665,,True,3.1628436111111107,0.0,0.0,18.106,1.8062289259990825,36.212,3.612457851998165,36.212,3.612457851998165,2.39,0.23842301630055268,909.5,90.73043235370405,1005.9956197559139,1004.6427432075211,1005.057622592959,0.2383774070410709,1543.8555912494028,1546.442883190465,1545.7874048914389,-1.026404891438915,-1.3528765483928331,0.12003928211211314,2.5872919410621384,0.3720086848585634,0.24082969509223703,True,"PG,MG",0,2.2031162140887783,0.0,18.106,1.8102073953668085,34.00888378591122,3.400150940982372,36.212,3.620414790733617,2.39,0.2389481760149493,909.5,90.93027869690225,1006.3855018679744,1005.0347196362424,1005.256183849915,0.03981615008501649,1542.0811152803167,1544.6773646970657,1544.8869683085434,-0.12596830854340624,-1.3507822317320612,0.11668033876894424,2.59624941674904,0.38144404822689965,0.24365696215027663,True,"PG,MG",2,2.189318677716519,1.905703812821263,18.106,1.813637884245803,34.02268132228348,3.4079765696297035,36.212,3.627275768491606,2.39,0.2394010020627123,907.5942961871788,90.91170877557016,1006.4024676206099,1005.0513501655462,1005.2649495534291,0.031050446570930035,1542.1725027947111,1544.7681283429356,1544.9326906120534,-0.17169061205345315,-1.351117455063657,0.11696616514472585,2.595625548224538,0.3803177680569672,0.2452671084580106,True,MG,2
383,2026-08-28,14:05:43.147,104,5,90.53,909.5,0.0,0.0,2.39,0.0,0.0,100.0,1005.304,0.003049586,0.012146,1544.749,0.008901481,0.04589844,25.70342,0.001942087,1498.418,0.0007569791,6.886911,2.371845e-05,100,0,1,0,383,2026-08-28 14:05:43.147000+00:00,2,191.77065,,True,3.1961774999999997,0.0,0.0,18.106,1.8062289259990825,36.212,3.612457851998165,36.212,3.612457851998165,2.39,0.23842301630055268,909.5,90.73043235370405,1005.9939119013344,1004.6410353529416,1005.0559147383794,0.24808526162053113,1543.8639882838243,1546.4512802248864,1545.7958019258604,-1.0468019258603363,-1.3528765483928331,0.12003928211211314,2.5872919410621384,0.3720086848585634,0.24082969509223703,True,"PG,MG",0,2.226335329580848,0.0,18.106,1.8102494186429623,33.985664670419155,3.397908412229147,36.212,3.6204988372859246,2.39,0.23895372310596927,909.5,90.932389608736,1006.3879307334643,1005.0370324597313,1005.258496673404,0.04550332659596279,1542.0708798694673,1544.6674408189274,1544.877044430405,-0.1280444304049979,-1.3508982737329651,0.1166862996267346,2.5965609494601405,0.38204741113342044,0.24336422359314624,True,"PG,MG",2,2.21239237800603,1.9257884350670653,18.106,1.8137162925341905,33.999607621993974,3.405812563999785,36.212,3.627432585068381,2.39,0.23941135199142355,907.574211564933,90.91362720640622,1006.4050820464158,1005.0538517704922,1005.2674511583751,0.036548841624835404,1542.163184640974,1544.7591045058107,1544.9236667749285,-0.17466677492848248,-1.3512302759235992,0.11697235651695208,2.595919864836731,0.38088580924006066,0.2449622370185189,True,MG,2
384,2026-08-28,14:07:43.149,105,5,90.53,909.5,0.0,0.0,2.39,0.0,0.0,100.0,1005.309,0.002051466,0.01239014,1544.738,0.007508379,0.04101562,25.71,0.001584894,1498.42,0.000739957,6.886942,2.00936e-05,100,0,1,0,384,2026-08-28 14:07:43.149000+00:00,2,193.77068333333332,,True,3.2295113888888887,0.0,0.0,18.106,1.8062289259990825,36.212,3.612457851998165,36.212,3.612457851998165,2.39,0.23842301630055268,909.5,90.73043235370405,1005.9917713901476,1004.6388948417548,1005.0537742271927,0.2552257728073073,1543.8745099073633,1546.4618018484255,1545.8063235493994,-1.068323549399338,-1.3528765483928331,0.12003928211211314,2.5872919410621384,0.3720086848585634,0.24082969509223703,True,"PG,MG",0,2.2495544450729184,0.0,18.106,1.8102914438702697,33.962445554927086,3.3956657793545992,36.212,3.6205828877405395,2.39,0.23895927045454238,909.5,90.93450061858005,1006.3899283273605,1005.0389120223364,1005.260376236009,0.04862376399091772,1542.0627934691931,1544.6596693243519,1544.8692729358295,-0.13127293582942912,-1.3510163050241706,0.11669295421279302,2.5968758551588067,0.38265793826347433,0.24308098807148415,True,"PG,MG",2,2.2354660782955404,1.9458730573128677,18.106,1.8137947076024599,33.976533921704466,3.40364837125058,36.212,3.6275894152049197,2.39,0.2394217028150822,907.5541269426872,90.91554580312696,1006.407265208598,1005.0559201767848,1005.2695195646677,0.03948043533227974,1542.156011787575,1544.7522292829078,1544.9167915520256,-0.1787915520255865,-1.3513450318132791,0.11697918974902592,2.596217495332957,0.38146091239032814,0.2446661627235308,True,MG,2
