SeqNo,Date,UTC Time,Nr,ProbeNr,m_SL120,m_Wasser,m_IPA,m_PG,m_MG,m_vorher,m_nachher,Pumpe_pct,Rho_M,Rho_S,Rho_Sp,C_M,C_S,C_Sp,T_M,T_S,Per_M,Per_S,RunT_M,RunT_S,N,Stabil,SensOK,Gueltig
       2001,2026-10-01,11:07:20.650,        424,        304,   9.000000E+2,   9.000000E+3,   0.000000E+0,   0.000000E+0,   2.250000E+1,   0.000000E+0,   0.000000E+0,   0.000000E+0,   1.008165E+3,   9.894556E-2,   3.721313E-1,   1.474930E+3,   1.647191E-1,   7.250977E-1,   2.458377E+1,   7.276542E-3,   1.498872E+3,   2.472535E-2,   7.081472E+0,   4.816837E-4,   100,1,1,1
       2002,2026-10-01,11:07:50.652,        425,        304,   9.000000E+2,   9.000000E+3,   0.000000E+0,   0.000000E+0,   2.250000E+1,   0.000000E+0,   0.000000E+0,   0.000000E+0,   1.008197E+3,   8.452877E-2,   4.136353E-1,   1.474904E+3,   1.580867E-1,   6.925049E-1,   2.459172E+1,   8.215092E-3,   1.498882E+3,   2.005201E-2,   7.081553E+0,   4.622139E-4,   100,1,1,1
       2003,2026-10-01,11:08:20.654,        426,        304,   9.000000E+2,   9.000000E+3,   0.000000E+0,   0.000000E+0,   2.250000E+1,   0.000000E+0,   0.000000E+0,   0.000000E+0,   1.008188E+3,   8.738869E-2,   4.136353E-1,   1.474911E+3,   1.736231E-1,   8.879395E-1,   2.460058E+1,   8.898633E-3,   1.498882E+3,   2.051204E-2,   7.081535E+0,   5.072673E-4,   100,1,1,1
       2004,2026-10-01,11:08:50.656,        427,        304,   9.000000E+2,   9.000000E+3,   0.000000E+0,   0.000000E+0,   2.250000E+1,   0.000000E+0,   0.000000E+0,   0.000000E+0,   1.008218E+3,   1.142973E-1,   4.970703E-1,   1.474898E+3,   1.776443E-1,   8.879395E-1,   2.460944E+1,   9.104013E-3,   1.498891E+3,   2.852338E-2,   7.081573E+0,   5.198197E-4,   100,1,1,1
       2005,2026-10-01,11:09:20.658,        428,        304,   9.000000E+2,   9.000000E+3,   0.000000E+0,   0.000000E+0,   2.250000E+1,   0.000000E+0,   0.000000E+0,   0.000000E+0,   1.008274E+3,   1.232618E-1,   5.008545E-1,   1.474880E+3,   1.767934E-1,   8.879395E-1,   2.461890E+1,   8.601801E-3,   1.498906E+3,   3.094690E-2,   7.081629E+0,   5.169521E-4,   100,1,1,1
       2006,2026-10-01,11:09:50.660,        429,        304,   9.000000E+2,   9.000000E+3,   0.000000E+0,   0.000000E+0,   2.250000E+1,   0.000000E+0,   0.000000E+0,   0.000000E+0,   1.008331E+3,   7.069442E-2,   2.738647E-1,   1.474866E+3,   1.608032E-1,   8.061523E-1,   2.462752E+1,   8.125068E-3,   1.498921E+3,   1.720612E-2,   7.081672E+0,   4.699361E-4,   100,1,1,1
       2007,2026-10-01,11:10:20.662,        430,        304,   9.000000E+2,   9.000000E+3,   0.000000E+0,   0.000000E+0,   2.250000E+1,   0.000000E+0,   0.000000E+0,   0.000000E+0,   1.008336E+3,   7.052595E-2,   2.398071E-1,   1.474875E+3,   1.559704E-1,   8.061523E-1,   2.463590E+1,   8.012280E-3,   1.498924E+3,   1.727651E-2,   7.081648E+0,   4.560391E-4,   100,1,1,1
       2008,2026-10-01,11:10:50.664,        431,        304,   9.000000E+2,   9.000000E+3,   0.000000E+0,   0.000000E+0,   2.250000E+1,   0.000000E+0,   0.000000E+0,   0.000000E+0,   1.008299E+3,   9.726457E-2,   4.417114E-1,   1.474902E+3,   1.655414E-1,   9.034424E-1,   2.464453E+1,   8.452224E-3,   1.498917E+3,   2.304692E-2,   7.081570E+0,   4.834145E-4,   100,1,1,1
       2009,2026-10-01,11:11:20.666,        432,        304,   9.000000E+2,   9.000000E+3,   0.000000E+0,   0.000000E+0,   2.250000E+1,   0.000000E+0,   0.000000E+0,   0.000000E+0,   1.008288E+3,   9.329769E-2,   4.417114E-1,   1.474957E+3,   1.795470E-1,   9.793701E-1,   2.465279E+1,   8.469187E-3,   1.498916E+3,   2.229983E-2,   7.081412E+0,   5.239615E-4,   100,1,1,1
       2010,2026-10-01,11:11:50.668,        433,        304,   9.000000E+2,   9.000000E+3,   0.000000E+0,   0.000000E+0,   2.250000E+1,   0.000000E+0,   0.000000E+0,   0.000000E+0,   1.008314E+3,   1.159837E-1,   5.609131E-1,   1.475007E+3,   1.883429E-1,   9.301758E-1,   2.466120E+1,   7.502854E-3,   1.498924E+3,   2.847957E-2,   7.081269E+0,   5.499527E-4,   100,1,1,1
       2011,2026-10-01,11:12:20.670,        434,        304,   9.000000E+2,   9.000000E+3,   0.000000E+0,   0.000000E+0,   2.250000E+1,   0.000000E+0,   0.000000E+0,   0.000000E+0,   1.008265E+3,   1.453787E-1,   6.986694E-1,   1.475102E+3,   2.181392E-1,   1.083008E+0,   2.466842E+1,   6.653539E-3,   1.498914E+3,   3.504296E-2,   7.080995E+0,   6.366083E-4,   100,0,1,0
       2012,2026-10-01,11:12:50.672,        435,        304,   9.000000E+2,   9.000000E+3,   0.000000E+0,   0.000000E+0,   2.250000E+1,   0.000000E+0,   0.000000E+0,   0.000000E+0,   1.008255E+3,   1.377288E-1,   6.986694E-1,   1.475170E+3,   2.146684E-1,   1.083008E+0,   2.467571E+1,   6.869594E-3,   1.498913E+3,   3.237234E-2,   7.080796E+0,   6.264405E-4,   100,0,1,0
       2013,2026-10-01,11:13:20.674,        436,        304,   9.000000E+2,   9.000000E+3,   0.000000E+0,   0.000000E+0,   2.250000E+1,   0.000000E+0,   0.000000E+0,   0.000000E+0,   1.008202E+3,   9.428701E-2,   5.074463E-1,   1.475253E+3,   1.614440E-1,   9.088135E-1,   2.468294E+1,   7.555795E-3,   1.498902E+3,   2.333177E-2,   7.080556E+0,   4.715643E-4,   100,1,1,1
       2014,2026-10-01,11:13:50.676,        437,        304,   9.000000E+2,   9.000000E+3,   0.000000E+0,   0.000000E+0,   2.250000E+1,   0.000000E+0,   0.000000E+0,   0.000000E+0,   1.008259E+3,   9.583202E-2,   3.826294E-1,   1.475245E+3,   1.632193E-1,   7.905273E-1,   2.469130E+1,   8.220696E-3,   1.498918E+3,   2.443558E-2,   7.080582E+0,   4.775188E-4,   100,1,1,1
       2015,2026-10-01,11:14:20.678,        438,        304,   9.000000E+2,   9.000000E+3,   0.000000E+0,   0.000000E+0,   2.250000E+1,   0.000000E+0,   0.000000E+0,   0.000000E+0,   1.008285E+3,   1.342703E-1,   7.480469E-1,   1.475230E+3,   1.677091E-1,   8.852539E-1,   2.469960E+1,   8.456087E-3,   1.498925E+3,   3.307309E-2,   7.080627E+0,   4.901230E-4,   100,0,1,0
       2016,2026-10-01,11:14:50.680,        439,        304,   9.000000E+2,   9.000000E+3,   0.000000E+0,   0.000000E+0,   2.250000E+1,   0.000000E+0,   0.000000E+0,   0.000000E+0,   1.008248E+3,   1.859197E-1,   8.039551E-1,   1.475257E+3,   1.857235E-1,   8.852539E-1,   2.470796E+1,   7.914133E-3,   1.498918E+3,   4.418917E-2,   7.080551E+0,   5.421012E-4,   100,0,1,0
       2017,2026-10-01,11:15:20.682,        440,        304,   9.000000E+2,   9.000000E+3,   0.000000E+0,   0.000000E+0,   2.250000E+1,   0.000000E+0,   0.000000E+0,   0.000000E+0,   1.008263E+3,   1.935108E-1,   8.713989E-1,   1.475235E+3,   2.077782E-1,   1.128662E+0,   2.471608E+1,   7.664968E-3,   1.498923E+3,   4.690491E-2,   7.080618E+0,   6.074125E-4,   100,0,1,0
       2018,2026-10-01,11:15:50.684,        441,        304,   9.000000E+2,   9.000000E+3,   0.000000E+0,   0.000000E+0,   2.250000E+1,   0.000000E+0,   0.000000E+0,   0.000000E+0,   1.008253E+3,   2.015111E-1,   9.059448E-1,   1.475257E+3,   2.131534E-1,   1.128662E+0,   2.472403E+1,   7.652377E-3,   1.498922E+3,   4.964754E-2,   7.080556E+0,   6.234684E-4,   100,0,1,0
       2019,2026-10-01,11:16:20.686,        442,        304,   9.000000E+2,   9.000000E+3,   0.000000E+0,   0.000000E+0,   2.250000E+1,   0.000000E+0,   0.000000E+0,   0.000000E+0,   1.008335E+3,   1.002079E-1,   3.778076E-1,   1.475217E+3,   1.812380E-1,   9.925537E-1,   2.473202E+1,   7.806041E-3,   1.498944E+3,   2.409652E-2,   7.080674E+0,   5.294548E-4,   100,1,1,1
       2020,2026-10-01,11:16:50.688,        443,        304,   9.000000E+2,   9.000000E+3,   0.000000E+0,   0.000000E+0,   2.250000E+1,   0.000000E+0,   0.000000E+0,   0.000000E+0,   1.008315E+3,   1.187112E-1,   4.849854E-1,   1.475211E+3,   1.966239E-1,   9.925537E-1,   2.474034E+1,   8.111431E-3,   1.498941E+3,   2.810534E-2,   7.080694E+0,   5.739009E-4,   100,1,1,1
       2021,2026-10-01,11:17:20.690,        444,        304,   9.000000E+2,   9.000000E+3,   0.000000E+0,   0.000000E+0,   2.250000E+1,   0.000000E+0,   0.000000E+0,   0.000000E+0,   1.008255E+3,   1.083816E-1,   4.855347E-1,   1.475293E+3,   2.007482E-1,   1.295776E+0,   2.474883E+1,   8.550218E-3,   1.498928E+3,   2.594351E-2,   7.080459E+0,   5.857341E-4,   100,1,1,1
       2022,2026-10-01,11:17:50.692,        445,        304,   9.000000E+2,   9.000000E+3,   0.000000E+0,   0.000000E+0,   2.250000E+1,   0.000000E+0,   0.000000E+0,   0.000000E+0,   1.008218E+3,   1.320211E-1,   5.753174E-1,   1.475351E+3,   2.115736E-1,   1.295776E+0,   2.475762E+1,   8.408373E-3,   1.498921E+3,   3.108024E-2,   7.080291E+0,   6.170421E-4,   100,1,1,1
       2023,2026-10-01,11:18:20.694,        446,        304,   9.000000E+2,   9.000000E+3,   0.000000E+0,   0.000000E+0,   2.250000E+1,   0.000000E+0,   0.000000E+0,   0.000000E+0,   1.008198E+3,   1.153860E-1,   5.084839E-1,   1.475378E+3,   2.107985E-1,   1.193726E+0,   2.476605E+1,   8.164398E-3,   1.498918E+3,   2.831986E-2,   7.080215E+0,   6.158428E-4,   100,1,1,1
       2024,2026-10-01,11:18:50.696,        447,        304,   9.000000E+2,   9.000000E+3,   0.000000E+0,   0.000000E+0,   2.250000E+1,   0.000000E+0,   0.000000E+0,   0.000000E+0,   1.008279E+3,   1.677106E-1,   7.545166E-1,   1.475279E+3,   2.710024E-1,   1.347412E+0,   2.477467E+1,   8.125764E-3,   1.498939E+3,   4.163250E-2,   7.080505E+0,   7.932758E-4,   100,0,1,0
       2025,2026-10-01,11:19:20.698,        448,        304,   9.000000E+2,   9.000000E+3,   0.000000E+0,   0.000000E+0,   2.250000E+1,   0.000000E+0,   0.000000E+0,   0.000000E+0,   1.008422E+3,   1.598271E-1,   5.464478E-1,   1.475118E+3,   2.558490E-1,   1.145264E+0,   2.478327E+1,   8.644837E-3,   1.498975E+3,   3.980381E-2,   7.080979E+0,   7.492166E-4,   100,1,1,1
       2026,2026-10-01,11:19:50.700,        449,        304,   9.000000E+2,   9.000000E+3,   0.000000E+0,   0.000000E+0,   2.250000E+1,   0.000000E+0,   0.000000E+0,   0.000000E+0,   1.008469E+3,   1.242178E-1,   4.627686E-1,   1.475036E+3,   2.011859E-1,   1.010376E+0,   2.479231E+1,   8.825422E-3,   1.498989E+3,   3.023960E-2,   7.081220E+0,   5.885992E-4,   100,1,1,1
       2027,2026-10-01,11:20:20.702,        450,        304,   9.000000E+2,   9.000000E+3,   0.000000E+0,   0.000000E+0,   2.250000E+1,   0.000000E+0,   0.000000E+0,   0.000000E+0,   1.008502E+3,   9.561274E-2,   3.775635E-1,   1.474985E+3,   1.639715E-1,   7.595215E-1,   2.480125E+1,   8.645620E-3,   1.498998E+3,   2.239225E-2,   7.081373E+0,   4.793572E-4,   100,1,1,1
       2028,2026-10-01,11:20:50.704,        451,        304,   9.000000E+2,   9.000000E+3,   0.000000E+0,   0.000000E+0,   2.250000E+1,   0.000000E+0,   0.000000E+0,   0.000000E+0,   1.008481E+3,   1.126729E-1,   4.103394E-1,   1.474979E+3,   1.851919E-1,   8.337402E-1,   2.481015E+1,   8.422299E-3,   1.498995E+3,   2.669762E-2,   7.081393E+0,   5.415468E-4,   100,1,1,1
       2029,2026-10-01,11:21:20.706,        452,        304,   9.000000E+2,   9.000000E+3,   0.000000E+0,   0.000000E+0,   2.250000E+1,   0.000000E+0,   0.000000E+0,   0.000000E+0,   1.008413E+3,   1.651270E-1,   6.442261E-1,   1.475020E+3,   2.081655E-1,   1.011353E+0,   2.481888E+1,   8.461434E-3,   1.498980E+3,   3.902657E-2,   7.081276E+0,   6.075175E-4,   100,0,1,0
       2030,2026-10-01,11:21:50.708,        453,        304,   9.000000E+2,   9.000000E+3,   0.000000E+0,   0.000000E+0,   2.250000E+1,   0.000000E+0,   0.000000E+0,   0.000000E+0,   1.008382E+3,   1.733932E-1,   6.497803E-1,   1.475064E+3,   2.155146E-1,   1.030396E+0,   2.482753E+1,   8.420698E-3,   1.498975E+3,   4.124133E-2,   7.081148E+0,   6.290390E-4,   100,0,1,0
       2031,2026-10-01,11:22:20.710,        454,        304,   9.000000E+2,   9.000000E+3,   0.000000E+0,   0.000000E+0,   2.250000E+1,   0.000000E+0,   0.000000E+0,   0.000000E+0,   1.008365E+3,   1.602795E-1,   6.497803E-1,   1.475126E+3,   1.832839E-1,   9.271240E-1,   2.483613E+1,   8.205571E-3,   1.498972E+3,   3.951811E-2,   7.080969E+0,   5.358984E-4,   100,0,1,0
       2032,2026-10-01,11:22:50.712,        455,        304,   9.000000E+2,   9.000000E+3,   0.000000E+0,   0.000000E+0,   2.250000E+1,   0.000000E+0,   0.000000E+0,   0.000000E+0,   1.008440E+3,   1.658427E-1,   6.659546E-1,   1.475076E+3,   1.921046E-1,   9.271240E-1,   2.484504E+1,   8.721179E-3,   1.498992E+3,   4.106254E-2,   7.081118E+0,   5.624419E-4,   100,0,1,0
       2033,2026-10-01,11:23:20.714,        456,        304,   9.000000E+2,   9.000000E+3,   0.000000E+0,   0.000000E+0,   2.250000E+1,   0.000000E+0,   0.000000E+0,   0.000000E+0,   1.008538E+3,   8.855370E-2,   4.185181E-1,   1.475013E+3,   1.776718E-1,   7.630615E-1,   2.485415E+1,   9.181247E-3,   1.499018E+3,   2.191144E-2,   7.081306E+0,   5.199142E-4,   100,1,1,1
       2034,2026-10-01,11:23:50.716,        457,        304,   9.000000E+2,   9.000000E+3,   0.000000E+0,   0.000000E+0,   2.250000E+1,   0.000000E+0,   0.000000E+0,   0.000000E+0,   1.008592E+3,   8.125784E-2,   3.270874E-1,   1.474934E+3,   1.882033E-1,   8.308105E-1,   2.486368E+1,   9.258425E-3,   1.499033E+3,   2.087608E-2,   7.081538E+0,   5.511319E-4,   100,1,1,1
       2035,2026-10-01,11:24:20.718,        458,        304,   9.000000E+2,   9.000000E+3,   0.000000E+0,   0.000000E+0,   2.250000E+1,   0.000000E+0,   0.000000E+0,   0.000000E+0,   1.008612E+3,   6.962731E-2,   2.936401E-1,   1.474880E+3,   1.787736E-1,   8.687744E-1,   2.487340E+1,   9.470688E-3,   1.499040E+3,   1.752976E-2,   7.081700E+0,   5.237146E-4,   100,1,1,1
       2036,2026-10-01,11:24:50.720,        459,        304,   9.000000E+2,   9.000000E+3,   0.000000E+0,   0.000000E+0,   2.250000E+1,   0.000000E+0,   0.000000E+0,   0.000000E+0,   1.008614E+3,   1.087076E-1,   5.944214E-1,   1.474804E+3,   1.775915E-1,   8.266602E-1,   2.488270E+1,   8.928888E-3,   1.499042E+3,   2.601844E-2,   7.081924E+0,   5.197363E-4,   100,1,1,1
       2037,2026-10-01,11:25:20.722,        460,        304,   9.000000E+2,   9.000000E+3,   0.000000E+0,   0.000000E+0,   2.250000E+1,   0.000000E+0,   0.000000E+0,   0.000000E+0,   1.008642E+3,   1.234925E-1,   6.226807E-1,   1.474800E+3,   1.806260E-1,   8.266602E-1,   2.489145E+1,   7.967254E-3,   1.499051E+3,   3.007384E-2,   7.081938E+0,   5.282791E-4,   100,0,1,0
       2038,2026-10-01,11:25:50.724,        461,        304,   9.000000E+2,   9.000000E+3,   0.000000E+0,   0.000000E+0,   2.250000E+1,   0.000000E+0,   0.000000E+0,   0.000000E+0,   1.008551E+3,   2.703973E-1,   1.275574E+0,   1.474788E+3,   1.937059E-1,   1.017334E+0,   2.489933E+1,   7.521256E-3,   1.499030E+3,   6.500893E-2,   7.081976E+0,   5.665435E-4,   100,0,1,0
       2039,2026-10-01,11:26:20.726,        462,        304,   9.000000E+2,   9.000000E+3,   0.000000E+0,   0.000000E+0,   2.250000E+1,   0.000000E+0,   0.000000E+0,   0.000000E+0,   1.008597E+3,   2.767693E-1,   1.275574E+0,   1.474747E+3,   1.905518E-1,   1.019165E+0,   2.490746E+1,   7.750441E-3,   1.499042E+3,   6.672766E-2,   7.082098E+0,   5.574545E-4,   100,0,1,0
       2040,2026-10-01,11:26:50.728,        463,        304,   9.000000E+2,   9.000000E+3,   0.000000E+0,   0.000000E+0,   2.250000E+1,   0.000000E+0,   0.000000E+0,   0.000000E+0,   1.008543E+3,   2.616180E-1,   1.265869E+0,   1.474749E+3,   1.788713E-1,   1.019165E+0,   2.491557E+1,   8.289293E-3,   1.499031E+3,   6.365153E-2,   7.082095E+0,   5.231817E-4,   100,0,1,0
       2041,2026-10-01,11:27:20.730,        464,        304,   9.000000E+2,   9.000000E+3,   0.000000E+0,   0.000000E+0,   2.250000E+1,   0.000000E+0,   0.000000E+0,   0.000000E+0,   1.008678E+3,   1.464509E-1,   5.174561E-1,   1.474689E+3,   1.654812E-1,   7.655029E-1,   2.492486E+1,   9.178245E-3,   1.499066E+3,   3.606557E-2,   7.082273E+0,   4.840434E-4,   100,1,1,1
       2042,2026-10-01,11:27:50.732,        465,        304,   9.000000E+2,   9.000000E+3,   0.000000E+0,   0.000000E+0,   2.250000E+1,   0.000000E+0,   0.000000E+0,   0.000000E+0,   1.008715E+3,   1.444462E-1,   5.595703E-1,   1.474706E+3,   1.633220E-1,   7.469482E-1,   2.493423E+1,   9.689855E-3,   1.499077E+3,   3.623051E-2,   7.082224E+0,   4.781684E-4,   100,1,1,1
       2043,2026-10-01,11:28:20.734,        466,        304,   9.000000E+2,   9.000000E+3,   0.000000E+0,   0.000000E+0,   2.250000E+1,   0.000000E+0,   0.000000E+0,   0.000000E+0,   1.008816E+3,   1.014849E-1,   4.033203E-1,   1.474649E+3,   1.460428E-1,   7.130127E-1,   2.494456E+1,   9.770131E-3,   1.499103E+3,   2.556952E-2,   7.082394E+0,   4.273659E-4,   100,1,1,1
       2044,2026-10-01,11:28:50.736,        467,        304,   9.000000E+2,   9.000000E+3,   0.000000E+0,   0.000000E+0,   2.250000E+1,   0.000000E+0,   0.000000E+0,   0.000000E+0,   1.008833E+3,   9.013673E-2,   4.033203E-1,   1.474690E+3,   1.571098E-1,   7.235107E-1,   2.495437E+1,   9.747129E-3,   1.499109E+3,   2.246931E-2,   7.082276E+0,   4.589162E-4,   100,1,1,1
       2045,2026-10-01,11:29:20.738,        468,        304,   9.000000E+2,   9.000000E+3,   0.000000E+0,   0.000000E+0,   2.250000E+1,   0.000000E+0,   0.000000E+0,   0.000000E+0,   1.008882E+3,   5.598629E-2,   2.421265E-1,   1.474692E+3,   1.570101E-1,   7.547607E-1,   2.496463E+1,   1.004894E-2,   1.499123E+3,   1.388770E-2,   7.082274E+0,   4.586847E-4,   100,1,1,1
       2046,2026-10-01,11:29:50.740,        469,        304,   9.000000E+2,   9.000000E+3,   0.000000E+0,   0.000000E+0,   2.250000E+1,   0.000000E+0,   0.000000E+0,   0.000000E+0,   1.008927E+3,   9.722210E-2,   4.157104E-1,   1.474619E+3,   2.126836E-1,   9.653320E-1,   2.497532E+1,   1.011207E-2,   1.499137E+3,   2.488941E-2,   7.082491E+0,   6.233139E-4,   100,1,1,1
       2047,2026-10-01,11:30:20.742,        470,        304,   9.000000E+2,   9.000000E+3,   0.000000E+0,   0.000000E+0,   2.250000E+1,   0.000000E+0,   0.000000E+0,   0.000000E+0,   1.008954E+3,   1.041935E-1,   4.057617E-1,   1.474618E+3,   2.184164E-1,   9.653320E-1,   2.498510E+1,   9.597780E-3,   1.499145E+3,   2.625880E-2,   7.082497E+0,   6.390488E-4,   100,1,1,1
       2048,2026-10-01,11:30:50.744,        471,        304,   9.000000E+2,   9.000000E+3,   0.000000E+0,   0.000000E+0,   2.250000E+1,   0.000000E+0,   0.000000E+0,   0.000000E+0,   1.008951E+3,   1.115350E-1,   4.877319E-1,   1.474591E+3,   2.079636E-1,   9.653320E-1,   2.499490E+1,   8.718101E-3,   1.499146E+3,   2.631164E-2,   7.082579E+0,   6.074117E-4,   100,1,1,1
       2049,2026-10-01,11:31:20.746,        472,        304,   9.000000E+2,   9.000000E+3,   0.000000E+0,   0.000000E+0,   2.250000E+1,   0.000000E+0,   0.000000E+0,   0.000000E+0,   1.008927E+3,   9.927928E-2,   4.489746E-1,   1.474636E+3,   1.706898E-1,   8.681641E-1,   2.500333E+1,   8.072981E-3,   1.499142E+3,   2.283050E-2,   7.082449E+0,   4.985384E-4,   100,1,1,1
       2050,2026-10-01,11:31:50.748,        473,        304,   9.000000E+2,   9.000000E+3,   0.000000E+0,   0.000000E+0,   2.250000E+1,   0.000000E+0,   0.000000E+0,   0.000000E+0,   1.008904E+3,   7.618663E-2,   3.218384E-1,   1.474679E+3,   1.555222E-1,   7.077637E-1,   2.501136E+1,   7.552110E-3,   1.499138E+3,   1.891691E-2,   7.082324E+0,   4.548802E-4,   100,1,1,1
       2051,2026-10-01,11:32:20.750,        474,        304,   9.000000E+2,   9.000000E+3,   0.000000E+0,   0.000000E+0,   2.250000E+1,   0.000000E+0,   0.000000E+0,   0.000000E+0,   1.008913E+3,   8.936656E-2,   3.544922E-1,   1.474698E+3,   1.644984E-1,   7.945557E-1,   2.501887E+1,   6.945925E-3,   1.499142E+3,   2.163001E-2,   7.082271E+0,   4.805801E-4,   100,1,1,1
       2052,2026-10-01,11:32:50.752,        475,        304,   9.000000E+2,   9.000000E+3,   0.000000E+0,   0.000000E+0,   2.250000E+1,   0.000000E+0,   0.000000E+0,   0.000000E+0,   1.008900E+3,   9.464687E-2,   3.688354E-1,   1.474765E+3,   1.845603E-1,   8.355713E-1,   2.502593E+1,   6.666885E-3,   1.499140E+3,   2.214077E-2,   7.082077E+0,   5.387972E-4,   100,1,1,1
       2053,2026-10-01,11:33:20.754,        476,        304,   9.000000E+2,   9.000000E+3,   0.000000E+0,   0.000000E+0,   2.250000E+1,   0.000000E+0,   0.000000E+0,   0.000000E+0,   1.008882E+3,   9.868868E-2,   3.688354E-1,   1.474828E+3,   2.015460E-1,   8.756104E-1,   2.503292E+1,   6.712045E-3,   1.499137E+3,   2.309370E-2,   7.081895E+0,   5.884464E-4,   100,1,1,1
       2054,2026-10-01,11:33:50.756,        477,        304,   9.000000E+2,   9.000000E+3,   0.000000E+0,   0.000000E+0,   2.250000E+1,   0.000000E+0,   0.000000E+0,   0.000000E+0,   1.008815E+3,   9.684316E-2,   3.827515E-1,   1.474884E+3,   1.731816E-1,   7.955322E-1,   2.503954E+1,   6.377258E-3,   1.499123E+3,   2.300479E-2,   7.081735E+0,   5.061149E-4,   100,1,1,1
       2055,2026-10-01,11:34:20.758,        478,        304,   9.000000E+2,   9.000000E+3,   0.000000E+0,   0.000000E+0,   2.250000E+1,   0.000000E+0,   0.000000E+0,   0.000000E+0,   1.008822E+3,   9.462674E-2,   3.827515E-1,   1.474900E+3,   1.627610E-1,   7.855225E-1,   2.504570E+1,   5.565715E-3,   1.499126E+3,   2.275502E-2,   7.081689E+0,   4.760688E-4,   100,1,1,1
       2056,2026-10-01,11:34:50.760,        479,        304,   9.000000E+2,   9.000000E+3,   0.000000E+0,   0.000000E+0,   2.250000E+1,   0.000000E+0,   0.000000E+0,   0.000000E+0,   1.008812E+3,   1.020364E-1,   4.077759E-1,   1.474900E+3,   1.693642E-1,   8.873291E-1,   2.505193E+1,   5.971039E-3,   1.499125E+3,   2.415786E-2,   7.081689E+0,   4.947294E-4,   100,1,1,1
       2057,2026-10-01,11:35:20.762,        480,        304,   9.000000E+2,   9.000000E+3,   0.000000E+0,   0.000000E+0,   2.250000E+1,   0.000000E+0,   0.000000E+0,   0.000000E+0,   1.008823E+3,   8.781774E-2,   3.872070E-1,   1.474922E+3,   1.574954E-1,   8.255615E-1,   2.505831E+1,   6.707318E-3,   1.499128E+3,   2.091337E-2,   7.081627E+0,   4.600169E-4,   100,1,1,1
       2058,2026-10-01,11:35:50.764,        481,        304,   9.000000E+2,   9.000000E+3,   0.000000E+0,   0.000000E+0,   2.250000E+1,   0.000000E+0,   0.000000E+0,   0.000000E+0,   1.008828E+3,   7.500701E-2,   3.563232E-1,   1.474959E+3,   1.498660E-1,   7.325439E-1,   2.506485E+1,   6.313468E-3,   1.499131E+3,   1.850145E-2,   7.081522E+0,   4.379238E-4,   100,1,1,1
       2059,2026-10-01,11:36:20.766,        482,        304,   9.000000E+2,   9.000000E+3,   0.000000E+0,   0.000000E+0,   2.250000E+1,   0.000000E+0,   0.000000E+0,   0.000000E+0,   1.008848E+3,   6.245441E-2,   2.814331E-1,   1.474969E+3,   1.555797E-1,   7.497559E-1,   2.507111E+1,   5.639214E-3,   1.499137E+3,   1.531443E-2,   7.081495E+0,   4.544862E-4,   100,1,1,1
       2060,2026-10-01,11:36:50.768,        483,        304,   9.000000E+2,   9.000000E+3,   0.000000E+0,   0.000000E+0,   2.250000E+1,   0.000000E+0,   0.000000E+0,   0.000000E+0,   1.008840E+3,   6.301828E-2,   3.180542E-1,   1.475009E+3,   1.497639E-1,   7.283936E-1,   2.507735E+1,   6.114837E-3,   1.499136E+3,   1.534359E-2,   7.081378E+0,   4.374341E-4,   100,1,1,1
       2061,2026-10-01,11:37:20.770,        484,        304,   9.000000E+2,   9.000000E+3,   0.000000E+0,   0.000000E+0,   2.250000E+1,   0.000000E+0,   0.000000E+0,   0.000000E+0,   1.008780E+3,   1.162140E-1,   5.239258E-1,   1.475077E+3,   1.814944E-1,   8.952637E-1,   2.508374E+1,   6.623869E-3,   1.499123E+3,   2.759276E-2,   7.081181E+0,   5.296947E-4,   100,1,1,1
       2062,2026-10-01,11:37:50.772,        485,        304,   9.000000E+2,   9.000000E+3,   0.000000E+0,   0.000000E+0,   2.250000E+1,   0.000000E+0,   0.000000E+0,   0.000000E+0,   1.008767E+3,   1.230048E-1,   5.336914E-1,   1.475115E+3,   1.739053E-1,   8.679199E-1,   2.509010E+1,   6.027177E-3,   1.499121E+3,   2.965092E-2,   7.081071E+0,   5.079764E-4,   100,1,1,1
       2063,2026-10-01,11:38:20.774,        486,        304,   9.000000E+2,   9.000000E+3,   0.000000E+0,   0.000000E+0,   2.250000E+1,   0.000000E+0,   0.000000E+0,   0.000000E+0,   1.008755E+3,   1.228104E-1,   5.336914E-1,   1.475123E+3,   1.842786E-1,   8.679199E-1,   2.509578E+1,   4.874260E-3,   1.499120E+3,   2.997625E-2,   7.081049E+0,   5.385667E-4,   100,1,1,1
       2064,2026-10-01,11:38:50.776,        487,        304,   9.000000E+2,   9.000000E+3,   0.000000E+0,   0.000000E+0,   2.250000E+1,   0.000000E+0,   0.000000E+0,   0.000000E+0,   1.008804E+3,   1.189984E-1,   5.093994E-1,   1.475094E+3,   1.668056E-1,   7.856445E-1,   2.510057E+1,   4.297611E-3,   1.499132E+3,   2.906503E-2,   7.081137E+0,   4.877131E-4,   100,1,1,1
       2065,2026-10-01,11:39:20.778,        488,        304,   9.000000E+2,   9.000000E+3,   0.000000E+0,   0.000000E+0,   2.250000E+1,   0.000000E+0,   0.000000E+0,   0.000000E+0,   1.008797E+3,   1.113824E-1,   5.255127E-1,   1.475121E+3,   1.742091E-1,   8.912354E-1,   2.510507E+1,   4.292565E-3,   1.499132E+3,   2.663144E-2,   7.081058E+0,   5.089683E-4,   100,1,1,1
       2066,2026-10-01,11:39:50.780,        489,        304,   9.000000E+2,   9.000000E+3,   0.000000E+0,   0.000000E+0,   2.250000E+1,   0.000000E+0,   0.000000E+0,   0.000000E+0,   1.008806E+3,   1.350252E-1,   5.498657E-1,   1.475112E+3,   1.740398E-1,   8.912354E-1,   2.510943E+1,   4.338568E-3,   1.499135E+3,   3.203033E-2,   7.081087E+0,   5.082104E-4,   100,1,1,1
       2067,2026-10-01,11:40:20.782,        490,        304,   9.000000E+2,   9.000000E+3,   0.000000E+0,   0.000000E+0,   2.250000E+1,   0.000000E+0,   0.000000E+0,   0.000000E+0,   1.008790E+3,   1.341650E-1,   5.847168E-1,   1.475149E+3,   1.797277E-1,   9.057617E-1,   2.511402E+1,   4.481955E-3,   1.499131E+3,   3.244244E-2,   7.080980E+0,   5.251588E-4,   100,1,1,1
       2068,2026-10-01,11:40:50.784,        491,        304,   9.000000E+2,   9.000000E+3,   0.000000E+0,   0.000000E+0,   2.250000E+1,   0.000000E+0,   0.000000E+0,   0.000000E+0,   1.008789E+3,   1.381206E-1,   5.847168E-1,   1.475145E+3,   1.760843E-1,   9.057617E-1,   2.511860E+1,   4.465340E-3,   1.499132E+3,   3.345825E-2,   7.080992E+0,   5.146724E-4,   100,1,1,1
       2069,2026-10-01,11:41:20.787,        492,        304,   9.000000E+2,   9.000000E+3,   0.000000E+0,   0.000000E+0,   2.250000E+1,   0.000000E+0,   0.000000E+0,   0.000000E+0,   1.008851E+3,   9.604763E-2,   4.532471E-1,   1.475113E+3,   1.780574E-1,   8.560791E-1,   2.512307E+1,   4.290478E-3,   1.499148E+3,   2.296452E-2,   7.081087E+0,   5.202754E-4,   100,1,1,1
       2070,2026-10-01,11:41:50.789,        493,        304,   9.000000E+2,   9.000000E+3,   0.000000E+0,   0.000000E+0,   2.250000E+1,   0.000000E+0,   0.000000E+0,   0.000000E+0,   1.008824E+3,   8.216257E-2,   3.519897E-1,   1.475143E+3,   1.769251E-1,   8.498535E-1,   2.512740E+1,   4.010447E-3,   1.499143E+3,   2.022618E-2,   7.081000E+0,   5.171105E-4,   100,1,1,1
       2071,2026-10-01,11:42:20.791,        494,        304,   9.000000E+2,   9.000000E+3,   0.000000E+0,   0.000000E+0,   2.250000E+1,   0.000000E+0,   0.000000E+0,   0.000000E+0,   1.008815E+3,   9.378120E-2,   4.272461E-1,   1.475197E+3,   1.943429E-1,   8.663330E-1,   2.513181E+1,   4.435183E-3,   1.499142E+3,   2.227857E-2,   7.080843E+0,   5.673998E-4,   100,1,1,1
       2072,2026-10-01,11:42:50.793,        495,        304,   9.000000E+2,   9.000000E+3,   0.000000E+0,   0.000000E+0,   2.250000E+1,   0.000000E+0,   0.000000E+0,   0.000000E+0,   1.008810E+3,   1.117312E-1,   5.302124E-1,   1.475193E+3,   1.932072E-1,   8.300781E-1,   2.513667E+1,   5.012240E-3,   1.499141E+3,   2.695171E-2,   7.080856E+0,   5.645757E-4,   100,1,1,1
       2073,2026-10-01,11:43:20.795,        496,        304,   9.000000E+2,   9.000000E+3,   0.000000E+0,   0.000000E+0,   2.250000E+1,   0.000000E+0,   0.000000E+0,   0.000000E+0,   1.008851E+3,   1.381079E-1,   5.734863E-1,   1.475177E+3,   2.001709E-1,   1.022095E+0,   2.514198E+1,   5.535532E-3,   1.499152E+3,   3.385518E-2,   7.080915E+0,   5.993397E-4,   100,1,1,1
       2074,2026-10-01,11:43:50.797,        497,        304,   9.000000E+2,   9.000000E+3,   0.000000E+0,   0.000000E+0,   2.250000E+1,   0.000000E+0,   0.000000E+0,   0.000000E+0,   1.008914E+3,   1.584301E-1,   6.060181E-1,   1.475091E+3,   1.991457E-1,   1.022095E+0,   2.514761E+1,   5.896668E-3,   1.499169E+3,   3.889904E-2,   7.081168E+0,   5.915927E-4,   100,0,1,0
       2075,2026-10-01,11:44:20.799,        498,        304,   9.000000E+2,   9.000000E+3,   0.000000E+0,   0.000000E+0,   2.250000E+1,   0.000000E+0,   0.000000E+0,   0.000000E+0,   1.008985E+3,   8.789953E-2,   3.482056E-1,   1.475030E+3,   1.646685E-1,   1.022095E+0,   2.515404E+1,   6.410976E-3,   1.499187E+3,   2.121346E-2,   7.081351E+0,   4.880857E-4,   100,1,1,1
       2076,2026-10-01,11:44:50.802,        499,        304,   9.000000E+2,   9.000000E+3,   0.000000E+0,   0.000000E+0,   2.250000E+1,   0.000000E+0,   0.000000E+0,   0.000000E+0,   1.008991E+3,   7.669594E-2,   3.482056E-1,   1.475020E+3,   1.700963E-1,   8.764648E-1,   2.516054E+1,   6.744813E-3,   1.499190E+3,   1.776627E-2,   7.081368E+0,   4.967281E-4,   100,1,1,1
       2077,2026-10-01,11:45:20.804,        500,        304,   9.000000E+2,   9.000000E+3,   0.000000E+0,   0.000000E+0,   2.250000E+1,   0.000000E+0,   0.000000E+0,   0.000000E+0,   1.008981E+3,   7.900373E-2,   3.800659E-1,   1.475043E+3,   1.591993E-1,   8.096924E-1,   2.516721E+1,   6.007649E-3,   1.499189E+3,   1.943275E-2,   7.081304E+0,   4.651670E-4,   100,1,1,1
       2078,2026-10-01,11:45:50.806,        501,        304,   9.000000E+2,   9.000000E+3,   0.000000E+0,   0.000000E+0,   2.250000E+1,   0.000000E+0,   0.000000E+0,   0.000000E+0,   1.009020E+3,   8.828031E-2,   3.818970E-1,   1.475009E+3,   1.747869E-1,   8.096924E-1,   2.517250E+1,   4.729020E-3,   1.499199E+3,   2.219125E-2,   7.081404E+0,   5.111397E-4,   100,1,1,1
       2079,2026-10-01,11:46:20.808,        502,        304,   9.000000E+2,   9.000000E+3,   0.000000E+0,   0.000000E+0,   2.250000E+1,   0.000000E+0,   0.000000E+0,   0.000000E+0,   1.009033E+3,   1.136843E-1,   4.643555E-1,   1.475032E+3,   1.765741E-1,   8.046875E-1,   2.517714E+1,   3.962147E-3,   1.499203E+3,   2.763187E-2,   7.081339E+0,   5.159769E-4,   100,1,1,1
       2080,2026-10-01,11:46:50.810,        503,        304,   9.000000E+2,   9.000000E+3,   0.000000E+0,   0.000000E+0,   2.250000E+1,   0.000000E+0,   0.000000E+0,   0.000000E+0,   1.009063E+3,   1.041076E-1,   4.643555E-1,   1.475025E+3,   1.906647E-1,   8.046875E-1,   2.518117E+1,   4.078212E-3,   1.499211E+3,   2.538117E-2,   7.081360E+0,   5.570105E-4,   100,1,1,1
       2081,2026-10-01,11:47:20.812,        504,        304,   9.000000E+2,   9.000000E+3,   0.000000E+0,   0.000000E+0,   2.250000E+1,   0.000000E+0,   0.000000E+0,   0.000000E+0,   1.009106E+3,   1.121812E-1,   4.945068E-1,   1.475030E+3,   1.967525E-1,   8.863525E-1,   2.518529E+1,   4.228771E-3,   1.499223E+3,   2.704713E-2,   7.081346E+0,   5.750838E-4,   100,1,1,1
       2082,2026-10-01,11:47:50.814,        505,        304,   9.000000E+2,   9.000000E+3,   0.000000E+0,   0.000000E+0,   2.250000E+1,   0.000000E+0,   0.000000E+0,   0.000000E+0,   1.009039E+3,   1.900388E-1,   8.030396E-1,   1.475071E+3,   2.186369E-1,   1.288330E+0,   2.518975E+1,   4.103971E-3,   1.499207E+3,   4.587294E-2,   7.081228E+0,   6.388706E-4,   100,0,1,0
       2083,2026-10-01,11:48:20.816,        506,        304,   9.000000E+2,   9.000000E+3,   0.000000E+0,   0.000000E+0,   2.250000E+1,   0.000000E+0,   0.000000E+0,   0.000000E+0,   1.009100E+3,   2.056494E-1,   9.533691E-1,   1.475034E+3,   2.315513E-1,   1.318604E+0,   2.519372E+1,   3.933506E-3,   1.499223E+3,   4.987817E-2,   7.081337E+0,   6.767411E-4,   100,0,1,0
       2084,2026-10-01,11:48:50.818,        507,        304,   9.000000E+2,   9.000000E+3,   0.000000E+0,   0.000000E+0,   2.250000E+1,   0.000000E+0,   0.000000E+0,   0.000000E+0,   1.009079E+3,   2.154556E-1,   9.533691E-1,   1.475101E+3,   2.384498E-1,   1.318604E+0,   2.519837E+1,   4.499523E-3,   1.499218E+3,   5.224236E-2,   7.081142E+0,   6.967266E-4,   100,0,1,0
       2085,2026-10-01,11:49:20.820,        508,        304,   9.000000E+2,   9.000000E+3,   0.000000E+0,   0.000000E+0,   2.250000E+1,   0.000000E+0,   0.000000E+0,   0.000000E+0,   1.008993E+3,   2.627529E-1,   1.014893E+0,   1.475213E+3,   3.324909E-1,   1.478516E+0,   2.520338E+1,   5.656291E-3,   1.499199E+3,   6.223930E-2,   7.080817E+0,   9.703784E-4,   100,0,1,0
       2086,2026-10-01,11:49:50.822,        509,        304,   9.000000E+2,   9.000000E+3,   0.000000E+0,   0.000000E+0,   2.250000E+1,   0.000000E+0,   0.000000E+0,   0.000000E+0,   1.008832E+3,   3.423275E-1,   1.392334E+0,   1.475480E+3,   4.718188E-1,   2.312988E+0,   2.520958E+1,   6.503697E-3,   1.499161E+3,   8.126450E-2,   7.080038E+0,   1.376440E-3,   100,0,1,0
       2087,2026-10-01,11:50:20.824,        510,        304,   9.000000E+2,   9.000000E+3,   0.000000E+0,   0.000000E+0,   2.250000E+1,   0.000000E+0,   0.000000E+0,   0.000000E+0,   1.008281E+3,   6.372828E-1,   2.084167E+0,   1.476402E+3,   1.257674E+0,   4.714600E+0,   2.521667E+1,   7.154098E-3,   1.499030E+3,   1.522399E-1,   7.077351E+0,   3.663570E-3,   100,0,1,0
       2088,2026-10-01,11:50:50.826,        511,        304,   9.000000E+2,   9.000000E+3,   0.000000E+0,   0.000000E+0,   2.250000E+1,   0.000000E+0,   0.000000E+0,   0.000000E+0,   1.007766E+3,   7.527156E-1,   2.015747E+0,   1.478012E+3,   2.242517E+0,   6.886841E+0,   2.523031E+1,   1.842553E-2,   1.498909E+3,   1.779323E-1,   7.072672E+0,   6.520289E-3,   100,0,1,0
       2089,2026-10-01,11:51:20.828,        512,        304,   9.000000E+2,   9.000000E+3,   0.000000E+0,   0.000000E+0,   2.250000E+1,   0.000000E+0,   0.000000E+0,   0.000000E+0,   1.007269E+3,   3.821788E-1,   1.560425E+0,   1.480002E+3,   2.149712E+0,   6.979980E+0,   2.526429E+1,   4.683161E-2,   1.498797E+3,   8.672918E-2,   7.066894E+0,   6.233879E-3,   100,0,1,0
       2090,2026-10-01,11:51:50.830,        513,        304,   9.000000E+2,   9.000000E+3,   0.000000E+0,   0.000000E+0,   2.250000E+1,   0.000000E+0,   0.000000E+0,   0.000000E+0,   1.007051E+3,   1.449348E-1,   5.393677E-1,   1.481791E+3,   1.294223E+0,   5.036133E+0,   2.532157E+1,   7.298958E-2,   1.498757E+3,   3.769040E-2,   7.061716E+0,   3.732558E-3,   100,0,1,0
       2091,2026-10-01,11:52:20.832,        514,        304,   9.000000E+2,   9.000000E+3,   0.000000E+0,   0.000000E+0,   2.250000E+1,   0.000000E+0,   0.000000E+0,   0.000000E+0,   1.007069E+3,   1.479718E-1,   5.393677E-1,   1.482640E+3,   6.284629E-1,   2.789307E+0,   2.539821E+1,   8.017277E-2,   1.498778E+3,   4.054875E-2,   7.059277E+0,   1.801814E-3,   100,0,1,0
       2092,2026-10-01,11:52:50.834,        515,        304,   9.000000E+2,   9.000000E+3,   0.000000E+0,   0.000000E+0,   2.250000E+1,   0.000000E+0,   0.000000E+0,   0.000000E+0,   1.007072E+3,   1.354834E-1,   5.307617E-1,   1.482881E+3,   3.065626E-1,   1.750366E+0,   2.547251E+1,   7.131701E-2,   1.498794E+3,   4.211837E-2,   7.058600E+0,   8.940310E-4,   100,0,1,0
       2093,2026-10-01,11:53:20.836,        516,        304,   9.000000E+2,   9.000000E+3,   0.000000E+0,   0.000000E+0,   2.250000E+1,   0.000000E+0,   0.000000E+0,   0.000000E+0,   1.007159E+3,   9.253100E-2,   3.748169E-1,   1.482554E+3,   5.437733E-1,   2.390625E+0,   2.553213E+1,   4.974512E-2,   1.498826E+3,   2.562017E-2,   7.059564E+0,   1.584458E-3,   100,0,1,0
       2094,2026-10-01,11:53:50.838,        517,        304,   9.000000E+2,   9.000000E+3,   0.000000E+0,   0.000000E+0,   2.250000E+1,   0.000000E+0,   0.000000E+0,   0.000000E+0,   1.007127E+3,   1.985700E-1,   1.134949E+0,   1.482161E+3,   5.438545E-1,   2.316650E+0,   2.557020E+1,   2.458095E-2,   1.498826E+3,   4.838050E-2,   7.060710E+0,   1.579868E-3,   100,0,1,0
       2095,2026-10-01,11:54:20.840,        518,        304,   9.000000E+2,   9.000000E+3,   0.000000E+0,   0.000000E+0,   2.250000E+1,   0.000000E+0,   0.000000E+0,   0.000000E+0,   1.006635E+3,   8.567255E-1,   2.866333E+0,   1.482676E+3,   1.496369E+0,   5.889771E+0,   2.558932E+1,   1.105167E-2,   1.498711E+3,   2.054422E-1,   7.059231E+0,   4.320594E-3,   100,0,1,0
       2096,2026-10-01,11:54:50.842,        519,        304,   9.000000E+2,   9.000000E+3,   0.000000E+0,   0.000000E+0,   2.250000E+1,   0.000000E+0,   0.000000E+0,   0.000000E+0,   1.005797E+3,   1.224423E+0,   3.680603E+0,   1.484146E+3,   2.359447E+0,   6.891846E+0,   2.561164E+1,   2.902034E-2,   1.498514E+3,   2.889007E-1,   7.054994E+0,   6.803836E-3,   100,0,1,0
       2097,2026-10-01,11:55:20.844,        520,        304,   9.000000E+2,   9.000000E+3,   0.000000E+0,   0.000000E+0,   2.250000E+1,   0.000000E+0,   0.000000E+0,   0.000000E+0,   1.005005E+3,   8.326414E-1,   3.174438E+0,   1.485803E+3,   1.899500E+0,   5.984009E+0,   2.565713E+1,   6.211760E-2,   1.498333E+3,   1.918611E-1,   7.050225E+0,   5.467444E-3,   100,0,1,0
       2098,2026-10-01,11:55:50.846,        521,        304,   9.000000E+2,   9.000000E+3,   0.000000E+0,   0.000000E+0,   2.250000E+1,   0.000000E+0,   0.000000E+0,   0.000000E+0,   1.004710E+3,   3.875646E-1,   1.760376E+0,   1.486803E+3,   5.056313E-1,   2.221436E+0,   2.572516E+1,   8.202749E-2,   1.498278E+3,   1.041490E-1,   7.047357E+0,   1.457413E-3,   100,0,1,0
       2099,2026-10-01,11:56:20.848,        522,        304,   9.000000E+2,   9.000000E+3,   0.000000E+0,   0.000000E+0,   2.250000E+1,   0.000000E+0,   0.000000E+0,   0.000000E+0,   1.004891E+3,   4.428872E-1,   1.760376E+0,   1.486541E+3,   6.928005E-1,   2.584961E+0,   2.580155E+1,   7.127924E-2,   1.498337E+3,   1.187924E-1,   7.048133E+0,   2.010916E-3,   100,0,1,0
       2100,2026-10-01,11:56:50.850,        523,        304,   9.000000E+2,   9.000000E+3,   0.000000E+0,   0.000000E+0,   2.250000E+1,   0.000000E+0,   0.000000E+0,   0.000000E+0,   1.005299E+3,   4.466344E-1,   1.902466E+0,   1.485663E+3,   1.116086E+0,   4.142456E+0,   2.585777E+1,   4.411139E-2,   1.498447E+3,   1.151127E-1,   7.050678E+0,   3.226947E-3,   100,0,1,0
       2101,2026-10-01,11:57:20.852,        524,        304,   9.000000E+2,   9.000000E+3,   0.000000E+0,   0.000000E+0,   2.250000E+1,   0.000000E+0,   0.000000E+0,   0.000000E+0,   1.005737E+3,   4.713179E-1,   1.564331E+0,   1.484666E+3,   1.053651E+0,   3.439331E+0,   2.588934E+1,   1.671013E-2,   1.498558E+3,   1.157724E-1,   7.053561E+0,   3.043390E-3,   100,0,1,0
       2102,2026-10-01,11:57:50.854,        525,        304,   9.000000E+2,   9.000000E+3,   0.000000E+0,   0.000000E+0,   2.250000E+1,   0.000000E+0,   0.000000E+0,   0.000000E+0,   1.006112E+3,   4.192142E-1,   1.287720E+0,   1.483838E+3,   8.086303E-1,   3.202026E+0,   2.590045E+1,   4.799190E-3,   1.498650E+3,   1.012931E-1,   7.055954E+0,   2.335455E-3,   100,0,1,0
       2103,2026-10-01,11:58:20.856,        526,        304,   9.000000E+2,   9.000000E+3,   0.000000E+0,   0.000000E+0,   2.250000E+1,   0.000000E+0,   0.000000E+0,   0.000000E+0,   1.006407E+3,   1.669607E-1,   6.166382E-1,   1.483252E+3,   4.249473E-1,   1.897095E+0,   2.590411E+1,   1.966903E-3,   1.498721E+3,   4.006938E-2,   7.057646E+0,   1.228536E-3,   100,0,1,0
       2104,2026-10-01,11:58:50.858,        527,        304,   9.000000E+2,   9.000000E+3,   0.000000E+0,   0.000000E+0,   2.250000E+1,   0.000000E+0,   0.000000E+0,   0.000000E+0,   1.006418E+3,   1.412179E-1,   4.916382E-1,   1.483189E+3,   4.546055E-1,   2.569458E+0,   2.590549E+1,   1.218430E-3,   1.498724E+3,   3.363840E-2,   7.057828E+0,   1.313527E-3,   100,1,1,1
       2105,2026-10-01,11:59:20.860,        528,        304,   9.000000E+2,   9.000000E+3,   0.000000E+0,   0.000000E+0,   2.250000E+1,   0.000000E+0,   0.000000E+0,   0.000000E+0,   1.005990E+3,   7.015219E-1,   2.048889E+0,   1.484211E+3,   1.700016E+0,   4.961670E+0,   2.591144E+1,   1.078526E-2,   1.498623E+3,   1.662734E-1,   7.054884E+0,   4.900468E-3,   100,0,1,0
       2106,2026-10-01,11:59:50.862,        529,        304,   9.000000E+2,   9.000000E+3,   0.000000E+0,   0.000000E+0,   2.250000E+1,   0.000000E+0,   0.000000E+0,   0.000000E+0,   1.005350E+3,   8.981056E-1,   2.549316E+0,   1.485846E+3,   2.261260E+0,   6.968628E+0,   2.593602E+1,   3.741242E-2,   1.498474E+3,   2.090841E-1,   7.050180E+0,   6.505141E-3,   100,0,1,0
       2107,2026-10-01,12:00:20.864,        530,        304,   9.000000E+2,   9.000000E+3,   0.000000E+0,   0.000000E+0,   2.250000E+1,   0.000000E+0,   0.000000E+0,   0.000000E+0,   1.004748E+3,   6.640905E-1,   2.351990E+0,   1.487720E+3,   1.719680E+0,   6.423340E+0,   2.598375E+1,   6.396256E-2,   1.498340E+3,   1.514809E-1,   7.044798E+0,   4.930485E-3,   100,0,1,0
       2108,2026-10-01,12:00:50.866,        531,        304,   9.000000E+2,   9.000000E+3,   0.000000E+0,   0.000000E+0,   2.250000E+1,   0.000000E+0,   0.000000E+0,   0.000000E+0,   1.004648E+3,   4.834509E-1,   1.951904E+0,   1.488479E+3,   8.588001E-1,   3.264893E+0,   2.605196E+1,   7.323018E-2,   1.498330E+3,   1.260177E-1,   7.042632E+0,   2.461671E-3,   100,0,1,0
       2109,2026-10-01,12:01:20.868,        532,        304,   9.000000E+2,   9.000000E+3,   0.000000E+0,   0.000000E+0,   2.250000E+1,   0.000000E+0,   0.000000E+0,   0.000000E+0,   1.004965E+3,   6.320717E-1,   1.951904E+0,   1.488292E+3,   1.010424E+0,   3.520874E+0,   2.612475E+1,   6.874123E-2,   1.498420E+3,   1.648949E-1,   7.043190E+0,   2.918551E-3,   100,0,1,0
       2110,2026-10-01,12:01:50.870,        533,        304,   9.000000E+2,   9.000000E+3,   0.000000E+0,   0.000000E+0,   2.250000E+1,   0.000000E+0,   0.000000E+0,   0.000000E+0,   1.005509E+3,   4.857706E-1,   1.912354E+0,   1.487272E+3,   1.143442E+0,   4.153809E+0,   2.617941E+1,   4.915928E-2,   1.498563E+3,   1.252473E-1,   7.046136E+0,   3.299772E-3,   100,0,1,0
       2111,2026-10-01,12:02:20.872,        534,        304,   9.000000E+2,   9.000000E+3,   0.000000E+0,   0.000000E+0,   2.250000E+1,   0.000000E+0,   0.000000E+0,   0.000000E+0,   1.005982E+3,   4.233575E-1,   1.382019E+0,   1.486183E+3,   1.005974E+0,   3.671021E+0,   2.621404E+1,   2.042023E-2,   1.498683E+3,   1.042477E-1,   7.049278E+0,   2.900637E-3,   100,0,1,0
       2112,2026-10-01,12:02:50.874,        535,        304,   9.000000E+2,   9.000000E+3,   0.000000E+0,   0.000000E+0,   2.250000E+1,   0.000000E+0,   0.000000E+0,   0.000000E+0,   1.006239E+3,   3.697623E-1,   1.302979E+0,   1.485378E+3,   7.838899E-1,   3.049927E+0,   2.622422E+1,   3.142294E-3,   1.498747E+3,   8.881794E-2,   7.051599E+0,   2.258721E-3,   100,0,1,0
       2113,2026-10-01,12:03:20.876,        536,        304,   9.000000E+2,   9.000000E+3,   0.000000E+0,   0.000000E+0,   2.250000E+1,   0.000000E+0,   0.000000E+0,   0.000000E+0,   1.006525E+3,   2.010714E-1,   9.020386E-1,   1.484630E+3,   6.128804E-1,   2.520752E+0,   2.622191E+1,   4.528833E-3,   1.498815E+3,   4.760199E-2,   7.053757E+0,   1.767221E-3,   100,0,1,0
       2114,2026-10-01,12:03:50.878,        537,        304,   9.000000E+2,   9.000000E+3,   0.000000E+0,   0.000000E+0,   2.250000E+1,   0.000000E+0,   0.000000E+0,   0.000000E+0,   1.006784E+3,   3.694749E-1,   1.350586E+0,   1.484068E+3,   6.494055E-1,   2.731079E+0,   2.621712E+1,   5.317775E-3,   1.498876E+3,   8.773000E-2,   7.055376E+0,   1.873725E-3,   100,0,1,0
       2115,2026-10-01,12:04:20.880,        538,        304,   9.000000E+2,   9.000000E+3,   0.000000E+0,   0.000000E+0,   2.250000E+1,   0.000000E+0,   0.000000E+0,   0.000000E+0,   1.007119E+3,   4.353888E-1,   1.580750E+0,   1.483411E+3,   6.810321E-1,   2.715820E+0,   2.621127E+1,   5.664024E-3,   1.498955E+3,   1.041409E-1,   7.057272E+0,   1.966704E-3,   100,0,1,0
       2116,2026-10-01,12:04:50.882,        539,        304,   9.000000E+2,   9.000000E+3,   0.000000E+0,   0.000000E+0,   2.250000E+1,   0.000000E+0,   0.000000E+0,   0.000000E+0,   1.007577E+3,   4.384960E-1,   1.635376E+0,   1.482750E+3,   6.912878E-1,   2.737793E+0,   2.620503E+1,   6.210579E-3,   1.499065E+3,   1.039541E-1,   7.059182E+0,   1.997927E-3,   100,0,1,0
       2117,2026-10-01,12:05:20.884,        540,        304,   9.000000E+2,   9.000000E+3,   0.000000E+0,   0.000000E+0,   2.250000E+1,   0.000000E+0,   0.000000E+0,   0.000000E+0,   1.007881E+3,   3.534460E-1,   1.235413E+0,   1.482187E+3,   6.133595E-1,   2.581177E+0,   2.619859E+1,   6.842304E-3,   1.499137E+3,   8.347422E-2,   7.060809E+0,   1.773451E-3,   100,0,1,0
       2118,2026-10-01,12:05:50.886,        541,        304,   9.000000E+2,   9.000000E+3,   0.000000E+0,   0.000000E+0,   2.250000E+1,   0.000000E+0,   0.000000E+0,   0.000000E+0,   1.008221E+3,   2.920902E-1,   1.130188E+0,   1.481641E+3,   4.582510E-1,   2.016113E+0,   2.619067E+1,   7.895594E-3,   1.499216E+3,   6.841137E-2,   7.062388E+0,   1.325498E-3,   100,0,1,0
       2119,2026-10-01,12:06:20.888,        542,        304,   9.000000E+2,   9.000000E+3,   0.000000E+0,   0.000000E+0,   2.250000E+1,   0.000000E+0,   0.000000E+0,   0.000000E+0,   1.008347E+3,   2.018142E-1,   8.743896E-1,   1.481268E+3,   3.753943E-1,   1.617432E+0,   2.618169E+1,   9.854107E-3,   1.499245E+3,   4.768869E-2,   7.063467E+0,   1.085753E-3,   100,0,1,0
       2120,2026-10-01,12:06:50.891,        543,        304,   9.000000E+2,   9.000000E+3,   0.000000E+0,   0.000000E+0,   2.250000E+1,   0.000000E+0,   0.000000E+0,   0.000000E+0,   1.008545E+3,   2.485613E-1,   8.823853E-1,   1.480923E+3,   3.649336E-1,   1.694458E+0,   2.617007E+1,   1.223525E-2,   1.499290E+3,   5.766369E-2,   7.064463E+0,   1.055366E-3,   100,0,1,0
       2121,2026-10-01,12:07:20.892,        544,        304,   9.000000E+2,   9.000000E+3,   0.000000E+0,   0.000000E+0,   2.250000E+1,   0.000000E+0,   0.000000E+0,   0.000000E+0,   1.008699E+3,   2.789880E-1,   1.080261E+0,   1.480593E+3,   4.292424E-1,   1.862427E+0,   2.615724E+1,   1.361181E-2,   1.499324E+3,   6.474919E-2,   7.065418E+0,   1.241792E-3,   100,0,1,0
       2122,2026-10-01,12:07:50.894,        545,        304,   9.000000E+2,   9.000000E+3,   0.000000E+0,   0.000000E+0,   2.250000E+1,   0.000000E+0,   0.000000E+0,   0.000000E+0,   1.008915E+3,   2.748732E-1,   1.264587E+0,   1.480194E+3,   4.017848E-1,   1.700195E+0,   2.614264E+1,   1.463285E-2,   1.499373E+3,   6.298274E-2,   7.066570E+0,   1.162637E-3,   100,0,1,0
       2123,2026-10-01,12:08:20.896,        546,        304,   9.000000E+2,   9.000000E+3,   0.000000E+0,   0.000000E+0,   2.250000E+1,   0.000000E+0,   0.000000E+0,   0.000000E+0,   1.008937E+3,   2.148689E-1,   8.419800E-1,   1.479914E+3,   3.238946E-1,   1.473022E+0,   2.612746E+1,   1.495920E-2,   1.499375E+3,   5.246680E-2,   7.067378E+0,   9.372116E-4,   100,0,1,0
       2124,2026-10-01,12:08:50.898,        547,        304,   9.000000E+2,   9.000000E+3,   0.000000E+0,   0.000000E+0,   2.250000E+1,   0.000000E+0,   0.000000E+0,   0.000000E+0,   1.008981E+3,   2.318331E-1,   9.026489E-1,   1.479657E+3,   2.789319E-1,   1.206177E+0,   2.611219E+1,   1.462526E-2,   1.499382E+3,   5.609928E-2,   7.068121E+0,   8.075993E-4,   100,0,1,0
       2125,2026-10-01,12:09:20.901,        548,        304,   9.000000E+2,   9.000000E+3,   0.000000E+0,   0.000000E+0,   2.250000E+1,   0.000000E+0,   0.000000E+0,   0.000000E+0,   1.009030E+3,   2.658534E-1,   9.331055E-1,   1.479424E+3,   3.629003E-1,   1.413452E+0,   2.609737E+1,   1.401910E-2,   1.499391E+3,   6.212514E-2,   7.068792E+0,   1.051054E-3,   100,0,1,0
       2126,2026-10-01,12:09:50.903,        549,        304,   9.000000E+2,   9.000000E+3,   0.000000E+0,   0.000000E+0,   2.250000E+1,   0.000000E+0,   0.000000E+0,   0.000000E+0,   1.009158E+3,   1.582497E-1,   6.015625E-1,   1.479164E+3,   3.142047E-1,   1.271606E+0,   2.608314E+1,   1.345698E-2,   1.499419E+3,   3.647348E-2,   7.069545E+0,   9.102708E-4,   100,0,1,0
       2127,2026-10-01,12:10:20.905,        550,        304,   9.000000E+2,   9.000000E+3,   0.000000E+0,   0.000000E+0,   2.250000E+1,   0.000000E+0,   0.000000E+0,   0.000000E+0,   1.009255E+3,   8.057184E-2,   3.543091E-1,   1.478948E+3,   2.212736E-1,   1.072144E+0,   2.607023E+1,   1.203769E-2,   1.499440E+3,   1.977419E-2,   7.070168E+0,   6.411718E-4,   100,1,1,1
       2128,2026-10-01,12:10:50.907,        551,        304,   9.000000E+2,   9.000000E+3,   0.000000E+0,   0.000000E+0,   2.250000E+1,   0.000000E+0,   0.000000E+0,   0.000000E+0,   1.009258E+3,   7.263153E-2,   3.334351E-1,   1.478779E+3,   2.222120E-1,   1.140747E+0,   2.605857E+1,   1.029724E-2,   1.499438E+3,   1.752976E-2,   7.070658E+0,   6.443468E-4,   100,1,1,1
       2129,2026-10-01,12:11:20.909,        552,        304,   9.000000E+2,   9.000000E+3,   0.000000E+0,   0.000000E+0,   2.250000E+1,   0.000000E+0,   0.000000E+0,   0.000000E+0,   1.009264E+3,   7.605651E-2,   3.381348E-1,   1.478677E+3,   2.027749E-1,   9.407959E-1,   2.604850E+1,   9.112143E-3,   1.499438E+3,   1.855156E-2,   7.070951E+0,   5.885711E-4,   100,1,1,1
       2130,2026-10-01,12:11:50.911,        553,        304,   9.000000E+2,   9.000000E+3,   0.000000E+0,   0.000000E+0,   2.250000E+1,   0.000000E+0,   0.000000E+0,   0.000000E+0,   1.009296E+3,   1.018619E-1,   4.097290E-1,   1.478568E+3,   2.192779E-1,   9.803467E-1,   2.603907E+1,   8.893725E-3,   1.499443E+3,   2.445300E-2,   7.071268E+0,   6.372482E-4,   100,1,1,1
       2131,2026-10-01,12:12:20.913,        554,        304,   9.000000E+2,   9.000000E+3,   0.000000E+0,   0.000000E+0,   2.250000E+1,   0.000000E+0,   0.000000E+0,   0.000000E+0,   1.009233E+3,   1.542371E-1,   6.336670E-1,   1.478572E+3,   2.211106E-1,   9.803467E-1,   2.602963E+1,   9.248861E-3,   1.499426E+3,   3.805514E-2,   7.071252E+0,   6.430456E-4,   100,0,1,0
       2132,2026-10-01,12:12:50.915,        555,        304,   9.000000E+2,   9.000000E+3,   0.000000E+0,   0.000000E+0,   2.250000E+1,   0.000000E+0,   0.000000E+0,   0.000000E+0,   1.009197E+3,   1.544736E-1,   6.336670E-1,   1.478536E+3,   2.008636E-1,   9.803467E-1,   2.601974E+1,   9.925718E-3,   1.499416E+3,   3.867039E-2,   7.071352E+0,   5.848990E-4,   100,0,1,0
       2133,2026-10-01,12:13:20.917,        556,        304,   9.000000E+2,   9.000000E+3,   0.000000E+0,   0.000000E+0,   2.250000E+1,   0.000000E+0,   0.000000E+0,   0.000000E+0,   1.009065E+3,   1.258145E-1,   6.556396E-1,   1.478588E+3,   1.741299E-1,   8.852539E-1,   2.600894E+1,   1.081250E-2,   1.499382E+3,   3.102651E-2,   7.071200E+0,   5.057896E-4,   100,0,1,0
       2134,2026-10-01,12:13:50.919,        557,        304,   9.000000E+2,   9.000000E+3,   0.000000E+0,   0.000000E+0,   2.250000E+1,   0.000000E+0,   0.000000E+0,   0.000000E+0,   1.009045E+3,   1.097227E-1,   5.813599E-1,   1.478532E+3,   1.658391E-1,   8.317871E-1,   2.599783E+1,   1.105961E-2,   1.499375E+3,   2.727402E-2,   7.071360E+0,   4.820459E-4,   100,1,1,1
       2135,2026-10-01,12:14:20.921,        558,        304,   9.000000E+2,   9.000000E+3,   0.000000E+0,   0.000000E+0,   2.250000E+1,   0.000000E+0,   0.000000E+0,   0.000000E+0,   1.008968E+3,   1.550096E-1,   7.628784E-1,   1.478526E+3,   1.878141E-1,   9.196777E-1,   2.598634E+1,   1.096219E-2,   1.499354E+3,   3.783609E-2,   7.071375E+0,   5.457728E-4,   100,0,1,0
       2136,2026-10-01,12:14:50.923,        559,        304,   9.000000E+2,   9.000000E+3,   0.000000E+0,   0.000000E+0,   2.250000E+1,   0.000000E+0,   0.000000E+0,   0.000000E+0,   1.008893E+3,   1.537501E-1,   7.092896E-1,   1.478498E+3,   1.873092E-1,   9.196777E-1,   2.597495E+1,   1.109280E-2,   1.499334E+3,   3.753704E-2,   7.071451E+0,   5.447636E-4,   100,0,1,0
       2137,2026-10-01,12:15:20.925,        560,        304,   9.000000E+2,   9.000000E+3,   0.000000E+0,   0.000000E+0,   2.250000E+1,   0.000000E+0,   0.000000E+0,   0.000000E+0,   1.008879E+3,   1.529781E-1,   7.066040E-1,   1.478444E+3,   2.144925E-1,   1.088135E+0,   2.596352E+1,   1.113426E-2,   1.499328E+3,   3.683203E-2,   7.071607E+0,   6.225778E-4,   100,0,1,0
       2138,2026-10-01,12:15:50.927,        561,        304,   9.000000E+2,   9.000000E+3,   0.000000E+0,   0.000000E+0,   2.250000E+1,   0.000000E+0,   0.000000E+0,   0.000000E+0,   1.008870E+3,   1.197393E-1,   4.850464E-1,   1.478346E+3,   2.063150E-1,   9.739990E-1,   2.595233E+1,   1.061715E-2,   1.499323E+3,   2.917564E-2,   7.071889E+0,   5.987665E-4,   100,1,1,1
       2139,2026-10-01,12:16:20.929,        562,        304,   9.000000E+2,   9.000000E+3,   0.000000E+0,   0.000000E+0,   2.250000E+1,   0.000000E+0,   0.000000E+0,   0.000000E+0,   1.008896E+3,   1.132479E-1,   4.850464E-1,   1.478219E+3,   2.147870E-1,   1.184326E+0,   2.594188E+1,   9.685576E-3,   1.499328E+3,   2.722812E-2,   7.072255E+0,   6.235194E-4,   100,1,1,1
       2140,2026-10-01,12:16:50.931,        563,        304,   9.000000E+2,   9.000000E+3,   0.000000E+0,   0.000000E+0,   2.250000E+1,   0.000000E+0,   0.000000E+0,   0.000000E+0,   1.008885E+3,   1.116170E-1,   4.651489E-1,   1.478139E+3,   1.851510E-1,   1.027588E+0,   2.593224E+1,   8.869348E-3,   1.499323E+3,   2.774721E-2,   7.072485E+0,   5.380563E-4,   100,1,1,1
       2141,2026-10-01,12:17:20.933,        564,        304,   9.000000E+2,   9.000000E+3,   0.000000E+0,   0.000000E+0,   2.250000E+1,   0.000000E+0,   0.000000E+0,   0.000000E+0,   1.008860E+3,   1.046917E-1,   4.599609E-1,   1.478110E+3,   1.825078E-1,   8.963623E-1,   2.592321E+1,   8.511314E-3,   1.499315E+3,   2.572844E-2,   7.072567E+0,   5.313252E-4,   100,1,1,1
       2142,2026-10-01,12:17:50.935,        565,        304,   9.000000E+2,   9.000000E+3,   0.000000E+0,   0.000000E+0,   2.250000E+1,   0.000000E+0,   0.000000E+0,   0.000000E+0,   1.008835E+3,   9.760877E-2,   4.411621E-1,   1.478109E+3,   1.777568E-1,   7.650146E-1,   2.591501E+1,   8.118886E-3,   1.499308E+3,   2.412986E-2,   7.072562E+0,   5.183651E-4,   100,1,1,1
       2143,2026-10-01,12:18:20.937,        566,        304,   9.000000E+2,   9.000000E+3,   0.000000E+0,   0.000000E+0,   2.250000E+1,   0.000000E+0,   0.000000E+0,   0.000000E+0,   1.008810E+3,   7.819864E-2,   3.290405E-1,   1.478106E+3,   1.837544E-1,   8.001709E-1,   2.590676E+1,   7.769044E-3,   1.499300E+3,   1.816595E-2,   7.072569E+0,   5.353325E-4,   100,1,1,1
       2144,2026-10-01,12:18:50.939,        567,        304,   9.000000E+2,   9.000000E+3,   0.000000E+0,   0.000000E+0,   2.250000E+1,   0.000000E+0,   0.000000E+0,   0.000000E+0,   1.008823E+3,   8.928561E-2,   4.263306E-1,   1.478103E+3,   1.861429E-1,   9.542236E-1,   2.589938E+1,   6.799795E-3,   1.499302E+3,   2.150061E-2,   7.072576E+0,   5.424590E-4,   100,1,1,1
       2145,2026-10-01,12:19:20.941,        568,        304,   9.000000E+2,   9.000000E+3,   0.000000E+0,   0.000000E+0,   2.250000E+1,   0.000000E+0,   0.000000E+0,   0.000000E+0,   1.008875E+3,   1.275622E-1,   5.600586E-1,   1.478017E+3,   2.219204E-1,   1.233765E+0,   2.589319E+1,   5.321261E-3,   1.499313E+3,   3.013818E-2,   7.072825E+0,   6.477148E-4,   100,1,1,1
       2146,2026-10-01,12:19:50.943,        569,        304,   9.000000E+2,   9.000000E+3,   0.000000E+0,   0.000000E+0,   2.250000E+1,   0.000000E+0,   0.000000E+0,   0.000000E+0,   1.008913E+3,   1.598416E-1,   6.300659E-1,   1.477947E+3,   2.293545E-1,   1.233765E+0,   2.588731E+1,   5.650570E-3,   1.499320E+3,   3.798391E-2,   7.073032E+0,   6.671193E-4,   100,0,1,0
       2147,2026-10-01,12:20:20.945,        570,        304,   9.000000E+2,   9.000000E+3,   0.000000E+0,   0.000000E+0,   2.250000E+1,   0.000000E+0,   0.000000E+0,   0.000000E+0,   1.008966E+3,   1.623598E-1,   6.300659E-1,   1.477858E+3,   2.179187E-1,   1.108887E+0,   2.588083E+1,   6.908796E-3,   1.499332E+3,   3.839713E-2,   7.073290E+0,   6.336629E-4,   100,0,1,0
       2148,2026-10-01,12:20:50.947,        571,        304,   9.000000E+2,   9.000000E+3,   0.000000E+0,   0.000000E+0,   2.250000E+1,   0.000000E+0,   0.000000E+0,   0.000000E+0,   1.009032E+3,   1.359904E-1,   5.718384E-1,   1.477793E+3,   1.942679E-1,   1.057129E+0,   2.587435E+1,   6.725023E-3,   1.499346E+3,   3.279031E-2,   7.073475E+0,   5.653530E-4,   100,1,1,1
       2149,2026-10-01,12:21:20.949,        572,        304,   9.000000E+2,   9.000000E+3,   0.000000E+0,   0.000000E+0,   2.250000E+1,   0.000000E+0,   0.000000E+0,   0.000000E+0,   1.009101E+3,   9.560227E-2,   4.677734E-1,   1.477750E+3,   1.659007E-1,   6.523437E-1,   2.586744E+1,   5.892918E-3,   1.499361E+3,   2.283922E-2,   7.073600E+0,   4.829897E-4,   100,1,1,1
       2150,2026-10-01,12:21:50.951,        573,        304,   9.000000E+2,   9.000000E+3,   0.000000E+0,   0.000000E+0,   2.250000E+1,   0.000000E+0,   0.000000E+0,   0.000000E+0,   1.009147E+3,   1.214866E-1,   5.958862E-1,   1.477734E+3,   1.557219E-1,   6.405029E-1,   2.586123E+1,   6.031935E-3,   1.499371E+3,   2.869119E-2,   7.073645E+0,   4.530846E-4,   100,1,1,1
       2151,2026-10-01,12:22:20.953,        574,        304,   9.000000E+2,   9.000000E+3,   0.000000E+0,   0.000000E+0,   2.250000E+1,   0.000000E+0,   0.000000E+0,   0.000000E+0,   1.009252E+3,   1.455435E-1,   5.086670E-1,   1.477652E+3,   2.055334E-1,   9.932861E-1,   2.585524E+1,   5.813540E-3,   1.499396E+3,   3.410579E-2,   7.073883E+0,   5.977534E-4,   100,1,1,1
       2152,2026-10-01,12:22:50.955,        575,        304,   9.000000E+2,   9.000000E+3,   0.000000E+0,   0.000000E+0,   2.250000E+1,   0.000000E+0,   0.000000E+0,   0.000000E+0,   1.009360E+3,   1.244812E-1,   5.220337E-1,   1.477553E+3,   2.110411E-1,   1.100952E+0,   2.584978E+1,   4.875371E-3,   1.499421E+3,   2.920941E-2,   7.074167E+0,   6.139763E-4,   100,1,1,1
       2153,2026-10-01,12:23:20.957,        576,        304,   9.000000E+2,   9.000000E+3,   0.000000E+0,   0.000000E+0,   2.250000E+1,   0.000000E+0,   0.000000E+0,   0.000000E+0,   1.009453E+3,   1.096257E-1,   5.258179E-1,   1.477459E+3,   1.971569E-1,   1.100952E+0,   2.584551E+1,   3.779981E-3,   1.499442E+3,   2.552833E-2,   7.074442E+0,   5.738726E-4,   100,1,1,1
       2154,2026-10-01,12:23:50.959,        577,        304,   9.000000E+2,   9.000000E+3,   0.000000E+0,   0.000000E+0,   2.250000E+1,   0.000000E+0,   0.000000E+0,   0.000000E+0,   1.009486E+3,   1.161692E-1,   5.232544E-1,   1.477414E+3,   1.876345E-1,   1.100952E+0,   2.584194E+1,   2.773285E-3,   1.499449E+3,   2.763613E-2,   7.074570E+0,   5.465597E-4,   100,1,1,1
       2155,2026-10-01,12:24:20.961,        578,        304,   9.000000E+2,   9.000000E+3,   0.000000E+0,   0.000000E+0,   2.250000E+1,   0.000000E+0,   0.000000E+0,   0.000000E+0,   1.009511E+3,   1.372705E-1,   5.749512E-1,   1.477429E+3,   1.888369E-1,   9.362793E-1,   2.583936E+1,   2.373884E-3,   1.499454E+3,   3.308795E-2,   7.074526E+0,   5.502898E-4,   100,1,1,1
       2156,2026-10-01,12:24:50.963,        579,        304,   9.000000E+2,   9.000000E+3,   0.000000E+0,   0.000000E+0,   2.250000E+1,   0.000000E+0,   0.000000E+0,   0.000000E+0,   1.009500E+3,   1.857842E-1,   7.821655E-1,   1.477499E+3,   2.071697E-1,   9.215088E-1,   2.583676E+1,   2.394760E-3,   1.499451E+3,   4.434645E-2,   7.074321E+0,   6.037947E-4,   100,0,1,0
       2157,2026-10-01,12:25:20.965,        580,        304,   9.000000E+2,   9.000000E+3,   0.000000E+0,   0.000000E+0,   2.250000E+1,   0.000000E+0,   0.000000E+0,   0.000000E+0,   1.009550E+3,   1.935409E-1,   8.735962E-1,   1.477541E+3,   1.985445E-1,   8.870850E-1,   2.583450E+1,   2.281787E-3,   1.499463E+3,   4.622170E-2,   7.074201E+0,   5.784380E-4,   100,0,1,0
       2158,2026-10-01,12:25:50.967,        581,        304,   9.000000E+2,   9.000000E+3,   0.000000E+0,   0.000000E+0,   2.250000E+1,   0.000000E+0,   0.000000E+0,   0.000000E+0,   1.009603E+3,   1.975275E-1,   8.735962E-1,   1.477563E+3,   1.841183E-1,   7.719727E-1,   2.583222E+1,   2.108508E-3,   1.499475E+3,   4.713376E-2,   7.074133E+0,   5.361701E-4,   100,0,1,0
       2159,2026-10-01,12:26:20.969,        582,        304,   9.000000E+2,   9.000000E+3,   0.000000E+0,   0.000000E+0,   2.250000E+1,   0.000000E+0,   0.000000E+0,   0.000000E+0,   1.009718E+3,   1.215484E-1,   4.274902E-1,   1.477583E+3,   1.903178E-1,   8.616943E-1,   2.582961E+1,   2.735344E-3,   1.499503E+3,   2.880520E-2,   7.074075E+0,   5.545426E-4,   100,1,1,1
       2160,2026-10-01,12:26:50.971,        583,        304,   9.000000E+2,   9.000000E+3,   0.000000E+0,   0.000000E+0,   2.250000E+1,   0.000000E+0,   0.000000E+0,   0.000000E+0,   1.009768E+3,   8.031661E-2,   3.950195E-1,   1.477624E+3,   1.819467E-1,   8.616943E-1,   2.582638E+1,   3.743273E-3,   1.499514E+3,   1.911983E-2,   7.073954E+0,   5.302431E-4,   100,1,1,1
       2161,2026-10-01,12:27:20.973,        584,        304,   9.000000E+2,   9.000000E+3,   0.000000E+0,   0.000000E+0,   2.250000E+1,   0.000000E+0,   0.000000E+0,   0.000000E+0,   1.009817E+3,   8.301499E-2,   3.526001E-1,   1.477659E+3,   1.608088E-1,   7.562256E-1,   2.582236E+1,   4.237142E-3,   1.499525E+3,   1.965312E-2,   7.073851E+0,   4.683279E-4,   100,1,1,1
       2162,2026-10-01,12:27:50.975,        585,        304,   9.000000E+2,   9.000000E+3,   0.000000E+0,   0.000000E+0,   2.250000E+1,   0.000000E+0,   0.000000E+0,   0.000000E+0,   1.009854E+3,   9.196875E-2,   3.856201E-1,   1.477640E+3,   1.641847E-1,   8.493652E-1,   2.581826E+1,   3.874991E-3,   1.499533E+3,   2.187613E-2,   7.073907E+0,   4.779064E-4,   100,1,1,1
       2163,2026-10-01,12:28:20.977,        586,        304,   9.000000E+2,   9.000000E+3,   0.000000E+0,   0.000000E+0,   2.250000E+1,   0.000000E+0,   0.000000E+0,   0.000000E+0,   1.009900E+3,   9.161588E-2,   3.948975E-1,   1.477607E+3,   1.725799E-1,   7.974854E-1,   2.581467E+1,   3.161283E-3,   1.499543E+3,   2.203759E-2,   7.074000E+0,   5.025377E-4,   100,1,1,1
       2164,2026-10-01,12:28:50.979,        587,        304,   9.000000E+2,   9.000000E+3,   0.000000E+0,   0.000000E+0,   2.250000E+1,   0.000000E+0,   0.000000E+0,   0.000000E+0,   1.009916E+3,   8.896647E-2,   3.984985E-1,   1.477584E+3,   1.775642E-1,   7.974854E-1,   2.581140E+1,   2.885270E-3,   1.499547E+3,   2.136898E-2,   7.074069E+0,   5.171184E-4,   100,1,1,1
       2165,2026-10-01,12:29:20.981,        588,        304,   9.000000E+2,   9.000000E+3,   0.000000E+0,   0.000000E+0,   2.250000E+1,   0.000000E+0,   0.000000E+0,   0.000000E+0,   1.009942E+3,   8.862630E-2,   4.227295E-1,   1.477581E+3,   1.815515E-1,   8.354492E-1,   2.580819E+1,   3.289287E-3,   1.499552E+3,   2.149665E-2,   7.074077E+0,   5.289605E-4,   100,1,1,1
       2166,2026-10-01,12:29:50.983,        589,        304,   9.000000E+2,   9.000000E+3,   0.000000E+0,   0.000000E+0,   2.250000E+1,   0.000000E+0,   0.000000E+0,   0.000000E+0,   1.009883E+3,   1.225753E-1,   4.741211E-1,   1.477671E+3,   2.108575E-1,   1.115723E+0,   2.580449E+1,   3.911495E-3,   1.499537E+3,   2.976861E-2,   7.073811E+0,   6.145094E-4,   100,1,1,1
       2167,2026-10-01,12:30:20.985,        590,        304,   9.000000E+2,   9.000000E+3,   0.000000E+0,   0.000000E+0,   2.250000E+1,   0.000000E+0,   0.000000E+0,   0.000000E+0,   1.009902E+3,   1.154015E-1,   4.880371E-1,   1.477666E+3,   2.107629E-1,   1.125977E+0,   2.580027E+1,   4.340507E-3,   1.499540E+3,   2.779257E-2,   7.073827E+0,   6.139281E-4,   100,1,1,1
       2168,2026-10-01,12:30:50.987,        591,        304,   9.000000E+2,   9.000000E+3,   0.000000E+0,   0.000000E+0,   2.250000E+1,   0.000000E+0,   0.000000E+0,   0.000000E+0,   1.009905E+3,   1.242900E-1,   5.548706E-1,   1.477648E+3,   2.309120E-1,   1.148560E+0,   2.579585E+1,   4.373572E-3,   1.499540E+3,   2.937547E-2,   7.073877E+0,   6.717439E-4,   100,1,1,1
       2169,2026-10-01,12:31:20.989,        592,        304,   9.000000E+2,   9.000000E+3,   0.000000E+0,   0.000000E+0,   2.250000E+1,   0.000000E+0,   0.000000E+0,   0.000000E+0,   1.009960E+3,   1.151912E-1,   4.749146E-1,   1.477500E+3,   2.147689E-1,   9.919434E-1,   2.579137E+1,   4.199827E-3,   1.499552E+3,   2.712835E-2,   7.074305E+0,   6.249085E-4,   100,1,1,1
       2170,2026-10-01,12:31:50.991,        593,        304,   9.000000E+2,   9.000000E+3,   0.000000E+0,   0.000000E+0,   2.250000E+1,   0.000000E+0,   0.000000E+0,   0.000000E+0,   1.009981E+3,   1.031580E-1,   4.403687E-1,   1.477448E+3,   1.984997E-1,   8.946533E-1,   2.578691E+1,   4.351767E-3,   1.499557E+3,   2.488736E-2,   7.074457E+0,   5.779534E-4,   100,1,1,1
       2171,2026-10-01,12:32:20.993,        594,        304,   9.000000E+2,   9.000000E+3,   0.000000E+0,   0.000000E+0,   2.250000E+1,   0.000000E+0,   0.000000E+0,   0.000000E+0,   1.009963E+3,   1.241979E-1,   5.537720E-1,   1.477448E+3,   1.970059E-1,   8.946533E-1,   2.578250E+1,   4.320319E-3,   1.499551E+3,   3.033559E-2,   7.074454E+0,   5.745122E-4,   100,1,1,1
       2172,2026-10-01,12:32:50.995,        595,        304,   9.000000E+2,   9.000000E+3,   0.000000E+0,   0.000000E+0,   2.250000E+1,   0.000000E+0,   0.000000E+0,   0.000000E+0,   1.009920E+3,   1.049198E-1,   5.332642E-1,   1.477491E+3,   1.962353E-1,   8.509521E-1,   2.577810E+1,   4.190262E-3,   1.499540E+3,   2.538864E-2,   7.074330E+0,   5.720156E-4,   100,1,1,1
       2173,2026-10-01,12:33:20.997,        596,        304,   9.000000E+2,   9.000000E+3,   0.000000E+0,   0.000000E+0,   2.250000E+1,   0.000000E+0,   0.000000E+0,   0.000000E+0,   1.009850E+3,   1.305534E-1,   5.599976E-1,   1.477581E+3,   1.861568E-1,   9.710693E-1,   2.577404E+1,   3.797686E-3,   1.499522E+3,   3.183123E-2,   7.074067E+0,   5.422309E-4,   100,1,1,1
       2174,2026-10-01,12:33:50.999,        597,        304,   9.000000E+2,   9.000000E+3,   0.000000E+0,   0.000000E+0,   2.250000E+1,   0.000000E+0,   0.000000E+0,   0.000000E+0,   1.009806E+3,   1.259231E-1,   5.599976E-1,   1.477604E+3,   1.966642E-1,   9.710693E-1,   2.577040E+1,   3.358688E-3,   1.499511E+3,   3.059334E-2,   7.073997E+0,   5.731641E-4,   100,1,1,1
       2175,2026-10-01,12:34:21.001,        598,        304,   9.000000E+2,   9.000000E+3,   0.000000E+0,   0.000000E+0,   2.250000E+1,   0.000000E+0,   0.000000E+0,   0.000000E+0,   1.009784E+3,   1.283616E-1,   5.528564E-1,   1.477593E+3,   2.020293E-1,   1.038818E+0,   2.576668E+1,   3.532432E-3,   1.499505E+3,   3.084582E-2,   7.074028E+0,   5.883425E-4,   100,1,1,1
       2176,2026-10-01,12:34:51.003,        599,        304,   9.000000E+2,   9.000000E+3,   0.000000E+0,   0.000000E+0,   2.250000E+1,   0.000000E+0,   0.000000E+0,   0.000000E+0,   1.009809E+3,   1.071008E-1,   4.631958E-1,   1.477552E+3,   2.086206E-1,   9.478760E-1,   2.576298E+1,   3.938187E-3,   1.499511E+3,   2.511026E-2,   7.074148E+0,   6.070375E-4,   100,1,1,1
       2177,2026-10-01,12:35:21.006,        600,        304,   9.000000E+2,   9.000000E+3,   0.000000E+0,   0.000000E+0,   2.250000E+1,   0.000000E+0,   0.000000E+0,   0.000000E+0,   1.009848E+3,   1.096333E-1,   4.428711E-1,   1.477483E+3,   1.936684E-1,   9.375000E-1,   2.575913E+1,   3.635278E-3,   1.499519E+3,   2.583982E-2,   7.074348E+0,   5.638177E-4,   100,1,1,1
       2178,2026-10-01,12:35:51.008,        601,        304,   9.000000E+2,   9.000000E+3,   0.000000E+0,   0.000000E+0,   2.250000E+1,   0.000000E+0,   0.000000E+0,   0.000000E+0,   1.009884E+3,   1.285599E-1,   6.362915E-1,   1.477358E+3,   2.218551E-1,   1.084351E+0,   2.575541E+1,   3.351272E-3,   1.499527E+3,   3.083893E-2,   7.074711E+0,   6.460206E-4,   100,0,1,0
       2179,2026-10-01,12:36:21.010,        602,        304,   9.000000E+2,   9.000000E+3,   0.000000E+0,   0.000000E+0,   2.250000E+1,   0.000000E+0,   0.000000E+0,   0.000000E+0,   1.009843E+3,   1.661353E-1,   8.855591E-1,   1.477344E+3,   2.310156E-1,   1.084351E+0,   2.575187E+1,   3.538022E-3,   1.499516E+3,   4.027748E-2,   7.074750E+0,   6.730650E-4,   100,0,1,0
       2180,2026-10-01,12:36:51.012,        603,        304,   9.000000E+2,   9.000000E+3,   0.000000E+0,   0.000000E+0,   2.250000E+1,   0.000000E+0,   0.000000E+0,   0.000000E+0,   1.009756E+3,   2.293774E-1,   1.125000E+0,   1.477349E+3,   2.441395E-1,   1.089844E+0,   2.574798E+1,   3.919307E-3,   1.499495E+3,   5.527824E-2,   7.074736E+0,   7.116275E-4,   100,0,1,0
       2181,2026-10-01,12:37:21.014,        604,        304,   9.000000E+2,   9.000000E+3,   0.000000E+0,   0.000000E+0,   2.250000E+1,   0.000000E+0,   0.000000E+0,   0.000000E+0,   1.009852E+3,   2.888269E-1,   1.304504E+0,   1.477236E+3,   3.036753E-1,   1.229126E+0,   2.574402E+1,   3.905401E-3,   1.499517E+3,   6.932327E-2,   7.075061E+0,   8.844603E-4,   100,0,1,0
       2182,2026-10-01,12:37:51.016,        605,        304,   9.000000E+2,   9.000000E+3,   0.000000E+0,   0.000000E+0,   2.250000E+1,   0.000000E+0,   0.000000E+0,   0.000000E+0,   1.009910E+3,   3.190754E-1,   1.304504E+0,   1.477185E+3,   3.150308E-1,   1.401123E+0,   2.574066E+1,   3.204103E-3,   1.499530E+3,   7.610830E-2,   7.075210E+0,   9.174169E-4,   100,0,1,0
       2183,2026-10-01,12:38:21.018,        606,        304,   9.000000E+2,   9.000000E+3,   0.000000E+0,   0.000000E+0,   2.250000E+1,   0.000000E+0,   0.000000E+0,   0.000000E+0,   1.009986E+3,   2.273301E-1,   8.696899E-1,   1.477144E+3,   2.814117E-1,   1.516602E+0,   2.573790E+1,   1.912059E-3,   1.499547E+3,   5.473025E-2,   7.075330E+0,   8.202908E-4,   100,0,1,0
       2184,2026-10-01,12:38:51.020,        607,        304,   9.000000E+2,   9.000000E+3,   0.000000E+0,   0.000000E+0,   2.250000E+1,   0.000000E+0,   0.000000E+0,   0.000000E+0,   1.010041E+3,   2.383185E-1,   9.797974E-1,   1.477118E+3,   2.896205E-1,   1.516602E+0,   2.573633E+1,   1.240993E-3,   1.499561E+3,   5.717489E-2,   7.075404E+0,   8.441714E-4,   100,0,1,0
       2185,2026-10-01,12:39:21.022,        608,        304,   9.000000E+2,   9.000000E+3,   0.000000E+0,   0.000000E+0,   2.250000E+1,   0.000000E+0,   0.000000E+0,   0.000000E+0,   1.010032E+3,   2.277270E-1,   9.797974E-1,   1.477111E+3,   2.773895E-1,   1.492554E+0,   2.573526E+1,   8.441461E-4,   1.499559E+3,   5.446160E-2,   7.075425E+0,   8.082816E-4,   100,0,1,0
       2186,2026-10-01,12:39:51.024,        609,        304,   9.000000E+2,   9.000000E+3,   0.000000E+0,   0.000000E+0,   2.250000E+1,   0.000000E+0,   0.000000E+0,   0.000000E+0,   1.010117E+3,   2.250231E-1,   9.797974E-1,   1.477016E+3,   2.471468E-1,   1.395752E+0,   2.573456E+1,   6.617003E-4,   1.499579E+3,   5.353191E-2,   7.075703E+0,   7.202216E-4,   100,0,1,0
       2187,2026-10-01,12:40:21.026,        610,        304,   9.000000E+2,   9.000000E+3,   0.000000E+0,   0.000000E+0,   2.250000E+1,   0.000000E+0,   0.000000E+0,   0.000000E+0,   1.010176E+3,   1.357721E-1,   5.875244E-1,   1.477022E+3,   2.333141E-1,   1.185181E+0,   2.573370E+1,   8.247189E-4,   1.499593E+3,   3.295584E-2,   7.075683E+0,   6.802213E-4,   100,1,1,1
       2188,2026-10-01,12:40:51.028,        611,        304,   9.000000E+2,   9.000000E+3,   0.000000E+0,   0.000000E+0,   2.250000E+1,   0.000000E+0,   0.000000E+0,   0.000000E+0,   1.010119E+3,   1.188278E-1,   4.318237E-1,   1.477113E+3,   2.349612E-1,   1.008911E+0,   2.573281E+1,   1.238176E-3,   1.499579E+3,   2.866313E-2,   7.075419E+0,   6.850146E-4,   100,1,1,1
       2189,2026-10-01,12:41:21.030,        612,        304,   9.000000E+2,   9.000000E+3,   0.000000E+0,   0.000000E+0,   2.250000E+1,   0.000000E+0,   0.000000E+0,   0.000000E+0,   1.010109E+3,   1.357868E-1,   6.079102E-1,   1.477100E+3,   2.424549E-1,   1.008057E+0,   2.573134E+1,   1.605324E-3,   1.499576E+3,   3.268529E-2,   7.075455E+0,   7.065458E-4,   100,0,1,0
       2190,2026-10-01,12:41:51.032,        613,        304,   9.000000E+2,   9.000000E+3,   0.000000E+0,   0.000000E+0,   2.250000E+1,   0.000000E+0,   0.000000E+0,   0.000000E+0,   1.010175E+3,   1.722758E-1,   6.239624E-1,   1.477023E+3,   2.423436E-1,   1.050293E+0,   2.572968E+1,   1.777581E-3,   1.499592E+3,   4.074398E-2,   7.075679E+0,   7.060597E-4,   100,0,1,0
       2191,2026-10-01,12:42:21.034,        614,        304,   9.000000E+2,   9.000000E+3,   0.000000E+0,   0.000000E+0,   2.250000E+1,   0.000000E+0,   0.000000E+0,   0.000000E+0,   1.010205E+3,   1.540241E-1,   6.239624E-1,   1.476986E+3,   2.146087E-1,   9.384766E-1,   2.572776E+1,   1.901866E-3,   1.499599E+3,   3.648229E-2,   7.075786E+0,   6.257233E-4,   100,0,1,0
       2192,2026-10-01,12:42:51.036,        615,        304,   9.000000E+2,   9.000000E+3,   0.000000E+0,   0.000000E+0,   2.250000E+1,   0.000000E+0,   0.000000E+0,   0.000000E+0,   1.010223E+3,   1.297652E-1,   5.208130E-1,   1.477013E+3,   2.237101E-1,   9.384766E-1,   2.572557E+1,   2.114086E-3,   1.499602E+3,   3.120404E-2,   7.075708E+0,   6.524430E-4,   100,1,1,1
       2193,2026-10-01,12:43:21.038,        616,        304,   9.000000E+2,   9.000000E+3,   0.000000E+0,   0.000000E+0,   2.250000E+1,   0.000000E+0,   0.000000E+0,   0.000000E+0,   1.010164E+3,   1.305888E-1,   6.674805E-1,   1.477087E+3,   1.809519E-1,   8.359375E-1,   2.572352E+1,   2.167726E-3,   1.499588E+3,   3.122486E-2,   7.075490E+0,   5.274481E-4,   100,0,1,0
       2194,2026-10-01,12:43:51.040,        617,        304,   9.000000E+2,   9.000000E+3,   0.000000E+0,   0.000000E+0,   2.250000E+1,   0.000000E+0,   0.000000E+0,   0.000000E+0,   1.010199E+3,   1.394211E-1,   6.989746E-1,   1.477082E+3,   1.735012E-1,   8.359375E-1,   2.572150E+1,   1.851083E-3,   1.499596E+3,   3.336264E-2,   7.075504E+0,   5.055648E-4,   100,0,1,0
       2195,2026-10-01,12:44:21.042,        618,        304,   9.000000E+2,   9.000000E+3,   0.000000E+0,   0.000000E+0,   2.250000E+1,   0.000000E+0,   0.000000E+0,   0.000000E+0,   1.010219E+3,   1.447243E-1,   6.989746E-1,   1.477091E+3,   1.907053E-1,   9.304199E-1,   2.571966E+1,   1.703619E-3,   1.499600E+3,   3.473802E-2,   7.075477E+0,   5.560401E-4,   100,0,1,0
       2196,2026-10-01,12:44:51.044,        619,        304,   9.000000E+2,   9.000000E+3,   0.000000E+0,   0.000000E+0,   2.250000E+1,   0.000000E+0,   0.000000E+0,   0.000000E+0,   1.010155E+3,   1.637702E-1,   6.989746E-1,   1.477201E+3,   2.289568E-1,   1.011841E+0,   2.571776E+1,   1.935865E-3,   1.499584E+3,   3.948174E-2,   7.075158E+0,   6.675386E-4,   100,0,1,0
       2197,2026-10-01,12:45:21.046,        620,        304,   9.000000E+2,   9.000000E+3,   0.000000E+0,   0.000000E+0,   2.250000E+1,   0.000000E+0,   0.000000E+0,   0.000000E+0,   1.010098E+3,   1.796634E-1,   7.240601E-1,   1.477332E+3,   2.314735E-1,   1.122437E+0,   2.571545E+1,   2.525876E-3,   1.499570E+3,   4.327258E-2,   7.074776E+0,   6.748465E-4,   100,0,1,0
       2198,2026-10-01,12:45:51.048,        621,        304,   9.000000E+2,   9.000000E+3,   0.000000E+0,   0.000000E+0,   2.250000E+1,   0.000000E+0,   0.000000E+0,   0.000000E+0,   1.009967E+3,   1.811156E-1,   7.719727E-1,   1.477408E+3,   1.886201E-1,   9.377441E-1,   2.571284E+1,   2.746769E-3,   1.499538E+3,   4.361410E-2,   7.074552E+0,   5.495508E-4,   100,0,1,0
       2199,2026-10-01,12:46:21.050,        622,        304,   9.000000E+2,   9.000000E+3,   0.000000E+0,   0.000000E+0,   2.250000E+1,   0.000000E+0,   0.000000E+0,   0.000000E+0,   1.009964E+3,   1.805222E-1,   7.719727E-1,   1.477383E+3,   2.090087E-1,   9.937744E-1,   2.571006E+1,   2.600255E-3,   1.499537E+3,   4.325061E-2,   7.074626E+0,   6.089029E-4,   100,0,1,0
       2200,2026-10-01,12:46:51.052,        623,        304,   9.000000E+2,   9.000000E+3,   0.000000E+0,   0.000000E+0,   2.250000E+1,   0.000000E+0,   0.000000E+0,   0.000000E+0,   1.009997E+3,   1.674446E-1,   7.088013E-1,   1.477318E+3,   2.143410E-1,   9.761963E-1,   2.570749E+1,   2.446584E-3,   1.499544E+3,   3.964840E-2,   7.074813E+0,   6.242272E-4,   100,0,1,0
       2201,2026-10-01,12:47:21.054,        624,        304,   9.000000E+2,   9.000000E+3,   0.000000E+0,   0.000000E+0,   2.250000E+1,   0.000000E+0,   0.000000E+0,   0.000000E+0,   1.010128E+3,   1.553592E-1,   7.758179E-1,   1.477217E+3,   2.225420E-1,   1.114258E+0,   2.570509E+1,   2.271070E-3,   1.499576E+3,   3.684131E-2,   7.075106E+0,   6.481244E-4,   100,0,1,0
       2202,2026-10-01,12:47:51.056,        625,        304,   9.000000E+2,   9.000000E+3,   0.000000E+0,   0.000000E+0,   2.250000E+1,   0.000000E+0,   0.000000E+0,   0.000000E+0,   1.010225E+3,   1.142929E-1,   5.617676E-1,   1.477134E+3,   1.923458E-1,   1.056885E+0,   2.570298E+1,   1.907240E-3,   1.499598E+3,   2.753848E-2,   7.075350E+0,   5.603012E-4,   100,1,1,1
       2203,2026-10-01,12:48:21.058,        626,        304,   9.000000E+2,   9.000000E+3,   0.000000E+0,   0.000000E+0,   2.250000E+1,   0.000000E+0,   0.000000E+0,   0.000000E+0,   1.010257E+3,   1.480317E-1,   7.077637E-1,   1.477113E+3,   1.769335E-1,   9.207764E-1,   2.570117E+1,   1.573818E-3,   1.499605E+3,   3.563391E-2,   7.075410E+0,   5.157191E-4,   100,0,1,0
       2204,2026-10-01,12:48:51.060,        627,        304,   9.000000E+2,   9.000000E+3,   0.000000E+0,   0.000000E+0,   2.250000E+1,   0.000000E+0,   0.000000E+0,   0.000000E+0,   1.010275E+3,   1.436124E-1,   7.077637E-1,   1.477182E+3,   2.090774E-1,   1.041748E+0,   2.569970E+1,   1.326988E-3,   1.499609E+3,   3.456247E-2,   7.075208E+0,   6.094485E-4,   100,0,1,0
       2205,2026-10-01,12:49:21.062,        628,        304,   9.000000E+2,   9.000000E+3,   0.000000E+0,   0.000000E+0,   2.250000E+1,   0.000000E+0,   0.000000E+0,   0.000000E+0,   1.010238E+3,   1.454118E-1,   6.640015E-1,   1.477312E+3,   2.243959E-1,   9.012451E-1,   2.569861E+1,   9.550527E-4,   1.499600E+3,   3.476056E-2,   7.074829E+0,   6.539997E-4,   100,0,1,0
       2206,2026-10-01,12:49:51.064,        629,        304,   9.000000E+2,   9.000000E+3,   0.000000E+0,   0.000000E+0,   2.250000E+1,   0.000000E+0,   0.000000E+0,   0.000000E+0,   1.010162E+3,   1.391812E-1,   6.176758E-1,   1.477516E+3,   2.853608E-1,   1.392944E+0,   2.569782E+1,   5.871436E-4,   1.499582E+3,   3.341378E-2,   7.074234E+0,   8.312949E-4,   100,0,1,0
       2207,2026-10-01,12:50:21.066,        630,        304,   9.000000E+2,   9.000000E+3,   0.000000E+0,   0.000000E+0,   2.250000E+1,   0.000000E+0,   0.000000E+0,   0.000000E+0,   1.010038E+3,   2.152226E-1,   7.246704E-1,   1.477810E+3,   4.143440E-1,   1.558472E+0,   2.569708E+1,   8.168445E-4,   1.499552E+3,   5.178289E-2,   7.073377E+0,   1.206630E-3,   100,0,1,0
       2208,2026-10-01,12:50:51.068,        631,        304,   9.000000E+2,   9.000000E+3,   0.000000E+0,   0.000000E+0,   2.250000E+1,   0.000000E+0,   0.000000E+0,   0.000000E+0,   1.009903E+3,   1.848176E-1,   6.719971E-1,   1.478072E+3,   3.515707E-1,   1.577759E+0,   2.569612E+1,   1.208905E-3,   1.499519E+3,   4.494217E-2,   7.072614E+0,   1.023660E-3,   100,0,1,0
       2209,2026-10-01,12:51:21.070,        632,        304,   9.000000E+2,   9.000000E+3,   0.000000E+0,   0.000000E+0,   2.250000E+1,   0.000000E+0,   0.000000E+0,   0.000000E+0,   1.009755E+3,   2.371360E-1,   1.725830E+0,   1.478296E+3,   2.341043E-1,   1.295898E+0,   2.569500E+1,   1.170752E-3,   1.499483E+3,   5.749677E-2,   7.071964E+0,   6.813415E-4,   100,0,1,0
       2210,2026-10-01,12:51:51.072,        633,        304,   9.000000E+2,   9.000000E+3,   0.000000E+0,   0.000000E+0,   2.250000E+1,   0.000000E+0,   0.000000E+0,   0.000000E+0,   1.009484E+3,   4.825391E-1,   1.653687E+0,   1.478307E+3,   2.187933E-1,   1.075928E+0,   2.569376E+1,   1.091014E-3,   1.499418E+3,   1.161919E-1,   7.071929E+0,   6.366037E-4,   100,0,1,0
       2211,2026-10-01,12:52:21.074,        634,        304,   9.000000E+2,   9.000000E+3,   0.000000E+0,   0.000000E+0,   2.250000E+1,   0.000000E+0,   0.000000E+0,   0.000000E+0,   1.009473E+3,   4.761396E-1,   1.640381E+0,   1.478311E+3,   2.250129E-1,   1.075928E+0,   2.569266E+1,   1.197690E-3,   1.499416E+3,   1.144171E-1,   7.071918E+0,   6.546486E-4,   100,0,1,0
       2212,2026-10-01,12:52:51.076,        635,        304,   9.000000E+2,   9.000000E+3,   0.000000E+0,   0.000000E+0,   2.250000E+1,   0.000000E+0,   0.000000E+0,   0.000000E+0,   1.009475E+3,   4.844896E-1,   1.739685E+0,   1.478217E+3,   2.662030E-1,   1.242798E+0,   2.569154E+1,   1.068092E-3,   1.499416E+3,   1.163616E-1,   7.072192E+0,   7.745112E-4,   100,0,1,0
       2213,2026-10-01,12:53:21.078,        636,        304,   9.000000E+2,   9.000000E+3,   0.000000E+0,   0.000000E+0,   2.250000E+1,   0.000000E+0,   0.000000E+0,   0.000000E+0,   1.009809E+3,   2.035974E-1,   9.846191E-1,   1.478133E+3,   2.073207E-1,   9.791260E-1,   2.569055E+1,   8.931488E-4,   1.499496E+3,   4.882016E-2,   7.072435E+0,   6.033715E-4,   100,0,1,0
       2214,2026-10-01,12:53:51.080,        637,        304,   9.000000E+2,   9.000000E+3,   0.000000E+0,   0.000000E+0,   2.250000E+1,   0.000000E+0,   0.000000E+0,   0.000000E+0,   1.009883E+3,   1.691123E-1,   8.331299E-1,   1.478121E+3,   1.958642E-1,   9.404297E-1,   2.568978E+1,   7.050978E-4,   1.499513E+3,   4.103748E-2,   7.072471E+0,   5.700816E-4,   100,0,1,0
       2215,2026-10-01,12:54:21.082,        638,        304,   9.000000E+2,   9.000000E+3,   0.000000E+0,   0.000000E+0,   2.250000E+1,   0.000000E+0,   0.000000E+0,   0.000000E+0,   1.009993E+3,   9.859830E-2,   5.175171E-1,   1.478141E+3,   1.892304E-1,   8.686523E-1,   2.568895E+1,   7.607912E-4,   1.499539E+3,   2.363518E-2,   7.072413E+0,   5.508037E-4,   100,1,1,1
       2216,2026-10-01,12:54:51.084,        639,        304,   9.000000E+2,   9.000000E+3,   0.000000E+0,   0.000000E+0,   2.250000E+1,   0.000000E+0,   0.000000E+0,   0.000000E+0,   1.010065E+3,   1.216244E-1,   5.031738E-1,   1.478133E+3,   1.830343E-1,   8.148193E-1,   2.568830E+1,   7.636466E-4,   1.499556E+3,   2.946435E-2,   7.072435E+0,   5.326775E-4,   100,1,1,1
       2217,2026-10-01,12:55:21.086,        640,        304,   9.000000E+2,   9.000000E+3,   0.000000E+0,   0.000000E+0,   2.250000E+1,   0.000000E+0,   0.000000E+0,   0.000000E+0,   1.010160E+3,   1.357959E-1,   4.754639E-1,   1.478097E+3,   1.947364E-1,   8.502197E-1,   2.568750E+1,   7.962228E-4,   1.499579E+3,   3.289121E-2,   7.072540E+0,   5.666906E-4,   100,1,1,1
       2218,2026-10-01,12:55:51.088,        641,        304,   9.000000E+2,   9.000000E+3,   0.000000E+0,   0.000000E+0,   2.250000E+1,   0.000000E+0,   0.000000E+0,   0.000000E+0,   1.010209E+3,   9.851568E-2,   4.050293E-1,   1.478047E+3,   1.780429E-1,   9.957275E-1,   2.568644E+1,   1.250367E-3,   1.499591E+3,   2.368708E-2,   7.072683E+0,   5.182755E-4,   100,1,1,1
       2219,2026-10-01,12:56:21.090,        642,        304,   9.000000E+2,   9.000000E+3,   0.000000E+0,   0.000000E+0,   2.250000E+1,   0.000000E+0,   0.000000E+0,   0.000000E+0,   1.010160E+3,   1.478391E-1,   5.137939E-1,   1.478140E+3,   2.279682E-1,   1.038330E+0,   2.568589E+1,   9.997156E-4,   1.499579E+3,   3.547494E-2,   7.072412E+0,   6.634885E-4,   100,1,1,1
       2220,2026-10-01,12:56:51.093,        643,        304,   9.000000E+2,   9.000000E+3,   0.000000E+0,   0.000000E+0,   2.250000E+1,   0.000000E+0,   0.000000E+0,   0.000000E+0,   1.010113E+3,   1.286024E-1,   5.137939E-1,   1.478185E+3,   2.281848E-1,   1.038330E+0,   2.568566E+1,   7.215897E-4,   1.499568E+3,   3.084844E-2,   7.072283E+0,   6.640416E-4,   100,1,1,1
       2221,2026-10-01,12:57:21.094,        644,        304,   9.000000E+2,   9.000000E+3,   0.000000E+0,   0.000000E+0,   2.250000E+1,   0.000000E+0,   0.000000E+0,   0.000000E+0,   1.010090E+3,   1.054631E-1,   4.378662E-1,   1.478254E+3,   1.848488E-1,   7.987061E-1,   2.568626E+1,   7.791008E-4,   1.499562E+3,   2.560345E-2,   7.072083E+0,   5.378926E-4,   100,1,1,1
       2222,2026-10-01,12:57:51.096,        645,        304,   9.000000E+2,   9.000000E+3,   0.000000E+0,   0.000000E+0,   2.250000E+1,   0.000000E+0,   0.000000E+0,   0.000000E+0,   1.010165E+3,   1.319295E-1,   6.594238E-1,   1.478163E+3,   2.214369E-1,   1.082886E+0,   2.568690E+1,   5.984778E-4,   1.499581E+3,   3.227972E-2,   7.072347E+0,   6.445771E-4,   100,0,1,0
       2223,2026-10-01,12:58:21.098,        646,        304,   9.000000E+2,   9.000000E+3,   0.000000E+0,   0.000000E+0,   2.250000E+1,   0.000000E+0,   0.000000E+0,   0.000000E+0,   1.010204E+3,   1.370288E-1,   6.594238E-1,   1.478180E+3,   2.353045E-1,   1.142090E+0,   2.568760E+1,   7.196472E-4,   1.499590E+3,   3.343592E-2,   7.072299E+0,   6.849131E-4,   100,0,1,0
       2224,2026-10-01,12:58:51.100,        647,        304,   9.000000E+2,   9.000000E+3,   0.000000E+0,   0.000000E+0,   2.250000E+1,   0.000000E+0,   0.000000E+0,   0.000000E+0,   1.010288E+3,   1.436520E-1,   5.225830E-1,   1.478108E+3,   2.520678E-1,   1.142090E+0,   2.568828E+1,   7.800276E-4,   1.499610E+3,   3.483756E-2,   7.072506E+0,   7.337304E-4,   100,1,1,1
       2225,2026-10-01,12:59:21.103,        648,        304,   9.000000E+2,   9.000000E+3,   0.000000E+0,   0.000000E+0,   2.250000E+1,   0.000000E+0,   0.000000E+0,   0.000000E+0,   1.010271E+3,   1.682148E-1,   6.874390E-1,   1.478163E+3,   2.800708E-1,   1.279663E+0,   2.568922E+1,   1.051275E-3,   1.499607E+3,   4.006295E-2,   7.072349E+0,   8.150332E-4,   100,0,1,0
       2226,2026-10-01,12:59:51.106,        649,        304,   9.000000E+2,   9.000000E+3,   0.000000E+0,   0.000000E+0,   2.250000E+1,   0.000000E+0,   0.000000E+0,   0.000000E+0,   1.010213E+3,   1.665709E-1,   6.274414E-1,   1.478283E+3,   2.918892E-1,   1.293579E+0,   2.569045E+1,   1.369728E-3,   1.499593E+3,   3.943873E-2,   7.071999E+0,   8.491353E-4,   100,0,1,0
       2227,2026-10-01,13:00:21.108,        650,        304,   9.000000E+2,   9.000000E+3,   0.000000E+0,   0.000000E+0,   2.250000E+1,   0.000000E+0,   0.000000E+0,   0.000000E+0,   1.010211E+3,   1.645817E-1,   6.750488E-1,   1.478317E+3,   2.650355E-1,   1.299927E+0,   2.569170E+1,   1.297915E-3,   1.499593E+3,   3.903004E-2,   7.071901E+0,   7.712517E-4,   100,0,1,0
       2228,2026-10-01,13:00:51.110,        651,        304,   9.000000E+2,   9.000000E+3,   0.000000E+0,   0.000000E+0,   2.250000E+1,   0.000000E+0,   0.000000E+0,   0.000000E+0,   1.010177E+3,   1.764680E-1,   6.765747E-1,   1.478382E+3,   2.859010E-1,   1.305542E+0,   2.569271E+1,   8.050398E-4,   1.499585E+3,   4.212689E-2,   7.071711E+0,   8.319318E-4,   100,0,1,0
       2229,2026-10-01,13:01:21.112,        652,        304,   9.000000E+2,   9.000000E+3,   0.000000E+0,   0.000000E+0,   2.250000E+1,   0.000000E+0,   0.000000E+0,   0.000000E+0,   1.010268E+3,   1.539988E-1,   6.765747E-1,   1.478277E+3,   2.837431E-1,   1.305542E+0,   2.569313E+1,   3.466939E-4,   1.499606E+3,   3.739357E-2,   7.072016E+0,   8.256374E-4,   100,0,1,0
       2230,2026-10-01,13:01:51.114,        653,        304,   9.000000E+2,   9.000000E+3,   0.000000E+0,   0.000000E+0,   2.250000E+1,   0.000000E+0,   0.000000E+0,   0.000000E+0,   1.010323E+3,   1.639878E-1,   6.769409E-1,   1.478300E+3,   2.509871E-1,   1.256348E+0,   2.569344E+1,   4.471605E-4,   1.499620E+3,   3.983078E-2,   7.071950E+0,   7.302736E-4,   100,0,1,0
       2231,2026-10-01,13:02:21.116,        654,        304,   9.000000E+2,   9.000000E+3,   0.000000E+0,   0.000000E+0,   2.250000E+1,   0.000000E+0,   0.000000E+0,   0.000000E+0,   1.010354E+3,   1.587807E-1,   6.769409E-1,   1.478288E+3,   2.237737E-1,   1.195801E+0,   2.569405E+1,   1.040082E-3,   1.499627E+3,   3.851597E-2,   7.071986E+0,   6.510662E-4,   100,0,1,0
       2232,2026-10-01,13:02:51.118,        655,        304,   9.000000E+2,   9.000000E+3,   0.000000E+0,   0.000000E+0,   2.250000E+1,   0.000000E+0,   0.000000E+0,   0.000000E+0,   1.010392E+3,   6.824046E-2,   2.945557E-1,   1.478342E+3,   1.935991E-1,   9.786377E-1,   2.569518E+1,   1.430458E-3,   1.499637E+3,   1.614844E-2,   7.071828E+0,   5.631610E-4,   100,1,1,1
       2233,2026-10-01,13:03:21.120,        656,        304,   9.000000E+2,   9.000000E+3,   0.000000E+0,   0.000000E+0,   2.250000E+1,   0.000000E+0,   0.000000E+0,   0.000000E+0,   1.010415E+3,   1.196939E-1,   5.192871E-1,   1.478347E+3,   2.029469E-1,   9.805908E-1,   2.569658E+1,   1.338734E-3,   1.499643E+3,   2.883999E-2,   7.071815E+0,   5.905457E-4,   100,1,1,1
       2234,2026-10-01,13:03:51.122,        657,        304,   9.000000E+2,   9.000000E+3,   0.000000E+0,   0.000000E+0,   2.250000E+1,   0.000000E+0,   0.000000E+0,   0.000000E+0,   1.010403E+3,   1.297949E-1,   5.192871E-1,   1.478388E+3,   2.306171E-1,   1.266235E+0,   2.569781E+1,   1.196973E-3,   1.499640E+3,   3.127295E-2,   7.071697E+0,   6.709042E-4,   100,1,1,1
       2235,2026-10-01,13:04:21.124,        658,        304,   9.000000E+2,   9.000000E+3,   0.000000E+0,   0.000000E+0,   2.250000E+1,   0.000000E+0,   0.000000E+0,   0.000000E+0,   1.010381E+3,   1.371359E-1,   5.192871E-1,   1.478471E+3,   2.539809E-1,   1.266235E+0,   2.569925E+1,   1.439144E-3,   1.499635E+3,   3.306083E-2,   7.071455E+0,   7.386824E-4,   100,1,1,1
       2236,2026-10-01,13:04:51.126,        659,        304,   9.000000E+2,   9.000000E+3,   0.000000E+0,   0.000000E+0,   2.250000E+1,   0.000000E+0,   0.000000E+0,   0.000000E+0,   1.010358E+3,   1.152374E-1,   4.600220E-1,   1.478534E+3,   2.406082E-1,   1.266235E+0,   2.570088E+1,   1.825100E-3,   1.499629E+3,   2.762286E-2,   7.071272E+0,   6.997352E-4,   100,1,1,1
       2237,2026-10-01,13:05:21.128,        660,        304,   9.000000E+2,   9.000000E+3,   0.000000E+0,   0.000000E+0,   2.250000E+1,   0.000000E+0,   0.000000E+0,   0.000000E+0,   1.010360E+3,   1.188319E-1,   4.563599E-1,   1.478558E+3,   2.147870E-1,   1.121460E+0,   2.570263E+1,   1.732064E-3,   1.499630E+3,   2.887206E-2,   7.071203E+0,   6.250161E-4,   100,1,1,1
       2238,2026-10-01,13:05:51.130,        661,        304,   9.000000E+2,   9.000000E+3,   0.000000E+0,   0.000000E+0,   2.250000E+1,   0.000000E+0,   0.000000E+0,   0.000000E+0,   1.010387E+3,   1.181034E-1,   4.188232E-1,   1.478563E+3,   2.302393E-1,   1.203979E+0,   2.570433E+1,   1.486800E-3,   1.499637E+3,   2.850793E-2,   7.071187E+0,   6.697084E-4,   100,1,1,1
       2239,2026-10-01,13:06:21.132,        662,        304,   9.000000E+2,   9.000000E+3,   0.000000E+0,   0.000000E+0,   2.250000E+1,   0.000000E+0,   0.000000E+0,   0.000000E+0,   1.010424E+3,   1.146460E-1,   5.214844E-1,   1.478582E+3,   2.428212E-1,   1.203979E+0,   2.570567E+1,   1.225918E-3,   1.499646E+3,   2.754791E-2,   7.071135E+0,   7.061185E-4,   100,1,1,1
       2240,2026-10-01,13:06:51.134,        663,        304,   9.000000E+2,   9.000000E+3,   0.000000E+0,   0.000000E+0,   2.250000E+1,   0.000000E+0,   0.000000E+0,   0.000000E+0,   1.010339E+3,   1.653917E-1,   5.895996E-1,   1.478755E+3,   2.878768E-1,   1.280762E+0,   2.570699E+1,   1.291740E-3,   1.499626E+3,   3.921379E-2,   7.070632E+0,   8.369400E-4,   100,1,1,1
       2241,2026-10-01,13:07:21.136,        664,        304,   9.000000E+2,   9.000000E+3,   0.000000E+0,   0.000000E+0,   2.250000E+1,   0.000000E+0,   0.000000E+0,   0.000000E+0,   1.010331E+3,   1.511497E-1,   5.420532E-1,   1.478810E+3,   2.461369E-1,   1.120483E+0,   2.570851E+1,   1.639002E-3,   1.499625E+3,   3.605487E-2,   7.070471E+0,   7.157245E-4,   100,1,1,1
       2242,2026-10-01,13:07:51.138,        665,        304,   9.000000E+2,   9.000000E+3,   0.000000E+0,   0.000000E+0,   2.250000E+1,   0.000000E+0,   0.000000E+0,   0.000000E+0,   1.010263E+3,   1.545701E-1,   5.154419E-1,   1.478947E+3,   2.769091E-1,   1.181274E+0,   2.571018E+1,   1.837527E-3,   1.499609E+3,   3.666010E-2,   7.070074E+0,   8.049862E-4,   100,1,1,1
       2243,2026-10-01,13:08:21.140,        666,        304,   9.000000E+2,   9.000000E+3,   0.000000E+0,   0.000000E+0,   2.250000E+1,   0.000000E+0,   0.000000E+0,   0.000000E+0,   1.010281E+3,   1.391118E-1,   5.154419E-1,   1.478978E+3,   2.881453E-1,   1.339722E+0,   2.571219E+1,   1.974286E-3,   1.499614E+3,   3.305870E-2,   7.069985E+0,   8.373992E-4,   100,1,1,1
       2244,2026-10-01,13:08:51.142,        667,        304,   9.000000E+2,   9.000000E+3,   0.000000E+0,   0.000000E+0,   2.250000E+1,   0.000000E+0,   0.000000E+0,   0.000000E+0,   1.010226E+3,   1.345868E-1,   5.617676E-1,   1.479065E+3,   2.354546E-1,   1.237427E+0,   2.571422E+1,   2.031816E-3,   1.499600E+3,   3.179738E-2,   7.069731E+0,   6.844250E-4,   100,1,1,1
       2245,2026-10-01,13:09:21.144,        668,        304,   9.000000E+2,   9.000000E+3,   0.000000E+0,   0.000000E+0,   2.250000E+1,   0.000000E+0,   0.000000E+0,   0.000000E+0,   1.010282E+3,   1.909972E-1,   7.443848E-1,   1.478951E+3,   2.774259E-1,   1.404785E+0,   2.571619E+1,   1.910583E-3,   1.499614E+3,   4.621018E-2,   7.070065E+0,   8.069660E-4,   100,0,1,0
       2246,2026-10-01,13:09:51.146,        669,        304,   9.000000E+2,   9.000000E+3,   0.000000E+0,   0.000000E+0,   2.250000E+1,   0.000000E+0,   0.000000E+0,   0.000000E+0,   1.010400E+3,   2.229243E-1,   7.443848E-1,   1.478814E+3,   2.725641E-1,   1.174561E+0,   2.571781E+1,   1.346928E-3,   1.499643E+3,   5.394113E-2,   7.070463E+0,   7.928587E-4,   100,0,1,0
       2247,2026-10-01,13:10:21.148,        670,        304,   9.000000E+2,   9.000000E+3,   0.000000E+0,   0.000000E+0,   2.250000E+1,   0.000000E+0,   0.000000E+0,   0.000000E+0,   1.010524E+3,   1.483005E-1,   7.053833E-1,   1.478689E+3,   1.874123E-1,   9.158936E-1,   2.571897E+1,   8.873428E-4,   1.499673E+3,   3.617103E-2,   7.070826E+0,   5.451350E-4,   100,0,1,0
       2248,2026-10-01,13:10:51.150,        671,        304,   9.000000E+2,   9.000000E+3,   0.000000E+0,   0.000000E+0,   2.250000E+1,   0.000000E+0,   0.000000E+0,   0.000000E+0,   1.010608E+3,   1.311171E-1,   8.699951E-1,   1.478646E+3,   2.153931E-1,   1.221436E+0,   2.572008E+1,   1.161500E-3,   1.499694E+3,   3.166305E-2,   7.070951E+0,   6.264027E-4,   100,0,1,0
       2249,2026-10-01,13:11:21.152,        672,        304,   9.000000E+2,   9.000000E+3,   0.000000E+0,   0.000000E+0,   2.250000E+1,   0.000000E+0,   0.000000E+0,   0.000000E+0,   1.010482E+3,   2.591997E-1,   1.043274E+0,   1.478848E+3,   3.597816E-1,   1.524780E+0,   2.572132E+1,   1.541917E-3,   1.499664E+3,   6.140133E-2,   7.070364E+0,   1.045776E-3,   100,0,1,0
       2250,2026-10-01,13:11:51.154,        673,        304,   9.000000E+2,   9.000000E+3,   0.000000E+0,   0.000000E+0,   2.250000E+1,   0.000000E+0,   0.000000E+0,   0.000000E+0,   1.010412E+3,   2.554062E-1,   1.043274E+0,   1.478990E+3,   3.765935E-1,   1.524780E+0,   2.572320E+1,   2.008319E-3,   1.499648E+3,   6.056149E-2,   7.069951E+0,   1.094554E-3,   100,0,1,0
       2251,2026-10-01,13:12:21.156,        674,        304,   9.000000E+2,   9.000000E+3,   0.000000E+0,   0.000000E+0,   2.250000E+1,   0.000000E+0,   0.000000E+0,   0.000000E+0,   1.010361E+3,   1.989844E-1,   9.829102E-1,   1.479113E+3,   2.578725E-1,   1.116699E+0,   2.572547E+1,   2.515598E-3,   1.499636E+3,   4.732293E-2,   7.069595E+0,   7.497870E-4,   100,0,1,0
       2252,2026-10-01,13:12:51.158,        675,        304,   9.000000E+2,   9.000000E+3,   0.000000E+0,   0.000000E+0,   2.250000E+1,   0.000000E+0,   0.000000E+0,   0.000000E+0,   1.010399E+3,   1.619303E-1,   6.393433E-1,   1.479176E+3,   2.948197E-1,   1.258789E+0,   2.572795E+1,   2.527646E-3,   1.499645E+3,   3.893253E-2,   7.069414E+0,   8.567416E-4,   100,0,1,0
       2253,2026-10-01,13:13:21.160,        676,        304,   9.000000E+2,   9.000000E+3,   0.000000E+0,   0.000000E+0,   2.250000E+1,   0.000000E+0,   0.000000E+0,   0.000000E+0,   1.010363E+3,   2.043197E-1,   6.796875E-1,   1.479209E+3,   3.402095E-1,   1.360596E+0,   2.573029E+1,   2.021478E-3,   1.499637E+3,   4.892899E-2,   7.069318E+0,   9.885302E-4,   100,0,1,0
       2254,2026-10-01,13:13:51.162,        677,        304,   9.000000E+2,   9.000000E+3,   0.000000E+0,   0.000000E+0,   2.250000E+1,   0.000000E+0,   0.000000E+0,   0.000000E+0,   1.010357E+3,   2.176527E-1,   6.796875E-1,   1.479257E+3,   3.495879E-1,   1.403931E+0,   2.573205E+1,   1.574002E-3,   1.499636E+3,   5.206475E-2,   7.069178E+0,   1.015840E-3,   100,0,1,0
       2255,2026-10-01,13:14:21.164,        678,        304,   9.000000E+2,   9.000000E+3,   0.000000E+0,   0.000000E+0,   2.250000E+1,   0.000000E+0,   0.000000E+0,   0.000000E+0,   1.010252E+3,   1.961191E-1,   6.485596E-1,   1.479446E+3,   3.616239E-1,   1.671509E+0,   2.573361E+1,   1.368816E-3,   1.499611E+3,   4.695928E-2,   7.068631E+0,   1.050665E-3,   100,0,1,0
       2256,2026-10-01,13:14:51.166,        679,        304,   9.000000E+2,   9.000000E+3,   0.000000E+0,   0.000000E+0,   2.250000E+1,   0.000000E+0,   0.000000E+0,   0.000000E+0,   1.010298E+3,   1.838207E-1,   6.485596E-1,   1.479401E+3,   3.436378E-1,   1.671509E+0,   2.573520E+1,   1.841424E-3,   1.499622E+3,   4.383368E-2,   7.068761E+0,   9.983168E-4,   100,0,1,0
       2257,2026-10-01,13:15:21.168,        680,        304,   9.000000E+2,   9.000000E+3,   0.000000E+0,   0.000000E+0,   2.250000E+1,   0.000000E+0,   0.000000E+0,   0.000000E+0,   1.010228E+3,   1.105168E-1,   4.603271E-1,   1.479522E+3,   2.439265E-1,   1.208130E+0,   2.573705E+1,   2.072160E-3,   1.499606E+3,   2.662246E-2,   7.068408E+0,   7.087339E-4,   100,1,1,1
       2258,2026-10-01,13:15:51.170,        681,        304,   9.000000E+2,   9.000000E+3,   0.000000E+0,   0.000000E+0,   2.250000E+1,   0.000000E+0,   0.000000E+0,   0.000000E+0,   1.010269E+3,   1.197330E-1,   4.603271E-1,   1.479469E+3,   2.623831E-1,   1.423218E+0,   2.573906E+1,   1.843612E-3,   1.499616E+3,   2.892154E-2,   7.068563E+0,   7.625212E-4,   100,1,1,1
       2259,2026-10-01,13:16:21.172,        682,        304,   9.000000E+2,   9.000000E+3,   0.000000E+0,   0.000000E+0,   2.250000E+1,   0.000000E+0,   0.000000E+0,   0.000000E+0,   1.010360E+3,   1.252022E-1,   6.082153E-1,   1.479376E+3,   2.596614E-1,   1.131104E+0,   2.574104E+1,   2.032901E-3,   1.499638E+3,   3.012636E-2,   7.068836E+0,   7.547191E-4,   100,0,1,0
       2260,2026-10-01,13:16:51.174,        683,        304,   9.000000E+2,   9.000000E+3,   0.000000E+0,   0.000000E+0,   2.250000E+1,   0.000000E+0,   0.000000E+0,   0.000000E+0,   1.010338E+3,   1.675243E-1,   7.811890E-1,   1.479397E+3,   2.832505E-1,   1.321411E+0,   2.574348E+1,   2.519012E-3,   1.499634E+3,   3.981813E-2,   7.068773E+0,   8.228657E-4,   100,0,1,0
       2261,2026-10-01,13:17:21.176,        684,        304,   9.000000E+2,   9.000000E+3,   0.000000E+0,   0.000000E+0,   2.250000E+1,   0.000000E+0,   0.000000E+0,   0.000000E+0,   1.010331E+3,   1.896853E-1,   7.811890E-1,   1.479412E+3,   3.192563E-1,   1.633179E+0,   2.574608E+1,   2.819387E-3,   1.499633E+3,   4.508062E-2,   7.068730E+0,   9.271768E-4,   100,0,1,0
       2262,2026-10-01,13:17:51.178,        685,        304,   9.000000E+2,   9.000000E+3,   0.000000E+0,   0.000000E+0,   2.250000E+1,   0.000000E+0,   0.000000E+0,   0.000000E+0,   1.010307E+3,   1.721895E-1,   6.845703E-1,   1.479501E+3,   2.595844E-1,   1.488403E+0,   2.574922E+1,   3.038833E-3,   1.499628E+3,   4.144130E-2,   7.068475E+0,   7.542124E-4,   100,0,1,0
       2263,2026-10-01,13:18:21.180,        686,        304,   9.000000E+2,   9.000000E+3,   0.000000E+0,   0.000000E+0,   2.250000E+1,   0.000000E+0,   0.000000E+0,   0.000000E+0,   1.010294E+3,   1.525240E-1,   6.343384E-1,   1.479540E+3,   2.681849E-1,   1.488403E+0,   2.575233E+1,   3.173061E-3,   1.499625E+3,   3.660296E-2,   7.068361E+0,   7.792535E-4,   100,0,1,0
       2264,2026-10-01,13:18:51.183,        687,        304,   9.000000E+2,   9.000000E+3,   0.000000E+0,   0.000000E+0,   2.250000E+1,   0.000000E+0,   0.000000E+0,   0.000000E+0,   1.010364E+3,   1.288803E-1,   5.694580E-1,   1.479485E+3,   2.217733E-1,   9.548340E-1,   2.575539E+1,   2.837667E-3,   1.499643E+3,   3.099859E-2,   7.068521E+0,   6.442571E-4,   100,1,1,1
       2265,2026-10-01,13:19:21.185,        688,        304,   9.000000E+2,   9.000000E+3,   0.000000E+0,   0.000000E+0,   2.250000E+1,   0.000000E+0,   0.000000E+0,   0.000000E+0,   1.010285E+3,   2.168737E-1,   1.038086E+0,   1.479586E+3,   3.155185E-1,   1.501465E+0,   2.575780E+1,   2.063289E-3,   1.499624E+3,   5.201100E-2,   7.068229E+0,   9.161254E-4,   100,0,1,0
       2266,2026-10-01,13:19:51.187,        689,        304,   9.000000E+2,   9.000000E+3,   0.000000E+0,   0.000000E+0,   2.250000E+1,   0.000000E+0,   0.000000E+0,   0.000000E+0,   1.010229E+3,   2.201601E-1,   9.992676E-1,   1.479670E+3,   2.864661E-1,   1.355957E+0,   2.575961E+1,   1.392639E-3,   1.499611E+3,   5.282141E-2,   7.067986E+0,   8.318790E-4,   100,0,1,0
       2267,2026-10-01,13:20:21.189,        690,        304,   9.000000E+2,   9.000000E+3,   0.000000E+0,   0.000000E+0,   2.250000E+1,   0.000000E+0,   0.000000E+0,   0.000000E+0,   1.010234E+3,   2.225619E-1,   9.992676E-1,   1.479657E+3,   2.899497E-1,   1.355957E+0,   2.576091E+1,   1.201592E-3,   1.499612E+3,   5.340891E-2,   7.068024E+0,   8.420742E-4,   100,0,1,0
       2268,2026-10-01,13:20:51.191,        691,        304,   9.000000E+2,   9.000000E+3,   0.000000E+0,   0.000000E+0,   2.250000E+1,   0.000000E+0,   0.000000E+0,   0.000000E+0,   1.010214E+3,   1.544882E-1,   8.029175E-1,   1.479689E+3,   2.431522E-1,   1.102539E+0,   2.576258E+1,   1.834051E-3,   1.499609E+3,   3.710540E-2,   7.067930E+0,   7.061098E-4,   100,0,1,0
       2269,2026-10-01,13:21:21.193,        692,        304,   9.000000E+2,   9.000000E+3,   0.000000E+0,   0.000000E+0,   2.250000E+1,   0.000000E+0,   0.000000E+0,   0.000000E+0,   1.010249E+3,   1.188983E-1,   4.884644E-1,   1.479676E+3,   2.289752E-1,   1.200928E+0,   2.576489E+1,   2.849363E-3,   1.499617E+3,   2.847612E-2,   7.067971E+0,   6.647057E-4,   100,1,1,1
       2270,2026-10-01,13:21:51.196,        693,        304,   9.000000E+2,   9.000000E+3,   0.000000E+0,   0.000000E+0,   2.250000E+1,   0.000000E+0,   0.000000E+0,   0.000000E+0,   1.010164E+3,   1.755591E-1,   7.897949E-1,   1.479855E+3,   3.047716E-1,   1.262085E+0,   2.576775E+1,   3.050440E-3,   1.499597E+3,   4.189779E-2,   7.067450E+0,   8.843774E-4,   100,0,1,0
       2271,2026-10-01,13:22:21.198,        694,        304,   9.000000E+2,   9.000000E+3,   0.000000E+0,   0.000000E+0,   2.250000E+1,   0.000000E+0,   0.000000E+0,   0.000000E+0,   1.010032E+3,   1.987846E-1,   7.390137E-1,   1.479990E+3,   2.880113E-1,   1.440186E+0,   2.577061E+1,   2.486875E-3,   1.499566E+3,   4.718907E-2,   7.067061E+0,   8.358297E-4,   100,0,1,0
       2272,2026-10-01,13:22:51.200,        695,        304,   9.000000E+2,   9.000000E+3,   0.000000E+0,   0.000000E+0,   2.250000E+1,   0.000000E+0,   0.000000E+0,   0.000000E+0,   1.010019E+3,   1.862065E-1,   6.764526E-1,   1.480073E+3,   2.434912E-1,   1.440186E+0,   2.577297E+1,   2.108501E-3,   1.499563E+3,   4.455635E-2,   7.066820E+0,   7.066637E-4,   100,0,1,0
       2273,2026-10-01,13:23:21.202,        696,        304,   9.000000E+2,   9.000000E+3,   0.000000E+0,   0.000000E+0,   2.250000E+1,   0.000000E+0,   0.000000E+0,   0.000000E+0,   1.009903E+3,   2.246552E-1,   7.987061E-1,   1.480184E+3,   2.689312E-1,   1.095947E+0,   2.577514E+1,   1.940897E-3,   1.499535E+3,   5.405099E-2,   7.066497E+0,   7.804567E-4,   100,0,1,0
       2274,2026-10-01,13:23:51.204,        697,        304,   9.000000E+2,   9.000000E+3,   0.000000E+0,   0.000000E+0,   2.250000E+1,   0.000000E+0,   0.000000E+0,   0.000000E+0,   1.009940E+3,   2.256748E-1,   8.249512E-1,   1.480120E+3,   2.641177E-1,   1.142700E+0,   2.577692E+1,   1.760051E-3,   1.499545E+3,   5.393608E-2,   7.066685E+0,   7.665208E-4,   100,0,1,0
       2275,2026-10-01,13:24:21.206,        698,        304,   9.000000E+2,   9.000000E+3,   0.000000E+0,   0.000000E+0,   2.250000E+1,   0.000000E+0,   0.000000E+0,   0.000000E+0,   1.009937E+3,   2.227941E-1,   7.941284E-1,   1.480160E+3,   2.556296E-1,   1.142700E+0,   2.577842E+1,   1.240517E-3,   1.499545E+3,   5.327937E-2,   7.066568E+0,   7.420172E-4,   100,0,1,0
       2276,2026-10-01,13:24:51.208,        699,        304,   9.000000E+2,   9.000000E+3,   0.000000E+0,   0.000000E+0,   2.250000E+1,   0.000000E+0,   0.000000E+0,   0.000000E+0,   1.009944E+3,   2.008513E-1,   7.941284E-1,   1.480162E+3,   2.358662E-1,   1.082642E+0,   2.577973E+1,   1.159811E-3,   1.499547E+3,   4.760652E-2,   7.066564E+0,   6.843829E-4,   100,0,1,0
       2277,2026-10-01,13:25:21.210,        700,        304,   9.000000E+2,   9.000000E+3,   0.000000E+0,   0.000000E+0,   2.250000E+1,   0.000000E+0,   0.000000E+0,   0.000000E+0,   1.009956E+3,   1.700733E-1,   7.879639E-1,   1.480223E+3,   2.365363E-1,   1.154541E+0,   2.578100E+1,   1.422072E-3,   1.499550E+3,   4.035708E-2,   7.066387E+0,   6.863076E-4,   100,0,1,0
       2278,2026-10-01,13:25:51.212,        701,        304,   9.000000E+2,   9.000000E+3,   0.000000E+0,   0.000000E+0,   2.250000E+1,   0.000000E+0,   0.000000E+0,   0.000000E+0,   1.009847E+3,   1.903106E-1,   7.234497E-1,   1.480311E+3,   2.518077E-1,   1.186279E+0,   2.578262E+1,   1.750954E-3,   1.499524E+3,   4.514750E-2,   7.066132E+0,   7.305032E-4,   100,0,1,0
       2279,2026-10-01,13:26:21.214,        702,        304,   9.000000E+2,   9.000000E+3,   0.000000E+0,   0.000000E+0,   2.250000E+1,   0.000000E+0,   0.000000E+0,   0.000000E+0,   1.009185E+3,   1.309257E+0,   5.630188E+0,   1.480816E+3,   9.132026E-1,   3.784912E+0,   2.578449E+1,   1.968808E-3,   1.499364E+3,   3.150101E-1,   7.064667E+0,   2.645418E-3,   100,0,1,0
       2280,2026-10-01,13:26:51.216,        703,        304,   9.000000E+2,   9.000000E+3,   0.000000E+0,   0.000000E+0,   2.250000E+1,   0.000000E+0,   0.000000E+0,   0.000000E+0,   1.006840E+3,   3.429903E+0,   9.067993E+0,   1.482264E+3,   2.092072E+0,   6.250244E+0,   2.578609E+1,   1.578805E-3,   1.498800E+3,   8.247178E-1,   7.060481E+0,   6.049609E-3,   100,0,1,0
       2281,2026-10-01,13:27:21.218,        704,        304,   9.000000E+2,   9.000000E+3,   0.000000E+0,   0.000000E+0,   2.250000E+1,   0.000000E+0,   0.000000E+0,   0.000000E+0,   1.004326E+3,   3.433946E+0,   9.055725E+0,   1.484099E+3,   2.286696E+0,   7.612183E+0,   2.578814E+1,   2.077696E-3,   1.498196E+3,   8.251902E-1,   7.055176E+0,   6.605045E-3,   100,0,1,0
       2282,2026-10-01,13:27:51.220,        705,        304,   9.000000E+2,   9.000000E+3,   0.000000E+0,   0.000000E+0,   2.250000E+1,   0.000000E+0,   0.000000E+0,   0.000000E+0,   1.001988E+3,   1.401410E+0,   6.395752E+0,   1.485842E+3,   1.344493E+0,   5.263550E+0,   2.579119E+1,   3.843177E-3,   1.497635E+3,   3.378827E-1,   7.050146E+0,   3.875465E-3,   100,0,1,0
       2283,2026-10-01,13:28:21.222,        706,        304,   9.000000E+2,   9.000000E+3,   0.000000E+0,   0.000000E+0,   2.250000E+1,   0.000000E+0,   0.000000E+0,   0.000000E+0,   1.000166E+3,   2.358506E+0,   9.147705E+0,   1.486999E+3,   8.843642E-1,   3.672974E+0,   2.579561E+1,   5.362798E-3,   1.497197E+3,   5.683376E-1,   7.046816E+0,   2.541520E-3,   100,0,1,0
       2284,2026-10-01,13:28:51.224,        707,        304,   9.000000E+2,   9.000000E+3,   0.000000E+0,   0.000000E+0,   2.250000E+1,   0.000000E+0,   0.000000E+0,   0.000000E+0,   9.975424E+2,   3.988162E+0,   1.246667E+1,   1.487750E+3,   8.576747E-1,   3.490845E+0,   2.580119E+1,   5.465108E-3,   1.496564E+3,   9.650452E-1,   7.044657E+0,   2.462945E-3,   100,0,1,0
       2285,2026-10-01,13:29:21.226,        708,        304,   9.000000E+2,   9.000000E+3,   0.000000E+0,   0.000000E+0,   2.250000E+1,   0.000000E+0,   0.000000E+0,   0.000000E+0,   9.932575E+2,   5.290499E+0,   1.996277E+1,   1.488665E+3,   1.073018E+0,   4.866455E+0,   2.580629E+1,   4.953486E-3,   1.495525E+3,   1.277442E+0,   7.042032E+0,   3.077451E-3,   100,0,1,0
       2286,2026-10-01,13:29:51.228,        709,        304,   9.000000E+2,   9.000000E+3,   0.000000E+0,   0.000000E+0,   2.250000E+1,   0.000000E+0,   0.000000E+0,   0.000000E+0,   9.920837E+2,   5.731882E+0,   2.798792E+1,   1.488385E+3,   1.930729E+0,   8.733032E+0,   2.581042E+1,   4.824322E-3,   1.495351E+3,   1.867371E+0,   7.042844E+0,   5.549875E-3,   100,0,1,0
       2287,2026-10-01,13:30:21.230,        710,        304,   9.000000E+2,   9.000000E+3,   0.000000E+0,   0.000000E+0,   2.250000E+1,   0.000000E+0,   0.000000E+0,   0.000000E+0,   9.966655E+2,   1.028884E+1,   3.047272E+1,   1.486683E+3,   3.247350E+0,   1.039368E+1,   2.581713E+1,   7.581745E-3,   1.496456E+3,   2.741248E+0,   7.047747E+0,   9.347689E-3,   100,0,1,0
       2288,2026-10-01,13:30:51.232,        711,        304,   9.000000E+2,   9.000000E+3,   0.000000E+0,   0.000000E+0,   2.250000E+1,   0.000000E+0,   0.000000E+0,   0.000000E+0,   1.002643E+3,   1.094128E+1,   3.076166E+1,   1.484398E+3,   3.404228E+0,   1.127747E+1,   2.582456E+1,   8.478397E-3,   1.497905E+3,   2.825784E+0,   7.054338E+0,   9.804491E-3,   100,0,1,0
       2289,2026-10-01,13:31:21.234,        712,        304,   9.000000E+2,   9.000000E+3,   0.000000E+0,   0.000000E+0,   2.250000E+1,   0.000000E+0,   0.000000E+0,   0.000000E+0,   1.009536E+3,   2.577065E+0,   1.407794E+1,   1.482364E+3,   8.634405E-1,   3.992554E+0,   2.583200E+1,   6.357539E-3,   1.499467E+3,   5.985006E-1,   7.060195E+0,   2.498937E-3,   100,0,1,0
       2290,2026-10-01,13:31:51.236,        713,        304,   9.000000E+2,   9.000000E+3,   0.000000E+0,   0.000000E+0,   2.250000E+1,   0.000000E+0,   0.000000E+0,   0.000000E+0,   1.010410E+3,   4.732825E-1,   1.759216E+0,   1.481749E+3,   5.659577E-1,   2.329346E+0,   2.583633E+1,   3.094607E-3,   1.499670E+3,   1.131929E-1,   7.061978E+0,   1.639448E-3,   100,0,1,0
       2291,2026-10-01,13:32:21.238,        714,        304,   9.000000E+2,   9.000000E+3,   0.000000E+0,   0.000000E+0,   2.250000E+1,   0.000000E+0,   0.000000E+0,   0.000000E+0,   1.010348E+3,   4.199975E-1,   1.752686E+0,   1.481304E+3,   8.496747E-1,   2.971558E+0,   2.583745E+1,   1.532612E-3,   1.499655E+3,   1.004476E-1,   7.063269E+0,   2.462223E-3,   100,0,1,0
       2292,2026-10-01,13:32:51.240,        715,        304,   9.000000E+2,   9.000000E+3,   0.000000E+0,   0.000000E+0,   2.250000E+1,   0.000000E+0,   0.000000E+0,   0.000000E+0,   1.009112E+3,   2.707050E+0,   1.045831E+1,   1.482069E+3,   2.192998E+0,   8.648438E+0,   2.583433E+1,   5.787635E-3,   1.499355E+3,   6.534295E-1,   7.061059E+0,   6.336322E-3,   100,0,1,0
       2293,2026-10-01,13:33:21.242,        716,        304,   9.000000E+2,   9.000000E+3,   0.000000E+0,   0.000000E+0,   2.250000E+1,   0.000000E+0,   0.000000E+0,   0.000000E+0,   1.005870E+3,   5.056468E+0,   1.198114E+1,   1.484149E+3,   3.703952E+0,   9.506470E+0,   2.582532E+1,   1.151896E-2,   1.498575E+3,   1.214172E+0,   7.055061E+0,   1.069181E-2,   100,0,1,0
       2294,2026-10-01,13:33:51.244,        717,        304,   9.000000E+2,   9.000000E+3,   0.000000E+0,   0.000000E+0,   2.250000E+1,   0.000000E+0,   0.000000E+0,   0.000000E+0,   1.002133E+3,   4.816701E+0,   1.503656E+1,   1.486623E+3,   3.056839E+0,   9.416382E+0,   2.581786E+1,   9.674935E-3,   1.497672E+3,   1.156096E+0,   7.047918E+0,   8.818449E-3,   100,0,1,0
       2295,2026-10-01,13:34:21.246,        718,        304,   9.000000E+2,   9.000000E+3,   0.000000E+0,   0.000000E+0,   2.250000E+1,   0.000000E+0,   0.000000E+0,   0.000000E+0,   9.966624E+2,   4.545811E+0,   1.845221E+1,   1.488762E+3,   8.427274E-1,   4.768555E+0,   2.581343E+1,   3.981555E-3,   1.496354E+3,   1.099904E+0,   7.041756E+0,   2.418800E-3,   100,0,1,0
       2296,2026-10-01,13:34:51.248,        719,        304,   9.000000E+2,   9.000000E+3,   0.000000E+0,   0.000000E+0,   2.250000E+1,   0.000000E+0,   0.000000E+0,   0.000000E+0,   9.953998E+2,   5.165639E+0,   1.915857E+1,   1.488221E+3,   1.455499E+0,   5.743286E+0,   2.581558E+1,   4.498118E-3,   1.496055E+3,   1.243784E+0,   7.043312E+0,   4.182932E-3,   100,0,1,0
       2297,2026-10-01,13:35:21.250,        720,        304,   9.000000E+2,   9.000000E+3,   0.000000E+0,   0.000000E+0,   2.250000E+1,   0.000000E+0,   0.000000E+0,   0.000000E+0,   9.977214E+2,   7.590142E+0,   2.313257E+1,   1.487019E+3,   2.275129E+0,   6.847900E+0,   2.581973E+1,   3.901435E-3,   1.496616E+3,   1.828475E+0,   7.046772E+0,   6.544173E-3,   100,0,1,0
       2298,2026-10-01,13:35:51.252,        721,        304,   9.000000E+2,   9.000000E+3,   0.000000E+0,   0.000000E+0,   2.250000E+1,   0.000000E+0,   0.000000E+0,   0.000000E+0,   1.002488E+3,   8.009093E+0,   2.378418E+1,   1.485327E+3,   2.073316E+0,   7.361938E+0,   2.582284E+1,   2.497640E-3,   1.497768E+3,   1.924208E+0,   7.051643E+0,   5.966516E-3,   100,0,1,0
       2299,2026-10-01,13:36:21.254,        722,        304,   9.000000E+2,   9.000000E+3,   0.000000E+0,   0.000000E+0,   2.250000E+1,   0.000000E+0,   0.000000E+0,   0.000000E+0,   1.007661E+3,   2.040678E+0,   7.707092E+0,   1.484040E+3,   5.900627E-1,   2.879639E+0,   2.582481E+1,   1.086354E-3,   1.499009E+3,   4.894794E-1,   7.055349E+0,   1.703265E-3,   100,0,1,0
       2300,2026-10-01,13:36:51.256,        723,        304,   9.000000E+2,   9.000000E+3,   0.000000E+0,   0.000000E+0,   2.250000E+1,   0.000000E+0,   0.000000E+0,   0.000000E+0,   1.006177E+3,   4.658889E+0,   1.518042E+1,   1.484891E+3,   1.910309E+0,   6.174561E+0,   2.582573E+1,   8.785500E-4,   1.498647E+3,   1.122961E+0,   7.052899E+0,   5.501194E-3,   100,0,1,0
       2301,2026-10-01,13:37:21.258,        724,        304,   9.000000E+2,   9.000000E+3,   0.000000E+0,   0.000000E+0,   2.250000E+1,   0.000000E+0,   0.000000E+0,   0.000000E+0,   1.003217E+3,   5.668416E+0,   1.518042E+1,   1.485626E+3,   2.179648E+0,   7.030640E+0,   2.582628E+1,   1.031873E-3,   1.497940E+3,   1.359805E+0,   7.050782E+0,   6.274912E-3,   100,0,1,0
       2302,2026-10-01,13:37:51.260,        725,        304,   9.000000E+2,   9.000000E+3,   0.000000E+0,   0.000000E+0,   2.250000E+1,   0.000000E+0,   0.000000E+0,   0.000000E+0,   1.003435E+3,   5.912084E+0,   1.625031E+1,   1.485438E+3,   2.366752E+0,   7.614990E+0,   2.583001E+1,   5.745685E-3,   1.497993E+3,   1.419378E+0,   7.051328E+0,   6.817220E-3,   100,0,1,0
       2303,2026-10-01,13:38:21.262,        726,        304,   9.000000E+2,   9.000000E+3,   0.000000E+0,   0.000000E+0,   2.250000E+1,   0.000000E+0,   0.000000E+0,   0.000000E+0,   1.004923E+3,   6.347515E+0,   1.625031E+1,   1.484666E+3,   2.360655E+0,   7.635620E+0,   2.583557E+1,   8.387332E-3,   1.498358E+3,   1.521463E+0,   7.053555E+0,   6.800464E-3,   100,0,1,0
       2304,2026-10-01,13:38:51.264,        727,        304,   9.000000E+2,   9.000000E+3,   0.000000E+0,   0.000000E+0,   2.250000E+1,   0.000000E+0,   0.000000E+0,   0.000000E+0,   1.009050E+3,   2.264431E+0,   9.169067E+0,   1.483271E+3,   4.653739E-1,   1.946655E+0,   2.584110E+1,   5.902134E-3,   1.499346E+3,   5.415484E-1,   7.057576E+0,   1.345771E-3,   100,0,1,0
       2305,2026-10-01,13:39:21.266,        728,        304,   9.000000E+2,   9.000000E+3,   0.000000E+0,   0.000000E+0,   2.250000E+1,   0.000000E+0,   0.000000E+0,   0.000000E+0,   1.009535E+3,   6.779351E-1,   2.378418E+0,   1.483498E+3,   6.066376E-1,   2.333374E+0,   2.584098E+1,   5.617974E-3,   1.499460E+3,   1.652438E-1,   7.056920E+0,   1.753801E-3,   100,0,1,0
       2306,2026-10-01,13:39:51.268,        729,        304,   9.000000E+2,   9.000000E+3,   0.000000E+0,   0.000000E+0,   2.250000E+1,   0.000000E+0,   0.000000E+0,   0.000000E+0,   1.009050E+3,   6.360691E-1,   2.311035E+0,   1.483757E+3,   5.108792E-1,   1.968140E+0,   2.583766E+1,   6.360715E-3,   1.499343E+3,   1.538282E-1,   7.056170E+0,   1.476793E-3,   100,0,1,0
       2307,2026-10-01,13:40:21.270,        730,        304,   9.000000E+2,   9.000000E+3,   0.000000E+0,   0.000000E+0,   2.250000E+1,   0.000000E+0,   0.000000E+0,   0.000000E+0,   1.008741E+3,   4.291556E-1,   1.959839E+0,   1.483846E+3,   4.309970E-1,   1.789917E+0,   2.583454E+1,   2.786459E-3,   1.499268E+3,   1.033401E-1,   7.055911E+0,   1.245037E-3,   100,0,1,0
       2308,2026-10-01,13:40:51.272,        731,        304,   9.000000E+2,   9.000000E+3,   0.000000E+0,   0.000000E+0,   2.250000E+1,   0.000000E+0,   0.000000E+0,   0.000000E+0,   1.008729E+3,   3.405572E-1,   1.691711E+0,   1.483705E+3,   4.445874E-1,   1.824219E+0,   2.583544E+1,   3.105643E-3,   1.499266E+3,   8.238621E-2,   7.056320E+0,   1.284508E-3,   100,0,1,0
       2309,2026-10-01,13:41:21.274,        732,        304,   9.000000E+2,   9.000000E+3,   0.000000E+0,   0.000000E+0,   2.250000E+1,   0.000000E+0,   0.000000E+0,   0.000000E+0,   1.008949E+3,   2.746500E-1,   1.300720E+0,   1.483461E+3,   2.711415E-1,   1.296143E+0,   2.583831E+1,   2.910690E-3,   1.499320E+3,   6.679857E-2,   7.057025E+0,   7.836358E-4,   100,0,1,0
       2310,2026-10-01,13:41:51.276,        733,        304,   9.000000E+2,   9.000000E+3,   0.000000E+0,   0.000000E+0,   2.250000E+1,   0.000000E+0,   0.000000E+0,   0.000000E+0,   1.008982E+3,   3.144250E-1,   1.320435E+0,   1.483403E+3,   2.675258E-1,   1.244141E+0,   2.584093E+1,   2.180751E-3,   1.499328E+3,   7.633566E-2,   7.057193E+0,   7.732832E-4,   100,0,1,0
       2311,2026-10-01,13:42:21.278,        734,        304,   9.000000E+2,   9.000000E+3,   0.000000E+0,   0.000000E+0,   2.250000E+1,   0.000000E+0,   0.000000E+0,   0.000000E+0,   1.008753E+3,   5.363557E-1,   1.881226E+0,   1.483472E+3,   2.947915E-1,   1.244141E+0,   2.584342E+1,   2.395011E-3,   1.499274E+3,   1.283174E-1,   7.056993E+0,   8.516450E-4,   100,0,1,0
       2312,2026-10-01,13:42:51.280,        735,        304,   9.000000E+2,   9.000000E+3,   0.000000E+0,   0.000000E+0,   2.250000E+1,   0.000000E+0,   0.000000E+0,   0.000000E+0,   1.008484E+3,   5.369435E-1,   1.755554E+0,   1.483430E+3,   3.169656E-1,   1.244141E+0,   2.584605E+1,   2.879997E-3,   1.499210E+3,   1.284721E-1,   7.057115E+0,   9.158058E-4,   100,0,1,0
       2313,2026-10-01,13:43:21.282,        736,        304,   9.000000E+2,   9.000000E+3,   0.000000E+0,   0.000000E+0,   2.250000E+1,   0.000000E+0,   0.000000E+0,   0.000000E+0,   1.008128E+3,   3.229358E-1,   1.407959E+0,   1.483567E+3,   2.856304E-1,   1.182251E+0,   2.584874E+1,   2.630934E-3,   1.499125E+3,   7.680447E-2,   7.056720E+0,   8.254111E-4,   100,0,1,0
       2314,2026-10-01,13:43:51.284,        737,        304,   9.000000E+2,   9.000000E+3,   0.000000E+0,   0.000000E+0,   2.250000E+1,   0.000000E+0,   0.000000E+0,   0.000000E+0,   1.008082E+3,   3.006494E-1,   1.123169E+0,   1.483504E+3,   2.718097E-1,   1.252930E+0,   2.585098E+1,   1.806767E-3,   1.499114E+3,   7.217557E-2,   7.056904E+0,   7.852878E-4,   100,0,1,0
       2315,2026-10-01,13:44:21.286,        738,        304,   9.000000E+2,   9.000000E+3,   0.000000E+0,   0.000000E+0,   2.250000E+1,   0.000000E+0,   0.000000E+0,   0.000000E+0,   1.008097E+3,   3.983983E-1,   1.497009E+0,   1.483458E+3,   2.959161E-1,   1.345703E+0,   2.585273E+1,   1.429902E-3,   1.499118E+3,   9.546310E-2,   7.057038E+0,   8.552925E-4,   100,0,1,0
       2316,2026-10-01,13:44:51.288,        739,        304,   9.000000E+2,   9.000000E+3,   0.000000E+0,   0.000000E+0,   2.250000E+1,   0.000000E+0,   0.000000E+0,   0.000000E+0,   1.008061E+3,   3.861772E-1,   1.497009E+0,   1.483293E+3,   3.071542E-1,   1.488159E+0,   2.585411E+1,   1.406286E-3,   1.499110E+3,   9.271875E-2,   7.057515E+0,   8.879777E-4,   100,0,1,0
       2317,2026-10-01,13:45:21.290,        740,        304,   9.000000E+2,   9.000000E+3,   0.000000E+0,   0.000000E+0,   2.250000E+1,   0.000000E+0,   0.000000E+0,   0.000000E+0,   1.007934E+3,   5.424386E-1,   2.413208E+0,   1.483270E+3,   3.821723E-1,   1.961670E+0,   2.585501E+1,   8.063849E-4,   1.499079E+3,   1.303773E-1,   7.057580E+0,   1.104334E-3,   100,0,1,0
       2318,2026-10-01,13:45:51.293,        741,        304,   9.000000E+2,   9.000000E+3,   0.000000E+0,   0.000000E+0,   2.250000E+1,   0.000000E+0,   0.000000E+0,   0.000000E+0,   1.006411E+3,   4.476706E+0,   1.895337E+1,   1.483559E+3,   1.015030E+0,   5.458618E+0,   2.583978E+1,   4.619226E-2,   1.498706E+3,   1.088838E+0,   7.056743E+0,   2.930783E-3,   100,0,1,0
       2319,2026-10-01,13:46:21.295,        742,        304,   9.000000E+2,   9.000000E+3,   0.000000E+0,   0.000000E+0,   2.250000E+1,   0.000000E+0,   0.000000E+0,   0.000000E+0,   1.005530E+3,   5.018456E+0,   1.908789E+1,   1.483249E+3,   1.302960E+0,   7.120361E+0,   2.577206E+1,   1.041937E-1,   1.498481E+3,   1.216242E+0,   7.057624E+0,   3.748857E-3,   100,0,1,0
       2320,2026-10-01,13:46:51.297,        743,        304,   9.000000E+2,   9.000000E+3,   0.000000E+0,   0.000000E+0,   2.250000E+1,   0.000000E+0,   0.000000E+0,   0.000000E+0,   1.006170E+3,   5.380101E+0,   2.025897E+1,   1.482424E+3,   1.714454E+0,   8.231567E+0,   2.572302E+1,   9.131043E-2,   1.498626E+3,   1.298809E+0,   7.059999E+0,   4.942601E-3,   100,0,1,0
       2321,2026-10-01,13:47:21.299,        744,        304,   9.000000E+2,   9.000000E+3,   0.000000E+0,   0.000000E+0,   2.250000E+1,   0.000000E+0,   0.000000E+0,   0.000000E+0,   1.006898E+3,   5.661318E+0,   2.025897E+1,   1.481358E+3,   1.531360E+0,   6.962158E+0,   2.568874E+1,   4.743798E-2,   1.498795E+3,   1.365635E+0,   7.063074E+0,   4.433762E-3,   100,0,1,0
       2322,2026-10-01,13:47:51.301,        745,        304,   9.000000E+2,   9.000000E+3,   0.000000E+0,   0.000000E+0,   2.250000E+1,   0.000000E+0,   0.000000E+0,   0.000000E+0,   1.009779E+3,   4.720242E-1,   1.995667E+0,   1.480483E+3,   4.885787E-1,   2.401489E+0,   2.571722E+1,   3.637219E-2,   1.499496E+3,   1.178589E-1,   7.065616E+0,   1.424992E-3,   100,0,1,0
       2323,2026-10-01,13:48:21.304,        746,        304,   9.000000E+2,   9.000000E+3,   0.000000E+0,   0.000000E+0,   2.250000E+1,   0.000000E+0,   0.000000E+0,   0.000000E+0,   1.009891E+3,   2.107345E-1,   8.392334E-1,   1.480365E+3,   3.319703E-1,   1.668945E+0,   2.574420E+1,   1.604739E-2,   1.499527E+3,   4.755456E-2,   7.065964E+0,   9.619153E-4,   100,0,1,0
       2324,2026-10-01,13:48:51.306,        747,        304,   9.000000E+2,   9.000000E+3,   0.000000E+0,   0.000000E+0,   2.250000E+1,   0.000000E+0,   0.000000E+0,   0.000000E+0,   1.009714E+3,   1.989253E-1,   7.793579E-1,   1.480626E+3,   4.481704E-1,   1.861206E+0,   2.575617E+1,   6.435902E-3,   1.499487E+3,   4.648101E-2,   7.065211E+0,   1.298559E-3,   100,0,1,0
       2325,2026-10-01,13:49:21.308,        748,        304,   9.000000E+2,   9.000000E+3,   0.000000E+0,   0.000000E+0,   2.250000E+1,   0.000000E+0,   0.000000E+0,   0.000000E+0,   1.009566E+3,   1.406284E-1,   4.741211E-1,   1.480914E+3,   3.062783E-1,   1.416992E+0,   2.576169E+1,   4.035656E-3,   1.499453E+3,   3.328107E-2,   7.064377E+0,   8.873921E-4,   100,1,1,1
       2326,2026-10-01,13:49:51.310,        749,        304,   9.000000E+2,   9.000000E+3,   0.000000E+0,   0.000000E+0,   2.250000E+1,   0.000000E+0,   0.000000E+0,   0.000000E+0,   1.009454E+3,   1.639767E-1,   7.047119E-1,   1.481078E+3,   2.387075E-1,   1.209839E+0,   2.576552E+1,   3.460900E-3,   1.499426E+3,   3.892687E-2,   7.063902E+0,   6.915894E-4,   100,0,1,0
       2327,2026-10-01,13:50:21.312,        750,        304,   9.000000E+2,   9.000000E+3,   0.000000E+0,   0.000000E+0,   2.250000E+1,   0.000000E+0,   0.000000E+0,   0.000000E+0,   1.009303E+3,   1.854211E-1,   8.117065E-1,   1.481163E+3,   2.263290E-1,   1.196533E+0,   2.576896E+1,   3.016066E-3,   1.499390E+3,   4.394208E-2,   7.063657E+0,   6.557595E-4,   100,0,1,0
       2328,2026-10-01,13:50:51.314,        751,        304,   9.000000E+2,   9.000000E+3,   0.000000E+0,   0.000000E+0,   2.250000E+1,   0.000000E+0,   0.000000E+0,   0.000000E+0,   1.009233E+3,   1.586897E-1,   8.073730E-1,   1.481162E+3,   2.211632E-1,   1.199829E+0,   2.577193E+1,   2.945412E-3,   1.499374E+3,   3.751041E-2,   7.063661E+0,   6.409031E-4,   100,0,1,0
       2329,2026-10-01,13:51:21.316,        752,        304,   9.000000E+2,   9.000000E+3,   0.000000E+0,   0.000000E+0,   2.250000E+1,   0.000000E+0,   0.000000E+0,   0.000000E+0,   1.009154E+3,   1.201338E-1,   6.147461E-1,   1.481196E+3,   2.148195E-1,   1.230835E+0,   2.577500E+1,   2.833769E-3,   1.499356E+3,   2.880348E-2,   7.063561E+0,   6.226367E-4,   100,0,1,0
       2330,2026-10-01,13:51:51.318,        753,        304,   9.000000E+2,   9.000000E+3,   0.000000E+0,   0.000000E+0,   2.250000E+1,   0.000000E+0,   0.000000E+0,   0.000000E+0,   1.009173E+3,   1.354896E-1,   6.779175E-1,   1.481151E+3,   2.295063E-1,   1.289185E+0,   2.577761E+1,   2.617517E-3,   1.499361E+3,   3.288180E-2,   7.063693E+0,   6.654078E-4,   100,0,1,0
       2331,2026-10-01,13:52:21.320,        754,        304,   9.000000E+2,   9.000000E+3,   0.000000E+0,   0.000000E+0,   2.250000E+1,   0.000000E+0,   0.000000E+0,   0.000000E+0,   1.009161E+3,   1.726656E-1,   7.273560E-1,   1.481208E+3,   2.567960E-1,   1.136108E+0,   2.578040E+1,   2.476044E-3,   1.499358E+3,   4.158058E-2,   7.063528E+0,   7.440891E-4,   100,0,1,0
       2332,2026-10-01,13:52:51.322,        755,        304,   9.000000E+2,   9.000000E+3,   0.000000E+0,   0.000000E+0,   2.250000E+1,   0.000000E+0,   0.000000E+0,   0.000000E+0,   1.008960E+3,   3.991498E-1,   1.402527E+0,   1.481455E+3,   5.373476E-1,   2.231812E+0,   2.578309E+1,   2.848079E-3,   1.499310E+3,   9.548841E-2,   7.062814E+0,   1.555762E-3,   100,0,1,0
       2333,2026-10-01,13:53:21.324,        756,        304,   9.000000E+2,   9.000000E+3,   0.000000E+0,   0.000000E+0,   2.250000E+1,   0.000000E+0,   0.000000E+0,   0.000000E+0,   1.008341E+3,   8.826671E-1,   2.944336E+0,   1.482439E+3,   1.461079E+0,   4.977295E+0,   2.578583E+1,   2.685350E-3,   1.499162E+3,   2.122452E-1,   7.059970E+0,   4.223133E-3,   100,0,1,0
       2334,2026-10-01,13:53:51.326,        757,        304,   9.000000E+2,   9.000000E+3,   0.000000E+0,   0.000000E+0,   2.250000E+1,   0.000000E+0,   0.000000E+0,   0.000000E+0,   1.007422E+3,   1.044321E+0,   3.077332E+0,   1.483898E+3,   1.869942E+0,   5.414673E+0,   2.578943E+1,   3.845278E-3,   1.498942E+3,   2.501322E-1,   7.055757E+0,   5.399504E-3,   100,0,1,0
       2335,2026-10-01,13:54:21.328,        758,        304,   9.000000E+2,   9.000000E+3,   0.000000E+0,   0.000000E+0,   2.250000E+1,   0.000000E+0,   0.000000E+0,   0.000000E+0,   1.006744E+3,   6.711401E-1,   2.494385E+0,   1.485299E+3,   1.381299E+0,   4.556152E+0,   2.579425E+1,   5.681229E-3,   1.498780E+3,   1.604726E-1,   7.051711E+0,   3.984184E-3,   100,0,1,0
       2336,2026-10-01,13:54:51.330,        759,        304,   9.000000E+2,   9.000000E+3,   0.000000E+0,   0.000000E+0,   2.250000E+1,   0.000000E+0,   0.000000E+0,   0.000000E+0,   1.006381E+3,   2.478814E-1,   1.019836E+0,   1.486308E+3,   4.633002E-1,   2.306885E+0,   2.580006E+1,   6.358116E-3,   1.498694E+3,   5.903825E-2,   7.048802E+0,   1.332396E-3,   100,0,1,0
       2337,2026-10-01,13:55:21.332,        760,        304,   9.000000E+2,   9.000000E+3,   0.000000E+0,   0.000000E+0,   2.250000E+1,   0.000000E+0,   0.000000E+0,   0.000000E+0,   1.006528E+3,   3.066741E-1,   1.382141E+0,   1.486635E+3,   4.040996E-1,   1.813110E+0,   2.580632E+1,   5.773741E-3,   1.498731E+3,   7.446670E-2,   7.047862E+0,   1.161601E-3,   100,0,1,0
       2338,2026-10-01,13:55:51.334,        761,        304,   9.000000E+2,   9.000000E+3,   0.000000E+0,   0.000000E+0,   2.250000E+1,   0.000000E+0,   0.000000E+0,   0.000000E+0,   1.006802E+3,   4.218432E-1,   1.800720E+0,   1.486573E+3,   4.890256E-1,   2.312866E+0,   2.581261E+1,   6.066507E-3,   1.498798E+3,   1.022901E-1,   7.048045E+0,   1.408058E-3,   100,0,1,0
       2339,2026-10-01,13:56:21.336,        762,        304,   9.000000E+2,   9.000000E+3,   0.000000E+0,   0.000000E+0,   2.250000E+1,   0.000000E+0,   0.000000E+0,   0.000000E+0,   1.007200E+3,   6.032310E-1,   2.318176E+0,   1.486110E+3,   8.499979E-1,   2.960327E+0,   2.581868E+1,   6.131405E-3,   1.498895E+3,   1.457531E-1,   7.049379E+0,   2.449261E-3,   100,0,1,0
       2340,2026-10-01,13:56:51.338,        763,        304,   9.000000E+2,   9.000000E+3,   0.000000E+0,   0.000000E+0,   2.250000E+1,   0.000000E+0,   0.000000E+0,   0.000000E+0,   1.007668E+3,   3.968859E-1,   1.299500E+0,   1.485400E+3,   7.628529E-1,   3.022705E+0,   2.582429E+1,   5.149801E-3,   1.499009E+3,   9.675575E-2,   7.051426E+0,   2.199545E-3,   100,0,1,0
       2341,2026-10-01,13:57:21.340,        764,        304,   9.000000E+2,   9.000000E+3,   0.000000E+0,   0.000000E+0,   2.250000E+1,   0.000000E+0,   0.000000E+0,   0.000000E+0,   1.008106E+3,   3.934480E-1,   1.586304E+0,   1.484628E+3,   7.251752E-1,   3.180664E+0,   2.582904E+1,   3.762599E-3,   1.499116E+3,   9.539636E-2,   7.053655E+0,   2.093417E-3,   100,0,1,0
       2342,2026-10-01,13:57:51.342,        765,        304,   9.000000E+2,   9.000000E+3,   0.000000E+0,   0.000000E+0,   2.250000E+1,   0.000000E+0,   0.000000E+0,   0.000000E+0,   1.008531E+3,   4.954755E-1,   1.593933E+0,   1.483936E+3,   8.033218E-1,   3.288818E+0,   2.583278E+1,   3.546156E-3,   1.499219E+3,   1.196681E-1,   7.055652E+0,   2.320944E-3,   100,0,1,0
       2343,2026-10-01,13:58:21.344,        766,        304,   9.000000E+2,   9.000000E+3,   0.000000E+0,   0.000000E+0,   2.250000E+1,   0.000000E+0,   0.000000E+0,   0.000000E+0,   1.009208E+3,   7.895955E-1,   2.725464E+0,   1.482812E+3,   1.288144E+0,   4.805054E+0,   2.583682E+1,   4.156230E-3,   1.499382E+3,   1.905369E-1,   7.058905E+0,   3.728255E-3,   100,0,1,0
       2344,2026-10-01,13:58:51.346,        767,        304,   9.000000E+2,   9.000000E+3,   0.000000E+0,   0.000000E+0,   2.250000E+1,   0.000000E+0,   0.000000E+0,   0.000000E+0,   1.009942E+3,   7.754562E-1,   2.312012E+0,   1.481500E+3,   1.479245E+0,   4.855591E+0,   2.584232E+1,   6.340322E-3,   1.499560E+3,   1.876675E-1,   7.062704E+0,   4.287431E-3,   100,0,1,0
       2345,2026-10-01,13:59:21.348,        768,        304,   9.000000E+2,   9.000000E+3,   0.000000E+0,   0.000000E+0,   2.250000E+1,   0.000000E+0,   0.000000E+0,   0.000000E+0,   1.010577E+3,   5.816901E-1,   2.109436E+0,   1.480174E+3,   1.352033E+0,   5.246948E+0,   2.584881E+1,   7.315222E-3,   1.499714E+3,   1.411203E-1,   7.066551E+0,   3.924020E-3,   100,0,1,0
       2346,2026-10-01,13:59:51.350,        769,        304,   9.000000E+2,   9.000000E+3,   0.000000E+0,   0.000000E+0,   2.250000E+1,   0.000000E+0,   0.000000E+0,   0.000000E+0,   1.011057E+3,   3.069750E-1,   1.100159E+0,   1.478974E+3,   9.864805E-1,   3.431152E+0,   2.585506E+1,   5.291370E-3,   1.499830E+3,   7.476456E-2,   7.070038E+0,   2.869101E-3,   100,0,1,0
       2347,2026-10-01,14:00:21.352,        770,        304,   9.000000E+2,   9.000000E+3,   0.000000E+0,   0.000000E+0,   2.250000E+1,   0.000000E+0,   0.000000E+0,   0.000000E+0,   1.011314E+3,   2.573337E-1,   9.149780E-1,   1.478069E+3,   8.448883E-1,   3.243530E+0,   2.585895E+1,   2.533532E-3,   1.499893E+3,   6.215558E-2,   7.072669E+0,   2.459547E-3,   100,0,1,0
       2348,2026-10-01,14:00:51.354,        771,        304,   9.000000E+2,   9.000000E+3,   0.000000E+0,   0.000000E+0,   2.250000E+1,   0.000000E+0,   0.000000E+0,   0.000000E+0,   1.011504E+3,   1.621707E-1,   6.372681E-1,   1.477367E+3,   5.809516E-1,   2.364868E+0,   2.586021E+1,   7.698968E-4,   1.499938E+3,   3.875219E-2,   7.074712E+0,   1.692401E-3,   100,0,1,0
       2349,2026-10-01,14:01:21.356,        772,        304,   9.000000E+2,   9.000000E+3,   0.000000E+0,   0.000000E+0,   2.250000E+1,   0.000000E+0,   0.000000E+0,   0.000000E+0,   1.011575E+3,   7.336419E-2,   3.274536E-1,   1.476878E+3,   3.996695E-1,   1.853638E+0,   2.585976E+1,   1.200221E-3,   1.499955E+3,   1.775529E-2,   7.076139E+0,   1.164898E-3,   100,1,1,1
       2350,2026-10-01,14:01:51.358,        773,        304,   9.000000E+2,   9.000000E+3,   0.000000E+0,   0.000000E+0,   2.250000E+1,   0.000000E+0,   0.000000E+0,   0.000000E+0,   1.011612E+3,   7.662439E-2,   3.518677E-1,   1.476462E+3,   4.052279E-1,   1.583496E+0,   2.585860E+1,   1.350082E-3,   1.499963E+3,   1.833765E-2,   7.077351E+0,   1.181850E-3,   100,1,1,1
       2351,2026-10-01,14:02:21.360,        774,        304,   9.000000E+2,   9.000000E+3,   0.000000E+0,   0.000000E+0,   2.250000E+1,   0.000000E+0,   0.000000E+0,   0.000000E+0,   1.011614E+3,   8.095717E-2,   3.518677E-1,   1.476121E+3,   3.788291E-1,   1.461426E+0,   2.585746E+1,   9.360943E-4,   1.499964E+3,   1.947525E-2,   7.078346E+0,   1.105305E-3,   100,1,1,1
       2352,2026-10-01,14:02:51.362,        775,        304,   9.000000E+2,   9.000000E+3,   0.000000E+0,   0.000000E+0,   2.250000E+1,   0.000000E+0,   0.000000E+0,   0.000000E+0,   1.011686E+3,   9.726374E-2,   4.624023E-1,   1.475760E+3,   3.392561E-1,   1.576294E+0,   2.585668E+1,   5.984778E-4,   1.499981E+3,   2.345510E-2,   7.079399E+0,   9.904791E-4,   100,1,1,1
       2353,2026-10-01,14:03:21.364,        776,        304,   9.000000E+2,   9.000000E+3,   0.000000E+0,   0.000000E+0,   2.250000E+1,   0.000000E+0,   0.000000E+0,   0.000000E+0,   1.011722E+3,   1.155233E-1,   4.835815E-1,   1.475499E+3,   2.936145E-1,   1.146729E+0,   2.585609E+1,   5.821594E-4,   1.499989E+3,   2.767044E-2,   7.080162E+0,   8.575134E-4,   100,1,1,1
       2354,2026-10-01,14:03:51.366,        777,        304,   9.000000E+2,   9.000000E+3,   0.000000E+0,   0.000000E+0,   2.250000E+1,   0.000000E+0,   0.000000E+0,   0.000000E+0,   1.011738E+3,   1.228129E-1,   4.835815E-1,   1.475275E+3,   2.850940E-1,   1.294067E+0,   2.585539E+1,   8.312813E-4,   1.499993E+3,   2.949311E-2,   7.080814E+0,   8.327815E-4,   100,1,1,1
       2355,2026-10-01,14:04:21.368,        778,        304,   9.000000E+2,   9.000000E+3,   0.000000E+0,   0.000000E+0,   2.250000E+1,   0.000000E+0,   0.000000E+0,   0.000000E+0,   1.011776E+3,   1.065492E-1,   3.990479E-1,   1.475052E+3,   2.293212E-1,   9.843750E-1,   2.585436E+1,   1.250406E-3,   1.500002E+3,   2.541877E-2,   7.081466E+0,   6.700252E-4,   100,1,1,1
       2356,2026-10-01,14:04:51.370,        779,        304,   9.000000E+2,   9.000000E+3,   0.000000E+0,   0.000000E+0,   2.250000E+1,   0.000000E+0,   0.000000E+0,   0.000000E+0,   1.011705E+3,   1.251506E-1,   4.864502E-1,   1.474887E+3,   2.635549E-1,   1.357544E+0,   2.585304E+1,   1.445920E-3,   1.499985E+3,   2.983527E-2,   7.081950E+0,   7.701318E-4,   100,1,1,1
       2357,2026-10-01,14:05:21.372,        780,        304,   9.000000E+2,   9.000000E+3,   0.000000E+0,   0.000000E+0,   2.250000E+1,   0.000000E+0,   0.000000E+0,   0.000000E+0,   1.011593E+3,   2.497613E-1,   1.044006E+0,   1.474678E+3,   2.212732E-1,   9.248047E-1,   2.585150E+1,   1.518176E-3,   1.499958E+3,   6.002158E-2,   7.082560E+0,   6.467192E-4,   100,0,1,0
       2358,2026-10-01,14:05:51.374,        781,        304,   9.000000E+2,   9.000000E+3,   0.000000E+0,   0.000000E+0,   2.250000E+1,   0.000000E+0,   0.000000E+0,   0.000000E+0,   1.011277E+3,   4.624630E-1,   2.023193E+0,   1.474542E+3,   2.011448E-1,   9.160156E-1,   2.584995E+1,   1.505022E-3,   1.499880E+3,   1.138798E-1,   7.082957E+0,   5.880049E-4,   100,0,1,0
       2359,2026-10-01,14:06:21.376,        782,        304,   9.000000E+2,   9.000000E+3,   0.000000E+0,   0.000000E+0,   2.250000E+1,   0.000000E+0,   0.000000E+0,   0.000000E+0,   1.010825E+3,   6.024835E-1,   2.273010E+0,   1.474394E+3,   1.840884E-1,   9.427490E-1,   2.584849E+1,   1.408692E-3,   1.499771E+3,   1.463661E-1,   7.083389E+0,   5.383510E-4,   100,0,1,0
       2360,2026-10-01,14:06:51.378,        783,        304,   9.000000E+2,   9.000000E+3,   0.000000E+0,   0.000000E+0,   2.250000E+1,   0.000000E+0,   0.000000E+0,   0.000000E+0,   1.010718E+3,   5.471572E-1,   2.244324E+0,   1.474225E+3,   2.633757E-1,   1.173096E+0,   2.584706E+1,   1.326025E-3,   1.499745E+3,   1.327559E-1,   7.083884E+0,   7.704040E-4,   100,0,1,0
       2361,2026-10-01,14:07:21.380,        784,        304,   9.000000E+2,   9.000000E+3,   0.000000E+0,   0.000000E+0,   2.250000E+1,   0.000000E+0,   0.000000E+0,   0.000000E+0,   1.010920E+3,   7.100427E-1,   2.257568E+0,   1.474029E+3,   2.681433E-1,   1.086792E+0,   2.584571E+1,   1.378229E-3,   1.499794E+3,   1.713451E-1,   7.084456E+0,   7.844425E-4,   100,0,1,0
       2362,2026-10-01,14:07:51.382,        785,        304,   9.000000E+2,   9.000000E+3,   0.000000E+0,   0.000000E+0,   2.250000E+1,   0.000000E+0,   0.000000E+0,   0.000000E+0,   1.011421E+3,   5.897191E-1,   2.119263E+0,   1.473875E+3,   1.880030E-1,   8.404541E-1,   2.584439E+1,   1.371233E-3,   1.499915E+3,   1.413746E-1,   7.084908E+0,   5.500814E-4,   100,0,1,0
       2363,2026-10-01,14:08:21.384,        786,        304,   9.000000E+2,   9.000000E+3,   0.000000E+0,   0.000000E+0,   2.250000E+1,   0.000000E+0,   0.000000E+0,   0.000000E+0,   1.011861E+3,   2.184898E-1,   9.906616E-1,   1.473709E+3,   1.822233E-1,   8.802490E-1,   2.584314E+1,   1.079909E-3,   1.500021E+3,   5.244910E-2,   7.085393E+0,   5.333696E-4,   100,0,1,0
       2364,2026-10-01,14:08:51.386,        787,        304,   9.000000E+2,   9.000000E+3,   0.000000E+0,   0.000000E+0,   2.250000E+1,   0.000000E+0,   0.000000E+0,   0.000000E+0,   1.011976E+3,   1.321306E-1,   4.893799E-1,   1.473636E+3,   1.888863E-1,   8.802490E-1,   2.584215E+1,   9.216106E-4,   1.500048E+3,   3.157979E-2,   7.085607E+0,   5.529358E-4,   100,1,1,1
       2365,2026-10-01,14:09:21.388,        788,        304,   9.000000E+2,   9.000000E+3,   0.000000E+0,   0.000000E+0,   2.250000E+1,   0.000000E+0,   0.000000E+0,   0.000000E+0,   1.012053E+3,   8.259973E-2,   3.190308E-1,   1.473547E+3,   1.350992E-1,   5.941162E-1,   2.584130E+1,   7.026172E-4,   1.500066E+3,   1.985362E-2,   7.085866E+0,   3.956514E-4,   100,1,1,1
       2366,2026-10-01,14:09:51.390,        789,        304,   9.000000E+2,   9.000000E+3,   0.000000E+0,   0.000000E+0,   2.250000E+1,   0.000000E+0,   0.000000E+0,   0.000000E+0,   1.012034E+3,   8.561944E-2,   3.190308E-1,   1.473498E+3,   1.374961E-1,   5.800781E-1,   2.584060E+1,   7.595358E-4,   1.500061E+3,   2.067073E-2,   7.086011E+0,   4.026451E-4,   100,1,1,1
       2367,2026-10-01,14:10:21.392,        790,        304,   9.000000E+2,   9.000000E+3,   0.000000E+0,   0.000000E+0,   2.250000E+1,   0.000000E+0,   0.000000E+0,   0.000000E+0,   1.012081E+3,   1.291426E-1,   4.539795E-1,   1.473388E+3,   2.202465E-1,   9.211426E-1,   2.583970E+1,   9.485754E-4,   1.500073E+3,   3.094548E-2,   7.086333E+0,   6.449839E-4,   100,1,1,1
       2368,2026-10-01,14:10:51.394,        791,        304,   9.000000E+2,   9.000000E+3,   0.000000E+0,   0.000000E+0,   2.250000E+1,   0.000000E+0,   0.000000E+0,   0.000000E+0,   1.012132E+3,   1.446052E-1,   4.776611E-1,   1.473247E+3,   2.222456E-1,   8.222656E-1,   2.583855E+1,   1.352299E-3,   1.500084E+3,   3.457089E-2,   7.086746E+0,   6.508205E-4,   100,1,1,1
       2369,2026-10-01,14:11:21.396,        792,        304,   9.000000E+2,   9.000000E+3,   0.000000E+0,   0.000000E+0,   2.250000E+1,   0.000000E+0,   0.000000E+0,   0.000000E+0,   1.012233E+3,   1.307347E-1,   5.885620E-1,   1.473049E+3,   2.140825E-1,   1.008789E+0,   2.583703E+1,   1.642510E-3,   1.500108E+3,   3.100715E-2,   7.087326E+0,   6.270317E-4,   100,1,1,1
       2370,2026-10-01,14:11:51.398,        793,        304,   9.000000E+2,   9.000000E+3,   0.000000E+0,   0.000000E+0,   2.250000E+1,   0.000000E+0,   0.000000E+0,   0.000000E+0,   1.012255E+3,   9.208462E-2,   3.648682E-1,   1.473022E+3,   1.944691E-1,   1.079346E+0,   2.583530E+1,   1.775878E-3,   1.500113E+3,   2.214222E-2,   7.087403E+0,   5.700438E-4,   100,1,1,1
       2371,2026-10-01,14:12:21.401,        794,        304,   9.000000E+2,   9.000000E+3,   0.000000E+0,   0.000000E+0,   2.250000E+1,   0.000000E+0,   0.000000E+0,   0.000000E+0,   1.012208E+3,   1.144088E-1,   4.349976E-1,   1.473044E+3,   2.293966E-1,   1.079346E+0,   2.583384E+1,   1.381545E-3,   1.500102E+3,   2.745738E-2,   7.087339E+0,   6.724256E-4,   100,1,1,1
       2372,2026-10-01,14:12:51.402,        795,        304,   9.000000E+2,   9.000000E+3,   0.000000E+0,   0.000000E+0,   2.250000E+1,   0.000000E+0,   0.000000E+0,   0.000000E+0,   1.012208E+3,   1.064198E-1,   4.349976E-1,   1.473045E+3,   2.207592E-1,   1.004272E+0,   2.583277E+1,   6.970036E-4,   1.500101E+3,   2.551102E-2,   7.087335E+0,   6.469489E-4,   100,1,1,1
       2373,2026-10-01,14:13:21.405,        796,        304,   9.000000E+2,   9.000000E+3,   0.000000E+0,   0.000000E+0,   2.250000E+1,   0.000000E+0,   0.000000E+0,   0.000000E+0,   1.012216E+3,   9.441694E-2,   3.540649E-1,   1.472978E+3,   2.467906E-1,   1.149658E+0,   2.583232E+1,   3.168607E-4,   1.500103E+3,   2.274709E-2,   7.087531E+0,   7.232010E-4,   100,1,1,1
       2374,2026-10-01,14:13:51.407,        797,        304,   9.000000E+2,   9.000000E+3,   0.000000E+0,   0.000000E+0,   2.250000E+1,   0.000000E+0,   0.000000E+0,   0.000000E+0,   1.012300E+3,   6.978422E-2,   3.150024E-1,   1.472795E+3,   1.684020E-1,   8.359375E-1,   2.583214E+1,   2.003041E-4,   1.500124E+3,   1.678756E-2,   7.088068E+0,   4.936681E-4,   100,1,1,1
       2375,2026-10-01,14:14:21.409,        798,        304,   9.000000E+2,   9.000000E+3,   0.000000E+0,   0.000000E+0,   2.250000E+1,   0.000000E+0,   0.000000E+0,   0.000000E+0,   1.012360E+3,   8.700580E-2,   3.740845E-1,   1.472652E+3,   1.842158E-1,   8.461914E-1,   2.583206E+1,   2.038201E-4,   1.500138E+3,   2.066645E-2,   7.088488E+0,   5.402046E-4,   100,1,1,1
       2376,2026-10-01,14:14:51.411,        799,        304,   9.000000E+2,   9.000000E+3,   0.000000E+0,   0.000000E+0,   2.250000E+1,   0.000000E+0,   0.000000E+0,   0.000000E+0,   1.012377E+3,   7.538784E-2,   2.940674E-1,   1.472568E+3,   1.605335E-1,   7.718506E-1,   2.583193E+1,   3.030202E-4,   1.500142E+3,   1.795110E-2,   7.088733E+0,   4.707807E-4,   100,1,1,1
       2377,2026-10-01,14:15:21.413,        800,        304,   9.000000E+2,   9.000000E+3,   0.000000E+0,   0.000000E+0,   2.250000E+1,   0.000000E+0,   0.000000E+0,   0.000000E+0,   1.012373E+3,   7.500955E-2,   2.940674E-1,   1.472507E+3,   1.346748E-1,   6.820068E-1,   2.583149E+1,   6.577533E-4,   1.500141E+3,   1.790483E-2,   7.088911E+0,   3.949829E-4,   100,1,1,1
       2378,2026-10-01,14:15:51.415,        801,        304,   9.000000E+2,   9.000000E+3,   0.000000E+0,   0.000000E+0,   2.250000E+1,   0.000000E+0,   0.000000E+0,   0.000000E+0,   1.012323E+3,   7.058980E-2,   2.788696E-1,   1.472555E+3,   1.466323E-1,   6.871338E-1,   2.583059E+1,   1.163636E-3,   1.500129E+3,   1.690739E-2,   7.088770E+0,   4.301007E-4,   100,1,1,1
       2379,2026-10-01,14:16:21.417,        802,        304,   9.000000E+2,   9.000000E+3,   0.000000E+0,   0.000000E+0,   2.250000E+1,   0.000000E+0,   0.000000E+0,   0.000000E+0,   1.012287E+3,   7.759234E-2,   3.637085E-1,   1.472572E+3,   1.591301E-1,   7.884521E-1,   2.582932E+1,   1.453406E-3,   1.500120E+3,   1.883087E-2,   7.088721E+0,   4.667938E-4,   100,1,1,1
       2380,2026-10-01,14:16:51.419,        803,        304,   9.000000E+2,   9.000000E+3,   0.000000E+0,   0.000000E+0,   2.250000E+1,   0.000000E+0,   0.000000E+0,   0.000000E+0,   1.012268E+3,   7.314849E-2,   3.823242E-1,   1.472584E+3,   1.590274E-1,   8.596191E-1,   2.582794E+1,   1.302832E-3,   1.500115E+3,   1.768360E-2,   7.088685E+0,   4.663009E-4,   100,1,1,1
       2381,2026-10-01,14:17:21.421,        804,        304,   9.000000E+2,   9.000000E+3,   0.000000E+0,   0.000000E+0,   2.250000E+1,   0.000000E+0,   0.000000E+0,   0.000000E+0,   1.012277E+3,   7.867153E-2,   3.823242E-1,   1.472554E+3,   1.480802E-1,   8.596191E-1,   2.582702E+1,   8.119467E-4,   1.500117E+3,   1.902717E-2,   7.088773E+0,   4.341996E-4,   100,1,1,1
       2382,2026-10-01,14:17:51.423,        805,        304,   9.000000E+2,   9.000000E+3,   0.000000E+0,   0.000000E+0,   2.250000E+1,   0.000000E+0,   0.000000E+0,   0.000000E+0,   1.012304E+3,   6.967070E-2,   3.100586E-1,   1.472503E+3,   1.638153E-1,   9.259033E-1,   2.582661E+1,   3.142276E-4,   1.500123E+3,   1.699034E-2,   7.088922E+0,   4.804260E-4,   100,1,1,1
       2383,2026-10-01,14:18:21.425,        806,        304,   9.000000E+2,   9.000000E+3,   0.000000E+0,   0.000000E+0,   2.250000E+1,   0.000000E+0,   0.000000E+0,   0.000000E+0,   1.012347E+3,   7.927810E-2,   3.693237E-1,   1.472384E+3,   1.643915E-1,   7.178955E-1,   2.582682E+1,   4.726425E-4,   1.500134E+3,   1.950428E-2,   7.089270E+0,   4.823036E-4,   100,1,1,1
       2384,2026-10-01,14:18:51.427,        807,        304,   9.000000E+2,   9.000000E+3,   0.000000E+0,   0.000000E+0,   2.250000E+1,   0.000000E+0,   0.000000E+0,   0.000000E+0,   1.012371E+3,   7.718527E-2,   2.770996E-1,   1.472301E+3,   1.537301E-1,   6.987305E-1,   2.582719E+1,   4.928468E-4,   1.500140E+3,   1.865307E-2,   7.089515E+0,   4.510868E-4,   100,1,1,1
       2385,2026-10-01,14:19:21.429,        808,        304,   9.000000E+2,   9.000000E+3,   0.000000E+0,   0.000000E+0,   2.250000E+1,   0.000000E+0,   0.000000E+0,   0.000000E+0,   1.012437E+3,   7.928782E-2,   3.803711E-1,   1.472158E+3,   1.664433E-1,   7.783203E-1,   2.582750E+1,   2.822935E-4,   1.500156E+3,   1.876414E-2,   7.089934E+0,   4.884175E-4,   100,1,1,1
       2386,2026-10-01,14:19:51.431,        809,        304,   9.000000E+2,   9.000000E+3,   0.000000E+0,   0.000000E+0,   2.250000E+1,   0.000000E+0,   0.000000E+0,   0.000000E+0,   1.012471E+3,   6.732186E-2,   3.261719E-1,   1.472073E+3,   1.567980E-1,   6.551514E-1,   2.582748E+1,   3.055233E-4,   1.500164E+3,   1.594547E-2,   7.090184E+0,   4.601102E-4,   100,1,1,1
       2387,2026-10-01,14:20:21.433,        810,        304,   9.000000E+2,   9.000000E+3,   0.000000E+0,   0.000000E+0,   2.250000E+1,   0.000000E+0,   0.000000E+0,   0.000000E+0,   1.012455E+3,   8.863090E-2,   3.520508E-1,   1.472087E+3,   1.884697E-1,   8.272705E-1,   2.582710E+1,   6.027282E-4,   1.500160E+3,   2.116967E-2,   7.090143E+0,   5.531245E-4,   100,1,1,1
       2388,2026-10-01,14:20:51.435,        811,        304,   9.000000E+2,   9.000000E+3,   0.000000E+0,   0.000000E+0,   2.250000E+1,   0.000000E+0,   0.000000E+0,   0.000000E+0,   1.012383E+3,   1.621376E-1,   7.765503E-1,   1.472178E+3,   1.992176E-1,   8.054199E-1,   2.582650E+1,   7.754447E-4,   1.500142E+3,   3.893235E-2,   7.089874E+0,   5.846641E-4,   100,0,1,0
       2389,2026-10-01,14:21:21.437,        812,        304,   9.000000E+2,   9.000000E+3,   0.000000E+0,   0.000000E+0,   2.250000E+1,   0.000000E+0,   0.000000E+0,   0.000000E+0,   1.012340E+3,   1.404774E-1,   7.420044E-1,   1.472226E+3,   1.711699E-1,   7.213135E-1,   2.582575E+1,   6.820198E-4,   1.500132E+3,   3.379150E-2,   7.089736E+0,   5.021993E-4,   100,0,1,0
       2390,2026-10-01,14:21:51.439,        813,        304,   9.000000E+2,   9.000000E+3,   0.000000E+0,   0.000000E+0,   2.250000E+1,   0.000000E+0,   0.000000E+0,   0.000000E+0,   1.012274E+3,   1.540207E-1,   5.974121E-1,   1.472391E+3,   3.384008E-1,   1.451294E+0,   2.582534E+1,   5.796149E-4,   1.500116E+3,   3.710356E-2,   7.089251E+0,   9.924119E-4,   100,1,1,1
       2391,2026-10-01,14:22:21.441,        814,        304,   9.000000E+2,   9.000000E+3,   0.000000E+0,   0.000000E+0,   2.250000E+1,   0.000000E+0,   0.000000E+0,   0.000000E+0,   1.012102E+3,   2.957478E-1,   1.053711E+0,   1.472995E+3,   1.036112E+0,   3.905518E+0,   2.582296E+1,   3.833655E-3,   1.500074E+3,   7.202617E-2,   7.087482E+0,   3.035395E-3,   100,0,1,0
       2392,2026-10-01,14:22:51.443,        815,        304,   9.000000E+2,   9.000000E+3,   0.000000E+0,   0.000000E+0,   2.250000E+1,   0.000000E+0,   0.000000E+0,   0.000000E+0,   1.011800E+3,   4.473317E-1,   1.240845E+0,   1.474247E+3,   1.659160E+0,   4.965332E+0,   2.581825E+1,   6.813744E-3,   1.500000E+3,   1.086584E-1,   7.083817E+0,   4.855349E-3,   100,0,1,0
       2393,2026-10-01,14:23:21.445,        816,        304,   9.000000E+2,   9.000000E+3,   0.000000E+0,   0.000000E+0,   2.250000E+1,   0.000000E+0,   0.000000E+0,   0.000000E+0,   1.011556E+3,   3.447491E-1,   1.135193E+0,   1.475331E+3,   1.331259E+0,   4.408447E+0,   2.581401E+1,   5.474458E-3,   1.499941E+3,   8.372517E-2,   7.080644E+0,   3.892267E-3,   100,0,1,0
       2394,2026-10-01,14:23:51.447,        817,        304,   9.000000E+2,   9.000000E+3,   0.000000E+0,   0.000000E+0,   2.250000E+1,   0.000000E+0,   0.000000E+0,   0.000000E+0,   1.011695E+3,   5.154234E-1,   1.418945E+0,   1.475558E+3,   1.018721E+0,   3.473633E+0,   2.581399E+1,   5.827900E-3,   1.499975E+3,   1.251424E-1,   7.079980E+0,   2.976786E-3,   100,0,1,0
       2395,2026-10-01,14:24:21.449,        818,        304,   9.000000E+2,   9.000000E+3,   0.000000E+0,   0.000000E+0,   2.250000E+1,   0.000000E+0,   0.000000E+0,   0.000000E+0,   1.012028E+3,   5.436651E-1,   1.466309E+0,   1.474931E+3,   1.224527E+0,   3.827393E+0,   2.582116E+1,   1.095966E-2,   1.500056E+3,   1.324880E-1,   7.081813E+0,   3.580229E-3,   100,0,1,0
       2396,2026-10-01,14:24:51.451,        819,        304,   9.000000E+2,   9.000000E+3,   0.000000E+0,   0.000000E+0,   2.250000E+1,   0.000000E+0,   0.000000E+0,   0.000000E+0,   1.012355E+3,   1.743363E-1,   8.522949E-1,   1.474135E+3,   4.422529E-1,   1.937134E+0,   2.583249E+1,   1.265170E-2,   1.500137E+3,   4.253040E-2,   7.084144E+0,   1.296266E-3,   100,0,1,0
       2397,2026-10-01,14:25:21.453,        820,        304,   9.000000E+2,   9.000000E+3,   0.000000E+0,   0.000000E+0,   2.250000E+1,   0.000000E+0,   0.000000E+0,   0.000000E+0,   1.012366E+3,   1.509932E-1,   6.517944E-1,   1.473788E+3,   2.951886E-1,   1.367065E+0,   2.584441E+1,   1.047521E-2,   1.500143E+3,   3.520148E-2,   7.085161E+0,   8.656451E-4,   100,0,1,0
       2398,2026-10-01,14:25:51.455,        821,        304,   9.000000E+2,   9.000000E+3,   0.000000E+0,   0.000000E+0,   2.250000E+1,   0.000000E+0,   0.000000E+0,   0.000000E+0,   1.012398E+3,   1.768553E-1,   7.239990E-1,   1.473448E+3,   5.427079E-1,   1.930054E+0,   2.585336E+1,   8.015575E-3,   1.500152E+3,   4.292256E-2,   7.086162E+0,   1.591488E-3,   100,0,1,0
       2399,2026-10-01,14:26:21.457,        822,        304,   9.000000E+2,   9.000000E+3,   0.000000E+0,   0.000000E+0,   2.250000E+1,   0.000000E+0,   0.000000E+0,   0.000000E+0,   1.012462E+3,   2.155437E-1,   8.179321E-1,   1.472943E+3,   6.967303E-1,   2.531860E+0,   2.586011E+1,   4.750567E-3,   1.500169E+3,   5.257818E-2,   7.087641E+0,   2.043135E-3,   100,0,1,0
       2400,2026-10-01,14:26:51.459,        823,        304,   9.000000E+2,   9.000000E+3,   0.000000E+0,   0.000000E+0,   2.250000E+1,   0.000000E+0,   0.000000E+0,   0.000000E+0,   1.012618E+3,   1.111269E-1,   5.205078E-1,   1.472311E+3,   5.321788E-1,   1.923584E+0,   2.586351E+1,   2.365060E-3,   1.500207E+3,   2.715129E-2,   7.089496E+0,   1.561738E-3,   100,1,1,1
       2401,2026-10-01,14:27:21.461,        824,        304,   9.000000E+2,   9.000000E+3,   0.000000E+0,   0.000000E+0,   2.250000E+1,   0.000000E+0,   0.000000E+0,   0.000000E+0,   1.012734E+3,   1.271002E-1,   5.375977E-1,   1.473999E+3,   1.249316E+1,   7.370251E+1,   2.586484E+1,   7.066118E-4,   1.500235E+3,   3.053628E-2,   7.084844E+0,   3.494855E-2,   100,1,1,1
       2402,2026-10-01,14:27:51.463,        825,        304,   9.000000E+2,   9.000000E+3,   0.000000E+0,   0.000000E+0,   2.250000E+1,   0.000000E+0,   0.000000E+0,   0.000000E+0,   1.012758E+3,   1.693522E-1,   6.171265E-1,   1.477552E+3,   1.989006E+1,   7.370251E+1,   2.586448E+1,   1.362414E-3,   1.500240E+3,   4.077112E-2,   7.074918E+0,   5.564109E-2,   100,0,1,0
       2403,2026-10-01,14:28:21.465,        826,        304,   9.000000E+2,   9.000000E+3,   0.000000E+0,   0.000000E+0,   2.250000E+1,   0.000000E+0,   0.000000E+0,   0.000000E+0,   1.012541E+3,   4.792717E-1,   1.769043E+0,   1.478268E+3,   1.972482E+1,   7.370251E+1,   2.585883E+1,   9.445531E-3,   1.500187E+3,   1.175795E-1,   7.072818E+0,   5.516326E-2,   100,0,1,0
       2404,2026-10-01,14:28:51.467,        827,        304,   9.000000E+2,   9.000000E+3,   0.000000E+0,   0.000000E+0,   2.250000E+1,   0.000000E+0,   0.000000E+0,   0.000000E+0,   1.011093E+3,   2.897573E+0,   1.048529E+1,   1.479715E+3,   1.936446E+1,   7.370251E+1,   2.582642E+1,   6.727700E-2,   1.499830E+3,   7.119136E-1,   7.068575E+0,   5.411531E-2,   100,0,1,0
       2405,2026-10-01,14:29:21.469,        828,        304,   9.000000E+2,   9.000000E+3,   0.000000E+0,   0.000000E+0,   2.250000E+1,   0.000000E+0,   0.000000E+0,   0.000000E+0,   1.009651E+3,   2.917374E+0,   9.951050E+0,   1.474151E+3,   1.992469E+0,   6.830688E+0,   2.572592E+1,   1.440296E-1,   1.499463E+3,   7.226810E-1,   7.084076E+0,   5.804572E-3,   100,0,1,0
       2406,2026-10-01,14:29:51.471,        829,        304,   9.000000E+2,   9.000000E+3,   0.000000E+0,   0.000000E+0,   2.250000E+1,   0.000000E+0,   0.000000E+0,   0.000000E+0,   1.008935E+3,   2.427079E+0,   9.049988E+0,   1.474218E+3,   1.909860E+0,   6.830688E+0,   2.564518E+1,   1.206820E-1,   1.499276E+3,   5.949201E-1,   7.083855E+0,   5.550296E-3,   100,0,1,0
       2407,2026-10-01,14:30:21.473,        830,        304,   9.000000E+2,   9.000000E+3,   0.000000E+0,   0.000000E+0,   2.250000E+1,   0.000000E+0,   0.000000E+0,   0.000000E+0,   1.008764E+3,   2.166870E+0,   7.704346E+0,   1.472913E+3,   6.427232E-1,   3.605591E+0,   2.559591E+1,   5.439950E-2,   1.499226E+3,   5.238466E-1,   7.087658E+0,   1.879869E-3,   100,0,1,0
       2408,2026-10-01,14:30:51.475,        831,        304,   9.000000E+2,   9.000000E+3,   0.000000E+0,   0.000000E+0,   2.250000E+1,   0.000000E+0,   0.000000E+0,   0.000000E+0,   1.009998E+3,   3.215187E-1,   1.252808E+0,   1.472634E+3,   6.549846E-1,   2.338013E+0,   2.563217E+1,   4.723009E-2,   1.499531E+3,   8.474604E-2,   7.088486E+0,   1.930476E-3,   100,0,1,0
       2409,2026-10-01,14:31:21.477,        832,        304,   9.000000E+2,   9.000000E+3,   0.000000E+0,   0.000000E+0,   2.250000E+1,   0.000000E+0,   0.000000E+0,   0.000000E+0,   1.010151E+3,   7.929631E-2,   3.460693E-1,   1.472295E+3,   4.959461E-1,   2.064575E+0,   2.566777E+1,   2.449277E-2,   1.499574E+3,   1.808815E-2,   7.089489E+0,   1.460223E-3,   100,1,1,1
       2410,2026-10-01,14:31:51.479,        833,        304,   9.000000E+2,   9.000000E+3,   0.000000E+0,   0.000000E+0,   2.250000E+1,   0.000000E+0,   0.000000E+0,   0.000000E+0,   1.010074E+3,   1.309008E-1,   4.517822E-1,   1.472148E+3,   2.596752E-1,   1.163208E+0,   2.568677E+1,   1.141722E-2,   1.499559E+3,   3.009585E-2,   7.089926E+0,   7.600261E-4,   100,1,1,1
       2411,2026-10-01,14:32:21.481,        834,        304,   9.000000E+2,   9.000000E+3,   0.000000E+0,   0.000000E+0,   2.250000E+1,   0.000000E+0,   0.000000E+0,   0.000000E+0,   1.010028E+3,   1.167988E-1,   4.509888E-1,   1.472214E+3,   2.256847E-1,   1.035645E+0,   2.569732E+1,   8.008267E-3,   1.499550E+3,   2.739207E-2,   7.089734E+0,   6.618631E-4,   100,1,1,1
       2412,2026-10-01,14:32:51.483,        835,        304,   9.000000E+2,   9.000000E+3,   0.000000E+0,   0.000000E+0,   2.250000E+1,   0.000000E+0,   0.000000E+0,   0.000000E+0,   1.009992E+3,   8.365523E-2,   3.746948E-1,   1.472188E+3,   2.520226E-1,   1.093140E+0,   2.570561E+1,   8.282220E-3,   1.499544E+3,   2.116844E-2,   7.089811E+0,   7.409951E-4,   100,1,1,1
       2413,2026-10-01,14:33:21.485,        836,        304,   9.000000E+2,   9.000000E+3,   0.000000E+0,   0.000000E+0,   2.250000E+1,   0.000000E+0,   0.000000E+0,   0.000000E+0,   1.010044E+3,   6.861672E-2,   2.510986E-1,   1.472055E+3,   2.344588E-1,   1.036987E+0,   2.571397E+1,   7.993146E-3,   1.499558E+3,   1.779367E-2,   7.090205E+0,   6.895524E-4,   100,1,1,1
       2414,2026-10-01,14:33:51.487,        837,        304,   9.000000E+2,   9.000000E+3,   0.000000E+0,   0.000000E+0,   2.250000E+1,   0.000000E+0,   0.000000E+0,   0.000000E+0,   1.010094E+3,   9.317754E-2,   3.870239E-1,   1.471826E+3,   3.192834E-1,   1.339722E+0,   2.572198E+1,   7.429734E-3,   1.499571E+3,   2.311242E-2,   7.090879E+0,   9.387881E-4,   100,1,1,1
       2415,2026-10-01,14:34:21.489,        838,        304,   9.000000E+2,   9.000000E+3,   0.000000E+0,   0.000000E+0,   2.250000E+1,   0.000000E+0,   0.000000E+0,   0.000000E+0,   1.010171E+3,   1.243140E-1,   4.694214E-1,   1.471499E+3,   5.272462E-1,   1.952393E+0,   2.573005E+1,   7.831424E-3,   1.499591E+3,   3.068243E-2,   7.091842E+0,   1.550329E-3,   100,1,1,1
       2416,2026-10-01,14:34:51.491,        839,        304,   9.000000E+2,   9.000000E+3,   0.000000E+0,   0.000000E+0,   2.250000E+1,   0.000000E+0,   0.000000E+0,   0.000000E+0,   1.009972E+3,   4.123219E-1,   1.521301E+0,   1.471802E+3,   9.674337E-1,   4.316162E+0,   2.573790E+1,   7.738807E-3,   1.499545E+3,   9.844601E-2,   7.090957E+0,   2.837507E-3,   100,0,1,0
       2417,2026-10-01,14:35:21.493,        840,        304,   9.000000E+2,   9.000000E+3,   0.000000E+0,   0.000000E+0,   2.250000E+1,   0.000000E+0,   0.000000E+0,   0.000000E+0,   1.009510E+3,   7.555537E-1,   1.964172E+0,   1.473074E+3,   2.172171E+0,   6.301270E+0,   2.574295E+1,   4.758959E-3,   1.499434E+3,   1.810157E-1,   7.087233E+0,   6.361138E-3,   100,0,1,0
       2418,2026-10-01,14:35:51.496,        841,        304,   9.000000E+2,   9.000000E+3,   0.000000E+0,   0.000000E+0,   2.250000E+1,   0.000000E+0,   0.000000E+0,   0.000000E+0,   1.008924E+3,   6.444054E-1,   2.090393E+0,   1.474854E+3,   2.029129E+0,   6.059204E+0,   2.574793E+1,   4.098126E-3,   1.499295E+3,   1.539603E-1,   7.082026E+0,   5.936028E-3,   100,0,1,0
       2419,2026-10-01,14:36:21.497,        842,        304,   9.000000E+2,   9.000000E+3,   0.000000E+0,   0.000000E+0,   2.250000E+1,   0.000000E+0,   0.000000E+0,   0.000000E+0,   1.008429E+3,   3.093008E-1,   1.579285E+0,   1.476471E+3,   1.092264E+0,   4.895020E+0,   2.575323E+1,   7.839680E-3,   1.499177E+3,   7.243492E-2,   7.077297E+0,   3.187626E-3,   100,0,1,0
       2420,2026-10-01,14:36:51.499,        843,        304,   9.000000E+2,   9.000000E+3,   0.000000E+0,   0.000000E+0,   2.250000E+1,   0.000000E+0,   0.000000E+0,   0.000000E+0,   1.008237E+3,   1.808081E-1,   7.589111E-1,   1.477356E+3,   6.882047E-1,   2.651978E+0,   2.576153E+1,   9.635856E-3,   1.499133E+3,   4.156817E-2,   7.074718E+0,   2.002683E-3,   100,0,1,0
       2421,2026-10-01,14:37:21.501,        844,        304,   9.000000E+2,   9.000000E+3,   0.000000E+0,   0.000000E+0,   2.250000E+1,   0.000000E+0,   0.000000E+0,   0.000000E+0,   1.008114E+3,   1.642564E-1,   7.106934E-1,   1.477961E+3,   6.572822E-1,   2.990723E+0,   2.577153E+1,   9.375171E-3,   1.499106E+3,   3.819682E-2,   7.072959E+0,   1.911340E-3,   100,0,1,0
       2422,2026-10-01,14:37:51.505,        845,        304,   9.000000E+2,   9.000000E+3,   0.000000E+0,   0.000000E+0,   2.250000E+1,   0.000000E+0,   0.000000E+0,   0.000000E+0,   1.008144E+3,   3.081010E-1,   1.457153E+0,   1.478107E+3,   7.421554E-1,   3.439087E+0,   2.578098E+1,   9.106804E-3,   1.499116E+3,   7.534843E-2,   7.072536E+0,   2.161197E-3,   100,0,1,0
       2423,2026-10-01,14:38:21.507,        846,        304,   9.000000E+2,   9.000000E+3,   0.000000E+0,   0.000000E+0,   2.250000E+1,   0.000000E+0,   0.000000E+0,   0.000000E+0,   1.008629E+3,   7.875983E-1,   2.249695E+0,   1.477158E+3,   1.793311E+0,   5.914673E+0,   2.579099E+1,   9.820359E-3,   1.499234E+3,   1.914069E-1,   7.075308E+0,   5.232797E-3,   100,0,1,0
       2424,2026-10-01,14:38:51.509,        847,        304,   9.000000E+2,   9.000000E+3,   0.000000E+0,   0.000000E+0,   2.250000E+1,   0.000000E+0,   0.000000E+0,   0.000000E+0,   1.009268E+3,   9.515121E-1,   2.721436E+0,   1.475530E+3,   2.325253E+0,   6.985474E+0,   2.580150E+1,   1.080909E-2,   1.499390E+3,   2.307347E-1,   7.080067E+0,   6.791324E-3,   100,0,1,0
       2425,2026-10-01,14:39:21.511,        848,        304,   9.000000E+2,   9.000000E+3,   0.000000E+0,   0.000000E+0,   2.250000E+1,   0.000000E+0,   0.000000E+0,   0.000000E+0,   1.009637E+3,   6.051778E-1,   1.944702E+0,   1.472715E+3,   2.880535E+0,   1.099792E+1,   2.578702E+1,   4.793404E-2,   1.499474E+3,   1.545902E-1,   7.088307E+0,   8.449952E-3,   100,0,1,0
       2426,2026-10-01,14:39:51.513,        849,        304,   9.000000E+2,   9.000000E+3,   0.000000E+0,   0.000000E+0,   2.250000E+1,   0.000000E+0,   0.000000E+0,   0.000000E+0,   1.009394E+3,   7.591528E-1,   2.007690E+0,   1.470113E+3,   3.040032E+0,   9.034058E+0,   2.572687E+1,   9.728473E-2,   1.499402E+3,   2.025217E-1,   7.095935E+0,   8.922472E-3,   100,0,1,0
       2427,2026-10-01,14:40:21.515,        850,        304,   9.000000E+2,   9.000000E+3,   0.000000E+0,   0.000000E+0,   2.250000E+1,   0.000000E+0,   0.000000E+0,   0.000000E+0,   1.008981E+3,   6.456764E-1,   2.007690E+0,   1.469041E+3,   2.214873E+0,   7.348267E+0,   2.567142E+1,   8.527947E-2,   1.499291E+3,   1.712527E-1,   7.099066E+0,   6.507243E-3,   100,0,1,0
       2428,2026-10-01,14:40:51.517,        851,        304,   9.000000E+2,   9.000000E+3,   0.000000E+0,   0.000000E+0,   2.250000E+1,   0.000000E+0,   0.000000E+0,   0.000000E+0,   1.008653E+3,   1.164674E-1,   3.865356E-1,   1.468933E+3,   1.870216E+0,   5.484009E+0,   2.563575E+1,   3.392737E-2,   1.499206E+3,   3.222574E-2,   7.099372E+0,   5.508904E-3,   100,0,1,0
       2429,2026-10-01,14:41:21.519,        852,        304,   9.000000E+2,   9.000000E+3,   0.000000E+0,   0.000000E+0,   2.250000E+1,   0.000000E+0,   0.000000E+0,   0.000000E+0,   1.008648E+3,   1.122346E-1,   3.865356E-1,   1.470273E+3,   1.013769E+0,   4.018555E+0,   2.566019E+1,   3.830015E-2,   1.499211E+3,   2.940300E-2,   7.095428E+0,   2.975720E-3,   100,0,1,0
       2430,2026-10-01,14:41:51.521,        853,        304,   9.000000E+2,   9.000000E+3,   0.000000E+0,   0.000000E+0,   2.250000E+1,   0.000000E+0,   0.000000E+0,   0.000000E+0,   1.008636E+3,   1.024748E-1,   4.124756E-1,   1.471020E+3,   3.292130E-1,   1.545532E+0,   2.569185E+1,   2.388931E-2,   1.499215E+3,   2.106004E-2,   7.093240E+0,   9.627697E-4,   100,1,1,1
       2431,2026-10-01,14:42:21.523,        854,        304,   9.000000E+2,   9.000000E+3,   0.000000E+0,   0.000000E+0,   2.250000E+1,   0.000000E+0,   0.000000E+0,   0.000000E+0,   1.008564E+3,   6.729564E-2,   2.916870E-1,   1.471311E+3,   3.968451E-1,   1.613159E+0,   2.571235E+1,   1.426450E-2,   1.499202E+3,   1.490951E-2,   7.092389E+0,   1.162276E-3,   100,1,1,1
       2432,2026-10-01,14:42:51.525,        855,        304,   9.000000E+2,   9.000000E+3,   0.000000E+0,   0.000000E+0,   2.250000E+1,   0.000000E+0,   0.000000E+0,   0.000000E+0,   1.008554E+3,   7.579623E-2,   5.076904E-1,   1.471645E+3,   3.536797E-1,   1.914795E+0,   2.572603E+1,   1.203962E-2,   1.499202E+3,   1.799498E-2,   7.091413E+0,   1.035623E-3,   100,1,1,1
       2433,2026-10-01,14:43:21.527,        856,        304,   9.000000E+2,   9.000000E+3,   0.000000E+0,   0.000000E+0,   2.250000E+1,   0.000000E+0,   0.000000E+0,   0.000000E+0,   1.008426E+3,   2.062051E-1,   7.309570E-1,   1.471914E+3,   3.384028E-1,   1.705811E+0,   2.573808E+1,   1.122845E-2,   1.499174E+3,   4.808763E-2,   7.090627E+0,   9.909502E-4,   100,0,1,0
       2434,2026-10-01,14:43:51.529,        857,        304,   9.000000E+2,   9.000000E+3,   0.000000E+0,   0.000000E+0,   2.250000E+1,   0.000000E+0,   0.000000E+0,   0.000000E+0,   1.008362E+3,   1.944026E-1,   7.309570E-1,   1.472082E+3,   2.914093E-1,   1.407227E+0,   2.574893E+1,   1.045703E-2,   1.499160E+3,   4.572801E-2,   7.090137E+0,   8.539158E-4,   100,0,1,0
       2435,2026-10-01,14:44:21.531,        858,        304,   9.000000E+2,   9.000000E+3,   0.000000E+0,   0.000000E+0,   2.250000E+1,   0.000000E+0,   0.000000E+0,   0.000000E+0,   1.008344E+3,   1.763863E-1,   7.309570E-1,   1.472173E+3,   2.608069E-1,   1.216309E+0,   2.575983E+1,   9.870478E-3,   1.499158E+3,   4.357813E-2,   7.089871E+0,   7.657336E-4,   100,0,1,0
       2436,2026-10-01,14:44:51.533,        859,        304,   9.000000E+2,   9.000000E+3,   0.000000E+0,   0.000000E+0,   2.250000E+1,   0.000000E+0,   0.000000E+0,   0.000000E+0,   1.008398E+3,   1.129286E-1,   5.200806E-1,   1.472221E+3,   2.489704E-1,   1.046387E+0,   2.576952E+1,   9.563622E-3,   1.499173E+3,   2.872317E-2,   7.089733E+0,   7.300383E-4,   100,1,1,1
       2437,2026-10-01,14:45:21.535,        860,        304,   9.000000E+2,   9.000000E+3,   0.000000E+0,   0.000000E+0,   2.250000E+1,   0.000000E+0,   0.000000E+0,   0.000000E+0,   1.008437E+3,   8.796024E-2,   4.407959E-1,   1.472263E+3,   2.448147E-1,   1.132813E+0,   2.577947E+1,   9.060541E-3,   1.499185E+3,   2.086653E-2,   7.089612E+0,   7.170691E-4,   100,1,1,1
       2438,2026-10-01,14:45:51.537,        861,        304,   9.000000E+2,   9.000000E+3,   0.000000E+0,   0.000000E+0,   2.250000E+1,   0.000000E+0,   0.000000E+0,   0.000000E+0,   1.008464E+3,   1.050630E-1,   6.182251E-1,   1.472296E+3,   3.278492E-1,   1.972290E+0,   2.578817E+1,   8.471154E-3,   1.499193E+3,   2.558858E-2,   7.089519E+0,   9.622021E-4,   100,0,1,0
       2439,2026-10-01,14:46:21.539,        862,        304,   9.000000E+2,   9.000000E+3,   0.000000E+0,   0.000000E+0,   2.250000E+1,   0.000000E+0,   0.000000E+0,   0.000000E+0,   1.008612E+3,   2.636502E-1,   8.842773E-1,   1.471830E+3,   8.367466E-1,   2.837280E+0,   2.579658E+1,   8.190736E-3,   1.499230E+3,   6.490031E-2,   7.090889E+0,   2.459153E-3,   100,0,1,0
       2440,2026-10-01,14:46:51.541,        863,        304,   9.000000E+2,   9.000000E+3,   0.000000E+0,   0.000000E+0,   2.250000E+1,   0.000000E+0,   0.000000E+0,   0.000000E+0,   1.008801E+3,   2.610050E-1,   8.961792E-1,   1.471059E+3,   1.097941E+0,   3.506226E+0,   2.580658E+1,   1.003709E-2,   1.499278E+3,   6.459334E-2,   7.093158E+0,   3.228388E-3,   100,0,1,0
       2441,2026-10-01,14:47:21.543,        864,        304,   9.000000E+2,   9.000000E+3,   0.000000E+0,   0.000000E+0,   2.250000E+1,   0.000000E+0,   0.000000E+0,   0.000000E+0,   1.008939E+3,   1.370653E-1,   6.199951E-1,   1.470201E+3,   8.233584E-1,   3.889526E+0,   2.581583E+1,   9.945987E-3,   1.499313E+3,   3.378319E-2,   7.095681E+0,   2.423362E-3,   100,0,1,0
       2442,2026-10-01,14:47:51.545,        865,        304,   9.000000E+2,   9.000000E+3,   0.000000E+0,   0.000000E+0,   2.250000E+1,   0.000000E+0,   0.000000E+0,   0.000000E+0,   1.009016E+3,   7.492237E-2,   3.040161E-1,   1.469397E+3,   6.635170E-1,   2.511963E+0,   2.582366E+1,   6.132112E-3,   1.499333E+3,   1.812087E-2,   7.098050E+0,   1.955925E-3,   100,1,1,1
       2443,2026-10-01,14:48:21.547,        866,        304,   9.000000E+2,   9.000000E+3,   0.000000E+0,   0.000000E+0,   2.250000E+1,   0.000000E+0,   0.000000E+0,   0.000000E+0,   1.009054E+3,   1.084649E-1,   4.083252E-1,   1.468737E+3,   7.571377E-1,   2.570068E+0,   2.582798E+1,   2.229769E-3,   1.499343E+3,   2.640233E-2,   7.099996E+0,   2.232603E-3,   100,1,1,1
       2444,2026-10-01,14:48:51.549,        867,        304,   9.000000E+2,   9.000000E+3,   0.000000E+0,   0.000000E+0,   2.250000E+1,   0.000000E+0,   0.000000E+0,   0.000000E+0,   1.009151E+3,   1.027722E-1,   4.203491E-1,   1.468020E+3,   6.830491E-1,   2.850952E+0,   2.582965E+1,   1.052591E-3,   1.499366E+3,   2.475415E-2,   7.102111E+0,   2.015449E-3,   100,1,1,1
       2445,2026-10-01,14:49:21.551,        868,        304,   9.000000E+2,   9.000000E+3,   0.000000E+0,   0.000000E+0,   2.250000E+1,   0.000000E+0,   0.000000E+0,   0.000000E+0,   1.009228E+3,   9.715320E-2,   4.125366E-1,   1.467334E+3,   6.848753E-1,   2.919678E+0,   2.583042E+1,   1.608546E-3,   1.499385E+3,   2.366387E-2,   7.104136E+0,   2.023604E-3,   100,1,1,1
       2446,2026-10-01,14:49:51.553,        869,        304,   9.000000E+2,   9.000000E+3,   0.000000E+0,   0.000000E+0,   2.250000E+1,   0.000000E+0,   0.000000E+0,   0.000000E+0,   1.009369E+3,   1.617953E-1,   5.246582E-1,   1.479966E+3,   2.747646E+1,   7.257690E+1,   2.583420E+1,   5.468285E-3,   1.499421E+3,   4.129655E-2,   7.068573E+0,   7.754005E-2,   100,1,1,1
       2447,2026-10-01,14:50:21.555,        870,        304,   9.000000E+2,   9.000000E+3,   0.000000E+0,   0.000000E+0,   2.250000E+1,   0.000000E+0,   0.000000E+0,   0.000000E+0,   1.009506E+3,   1.903798E-1,   5.899048E-1,   1.500223E+3,   3.478400E+1,   7.257690E+1,   2.584088E+1,   9.758015E-3,   1.499457E+3,   5.038797E-2,   7.011383E+0,   9.824123E-2,   100,1,1,1
       2448,2026-10-01,14:50:51.557,        871,        304,   9.000000E+2,   9.000000E+3,   0.000000E+0,   0.000000E+0,   2.250000E+1,   0.000000E+0,   0.000000E+0,   0.000000E+0,   1.009637E+3,   1.145985E-1,   4.099121E-1,   1.519007E+3,   2.936616E+1,   7.257690E+1,   2.585108E+1,   1.178713E-2,   1.499494E+3,   3.298958E-2,   6.958304E+0,   8.300763E-2,   100,1,1,1
       2449,2026-10-01,14:51:21.559,        872,        304,   9.000000E+2,   9.000000E+3,   0.000000E+0,   0.000000E+0,   2.250000E+1,   0.000000E+0,   0.000000E+0,   0.000000E+0,   1.009700E+3,   2.826043E-2,   1.206665E-1,   1.534421E+3,   9.900434E-1,   3.628540E+0,   2.586301E+1,   1.299563E-2,   1.499515E+3,   1.167196E-2,   6.914664E+0,   2.676437E-3,   100,1,1,1
       2450,2026-10-01,14:51:51.561,        873,        304,   9.000000E+2,   9.000000E+3,   0.000000E+0,   0.000000E+0,   2.250000E+1,   0.000000E+0,   0.000000E+0,   0.000000E+0,   1.009700E+3,   2.507753E-2,   8.544922E-2,   1.533591E+3,   7.673461E-1,   3.020630E+0,   2.587552E+1,   1.472057E-2,   1.499521E+3,   3.263165E-3,   6.916910E+0,   2.078822E-3,   100,1,1,1
       2451,2026-10-01,14:52:21.563,        874,        304,   9.000000E+2,   9.000000E+3,   0.000000E+0,   0.000000E+0,   2.250000E+1,   0.000000E+0,   0.000000E+0,   0.000000E+0,   1.009676E+3,   3.260920E-2,   1.061401E-1,   1.532724E+3,   9.354240E-1,   3.082275E+0,   2.589039E+1,   1.622673E-2,   1.499522E+3,   1.663411E-3,   6.919260E+0,   2.537120E-3,   100,1,1,1
       2452,2026-10-01,14:52:51.565,        875,        304,   9.000000E+2,   9.000000E+3,   0.000000E+0,   0.000000E+0,   2.250000E+1,   0.000000E+0,   0.000000E+0,   0.000000E+0,   1.009648E+3,   3.271273E-2,   1.093750E-1,   1.531874E+3,   1.038062E+0,   3.176025E+0,   2.590576E+1,   1.727498E-2,   1.499521E+3,   1.808890E-3,   6.921566E+0,   2.817628E-3,   100,1,1,1
       2453,2026-10-01,14:53:21.567,        876,        304,   9.000000E+2,   9.000000E+3,   0.000000E+0,   0.000000E+0,   2.250000E+1,   0.000000E+0,   0.000000E+0,   0.000000E+0,   1.009617E+3,   2.554778E-2,   8.679199E-2,   1.530922E+3,   8.655471E-1,   2.972290E+0,   2.592384E+1,   1.765816E-2,   1.499519E+3,   6.718675E-4,   6.924154E+0,   2.352626E-3,   100,1,1,1
       2454,2026-10-01,14:53:51.569,        877,        304,   9.000000E+2,   9.000000E+3,   0.000000E+0,   0.000000E+0,   2.250000E+1,   0.000000E+0,   0.000000E+0,   0.000000E+0,   1.009593E+3,   2.302892E-2,   8.032227E-2,   1.530228E+3,   5.567770E-1,   1.827637E+0,   2.594150E+1,   1.785778E-2,   1.499519E+3,   5.607818E-4,   6.926042E+0,   1.516510E-3,   100,1,1,1
        455,2026-09-01,13:26:15.954,         71,          6,   9.095000E+1,   9.094900E+2,   0.000000E+0,   0.000000E+0,   0.000000E+0,   0.000000E+0,   0.000000E+0,   1.000000E+2,   1.004228E+3,   2.597077E-1,   1.221802E+0,   1.544072E+3,   1.595149E-2,   8.911133E-2,   2.459219E+1,   2.068629E-3,   1.497929E+3,   6.434564E-2,   6.888412E+0,   4.273328E-5,   100,0,1,0
        456,2026-09-01,13:28:15.956,         72,          6,   9.095000E+1,   9.094900E+2,   0.000000E+0,   0.000000E+0,   0.000000E+0,   0.000000E+0,   0.000000E+0,   1.000000E+2,   1.004335E+3,   4.131180E-3,   2.032471E-2,   1.544009E+3,   1.574540E-2,   7.727051E-2,   2.459795E+1,   1.232579E-3,   1.497956E+3,   1.262562E-3,   6.888582E+0,   4.222291E-5,   100,0,1,0
        457,2026-09-01,13:30:15.958,         73,          6,   9.095000E+1,   9.094900E+2,   0.000000E+0,   0.000000E+0,   0.000000E+0,   0.000000E+0,   0.000000E+0,   1.000000E+2,   1.004340E+3,   1.522964E-2,   1.635742E-1,   1.543995E+3,   1.782993E-2,   7.763672E-2,   2.460506E+1,   2.283580E-3,   1.497959E+3,   3.942121E-3,   6.888619E+0,   4.795252E-5,   100,0,1,0
        458,2026-09-01,13:32:15.960,         74,          6,   9.095000E+1,   9.094900E+2,   0.000000E+0,   0.000000E+0,   0.000000E+0,   0.000000E+0,   0.000000E+0,   1.000000E+2,   1.004285E+3,   1.364499E-1,   6.121216E-1,   1.543988E+3,   1.235624E-2,   5.883789E-2,   2.461369E+1,   2.858094E-3,   1.497948E+3,   3.248807E-2,   6.888641E+0,   3.295915E-5,   100,0,1,0
        459,2026-09-01,13:34:15.962,         75,          6,   9.095000E+1,   9.094900E+2,   0.000000E+0,   0.000000E+0,   0.000000E+0,   0.000000E+0,   0.000000E+0,   1.000000E+2,   1.004321E+3,   7.811244E-2,   3.574829E-1,   1.543973E+3,   1.259137E-2,   5.932617E-2,   2.462490E+1,   2.479865E-3,   1.497959E+3,   1.851676E-2,   6.888685E+0,   3.366744E-5,   100,0,1,0
        460,2026-09-01,13:36:15.964,         76,          6,   9.095000E+1,   9.094900E+2,   0.000000E+0,   0.000000E+0,   0.000000E+0,   0.000000E+0,   0.000000E+0,   1.000000E+2,   1.004275E+3,   1.533247E-1,   5.943604E-1,   1.543960E+3,   1.192394E-2,   5.249023E-2,   2.463383E+1,   2.578231E-3,   1.497950E+3,   3.714889E-2,   6.888723E+0,   3.201975E-5,   100,0,1,0
        461,2026-09-01,13:38:15.966,         77,          6,   9.095000E+1,   9.094900E+2,   0.000000E+0,   0.000000E+0,   0.000000E+0,   0.000000E+0,   0.000000E+0,   1.000000E+2,   1.004277E+3,   1.508378E-1,   7.622070E-1,   1.543949E+3,   2.013324E-2,   9.045410E-2,   2.464390E+1,   2.094723E-3,   1.497953E+3,   3.600707E-2,   6.888753E+0,   5.409247E-5,   100,0,1,0
        462,2026-09-01,13:40:15.968,         78,          6,   9.095000E+1,   9.094900E+2,   0.000000E+0,   0.000000E+0,   0.000000E+0,   0.000000E+0,   0.000000E+0,   1.000000E+2,   1.004272E+3,   1.820589E-1,   8.472900E-1,   1.543939E+3,   1.518128E-2,   8.618164E-2,   2.465303E+1,   1.578667E-3,   1.497953E+3,   4.381471E-2,   6.888783E+0,   4.073722E-5,   100,0,1,0
        463,2026-09-01,13:42:15.970,         79,          6,   9.095000E+1,   9.094900E+2,   0.000000E+0,   0.000000E+0,   0.000000E+0,   0.000000E+0,   0.000000E+0,   1.000000E+2,   1.004365E+3,   9.223440E-2,   7.097778E-1,   1.543910E+3,   1.665547E-2,   9.472656E-2,   2.465917E+1,   1.081814E-3,   1.497976E+3,   2.250311E-2,   6.888863E+0,   4.458916E-5,   100,0,1,0
        464,2026-09-01,13:44:15.973,         80,          6,   9.095000E+1,   9.094900E+2,   0.000000E+0,   0.000000E+0,   0.000000E+0,   0.000000E+0,   0.000000E+0,   1.000000E+2,   1.004373E+3,   4.180153E-2,   3.372803E-1,   1.543861E+3,   1.239582E-2,   5.737305E-2,   2.466588E+1,   2.555254E-3,   1.497979E+3,   1.034042E-2,   6.888996E+0,   3.350258E-5,   100,0,1,0
        465,2026-09-01,13:46:15.975,         81,          6,   9.095000E+1,   9.094900E+2,   0.000000E+0,   0.000000E+0,   0.000000E+0,   0.000000E+0,   0.000000E+0,   1.000000E+2,   1.004379E+3,   2.202398E-3,   1.141357E-2,   1.543848E+3,   1.034252E-2,   5.554199E-2,   2.467172E+1,   1.370908E-3,   1.497982E+3,   6.527721E-4,   6.889032E+0,   2.760112E-5,   100,0,1,0
        466,2026-09-01,13:48:15.976,         82,          6,   9.095000E+1,   9.094900E+2,   0.000000E+0,   0.000000E+0,   0.000000E+0,   0.000000E+0,   0.000000E+0,   1.000000E+2,   1.004334E+3,   1.371528E-1,   5.923462E-1,   1.543828E+3,   1.359989E-2,   6.506348E-2,   2.467904E+1,   2.061849E-3,   1.497973E+3,   3.145086E-2,   6.889086E+0,   3.663177E-5,   100,0,1,0
        467,2026-09-01,13:58:42.917,         83,          7,   9.096000E+1,   9.096100E+2,   0.000000E+0,   0.000000E+0,   0.000000E+0,   0.000000E+0,   0.000000E+0,   1.000000E+2,   1.004149E+3,   1.252973E-2,   4.803467E-2,   1.544528E+3,   2.265658E-2,   1.062012E-1,   2.440643E+1,   8.389669E-3,   1.497864E+3,   1.808407E-3,   6.887145E+0,   6.200701E-5,   100,0,1,0
        468,2026-09-01,14:00:42.919,         84,          7,   9.096000E+1,   9.096100E+2,   0.000000E+0,   0.000000E+0,   0.000000E+0,   0.000000E+0,   0.000000E+0,   1.000000E+2,   1.004169E+3,   1.508844E-2,   5.267334E-2,   1.544500E+3,   2.173183E-2,   1.121826E-1,   2.441425E+1,   6.194317E-3,   1.497876E+3,   5.278389E-3,   6.887221E+0,   5.891975E-5,   100,0,1,0
        469,2026-09-01,14:02:42.921,         85,          7,   9.096000E+1,   9.096100E+2,   0.000000E+0,   0.000000E+0,   0.000000E+0,   0.000000E+0,   0.000000E+0,   1.000000E+2,   1.004205E+3,   3.068018E-3,   1.861572E-2,   1.544477E+3,   1.326925E-2,   7.397461E-2,   2.444409E+1,   7.525119E-3,   1.497892E+3,   2.217733E-3,   6.887292E+0,   3.599525E-5,   100,0,1,0
        470,2026-09-01,14:04:42.923,         86,          7,   9.096000E+1,   9.096100E+2,   0.000000E+0,   0.000000E+0,   0.000000E+0,   0.000000E+0,   0.000000E+0,   1.000000E+2,   1.004212E+3,   2.167350E-3,   8.911133E-3,   1.544480E+3,   1.158255E-2,   6.005859E-2,   2.447519E+1,   7.853307E-3,   1.497900E+3,   1.970762E-3,   6.887293E+0,   3.110845E-5,   100,1,1,1
        471,2026-09-01,14:06:42.925,         87,          7,   9.096000E+1,   9.096100E+2,   0.000000E+0,   0.000000E+0,   0.000000E+0,   0.000000E+0,   0.000000E+0,   1.000000E+2,   1.004211E+3,   2.784582E-3,   1.300049E-2,   1.544492E+3,   1.213778E-2,   7.421875E-2,   2.450787E+1,   7.419478E-3,   1.497907E+3,   1.568279E-3,   6.887268E+0,   3.206455E-5,   100,0,1,0
        472,2026-09-01,14:20:05.796,         88,        102,   3.955000E+1,   3.997300E+2,   0.000000E+0,   0.000000E+0,   0.000000E+0,   0.000000E+0,   0.000000E+0,   1.000000E+2,   1.004295E+3,   3.154180E-2,   1.033936E-1,   1.541649E+3,   9.990061E-3,   4.528809E-2,   2.453224E+1,   1.254661E-2,   1.497934E+3,   1.020534E-2,   6.894868E+0,   2.581825E-5,   100,0,1,0
        473,2026-09-01,14:22:05.798,         89,        102,   3.955000E+1,   3.997300E+2,   0.000000E+0,   0.000000E+0,   0.000000E+0,   0.000000E+0,   0.000000E+0,   1.000000E+2,   1.004407E+3,   2.678868E-2,   8.544922E-2,   1.541686E+3,   1.473714E-2,   6.774902E-2,   2.458022E+1,   1.077466E-2,   1.497971E+3,   8.724448E-3,   6.894783E+0,   3.714781E-5,   100,0,1,0
        474,2026-09-01,14:24:05.800,         90,        102,   3.955000E+1,   3.997300E+2,   0.000000E+0,   0.000000E+0,   0.000000E+0,   0.000000E+0,   0.000000E+0,   1.000000E+2,   1.004496E+3,   1.916832E-2,   6.665039E-2,   1.541714E+3,   1.030406E-2,   4.443359E-2,   2.462225E+1,   9.907541E-3,   1.498001E+3,   6.603621E-3,   6.894719E+0,   2.616905E-5,   100,0,1,0
        475,2026-09-01,14:26:05.802,         91,        102,   3.955000E+1,   3.997300E+2,   0.000000E+0,   0.000000E+0,   0.000000E+0,   0.000000E+0,   0.000000E+0,   1.000000E+2,   1.004562E+3,   1.302569E-2,   4.516602E-2,   1.541713E+3,   1.218876E-2,   4.846191E-2,   2.465466E+1,   6.129600E-3,   1.498023E+3,   4.315872E-3,   6.894732E+0,   3.360415E-5,   100,0,1,0
        476,2026-09-01,14:28:05.804,         92,        102,   3.955000E+1,   3.997300E+2,   0.000000E+0,   0.000000E+0,   0.000000E+0,   0.000000E+0,   0.000000E+0,   1.000000E+2,   1.004606E+3,   8.694442E-3,   2.716064E-2,   1.541701E+3,   1.379524E-2,   7.104492E-2,   2.467495E+1,   5.215137E-3,   1.498038E+3,   2.991725E-3,   6.894769E+0,   3.646332E-5,   100,0,1,0
        477,2026-09-02,08:40:47.707,          1,          0,   0.000000E+0,   0.000000E+0,   0.000000E+0,   0.000000E+0,   0.000000E+0,   0.000000E+0,   0.000000E+0,   0.000000E+0,   9.975117E+2,   1.342220E-3,   5.249023E-3,   1.490846E+3,   1.344815E-2,   5.114746E-2,   2.287862E+1,   3.649079E-3,   1.495958E+3,   5.616507E-4,   7.034978E+0,   3.753225E-5,   100,1,1,1
        478,2026-09-02,08:41:17.709,          2,          0,   0.000000E+0,   0.000000E+0,   0.000000E+0,   0.000000E+0,   0.000000E+0,   0.000000E+0,   0.000000E+0,   0.000000E+0,   9.975101E+2,   1.877327E-3,   6.225586E-3,   1.490861E+3,   2.159069E-2,   6.176758E-2,   2.288329E+1,   5.949460E-3,   1.495959E+3,   1.022050E-3,   7.034935E+0,   6.022002E-5,   100,1,1,1
        479,2026-09-02,08:43:34.841,          3,        101,   0.000000E+0,   1.000000E+2,   0.000000E+0,   0.000000E+0,   0.000000E+0,   0.000000E+0,   0.000000E+0,   1.000000E+2,   9.975026E+2,   1.807851E-3,   6.591797E-3,   1.490945E+3,   2.016937E-2,   7.348633E-2,   2.291208E+1,   6.805012E-3,   1.495963E+3,   1.040049E-3,   7.034703E+0,   5.585020E-5,   100,1,1,1
        480,2026-09-02,08:45:34.842,          4,        101,   0.000000E+0,   1.000000E+2,   0.000000E+0,   0.000000E+0,   0.000000E+0,   0.000000E+0,   0.000000E+0,   1.000000E+2,   9.974958E+2,   1.583980E-3,   5.859375E-3,   1.491020E+3,   1.811078E-2,   6.152344E-2,   2.293822E+1,   6.229496E-3,   1.495967E+3,   9.051572E-4,   7.034495E+0,   5.010078E-5,   100,1,1,1
        481,2026-09-02,08:47:34.844,          5,        101,   0.000000E+0,   1.000000E+2,   0.000000E+0,   0.000000E+0,   0.000000E+0,   0.000000E+0,   0.000000E+0,   1.000000E+2,   9.974893E+2,   1.668431E-3,   6.286621E-3,   1.491092E+3,   1.796842E-2,   6.384277E-2,   2.296357E+1,   6.327000E-3,   1.495971E+3,   9.161847E-4,   7.034298E+0,   4.965535E-5,   100,1,1,1
        482,2026-09-02,08:49:34.846,          6,        101,   0.000000E+0,   1.000000E+2,   0.000000E+0,   0.000000E+0,   0.000000E+0,   0.000000E+0,   0.000000E+0,   1.000000E+2,   9.974828E+2,   1.735626E-3,   6.408691E-3,   1.491162E+3,   1.765820E-2,   6.091309E-2,   2.298893E+1,   6.343882E-3,   1.495975E+3,   9.323912E-4,   7.034103E+0,   4.877181E-5,   100,1,1,1
        483,2026-09-02,08:51:34.848,          7,        101,   0.000000E+0,   1.000000E+2,   0.000000E+0,   0.000000E+0,   0.000000E+0,   0.000000E+0,   0.000000E+0,   1.000000E+2,   9.971720E+2,   2.913101E-1,   1.176270E+0,   1.491248E+3,   4.822056E-2,   1.989746E-1,   2.301210E+1,   9.046112E-3,   1.495904E+3,   7.264996E-2,   7.033865E+0,   1.358128E-4,   100,0,1,0
        484,2026-09-02,08:53:34.850,          8,        101,   0.000000E+0,   1.000000E+2,   0.000000E+0,   0.000000E+0,   0.000000E+0,   0.000000E+0,   0.000000E+0,   1.000000E+2,   9.974218E+2,   8.417974E-2,   3.805542E-1,   1.491408E+3,   3.322127E-2,   1.573486E-1,   2.305787E+1,   1.610754E-2,   1.495975E+3,   2.156069E-2,   7.033418E+0,   9.351580E-5,   100,0,1,0
        485,2026-09-02,08:55:34.852,          9,        101,   0.000000E+0,   1.000000E+2,   0.000000E+0,   0.000000E+0,   0.000000E+0,   0.000000E+0,   0.000000E+0,   1.000000E+2,   9.974565E+2,   1.722575E-3,   6.103516E-3,   1.491477E+3,   1.855815E-2,   6.188965E-2,   2.309989E+1,   6.076945E-3,   1.495991E+3,   9.190913E-4,   7.033233E+0,   5.143652E-5,   100,1,1,1
        486,2026-09-02,08:57:34.855,         10,        101,   0.000000E+0,   1.000000E+2,   0.000000E+0,   0.000000E+0,   0.000000E+0,   0.000000E+0,   0.000000E+0,   1.000000E+2,   9.974498E+2,   1.594131E-3,   6.225586E-3,   1.491546E+3,   1.695511E-2,   5.871582E-2,   2.312470E+1,   5.903916E-3,   1.495995E+3,   8.927333E-4,   7.033043E+0,   4.685490E-5,   100,1,1,1
        487,2026-09-02,08:59:34.857,         11,        101,   0.000000E+0,   1.000000E+2,   0.000000E+0,   0.000000E+0,   0.000000E+0,   0.000000E+0,   0.000000E+0,   1.000000E+2,   9.974442E+2,   1.441709E-3,   5.554199E-3,   1.491606E+3,   1.502605E-2,   5.407715E-2,   2.314657E+1,   5.280244E-3,   1.495998E+3,   7.880522E-4,   7.032877E+0,   4.152203E-5,   100,1,1,1
        488,2026-09-02,09:01:34.859,         12,        101,   0.000000E+0,   1.000000E+2,   0.000000E+0,   0.000000E+0,   0.000000E+0,   0.000000E+0,   0.000000E+0,   1.000000E+2,   9.974386E+2,   1.438322E-3,   5.981445E-3,   1.491665E+3,   1.498690E-2,   5.664062E-2,   2.316767E+1,   5.315188E-3,   1.496001E+3,   7.887004E-4,   7.032713E+0,   4.139313E-5,   100,1,1,1
        489,2026-09-02,09:03:34.861,         13,        101,   0.000000E+0,   1.000000E+2,   0.000000E+0,   0.000000E+0,   0.000000E+0,   0.000000E+0,   0.000000E+0,   1.000000E+2,   9.974330E+2,   1.508824E-3,   6.103516E-3,   1.491726E+3,   1.553720E-2,   5.053711E-2,   2.318898E+1,   5.283812E-3,   1.496005E+3,   7.918667E-4,   7.032547E+0,   4.298062E-5,   100,1,1,1
        490,2026-09-02,09:05:34.863,         14,        101,   0.000000E+0,   1.000000E+2,   0.000000E+0,   0.000000E+0,   0.000000E+0,   0.000000E+0,   0.000000E+0,   1.000000E+2,   9.974296E+2,   8.990854E-4,   3.234863E-3,   1.491755E+3,   7.064976E-3,   2.978516E-2,   2.320110E+1,   2.251720E-3,   1.496006E+3,   3.415392E-4,   7.032468E+0,   1.959326E-5,   100,1,1,1
        491,2026-09-02,09:07:34.865,         15,        101,   0.000000E+0,   1.000000E+2,   0.000000E+0,   0.000000E+0,   0.000000E+0,   0.000000E+0,   0.000000E+0,   1.000000E+2,   9.974241E+2,   1.480016E-3,   6.225586E-3,   1.491819E+3,   1.382791E-2,   5.151367E-2,   2.322199E+1,   5.452071E-3,   1.496009E+3,   7.768022E-4,   7.032288E+0,   3.802926E-5,   100,1,1,1
        492,2026-09-02,09:09:34.867,         16,        101,   0.000000E+0,   1.000000E+2,   0.000000E+0,   0.000000E+0,   0.000000E+0,   0.000000E+0,   0.000000E+0,   1.000000E+2,   9.974191E+2,   1.351362E-3,   5.249023E-3,   1.491874E+3,   1.448848E-2,   5.236816E-2,   2.324174E+1,   5.092495E-3,   1.496012E+3,   7.610632E-4,   7.032139E+0,   4.004549E-5,   100,1,1,1
        493,2026-09-02,09:11:34.869,         17,        101,   0.000000E+0,   1.000000E+2,   0.000000E+0,   0.000000E+0,   0.000000E+0,   0.000000E+0,   0.000000E+0,   1.000000E+2,   9.974138E+2,   1.241029E-3,   5.126953E-3,   1.491929E+3,   1.438927E-2,   5.187988E-2,   2.326146E+1,   4.678776E-3,   1.496015E+3,   7.260761E-4,   7.031987E+0,   3.985804E-5,   100,1,1,1
        494,2026-09-02,09:13:34.871,         18,        101,   0.000000E+0,   1.000000E+2,   0.000000E+0,   0.000000E+0,   0.000000E+0,   0.000000E+0,   0.000000E+0,   1.000000E+2,   9.974097E+2,   7.592769E-4,   3.662109E-3,   1.491972E+3,   7.987429E-3,   3.759766E-2,   2.327801E+1,   2.405538E-3,   1.496018E+3,   3.422018E-4,   7.031866E+0,   2.227892E-5,   100,1,1,1
        495,2026-09-02,09:15:34.873,         19,        101,   0.000000E+0,   1.000000E+2,   0.000000E+0,   0.000000E+0,   0.000000E+0,   0.000000E+0,   0.000000E+0,   1.000000E+2,   9.974057E+2,   1.381552E-3,   5.004883E-3,   1.492013E+3,   1.600128E-2,   4.931641E-2,   2.329180E+1,   4.659180E-3,   1.496020E+3,   7.478329E-4,   7.031754E+0,   4.449160E-5,   100,1,1,1
        496,2026-09-02,09:17:34.875,         20,        101,   0.000000E+0,   1.000000E+2,   0.000000E+0,   0.000000E+0,   0.000000E+0,   0.000000E+0,   0.000000E+0,   1.000000E+2,   9.974010E+2,   1.211534E-3,   5.065918E-3,   1.492065E+3,   1.409557E-2,   4.931641E-2,   2.330936E+1,   4.791795E-3,   1.496022E+3,   7.013307E-4,   7.031611E+0,   3.898576E-5,   100,1,1,1
        497,2026-09-02,09:19:34.877,         21,        101,   0.000000E+0,   1.000000E+2,   0.000000E+0,   0.000000E+0,   0.000000E+0,   0.000000E+0,   0.000000E+0,   1.000000E+2,   9.973959E+2,   1.326317E-3,   5.249023E-3,   1.492119E+3,   1.232693E-2,   4.626465E-2,   2.332842E+1,   4.633618E-3,   1.496025E+3,   6.652937E-4,   7.031463E+0,   3.399629E-5,   100,1,1,1
        498,2026-09-02,09:29:13.780,         22,        102,   4.006000E+1,   4.008600E+2,   0.000000E+0,   0.000000E+0,   0.000000E+0,   0.000000E+0,   0.000000E+0,   1.000000E+2,   1.004262E+3,   1.459499E-2,   5.389404E-2,   1.538260E+3,   5.883048E-2,   3.228760E-1,   2.313367E+1,   2.002084E-2,   1.497636E+3,   7.224758E-3,   6.903575E+0,   1.593992E-4,   100,0,1,0
        499,2026-09-02,09:31:13.782,         23,        102,   4.006000E+1,   4.008600E+2,   0.000000E+0,   0.000000E+0,   0.000000E+0,   0.000000E+0,   0.000000E+0,   1.000000E+2,   1.004268E+3,   5.018238E-3,   2.185059E-2,   1.538269E+3,   2.390097E-2,   1.290283E-1,   2.320937E+1,   1.492250E-2,   1.497653E+3,   3.931235E-3,   6.903572E+0,   6.597539E-5,   100,0,1,0
        500,2026-09-02,09:33:13.784,         24,        102,   4.006000E+1,   4.008600E+2,   0.000000E+0,   0.000000E+0,   0.000000E+0,   0.000000E+0,   0.000000E+0,   1.000000E+2,   1.004292E+3,   4.608793E-3,   1.708984E-2,   1.538218E+3,   1.872777E-2,   1.018066E-1,   2.326241E+1,   1.281464E-2,   1.497670E+3,   3.881544E-3,   6.903723E+0,   5.139200E-5,   100,0,1,0
        501,2026-09-02,09:35:13.786,         25,        102,   4.006000E+1,   4.008600E+2,   0.000000E+0,   0.000000E+0,   0.000000E+0,   0.000000E+0,   0.000000E+0,   1.000000E+2,   1.004304E+3,   3.078517E-3,   1.220703E-2,   1.538216E+3,   1.451437E-2,   6.921387E-2,   2.331820E+1,   1.315946E-2,   1.497685E+3,   3.308332E-3,   6.903744E+0,   4.021898E-5,   100,0,1,0
        502,2026-09-02,09:37:13.788,         26,        102,   4.006000E+1,   4.008600E+2,   0.000000E+0,   0.000000E+0,   0.000000E+0,   0.000000E+0,   0.000000E+0,   1.000000E+2,   1.004317E+3,   3.681187E-3,   1.361084E-2,   1.538187E+3,   1.551047E-2,   8.703613E-2,   2.336494E+1,   9.686035E-3,   1.497698E+3,   2.785678E-3,   6.903833E+0,   4.331402E-5,   100,0,1,0
        503,2026-09-02,09:39:13.790,         27,        102,   4.006000E+1,   4.008600E+2,   0.000000E+0,   0.000000E+0,   0.000000E+0,   0.000000E+0,   0.000000E+0,   1.000000E+2,   1.004325E+3,   9.619799E-4,   4.882812E-3,   1.538189E+3,   1.227659E-2,   6.042480E-2,   2.340870E+1,   1.165626E-2,   1.497709E+3,   2.609344E-3,   6.903841E+0,   3.195175E-5,   100,1,1,1
        504,2026-09-02,09:41:13.792,         28,        102,   4.006000E+1,   4.008600E+2,   0.000000E+0,   0.000000E+0,   0.000000E+0,   0.000000E+0,   0.000000E+0,   1.000000E+2,   1.004333E+3,   3.058663E-3,   1.171875E-2,   1.538178E+3,   1.498050E-2,   7.019043E-2,   2.344580E+1,   6.312130E-3,   1.497718E+3,   1.642892E-3,   6.903880E+0,   4.137234E-5,   100,0,1,0
        505,2026-09-02,09:51:05.602,         29,          8,   9.096000E+1,   9.096600E+2,   0.000000E+0,   0.000000E+0,   0.000000E+0,   0.000000E+0,   0.000000E+0,   1.000000E+2,   1.003929E+3,   3.548576E-1,   1.596619E+0,   1.543209E+3,   1.012917E-1,   4.604492E-1,   2.352763E+1,   5.304439E-3,   1.497637E+3,   8.414511E-2,   6.890426E+0,   2.713935E-4,   100,0,0,0
        506,2026-09-02,09:53:05.604,         30,          8,   9.096000E+1,   9.096600E+2,   0.000000E+0,   0.000000E+0,   0.000000E+0,   0.000000E+0,   0.000000E+0,   1.000000E+2,   1.004063E+3,   2.891738E-1,   1.492065E+0,   1.543204E+3,   3.649810E-2,   1.700439E-1,   2.355634E+1,   4.992205E-3,   1.497676E+3,   6.918192E-2,   6.890447E+0,   9.698714E-5,   100,0,1,0
        507,2026-09-02,09:55:05.606,         31,          8,   9.096000E+1,   9.096600E+2,   0.000000E+0,   0.000000E+0,   0.000000E+0,   0.000000E+0,   0.000000E+0,   1.000000E+2,   1.004112E+3,   2.861418E-1,   1.163391E+0,   1.543240E+3,   3.323476E-2,   1.678467E-1,   2.357332E+1,   5.281420E-3,   1.497691E+3,   6.811795E-2,   6.890354E+0,   8.834294E-5,   100,0,1,0
        508,2026-09-02,09:57:05.608,         32,          8,   9.096000E+1,   9.096600E+2,   0.000000E+0,   0.000000E+0,   0.000000E+0,   0.000000E+0,   0.000000E+0,   1.000000E+2,   1.004117E+3,   2.743791E-1,   9.459839E-1,   1.543208E+3,   6.838103E-2,   5.063477E-1,   2.359739E+1,   8.917946E-3,   1.497698E+3,   6.753185E-2,   6.890447E+0,   1.820053E-4,   100,0,1,0
        509,2026-09-02,09:59:05.610,         33,          8,   9.096000E+1,   9.096600E+2,   0.000000E+0,   0.000000E+0,   0.000000E+0,   0.000000E+0,   0.000000E+0,   1.000000E+2,   1.004306E+3,   1.652424E-1,   9.617920E-1,   1.543317E+3,   1.187908E-1,   4.781494E-1,   2.364104E+1,   8.422258E-3,   1.497753E+3,   4.031609E-2,   6.890169E+0,   3.165478E-4,   100,0,1,0
        510,2026-09-02,10:01:05.612,         34,          8,   9.096000E+1,   9.096600E+2,   0.000000E+0,   0.000000E+0,   0.000000E+0,   0.000000E+0,   0.000000E+0,   1.000000E+2,   1.002564E+3,   6.614800E-1,   2.753784E+0,   1.545573E+3,   2.847548E+0,   1.003589E+1,   2.367241E+1,   5.639081E-3,   1.497338E+3,   1.612804E-1,   6.884175E+0,   7.562673E-3,   100,0,1,0
        511,2026-09-02,10:03:05.614,         35,          8,   9.096000E+1,   9.096600E+2,   0.000000E+0,   0.000000E+0,   0.000000E+0,   0.000000E+0,   0.000000E+0,   1.000000E+2,   1.003144E+3,   4.871319E-1,   1.983704E+0,   1.543208E+3,   8.576621E-2,   5.050049E-1,   2.369095E+1,   4.471845E-3,   1.497483E+3,   1.170752E-1,   6.890473E+0,   2.292494E-4,   100,0,1,0
        512,2026-09-02,10:05:05.616,         36,          8,   9.096000E+1,   9.096600E+2,   0.000000E+0,   0.000000E+0,   0.000000E+0,   0.000000E+0,   0.000000E+0,   1.000000E+2,   1.003477E+3,   3.731662E-1,   1.693481E+0,   1.543190E+3,   5.429772E-2,   2.291260E-1,   2.370748E+1,   5.772040E-3,   1.497566E+3,   9.010750E-2,   6.890524E+0,   1.452041E-4,   100,0,1,0
        513,2026-09-02,10:07:05.618,         37,          8,   9.096000E+1,   9.096600E+2,   0.000000E+0,   0.000000E+0,   0.000000E+0,   0.000000E+0,   0.000000E+0,   1.000000E+2,   1.003429E+3,   5.566572E-1,   2.311829E+0,   1.543142E+3,   7.839199E-2,   4.764404E-1,   2.372359E+1,   3.444181E-3,   1.497558E+3,   1.346805E-1,   6.890656E+0,   2.094503E-4,   100,0,1,0
        514,2026-09-02,10:09:05.620,         38,          8,   9.096000E+1,   9.096600E+2,   0.000000E+0,   0.000000E+0,   0.000000E+0,   0.000000E+0,   0.000000E+0,   1.000000E+2,   1.003958E+3,   6.082623E-1,   2.052185E+0,   1.543128E+3,   7.986540E-2,   4.157715E-1,   2.373650E+1,   4.117853E-3,   1.497688E+3,   1.467441E-1,   6.890697E+0,   2.137889E-4,   100,0,1,0
        515,2026-09-02,10:11:05.622,         39,          8,   9.096000E+1,   9.096600E+2,   0.000000E+0,   0.000000E+0,   0.000000E+0,   0.000000E+0,   0.000000E+0,   1.000000E+2,   1.004118E+3,   3.848631E-1,   1.688293E+0,   1.543163E+3,   6.150177E-2,   3.414307E-1,   2.374833E+1,   2.712511E-3,   1.497728E+3,   9.369209E-2,   6.890609E+0,   1.640144E-4,   100,0,1,0
        516,2026-09-02,10:13:05.624,         40,          8,   9.096000E+1,   9.096600E+2,   0.000000E+0,   0.000000E+0,   0.000000E+0,   0.000000E+0,   0.000000E+0,   1.000000E+2,   1.002759E+3,   1.317176E+0,   4.827942E+0,   1.544934E+3,   2.076210E+0,   8.237549E+0,   2.375710E+1,   3.616479E-3,   1.497402E+3,   3.189726E-1,   6.885894E+0,   5.519454E-3,   100,0,1,0
        517,2026-09-02,10:15:05.626,         41,          8,   9.096000E+1,   9.096600E+2,   0.000000E+0,   0.000000E+0,   0.000000E+0,   0.000000E+0,   0.000000E+0,   1.000000E+2,   1.004284E+3,   3.229009E-1,   1.512451E+0,   1.543792E+3,   1.205500E-1,   7.712402E-1,   2.377457E+1,   3.625431E-3,   1.497773E+3,   7.800059E-2,   6.888937E+0,   3.216121E-4,   100,0,1,0
        518,2026-09-02,10:17:05.628,         42,          8,   9.096000E+1,   9.096600E+2,   0.000000E+0,   0.000000E+0,   0.000000E+0,   0.000000E+0,   0.000000E+0,   1.000000E+2,   1.002940E+3,   1.143442E+0,   4.052368E+0,   1.545813E+3,   8.585776E+0,   8.560254E+1,   2.378300E+1,   2.923115E-3,   1.497455E+3,   2.722026E-1,   6.883673E+0,   2.175344E-2,   100,0,1,0
        519,2026-09-02,10:19:05.630,         43,          8,   9.096000E+1,   9.096600E+2,   0.000000E+0,   0.000000E+0,   0.000000E+0,   0.000000E+0,   0.000000E+0,   1.000000E+2,   1.004357E+3,   1.350481E-1,   7.416382E-1,   1.545930E+3,   1.157999E+0,   3.780762E+0,   2.379806E+1,   4.482124E-3,   1.497796E+3,   3.209724E-2,   6.883248E+0,   3.083751E-3,   100,0,1,0
        520,2026-09-02,10:21:05.632,         44,          8,   9.096000E+1,   9.096600E+2,   0.000000E+0,   0.000000E+0,   0.000000E+0,   0.000000E+0,   0.000000E+0,   1.000000E+2,   1.003664E+3,   1.133217E+0,   4.872620E+0,   1.543698E+3,   3.822419E-1,   1.498413E+0,   2.381106E+1,   2.660772E-3,   1.497629E+3,   2.725461E-1,   6.889198E+0,   1.020652E-3,   100,0,1,0
        521,2026-09-02,10:23:05.634,         45,          8,   9.096000E+1,   9.096600E+2,   0.000000E+0,   0.000000E+0,   0.000000E+0,   0.000000E+0,   0.000000E+0,   1.000000E+2,   1.003083E+3,   1.103555E+0,   4.736694E+0,   1.553239E+3,   2.223274E+1,   8.929407E+1,   2.381798E+1,   2.551693E-3,          +INF,           NaN,   6.864690E+0,   5.613755E-2,   100,0,1,0
        522,2026-09-02,10:25:05.636,         46,          8,   9.096000E+1,   9.096600E+2,   0.000000E+0,   0.000000E+0,   0.000000E+0,   0.000000E+0,   0.000000E+0,   1.000000E+2,   1.003313E+3,   1.177275E+0,   4.251770E+0,   1.546016E+3,   8.320065E+0,   8.402173E+1,   2.382879E+1,   2.468212E-3,   1.497552E+3,   2.797891E-1,   6.883138E+0,   2.105194E-2,   100,0,0,0
        523,2026-09-02,10:27:05.638,         47,          8,   9.096000E+1,   9.096600E+2,   0.000000E+0,   0.000000E+0,   0.000000E+0,   0.000000E+0,   0.000000E+0,   1.000000E+2,   1.003023E+3,   1.272612E+0,   4.478943E+0,   1.544169E+3,   1.723933E+0,   7.845947E+0,   2.383454E+1,   1.966732E-3,   1.497481E+3,   3.070873E-1,   6.887953E+0,   4.589089E-3,   100,0,1,0
        524,2026-09-02,10:29:05.639,         48,          8,   9.096000E+1,   9.096600E+2,   0.000000E+0,   0.000000E+0,   0.000000E+0,   0.000000E+0,   0.000000E+0,   1.000000E+2,   1.003403E+3,   1.541474E+0,   4.869812E+0,   1.543441E+3,   6.559724E-1,   3.255493E+0,   2.384299E+1,   2.525552E-3,   1.497576E+3,   3.695295E-1,   6.889894E+0,   1.749029E-3,   100,0,1,0
        525,2026-09-02,10:31:05.642,         49,          8,   9.096000E+1,   9.096600E+2,   0.000000E+0,   0.000000E+0,   0.000000E+0,   0.000000E+0,   0.000000E+0,   1.000000E+2,   1.004437E+3,   1.503540E-1,   1.084229E+0,   1.543080E+3,   1.064710E-1,   4.552002E-1,   2.385107E+1,   2.257676E-3,   1.497826E+3,   3.661687E-2,   6.890857E+0,   2.847885E-4,   100,0,1,0
        526,2026-09-02,10:33:05.644,         50,          8,   9.096000E+1,   9.096600E+2,   0.000000E+0,   0.000000E+0,   0.000000E+0,   0.000000E+0,   0.000000E+0,   1.000000E+2,   1.003180E+3,   1.035848E+0,   3.941101E+0,   1.543394E+3,   4.217647E-1,   1.791870E+0,   2.385665E+1,   2.633451E-3,          +INF,           NaN,   6.890022E+0,   1.125754E-3,   100,0,1,0
        527,2026-09-02,10:35:05.646,         51,          8,   9.096000E+1,   9.096600E+2,   0.000000E+0,   0.000000E+0,   0.000000E+0,   0.000000E+0,   0.000000E+0,   1.000000E+2,   1.004436E+3,   1.657553E-1,   7.348633E-1,   1.543022E+3,   4.790114E-2,   2.489014E-1,   2.386698E+1,   1.580939E-3,   1.497829E+3,   3.978930E-2,   6.891016E+0,   1.279813E-4,   100,0,1,0
        528,2026-09-02,10:37:05.648,         52,          8,   9.096000E+1,   9.096600E+2,   0.000000E+0,   0.000000E+0,   0.000000E+0,   0.000000E+0,   0.000000E+0,   1.000000E+2,   1.003756E+3,   5.725362E-1,   2.569702E+0,   1.543042E+3,   1.230431E-1,   6.589355E-1,   2.387277E+1,   2.292943E-3,   1.497665E+3,   1.369742E-1,   6.890964E+0,   3.282228E-4,   100,0,1,0
        529,2026-09-02,10:39:05.650,         53,          8,   9.096000E+1,   9.096600E+2,   0.000000E+0,   0.000000E+0,   0.000000E+0,   0.000000E+0,   0.000000E+0,   1.000000E+2,   1.003233E+3,   1.476314E+0,   4.871643E+0,   1.543580E+3,   5.577747E-1,   2.478882E+0,   2.387988E+1,   2.245240E-3,   1.497540E+3,   3.567681E-1,   6.889532E+0,   1.488752E-3,   100,0,1,0
        530,2026-09-02,10:41:05.652,         54,          8,   9.096000E+1,   9.096600E+2,   0.000000E+0,   0.000000E+0,   0.000000E+0,   0.000000E+0,   0.000000E+0,   1.000000E+2,   1.004197E+3,   4.533000E-1,   2.218628E+0,   1.542955E+3,   8.922863E-2,   3.903809E-1,   2.388849E+1,   1.860412E-3,   1.497777E+3,   1.080361E-1,   6.891201E+0,   2.380240E-4,   100,0,1,0
        531,2026-09-02,10:43:05.655,         55,          8,   9.096000E+1,   9.096600E+2,   0.000000E+0,   0.000000E+0,   0.000000E+0,   0.000000E+0,   0.000000E+0,   1.000000E+2,   1.003960E+3,   7.578655E-1,   2.459106E+0,   1.543316E+3,   6.277740E-1,   3.290894E+0,   2.389484E+1,   1.474420E-3,          +INF,           NaN,   6.890240E+0,   1.674316E-3,   100,0,1,0
        532,2026-09-02,10:45:05.657,         56,          8,   9.096000E+1,   9.096600E+2,   0.000000E+0,   0.000000E+0,   0.000000E+0,   0.000000E+0,   0.000000E+0,   1.000000E+2,   1.002911E+3,   1.338203E+0,   4.915527E+0,   1.543899E+3,   3.707696E-1,   1.688354E+0,   2.389806E+1,   1.578944E-3,   1.497469E+3,   3.220554E-1,   6.888683E+0,   9.893355E-4,   100,0,1,0
        533,2026-09-02,10:47:05.659,         57,          8,   9.096000E+1,   9.096600E+2,   0.000000E+0,   0.000000E+0,   0.000000E+0,   0.000000E+0,   0.000000E+0,   1.000000E+2,   1.003646E+3,   6.007007E-1,   2.625427E+0,   1.545367E+3,   1.825467E+0,   6.457764E+0,   2.390338E+1,   1.681503E-3,          +INF,           NaN,   6.884779E+0,   4.855466E-3,   100,0,0,0
        534,2026-09-02,10:49:05.661,         58,          8,   9.096000E+1,   9.096600E+2,   0.000000E+0,   0.000000E+0,   0.000000E+0,   0.000000E+0,   0.000000E+0,   1.000000E+2,   1.003127E+3,   1.168109E+0,   3.764404E+0,   1.543749E+3,   1.445289E+0,   7.281372E+0,   2.393125E+1,   8.565078E-3,          +INF,           NaN,   6.889096E+0,   3.848884E-3,   100,0,1,0
        535,2026-09-02,10:51:05.663,         59,          8,   9.096000E+1,   9.096600E+2,   0.000000E+0,   0.000000E+0,   0.000000E+0,   0.000000E+0,   0.000000E+0,   1.000000E+2,   1.003272E+3,   7.300914E-1,   3.205811E+0,   1.543003E+3,   3.603429E-2,   2.380371E-1,   2.396799E+1,   5.922196E-3,   1.497567E+3,   1.741235E-1,   6.891096E+0,   9.605701E-5,   100,0,1,0
        536,2026-09-02,10:53:05.665,         60,          8,   9.096000E+1,   9.096600E+2,   0.000000E+0,   0.000000E+0,   0.000000E+0,   0.000000E+0,   0.000000E+0,   1.000000E+2,   1.002994E+3,   3.604372E-1,   1.520752E+0,   1.543034E+3,   2.079706E-2,   9.167480E-2,   2.398396E+1,   2.384234E-3,   1.497504E+3,   8.576877E-2,   6.891017E+0,   5.584358E-5,   100,0,1,0
        537,2026-09-02,10:55:05.667,         61,          8,   9.096000E+1,   9.096600E+2,   0.000000E+0,   0.000000E+0,   0.000000E+0,   0.000000E+0,   0.000000E+0,   1.000000E+2,   1.003393E+3,   7.856831E-1,   2.842590E+0,   1.543078E+3,   4.538858E-2,   2.031250E-1,   2.399476E+1,   4.602314E-3,   1.497601E+3,   1.916269E-1,   6.890901E+0,   1.202618E-4,   100,0,1,0
        538,2026-09-02,10:57:05.669,         62,          8,   9.096000E+1,   9.096600E+2,   0.000000E+0,   0.000000E+0,   0.000000E+0,   0.000000E+0,   0.000000E+0,   1.000000E+2,   1.002006E+3,   3.559116E+0,   2.003888E+1,   1.543144E+3,   9.806811E-2,   8.413086E-1,   2.404674E+1,   2.618589E-2,          +INF,           NaN,   6.890741E+0,   2.626152E-4,   100,0,1,0
        539,2026-09-02,10:59:05.671,         63,          8,   9.096000E+1,   9.096600E+2,   0.000000E+0,   0.000000E+0,   0.000000E+0,   0.000000E+0,   0.000000E+0,   1.000000E+2,   1.004547E+3,   1.826610E-1,   8.909912E-1,   1.543086E+3,   3.186737E-2,   1.708984E-1,   2.404863E+1,   3.074033E-3,   1.497891E+3,   4.475744E-2,   6.890894E+0,   8.478477E-5,   100,0,1,0
        540,2026-09-02,11:01:05.673,         64,          8,   9.096000E+1,   9.096600E+2,   0.000000E+0,   0.000000E+0,   0.000000E+0,   0.000000E+0,   0.000000E+0,   1.000000E+2,   1.004596E+3,   3.215790E-2,   2.670898E-1,   1.543092E+3,   2.528183E-2,   1.154785E-1,   2.407736E+1,   1.027201E-2,   1.497910E+3,   7.273016E-3,   6.890888E+0,   6.559354E-5,   100,0,1,0
        541,2026-09-02,11:03:05.675,         65,          8,   9.096000E+1,   9.096600E+2,   0.000000E+0,   0.000000E+0,   0.000000E+0,   0.000000E+0,   0.000000E+0,   1.000000E+2,   1.004223E+3,   9.236903E-1,   4.163513E+0,   1.543121E+3,   3.120033E-2,   2.567139E-1,   2.412067E+1,   1.986704E-2,   1.497827E+3,   2.265504E-1,   6.890821E+0,   8.138450E-5,   100,0,1,0
        542,2026-09-02,11:05:05.677,         66,          8,   9.096000E+1,   9.096600E+2,   0.000000E+0,   0.000000E+0,   0.000000E+0,   0.000000E+0,   0.000000E+0,   1.000000E+2,   1.004617E+3,   6.468510E-3,   2.404785E-2,   1.543092E+3,   1.524997E-2,   9.204102E-2,   2.414156E+1,   9.497172E-4,   1.497924E+3,   1.800433E-3,   6.890906E+0,   4.060993E-5,   100,0,1,0
        543,2026-09-02,11:07:05.679,         67,          8,   9.096000E+1,   9.096600E+2,   0.000000E+0,   0.000000E+0,   0.000000E+0,   0.000000E+0,   0.000000E+0,   1.000000E+2,   1.004458E+3,   2.457422E-1,   9.317017E-1,   1.543074E+3,   2.177445E-2,   1.051025E-1,   2.414234E+1,   4.549887E-4,   1.497886E+3,   5.974981E-2,   6.890954E+0,   5.819006E-5,   100,0,1,0
        544,2026-09-02,11:09:05.681,         68,          8,   9.096000E+1,   9.096600E+2,   0.000000E+0,   0.000000E+0,   0.000000E+0,   0.000000E+0,   0.000000E+0,   1.000000E+2,   1.004289E+3,   6.056756E-1,   3.097351E+0,   1.543026E+3,   2.165033E-2,   8.813477E-2,   2.414211E+1,   5.570290E-4,   1.497845E+3,   1.490620E-1,   6.891080E+0,   5.772932E-5,   100,0,1,0
        545,2026-09-02,11:11:05.683,         69,          8,   9.096000E+1,   9.096600E+2,   0.000000E+0,   0.000000E+0,   0.000000E+0,   0.000000E+0,   0.000000E+0,   1.000000E+2,   1.004603E+3,   7.120349E-2,   2.542725E-1,   1.542987E+3,   1.465185E-2,   6.152344E-2,   2.414118E+1,   8.206499E-4,   1.497923E+3,   1.723913E-2,   6.891184E+0,   3.917296E-5,   100,0,1,0
        546,2026-09-02,12:05:30.287,         70,          8,   1.233800E+2,   9.096600E+2,   0.000000E+0,   0.000000E+0,   0.000000E+0,   0.000000E+0,   0.000000E+0,   1.000000E+2,   1.004995E+3,   5.093101E-1,   1.987061E+0,   1.558705E+3,   1.229355E-1,   6.816406E-1,   2.411082E+1,   1.759114E-2,   1.498003E+3,   1.227508E-1,   6.849618E+0,   3.184165E-4,   100,0,1,0
        547,2026-09-02,12:07:30.289,         71,          8,   1.233800E+2,   9.096600E+2,   0.000000E+0,   0.000000E+0,   0.000000E+0,   0.000000E+0,   0.000000E+0,   1.000000E+2,   1.006125E+3,   2.134549E-1,   1.241760E+0,   1.558479E+3,   6.559060E-2,   3.947754E-1,   2.408955E+1,   1.478581E-3,   1.498277E+3,   5.094976E-2,   6.850204E+0,   1.715217E-4,   100,0,1,0
        548,2026-09-02,12:09:30.291,         72,          8,   1.233800E+2,   9.096600E+2,   0.000000E+0,   0.000000E+0,   0.000000E+0,   0.000000E+0,   0.000000E+0,   1.000000E+2,   1.005964E+3,   5.565763E+0,   5.108533E+1,   1.558320E+3,   2.102047E-1,   1.221680E+0,   2.411480E+1,   1.342368E-2,   1.498272E+3,   1.261656E+0,   6.850627E+0,   5.518175E-4,   100,0,1,0
        549,2026-09-02,12:11:30.293,         73,          8,   1.233800E+2,   9.096600E+2,   0.000000E+0,   0.000000E+0,   0.000000E+0,   0.000000E+0,   0.000000E+0,   1.000000E+2,   1.006389E+3,   2.707166E-1,   1.649780E+0,   1.558566E+3,   2.137274E-1,   1.109985E+0,   2.414437E+1,   9.060736E-3,   1.498356E+3,   6.212528E-2,   6.849990E+0,   5.584967E-4,   100,0,1,0
        550,2026-09-02,12:13:30.295,         74,          8,   1.233800E+2,   9.096600E+2,   0.000000E+0,   0.000000E+0,   0.000000E+0,   0.000000E+0,   0.000000E+0,   1.000000E+2,   1.006621E+3,   1.833636E-1,   8.954468E-1,   1.558381E+3,   4.528760E-2,   1.750488E-1,   2.417329E+1,   8.445076E-3,   1.498417E+3,   4.556457E-2,   6.850483E+0,   1.204604E-4,   100,0,1,0
        551,2026-09-02,12:15:30.297,         75,          8,   1.233800E+2,   9.096600E+2,   0.000000E+0,   0.000000E+0,   0.000000E+0,   0.000000E+0,   0.000000E+0,   1.000000E+2,   1.007038E+3,   2.109578E-1,   7.985840E-1,   1.558112E+3,   1.164071E-1,   3.723145E-1,   2.421465E+1,   1.416354E-2,   1.498529E+3,   5.338840E-2,   6.851200E+0,   3.082726E-4,   100,0,1,0
        552,2026-09-02,12:17:30.299,         76,          8,   1.233800E+2,   9.096600E+2,   0.000000E+0,   0.000000E+0,   0.000000E+0,   0.000000E+0,   0.000000E+0,   1.000000E+2,   1.007246E+3,   2.920181E-2,   1.127930E-1,   1.558002E+3,   4.153958E-2,   2.139893E-1,   2.425479E+1,   5.410480E-3,   1.498587E+3,   7.320232E-3,   6.851497E+0,   1.095646E-4,   100,0,1,0
        553,2026-09-02,12:19:30.301,         77,          8,   1.233800E+2,   9.096600E+2,   0.000000E+0,   0.000000E+0,   0.000000E+0,   0.000000E+0,   0.000000E+0,   1.000000E+2,   1.007291E+3,   5.300165E-2,   2.458496E-1,   1.557913E+3,   2.887960E-2,   1.436768E-1,   2.426949E+1,   3.124733E-3,   1.498600E+3,   1.333027E-2,   6.851735E+0,   7.590427E-5,   100,0,1,0
        554,2026-09-02,12:21:30.303,         78,          8,   1.233800E+2,   9.096600E+2,   0.000000E+0,   0.000000E+0,   0.000000E+0,   0.000000E+0,   0.000000E+0,   1.000000E+2,   1.007311E+3,   4.543537E-2,   2.196045E-1,   1.557866E+3,   3.654411E-2,   1.671143E-1,   2.428548E+1,   5.389747E-3,   1.498609E+3,   1.085554E-2,   6.851862E+0,   9.655620E-5,   100,0,1,0
        555,2026-09-02,12:23:30.305,         79,          8,   1.233800E+2,   9.096600E+2,   0.000000E+0,   0.000000E+0,   0.000000E+0,   0.000000E+0,   0.000000E+0,   1.000000E+2,   1.007323E+3,   6.018662E-2,   2.771606E-1,   1.557820E+3,   2.934062E-2,   1.420898E-1,   2.431334E+1,   6.439580E-3,   1.498617E+3,   1.513318E-2,   6.851991E+0,   7.778702E-5,   100,0,1,0
        556,2026-09-02,12:25:30.307,         80,          8,   1.233800E+2,   9.096600E+2,   0.000000E+0,   0.000000E+0,   0.000000E+0,   0.000000E+0,   0.000000E+0,   1.000000E+2,   1.007329E+3,   3.053766E-2,   1.381226E-1,   1.557783E+3,   3.104315E-2,   1.726074E-1,   2.433068E+1,   3.196119E-3,   1.498621E+3,   7.588011E-3,   6.852093E+0,   8.183572E-5,   100,0,1,0
        557,2026-09-02,12:27:30.309,         81,          8,   1.233800E+2,   9.096600E+2,   0.000000E+0,   0.000000E+0,   0.000000E+0,   0.000000E+0,   0.000000E+0,   1.000000E+2,   1.007353E+3,   3.750245E-2,   1.768188E-1,   1.557722E+3,   2.824267E-2,   1.540527E-1,   2.434104E+1,   2.174681E-3,   1.498629E+3,   9.186410E-3,   6.852256E+0,   7.436605E-5,   100,0,1,0
        558,2026-09-02,12:29:30.311,         82,          8,   1.233800E+2,   9.096600E+2,   0.000000E+0,   0.000000E+0,   0.000000E+0,   0.000000E+0,   0.000000E+0,   1.000000E+2,   1.007366E+3,   2.846396E-2,   1.069336E-1,   1.557680E+3,   2.314676E-2,   1.162109E-1,   2.435007E+1,   2.364908E-3,   1.498634E+3,   7.302204E-3,   6.852366E+0,   6.091624E-5,   100,0,1,0
        559,2026-09-02,12:31:30.313,         83,          8,   1.233800E+2,   9.096600E+2,   0.000000E+0,   0.000000E+0,   0.000000E+0,   0.000000E+0,   0.000000E+0,   1.000000E+2,   1.007388E+3,   5.307414E-3,   1.885986E-2,   1.557642E+3,   2.555434E-2,   1.307373E-1,   2.436031E+1,   2.695219E-3,   1.498641E+3,   1.949725E-3,   6.852470E+0,   6.725897E-5,   100,0,1,0
        560,2026-09-02,12:33:30.315,         84,          8,   1.233800E+2,   9.096600E+2,   0.000000E+0,   0.000000E+0,   0.000000E+0,   0.000000E+0,   0.000000E+0,   1.000000E+2,   1.007400E+3,   5.869506E-3,   3.277588E-2,   1.557593E+3,   1.835530E-2,   8.752441E-2,   2.437110E+1,   2.752199E-3,   1.498647E+3,   1.724344E-3,   6.852602E+0,   4.855614E-5,   100,0,1,0
        561,2026-09-02,12:35:30.317,         85,          8,   1.233800E+2,   9.096600E+2,   0.000000E+0,   0.000000E+0,   0.000000E+0,   0.000000E+0,   0.000000E+0,   1.000000E+2,   1.007398E+3,   3.434505E-2,   1.737061E-1,   1.557548E+3,   2.087142E-2,   8.874512E-2,   2.438210E+1,   2.692559E-3,   1.498649E+3,   8.439764E-3,   6.852721E+0,   5.504897E-5,   100,0,1,0
        562,2026-09-02,12:45:52.630,         86,          8,   1.233800E+2,   1.009680E+3,   0.000000E+0,   0.000000E+0,   0.000000E+0,   0.000000E+0,   0.000000E+0,   1.000000E+2,   1.000161E+3,   4.491590E+0,   1.275629E+1,   1.558300E+3,   2.630957E+0,   1.125574E+1,   2.435681E+1,   9.931872E-3,   1.496890E+3,   1.081518E+0,   6.850757E+0,   6.900103E-3,   100,0,1,0
        563,2026-09-02,12:47:52.632,         87,          8,   1.233800E+2,   1.009680E+3,   0.000000E+0,   0.000000E+0,   0.000000E+0,   0.000000E+0,   0.000000E+0,   1.000000E+2,   1.001346E+3,   1.763360E+0,   5.673706E+0,   1.553167E+3,   1.663502E+0,   8.292358E+0,   2.434910E+1,   2.483726E-3,   1.497183E+3,   4.278288E-1,   6.864227E+0,   4.373448E-3,   100,0,1,0
        564,2026-09-02,12:49:52.634,         88,          8,   1.233800E+2,   1.009680E+3,   0.000000E+0,   0.000000E+0,   0.000000E+0,   0.000000E+0,   0.000000E+0,   1.000000E+2,   1.003375E+3,   5.295120E-1,   2.238159E+0,   1.552295E+3,   6.778426E-2,   3.759766E-1,   2.436104E+1,   2.276810E-3,   1.497674E+3,   1.278094E-1,   6.866530E+0,   1.790547E-4,   100,0,1,0
        565,2026-09-02,12:51:52.637,         89,          8,   1.233800E+2,   1.009680E+3,   0.000000E+0,   0.000000E+0,   0.000000E+0,   0.000000E+0,   0.000000E+0,   1.000000E+2,   1.003998E+3,   3.947580E-1,   1.595459E+0,   1.552265E+3,   4.614894E-2,   2.397461E-1,   2.437044E+1,   3.956642E-3,   1.497825E+3,   9.591892E-2,   6.866615E+0,   1.218679E-4,   100,0,1,0
        566,2026-09-02,12:53:52.639,         90,          8,   1.233800E+2,   1.009680E+3,   0.000000E+0,   0.000000E+0,   0.000000E+0,   0.000000E+0,   0.000000E+0,   1.000000E+2,   1.004558E+3,   6.816718E-1,   3.048218E+0,   1.552298E+3,   4.877605E-2,   2.451172E-1,   2.438071E+1,   2.441406E-3,   1.497963E+3,   1.656301E-1,   6.866531E+0,   1.285653E-4,   100,0,1,0
        567,2026-09-02,12:55:52.642,         91,          8,   1.233800E+2,   1.009680E+3,   0.000000E+0,   0.000000E+0,   0.000000E+0,   0.000000E+0,   0.000000E+0,   1.000000E+2,   1.004794E+3,   3.801394E-1,   1.560181E+0,   1.552305E+3,   4.005232E-2,   2.121582E-1,   2.438992E+1,   2.224875E-3,   1.498022E+3,   9.130523E-2,   6.866513E+0,   1.058770E-4,   100,0,1,0
        568,2026-09-02,12:57:52.643,         92,          8,   1.233800E+2,   1.009680E+3,   0.000000E+0,   0.000000E+0,   0.000000E+0,   0.000000E+0,   0.000000E+0,   1.000000E+2,   1.005119E+3,   4.113828E-1,   1.905762E+0,   1.552283E+3,   3.027220E-2,   1.697998E-1,   2.439824E+1,   3.099459E-3,   1.498104E+3,   9.811199E-2,   6.866574E+0,   8.010111E-5,   100,0,1,0
        569,2026-09-02,12:59:52.646,         93,          8,   1.233800E+2,   1.009680E+3,   0.000000E+0,   0.000000E+0,   0.000000E+0,   0.000000E+0,   0.000000E+0,   1.000000E+2,   1.004925E+3,   5.642039E-1,   2.142944E+0,   1.552212E+3,   5.440131E-2,   2.263184E-1,   2.440799E+1,   2.090377E-3,   1.498056E+3,   1.351101E-1,   6.866764E+0,   1.440445E-4,   100,0,1,0
        570,2026-09-02,13:01:52.647,         94,          8,   1.233800E+2,   1.009680E+3,   0.000000E+0,   0.000000E+0,   0.000000E+0,   0.000000E+0,   0.000000E+0,   1.000000E+2,   1.005049E+3,   4.011723E-1,   1.953918E+0,   1.552160E+3,   4.665368E-2,   2.106934E-1,   2.441633E+1,   2.095034E-3,   1.498088E+3,   9.609516E-2,   6.866903E+0,   1.236090E-4,   100,0,1,0
        571,2026-09-02,13:03:52.649,         95,          8,   1.233800E+2,   1.009680E+3,   0.000000E+0,   0.000000E+0,   0.000000E+0,   0.000000E+0,   0.000000E+0,   1.000000E+2,   1.004950E+3,   5.332726E-1,   2.097168E+0,   1.552149E+3,   3.938759E-2,   2.041016E-1,   2.442672E+1,   2.597852E-3,   1.498068E+3,   1.278284E-1,   6.866935E+0,   1.038443E-4,   100,0,1,0
        572,2026-09-02,13:05:52.651,         96,          8,   1.233800E+2,   1.009680E+3,   0.000000E+0,   0.000000E+0,   0.000000E+0,   0.000000E+0,   0.000000E+0,   1.000000E+2,   1.006127E+3,   2.516593E-1,   7.905884E-1,   1.552121E+3,   4.549233E-2,   2.330322E-1,   2.444650E+1,   9.471476E-3,   1.498357E+3,   6.261573E-2,   6.867014E+0,   1.202440E-4,   100,0,1,0
        573,2026-09-02,13:07:52.654,         97,          8,   1.233800E+2,   1.009680E+3,   0.000000E+0,   0.000000E+0,   0.000000E+0,   0.000000E+0,   0.000000E+0,   1.000000E+2,   1.006400E+3,   5.528582E-2,   2.905884E-1,   1.552117E+3,   3.601589E-2,   1.588135E-1,   2.447332E+1,   4.674073E-3,   1.498427E+3,   1.419574E-2,   6.867032E+0,   9.607721E-5,   100,0,1,0
        574,2026-09-02,13:09:52.656,         98,          8,   1.233800E+2,   1.009680E+3,   0.000000E+0,   0.000000E+0,   0.000000E+0,   0.000000E+0,   0.000000E+0,   1.000000E+2,   1.006355E+3,   1.815430E-1,   7.515869E-1,   1.552019E+3,   1.314861E-2,   6.787109E-2,   2.449065E+1,   3.797254E-3,   1.498421E+3,   4.430195E-2,   6.867295E+0,   3.504809E-5,   100,0,1,0
        575,2026-09-02,13:11:52.658,         99,          8,   1.233800E+2,   1.009680E+3,   0.000000E+0,   0.000000E+0,   0.000000E+0,   0.000000E+0,   0.000000E+0,   1.000000E+2,   1.006464E+3,   4.871958E-3,   1.831055E-2,   1.551993E+3,   1.206600E-2,   6.127930E-2,   2.450693E+1,   4.495813E-3,   1.498450E+3,   2.066182E-3,   6.867369E+0,   3.236022E-5,   100,0,1,0
        576,2026-09-02,13:13:52.660,        100,          8,   1.233800E+2,   1.009680E+3,   0.000000E+0,   0.000000E+0,   0.000000E+0,   0.000000E+0,   0.000000E+0,   1.000000E+2,   1.006472E+3,   2.760916E-3,   1.348877E-2,   1.551972E+3,   1.241687E-2,   6.481934E-2,   2.452526E+1,   4.260608E-3,   1.498456E+3,   1.395515E-3,   6.867429E+0,   3.339629E-5,   100,0,1,0
        577,2026-09-02,13:15:52.662,        101,          8,   1.233800E+2,   1.009680E+3,   0.000000E+0,   0.000000E+0,   0.000000E+0,   0.000000E+0,   0.000000E+0,   1.000000E+2,   1.006470E+3,   9.979515E-3,   4.034424E-2,   1.551957E+3,   8.844348E-3,   4.187012E-2,   2.454244E+1,   4.657009E-3,   1.498459E+3,   2.664901E-3,   6.867475E+0,   2.363699E-5,   100,0,1,0
        578,2026-09-02,13:27:16.667,        102,          8,   1.233800E+2,   1.109740E+3,   0.000000E+0,   0.000000E+0,   0.000000E+0,   0.000000E+0,   0.000000E+0,   1.000000E+2,   1.005146E+3,   2.877692E-1,   9.859619E-1,   1.548166E+3,   8.751981E-2,   3.084717E-1,   2.455220E+1,   1.974131E-2,   1.498135E+3,   6.860606E-2,   6.877511E+0,   2.373453E-4,   100,0,1,0
        579,2026-09-02,13:29:16.669,        103,          8,   1.233800E+2,   1.109740E+3,   0.000000E+0,   0.000000E+0,   0.000000E+0,   0.000000E+0,   0.000000E+0,   1.000000E+2,   1.004167E+3,   3.642198E-1,   1.459229E+0,   1.548040E+3,   5.313192E-2,   2.687988E-1,   2.454662E+1,   4.616809E-3,   1.497904E+3,   8.674388E-2,   6.877841E+0,   1.403242E-4,   100,0,1,0
        580,2026-09-02,13:31:16.671,        104,          8,   1.233800E+2,   1.109740E+3,   0.000000E+0,   0.000000E+0,   0.000000E+0,   0.000000E+0,   0.000000E+0,   1.000000E+2,   1.004492E+3,   2.717157E-1,   1.017212E+0,   1.547989E+3,   3.120575E-2,   1.411133E-1,   2.456709E+1,   5.187528E-3,   1.497987E+3,   6.628632E-2,   6.877985E+0,   8.341367E-5,   100,0,1,0
        581,2026-09-02,13:33:16.673,        105,          8,   1.233800E+2,   1.109740E+3,   0.000000E+0,   0.000000E+0,   0.000000E+0,   0.000000E+0,   0.000000E+0,   1.000000E+2,   1.004609E+3,   2.681491E-1,   1.246033E+0,   1.547951E+3,   2.614185E-2,   1.398926E-1,   2.458786E+1,   5.012610E-3,   1.498020E+3,   6.508889E-2,   6.878093E+0,   7.285774E-5,   100,0,1,0
        582,2026-09-02,13:35:16.675,        106,          8,   1.233800E+2,   1.109740E+3,   0.000000E+0,   0.000000E+0,   0.000000E+0,   0.000000E+0,   0.000000E+0,   1.000000E+2,   1.004916E+3,   3.727926E-1,   1.473389E+0,   1.547934E+3,   2.660804E-2,   1.518555E-1,   2.460898E+1,   5.519559E-3,   1.498098E+3,   9.088129E-2,   6.878141E+0,   7.067564E-5,   100,0,1,0
        583,2026-09-02,13:37:16.677,        107,          8,   1.233800E+2,   1.109740E+3,   0.000000E+0,   0.000000E+0,   0.000000E+0,   0.000000E+0,   0.000000E+0,   1.000000E+2,   1.005036E+3,   1.530596E-1,   8.256836E-1,   1.547905E+3,   2.414319E-2,   1.186523E-1,   2.462472E+1,   5.500174E-3,   1.498130E+3,   3.802748E-2,   6.878224E+0,   6.479264E-5,   100,0,1,0
        584,2026-09-02,13:39:16.679,        108,          8,   1.233800E+2,   1.109740E+3,   0.000000E+0,   0.000000E+0,   0.000000E+0,   0.000000E+0,   0.000000E+0,   1.000000E+2,   1.005036E+3,   2.950401E-1,   1.200134E+0,   1.547868E+3,   2.485607E-2,   1.196289E-1,   2.464369E+1,   4.818550E-3,   1.498135E+3,   7.148570E-2,   6.878326E+0,   6.661594E-5,   100,0,1,0
        585,2026-09-02,13:41:16.681,        109,          8,   1.233800E+2,   1.109740E+3,   0.000000E+0,   0.000000E+0,   0.000000E+0,   0.000000E+0,   0.000000E+0,   1.000000E+2,   1.005150E+3,   2.461004E-1,   8.980713E-1,   1.547837E+3,   2.305045E-2,   1.416016E-1,   2.466141E+1,   4.352181E-3,   1.498165E+3,   5.901078E-2,   6.878412E+0,   6.114335E-5,   100,0,1,0
        586,2026-09-02,13:43:16.683,        110,          8,   1.233800E+2,   1.109740E+3,   0.000000E+0,   0.000000E+0,   0.000000E+0,   0.000000E+0,   0.000000E+0,   1.000000E+2,   1.005116E+3,   3.353101E-1,   1.456299E+0,   1.547815E+3,   2.140804E-2,   1.019287E-1,   2.467893E+1,   4.287249E-3,   1.498162E+3,   8.063935E-2,   6.878475E+0,   5.719054E-5,   100,0,1,0
        587,2026-09-02,13:45:16.685,        111,          8,   1.233800E+2,   1.109740E+3,   0.000000E+0,   0.000000E+0,   0.000000E+0,   0.000000E+0,   0.000000E+0,   1.000000E+2,   1.005282E+3,   3.565538E-1,   1.603760E+0,   1.547801E+3,   2.142341E-2,   9.667969E-2,   2.469557E+1,   4.195658E-3,   1.498203E+3,   8.743388E-2,   6.878519E+0,   5.731348E-5,   100,0,1,0
        588,2026-09-02,13:47:16.687,        112,          8,   1.233800E+2,   1.109740E+3,   0.000000E+0,   0.000000E+0,   0.000000E+0,   0.000000E+0,   0.000000E+0,   1.000000E+2,   1.005426E+3,   1.651480E-1,   7.630005E-1,   1.547786E+3,   2.178981E-2,   1.151123E-1,   2.471286E+1,   4.058885E-3,   1.498242E+3,   3.990147E-2,   6.878562E+0,   5.763134E-5,   100,0,1,0
        589,2026-09-02,13:49:16.689,        113,          8,   1.233800E+2,   1.109740E+3,   0.000000E+0,   0.000000E+0,   0.000000E+0,   0.000000E+0,   0.000000E+0,   1.000000E+2,   1.005387E+3,   2.592681E-1,   1.007568E+0,   1.547784E+3,   2.229855E-2,   1.151123E-1,   2.473259E+1,   6.563289E-3,   1.498239E+3,   6.132903E-2,   6.878573E+0,   5.893699E-5,   100,0,1,0
        590,2026-09-02,13:51:16.691,        114,          8,   1.233800E+2,   1.109740E+3,   0.000000E+0,   0.000000E+0,   0.000000E+0,   0.000000E+0,   0.000000E+0,   1.000000E+2,   1.005256E+3,   8.903274E-1,   5.833374E+0,   1.547916E+3,   9.770543E-2,   3.170166E-1,   2.475460E+1,   6.609968E-3,   1.498214E+3,   2.098233E-1,   6.878228E+0,   2.590719E-4,   100,0,1,0
        591,2026-09-02,13:53:16.693,        115,          8,   1.233800E+2,   1.109740E+3,   0.000000E+0,   0.000000E+0,   0.000000E+0,   0.000000E+0,   0.000000E+0,   1.000000E+2,   1.005564E+3,   3.104456E-1,   1.847961E+0,   1.547925E+3,   5.172931E-2,   3.123779E-1,   2.481051E+1,   1.769184E-2,   1.498298E+3,   7.696765E-2,   6.878221E+0,   1.387794E-4,   100,0,1,0
        592,2026-09-02,13:55:16.695,        116,          8,   1.233800E+2,   1.109740E+3,   0.000000E+0,   0.000000E+0,   0.000000E+0,   0.000000E+0,   0.000000E+0,   1.000000E+2,   1.005622E+3,   1.270994E-2,   3.955078E-2,   1.547926E+3,   2.091851E-2,   9.790039E-2,   2.484677E+1,   5.522708E-3,   1.498317E+3,   3.775274E-3,   6.878229E+0,   5.623895E-5,   100,0,1,0
        593,2026-09-02,13:57:16.697,        117,          8,   1.233800E+2,   1.109740E+3,   0.000000E+0,   0.000000E+0,   0.000000E+0,   0.000000E+0,   0.000000E+0,   1.000000E+2,   1.005665E+3,   6.264770E-3,   2.484131E-2,   1.547896E+3,   1.330717E-2,   6.262207E-2,   2.486566E+1,   4.529779E-3,   1.498331E+3,   2.281435E-3,   6.878314E+0,   3.567071E-5,   100,0,1,0
        594,2026-09-02,14:10:24.164,        118,          8,   1.233800E+2,   1.209740E+3,   0.000000E+0,   0.000000E+0,   0.000000E+0,   0.000000E+0,   0.000000E+0,   1.000000E+2,   1.005033E+3,   3.466439E-3,   1.342773E-2,   1.544033E+3,   1.009284E-2,   4.760742E-2,   2.487333E+1,   4.868120E-3,   1.498179E+3,   1.762189E-3,   6.888594E+0,   2.698119E-5,   100,0,1,0
        595,2026-09-02,14:12:24.166,        119,          8,   1.233800E+2,   1.209740E+3,   0.000000E+0,   0.000000E+0,   0.000000E+0,   0.000000E+0,   0.000000E+0,   1.000000E+2,   1.005039E+3,   1.369763E-3,   5.249023E-3,   1.544038E+3,   1.115357E-2,   5.590820E-2,   2.489362E+1,   5.188572E-3,   1.498185E+3,   1.343732E-3,   6.888585E+0,   2.941922E-5,   100,1,1,1
        596,2026-09-02,14:14:24.168,        120,          8,   1.233800E+2,   1.209740E+3,   0.000000E+0,   0.000000E+0,   0.000000E+0,   0.000000E+0,   0.000000E+0,   1.000000E+2,   1.005041E+3,   6.117421E-4,   2.807617E-3,   1.544050E+3,   1.046384E-2,   4.760742E-2,   2.491519E+1,   5.590967E-3,   1.498190E+3,   1.286018E-3,   6.888559E+0,   2.728155E-5,   100,1,1,1
        597,2026-09-02,14:24:49.608,        121,          8,   1.233800E+2,   1.310380E+3,   0.000000E+0,   0.000000E+0,   0.000000E+0,   0.000000E+0,   0.000000E+0,   1.000000E+2,   1.004378E+3,   2.165327E-2,   6.542969E-2,   1.540671E+3,   1.357900E-2,   7.116699E-2,   2.488628E+1,   3.908607E-3,   1.498024E+3,   6.894260E-3,   6.897583E+0,   3.645129E-5,   100,0,1,0
        598,2026-09-02,14:26:49.610,        122,          8,   1.233800E+2,   1.310380E+3,   0.000000E+0,   0.000000E+0,   0.000000E+0,   0.000000E+0,   0.000000E+0,   1.000000E+2,   1.004432E+3,   5.693426E-3,   2.307129E-2,   1.540677E+3,   1.557648E-2,   8.349609E-2,   2.490776E+1,   7.452325E-3,   1.498043E+3,   3.111305E-3,   6.897573E+0,   4.028414E-5,   100,0,1,0
        599,2026-09-02,14:28:49.612,        123,          8,   1.233800E+2,   1.310380E+3,   0.000000E+0,   0.000000E+0,   0.000000E+0,   0.000000E+0,   0.000000E+0,   1.000000E+2,   1.004441E+3,   1.812247E-3,   8.850098E-3,   1.540711E+3,   1.305292E-2,   6.945801E-2,   2.493541E+1,   6.546308E-3,   1.498051E+3,   1.602112E-3,   6.897491E+0,   3.404782E-5,   100,1,1,1
        600,2026-09-02,14:30:49.614,        124,          8,   1.233800E+2,   1.310380E+3,   0.000000E+0,   0.000000E+0,   0.000000E+0,   0.000000E+0,   0.000000E+0,   1.000000E+2,   1.004445E+3,   2.101957E-3,   9.338379E-3,   1.540739E+3,   1.059803E-2,   5.139160E-2,   2.496114E+1,   5.722944E-3,   1.498058E+3,   1.540423E-3,   6.897422E+0,   2.799258E-5,   100,1,1,1
        601,2026-09-02,14:32:49.616,        125,          8,   1.233800E+2,   1.310380E+3,   0.000000E+0,   0.000000E+0,   0.000000E+0,   0.000000E+0,   0.000000E+0,   1.000000E+2,   1.004450E+3,   1.076649E-3,   5.004883E-3,   1.540760E+3,   1.171823E-2,   5.981445E-2,   2.498261E+1,   5.199723E-3,   1.498063E+3,   1.263010E-3,   6.897372E+0,   3.061948E-5,   100,1,1,1
        602,2026-09-02,14:34:49.618,        126,          8,   1.233800E+2,   1.310380E+3,   0.000000E+0,   0.000000E+0,   0.000000E+0,   0.000000E+0,   0.000000E+0,   1.000000E+2,   1.004448E+3,   2.720908E-3,   1.031494E-2,   1.540842E+3,   3.368323E-2,   1.414795E-1,   2.502151E+1,   1.597285E-2,   1.498073E+3,   3.314596E-3,   6.897162E+0,   8.608468E-5,   100,0,1,0
        603,2026-09-07,07:56:53.041,          1,        100,   0.000000E+0,   1.000000E+2,   0.000000E+0,   0.000000E+0,   0.000000E+0,   0.000000E+0,   0.000000E+0,   1.000000E+2,   9.977303E+2,   1.822622E-3,   7.141113E-3,   1.488133E+3,   3.201717E-3,   1.367188E-2,   2.193058E+1,   3.705348E-3,   1.495816E+3,   3.777512E-4,   7.042493E+0,   8.674068E-6,   100,1,1,1
        604,2026-09-07,07:58:53.043,          2,        100,   0.000000E+0,   1.000000E+2,   0.000000E+0,   0.000000E+0,   0.000000E+0,   0.000000E+0,   0.000000E+0,   1.000000E+2,   9.977258E+2,   9.043620E-4,   3.601074E-3,   1.488141E+3,   2.785950E-3,   1.257324E-2,   2.193712E+1,   1.062415E-3,   1.495817E+3,   1.331065E-4,   7.042473E+0,   7.854994E-6,   100,1,1,1
        605,2026-09-07,08:00:53.045,          3,        100,   0.000000E+0,   1.000000E+2,   0.000000E+0,   0.000000E+0,   0.000000E+0,   0.000000E+0,   0.000000E+0,   1.000000E+2,   9.977229E+2,   8.725882E-4,   3.906250E-3,   1.488152E+3,   5.385458E-3,   2.490234E-2,   2.194193E+1,   1.668419E-3,   1.495817E+3,   2.504072E-4,   7.042442E+0,   1.506797E-5,   100,1,1,1
        606,2026-09-07,08:02:53.047,          4,        100,   0.000000E+0,   1.000000E+2,   0.000000E+0,   0.000000E+0,   0.000000E+0,   0.000000E+0,   0.000000E+0,   1.000000E+2,   9.977199E+2,   9.753295E-4,   3.723145E-3,   1.488176E+3,   7.009419E-3,   2.807617E-2,   2.195033E+1,   2.391439E-3,   1.495819E+3,   3.630821E-4,   7.042377E+0,   1.949145E-5,   100,1,1,1
        607,2026-09-07,08:04:53.049,          5,        100,   0.000000E+0,   1.000000E+2,   0.000000E+0,   0.000000E+0,   0.000000E+0,   0.000000E+0,   0.000000E+0,   1.000000E+2,   9.977170E+2,   8.974569E-4,   3.784180E-3,   1.488198E+3,   7.071797E-3,   2.600098E-2,   2.195864E+1,   2.141031E-3,   1.495820E+3,   3.248265E-4,   7.042316E+0,   1.976181E-5,   100,1,1,1
        608,2026-09-07,08:06:53.051,          6,        100,   0.000000E+0,   1.000000E+2,   0.000000E+0,   0.000000E+0,   0.000000E+0,   0.000000E+0,   0.000000E+0,   1.000000E+2,   9.977142E+2,   9.945267E-4,   4.028320E-3,   1.488222E+3,   9.181096E-3,   3.173828E-2,   2.196715E+1,   2.895252E-3,   1.495821E+3,   4.538543E-4,   7.042248E+0,   2.577589E-5,   100,1,1,1
        609,2026-09-07,08:08:53.053,          7,        100,   0.000000E+0,   1.000000E+2,   0.000000E+0,   0.000000E+0,   0.000000E+0,   0.000000E+0,   0.000000E+0,   1.000000E+2,   9.977112E+2,   8.294058E-4,   3.417969E-3,   1.488247E+3,   5.910682E-3,   2.941895E-2,   2.197596E+1,   1.755857E-3,   1.495823E+3,   2.693801E-4,   7.042178E+0,   1.654648E-5,   100,1,1,1
        610,2026-09-07,08:10:53.055,          8,        100,   0.000000E+0,   1.000000E+2,   0.000000E+0,   0.000000E+0,   0.000000E+0,   0.000000E+0,   0.000000E+0,   1.000000E+2,   9.977086E+2,   9.390473E-4,   4.028320E-3,   1.488271E+3,   7.125125E-3,   2.770996E-2,   2.198431E+1,   2.419571E-3,   1.495824E+3,   3.583145E-4,   7.042112E+0,   1.984484E-5,   100,1,1,1
        611,2026-09-07,08:12:53.057,          9,        100,   0.000000E+0,   1.000000E+2,   0.000000E+0,   0.000000E+0,   0.000000E+0,   0.000000E+0,   0.000000E+0,   1.000000E+2,   9.977060E+2,   7.458004E-4,   3.479004E-3,   1.488293E+3,   5.958302E-3,   2.856445E-2,   2.199183E+1,   1.839271E-3,   1.495825E+3,   2.997013E-4,   7.042051E+0,   1.659752E-5,   100,1,1,1
        612,2026-09-07,08:14:53.059,         10,        100,   0.000000E+0,   1.000000E+2,   0.000000E+0,   0.000000E+0,   0.000000E+0,   0.000000E+0,   0.000000E+0,   1.000000E+2,   9.977033E+2,   9.072697E-4,   3.601074E-3,   1.488316E+3,   7.111140E-3,   3.234863E-2,   2.199953E+1,   2.103928E-3,   1.495826E+3,   3.449944E-4,   7.041988E+0,   1.987479E-5,   100,1,1,1
        613,2026-09-07,08:16:53.061,         11,        100,   0.000000E+0,   1.000000E+2,   0.000000E+0,   0.000000E+0,   0.000000E+0,   0.000000E+0,   0.000000E+0,   1.000000E+2,   9.977007E+2,   7.302609E-4,   3.234863E-3,   1.488341E+3,   6.489801E-3,   2.783203E-2,   2.200807E+1,   2.306462E-3,   1.495827E+3,   3.392753E-4,   7.041919E+0,   1.806107E-5,   100,1,1,1
        614,2026-09-07,08:18:53.063,         12,        100,   0.000000E+0,   1.000000E+2,   0.000000E+0,   0.000000E+0,   0.000000E+0,   0.000000E+0,   0.000000E+0,   1.000000E+2,   9.976984E+2,   7.718579E-4,   3.173828E-3,   1.488362E+3,   6.737235E-3,   2.380371E-2,   2.201526E+1,   2.162738E-3,   1.495829E+3,   3.230982E-4,   7.041859E+0,   1.879228E-5,   100,1,1,1
        615,2026-09-07,08:20:53.065,         13,        100,   0.000000E+0,   1.000000E+2,   0.000000E+0,   0.000000E+0,   0.000000E+0,   0.000000E+0,   0.000000E+0,   1.000000E+2,   9.976957E+2,   8.067084E-4,   3.540039E-3,   1.488393E+3,   6.767360E-3,   3.088379E-2,   2.202511E+1,   2.173717E-3,   1.495830E+3,   3.455698E-4,   7.041775E+0,   1.891330E-5,   100,1,1,1
        616,2026-09-07,08:22:53.067,         14,        100,   0.000000E+0,   1.000000E+2,   0.000000E+0,   0.000000E+0,   0.000000E+0,   0.000000E+0,   0.000000E+0,   1.000000E+2,   9.976931E+2,   8.095871E-4,   3.112793E-3,   1.488418E+3,   7.598932E-3,   3.356934E-2,   2.203407E+1,   2.482083E-3,   1.495831E+3,   3.738883E-4,   7.041703E+0,   2.119154E-5,   100,1,1,1
        617,2026-09-07,08:24:53.069,         15,        100,   0.000000E+0,   1.000000E+2,   0.000000E+0,   0.000000E+0,   0.000000E+0,   0.000000E+0,   0.000000E+0,   1.000000E+2,   9.976902E+2,   7.864488E-4,   3.479004E-3,   1.488445E+3,   7.846887E-3,   3.247070E-2,   2.204293E+1,   2.625822E-3,   1.495833E+3,   3.923225E-4,   7.041628E+0,   2.188601E-5,   100,1,1,1
        618,2026-09-07,08:26:53.071,         16,        100,   0.000000E+0,   1.000000E+2,   0.000000E+0,   0.000000E+0,   0.000000E+0,   0.000000E+0,   0.000000E+0,   1.000000E+2,   9.976875E+2,   8.435191E-4,   3.479004E-3,   1.488475E+3,   7.780241E-3,   3.063965E-2,   2.205309E+1,   2.845549E-3,   1.495834E+3,   4.029516E-4,   7.041545E+0,   2.158114E-5,   100,1,1,1
        619,2026-09-07,08:28:53.073,         17,        100,   0.000000E+0,   1.000000E+2,   0.000000E+0,   0.000000E+0,   0.000000E+0,   0.000000E+0,   0.000000E+0,   1.000000E+2,   9.976849E+2,   7.958711E-4,   3.479004E-3,   1.488503E+3,   7.800524E-3,   3.320313E-2,   2.206242E+1,   2.344253E-3,   1.495836E+3,   3.720642E-4,   7.041470E+0,   2.178800E-5,   100,1,1,1
        620,2026-09-07,08:30:53.075,         18,        100,   0.000000E+0,   1.000000E+2,   0.000000E+0,   0.000000E+0,   0.000000E+0,   0.000000E+0,   0.000000E+0,   1.000000E+2,   9.976819E+2,   8.515198E-4,   3.417969E-3,   1.488536E+3,   9.121099E-3,   3.271484E-2,   2.207302E+1,   2.939350E-3,   1.495838E+3,   4.545833E-4,   7.041377E+0,   2.545202E-5,   100,1,1,1
        621,2026-09-07,08:32:53.077,         19,        100,   0.000000E+0,   1.000000E+2,   0.000000E+0,   0.000000E+0,   0.000000E+0,   0.000000E+0,   0.000000E+0,   1.000000E+2,   9.976790E+2,   8.789576E-4,   3.845215E-3,   1.488568E+3,   7.962726E-3,   3.222656E-2,   2.208425E+1,   2.734370E-3,   1.495839E+3,   4.191099E-4,   7.041286E+0,   2.213420E-5,   100,1,1,1
        622,2026-09-07,08:34:53.079,         20,        100,   0.000000E+0,   1.000000E+2,   0.000000E+0,   0.000000E+0,   0.000000E+0,   0.000000E+0,   0.000000E+0,   1.000000E+2,   9.976764E+2,   9.532702E-4,   3.845215E-3,   1.488596E+3,   8.512222E-3,   3.063965E-2,   2.209397E+1,   2.908049E-3,   1.495841E+3,   4.349708E-4,   7.041209E+0,   2.369911E-5,   100,1,1,1
        623,2026-09-07,08:36:53.081,         21,        100,   0.000000E+0,   1.000000E+2,   0.000000E+0,   0.000000E+0,   0.000000E+0,   0.000000E+0,   0.000000E+0,   1.000000E+2,   9.976733E+2,   8.169428E-4,   3.295898E-3,   1.488628E+3,   8.057280E-3,   3.186035E-2,   2.210462E+1,   2.649870E-3,   1.495842E+3,   4.198257E-4,   7.041122E+0,   2.237209E-5,   100,1,1,1
        624,2026-09-07,08:38:53.084,         22,        100,   0.000000E+0,   1.000000E+2,   0.000000E+0,   0.000000E+0,   0.000000E+0,   0.000000E+0,   0.000000E+0,   1.000000E+2,   9.976704E+2,   7.605723E-4,   3.234863E-3,   1.488658E+3,   8.271416E-3,   3.515625E-2,   2.211468E+1,   2.738850E-3,   1.495844E+3,   4.173031E-4,   7.041039E+0,   2.303322E-5,   100,1,1,1
        625,2026-09-07,08:40:53.085,         23,        100,   0.000000E+0,   1.000000E+2,   0.000000E+0,   0.000000E+0,   0.000000E+0,   0.000000E+0,   0.000000E+0,   1.000000E+2,   9.976678E+2,   1.004697E-3,   3.845215E-3,   1.488687E+3,   8.780210E-3,   3.234863E-2,   2.212461E+1,   2.780338E-3,   1.495845E+3,   4.224081E-4,   7.040957E+0,   2.447196E-5,   100,1,1,1
        626,2026-09-07,08:42:53.088,         24,        100,   0.000000E+0,   1.000000E+2,   0.000000E+0,   0.000000E+0,   0.000000E+0,   0.000000E+0,   0.000000E+0,   1.000000E+2,   9.976649E+2,   7.780247E-4,   3.051758E-3,   1.488718E+3,   7.506785E-3,   2.770996E-2,   2.213537E+1,   2.353383E-3,   1.495847E+3,   3.735339E-4,   7.040872E+0,   2.095966E-5,   100,1,1,1
        627,2026-09-07,08:44:53.090,         25,        100,   0.000000E+0,   1.000000E+2,   0.000000E+0,   0.000000E+0,   0.000000E+0,   0.000000E+0,   0.000000E+0,   1.000000E+2,   9.976622E+2,   8.018332E-4,   3.356934E-3,   1.488746E+3,   9.081419E-3,   3.735352E-2,   2.214488E+1,   2.879370E-3,   1.495849E+3,   4.325348E-4,   7.040793E+0,   2.530496E-5,   100,1,1,1
        628,2026-09-07,08:46:53.092,         26,        100,   0.000000E+0,   1.000000E+2,   0.000000E+0,   0.000000E+0,   0.000000E+0,   0.000000E+0,   0.000000E+0,   1.000000E+2,   9.976592E+2,   8.281654E-4,   3.784180E-3,   1.488782E+3,   8.106570E-3,   3.332520E-2,   2.215696E+1,   2.786635E-3,   1.495850E+3,   4.301060E-4,   7.040693E+0,   2.253699E-5,   100,1,1,1
        629,2026-09-07,09:08:25.839,         27,          9,   9.096000E+1,   9.096300E+2,   0.000000E+0,   0.000000E+0,   0.000000E+0,   0.000000E+0,   0.000000E+0,   1.000000E+2,   1.005543E+3,   6.053919E-4,   2.563477E-3,   1.540252E+3,   7.210524E-3,   3.344727E-2,   2.239990E+1,   6.397493E-3,   1.497794E+3,   1.257914E-3,   6.898029E+0,   1.815230E-5,   100,1,1,1
        630,2026-09-07,09:10:25.841,         28,          9,   9.096000E+1,   9.096300E+2,   0.000000E+0,   0.000000E+0,   0.000000E+0,   0.000000E+0,   0.000000E+0,   1.000000E+2,   1.005542E+3,   9.716341E-4,   4.150391E-3,   1.540276E+3,   8.652131E-3,   4.467773E-2,   2.242177E+1,   5.218286E-3,   1.497798E+3,   9.719462E-4,   6.897971E+0,   2.212768E-5,   100,1,1,1
        631,2026-09-07,09:12:25.843,         29,          9,   9.096000E+1,   9.096300E+2,   0.000000E+0,   0.000000E+0,   0.000000E+0,   0.000000E+0,   0.000000E+0,   1.000000E+2,   1.005540E+3,   5.939396E-4,   2.807617E-3,   1.540292E+3,   6.238205E-3,   3.063965E-2,   2.244124E+1,   3.730904E-3,   1.497802E+3,   7.123146E-4,   6.897932E+0,   1.631107E-5,   100,1,1,1
        632,2026-09-07,09:14:25.845,         30,          9,   9.096000E+1,   9.096300E+2,   0.000000E+0,   0.000000E+0,   0.000000E+0,   0.000000E+0,   0.000000E+0,   1.000000E+2,   1.005540E+3,   4.779922E-4,   2.075195E-3,   1.540302E+3,   6.389807E-3,   3.466797E-2,   2.245623E+1,   3.641170E-3,   1.497805E+3,   7.818153E-4,   6.897912E+0,   1.665530E-5,   100,1,1,1
        633,2026-09-07,09:16:25.847,         31,          9,   9.096000E+1,   9.096300E+2,   0.000000E+0,   0.000000E+0,   0.000000E+0,   0.000000E+0,   0.000000E+0,   1.000000E+2,   1.005540E+3,   4.587281E-4,   2.014160E-3,   1.540310E+3,   6.152560E-3,   2.770996E-2,   2.246985E+1,   3.738742E-3,   1.497807E+3,   8.211110E-4,   6.897893E+0,   1.603653E-5,   100,1,1,1
        634,2026-09-07,09:18:25.849,         32,          9,   9.096000E+1,   9.096300E+2,   0.000000E+0,   0.000000E+0,   0.000000E+0,   0.000000E+0,   0.000000E+0,   1.000000E+2,   1.005540E+3,   4.918654E-4,   2.319336E-3,   1.540323E+3,   6.105707E-3,   3.259277E-2,   2.248460E+1,   3.700477E-3,   1.497811E+3,   7.951776E-4,   6.897863E+0,   1.592138E-5,   100,1,1,1
        635,2026-09-07,09:20:25.851,         33,          9,   9.096000E+1,   9.096300E+2,   0.000000E+0,   0.000000E+0,   0.000000E+0,   0.000000E+0,   0.000000E+0,   1.000000E+2,   1.005540E+3,   4.766836E-4,   2.258301E-3,   1.540331E+3,   5.403562E-3,   2.600098E-2,   2.249834E+1,   3.280320E-3,   1.497813E+3,   6.347407E-4,   6.897844E+0,   1.429060E-5,   100,1,1,1
        636,2026-09-07,09:22:25.853,         34,          9,   9.096000E+1,   9.096300E+2,   0.000000E+0,   0.000000E+0,   0.000000E+0,   0.000000E+0,   0.000000E+0,   1.000000E+2,   1.005540E+3,   5.686777E-4,   2.563477E-3,   1.540339E+3,   5.824553E-3,   3.393555E-2,   2.251012E+1,   3.419458E-3,   1.497816E+3,   7.348674E-4,   6.897827E+0,   1.525553E-5,   100,1,1,1
        637,2026-09-07,09:24:25.855,         35,          9,   9.096000E+1,   9.096300E+2,   0.000000E+0,   0.000000E+0,   0.000000E+0,   0.000000E+0,   0.000000E+0,   1.000000E+2,   1.005540E+3,   5.525211E-4,   2.746582E-3,   1.540348E+3,   5.709718E-3,   3.283691E-2,   2.252280E+1,   3.206155E-3,   1.497818E+3,   6.579363E-4,   6.897806E+0,   1.500212E-5,   100,1,1,1
        638,2026-09-07,09:26:25.857,         36,          9,   9.096000E+1,   9.096300E+2,   0.000000E+0,   0.000000E+0,   0.000000E+0,   0.000000E+0,   0.000000E+0,   1.000000E+2,   1.005540E+3,   4.359952E-4,   1.831055E-3,   1.540356E+3,   5.139723E-3,   2.502441E-2,   2.253539E+1,   3.130744E-3,   1.497821E+3,   6.396258E-4,   6.897788E+0,   1.358393E-5,   100,1,1,1
        639,2026-09-07,09:28:25.859,         37,          9,   9.096000E+1,   9.096300E+2,   0.000000E+0,   0.000000E+0,   0.000000E+0,   0.000000E+0,   0.000000E+0,   1.000000E+2,   1.005540E+3,   5.531447E-4,   2.746582E-3,   1.540367E+3,   6.064904E-3,   2.990723E-2,   2.254853E+1,   3.312102E-3,   1.497824E+3,   6.434840E-4,   6.897762E+0,   1.583861E-5,   100,1,1,1
        640,2026-09-07,09:30:25.861,         38,          9,   9.096000E+1,   9.096300E+2,   0.000000E+0,   0.000000E+0,   0.000000E+0,   0.000000E+0,   0.000000E+0,   1.000000E+2,   1.005539E+3,   5.358679E-4,   2.502441E-3,   1.540375E+3,   4.738953E-3,   2.758789E-2,   2.256065E+1,   2.890444E-3,   1.497826E+3,   5.884534E-4,   6.897743E+0,   1.264562E-5,   100,1,1,1
        641,2026-09-07,09:32:25.863,         39,          9,   9.096000E+1,   9.096300E+2,   0.000000E+0,   0.000000E+0,   0.000000E+0,   0.000000E+0,   0.000000E+0,   1.000000E+2,   1.005539E+3,   5.782093E-4,   2.929688E-3,   1.540382E+3,   5.838647E-3,   3.063965E-2,   2.257117E+1,   3.342358E-3,   1.497828E+3,   6.589410E-4,   6.897728E+0,   1.526594E-5,   100,1,1,1
        642,2026-09-07,09:34:25.865,         40,          9,   9.096000E+1,   9.096300E+2,   0.000000E+0,   0.000000E+0,   0.000000E+0,   0.000000E+0,   0.000000E+0,   1.000000E+2,   1.005539E+3,   5.457579E-4,   2.624512E-3,   1.540400E+3,   6.204683E-3,   2.795410E-2,   2.258609E+1,   4.455169E-3,   1.497832E+3,   9.502084E-4,   6.897684E+0,   1.580616E-5,   100,1,1,1
        643,2026-09-07,09:53:08.224,         41,          9,   9.096000E+1,   9.096300E+2,   0.000000E+0,   1.501000E+1,   0.000000E+0,   0.000000E+0,   0.000000E+0,   1.000000E+2,   1.006602E+3,   1.378535E-3,   5.371094E-3,   1.549199E+3,   8.559042E-3,   4.272461E-2,   2.283602E+1,   2.030174E-3,   1.498140E+3,   6.947616E-4,   6.874305E+0,   2.279295E-5,   100,1,1,1
        644,2026-09-07,09:55:08.226,         42,          9,   9.096000E+1,   9.096300E+2,   0.000000E+0,   1.501000E+1,   0.000000E+0,   0.000000E+0,   0.000000E+0,   1.000000E+2,   1.006607E+3,   1.096530E-3,   5.187988E-3,   1.549182E+3,   7.800825E-3,   3.674316E-2,   2.284152E+1,   1.363201E-3,   1.498142E+3,   5.109308E-4,   6.874351E+0,   2.072876E-5,   100,1,1,1
        645,2026-09-07,09:57:08.228,         43,          9,   9.096000E+1,   9.096300E+2,   0.000000E+0,   1.501000E+1,   0.000000E+0,   0.000000E+0,   0.000000E+0,   1.000000E+2,   1.006611E+3,   7.874889E-3,   9.051514E-2,   1.549171E+3,   7.464656E-3,   4.028320E-2,   2.284765E+1,   1.751602E-3,   1.498144E+3,   2.536549E-3,   6.874383E+0,   1.992740E-5,   100,0,1,0
        646,2026-09-07,09:59:08.230,         44,          9,   9.096000E+1,   9.096300E+2,   0.000000E+0,   1.501000E+1,   0.000000E+0,   0.000000E+0,   0.000000E+0,   1.000000E+2,   1.006614E+3,   1.206118E-3,   5.126953E-3,   1.549155E+3,   9.663169E-3,   4.748535E-2,   2.285083E+1,   8.475023E-4,   1.498145E+3,   2.876676E-4,   6.874426E+0,   2.559420E-5,   100,1,1,1
        647,2026-09-07,10:01:08.232,         45,          9,   9.096000E+1,   9.096300E+2,   0.000000E+0,   1.501000E+1,   0.000000E+0,   0.000000E+0,   0.000000E+0,   1.000000E+2,   1.006618E+3,   1.175409E-3,   4.821777E-3,   1.549136E+3,   8.008055E-3,   4.455566E-2,   2.285172E+1,   1.088804E-3,   1.498146E+3,   3.869627E-4,   6.874475E+0,   2.129457E-5,   100,1,1,1
        648,2026-09-07,10:03:08.234,         46,          9,   9.096000E+1,   9.096300E+2,   0.000000E+0,   1.501000E+1,   0.000000E+0,   0.000000E+0,   0.000000E+0,   1.000000E+2,   1.006621E+3,   1.120334E-3,   5.004883E-3,   1.549124E+3,   8.265975E-3,   4.638672E-2,   2.285473E+1,   1.070659E-3,   1.498147E+3,   2.615125E-4,   6.874507E+0,   2.198423E-5,   100,1,1,1
        649,2026-09-07,10:05:08.236,         47,          9,   9.096000E+1,   9.096300E+2,   0.000000E+0,   1.501000E+1,   0.000000E+0,   0.000000E+0,   0.000000E+0,   1.000000E+2,   1.006625E+3,   1.309066E-3,   5.493164E-3,   1.549111E+3,   9.371948E-3,   3.808594E-2,   2.285690E+1,   1.023945E-3,   1.498148E+3,   3.465723E-4,   6.874544E+0,   2.494501E-5,   100,1,1,1
        650,2026-09-07,10:07:08.238,         48,          9,   9.096000E+1,   9.096300E+2,   0.000000E+0,   1.501000E+1,   0.000000E+0,   0.000000E+0,   0.000000E+0,   1.000000E+2,   1.006628E+3,   1.172953E-3,   5.371094E-3,   1.549096E+3,   9.285718E-3,   4.162598E-2,   2.285848E+1,   1.213220E-3,   1.498150E+3,   3.330425E-4,   6.874585E+0,   2.465874E-5,   100,1,1,1
        651,2026-09-07,10:09:08.240,         49,          9,   9.096000E+1,   9.096300E+2,   0.000000E+0,   1.501000E+1,   0.000000E+0,   0.000000E+0,   0.000000E+0,   1.000000E+2,   1.006630E+3,   7.394826E-4,   3.540039E-3,   1.549085E+3,   6.034328E-3,   2.868652E-2,   2.286169E+1,   8.870443E-4,   1.498151E+3,   3.879649E-4,   6.874615E+0,   1.600749E-5,   100,1,1,1
        652,2026-09-07,10:11:08.242,         50,          9,   9.096000E+1,   9.096300E+2,   0.000000E+0,   1.501000E+1,   0.000000E+0,   0.000000E+0,   0.000000E+0,   1.000000E+2,   1.006633E+3,   8.939496E-4,   4.028320E-3,   1.549079E+3,   5.583167E-3,   2.709961E-2,   2.286709E+1,   1.937618E-3,   1.498152E+3,   4.439292E-4,   6.874630E+0,   1.486264E-5,   100,1,1,1
        653,2026-09-07,10:13:08.244,         51,          9,   9.096000E+1,   9.096300E+2,   0.000000E+0,   1.501000E+1,   0.000000E+0,   0.000000E+0,   0.000000E+0,   1.000000E+2,   1.006634E+3,   9.447874E-4,   4.333496E-3,   1.549074E+3,   6.465511E-3,   2.661133E-2,   2.287236E+1,   1.502582E-3,   1.498154E+3,   4.130396E-4,   6.874644E+0,   1.722570E-5,   100,1,1,1
        654,2026-09-07,10:15:08.246,         52,          9,   9.096000E+1,   9.096300E+2,   0.000000E+0,   1.501000E+1,   0.000000E+0,   0.000000E+0,   0.000000E+0,   1.000000E+2,   1.006635E+3,   7.931145E-4,   3.906250E-3,   1.549073E+3,   5.742431E-3,   2.832031E-2,   2.287848E+1,   1.871216E-3,   1.498156E+3,   4.680906E-4,   6.874649E+0,   1.523389E-5,   100,1,1,1
        655,2026-09-07,10:17:08.248,         53,          9,   9.096000E+1,   9.096300E+2,   0.000000E+0,   1.501000E+1,   0.000000E+0,   0.000000E+0,   0.000000E+0,   1.000000E+2,   1.006637E+3,   7.360350E-4,   3.906250E-3,   1.549070E+3,   6.125134E-3,   3.112793E-2,   2.288500E+1,   1.885830E-3,   1.498157E+3,   4.431827E-4,   6.874660E+0,   1.615257E-5,   100,1,1,1
        656,2026-09-07,10:19:08.250,         54,          9,   9.096000E+1,   9.096300E+2,   0.000000E+0,   1.501000E+1,   0.000000E+0,   0.000000E+0,   0.000000E+0,   1.000000E+2,   1.006638E+3,   6.581065E-4,   2.990723E-3,   1.549070E+3,   6.386566E-3,   3.112793E-2,   2.289272E+1,   1.557282E-3,   1.498159E+3,   4.179861E-4,   6.874661E+0,   1.694566E-5,   100,1,1,1
        657,2026-09-07,10:21:08.252,         55,          9,   9.096000E+1,   9.096300E+2,   0.000000E+0,   1.501000E+1,   0.000000E+0,   0.000000E+0,   0.000000E+0,   1.000000E+2,   1.006639E+3,   7.396027E-4,   3.784180E-3,   1.549072E+3,   5.438694E-3,   2.575684E-2,   2.290019E+1,   2.853417E-3,   1.498161E+3,   6.098569E-4,   6.874658E+0,   1.439730E-5,   100,1,1,1
        658,2026-09-07,10:38:16.054,         56,          9,   9.096000E+1,   1.009710E+3,   0.000000E+0,   1.501000E+1,   0.000000E+0,   0.000000E+0,   0.000000E+0,   1.000000E+2,   1.005748E+3,   5.477304E-3,   1.751709E-2,   1.543975E+3,   1.101140E-2,   5.419922E-2,   2.297371E+1,   2.749398E-3,   1.497963E+3,   1.790285E-3,   6.888231E+0,   2.980093E-5,   100,0,1,0
        659,2026-09-07,10:40:16.056,         57,          9,   9.096000E+1,   1.009710E+3,   0.000000E+0,   1.501000E+1,   0.000000E+0,   0.000000E+0,   0.000000E+0,   1.000000E+2,   1.005757E+3,   7.340887E-4,   3.784180E-3,   1.543957E+3,   9.543575E-3,   4.577637E-2,   2.298405E+1,   3.043793E-3,   1.497966E+3,   6.228390E-4,   6.888281E+0,   2.567214E-5,   100,1,1,1
        660,2026-09-07,10:42:16.058,         58,          9,   9.096000E+1,   1.009710E+3,   0.000000E+0,   1.501000E+1,   0.000000E+0,   0.000000E+0,   0.000000E+0,   1.000000E+2,   1.005757E+3,   6.906429E-4,   3.540039E-3,   1.543956E+3,   8.543530E-3,   3.259277E-2,   2.299597E+1,   3.414179E-3,   1.497969E+3,   7.319943E-4,   6.888286E+0,   2.287838E-5,   100,1,1,1
        661,2026-09-07,10:44:16.060,         59,          9,   9.096000E+1,   1.009710E+3,   0.000000E+0,   1.501000E+1,   0.000000E+0,   0.000000E+0,   0.000000E+0,   1.000000E+2,   1.005757E+3,   6.544575E-4,   3.295898E-3,   1.543953E+3,   8.548569E-3,   3.820801E-2,   2.300769E+1,   2.855695E-3,   1.497972E+3,   5.843941E-4,   6.888297E+0,   2.280422E-5,   100,1,1,1
        662,2026-09-07,10:46:16.062,         60,          9,   9.096000E+1,   1.009710E+3,   0.000000E+0,   1.501000E+1,   0.000000E+0,   0.000000E+0,   0.000000E+0,   1.000000E+2,   1.005757E+3,   6.895786E-4,   3.112793E-3,   1.543955E+3,   9.133289E-3,   4.443359E-2,   2.301843E+1,   2.398741E-3,   1.497974E+3,   5.815476E-4,   6.888296E+0,   2.408954E-5,   100,1,1,1
        663,2026-09-07,10:48:16.064,         61,          9,   9.096000E+1,   1.009710E+3,   0.000000E+0,   1.501000E+1,   0.000000E+0,   0.000000E+0,   0.000000E+0,   1.000000E+2,   1.005758E+3,   6.966566E-4,   3.295898E-3,   1.543958E+3,   8.233023E-3,   4.187012E-2,   2.302864E+1,   2.612950E-3,   1.497976E+3,   5.048973E-4,   6.888289E+0,   2.201186E-5,   100,1,1,1
        664,2026-09-07,10:50:16.066,         62,          9,   9.096000E+1,   1.009710E+3,   0.000000E+0,   1.501000E+1,   0.000000E+0,   0.000000E+0,   0.000000E+0,   1.000000E+2,   1.005758E+3,   7.872715E-4,   3.784180E-3,   1.543959E+3,   8.065986E-3,   3.649902E-2,   2.303769E+1,   2.127988E-3,   1.497978E+3,   4.418101E-4,   6.888290E+0,   2.156061E-5,   100,1,1,1
        665,2026-09-07,10:52:16.068,         63,          9,   9.096000E+1,   1.009710E+3,   0.000000E+0,   1.501000E+1,   0.000000E+0,   0.000000E+0,   0.000000E+0,   1.000000E+2,   1.005759E+3,   7.485672E-4,   3.356934E-3,   1.543959E+3,   7.771019E-3,   3.625488E-2,   2.304564E+1,   2.336289E-3,   1.497979E+3,   4.876937E-4,   6.888293E+0,   2.069880E-5,   100,1,1,1
        666,2026-09-07,10:54:16.070,         64,          9,   9.096000E+1,   1.009710E+3,   0.000000E+0,   1.501000E+1,   0.000000E+0,   0.000000E+0,   0.000000E+0,   1.000000E+2,   1.005759E+3,   6.198715E-4,   2.868652E-3,   1.543964E+3,   7.307160E-3,   3.417969E-2,   2.305517E+1,   1.904586E-3,   1.497981E+3,   4.018744E-4,   6.888281E+0,   1.941724E-5,   100,1,1,1
        667,2026-09-07,10:56:16.072,         65,          9,   9.096000E+1,   1.009710E+3,   0.000000E+0,   1.501000E+1,   0.000000E+0,   0.000000E+0,   0.000000E+0,   1.000000E+2,   1.005758E+3,   6.609584E-4,   2.807617E-3,   1.543969E+3,   6.886348E-3,   3.442383E-2,   2.306432E+1,   2.437817E-3,   1.497983E+3,   4.938765E-4,   6.888272E+0,   1.822652E-5,   100,1,1,1
        668,2026-09-07,10:58:16.074,         66,          9,   9.096000E+1,   1.009710E+3,   0.000000E+0,   1.501000E+1,   0.000000E+0,   0.000000E+0,   0.000000E+0,   1.000000E+2,   1.005758E+3,   7.609208E-4,   3.295898E-3,   1.543976E+3,   7.796004E-3,   4.602051E-2,   2.307432E+1,   2.883951E-3,   1.497985E+3,   5.569695E-4,   6.888254E+0,   2.061246E-5,   100,1,1,1
        669,2026-09-07,11:00:16.076,         67,          9,   9.096000E+1,   1.009710E+3,   0.000000E+0,   1.501000E+1,   0.000000E+0,   0.000000E+0,   0.000000E+0,   1.000000E+2,   1.005758E+3,   7.763904E-4,   3.356934E-3,   1.543985E+3,   8.004499E-3,   4.577637E-2,   2.308464E+1,   2.529936E-3,   1.497987E+3,   4.817268E-4,   6.888233E+0,   2.134824E-5,   100,1,1,1
        670,2026-09-07,11:02:16.078,         68,          9,   9.096000E+1,   1.009710E+3,   0.000000E+0,   1.501000E+1,   0.000000E+0,   0.000000E+0,   0.000000E+0,   1.000000E+2,   1.005757E+3,   6.450271E-4,   3.295898E-3,   1.543996E+3,   9.533828E-3,   4.223633E-2,   2.309585E+1,   3.048921E-3,   1.497990E+3,   5.807823E-4,   6.888208E+0,   2.499287E-5,   100,1,1,1
        671,2026-09-07,11:04:16.081,         69,          9,   9.096000E+1,   1.009710E+3,   0.000000E+0,   1.501000E+1,   0.000000E+0,   0.000000E+0,   0.000000E+0,   1.000000E+2,   1.005756E+3,   5.657321E-4,   2.746582E-3,   1.544007E+3,   6.883822E-3,   3.442383E-2,   2.310782E+1,   2.771228E-3,   1.497992E+3,   5.114667E-4,   6.888181E+0,   1.816299E-5,   100,1,1,1
        672,2026-09-07,11:06:16.082,         70,          9,   9.096000E+1,   1.009710E+3,   0.000000E+0,   1.501000E+1,   0.000000E+0,   0.000000E+0,   0.000000E+0,   1.000000E+2,   1.005755E+3,   5.685824E-4,   2.502441E-3,   1.544017E+3,   7.655513E-3,   3.259277E-2,   2.311854E+1,   2.714081E-3,   1.497994E+3,   5.191472E-4,   6.888157E+0,   2.035459E-5,   100,1,1,1
        673,2026-09-07,11:08:16.085,         71,          9,   9.096000E+1,   1.009710E+3,   0.000000E+0,   1.501000E+1,   0.000000E+0,   0.000000E+0,   0.000000E+0,   1.000000E+2,   1.005755E+3,   6.080897E-4,   2.807617E-3,   1.544027E+3,   8.424463E-3,   3.833008E-2,   2.312827E+1,   2.871150E-3,   1.497996E+3,   5.104931E-4,   6.888133E+0,   2.232456E-5,   100,1,1,1
        674,2026-09-07,11:10:16.087,         72,          9,   9.096000E+1,   1.009710E+3,   0.000000E+0,   1.501000E+1,   0.000000E+0,   0.000000E+0,   0.000000E+0,   1.000000E+2,   1.005755E+3,   6.282888E-4,   3.051758E-3,   1.544037E+3,   8.164421E-3,   3.479004E-2,   2.313815E+1,   2.225892E-3,   1.497998E+3,   5.257619E-4,   6.888110E+0,   2.160646E-5,   100,1,1,1
        675,2026-09-07,11:12:16.089,         73,          9,   9.096000E+1,   1.009710E+3,   0.000000E+0,   1.501000E+1,   0.000000E+0,   0.000000E+0,   0.000000E+0,   1.000000E+2,   1.005754E+3,   5.449419E-4,   2.441406E-3,   1.544042E+3,   7.056087E-3,   3.540039E-2,   2.314848E+1,   2.417546E-3,   1.498000E+3,   4.676530E-4,   6.888098E+0,   1.879008E-5,   100,1,1,1
        676,2026-09-07,11:14:16.091,         74,          9,   9.096000E+1,   1.009710E+3,   0.000000E+0,   1.501000E+1,   0.000000E+0,   0.000000E+0,   0.000000E+0,   1.000000E+2,   1.005754E+3,   6.459715E-4,   2.929688E-3,   1.544052E+3,   7.370114E-3,   3.662109E-2,   2.315854E+1,   2.330509E-3,   1.498002E+3,   5.093966E-4,   6.888074E+0,   1.953429E-5,   100,1,1,1
        677,2026-09-07,12:27:11.178,         75,          9,   1.112400E+2,   1.009710E+3,   0.000000E+0,   1.501000E+1,   0.000000E+0,   0.000000E+0,   0.000000E+0,   1.000000E+2,   1.007548E+3,   1.368154E-3,   6.042480E-3,   1.552430E+3,   1.688413E-2,   7.507324E-2,   2.315479E+1,   1.081536E-2,   1.498431E+3,   2.079606E-3,   6.865848E+0,   4.188006E-5,   100,1,1,1
        678,2026-09-07,12:29:11.180,         76,          9,   1.112400E+2,   1.009710E+3,   0.000000E+0,   1.501000E+1,   0.000000E+0,   0.000000E+0,   0.000000E+0,   1.000000E+2,   1.007542E+3,   1.629435E-3,   6.652832E-3,   1.552490E+3,   1.418740E-2,   5.834961E-2,   2.319699E+1,   9.370821E-3,   1.498439E+3,   1.707996E-3,   6.865701E+0,   3.515006E-5,   100,1,1,1
        679,2026-09-07,12:31:11.182,         77,          9,   1.112400E+2,   1.009710E+3,   0.000000E+0,   1.501000E+1,   0.000000E+0,   0.000000E+0,   0.000000E+0,   1.000000E+2,   1.007535E+3,   1.711576E-3,   6.835937E-3,   1.552546E+3,   1.427069E-2,   5.822754E-2,   2.323486E+1,   9.037265E-3,   1.498446E+3,   1.618636E-3,   6.865563E+0,   3.540972E-5,   100,1,1,1
        680,2026-09-07,12:33:11.185,         78,          9,   1.112400E+2,   1.009710E+3,   0.000000E+0,   1.501000E+1,   0.000000E+0,   0.000000E+0,   0.000000E+0,   1.000000E+2,   1.007529E+3,   1.599199E-3,   6.713867E-3,   1.552594E+3,   1.274314E-2,   5.627441E-2,   2.326981E+1,   8.395430E-3,   1.498452E+3,   1.478530E-3,   6.865446E+0,   3.158723E-5,   100,1,1,1
        681,2026-09-07,12:35:11.186,         79,          9,   1.112400E+2,   1.009710E+3,   0.000000E+0,   1.501000E+1,   0.000000E+0,   0.000000E+0,   0.000000E+0,   1.000000E+2,   1.007523E+3,   1.695242E-3,   6.164551E-3,   1.552638E+3,   1.227270E-2,   6.079102E-2,   2.330263E+1,   7.798939E-3,   1.498457E+3,   1.319794E-3,   6.865340E+0,   3.053666E-5,   100,1,1,1
        682,2026-09-07,12:37:11.189,         80,          9,   1.112400E+2,   1.009710E+3,   0.000000E+0,   1.501000E+1,   0.000000E+0,   0.000000E+0,   0.000000E+0,   1.000000E+2,   1.007517E+3,   1.511670E-3,   6.164551E-3,   1.552681E+3,   1.181198E-2,   5.480957E-2,   2.333415E+1,   7.635457E-3,   1.498463E+3,   1.310294E-3,   6.865234E+0,   2.939272E-5,   100,1,1,1
        683,2026-09-07,12:39:11.191,         81,          9,   1.112400E+2,   1.009710E+3,   0.000000E+0,   1.501000E+1,   0.000000E+0,   0.000000E+0,   0.000000E+0,   1.000000E+2,   1.007512E+3,   1.325259E-3,   4.882812E-3,   1.552718E+3,   1.062244E-2,   4.602051E-2,   2.336406E+1,   7.403286E-3,   1.498468E+3,   1.221748E-3,   6.865147E+0,   2.636160E-5,   100,1,1,1
        684,2026-09-07,12:41:11.193,         82,          9,   1.112400E+2,   1.009710E+3,   0.000000E+0,   1.501000E+1,   0.000000E+0,   0.000000E+0,   0.000000E+0,   1.000000E+2,   1.007507E+3,   1.214606E-3,   5.310059E-3,   1.552752E+3,   9.847776E-3,   4.931641E-2,   2.339156E+1,   6.664454E-3,   1.498472E+3,   1.109251E-3,   6.865063E+0,   2.454915E-5,   100,1,1,1
        685,2026-09-07,12:43:11.195,         83,          9,   1.112400E+2,   1.009710E+3,   0.000000E+0,   1.501000E+1,   0.000000E+0,   0.000000E+0,   0.000000E+0,   1.000000E+2,   1.007503E+3,   1.124834E-3,   4.638672E-3,   1.552784E+3,   9.559827E-3,   4.443359E-2,   2.341750E+1,   6.262559E-3,   1.498477E+3,   1.018612E-3,   6.864985E+0,   2.385054E-5,   100,1,1,1
        686,2026-09-07,12:45:11.197,         84,          9,   1.112400E+2,   1.009710E+3,   0.000000E+0,   1.501000E+1,   0.000000E+0,   0.000000E+0,   0.000000E+0,   1.000000E+2,   1.007498E+3,   1.288852E-3,   5.432129E-3,   1.552816E+3,   9.867840E-3,   4.699707E-2,   2.344252E+1,   6.294544E-3,   1.498481E+3,   1.026858E-3,   6.864908E+0,   2.466682E-5,   100,1,1,1
        687,2026-09-07,12:47:11.199,         85,          9,   1.112400E+2,   1.009710E+3,   0.000000E+0,   1.501000E+1,   0.000000E+0,   0.000000E+0,   0.000000E+0,   1.000000E+2,   1.007494E+3,   1.194296E-3,   5.493164E-3,   1.552845E+3,   9.779970E-3,   4.162598E-2,   2.346663E+1,   6.183229E-3,   1.498485E+3,   1.017133E-3,   6.864837E+0,   2.448294E-5,   100,1,1,1
        688,2026-09-07,12:49:11.201,         86,          9,   1.112400E+2,   1.009710E+3,   0.000000E+0,   1.501000E+1,   0.000000E+0,   0.000000E+0,   0.000000E+0,   1.000000E+2,   1.007490E+3,   1.050744E-3,   4.150391E-3,   1.552876E+3,   8.533659E-3,   3.698730E-2,   2.349072E+1,   5.834916E-3,   1.498489E+3,   9.492036E-4,   6.864763E+0,   2.124620E-5,   100,1,1,1
        689,2026-09-07,12:51:11.203,         87,          9,   1.112400E+2,   1.009710E+3,   0.000000E+0,   1.501000E+1,   0.000000E+0,   0.000000E+0,   0.000000E+0,   1.000000E+2,   1.007486E+3,   8.948510E-4,   3.784180E-3,   1.552901E+3,   8.504960E-3,   4.223633E-2,   2.351378E+1,   5.511552E-3,   1.498492E+3,   9.156334E-4,   6.864702E+0,   2.132292E-5,   100,1,1,1
        690,2026-09-07,12:53:11.205,         88,          9,   1.112400E+2,   1.009710E+3,   0.000000E+0,   1.501000E+1,   0.000000E+0,   0.000000E+0,   0.000000E+0,   1.000000E+2,   1.007483E+3,   1.068507E-3,   4.455566E-3,   1.552927E+3,   7.783315E-3,   3.625488E-2,   2.353574E+1,   5.555439E-3,   1.498496E+3,   8.989834E-4,   6.864640E+0,   1.949524E-5,   100,1,1,1
        691,2026-09-07,13:05:37.066,         89,          9,   1.112400E+2,   1.009710E+3,   1.033000E+1,   1.501000E+1,   0.000000E+0,   0.000000E+0,   0.000000E+0,   1.000000E+2,   1.005803E+3,   5.367050E-3,   2.642822E-2,   1.561290E+3,   5.287433E-2,   2.403564E-1,   2.386068E+1,   2.539095E-3,   1.498159E+3,   1.297462E-3,   6.842795E+0,   1.384836E-4,   100,0,1,0
        692,2026-09-07,13:07:37.068,         90,          9,   1.112400E+2,   1.009710E+3,   1.033000E+1,   1.501000E+1,   0.000000E+0,   0.000000E+0,   0.000000E+0,   1.000000E+2,   1.005846E+3,   6.802284E-3,   2.728271E-2,   1.561125E+3,   3.337350E-2,   1.401367E-1,   2.386540E+1,   8.928623E-4,   1.498169E+3,   1.752011E-3,   6.843228E+0,   8.713255E-5,   100,0,1,0
        693,2026-09-07,13:09:37.070,         91,          9,   1.112400E+2,   1.009710E+3,   1.033000E+1,   1.501000E+1,   0.000000E+0,   0.000000E+0,   0.000000E+0,   1.000000E+2,   1.005860E+3,   2.285671E-3,   9.704590E-3,   1.561047E+3,   2.270616E-2,   1.253662E-1,   2.387049E+1,   1.860750E-3,   1.498174E+3,   8.057528E-4,   6.843431E+0,   5.952059E-5,   100,1,1,1
        694,2026-09-07,13:11:37.072,         92,          9,   1.112400E+2,   1.009710E+3,   1.033000E+1,   1.501000E+1,   0.000000E+0,   0.000000E+0,   0.000000E+0,   1.000000E+2,   1.005871E+3,   2.946762E-3,   1.177979E-2,   1.560993E+3,   2.181024E-2,   9.631348E-2,   2.387712E+1,   1.559621E-3,   1.498177E+3,   9.238324E-4,   6.843575E+0,   5.721608E-5,   100,0,1,0
        695,2026-09-07,13:13:37.074,         93,          9,   1.112400E+2,   1.009710E+3,   1.033000E+1,   1.501000E+1,   0.000000E+0,   0.000000E+0,   0.000000E+0,   1.000000E+2,   1.005881E+3,   2.384421E-3,   9.460449E-3,   1.560949E+3,   1.733705E-2,   9.082031E-2,   2.388328E+1,   1.665000E-3,   1.498181E+3,   8.279248E-4,   6.843691E+0,   4.541693E-5,   100,1,1,1
        696,2026-09-07,13:15:37.076,         94,          9,   1.112400E+2,   1.009710E+3,   1.033000E+1,   1.501000E+1,   0.000000E+0,   0.000000E+0,   0.000000E+0,   1.000000E+2,   1.005889E+3,   2.130056E-3,   7.690430E-3,   1.560900E+3,   1.581766E-2,   6.518555E-2,   2.388878E+1,   1.779996E-3,   1.498184E+3,   7.466798E-4,   6.843821E+0,   4.154331E-5,   100,1,1,1
        697,2026-09-07,13:17:37.078,         95,          9,   1.112400E+2,   1.009710E+3,   1.033000E+1,   1.501000E+1,   0.000000E+0,   0.000000E+0,   0.000000E+0,   1.000000E+2,   1.005896E+3,   1.373562E-3,   5.065918E-3,   1.560867E+3,   1.268536E-2,   5.773926E-2,   2.389487E+1,   1.902182E-3,   1.498186E+3,   7.283115E-4,   6.843909E+0,   3.330136E-5,   100,1,1,1
        698,2026-09-07,13:19:37.081,         96,          9,   1.112400E+2,   1.009710E+3,   1.033000E+1,   1.501000E+1,   0.000000E+0,   0.000000E+0,   0.000000E+0,   1.000000E+2,   1.005899E+3,   9.466382E-4,   4.943848E-3,   1.560852E+3,   1.432033E-2,   6.628418E-2,   2.390435E+1,   2.731670E-3,   1.498189E+3,   7.274099E-4,   6.843949E+0,   3.762199E-5,   100,1,1,1
        699,2026-09-07,13:21:37.083,         97,          9,   1.112400E+2,   1.009710E+3,   1.033000E+1,   1.501000E+1,   0.000000E+0,   0.000000E+0,   0.000000E+0,   1.000000E+2,   1.005901E+3,   8.502406E-4,   3.906250E-3,   1.560840E+3,   1.316219E-2,   5.615234E-2,   2.391418E+1,   2.899217E-3,   1.498192E+3,   6.792156E-4,   6.843985E+0,   3.432944E-5,   100,1,1,1
        700,2026-09-07,13:23:37.085,         98,          9,   1.112400E+2,   1.009710E+3,   1.033000E+1,   1.501000E+1,   0.000000E+0,   0.000000E+0,   0.000000E+0,   1.000000E+2,   1.005902E+3,   5.647719E-4,   2.868652E-3,   1.560837E+3,   1.255838E-2,   5.822754E-2,   2.392539E+1,   2.860600E-3,   1.498194E+3,   6.339530E-4,   6.843996E+0,   3.300156E-5,   100,1,1,1
        701,2026-09-07,13:25:37.087,         99,          9,   1.112400E+2,   1.009710E+3,   1.033000E+1,   1.501000E+1,   0.000000E+0,   0.000000E+0,   0.000000E+0,   1.000000E+2,   1.005903E+3,   6.466256E-4,   3.173828E-3,   1.560828E+3,   1.208191E-2,   6.579590E-2,   2.393622E+1,   2.990627E-3,   1.498197E+3,   6.072909E-4,   6.844022E+0,   3.151174E-5,   100,1,1,1
        702,2026-09-07,13:27:37.089,        100,          9,   1.112400E+2,   1.009710E+3,   1.033000E+1,   1.501000E+1,   0.000000E+0,   0.000000E+0,   0.000000E+0,   1.000000E+2,   1.005903E+3,   6.961501E-4,   3.662109E-3,   1.560823E+3,   1.159411E-2,   5.480957E-2,   2.394711E+1,   2.973648E-3,   1.498199E+3,   5.611909E-4,   6.844038E+0,   3.034365E-5,   100,1,1,1
        703,2026-09-07,13:29:37.091,        101,          9,   1.112400E+2,   1.009710E+3,   1.033000E+1,   1.501000E+1,   0.000000E+0,   0.000000E+0,   0.000000E+0,   1.000000E+2,   1.005902E+3,   5.378161E-4,   2.258301E-3,   1.560822E+3,   1.067949E-2,   5.322266E-2,   2.395828E+1,   2.635257E-3,   1.498201E+3,   6.009375E-4,   6.844044E+0,   2.808404E-5,   100,1,1,1
        704,2026-09-07,13:31:37.093,        102,          9,   1.112400E+2,   1.009710E+3,   1.033000E+1,   1.501000E+1,   0.000000E+0,   0.000000E+0,   0.000000E+0,   1.000000E+2,   1.005902E+3,   6.270391E-4,   2.929688E-3,   1.560824E+3,   1.051346E-2,   5.505371E-2,   2.397058E+1,   2.685547E-3,   1.498203E+3,   5.591798E-4,   6.844041E+0,   2.740446E-5,   100,1,1,1
        705,2026-09-07,13:33:37.095,        103,          9,   1.112400E+2,   1.009710E+3,   1.033000E+1,   1.501000E+1,   0.000000E+0,   0.000000E+0,   0.000000E+0,   1.000000E+2,   1.005901E+3,   5.816253E-4,   2.319336E-3,   1.560823E+3,   1.074312E-2,   5.432129E-2,   2.398092E+1,   2.476109E-3,   1.498206E+3,   4.586838E-4,   6.844047E+0,   2.798877E-5,   100,1,1,1
        706,2026-09-07,13:45:37.732,        104,          9,   1.112400E+2,   1.059720E+3,   1.033000E+1,   1.501000E+1,   0.000000E+0,   0.000000E+0,   0.000000E+0,   1.000000E+2,   1.005418E+3,   3.044745E-2,   1.004639E-1,   1.558371E+3,   4.895413E-2,   2.136230E-1,   2.404380E+1,   3.705680E-3,   1.498103E+3,   7.890556E-3,   6.850474E+0,   1.291441E-4,   100,0,1,0
        707,2026-09-07,13:47:37.734,        105,          9,   1.112400E+2,   1.059720E+3,   1.033000E+1,   1.501000E+1,   0.000000E+0,   0.000000E+0,   0.000000E+0,   1.000000E+2,   1.005463E+3,   3.539430E-2,   1.865234E-1,   1.558267E+3,   1.897588E-2,   9.143066E-2,   2.405656E+1,   2.961211E-3,   1.498116E+3,   8.529022E-3,   6.850749E+0,   5.037955E-5,   100,0,1,0
        708,2026-09-07,13:49:37.736,        106,          9,   1.112400E+2,   1.059720E+3,   1.033000E+1,   1.501000E+1,   0.000000E+0,   0.000000E+0,   0.000000E+0,   1.000000E+2,   1.005482E+3,   1.375812E-3,   5.187988E-3,   1.558222E+3,   1.391225E-2,   6.213379E-2,   2.407003E+1,   3.384285E-3,   1.498124E+3,   8.939127E-4,   6.850872E+0,   3.704608E-5,   100,1,1,1
        709,2026-09-07,13:51:37.738,        107,          9,   1.112400E+2,   1.059720E+3,   1.033000E+1,   1.501000E+1,   0.000000E+0,   0.000000E+0,   0.000000E+0,   1.000000E+2,   1.005484E+3,   1.699810E-3,   8.483887E-3,   1.558192E+3,   1.044913E-2,   5.346680E-2,   2.408376E+1,   3.459433E-3,   1.498127E+3,   8.578948E-4,   6.850953E+0,   2.795351E-5,   100,1,1,1
        710,2026-09-07,13:53:37.740,        108,          9,   1.112400E+2,   1.059720E+3,   1.033000E+1,   1.501000E+1,   0.000000E+0,   0.000000E+0,   0.000000E+0,   1.000000E+2,   1.005489E+3,   1.935651E-3,   9.033203E-3,   1.558173E+3,   1.051061E-2,   5.200195E-2,   2.409745E+1,   3.996305E-3,   1.498130E+3,   1.166656E-3,   6.851008E+0,   2.814003E-5,   100,1,1,1
        711,2026-09-07,13:55:37.742,        109,          9,   1.112400E+2,   1.059720E+3,   1.033000E+1,   1.501000E+1,   0.000000E+0,   0.000000E+0,   0.000000E+0,   1.000000E+2,   1.005492E+3,   9.397452E-4,   4.028320E-3,   1.558158E+3,   7.944296E-3,   3.833008E-2,   2.411355E+1,   3.766783E-3,   1.498134E+3,   8.885633E-4,   6.851049E+0,   2.085429E-5,   100,1,1,1
        712,2026-09-07,13:57:37.744,        110,          9,   1.112400E+2,   1.059720E+3,   1.033000E+1,   1.501000E+1,   0.000000E+0,   0.000000E+0,   0.000000E+0,   1.000000E+2,   1.005493E+3,   8.344854E-4,   4.333496E-3,   1.558142E+3,   8.821371E-3,   3.979492E-2,   2.412672E+1,   2.929148E-3,   1.498137E+3,   6.728748E-4,   6.851096E+0,   2.354017E-5,   100,1,1,1
        713,2026-09-07,13:59:37.746,        111,          9,   1.112400E+2,   1.059720E+3,   1.033000E+1,   1.501000E+1,   0.000000E+0,   0.000000E+0,   0.000000E+0,   1.000000E+2,   1.005495E+3,   7.052801E-4,   3.173828E-3,   1.558132E+3,   7.824175E-3,   4.077148E-2,   2.413769E+1,   2.899524E-3,   1.498140E+3,   6.780790E-4,   6.851126E+0,   2.078093E-5,   100,1,1,1
        714,2026-09-07,14:01:37.748,        112,          9,   1.112400E+2,   1.059720E+3,   1.033000E+1,   1.501000E+1,   0.000000E+0,   0.000000E+0,   0.000000E+0,   1.000000E+2,   1.005495E+3,   6.657483E-4,   3.051758E-3,   1.558120E+3,   6.473051E-3,   3.454590E-2,   2.414855E+1,   2.613955E-3,   1.498142E+3,   5.760450E-4,   6.851160E+0,   1.715705E-5,   100,1,1,1
        715,2026-09-07,14:03:37.750,        113,          9,   1.112400E+2,   1.059720E+3,   1.033000E+1,   1.501000E+1,   0.000000E+0,   0.000000E+0,   0.000000E+0,   1.000000E+2,   1.005496E+3,   6.367756E-4,   3.417969E-3,   1.558109E+3,   5.898509E-3,   2.697754E-2,   2.415787E+1,   2.174170E-3,   1.498144E+3,   5.163447E-4,   6.851190E+0,   1.568935E-5,   100,1,1,1
        716,2026-09-07,14:05:37.752,        114,          9,   1.112400E+2,   1.059720E+3,   1.033000E+1,   1.501000E+1,   0.000000E+0,   0.000000E+0,   0.000000E+0,   1.000000E+2,   1.005496E+3,   6.927132E-4,   3.112793E-3,   1.558104E+3,   6.412405E-3,   3.002930E-2,   2.416665E+1,   2.454932E-3,   1.498146E+3,   5.337514E-4,   6.851206E+0,   1.694197E-5,   100,1,1,1
        717,2026-09-07,14:07:37.754,        115,          9,   1.112400E+2,   1.059720E+3,   1.033000E+1,   1.501000E+1,   0.000000E+0,   0.000000E+0,   0.000000E+0,   1.000000E+2,   1.005496E+3,   6.759778E-4,   3.540039E-3,   1.558102E+3,   6.541965E-3,   3.369141E-2,   2.417607E+1,   2.642279E-3,   1.498148E+3,   5.418455E-4,   6.851215E+0,   1.722884E-5,   100,1,1,1
        718,2026-09-07,14:18:56.831,        116,          9,   1.112400E+2,   1.110370E+3,   1.033000E+1,   1.501000E+1,   0.000000E+0,   0.000000E+0,   0.000000E+0,   1.000000E+2,   1.005100E+3,   5.107095E-3,   2.062988E-2,   1.555680E+3,   1.539683E-2,   7.604980E-2,   2.421927E+1,   4.498156E-3,   1.498063E+3,   2.077999E-3,   6.857580E+0,   4.091529E-5,   100,0,1,0
        719,2026-09-07,14:20:56.833,        117,          9,   1.112400E+2,   1.110370E+3,   1.033000E+1,   1.501000E+1,   0.000000E+0,   0.000000E+0,   0.000000E+0,   1.000000E+2,   1.005106E+3,   8.344175E-4,   4.455566E-3,   1.555663E+3,   1.260488E-2,   5.786133E-2,   2.423920E+1,   5.060060E-3,   1.498068E+3,   1.199182E-3,   6.857631E+0,   3.316992E-5,   100,1,1,1
        720,2026-09-07,14:22:56.835,        118,          9,   1.112400E+2,   1.110370E+3,   1.033000E+1,   1.501000E+1,   0.000000E+0,   0.000000E+0,   0.000000E+0,   1.000000E+2,   1.005107E+3,   7.377457E-4,   3.479004E-3,   1.555659E+3,   1.313184E-2,   6.616211E-2,   2.425999E+1,   4.842906E-3,   1.498073E+3,   1.037464E-3,   6.857646E+0,   3.465106E-5,   100,1,1,1
        721,2026-09-07,14:24:56.837,        119,          9,   1.112400E+2,   1.110370E+3,   1.033000E+1,   1.501000E+1,   0.000000E+0,   0.000000E+0,   0.000000E+0,   1.000000E+2,   1.005108E+3,   7.717051E-4,   3.479004E-3,   1.555650E+3,   1.221944E-2,   5.249023E-2,   2.427826E+1,   4.335861E-3,   1.498077E+3,   8.909443E-4,   6.857676E+0,   3.235227E-5,   100,1,1,1
        722,2026-09-07,14:26:56.839,        120,          9,   1.112400E+2,   1.110370E+3,   1.033000E+1,   1.501000E+1,   0.000000E+0,   0.000000E+0,   0.000000E+0,   1.000000E+2,   1.005109E+3,   6.528526E-4,   3.112793E-3,   1.555642E+3,   1.064695E-2,   6.262207E-2,   2.429568E+1,   4.100887E-3,   1.498080E+3,   8.282292E-4,   6.857700E+0,   2.795473E-5,   100,1,1,1
        723,2026-09-07,14:28:56.841,        121,          9,   1.112400E+2,   1.110370E+3,   1.033000E+1,   1.501000E+1,   0.000000E+0,   0.000000E+0,   0.000000E+0,   1.000000E+2,   1.005108E+3,   7.362188E-4,   3.295898E-3,   1.555643E+3,   1.016826E-2,   4.968262E-2,   2.431198E+1,   4.546930E-3,   1.498084E+3,   9.414654E-4,   6.857702E+0,   2.660277E-5,   100,1,1,1
        724,2026-09-07,14:30:56.843,        122,          9,   1.112400E+2,   1.110370E+3,   1.033000E+1,   1.501000E+1,   0.000000E+0,   0.000000E+0,   0.000000E+0,   1.000000E+2,   1.005106E+3,   7.479134E-4,   3.540039E-3,   1.555649E+3,   9.122085E-3,   4.492187E-2,   2.433092E+1,   4.597835E-3,   1.498087E+3,   8.115601E-4,   6.857692E+0,   2.364205E-5,   100,1,1,1
        725,2026-09-07,14:32:56.845,        123,          9,   1.112400E+2,   1.110370E+3,   1.033000E+1,   1.501000E+1,   0.000000E+0,   0.000000E+0,   0.000000E+0,   1.000000E+2,   1.005104E+3,   7.779582E-4,   3.723145E-3,   1.555653E+3,   8.924480E-3,   4.870605E-2,   2.434735E+1,   4.244644E-3,   1.498090E+3,   7.666957E-4,   6.857686E+0,   2.339362E-5,   100,1,1,1
        726,2026-09-07,14:34:56.847,        124,          9,   1.112400E+2,   1.110370E+3,   1.033000E+1,   1.501000E+1,   0.000000E+0,   0.000000E+0,   0.000000E+0,   1.000000E+2,   1.005103E+3,   8.176024E-4,   3.723145E-3,   1.555657E+3,   8.990126E-3,   4.406738E-2,   2.436276E+1,   4.100649E-3,   1.498093E+3,   7.537071E-4,   6.857679E+0,   2.337760E-5,   100,1,1,1
        727,2026-09-07,14:36:56.849,        125,          9,   1.112400E+2,   1.110370E+3,   1.033000E+1,   1.501000E+1,   0.000000E+0,   0.000000E+0,   0.000000E+0,   1.000000E+2,   1.005102E+3,   8.060721E-4,   4.333496E-3,   1.555655E+3,   5.951197E-3,   3.063965E-2,   2.437618E+1,   3.255278E-3,   1.498096E+3,   6.595073E-4,   6.857688E+0,   1.556377E-5,   100,1,1,1
        728,2026-09-07,14:38:56.851,        126,          9,   1.112400E+2,   1.110370E+3,   1.033000E+1,   1.501000E+1,   0.000000E+0,   0.000000E+0,   0.000000E+0,   1.000000E+2,   1.005102E+3,   5.852988E-4,   2.502441E-3,   1.555656E+3,   7.173308E-3,   4.528809E-2,   2.438786E+1,   2.910144E-3,   1.498098E+3,   6.262960E-4,   6.857690E+0,   1.888906E-5,   100,1,1,1
        729,2026-09-07,14:40:56.853,        127,          9,   1.112400E+2,   1.110370E+3,   1.033000E+1,   1.501000E+1,   0.000000E+0,   0.000000E+0,   0.000000E+0,   1.000000E+2,   1.005102E+3,   5.766861E-4,   2.868652E-3,   1.555655E+3,   7.450027E-3,   3.894043E-2,   2.439916E+1,   2.873649E-3,   1.498100E+3,   5.351948E-4,   6.857695E+0,   1.961720E-5,   100,1,1,1
        730,2026-09-07,14:49:42.895,        128,          9,   1.112400E+2,   1.160770E+3,   1.033000E+1,   1.501000E+1,   0.000000E+0,   0.000000E+0,   0.000000E+0,   1.000000E+2,   1.004748E+3,   6.384136E-3,   3.106689E-2,   1.553375E+3,   2.528685E-2,   1.348877E-1,   2.440800E+1,   4.107696E-3,   1.498017E+3,   1.884607E-3,   6.863698E+0,   6.738024E-5,   100,0,1,0
        731,2026-09-07,14:51:42.897,        129,          9,   1.112400E+2,   1.160770E+3,   1.033000E+1,   1.501000E+1,   0.000000E+0,   0.000000E+0,   0.000000E+0,   1.000000E+2,   1.004760E+3,   2.272517E-3,   8.544922E-3,   1.553337E+3,   1.559693E-2,   6.713867E-2,   2.441891E+1,   3.214009E-3,   1.498022E+3,   1.184768E-3,   6.863800E+0,   4.146822E-5,   100,1,1,1
        732,2026-09-07,14:53:42.899,        130,          9,   1.112400E+2,   1.160770E+3,   1.033000E+1,   1.501000E+1,   0.000000E+0,   0.000000E+0,   0.000000E+0,   1.000000E+2,   1.004765E+3,   7.157674E-4,   3.845215E-3,   1.553315E+3,   1.601881E-2,   9.619141E-2,   2.443082E+1,   3.289316E-3,   1.498025E+3,   7.888912E-4,   6.863863E+0,   4.249144E-5,   100,1,1,1
        733,2026-09-07,14:55:42.901,        131,          9,   1.112400E+2,   1.160770E+3,   1.033000E+1,   1.501000E+1,   0.000000E+0,   0.000000E+0,   0.000000E+0,   1.000000E+2,   1.004766E+3,   5.943225E-4,   3.295898E-3,   1.553306E+3,   1.256640E-2,   5.310059E-2,   2.444458E+1,   4.115135E-3,   1.498028E+3,   7.544287E-4,   6.863890E+0,   3.317859E-5,   100,1,1,1
        734,2026-09-07,14:57:42.903,        132,          9,   1.112400E+2,   1.160770E+3,   1.033000E+1,   1.501000E+1,   0.000000E+0,   0.000000E+0,   0.000000E+0,   1.000000E+2,   1.004766E+3,   6.423884E-4,   2.746582E-3,   1.553312E+3,   1.279832E-2,   6.774902E-2,   2.445930E+1,   4.080366E-3,   1.498031E+3,   7.914256E-4,   6.863878E+0,   3.382954E-5,   100,1,1,1
        735,2026-09-07,14:59:42.905,        133,          9,   1.112400E+2,   1.160770E+3,   1.033000E+1,   1.501000E+1,   0.000000E+0,   0.000000E+0,   0.000000E+0,   1.000000E+2,   1.004764E+3,   7.814735E-4,   3.662109E-3,   1.553317E+3,   1.092821E-2,   5.407715E-2,   2.447525E+1,   4.260665E-3,   1.498034E+3,   7.306225E-4,   6.863870E+0,   2.879731E-5,   100,1,1,1
        736,2026-09-07,15:01:42.908,        134,          9,   1.112400E+2,   1.160770E+3,   1.033000E+1,   1.501000E+1,   0.000000E+0,   0.000000E+0,   0.000000E+0,   1.000000E+2,   1.004764E+3,   6.613894E-4,   2.929688E-3,   1.553321E+3,   1.022200E-2,   5.346680E-2,   2.448945E+1,   3.298805E-3,   1.498037E+3,   6.556159E-4,   6.863862E+0,   2.690757E-5,   100,1,1,1
        737,2026-09-07,15:03:42.910,        135,          9,   1.112400E+2,   1.160770E+3,   1.033000E+1,   1.501000E+1,   0.000000E+0,   0.000000E+0,   0.000000E+0,   1.000000E+2,   1.004763E+3,   5.544679E-4,   2.624512E-3,   1.553323E+3,   1.083660E-2,   5.395508E-2,   2.450282E+1,   3.151738E-3,   1.498040E+3,   6.443302E-4,   6.863862E+0,   2.843442E-5,   100,1,1,1
        738,2026-09-07,15:05:42.912,        136,          9,   1.112400E+2,   1.160770E+3,   1.033000E+1,   1.501000E+1,   0.000000E+0,   0.000000E+0,   0.000000E+0,   1.000000E+2,   1.004763E+3,   7.473739E-4,   2.929688E-3,   1.553326E+3,   1.166236E-2,   5.114746E-2,   2.451509E+1,   3.191210E-3,   1.498042E+3,   6.130472E-4,   6.863854E+0,   3.105214E-5,   100,1,1,1
        739,2026-09-07,15:07:42.913,        137,          9,   1.112400E+2,   1.160770E+3,   1.033000E+1,   1.501000E+1,   0.000000E+0,   0.000000E+0,   0.000000E+0,   1.000000E+2,   1.004762E+3,   5.582015E-4,   2.685547E-3,   1.553326E+3,   1.070423E-2,   5.029297E-2,   2.452681E+1,   3.139017E-3,   1.498045E+3,   5.908529E-4,   6.863859E+0,   2.822594E-5,   100,1,1,1
        740,2026-09-07,15:15:17.777,        138,          9,   1.112400E+2,   1.210380E+3,   1.033000E+1,   1.501000E+1,   0.000000E+0,   0.000000E+0,   0.000000E+0,   1.000000E+2,   1.004158E+3,   2.246548E-1,   7.232056E-1,   1.551321E+3,   3.052837E-2,   1.390381E-1,   2.451971E+1,   3.326852E-3,   1.497899E+3,   5.362465E-2,   6.869147E+0,   8.140963E-5,   100,0,1,0
        741,2026-09-07,15:17:17.779,        139,          9,   1.112400E+2,   1.210380E+3,   1.033000E+1,   1.501000E+1,   0.000000E+0,   0.000000E+0,   0.000000E+0,   1.000000E+2,   1.004114E+3,   2.421942E-1,   9.684448E-1,   1.551242E+3,   1.541879E-2,   7.971191E-2,   2.453493E+1,   4.191556E-3,   1.497892E+3,   5.903902E-2,   6.869361E+0,   4.129200E-5,   100,0,1,0
        742,2026-09-07,15:19:17.781,        140,          9,   1.112400E+2,   1.210380E+3,   1.033000E+1,   1.501000E+1,   0.000000E+0,   0.000000E+0,   0.000000E+0,   1.000000E+2,   1.004181E+3,   6.883792E-1,   3.397095E+0,   1.551262E+3,   1.508863E-2,   6.872559E-2,   2.456249E+1,   8.254482E-3,   1.497912E+3,   1.698396E-1,   6.869316E+0,   3.976784E-5,   100,0,1,0
        743,2026-09-07,15:21:17.783,        141,          9,   1.112400E+2,   1.210380E+3,   1.033000E+1,   1.501000E+1,   0.000000E+0,   0.000000E+0,   0.000000E+0,   1.000000E+2,   1.004450E+3,   6.709102E-4,   2.929688E-3,   1.551255E+3,   7.060744E-3,   3.063965E-2,   2.457941E+1,   4.299531E-3,   1.497980E+3,   8.694873E-4,   6.869339E+0,   1.878782E-5,   100,1,1,1
        744,2026-09-07,15:23:17.785,        142,          9,   1.112400E+2,   1.210380E+3,   1.033000E+1,   1.501000E+1,   0.000000E+0,   0.000000E+0,   0.000000E+0,   1.000000E+2,   1.004450E+3,   6.947108E-4,   2.990723E-3,   1.551256E+3,   7.069055E-3,   3.491211E-2,   2.459525E+1,   3.699277E-3,   1.497984E+3,   7.547449E-4,   6.869340E+0,   1.867155E-5,   100,1,1,1
        745,2026-09-07,15:25:17.788,        143,          9,   1.112400E+2,   1.210380E+3,   1.033000E+1,   1.501000E+1,   0.000000E+0,   0.000000E+0,   0.000000E+0,   1.000000E+2,   1.004448E+3,   1.269617E-3,   6.103516E-3,   1.551275E+3,   1.284123E-2,   5.749512E-2,   2.461646E+1,   7.704167E-3,   1.497988E+3,   1.528540E-3,   6.869297E+0,   3.240466E-5,   100,1,1,1
        746,2026-09-07,15:27:17.790,        144,          9,   1.112400E+2,   1.210380E+3,   1.033000E+1,   1.501000E+1,   0.000000E+0,   0.000000E+0,   0.000000E+0,   1.000000E+2,   1.004447E+3,   6.345558E-4,   2.807617E-3,   1.551283E+3,   6.582270E-3,   3.381348E-2,   2.463597E+1,   4.048216E-3,   1.497991E+3,   8.217854E-4,   6.869280E+0,   1.705829E-5,   100,1,1,1
        747,2026-09-07,15:29:17.792,        145,          9,   1.112400E+2,   1.210380E+3,   1.033000E+1,   1.501000E+1,   0.000000E+0,   0.000000E+0,   0.000000E+0,   1.000000E+2,   1.004445E+3,   9.562865E-4,   4.699707E-3,   1.551296E+3,   6.950236E-3,   3.149414E-2,   2.465285E+1,   4.264182E-3,   1.497994E+3,   8.281929E-4,   6.869250E+0,   1.783097E-5,   100,1,1,1
        748,2026-09-08,07:29:33.814,          1,        101,   0.000000E+0,   1.000000E+2,   0.000000E+0,   0.000000E+0,   0.000000E+0,   0.000000E+0,   0.000000E+0,   1.000000E+2,   9.975414E+2,   3.050816E-3,   1.037598E-2,   1.490435E+3,   3.908268E-2,   1.330566E-1,   2.273498E+1,   1.353047E-2,   1.495938E+3,   2.050607E-3,   7.036115E+0,   1.081951E-4,   100,0,1,0
        749,2026-09-08,07:31:33.816,          2,        101,   0.000000E+0,   1.000000E+2,   0.000000E+0,   0.000000E+0,   0.000000E+0,   0.000000E+0,   0.000000E+0,   1.000000E+2,   9.975315E+2,   2.657338E-3,   9.399414E-3,   1.490558E+3,   3.315209E-2,   1.101074E-1,   2.277826E+1,   1.083225E-2,   1.495944E+3,   1.656408E-3,   7.035774E+0,   9.193357E-5,   100,1,1,1
        750,2026-09-08,07:33:33.818,          3,        101,   0.000000E+0,   1.000000E+2,   0.000000E+0,   0.000000E+0,   0.000000E+0,   0.000000E+0,   0.000000E+0,   1.000000E+2,   9.975221E+2,   2.402240E-3,   8.666992E-3,   1.490671E+3,   3.033196E-2,   9.326172E-2,   2.281780E+1,   9.896454E-3,   1.495950E+3,   1.520300E-3,   7.035461E+0,   8.409113E-5,   100,1,1,1
        751,2026-09-08,07:35:33.820,          4,        101,   0.000000E+0,   1.000000E+2,   0.000000E+0,   0.000000E+0,   0.000000E+0,   0.000000E+0,   0.000000E+0,   1.000000E+2,   9.975126E+2,   2.622051E-3,   9.277344E-3,   1.490792E+3,   3.432941E-2,   1.101074E-1,   2.285891E+1,   1.134457E-2,   1.495957E+3,   1.722669E-3,   7.035127E+0,   9.514073E-5,   100,1,1,1
        752,2026-09-08,07:37:33.822,          5,        101,   0.000000E+0,   1.000000E+2,   0.000000E+0,   0.000000E+0,   0.000000E+0,   0.000000E+0,   0.000000E+0,   1.000000E+2,   9.975038E+2,   1.385063E-3,   5.981445E-3,   1.490888E+3,   1.450782E-2,   5.627441E-2,   2.289457E+1,   5.376138E-3,   1.495962E+3,   7.516223E-4,   7.034862E+0,   4.006790E-5,   100,1,1,1
        753,2026-09-08,07:39:33.824,          6,        101,   0.000000E+0,   1.000000E+2,   0.000000E+0,   0.000000E+0,   0.000000E+0,   0.000000E+0,   0.000000E+0,   1.000000E+2,   9.974975E+2,   1.673775E-3,   6.652832E-3,   1.490960E+3,   1.710287E-2,   6.494141E-2,   2.291950E+1,   5.900953E-3,   1.495965E+3,   8.689063E-4,   7.034663E+0,   4.733446E-5,   100,1,1,1
        754,2026-09-08,07:41:33.826,          7,        101,   0.000000E+0,   1.000000E+2,   0.000000E+0,   0.000000E+0,   0.000000E+0,   0.000000E+0,   0.000000E+0,   1.000000E+2,   9.974910E+2,   1.583056E-3,   5.920410E-3,   1.491032E+3,   1.838986E-2,   6.640625E-2,   2.294482E+1,   6.293312E-3,   1.495969E+3,   9.551851E-4,   7.034462E+0,   5.090737E-5,   100,1,1,1
        755,2026-09-08,07:43:33.828,          8,        101,   0.000000E+0,   1.000000E+2,   0.000000E+0,   0.000000E+0,   0.000000E+0,   0.000000E+0,   0.000000E+0,   1.000000E+2,   9.974846E+2,   1.756441E-3,   5.981445E-3,   1.491104E+3,   1.829724E-2,   6.176758E-2,   2.296999E+1,   6.407491E-3,   1.495973E+3,   9.476983E-4,   7.034264E+0,   5.061253E-5,   100,1,1,1
        756,2026-09-08,07:45:33.830,          9,        101,   0.000000E+0,   1.000000E+2,   0.000000E+0,   0.000000E+0,   0.000000E+0,   0.000000E+0,   0.000000E+0,   1.000000E+2,   9.974788E+2,   1.582603E-3,   5.249023E-3,   1.491166E+3,   1.539289E-2,   5.871582E-2,   2.299197E+1,   5.545494E-3,   1.495976E+3,   8.265784E-4,   7.034092E+0,   4.250847E-5,   100,1,1,1
        757,2026-09-08,07:47:33.833,         10,        101,   0.000000E+0,   1.000000E+2,   0.000000E+0,   0.000000E+0,   0.000000E+0,   0.000000E+0,   0.000000E+0,   1.000000E+2,   9.974731E+2,   1.540479E-3,   5.859375E-3,   1.491230E+3,   1.657695E-2,   5.895996E-2,   2.301401E+1,   5.692561E-3,   1.495980E+3,   8.578465E-4,   7.033916E+0,   4.585866E-5,   100,1,1,1
        758,2026-09-08,07:49:33.834,         11,        101,   0.000000E+0,   1.000000E+2,   0.000000E+0,   0.000000E+0,   0.000000E+0,   0.000000E+0,   0.000000E+0,   1.000000E+2,   9.974671E+2,   1.522823E-3,   5.981445E-3,   1.491296E+3,   1.675110E-2,   6.286621E-2,   2.303736E+1,   5.939222E-3,   1.495983E+3,   8.880110E-4,   7.033733E+0,   4.629430E-5,   100,1,1,1
        759,2026-09-08,07:51:33.836,         12,        101,   0.000000E+0,   1.000000E+2,   0.000000E+0,   0.000000E+0,   0.000000E+0,   0.000000E+0,   0.000000E+0,   1.000000E+2,   9.974617E+2,   1.465036E-3,   5.676270E-3,   1.491357E+3,   1.672594E-2,   6.286621E-2,   2.305888E+1,   5.608499E-3,   1.495986E+3,   8.657792E-4,   7.033564E+0,   4.632444E-5,   100,1,1,1
        760,2026-09-08,07:53:33.838,         13,        101,   0.000000E+0,   1.000000E+2,   0.000000E+0,   0.000000E+0,   0.000000E+0,   0.000000E+0,   0.000000E+0,   1.000000E+2,   9.974560E+2,   1.345936E-3,   5.126953E-3,   1.491419E+3,   1.334169E-2,   4.687500E-2,   2.308061E+1,   5.014579E-3,   1.495990E+3,   7.615139E-4,   7.033394E+0,   3.676113E-5,   100,1,1,1
        761,2026-09-08,07:55:33.840,         14,        101,   0.000000E+0,   1.000000E+2,   0.000000E+0,   0.000000E+0,   0.000000E+0,   0.000000E+0,   0.000000E+0,   1.000000E+2,   9.974506E+2,   1.531298E-3,   5.615234E-3,   1.491477E+3,   1.452175E-2,   5.310059E-2,   2.310076E+1,   4.893959E-3,   1.495993E+3,   7.387437E-4,   7.033235E+0,   4.019005E-5,   100,1,1,1
        762,2026-09-08,07:57:33.842,         15,        101,   0.000000E+0,   1.000000E+2,   0.000000E+0,   0.000000E+0,   0.000000E+0,   0.000000E+0,   0.000000E+0,   1.000000E+2,   9.974452E+2,   1.434862E-3,   5.554199E-3,   1.491534E+3,   1.508685E-2,   5.480957E-2,   2.312110E+1,   5.156867E-3,   1.495996E+3,   7.610483E-4,   7.033076E+0,   4.170913E-5,   100,1,1,1
        763,2026-09-08,07:59:33.844,         16,        101,   0.000000E+0,   1.000000E+2,   0.000000E+0,   0.000000E+0,   0.000000E+0,   0.000000E+0,   0.000000E+0,   1.000000E+2,   9.974399E+2,   1.360189E-3,   4.943848E-3,   1.491592E+3,   1.604127E-2,   5.493164E-2,   2.314149E+1,   5.205961E-3,   1.495999E+3,   7.801655E-4,   7.032916E+0,   4.445283E-5,   100,1,1,1
        764,2026-09-08,08:01:33.846,         17,        101,   0.000000E+0,   1.000000E+2,   0.000000E+0,   0.000000E+0,   0.000000E+0,   0.000000E+0,   0.000000E+0,   1.000000E+2,   9.974345E+2,   1.413585E-3,   5.920410E-3,   1.491651E+3,   1.402817E-2,   4.785156E-2,   2.316231E+1,   4.945504E-3,   1.496002E+3,   7.446613E-4,   7.032752E+0,   3.876420E-5,   100,1,1,1
        765,2026-09-08,08:03:33.848,         18,        101,   0.000000E+0,   1.000000E+2,   0.000000E+0,   0.000000E+0,   0.000000E+0,   0.000000E+0,   0.000000E+0,   1.000000E+2,   9.974296E+2,   1.415967E-3,   5.310059E-3,   1.491708E+3,   1.523775E-2,   5.603027E-2,   2.318215E+1,   5.204297E-3,   1.496005E+3,   7.772052E-4,   7.032597E+0,   4.210309E-5,   100,1,1,1
        766,2026-09-08,08:05:33.850,         19,        101,   0.000000E+0,   1.000000E+2,   0.000000E+0,   0.000000E+0,   0.000000E+0,   0.000000E+0,   0.000000E+0,   1.000000E+2,   9.974242E+2,   1.459364E-3,   5.920410E-3,   1.491767E+3,   1.524070E-2,   5.480957E-2,   2.320278E+1,   5.212735E-3,   1.496008E+3,   7.715285E-4,   7.032434E+0,   4.212514E-5,   100,1,1,1
        767,2026-09-08,08:07:33.852,         20,        101,   0.000000E+0,   1.000000E+2,   0.000000E+0,   0.000000E+0,   0.000000E+0,   0.000000E+0,   0.000000E+0,   1.000000E+2,   9.974188E+2,   1.563413E-3,   5.737305E-3,   1.491826E+3,   1.604016E-2,   5.041504E-2,   2.322364E+1,   5.505216E-3,   1.496011E+3,   8.264618E-4,   7.032270E+0,   4.434182E-5,   100,1,1,1
        768,2026-09-08,08:09:33.854,         21,        101,   0.000000E+0,   1.000000E+2,   0.000000E+0,   0.000000E+0,   0.000000E+0,   0.000000E+0,   0.000000E+0,   1.000000E+2,   9.974136E+2,   1.293986E-3,   4.821777E-3,   1.491880E+3,   1.448533E-2,   5.139160E-2,   2.324293E+1,   4.869647E-3,   1.496014E+3,   7.447906E-4,   7.032121E+0,   4.009255E-5,   100,1,1,1
        769,2026-09-08,08:11:33.856,         22,        101,   0.000000E+0,   1.000000E+2,   0.000000E+0,   0.000000E+0,   0.000000E+0,   0.000000E+0,   0.000000E+0,   1.000000E+2,   9.974088E+2,   1.240320E-3,   4.821777E-3,   1.491934E+3,   1.386382E-2,   5.114746E-2,   2.326228E+1,   4.445950E-3,   1.496017E+3,   6.770749E-4,   7.031971E+0,   3.842672E-5,   100,1,1,1
        770,2026-09-08,08:22:58.860,         23,         10,   9.094000E+1,   9.094000E+2,   0.000000E+0,   0.000000E+0,   0.000000E+0,   0.000000E+0,   0.000000E+0,   1.000000E+2,   1.005377E+3,   3.879522E-3,   1.434326E-2,   1.542031E+3,   1.212267E-2,   5.322266E-2,   2.352434E+1,   5.392874E-3,   1.497986E+3,   1.966084E-3,   6.893573E+0,   3.294252E-5,   100,0,1,0
        771,2026-09-08,08:24:58.862,         24,         10,   9.094000E+1,   9.094000E+2,   0.000000E+0,   0.000000E+0,   0.000000E+0,   0.000000E+0,   0.000000E+0,   1.000000E+2,   1.005381E+3,   6.011112E-4,   3.051758E-3,   1.542029E+3,   1.142553E-2,   4.980469E-2,   2.354468E+1,   4.782964E-3,   1.497991E+3,   9.488864E-4,   6.893582E+0,   3.027310E-5,   100,1,1,1
        772,2026-09-08,08:26:58.865,         25,         10,   9.094000E+1,   9.094000E+2,   0.000000E+0,   0.000000E+0,   0.000000E+0,   0.000000E+0,   0.000000E+0,   1.000000E+2,   1.005381E+3,   7.666846E-4,   4.272461E-3,   1.542035E+3,   1.023111E-2,   4.919434E-2,   2.356347E+1,   4.733611E-3,   1.497994E+3,   9.884780E-4,   6.893571E+0,   2.672221E-5,   100,1,1,1
        773,2026-09-08,08:28:58.867,         26,         10,   9.094000E+1,   9.094000E+2,   0.000000E+0,   0.000000E+0,   0.000000E+0,   0.000000E+0,   0.000000E+0,   1.000000E+2,   1.005381E+3,   9.665847E-4,   5.065918E-3,   1.542044E+3,   7.031093E-3,   3.405762E-2,   2.358179E+1,   4.426677E-3,   1.497998E+3,   9.019663E-4,   6.893552E+0,   1.855154E-5,   100,1,1,1
        774,2026-09-08,08:30:58.869,         27,         10,   9.094000E+1,   9.094000E+2,   0.000000E+0,   0.000000E+0,   0.000000E+0,   0.000000E+0,   0.000000E+0,   1.000000E+2,   1.005380E+3,   8.608143E-4,   4.821777E-3,   1.542057E+3,   9.227782E-3,   5.432129E-2,   2.359954E+1,   4.326859E-3,   1.498001E+3,   7.935718E-4,   6.893524E+0,   2.424528E-5,   100,1,1,1
        775,2026-09-08,08:32:58.871,         28,         10,   9.094000E+1,   9.094000E+2,   0.000000E+0,   0.000000E+0,   0.000000E+0,   0.000000E+0,   0.000000E+0,   1.000000E+2,   1.005379E+3,   7.455228E-4,   4.089355E-3,   1.542067E+3,   7.312081E-3,   4.016113E-2,   2.361589E+1,   3.806281E-3,   1.498005E+3,   7.532706E-4,   6.893501E+0,   1.936476E-5,   100,1,1,1
        776,2026-09-08,08:34:58.873,         29,         10,   9.094000E+1,   9.094000E+2,   0.000000E+0,   0.000000E+0,   0.000000E+0,   0.000000E+0,   0.000000E+0,   1.000000E+2,   1.005379E+3,   5.268272E-4,   2.624512E-3,   1.542073E+3,   8.522711E-3,   4.626465E-2,   2.362950E+1,   3.773975E-3,   1.498007E+3,   7.960176E-4,   6.893489E+0,   2.245657E-5,   100,1,1,1
        777,2026-09-08,08:36:58.875,         30,         10,   9.094000E+1,   9.094000E+2,   0.000000E+0,   0.000000E+0,   0.000000E+0,   0.000000E+0,   0.000000E+0,   1.000000E+2,   1.005378E+3,   6.866921E-4,   3.417969E-3,   1.542086E+3,   7.632403E-3,   4.272461E-2,   2.364554E+1,   3.787042E-3,   1.498010E+3,   7.555620E-4,   6.893458E+0,   2.016233E-5,   100,1,1,1
        778,2026-09-08,08:38:58.877,         31,         10,   9.094000E+1,   9.094000E+2,   0.000000E+0,   0.000000E+0,   0.000000E+0,   0.000000E+0,   0.000000E+0,   1.000000E+2,   1.005376E+3,   6.332448E-4,   3.479004E-3,   1.542096E+3,   8.667261E-3,   4.187012E-2,   2.365987E+1,   3.281070E-3,   1.498013E+3,   6.853651E-4,   6.893435E+0,   2.282283E-5,   100,1,1,1
        779,2026-09-08,08:40:58.879,         32,         10,   9.094000E+1,   9.094000E+2,   0.000000E+0,   0.000000E+0,   0.000000E+0,   0.000000E+0,   0.000000E+0,   1.000000E+2,   1.005376E+3,   6.482034E-4,   2.868652E-3,   1.542104E+3,   6.739920E-3,   3.515625E-2,   2.367332E+1,   3.280600E-3,   1.498016E+3,   6.931621E-4,   6.893418E+0,   1.776895E-5,   100,1,1,1
        780,2026-09-08,08:42:58.881,         33,         10,   9.094000E+1,   9.094000E+2,   0.000000E+0,   0.000000E+0,   0.000000E+0,   0.000000E+0,   0.000000E+0,   1.000000E+2,   1.005375E+3,   5.653502E-4,   2.929688E-3,   1.542114E+3,   7.537717E-3,   3.930664E-2,   2.368654E+1,   3.092997E-3,   1.498018E+3,   6.373249E-4,   6.893394E+0,   2.002363E-5,   100,1,1,1
        781,2026-09-08,08:44:58.882,         34,         10,   9.094000E+1,   9.094000E+2,   0.000000E+0,   0.000000E+0,   0.000000E+0,   0.000000E+0,   0.000000E+0,   1.000000E+2,   1.005375E+3,   5.300441E-4,   2.563477E-3,   1.542122E+3,   7.622271E-3,   4.785156E-2,   2.369827E+1,   3.055646E-3,   1.498021E+3,   6.275577E-4,   6.893375E+0,   2.035639E-5,   100,1,1,1
        782,2026-09-08,08:46:58.885,         35,         10,   9.094000E+1,   9.094000E+2,   0.000000E+0,   0.000000E+0,   0.000000E+0,   0.000000E+0,   0.000000E+0,   1.000000E+2,   1.005376E+3,   5.621727E-4,   3.051758E-3,   1.542124E+3,   7.999306E-3,   4.150391E-2,   2.370892E+1,   2.649461E-3,   1.498023E+3,   6.146263E-4,   6.893375E+0,   2.124392E-5,   100,1,1,1
        783,2026-09-08,08:57:45.366,         36,         10,   9.094000E+1,   9.398200E+2,   0.000000E+0,   0.000000E+0,   0.000000E+0,   0.000000E+0,   0.000000E+0,   1.000000E+2,   1.005080E+3,   8.025917E-2,   3.398438E-1,   1.540749E+3,   9.937697E-3,   4.895020E-2,   2.374935E+1,   4.994147E-3,   1.497961E+3,   1.906101E-2,   6.897065E+0,   2.642268E-5,   100,0,1,0
        784,2026-09-08,08:59:45.368,         37,         10,   9.094000E+1,   9.398200E+2,   0.000000E+0,   0.000000E+0,   0.000000E+0,   0.000000E+0,   0.000000E+0,   1.000000E+2,   1.005111E+3,   3.548049E-3,   1.507568E-2,   1.540755E+3,   8.879626E-3,   4.223633E-2,   2.376771E+1,   4.242204E-3,   1.497972E+3,   1.631725E-3,   6.897053E+0,   2.409416E-5,   100,0,1,0
        785,2026-09-08,09:01:45.370,         38,         10,   9.094000E+1,   9.398200E+2,   0.000000E+0,   0.000000E+0,   0.000000E+0,   0.000000E+0,   0.000000E+0,   1.000000E+2,   1.005118E+3,   1.103452E-3,   5.004883E-3,   1.540751E+3,   9.020581E-3,   3.869629E-2,   2.378335E+1,   4.370916E-3,   1.497977E+3,   1.081917E-3,   6.897069E+0,   2.432095E-5,   100,1,1,1
        786,2026-09-08,09:03:45.372,         39,         10,   9.094000E+1,   9.398200E+2,   0.000000E+0,   0.000000E+0,   0.000000E+0,   0.000000E+0,   0.000000E+0,   1.000000E+2,   1.005119E+3,   8.499609E-4,   4.211426E-3,   1.540757E+3,   9.735544E-3,   5.187988E-2,   2.380063E+1,   4.309961E-3,   1.497981E+3,   8.220610E-4,   6.897057E+0,   2.538856E-5,   100,1,1,1
        787,2026-09-08,09:05:45.374,         40,         10,   9.094000E+1,   9.398200E+2,   0.000000E+0,   0.000000E+0,   0.000000E+0,   0.000000E+0,   0.000000E+0,   1.000000E+2,   1.005118E+3,   7.850753E-4,   4.638672E-3,   1.540770E+3,   8.153563E-3,   3.796387E-2,   2.381714E+1,   3.768415E-3,   1.497984E+3,   7.642210E-4,   6.897027E+0,   2.135158E-5,   100,1,1,1
        788,2026-09-08,09:07:45.376,         41,         10,   9.094000E+1,   9.398200E+2,   0.000000E+0,   0.000000E+0,   0.000000E+0,   0.000000E+0,   0.000000E+0,   1.000000E+2,   1.005117E+3,   8.276766E-4,   4.577637E-3,   1.540784E+3,   8.275184E-3,   4.138184E-2,   2.383346E+1,   3.931296E-3,   1.497987E+3,   7.977553E-4,   6.896995E+0,   2.177931E-5,   100,1,1,1
        789,2026-09-08,09:09:45.378,         42,         10,   9.094000E+1,   9.398200E+2,   0.000000E+0,   0.000000E+0,   0.000000E+0,   0.000000E+0,   0.000000E+0,   1.000000E+2,   1.005116E+3,   8.173959E-4,   3.662109E-3,   1.540798E+3,   9.384850E-3,   4.724121E-2,   2.384925E+1,   3.645949E-3,   1.497990E+3,   7.132764E-4,   6.896961E+0,   2.474545E-5,   100,1,1,1
        790,2026-09-08,09:11:45.380,         43,         10,   9.094000E+1,   9.398200E+2,   0.000000E+0,   0.000000E+0,   0.000000E+0,   0.000000E+0,   0.000000E+0,   1.000000E+2,   1.005115E+3,   6.819059E-4,   3.417969E-3,   1.540805E+3,   7.574737E-3,   3.698730E-2,   2.386365E+1,   3.352247E-3,   1.497993E+3,   6.680436E-4,   6.896945E+0,   2.021437E-5,   100,1,1,1
        791,2026-09-08,09:13:45.382,         44,         10,   9.094000E+1,   9.398200E+2,   0.000000E+0,   0.000000E+0,   0.000000E+0,   0.000000E+0,   0.000000E+0,   1.000000E+2,   1.005115E+3,   7.285626E-4,   3.723145E-3,   1.540817E+3,   8.885052E-3,   3.942871E-2,   2.387698E+1,   4.131256E-3,   1.497996E+3,   7.866375E-4,   6.896916E+0,   2.278015E-5,   100,1,1,1
        792,2026-09-08,09:15:45.384,         45,         10,   9.094000E+1,   9.398200E+2,   0.000000E+0,   0.000000E+0,   0.000000E+0,   0.000000E+0,   0.000000E+0,   1.000000E+2,   1.005115E+3,   7.949599E-4,   3.601074E-3,   1.540825E+3,   7.912181E-3,   3.784180E-2,   2.388946E+1,   2.501846E-3,   1.497998E+3,   5.712235E-4,   6.896900E+0,   2.125382E-5,   100,1,1,1
        793,2026-09-08,09:24:40.178,         46,         10,   9.094000E+1,   9.705400E+2,   0.000000E+0,   0.000000E+0,   0.000000E+0,   0.000000E+0,   0.000000E+0,   1.000000E+2,   1.004872E+3,   1.568811E-3,   7.690430E-3,   1.539521E+3,   1.183675E-2,   4.943848E-2,   2.394018E+1,   6.913573E-3,   1.497951E+3,   1.087672E-3,   6.900408E+0,   3.089035E-5,   100,1,1,1
        794,2026-09-08,09:26:40.180,         47,         10,   9.094000E+1,   9.705400E+2,   0.000000E+0,   0.000000E+0,   0.000000E+0,   0.000000E+0,   0.000000E+0,   1.000000E+2,   1.004872E+3,   1.974427E-3,   7.385254E-3,   1.539532E+3,   1.165912E-2,   5.212402E-2,   2.396412E+1,   5.625834E-3,   1.497955E+3,   1.348696E-3,   6.900386E+0,   3.145391E-5,   100,1,1,1
        795,2026-09-08,09:28:40.181,         48,         10,   9.094000E+1,   9.705400E+2,   0.000000E+0,   0.000000E+0,   0.000000E+0,   0.000000E+0,   0.000000E+0,   1.000000E+2,   1.004874E+3,   6.658025E-4,   3.479004E-3,   1.539539E+3,   1.045155E-2,   4.870605E-2,   2.398089E+1,   4.043078E-3,   1.497959E+3,   7.802668E-4,   6.900373E+0,   2.793082E-5,   100,1,1,1
        796,2026-09-08,09:30:40.184,         49,         10,   9.094000E+1,   9.705400E+2,   0.000000E+0,   0.000000E+0,   0.000000E+0,   0.000000E+0,   0.000000E+0,   1.000000E+2,   1.004874E+3,   4.875934E-4,   2.746582E-3,   1.539546E+3,   1.018288E-2,   4.541016E-2,   2.399558E+1,   3.502751E-3,   1.497962E+3,   7.093915E-4,   6.900357E+0,   2.695789E-5,   100,1,1,1
        797,2026-09-08,09:32:40.186,         50,         10,   9.094000E+1,   9.705400E+2,   0.000000E+0,   0.000000E+0,   0.000000E+0,   0.000000E+0,   0.000000E+0,   1.000000E+2,   1.004874E+3,   6.488796E-4,   2.929688E-3,   1.539560E+3,   1.148412E-2,   5.236816E-2,   2.400900E+1,   3.371452E-3,   1.497965E+3,   6.985211E-4,   6.900323E+0,   3.046299E-5,   100,1,1,1
        798,2026-09-08,09:34:40.188,         51,         10,   9.094000E+1,   9.705400E+2,   0.000000E+0,   0.000000E+0,   0.000000E+0,   0.000000E+0,   0.000000E+0,   1.000000E+2,   1.004873E+3,   6.955877E-4,   3.662109E-3,   1.539567E+3,   1.052657E-2,   4.370117E-2,   2.402187E+1,   3.792095E-3,   1.497967E+3,   7.271792E-4,   6.900307E+0,   2.797513E-5,   100,1,1,1
        799,2026-09-08,09:36:40.190,         52,         10,   9.094000E+1,   9.705400E+2,   0.000000E+0,   0.000000E+0,   0.000000E+0,   0.000000E+0,   0.000000E+0,   1.000000E+2,   1.004872E+3,   6.244379E-4,   2.929688E-3,   1.539580E+3,   1.150490E-2,   5.310059E-2,   2.403554E+1,   3.431386E-3,   1.497970E+3,   6.459354E-4,   6.900278E+0,   3.068762E-5,   100,1,1,1
        800,2026-09-08,09:38:40.192,         53,         10,   9.094000E+1,   9.705400E+2,   0.000000E+0,   0.000000E+0,   0.000000E+0,   0.000000E+0,   0.000000E+0,   1.000000E+2,   1.004872E+3,   6.955495E-4,   3.723145E-3,   1.539583E+3,   1.021072E-2,   4.663086E-2,   2.404659E+1,   2.677064E-3,   1.497972E+3,   5.724803E-4,   6.900270E+0,   2.718264E-5,   100,1,1,1
        801,2026-09-08,09:40:40.194,         54,         10,   9.094000E+1,   9.705400E+2,   0.000000E+0,   0.000000E+0,   0.000000E+0,   0.000000E+0,   0.000000E+0,   1.000000E+2,   1.004871E+3,   5.616316E-4,   2.807617E-3,   1.539596E+3,   9.192992E-3,   4.577637E-2,   2.405871E+1,   3.315224E-3,   1.497974E+3,   6.572669E-4,   6.900241E+0,   2.445839E-5,   100,1,1,1
        802,2026-09-08,09:42:40.196,         55,         10,   9.094000E+1,   9.705400E+2,   0.000000E+0,   0.000000E+0,   0.000000E+0,   0.000000E+0,   0.000000E+0,   1.000000E+2,   1.004871E+3,   5.154607E-4,   2.502441E-3,   1.539610E+3,   9.977781E-3,   4.345703E-2,   2.407120E+1,   2.829649E-3,   1.497977E+3,   5.671869E-4,   6.900205E+0,   2.661548E-5,   100,1,1,1
        803,2026-09-08,09:51:40.599,         56,         10,   9.094000E+1,   1.001140E+3,   0.000000E+0,   0.000000E+0,   0.000000E+0,   0.000000E+0,   0.000000E+0,   1.000000E+2,   1.004617E+3,   4.781529E-3,   2.069092E-2,   1.538428E+3,   1.663453E-2,   9.216309E-2,   2.409981E+1,   3.898903E-3,   1.497922E+3,   1.452770E-3,   6.903386E+0,   4.529786E-5,   100,0,1,0
        804,2026-09-08,09:53:40.601,         57,         10,   9.094000E+1,   1.001140E+3,   0.000000E+0,   0.000000E+0,   0.000000E+0,   0.000000E+0,   0.000000E+0,   1.000000E+2,   1.004635E+3,   4.395432E-3,   1.696777E-2,   1.538405E+3,   1.158088E-2,   6.176758E-2,   2.411485E+1,   3.352193E-3,   1.497930E+3,   1.685527E-3,   6.903454E+0,   3.144697E-5,   100,0,1,0
        805,2026-09-08,09:55:40.603,         58,         10,   9.094000E+1,   1.001140E+3,   0.000000E+0,   0.000000E+0,   0.000000E+0,   0.000000E+0,   0.000000E+0,   1.000000E+2,   1.004642E+3,   7.682969E-4,   3.601074E-3,   1.538395E+3,   8.703792E-3,   4.248047E-2,   2.412929E+1,   3.627047E-3,   1.497934E+3,   7.996925E-4,   6.903483E+0,   2.328832E-5,   100,1,1,1
        806,2026-09-08,09:57:40.605,         59,         10,   9.094000E+1,   1.001140E+3,   0.000000E+0,   0.000000E+0,   0.000000E+0,   0.000000E+0,   0.000000E+0,   1.000000E+2,   1.004642E+3,   7.187460E-4,   3.967285E-3,   1.538404E+3,   9.587591E-3,   4.760742E-2,   2.414290E+1,   3.297301E-3,   1.497937E+3,   6.499495E-4,   6.903464E+0,   2.573274E-5,   100,1,1,1
        807,2026-09-08,09:59:40.607,         60,         10,   9.094000E+1,   1.001140E+3,   0.000000E+0,   0.000000E+0,   0.000000E+0,   0.000000E+0,   0.000000E+0,   1.000000E+2,   1.004642E+3,   6.663164E-4,   3.601074E-3,   1.538404E+3,   1.020825E-2,   6.408691E-2,   2.415552E+1,   3.012963E-3,   1.497939E+3,   6.492080E-4,   6.903466E+0,   2.750514E-5,   100,1,1,1
        808,2026-09-08,10:01:40.609,         61,         10,   9.094000E+1,   1.001140E+3,   0.000000E+0,   0.000000E+0,   0.000000E+0,   0.000000E+0,   0.000000E+0,   1.000000E+2,   1.004642E+3,   5.484852E-4,   2.441406E-3,   1.538410E+3,   8.561465E-3,   4.833984E-2,   2.416658E+1,   2.899632E-3,   1.497942E+3,   5.989392E-4,   6.903454E+0,   2.313696E-5,   100,1,1,1
        809,2026-09-08,10:03:40.611,         62,         10,   9.094000E+1,   1.001140E+3,   0.000000E+0,   0.000000E+0,   0.000000E+0,   0.000000E+0,   0.000000E+0,   1.000000E+2,   1.004642E+3,   5.928540E-4,   3.112793E-3,   1.538419E+3,   1.150492E-2,   6.225586E-2,   2.417856E+1,   3.467769E-3,   1.497944E+3,   6.662737E-4,   6.903434E+0,   3.038159E-5,   100,1,1,1
        810,2026-09-08,10:05:40.613,         63,         10,   9.094000E+1,   1.001140E+3,   0.000000E+0,   0.000000E+0,   0.000000E+0,   0.000000E+0,   0.000000E+0,   1.000000E+2,   1.004642E+3,   5.659822E-4,   2.624512E-3,   1.538424E+3,   8.594653E-3,   4.223633E-2,   2.419110E+1,   3.040243E-3,   1.497947E+3,   5.795876E-4,   6.903421E+0,   2.295654E-5,   100,1,1,1
        811,2026-09-08,10:07:40.615,         64,         10,   9.094000E+1,   1.001140E+3,   0.000000E+0,   0.000000E+0,   0.000000E+0,   0.000000E+0,   0.000000E+0,   1.000000E+2,   1.004641E+3,   6.467886E-4,   3.295898E-3,   1.538433E+3,   8.314102E-3,   4.174805E-2,   2.420185E+1,   2.885165E-3,   1.497949E+3,   5.747907E-4,   6.903400E+0,   2.218080E-5,   100,1,1,1
        812,2026-09-08,10:09:40.617,         65,         10,   9.094000E+1,   1.001140E+3,   0.000000E+0,   0.000000E+0,   0.000000E+0,   0.000000E+0,   0.000000E+0,   1.000000E+2,   1.004641E+3,   6.376390E-4,   2.868652E-3,   1.538440E+3,   7.717277E-3,   4.138184E-2,   2.421254E+1,   2.627226E-3,   1.497951E+3,   5.337853E-4,   6.903387E+0,   2.040550E-5,   100,1,1,1
        813,2026-09-08,10:20:38.018,         66,         10,   9.094000E+1,   1.001140E+3,   0.000000E+0,   1.804000E+1,   0.000000E+0,   0.000000E+0,   0.000000E+0,   1.000000E+2,   1.005756E+3,   1.661374E-3,   6.774902E-3,   1.548099E+3,   1.450988E-2,   6.872559E-2,   2.451627E+1,   2.222373E-3,   1.498282E+3,   4.161817E-4,   6.877677E+0,   3.806189E-5,   100,1,1,1
        814,2026-09-08,10:22:38.020,         67,         10,   9.094000E+1,   1.001140E+3,   0.000000E+0,   1.804000E+1,   0.000000E+0,   0.000000E+0,   0.000000E+0,   1.000000E+2,   1.005761E+3,   2.672932E-3,   9.765625E-3,   1.548059E+3,   1.371795E-2,   6.469727E-2,   2.450889E+1,   1.360909E-3,   1.498281E+3,   3.424216E-4,   6.877782E+0,   3.616269E-5,   100,1,1,1
        815,2026-09-08,10:24:38.022,         68,         10,   9.094000E+1,   1.001140E+3,   0.000000E+0,   1.804000E+1,   0.000000E+0,   0.000000E+0,   0.000000E+0,   1.000000E+2,   1.005769E+3,   1.502416E-3,   6.042480E-3,   1.548024E+3,   1.051039E-2,   4.992676E-2,   2.450285E+1,   1.848238E-3,   1.498282E+3,   1.078235E-4,   6.877874E+0,   2.758109E-5,   100,1,1,1
        816,2026-09-08,10:26:38.024,         69,         10,   9.094000E+1,   1.001140E+3,   0.000000E+0,   1.804000E+1,   0.000000E+0,   0.000000E+0,   0.000000E+0,   1.000000E+2,   1.005774E+3,   1.417346E-3,   5.187988E-3,   1.547992E+3,   1.154411E-2,   6.152344E-2,   2.449612E+1,   1.845700E-3,   1.498282E+3,   1.355325E-4,   6.877956E+0,   3.027917E-5,   100,1,1,1
        817,2026-09-08,10:28:38.026,         70,         10,   9.094000E+1,   1.001140E+3,   0.000000E+0,   1.804000E+1,   0.000000E+0,   0.000000E+0,   0.000000E+0,   1.000000E+2,   1.005778E+3,   9.021006E-4,   3.967285E-3,   1.547969E+3,   1.006951E-2,   5.163574E-2,   2.449153E+1,   1.500930E-3,   1.498282E+3,   7.257122E-5,   6.878016E+0,   2.648765E-5,   100,1,1,1
        818,2026-09-08,10:30:38.028,         71,         10,   9.094000E+1,   1.001140E+3,   0.000000E+0,   1.804000E+1,   0.000000E+0,   0.000000E+0,   0.000000E+0,   1.000000E+2,   1.005782E+3,   1.324128E-3,   5.310059E-3,   1.547947E+3,   1.075061E-2,   5.090332E-2,   2.448736E+1,   1.194589E-3,   1.498282E+3,   6.578265E-5,   6.878073E+0,   2.834009E-5,   100,1,1,1
        819,2026-09-08,10:32:38.030,         72,         10,   9.094000E+1,   1.001140E+3,   0.000000E+0,   1.804000E+1,   0.000000E+0,   0.000000E+0,   0.000000E+0,   1.000000E+2,   1.005786E+3,   8.201206E-4,   4.150391E-3,   1.547927E+3,   1.196130E-2,   5.017090E-2,   2.448418E+1,   1.027452E-3,   1.498282E+3,   6.450027E-5,   6.878125E+0,   3.160619E-5,   100,1,1,1
        820,2026-09-08,10:34:38.032,         73,         10,   9.094000E+1,   1.001140E+3,   0.000000E+0,   1.804000E+1,   0.000000E+0,   0.000000E+0,   0.000000E+0,   1.000000E+2,   1.005789E+3,   1.057284E-3,   4.211426E-3,   1.547909E+3,   8.703499E-3,   5.212402E-2,   2.448128E+1,   7.170994E-4,   1.498282E+3,   1.088724E-4,   6.878172E+0,   2.301641E-5,   100,1,1,1
        821,2026-09-08,10:36:38.034,         74,         10,   9.094000E+1,   1.001140E+3,   0.000000E+0,   1.804000E+1,   0.000000E+0,   0.000000E+0,   0.000000E+0,   1.000000E+2,   1.005792E+3,   1.157429E-3,   5.310059E-3,   1.547891E+3,   1.039635E-2,   4.931641E-2,   2.447925E+1,   7.566768E-4,   1.498282E+3,   1.074810E-4,   6.878221E+0,   2.747125E-5,   100,1,1,1
        822,2026-09-08,10:38:38.036,         75,         10,   9.094000E+1,   1.001140E+3,   0.000000E+0,   1.804000E+1,   0.000000E+0,   0.000000E+0,   0.000000E+0,   1.000000E+2,   1.005796E+3,   8.137602E-4,   3.295898E-3,   1.547873E+3,   8.470072E-3,   3.771973E-2,   2.447732E+1,   5.101053E-4,   1.498283E+3,   1.675856E-4,   6.878267E+0,   2.240566E-5,   100,1,1,1
        823,2026-09-08,10:40:38.038,         76,         10,   9.094000E+1,   1.001140E+3,   0.000000E+0,   1.804000E+1,   0.000000E+0,   0.000000E+0,   0.000000E+0,   1.000000E+2,   1.005798E+3,   6.910035E-4,   3.356934E-3,   1.547861E+3,   7.469789E-3,   4.809570E-2,   2.447757E+1,   5.813315E-4,   1.498283E+3,   2.157971E-4,   6.878299E+0,   1.988762E-5,   100,1,1,1
        824,2026-09-08,10:42:38.040,         77,         10,   9.094000E+1,   1.001140E+3,   0.000000E+0,   1.804000E+1,   0.000000E+0,   0.000000E+0,   0.000000E+0,   1.000000E+2,   1.005799E+3,   7.381727E-4,   3.234863E-3,   1.547852E+3,   7.261280E-3,   3.796387E-2,   2.447887E+1,   6.986989E-4,   1.498284E+3,   2.161873E-4,   6.878324E+0,   1.932073E-5,   100,1,1,1
        825,2026-09-08,10:44:38.042,         78,         10,   9.094000E+1,   1.001140E+3,   0.000000E+0,   1.804000E+1,   0.000000E+0,   0.000000E+0,   0.000000E+0,   1.000000E+2,   1.005801E+3,   7.462291E-4,   3.662109E-3,   1.547846E+3,   7.093905E-3,   3.515625E-2,   2.448141E+1,   9.006938E-4,   1.498285E+3,   2.523264E-4,   6.878339E+0,   1.886813E-5,   100,1,1,1
        826,2026-09-08,10:46:38.044,         79,         10,   9.094000E+1,   1.001140E+3,   0.000000E+0,   1.804000E+1,   0.000000E+0,   0.000000E+0,   0.000000E+0,   1.000000E+2,   1.005803E+3,   6.888273E-4,   3.479004E-3,   1.547842E+3,   7.136650E-3,   3.234863E-2,   2.448477E+1,   9.349198E-4,   1.498286E+3,   2.735084E-4,   6.878352E+0,   1.896622E-5,   100,1,1,1
        827,2026-09-08,10:48:38.046,         80,         10,   9.094000E+1,   1.001140E+3,   0.000000E+0,   1.804000E+1,   0.000000E+0,   0.000000E+0,   0.000000E+0,   1.000000E+2,   1.005805E+3,   1.023826E-3,   5.004883E-3,   1.547840E+3,   9.425508E-3,   4.687500E-2,   2.448762E+1,   7.609297E-4,   1.498287E+3,   2.253505E-4,   6.878358E+0,   2.500177E-5,   100,1,1,1
        828,2026-09-08,10:50:38.048,         81,         10,   9.094000E+1,   1.001140E+3,   0.000000E+0,   1.804000E+1,   0.000000E+0,   0.000000E+0,   0.000000E+0,   1.000000E+2,   1.005806E+3,   9.839329E-4,   3.967285E-3,   1.547834E+3,   8.051920E-3,   3.869629E-2,   2.449111E+1,   1.308163E-3,   1.498288E+3,   3.144072E-4,   6.878374E+0,   2.134836E-5,   100,1,1,1
        829,2026-09-08,10:52:38.050,         82,         10,   9.094000E+1,   1.001140E+3,   0.000000E+0,   1.804000E+1,   0.000000E+0,   0.000000E+0,   0.000000E+0,   1.000000E+2,   1.005806E+3,   5.928616E-4,   3.112793E-3,   1.547836E+3,   7.723140E-3,   3.637695E-2,   2.449645E+1,   1.477276E-3,   1.498289E+3,   2.956562E-4,   6.878371E+0,   2.045712E-5,   100,1,1,1
        830,2026-09-08,10:54:38.052,         83,         10,   9.094000E+1,   1.001140E+3,   0.000000E+0,   1.804000E+1,   0.000000E+0,   0.000000E+0,   0.000000E+0,   1.000000E+2,   1.005807E+3,   6.770169E-4,   2.990723E-3,   1.547834E+3,   8.466571E-3,   3.320313E-2,   2.450094E+1,   1.168363E-3,   1.498291E+3,   2.757855E-4,   6.878377E+0,   2.252069E-5,   100,1,1,1
        831,2026-09-08,12:16:20.427,         84,         10,   1.109000E+2,   1.001140E+3,   0.000000E+0,   1.804000E+1,   0.000000E+0,   0.000000E+0,   0.000000E+0,   1.000000E+2,   1.007687E+3,   2.496538E-3,   1.055908E-2,   1.555224E+3,   2.492319E-2,   1.116943E-1,   2.440280E+1,   1.162409E-2,   1.498718E+3,   2.388343E-3,   6.858828E+0,   6.285407E-5,   100,0,1,0
        832,2026-09-08,12:18:20.429,         85,         10,   1.109000E+2,   1.001140E+3,   0.000000E+0,   1.804000E+1,   0.000000E+0,   0.000000E+0,   0.000000E+0,   1.000000E+2,   1.007686E+3,   2.594629E-3,   1.165771E-2,   1.555287E+3,   1.471164E-2,   8.386230E-2,   2.444316E+1,   7.956819E-3,   1.498727E+3,   2.126423E-3,   6.858675E+0,   3.769827E-5,   100,0,1,0
        833,2026-09-08,12:20:20.431,         86,         10,   1.109000E+2,   1.001140E+3,   0.000000E+0,   1.804000E+1,   0.000000E+0,   0.000000E+0,   0.000000E+0,   1.000000E+2,   1.007691E+3,   1.304090E-3,   4.882812E-3,   1.555298E+3,   1.350691E-2,   6.860352E-2,   2.446103E+1,   2.706378E-3,   1.498732E+3,   8.729159E-4,   6.858649E+0,   3.542773E-5,   100,1,1,1
        834,2026-09-08,12:22:20.433,         87,         10,   1.109000E+2,   1.001140E+3,   0.000000E+0,   1.804000E+1,   0.000000E+0,   0.000000E+0,   0.000000E+0,   1.000000E+2,   1.007693E+3,   9.294435E-4,   4.272461E-3,   1.555318E+3,   1.662047E-2,   7.373047E-2,   2.447352E+1,   4.881882E-3,   1.498736E+3,   1.288777E-3,   6.858602E+0,   4.304650E-5,   100,1,1,1
        835,2026-09-08,12:24:20.435,         88,         10,   1.109000E+2,   1.001140E+3,   0.000000E+0,   1.804000E+1,   0.000000E+0,   0.000000E+0,   0.000000E+0,   1.000000E+2,   1.007692E+3,   1.099197E-3,   4.943848E-3,   1.555341E+3,   1.360486E-2,   6.665039E-2,   2.449259E+1,   3.808172E-3,   1.498741E+3,   7.432045E-4,   6.858544E+0,   3.550649E-5,   100,1,1,1
        836,2026-09-08,12:26:20.437,         89,         10,   1.109000E+2,   1.001140E+3,   0.000000E+0,   1.804000E+1,   0.000000E+0,   0.000000E+0,   0.000000E+0,   1.000000E+2,   1.007703E+3,   5.139541E-3,   1.812744E-2,   1.555284E+3,   3.191370E-2,   1.242676E-1,   2.448056E+1,   1.001813E-2,   1.498739E+3,   1.362967E-3,   6.858692E+0,   8.145565E-5,   100,0,1,0
        837,2026-09-08,12:28:20.439,         90,         10,   1.109000E+2,   1.001140E+3,   0.000000E+0,   1.804000E+1,   0.000000E+0,   0.000000E+0,   0.000000E+0,   1.000000E+2,   1.007725E+3,   5.680756E-3,   1.916504E-2,   1.555172E+3,   3.165984E-2,   1.315918E-1,   2.442890E+1,   1.457331E-2,   1.498733E+3,   1.565331E-3,   6.858974E+0,   7.961228E-5,   100,0,1,0
        838,2026-09-08,12:30:20.441,         91,         10,   1.109000E+2,   1.001140E+3,   0.000000E+0,   1.804000E+1,   0.000000E+0,   0.000000E+0,   0.000000E+0,   1.000000E+2,   1.007744E+3,   4.530842E-3,   1.544189E-2,   1.555084E+3,   2.500150E-2,   9.741211E-2,   2.438162E+1,   1.107703E-2,   1.498729E+3,   1.075387E-3,   6.859191E+0,   6.316877E-5,   100,0,1,0
        839,2026-09-08,12:32:20.443,         92,         10,   1.109000E+2,   1.001140E+3,   0.000000E+0,   1.804000E+1,   0.000000E+0,   0.000000E+0,   0.000000E+0,   1.000000E+2,   1.007761E+3,   5.955856E-3,   2.117920E-2,   1.554998E+3,   4.303935E-2,   1.683350E-1,   2.434086E+1,   1.349364E-2,   1.498724E+3,   1.844320E-3,   6.859407E+0,   1.097949E-4,   100,0,1,0
        840,2026-09-08,12:34:20.445,         93,         10,   1.109000E+2,   1.001140E+3,   0.000000E+0,   1.804000E+1,   0.000000E+0,   0.000000E+0,   0.000000E+0,   1.000000E+2,   1.007787E+3,   4.217166E-3,   1.647949E-2,   1.554864E+3,   2.033354E-2,   9.228516E-2,   2.427343E+1,   1.329946E-2,   1.498716E+3,   8.850525E-4,   6.859740E+0,   5.081053E-5,   100,0,1,0
        841,2026-09-08,12:36:20.447,         94,         10,   1.109000E+2,   1.001140E+3,   0.000000E+0,   1.804000E+1,   0.000000E+0,   0.000000E+0,   0.000000E+0,   1.000000E+2,   1.007799E+3,   2.867185E-3,   9.643555E-3,   1.554819E+3,   1.605735E-2,   6.628418E-2,   2.424362E+1,   5.646085E-3,   1.498715E+3,   3.762640E-4,   6.859850E+0,   4.117950E-5,   100,1,1,1
        842,2026-09-08,12:38:20.449,         95,         10,   1.109000E+2,   1.001140E+3,   0.000000E+0,   1.804000E+1,   0.000000E+0,   0.000000E+0,   0.000000E+0,   1.000000E+2,   1.007807E+3,   1.999691E-3,   7.446289E-3,   1.554786E+3,   1.249069E-2,   5.786133E-2,   2.422980E+1,   2.599162E-3,   1.498714E+3,   1.056519E-4,   6.859932E+0,   3.257603E-5,   100,1,1,1
        843,2026-09-08,12:47:38.886,         96,         10,   1.109000E+2,   1.031610E+3,   0.000000E+0,   1.804000E+1,   0.000000E+0,   0.000000E+0,   0.000000E+0,   1.000000E+2,   1.007559E+3,   7.355459E-3,   2.581787E-2,   1.552882E+3,   3.091775E-2,   1.152344E-1,   2.406548E+1,   1.189539E-2,   1.498620E+3,   1.307054E-3,   6.864902E+0,   7.851807E-5,   100,0,1,0
        844,2026-09-08,12:49:38.888,         97,         10,   1.109000E+2,   1.031610E+3,   0.000000E+0,   1.804000E+1,   0.000000E+0,   0.000000E+0,   0.000000E+0,   1.000000E+2,   1.007578E+3,   6.172505E-3,   2.081299E-2,   1.552804E+3,   1.818727E-2,   8.459473E-2,   2.402723E+1,   6.570662E-3,   1.498617E+3,   6.223071E-4,   6.865100E+0,   4.660867E-5,   100,0,1,0
        845,2026-09-08,12:51:38.890,         98,         10,   1.109000E+2,   1.031610E+3,   0.000000E+0,   1.804000E+1,   0.000000E+0,   0.000000E+0,   0.000000E+0,   1.000000E+2,   1.007597E+3,   3.165307E-3,   1.080322E-2,   1.552747E+3,   1.868403E-2,   8.557129E-2,   2.400785E+1,   4.536771E-3,   1.498618E+3,   3.205703E-4,   6.865243E+0,   4.831769E-5,   100,0,1,0
        846,2026-09-08,12:53:38.892,         99,         10,   1.109000E+2,   1.031610E+3,   0.000000E+0,   1.804000E+1,   0.000000E+0,   0.000000E+0,   0.000000E+0,   1.000000E+2,   1.007613E+3,   4.630426E-3,   1.721191E-2,   1.552665E+3,   2.443831E-2,   1.033936E-1,   2.397728E+1,   9.730072E-3,   1.498615E+3,   1.119476E-3,   6.865452E+0,   6.205185E-5,   100,0,1,0
        847,2026-09-08,12:55:38.894,        100,         10,   1.109000E+2,   1.031610E+3,   0.000000E+0,   1.804000E+1,   0.000000E+0,   0.000000E+0,   0.000000E+0,   1.000000E+2,   1.007632E+3,   4.622096E-3,   1.611328E-2,   1.552564E+3,   2.639043E-2,   1.099854E-1,   2.393266E+1,   1.165325E-2,   1.498610E+3,   1.138199E-3,   6.865706E+0,   6.673689E-5,   100,0,1,0
        848,2026-09-08,12:57:38.896,        101,         10,   1.109000E+2,   1.031610E+3,   0.000000E+0,   1.804000E+1,   0.000000E+0,   0.000000E+0,   0.000000E+0,   1.000000E+2,   1.007646E+3,   2.993125E-3,   1.086426E-2,   1.552500E+3,   1.400005E-2,   7.653809E-2,   2.389937E+1,   5.438641E-3,   1.498607E+3,   4.070397E-4,   6.865865E+0,   3.600731E-5,   100,0,1,0
        849,2026-09-08,12:59:38.899,        102,         10,   1.109000E+2,   1.031610E+3,   0.000000E+0,   1.804000E+1,   0.000000E+0,   0.000000E+0,   0.000000E+0,   1.000000E+2,   1.007656E+3,   2.977563E-3,   1.226807E-2,   1.552458E+3,   1.965358E-2,   9.838867E-2,   2.388029E+1,   5.418549E-3,   1.498606E+3,   6.157530E-4,   6.865972E+0,   5.069090E-5,   100,0,1,0
        850,2026-09-08,13:01:38.901,        103,         10,   1.109000E+2,   1.031610E+3,   0.000000E+0,   1.804000E+1,   0.000000E+0,   0.000000E+0,   0.000000E+0,   1.000000E+2,   1.007669E+3,   3.690184E-3,   1.293945E-2,   1.552381E+3,   1.987645E-2,   8.715820E-2,   2.385030E+1,   8.332156E-3,   1.498603E+3,   8.330638E-4,   6.866168E+0,   5.050539E-5,   100,0,1,0
        851,2026-09-08,13:03:38.903,        104,         10,   1.109000E+2,   1.031610E+3,   0.000000E+0,   1.804000E+1,   0.000000E+0,   0.000000E+0,   0.000000E+0,   1.000000E+2,   1.007680E+3,   2.998449E-3,   1.141357E-2,   1.552335E+3,   1.863819E-2,   9.472656E-2,   2.382781E+1,   5.594242E-3,   1.498601E+3,   5.945808E-4,   6.866282E+0,   4.797129E-5,   100,0,1,0
        852,2026-09-08,13:05:38.905,        105,         10,   1.109000E+2,   1.031610E+3,   0.000000E+0,   1.804000E+1,   0.000000E+0,   0.000000E+0,   0.000000E+0,   1.000000E+2,   1.007696E+3,   4.362840E-3,   1.538086E-2,   1.552249E+3,   3.195453E-2,   1.108398E-1,   2.379166E+1,   1.148049E-2,   1.498596E+3,   1.310359E-3,   6.866499E+0,   8.145390E-5,   100,0,1,0
        853,2026-09-08,13:07:38.907,        106,         10,   1.109000E+2,   1.031610E+3,   0.000000E+0,   1.804000E+1,   0.000000E+0,   0.000000E+0,   0.000000E+0,   1.000000E+2,   1.007713E+3,   3.906101E-3,   1.275635E-2,   1.552161E+3,   2.100158E-2,   8.935547E-2,   2.375025E+1,   9.019195E-3,   1.498592E+3,   8.831602E-4,   6.866720E+0,   5.334277E-5,   100,0,1,0
        854,2026-09-08,13:09:38.909,        107,         10,   1.109000E+2,   1.031610E+3,   0.000000E+0,   1.804000E+1,   0.000000E+0,   0.000000E+0,   0.000000E+0,   1.000000E+2,   1.007724E+3,   1.966900E-3,   8.361816E-3,   1.552111E+3,   1.448311E-2,   6.420898E-2,   2.372339E+1,   4.643277E-3,   1.498590E+3,   2.538459E-4,   6.866845E+0,   3.757728E-5,   100,1,1,1
        855,2026-09-08,13:11:38.911,        108,         10,   1.109000E+2,   1.031610E+3,   0.000000E+0,   1.804000E+1,   0.000000E+0,   0.000000E+0,   0.000000E+0,   1.000000E+2,   1.007734E+3,   2.932566E-3,   9.643555E-3,   1.552061E+3,   2.376736E-2,   8.923340E-2,   2.370341E+1,   7.065597E-3,   1.498588E+3,   8.303029E-4,   6.866971E+0,   6.106313E-5,   100,1,1,1
        856,2026-09-08,13:13:38.913,        109,         10,   1.109000E+2,   1.031610E+3,   0.000000E+0,   1.804000E+1,   0.000000E+0,   0.000000E+0,   0.000000E+0,   1.000000E+2,   1.007747E+3,   3.186566E-3,   1.159668E-2,   1.551995E+3,   1.973430E-2,   8.544922E-2,   2.367518E+1,   7.357145E-3,   1.498585E+3,   7.511816E-4,   6.867138E+0,   5.037979E-5,   100,0,1,0
        857,2026-09-08,13:15:38.915,        110,         10,   1.109000E+2,   1.031610E+3,   0.000000E+0,   1.804000E+1,   0.000000E+0,   0.000000E+0,   0.000000E+0,   1.000000E+2,   1.007763E+3,   4.329712E-3,   1.513672E-2,   1.551909E+3,   2.754284E-2,   1.236572E-1,   2.363852E+1,   1.016838E-2,   1.498581E+3,   1.135005E-3,   6.867354E+0,   7.033685E-5,   100,0,1,0
        858,2026-09-08,13:17:38.917,        111,         10,   1.109000E+2,   1.031610E+3,   0.000000E+0,   1.804000E+1,   0.000000E+0,   0.000000E+0,   0.000000E+0,   1.000000E+2,   1.007781E+3,   4.344657E-3,   1.538086E-2,   1.551808E+3,   2.579185E-2,   1.075439E-1,   2.359256E+1,   1.165625E-2,   1.498575E+3,   1.215380E-3,   6.867610E+0,   6.528912E-5,   100,0,1,0
        859,2026-09-08,13:19:38.919,        112,         10,   1.109000E+2,   1.031610E+3,   0.000000E+0,   1.804000E+1,   0.000000E+0,   0.000000E+0,   0.000000E+0,   1.000000E+2,   1.007793E+3,   2.258813E-3,   8.361816E-3,   1.551754E+3,   1.608412E-2,   6.933594E-2,   2.356030E+1,   5.176151E-3,   1.498572E+3,   3.506546E-4,   6.867743E+0,   4.149359E-5,   100,1,1,1
        860,2026-09-08,13:21:38.921,        113,         10,   1.109000E+2,   1.031610E+3,   0.000000E+0,   1.804000E+1,   0.000000E+0,   0.000000E+0,   0.000000E+0,   1.000000E+2,   1.007801E+3,   1.631857E-3,   6.652832E-3,   1.551717E+3,   1.190024E-2,   6.054687E-2,   2.354484E+1,   2.258490E-3,   1.498572E+3,   1.551666E-4,   6.867836E+0,   3.111984E-5,   100,1,1,1
        861,2026-09-08,13:23:38.923,        114,         10,   1.109000E+2,   1.031610E+3,   0.000000E+0,   1.804000E+1,   0.000000E+0,   0.000000E+0,   0.000000E+0,   1.000000E+2,   1.007808E+3,   3.079869E-3,   1.129150E-2,   1.551682E+3,   1.563784E-2,   7.580566E-2,   2.353471E+1,   4.861895E-3,   1.498571E+3,   6.598723E-4,   6.867927E+0,   4.036057E-5,   100,0,1,0
        862,2026-09-08,13:25:38.925,        115,         10,   1.109000E+2,   1.031610E+3,   0.000000E+0,   1.804000E+1,   0.000000E+0,   0.000000E+0,   0.000000E+0,   1.000000E+2,   1.007821E+3,   2.498377E-3,   9.033203E-3,   1.551615E+3,   1.434313E-2,   7.275391E-2,   2.350863E+1,   5.448057E-3,   1.498568E+3,   3.501907E-4,   6.868095E+0,   3.692613E-5,   100,1,1,1
        863,2026-09-08,13:27:38.927,        116,         10,   1.109000E+2,   1.031610E+3,   0.000000E+0,   1.804000E+1,   0.000000E+0,   0.000000E+0,   0.000000E+0,   1.000000E+2,   1.007830E+3,   2.336850E-3,   9.216309E-3,   1.551579E+3,   2.039733E-2,   1.059570E-1,   2.349104E+1,   4.249900E-3,   1.498567E+3,   3.724140E-4,   6.868186E+0,   5.305309E-5,   100,1,1,1
        864,2026-09-08,13:29:38.929,        117,         10,   1.109000E+2,   1.031610E+3,   0.000000E+0,   1.804000E+1,   0.000000E+0,   0.000000E+0,   0.000000E+0,   1.000000E+2,   1.007842E+3,   3.590473E-3,   1.220703E-2,   1.551510E+3,   2.482638E-2,   1.070557E-1,   2.346628E+1,   8.244645E-3,   1.498564E+3,   9.800849E-4,   6.868361E+0,   6.363343E-5,   100,0,1,0
        865,2026-09-08,13:31:38.931,        118,         10,   1.109000E+2,   1.031610E+3,   0.000000E+0,   1.804000E+1,   0.000000E+0,   0.000000E+0,   0.000000E+0,   1.000000E+2,   1.007854E+3,   2.502575E-3,   8.300781E-3,   1.551451E+3,   1.597072E-2,   6.677246E-2,   2.343810E+1,   5.542918E-3,   1.498562E+3,   3.060155E-4,   6.868511E+0,   4.111325E-5,   100,1,1,1
        866,2026-09-08,13:33:38.933,        119,         10,   1.109000E+2,   1.031610E+3,   0.000000E+0,   1.804000E+1,   0.000000E+0,   0.000000E+0,   0.000000E+0,   1.000000E+2,   1.007861E+3,   2.165376E-3,   7.934570E-3,   1.551427E+3,   1.219910E-2,   5.981445E-2,   2.342466E+1,   2.458363E-3,   1.498561E+3,   1.194781E-4,   6.868569E+0,   3.200608E-5,   100,1,1,1
        867,2026-09-08,13:35:38.935,        120,         10,   1.109000E+2,   1.031610E+3,   0.000000E+0,   1.804000E+1,   0.000000E+0,   0.000000E+0,   0.000000E+0,   1.000000E+2,   1.007866E+3,   8.637959E-4,   3.540039E-3,   1.551412E+3,   1.251585E-2,   5.041504E-2,   2.341946E+1,   8.523087E-4,   1.498562E+3,   4.755760E-4,   6.868607E+0,   3.307733E-5,   100,1,1,1
        868,2026-09-08,13:37:38.937,        121,         10,   1.109000E+2,   1.031610E+3,   0.000000E+0,   1.804000E+1,   0.000000E+0,   0.000000E+0,   0.000000E+0,   1.000000E+2,   1.007873E+3,   3.170636E-3,   1.116943E-2,   1.551368E+3,   1.281683E-2,   5.786133E-2,   2.341085E+1,   5.010855E-3,   1.498561E+3,   6.039544E-4,   6.868721E+0,   3.302091E-5,   100,0,1,0
        869,2026-09-08,13:39:38.939,        122,         10,   1.109000E+2,   1.031610E+3,   0.000000E+0,   1.804000E+1,   0.000000E+0,   0.000000E+0,   0.000000E+0,   1.000000E+2,   1.007882E+3,   1.800181E-3,   6.958008E-3,   1.551329E+3,   1.474606E-2,   6.433105E-2,   2.339380E+1,   3.220058E-3,   1.498560E+3,   1.340080E-4,   6.868820E+0,   3.854955E-5,   100,1,1,1
        870,2026-09-08,13:41:38.941,        123,         10,   1.109000E+2,   1.031610E+3,   0.000000E+0,   1.804000E+1,   0.000000E+0,   0.000000E+0,   0.000000E+0,   1.000000E+2,   1.007890E+3,   2.375510E-3,   7.934570E-3,   1.551283E+3,   1.492915E-2,   7.812500E-2,   2.337852E+1,   4.520050E-3,   1.498558E+3,   4.286530E-4,   6.868937E+0,   3.856314E-5,   100,1,1,1
        871,2026-09-08,13:43:38.943,        124,         10,   1.109000E+2,   1.031610E+3,   0.000000E+0,   1.804000E+1,   0.000000E+0,   0.000000E+0,   0.000000E+0,   1.000000E+2,   1.007898E+3,   2.061837E-3,   7.812500E-3,   1.551255E+3,   1.811796E-2,   7.238770E-2,   2.336444E+1,   3.947319E-3,   1.498557E+3,   2.608873E-4,   6.869007E+0,   4.707873E-5,   100,1,1,1
        872,2026-09-08,13:45:38.945,        125,         10,   1.109000E+2,   1.031610E+3,   0.000000E+0,   1.804000E+1,   0.000000E+0,   0.000000E+0,   0.000000E+0,   1.000000E+2,   1.007908E+3,   3.675765E-3,   1.226807E-2,   1.551192E+3,   1.902578E-2,   8.435059E-2,   2.334352E+1,   7.798027E-3,   1.498555E+3,   1.017531E-3,   6.869167E+0,   4.856892E-5,   100,0,1,0
        873,2026-09-08,13:47:38.947,        126,         10,   1.109000E+2,   1.031610E+3,   0.000000E+0,   1.804000E+1,   0.000000E+0,   0.000000E+0,   0.000000E+0,   1.000000E+2,   1.007917E+3,   1.877334E-3,   7.141113E-3,   1.551152E+3,   1.457788E-2,   6.494141E-2,   2.332232E+1,   3.646801E-3,   1.498554E+3,   2.530144E-4,   6.869268E+0,   3.792818E-5,   100,1,1,1
        874,2026-09-08,13:49:38.949,        127,         10,   1.109000E+2,   1.031610E+3,   0.000000E+0,   1.804000E+1,   0.000000E+0,   0.000000E+0,   0.000000E+0,   1.000000E+2,   1.007923E+3,   1.666791E-3,   5.920410E-3,   1.551129E+3,   1.166119E-2,   5.493164E-2,   2.331227E+1,   2.180051E-3,   1.498553E+3,   1.195725E-4,   6.869326E+0,   3.055048E-5,   100,1,1,1
        875,2026-09-08,13:51:38.951,        128,         10,   1.109000E+2,   1.031610E+3,   0.000000E+0,   1.804000E+1,   0.000000E+0,   0.000000E+0,   0.000000E+0,   1.000000E+2,   1.007929E+3,   2.528159E-3,   8.117676E-3,   1.551100E+3,   1.510089E-2,   6.555176E-2,   2.330358E+1,   3.561073E-3,   1.498553E+3,   4.761374E-4,   6.869401E+0,   3.929183E-5,   100,1,1,1
        876,2026-09-08,13:53:38.953,        129,         10,   1.109000E+2,   1.031610E+3,   0.000000E+0,   1.804000E+1,   0.000000E+0,   0.000000E+0,   0.000000E+0,   1.000000E+2,   1.007940E+3,   2.972993E-3,   1.123047E-2,   1.551040E+3,   1.998295E-2,   8.935547E-2,   2.328218E+1,   6.346618E-3,   1.498550E+3,   7.951710E-4,   6.869555E+0,   5.147675E-5,   100,0,1,0
        877,2026-09-08,13:55:38.955,        130,         10,   1.109000E+2,   1.031610E+3,   0.000000E+0,   1.804000E+1,   0.000000E+0,   0.000000E+0,   0.000000E+0,   1.000000E+2,   1.007949E+3,   1.398283E-3,   5.920410E-3,   1.550999E+3,   1.722123E-2,   7.922363E-2,   2.326336E+1,   2.989869E-3,   1.498549E+3,   5.039051E-4,   6.869656E+0,   4.504700E-5,   100,1,1,1
        878,2026-09-08,13:57:38.957,        131,         10,   1.109000E+2,   1.031610E+3,   0.000000E+0,   1.804000E+1,   0.000000E+0,   0.000000E+0,   0.000000E+0,   1.000000E+2,   1.007953E+3,   2.861909E-3,   1.110840E-2,   1.550970E+3,   1.827881E-2,   7.971191E-2,   2.326375E+1,   6.796887E-3,   1.498550E+3,   8.256236E-4,   6.869735E+0,   4.667602E-5,   100,0,1,0
        879,2026-09-08,13:59:38.959,        132,         10,   1.109000E+2,   1.031610E+3,   0.000000E+0,   1.804000E+1,   0.000000E+0,   0.000000E+0,   0.000000E+0,   1.000000E+2,   1.007960E+3,   1.574351E-3,   5.798340E-3,   1.550934E+3,   9.898854E-3,   4.907227E-2,   2.324613E+1,   2.424261E-3,   1.498548E+3,   1.135817E-4,   6.869823E+0,   2.577344E-5,   100,1,1,1
        880,2026-09-08,14:01:38.961,        133,         10,   1.109000E+2,   1.031610E+3,   0.000000E+0,   1.804000E+1,   0.000000E+0,   0.000000E+0,   0.000000E+0,   1.000000E+2,   1.007966E+3,   1.350310E-3,   5.554199E-3,   1.550911E+3,   8.794714E-3,   3.796387E-2,   2.323957E+1,   1.667385E-3,   1.498549E+3,   2.178001E-4,   6.869882E+0,   2.302268E-5,   100,1,1,1
        881,2026-09-08,14:03:38.964,        134,         10,   1.109000E+2,   1.031610E+3,   0.000000E+0,   1.804000E+1,   0.000000E+0,   0.000000E+0,   0.000000E+0,   1.000000E+2,   1.007972E+3,   2.081855E-3,   8.361816E-3,   1.550883E+3,   1.004201E-2,   4.687500E-2,   2.323275E+1,   2.364542E-3,   1.498549E+3,   1.087617E-4,   6.869956E+0,   2.602786E-5,   100,1,1,1
        882,2026-09-08,14:05:38.966,        135,         10,   1.109000E+2,   1.031610E+3,   0.000000E+0,   1.804000E+1,   0.000000E+0,   0.000000E+0,   0.000000E+0,   1.000000E+2,   1.007980E+3,   2.000995E-3,   7.873535E-3,   1.550843E+3,   1.087982E-2,   6.091309E-2,   2.321952E+1,   3.356536E-3,   1.498548E+3,   1.963386E-4,   6.870057E+0,   2.818784E-5,   100,1,1,1
        883,2026-09-08,14:07:38.968,        136,         10,   1.109000E+2,   1.031610E+3,   0.000000E+0,   1.804000E+1,   0.000000E+0,   0.000000E+0,   0.000000E+0,   1.000000E+2,   1.007985E+3,   1.788019E-3,   6.958008E-3,   1.550820E+3,   1.062669E-2,   5.175781E-2,   2.321206E+1,   2.042891E-3,   1.498548E+3,   1.646727E-4,   6.870116E+0,   2.773418E-5,   100,1,1,1
        884,2026-09-08,14:09:38.970,        137,         10,   1.109000E+2,   1.031610E+3,   0.000000E+0,   1.804000E+1,   0.000000E+0,   0.000000E+0,   0.000000E+0,   1.000000E+2,   1.007993E+3,   1.986543E-3,   8.117676E-3,   1.550781E+3,   1.144881E-2,   5.041504E-2,   2.319952E+1,   3.801482E-3,   1.498547E+3,   2.497964E-4,   6.870215E+0,   2.947963E-5,   100,1,1,1
        885,2026-09-08,14:11:38.972,        138,         10,   1.109000E+2,   1.031610E+3,   0.000000E+0,   1.804000E+1,   0.000000E+0,   0.000000E+0,   0.000000E+0,   1.000000E+2,   1.008000E+3,   1.618323E-3,   6.774902E-3,   1.550749E+3,   9.778859E-3,   5.407715E-2,   2.318769E+1,   2.405883E-3,   1.498546E+3,   9.562371E-5,   6.870298E+0,   2.548929E-5,   100,1,1,1
        886,2026-09-08,14:13:38.974,        139,         10,   1.109000E+2,   1.031610E+3,   0.000000E+0,   1.804000E+1,   0.000000E+0,   0.000000E+0,   0.000000E+0,   1.000000E+2,   1.008004E+3,   1.413122E-3,   5.310059E-3,   1.550736E+3,   9.011138E-3,   4.931641E-2,   2.318427E+1,   5.726079E-4,   1.498547E+3,   1.729993E-4,   6.870332E+0,   2.379986E-5,   100,1,1,1
        887,2026-09-08,14:15:38.976,        140,         10,   1.109000E+2,   1.031610E+3,   0.000000E+0,   1.804000E+1,   0.000000E+0,   0.000000E+0,   0.000000E+0,   1.000000E+2,   1.008010E+3,   2.400189E-3,   9.155273E-3,   1.550703E+3,   1.528143E-2,   7.556152E-2,   2.317738E+1,   3.975223E-3,   1.498547E+3,   4.613015E-4,   6.870415E+0,   3.946156E-5,   100,1,1,1
        888,2026-09-08,14:28:50.126,        141,         10,   1.109000E+2,   1.064250E+3,   0.000000E+0,   1.804000E+1,   0.000000E+0,   0.000000E+0,   0.000000E+0,   1.000000E+2,   1.007728E+3,   3.796768E-3,   1.733398E-2,   1.548884E+3,   1.581122E-2,   8.239746E-2,   2.308247E+1,   3.498575E-3,   1.498461E+3,   9.464905E-4,   6.875206E+0,   4.258453E-5,   100,0,1,0
        889,2026-09-08,14:30:50.128,        142,         10,   1.109000E+2,   1.064250E+3,   0.000000E+0,   1.804000E+1,   0.000000E+0,   0.000000E+0,   0.000000E+0,   1.000000E+2,   1.007740E+3,   4.472131E-3,   1.745605E-2,   1.548831E+3,   2.165620E-2,   9.533691E-2,   2.308351E+1,   1.895994E-3,   1.498463E+3,   6.555792E-4,   6.875347E+0,   5.698519E-5,   100,0,1,0
        890,2026-09-08,14:32:50.130,        143,         10,   1.109000E+2,   1.064250E+3,   0.000000E+0,   1.804000E+1,   0.000000E+0,   0.000000E+0,   0.000000E+0,   1.000000E+2,   1.007760E+3,   4.235320E-3,   1.593018E-2,   1.548775E+3,   1.684283E-2,   8.593750E-2,   2.307550E+1,   2.597540E-3,   1.498466E+3,   4.851517E-4,   6.875494E+0,   4.417348E-5,   100,0,1,0
        891,2026-09-08,14:34:50.132,        144,         10,   1.109000E+2,   1.064250E+3,   0.000000E+0,   1.804000E+1,   0.000000E+0,   0.000000E+0,   0.000000E+0,   1.000000E+2,   1.007769E+3,   1.164315E-3,   5.432129E-3,   1.548737E+3,   1.241158E-2,   6.152344E-2,   2.306839E+1,   6.235454E-4,   1.498467E+3,   4.487666E-4,   6.875592E+0,   3.292825E-5,   100,1,1,1
        892,2026-09-08,14:36:50.134,        145,         10,   1.109000E+2,   1.064250E+3,   0.000000E+0,   1.804000E+1,   0.000000E+0,   0.000000E+0,   0.000000E+0,   1.000000E+2,   1.007772E+3,   7.677518E-4,   3.051758E-3,   1.548731E+3,   9.899154E-3,   4.382324E-2,   2.307195E+1,   2.184171E-3,   1.498469E+3,   6.650900E-4,   6.875608E+0,   2.624344E-5,   100,1,1,1
        893,2026-09-08,14:38:50.136,        146,         10,   1.109000E+2,   1.064250E+3,   0.000000E+0,   1.804000E+1,   0.000000E+0,   0.000000E+0,   0.000000E+0,   1.000000E+2,   1.007776E+3,   1.601040E-3,   6.652832E-3,   1.548719E+3,   1.195063E-2,   5.346680E-2,   2.307570E+1,   1.002614E-3,   1.498470E+3,   3.384068E-4,   6.875643E+0,   3.159557E-5,   100,1,1,1
        894,2026-09-08,14:40:50.138,        147,         10,   1.109000E+2,   1.064250E+3,   0.000000E+0,   1.804000E+1,   0.000000E+0,   0.000000E+0,   0.000000E+0,   1.000000E+2,   1.007782E+3,   2.343460E-3,   8.422852E-3,   1.548667E+3,   2.153017E-2,   9.057617E-2,   2.306660E+1,   6.105693E-3,   1.498469E+3,   1.098303E-3,   6.875778E+0,   5.583349E-5,   100,1,1,1
        895,2026-09-09,07:30:34.035,          1,        101,   0.000000E+0,   1.000000E+2,   0.000000E+0,   0.000000E+0,   0.000000E+0,   0.000000E+0,   0.000000E+0,   1.000000E+2,   9.974602E+2,   5.487952E-4,   2.502441E-3,   1.491710E+3,   4.645578E-3,   2.111816E-2,   2.318027E+1,   9.839329E-4,   1.496009E+3,   1.764451E-4,   7.032590E+0,   1.307650E-5,   100,1,1,1
        896,2026-09-09,07:32:34.037,          2,        101,   0.000000E+0,   1.000000E+2,   0.000000E+0,   0.000000E+0,   0.000000E+0,   0.000000E+0,   0.000000E+0,   1.000000E+2,   9.974589E+2,   4.705040E-4,   2.014160E-3,   1.491719E+3,   2.928399E-3,   1.611328E-2,   2.318283E+1,   5.771740E-4,   1.496009E+3,   1.084291E-4,   7.032566E+0,   8.286292E-6,   100,1,1,1
        897,2026-09-09,07:34:34.039,          3,        101,   0.000000E+0,   1.000000E+2,   0.000000E+0,   0.000000E+0,   0.000000E+0,   0.000000E+0,   0.000000E+0,   1.000000E+2,   9.974569E+2,   7.309539E-4,   3.051758E-3,   1.491733E+3,   5.410741E-3,   2.648926E-2,   2.318727E+1,   1.634956E-3,   1.496010E+3,   2.456036E-4,   7.032525E+0,   1.507549E-5,   100,1,1,1
        898,2026-09-09,07:36:34.041,          4,        101,   0.000000E+0,   1.000000E+2,   0.000000E+0,   0.000000E+0,   0.000000E+0,   0.000000E+0,   0.000000E+0,   1.000000E+2,   9.974546E+2,   2.006086E-3,   1.129150E-2,   1.491747E+3,   4.128793E-3,   1.867676E-2,   2.319192E+1,   9.698161E-4,   1.496010E+3,   4.830296E-4,   7.032486E+0,   1.161295E-5,   100,0,1,0
        899,2026-09-09,07:38:34.043,          5,        101,   0.000000E+0,   1.000000E+2,   0.000000E+0,   0.000000E+0,   0.000000E+0,   0.000000E+0,   0.000000E+0,   1.000000E+2,   9.974529E+2,   6.576938E-4,   3.051758E-3,   1.491766E+3,   6.845503E-3,   2.978516E-2,   2.319813E+1,   2.162453E-3,   1.496011E+3,   3.145412E-4,   7.032434E+0,   1.899692E-5,   100,1,1,1
        900,2026-09-09,07:40:34.045,          6,        101,   0.000000E+0,   1.000000E+2,   0.000000E+0,   0.000000E+0,   0.000000E+0,   0.000000E+0,   0.000000E+0,   1.000000E+2,   9.974505E+2,   1.222335E-3,   7.202148E-3,   1.491786E+3,   6.018123E-3,   2.355957E-2,   2.320478E+1,   1.752839E-3,   1.496012E+3,   2.812037E-4,   7.032380E+0,   1.674381E-5,   100,1,1,1
        901,2026-09-09,07:42:34.047,          7,        101,   0.000000E+0,   1.000000E+2,   0.000000E+0,   0.000000E+0,   0.000000E+0,   0.000000E+0,   0.000000E+0,   1.000000E+2,   9.974482E+2,   2.027429E-3,   1.147461E-2,   1.491802E+3,   3.896647E-3,   1.794434E-2,   2.321060E+1,   9.917221E-4,   1.496013E+3,   5.415899E-4,   7.032335E+0,   1.099327E-5,   100,0,1,0
        902,2026-09-09,07:44:34.049,          8,        101,   0.000000E+0,   1.000000E+2,   0.000000E+0,   0.000000E+0,   0.000000E+0,   0.000000E+0,   0.000000E+0,   1.000000E+2,   9.974525E+2,   2.129993E-3,   7.629395E-3,   1.491717E+3,   3.366072E-2,   1.149902E-1,   2.318512E+1,   1.149619E-2,   1.496010E+3,   1.728326E-3,   7.032571E+0,   9.307301E-5,   100,1,1,1
        903,2026-09-09,07:46:34.051,          9,        101,   0.000000E+0,   1.000000E+2,   0.000000E+0,   0.000000E+0,   0.000000E+0,   0.000000E+0,   0.000000E+0,   1.000000E+2,   9.974631E+2,   3.175232E-3,   1.196289E-2,   1.491559E+3,   4.529500E-2,   1.539307E-1,   2.313131E+1,   1.580919E-2,   1.496001E+3,   2.339250E-3,   7.033006E+0,   1.251366E-4,   100,0,1,0
        904,2026-09-09,07:48:34.053,         10,        101,   0.000000E+0,   1.000000E+2,   0.000000E+0,   0.000000E+0,   0.000000E+0,   0.000000E+0,   0.000000E+0,   1.000000E+2,   9.974767E+2,   3.329281E-3,   1.232910E-2,   1.491369E+3,   4.369589E-2,   1.589355E-1,   2.306469E+1,   1.577878E-2,   1.495992E+3,   2.308734E-3,   7.033533E+0,   1.206389E-4,   100,0,1,0
        905,2026-09-09,07:50:34.055,         11,        101,   0.000000E+0,   1.000000E+2,   0.000000E+0,   0.000000E+0,   0.000000E+0,   0.000000E+0,   0.000000E+0,   1.000000E+2,   9.974897E+2,   3.501943E-3,   1.135254E-2,   1.491195E+3,   4.512583E-2,   1.494141E-1,   2.300293E+1,   1.597072E-2,   1.495982E+3,   2.427642E-3,   7.034014E+0,   1.246711E-4,   100,0,1,0
        906,2026-09-09,07:52:34.058,         12,        101,   0.000000E+0,   1.000000E+2,   0.000000E+0,   0.000000E+0,   0.000000E+0,   0.000000E+0,   0.000000E+0,   1.000000E+2,   9.974994E+2,   1.694991E-3,   6.408691E-3,   1.491077E+3,   2.249715E-2,   8.154297E-2,   2.295833E+1,   7.829951E-3,   1.495976E+3,   1.149395E-3,   7.034338E+0,   6.221092E-5,   100,1,1,1
        907,2026-09-09,07:54:34.060,         13,        101,   0.000000E+0,   1.000000E+2,   0.000000E+0,   0.000000E+0,   0.000000E+0,   0.000000E+0,   0.000000E+0,   1.000000E+2,   9.975056E+2,   1.214879E-3,   4.882812E-3,   1.491000E+3,   1.408945E-2,   5.419922E-2,   2.292982E+1,   5.202483E-3,   1.495972E+3,   7.423179E-4,   7.034551E+0,   3.894917E-5,   100,1,1,1
        908,2026-09-09,07:56:34.062,         14,        101,   0.000000E+0,   1.000000E+2,   0.000000E+0,   0.000000E+0,   0.000000E+0,   0.000000E+0,   0.000000E+0,   1.000000E+2,   9.975119E+2,   2.043639E-3,   7.629395E-3,   1.490909E+3,   2.812633E-2,   1.002197E-1,   2.289895E+1,   9.572150E-3,   1.495967E+3,   1.477887E-3,   7.034803E+0,   7.785831E-5,   100,1,1,1
        909,2026-09-09,07:58:34.064,         15,        101,   0.000000E+0,   1.000000E+2,   0.000000E+0,   0.000000E+0,   0.000000E+0,   0.000000E+0,   0.000000E+0,   1.000000E+2,   9.975203E+2,   2.588951E-3,   1.043701E-2,   1.490789E+3,   3.200372E-2,   1.123047E-1,   2.285740E+1,   1.133554E-2,   1.495961E+3,   1.675818E-3,   7.035133E+0,   8.849969E-5,   100,0,1,0
        910,2026-09-09,08:00:34.066,         16,        101,   0.000000E+0,   1.000000E+2,   0.000000E+0,   0.000000E+0,   0.000000E+0,   0.000000E+0,   0.000000E+0,   1.000000E+2,   9.975292E+2,   2.422098E-3,   8.422852E-3,   1.490673E+3,   3.352686E-2,   1.083984E-1,   2.281665E+1,   1.147860E-2,   1.495955E+3,   1.723972E-3,   7.035455E+0,   9.280488E-5,   100,1,1,1
        911,2026-09-09,08:02:34.068,         17,        101,   0.000000E+0,   1.000000E+2,   0.000000E+0,   0.000000E+0,   0.000000E+0,   0.000000E+0,   0.000000E+0,   1.000000E+2,   9.975383E+2,   2.701703E-3,   9.704590E-3,   1.490550E+3,   3.814224E-2,   1.199951E-1,   2.277367E+1,   1.271807E-2,   1.495948E+3,   1.952894E-3,   7.035794E+0,   1.057317E-4,   100,1,1,1
        912,2026-09-09,08:04:34.070,         18,        101,   0.000000E+0,   1.000000E+2,   0.000000E+0,   0.000000E+0,   0.000000E+0,   0.000000E+0,   0.000000E+0,   1.000000E+2,   9.975488E+2,   2.583711E-3,   1.013184E-2,   1.490412E+3,   3.648151E-2,   1.275635E-1,   2.272592E+1,   1.281179E-2,   1.495941E+3,   1.867050E-3,   7.036177E+0,   1.009515E-4,   100,0,1,0
        913,2026-09-09,08:06:34.072,         19,        101,   0.000000E+0,   1.000000E+2,   0.000000E+0,   0.000000E+0,   0.000000E+0,   0.000000E+0,   0.000000E+0,   1.000000E+2,   9.975577E+2,   2.335204E-3,   1.098633E-2,   1.490291E+3,   2.634750E-2,   8.959961E-2,   2.268180E+1,   9.341920E-3,   1.495934E+3,   1.380564E-3,   7.036512E+0,   7.288015E-5,   100,0,1,0
        914,2026-09-09,08:08:34.074,         20,        101,   0.000000E+0,   1.000000E+2,   0.000000E+0,   0.000000E+0,   0.000000E+0,   0.000000E+0,   0.000000E+0,   1.000000E+2,   9.975654E+2,   1.729019E-3,   7.202148E-3,   1.490197E+3,   2.223128E-2,   8.349609E-2,   2.264773E+1,   8.162878E-3,   1.495930E+3,   1.180370E-3,   7.036772E+0,   6.145598E-5,   100,1,1,1
        915,2026-09-09,08:10:34.076,         21,        101,   0.000000E+0,   1.000000E+2,   0.000000E+0,   0.000000E+0,   0.000000E+0,   0.000000E+0,   0.000000E+0,   1.000000E+2,   9.975711E+2,   1.531363E-3,   7.568359E-3,   1.490122E+3,   1.620796E-2,   5.639648E-2,   2.262048E+1,   5.780907E-3,   1.495925E+3,   1.015000E-3,   7.036978E+0,   4.486645E-5,   100,1,1,1
        916,2026-09-09,08:12:34.078,         22,        101,   0.000000E+0,   1.000000E+2,   0.000000E+0,   0.000000E+0,   0.000000E+0,   0.000000E+0,   0.000000E+0,   1.000000E+2,   9.975759E+2,   1.464916E-3,   5.920410E-3,   1.490060E+3,   2.167633E-2,   7.238770E-2,   2.259897E+1,   7.042083E-3,   1.495922E+3,   1.090088E-3,   7.037149E+0,   6.017835E-5,   100,1,1,1
        917,2026-09-09,08:32:55.948,         23,         11,   9.100000E+1,   9.100300E+2,   0.000000E+0,   0.000000E+0,   0.000000E+0,   0.000000E+0,   0.000000E+0,   1.000000E+2,   1.005778E+3,   2.336849E-3,   8.117676E-3,   1.540126E+3,   1.262357E-2,   5.664062E-2,   2.262900E+1,   3.450384E-3,   1.497897E+3,   2.904585E-4,   6.898429E+0,   3.310932E-5,   100,1,1,1
        918,2026-09-09,08:34:55.950,         24,         11,   9.100000E+1,   9.100300E+2,   0.000000E+0,   0.000000E+0,   0.000000E+0,   0.000000E+0,   0.000000E+0,   1.000000E+2,   1.005788E+3,   3.000061E-3,   1.171875E-2,   1.540068E+3,   1.452270E-2,   8.532715E-2,   2.261056E+1,   5.564599E-3,   1.497895E+3,   5.274197E-4,   6.898581E+0,   3.770565E-5,   100,0,1,0
        919,2026-09-09,08:36:55.952,         25,         11,   9.100000E+1,   9.100300E+2,   0.000000E+0,   0.000000E+0,   0.000000E+0,   0.000000E+0,   0.000000E+0,   1.000000E+2,   1.005798E+3,   2.113516E-3,   7.141113E-3,   1.540020E+3,   1.383427E-2,   5.639648E-2,   2.259217E+1,   4.035047E-3,   1.497894E+3,   3.332413E-4,   6.898703E+0,   3.632207E-5,   100,1,1,1
        920,2026-09-09,08:38:55.955,         26,         11,   9.100000E+1,   9.100300E+2,   0.000000E+0,   0.000000E+0,   0.000000E+0,   0.000000E+0,   0.000000E+0,   1.000000E+2,   1.005806E+3,   2.107493E-3,   8.605957E-3,   1.539980E+3,   1.296224E-2,   6.274414E-2,   2.257681E+1,   3.722038E-3,   1.497893E+3,   2.439278E-4,   6.898806E+0,   3.393428E-5,   100,1,1,1
        921,2026-09-09,08:40:55.957,         27,         11,   9.100000E+1,   9.100300E+2,   0.000000E+0,   0.000000E+0,   0.000000E+0,   0.000000E+0,   0.000000E+0,   1.000000E+2,   1.005816E+3,   2.448683E-3,   8.666992E-3,   1.539929E+3,   1.396912E-2,   6.005859E-2,   2.255807E+1,   4.832083E-3,   1.497891E+3,   3.580561E-4,   6.898938E+0,   3.637055E-5,   100,1,1,1
        922,2026-09-09,08:42:55.959,         28,         11,   9.100000E+1,   9.100300E+2,   0.000000E+0,   0.000000E+0,   0.000000E+0,   0.000000E+0,   0.000000E+0,   1.000000E+2,   1.005824E+3,   2.094585E-3,   8.239746E-3,   1.539884E+3,   1.136003E-2,   5.407715E-2,   2.254031E+1,   4.105289E-3,   1.497890E+3,   2.829858E-4,   6.899053E+0,   2.958395E-5,   100,1,1,1
        923,2026-09-09,08:44:55.961,         29,         11,   9.100000E+1,   9.100300E+2,   0.000000E+0,   0.000000E+0,   0.000000E+0,   0.000000E+0,   0.000000E+0,   1.000000E+2,   1.005832E+3,   1.786605E-3,   7.141113E-3,   1.539849E+3,   1.033044E-2,   4.858398E-2,   2.252745E+1,   2.938768E-3,   1.497889E+3,   1.380196E-4,   6.899146E+0,   2.711288E-5,   100,1,1,1
        924,2026-09-09,08:46:55.963,         30,         11,   9.100000E+1,   9.100300E+2,   0.000000E+0,   0.000000E+0,   0.000000E+0,   0.000000E+0,   0.000000E+0,   1.000000E+2,   1.005839E+3,   2.392613E-3,   9.582520E-3,   1.539808E+3,   1.442496E-2,   5.480957E-2,   2.251431E+1,   4.133843E-3,   1.497888E+3,   3.610451E-4,   6.899250E+0,   3.773510E-5,   100,1,1,1
        925,2026-09-09,08:48:55.965,         31,         11,   9.100000E+1,   9.100300E+2,   0.000000E+0,   0.000000E+0,   0.000000E+0,   0.000000E+0,   0.000000E+0,   1.000000E+2,   1.005847E+3,   1.583852E-3,   7.080078E-3,   1.539772E+3,   1.030107E-2,   5.090332E-2,   2.250046E+1,   2.305934E-3,   1.497887E+3,   1.496308E-4,   6.899343E+0,   2.721616E-5,   100,1,1,1
        926,2026-09-09,08:50:55.967,         32,         11,   9.100000E+1,   9.100300E+2,   0.000000E+0,   0.000000E+0,   0.000000E+0,   0.000000E+0,   0.000000E+0,   1.000000E+2,   1.005854E+3,   1.653226E-3,   6.408691E-3,   1.539741E+3,   1.122285E-2,   5.749512E-2,   2.249051E+1,   2.316906E-3,   1.497887E+3,   9.134906E-5,   6.899424E+0,   2.964579E-5,   100,1,1,1
        927,2026-09-09,08:52:55.969,         33,         11,   9.100000E+1,   9.100300E+2,   0.000000E+0,   0.000000E+0,   0.000000E+0,   0.000000E+0,   0.000000E+0,   1.000000E+2,   1.005859E+3,   1.358469E-3,   5.187988E-3,   1.539713E+3,   9.812819E-3,   4.589844E-2,   2.248291E+1,   1.744376E-3,   1.497887E+3,   2.760037E-4,   6.899497E+0,   2.604572E-5,   100,1,1,1
        928,2026-09-09,08:54:55.971,         34,         11,   9.100000E+1,   9.100300E+2,   0.000000E+0,   0.000000E+0,   0.000000E+0,   0.000000E+0,   0.000000E+0,   1.000000E+2,   1.005863E+3,   9.757644E-4,   3.967285E-3,   1.539706E+3,   6.986685E-3,   3.637695E-2,   2.248266E+1,   1.206293E-3,   1.497888E+3,   4.724180E-4,   6.899516E+0,   1.879650E-5,   100,1,1,1
        929,2026-09-09,08:56:55.973,         35,         11,   9.100000E+1,   9.100300E+2,   0.000000E+0,   0.000000E+0,   0.000000E+0,   0.000000E+0,   0.000000E+0,   1.000000E+2,   1.005866E+3,   7.181450E-4,   4.028320E-3,   1.539698E+3,   8.881336E-3,   4.064941E-2,   2.248586E+1,   2.144662E-3,   1.497890E+3,   6.971979E-4,   6.899537E+0,   2.349989E-5,   100,1,1,1
        930,2026-09-09,09:10:55.025,         36,         11,   9.100000E+1,   9.100300E+2,   1.559000E+1,   0.000000E+0,   0.000000E+0,   0.000000E+0,   0.000000E+0,   1.000000E+2,   1.003126E+3,   2.110959E-2,   7.458496E-2,   1.554334E+3,   6.085813E-2,   2.645264E-1,   2.284065E+1,   6.548801E-3,   1.497303E+3,   3.798304E-3,   6.860745E+0,   1.585279E-4,   100,0,1,0
        931,2026-09-09,09:12:55.027,         37,         11,   9.100000E+1,   9.100300E+2,   1.559000E+1,   0.000000E+0,   0.000000E+0,   0.000000E+0,   0.000000E+0,   1.000000E+2,   1.003195E+3,   4.938845E-3,   2.117920E-2,   1.554134E+3,   3.708852E-2,   1.612549E-1,   2.282014E+1,   3.740123E-3,   1.497316E+3,   7.081821E-4,   6.861267E+0,   9.680788E-5,   100,0,1,0
        932,2026-09-09,09:14:55.029,         38,         11,   9.100000E+1,   9.100300E+2,   1.559000E+1,   0.000000E+0,   0.000000E+0,   0.000000E+0,   0.000000E+0,   1.000000E+2,   1.003219E+3,   8.509370E-3,   2.667236E-2,   1.554012E+3,   4.284003E-2,   1.704102E-1,   2.280276E+1,   4.304317E-3,   1.497318E+3,   1.320665E-3,   6.861583E+0,   1.117997E-4,   100,0,1,0
        933,2026-09-09,09:16:55.031,         39,         11,   9.100000E+1,   9.100300E+2,   1.559000E+1,   0.000000E+0,   0.000000E+0,   0.000000E+0,   0.000000E+0,   1.000000E+2,   1.003240E+3,   4.722464E-3,   1.757813E-2,   1.553864E+3,   3.753735E-2,   1.655273E-1,   2.278250E+1,   5.526849E-3,   1.497318E+3,   4.241860E-4,   6.861966E+0,   9.759883E-5,   100,0,1,0
        934,2026-09-09,09:18:55.033,         40,         11,   9.100000E+1,   9.100300E+2,   1.559000E+1,   0.000000E+0,   0.000000E+0,   0.000000E+0,   0.000000E+0,   1.000000E+2,   1.003260E+3,   4.441360E-3,   1.715088E-2,   1.553750E+3,   3.300849E-2,   1.243896E-1,   2.276213E+1,   4.105256E-3,   1.497319E+3,   3.893804E-4,   6.862262E+0,   8.598742E-5,   100,0,1,0
        935,2026-09-09,09:20:55.035,         41,         11,   9.100000E+1,   9.100300E+2,   1.559000E+1,   0.000000E+0,   0.000000E+0,   0.000000E+0,   0.000000E+0,   1.000000E+2,   1.003279E+3,   4.539373E-3,   1.507568E-2,   1.553637E+3,   3.488744E-2,   1.291504E-1,   2.274282E+1,   5.292530E-3,   1.497319E+3,   2.272130E-4,   6.862554E+0,   9.061494E-5,   100,0,1,0
        936,2026-09-09,09:22:55.037,         42,         11,   9.100000E+1,   9.100300E+2,   1.559000E+1,   0.000000E+0,   0.000000E+0,   0.000000E+0,   0.000000E+0,   1.000000E+2,   1.003296E+3,   3.913386E-3,   1.483154E-2,   1.553531E+3,   3.008560E-2,   1.215820E-1,   2.272091E+1,   5.115493E-3,   1.497319E+3,   2.158564E-4,   6.862829E+0,   7.808972E-5,   100,0,1,0
        937,2026-09-09,09:24:55.039,         43,         11,   9.100000E+1,   9.100300E+2,   1.559000E+1,   0.000000E+0,   0.000000E+0,   0.000000E+0,   0.000000E+0,   1.000000E+2,   1.003311E+3,   3.894499E-3,   1.287842E-2,   1.553431E+3,   2.668413E-2,   1.182861E-1,   2.270003E+1,   4.722460E-3,   1.497318E+3,   1.746963E-4,   6.863086E+0,   6.921269E-5,   100,0,1,0
        938,2026-09-09,09:26:55.041,         44,         11,   9.100000E+1,   9.100300E+2,   1.559000E+1,   0.000000E+0,   0.000000E+0,   0.000000E+0,   0.000000E+0,   1.000000E+2,   1.003324E+3,   3.506283E-3,   1.202393E-2,   1.553347E+3,   2.923614E-2,   1.303711E-1,   2.268197E+1,   4.757471E-3,   1.497318E+3,   2.050386E-4,   6.863301E+0,   7.595767E-5,   100,0,1,0
        939,2026-09-09,09:28:55.043,         45,         11,   9.100000E+1,   9.100300E+2,   1.559000E+1,   0.000000E+0,   0.000000E+0,   0.000000E+0,   0.000000E+0,   1.000000E+2,   1.003338E+3,   3.854724E-3,   1.336670E-2,   1.553253E+3,   2.710451E-2,   1.185303E-1,   2.266354E+1,   5.609465E-3,   1.497317E+3,   4.419719E-4,   6.863543E+0,   7.018206E-5,   100,0,1,0
        940,2026-09-09,09:30:55.045,         46,         11,   9.100000E+1,   9.100300E+2,   1.559000E+1,   0.000000E+0,   0.000000E+0,   0.000000E+0,   0.000000E+0,   1.000000E+2,   1.003352E+3,   3.279329E-3,   1.129150E-2,   1.553169E+3,   2.528169E-2,   1.115723E-1,   2.264160E+1,   5.293354E-3,   1.497316E+3,   2.397108E-4,   6.863760E+0,   6.541477E-5,   100,0,1,0
        941,2026-09-09,09:32:55.047,         47,         11,   9.100000E+1,   9.100300E+2,   1.559000E+1,   0.000000E+0,   0.000000E+0,   0.000000E+0,   0.000000E+0,   1.000000E+2,   1.003364E+3,   3.261180E-3,   1.202393E-2,   1.553089E+3,   1.805833E-2,   7.092285E-2,   2.262224E+1,   4.402590E-3,   1.497315E+3,   1.256611E-4,   6.863966E+0,   4.673523E-5,   100,0,1,0
        942,2026-09-09,09:34:55.049,         48,         11,   9.100000E+1,   9.100300E+2,   1.559000E+1,   0.000000E+0,   0.000000E+0,   0.000000E+0,   0.000000E+0,   1.000000E+2,   1.003374E+3,   2.329388E-3,   8.728027E-3,   1.553028E+3,   2.088777E-2,   1.005859E-1,   2.260982E+1,   2.314055E-3,   1.497315E+3,   2.039087E-4,   6.864122E+0,   5.460062E-5,   100,1,1,1
        943,2026-09-09,09:36:55.051,         49,         11,   9.100000E+1,   9.100300E+2,   1.559000E+1,   0.000000E+0,   0.000000E+0,   0.000000E+0,   0.000000E+0,   1.000000E+2,   1.003382E+3,   1.981404E-3,   7.995605E-3,   1.552978E+3,   2.038956E-2,   9.362793E-2,   2.260346E+1,   1.790405E-3,   1.497316E+3,   2.484521E-4,   6.864253E+0,   5.339350E-5,   100,1,1,1
        944,2026-09-09,09:38:55.053,         50,         11,   9.100000E+1,   9.100300E+2,   1.559000E+1,   0.000000E+0,   0.000000E+0,   0.000000E+0,   0.000000E+0,   1.000000E+2,   1.003392E+3,   2.516129E-3,   9.338379E-3,   1.552918E+3,   2.150473E-2,   9.252930E-2,   2.259228E+1,   3.276773E-3,   1.497316E+3,   1.362801E-4,   6.864407E+0,   5.596036E-5,   100,1,1,1
        945,2026-09-09,09:40:55.055,         51,         11,   9.100000E+1,   9.100300E+2,   1.559000E+1,   0.000000E+0,   0.000000E+0,   0.000000E+0,   0.000000E+0,   1.000000E+2,   1.003402E+3,   2.721111E-3,   9.399414E-3,   1.552849E+3,   2.137405E-2,   9.680176E-2,   2.257654E+1,   3.864021E-3,   1.497315E+3,   1.798543E-4,   6.864585E+0,   5.549204E-5,   100,1,1,1
        946,2026-09-09,09:54:37.139,         52,         11,   9.100000E+1,   9.405900E+2,   1.559000E+1,   0.000000E+0,   0.000000E+0,   0.000000E+0,   0.000000E+0,   1.000000E+2,   1.003127E+3,   2.310185E-2,   8.679199E-2,   1.551167E+3,   3.922060E-2,   1.577148E-1,   2.244478E+1,   1.159946E-3,   1.497222E+3,   5.706686E-3,   6.868989E+0,   1.038996E-4,   100,0,1,0
        947,2026-09-09,09:56:37.141,         53,         11,   9.100000E+1,   9.405900E+2,   1.559000E+1,   0.000000E+0,   0.000000E+0,   0.000000E+0,   0.000000E+0,   1.000000E+2,   1.003252E+3,   8.561028E-2,   5.982056E-1,   1.551008E+3,   3.601559E-2,   1.781006E-1,   2.244761E+1,   1.062769E-3,   1.497253E+3,   2.146179E-2,   6.869411E+0,   9.534147E-5,   100,0,1,0
        948,2026-09-09,09:58:37.143,         54,         11,   9.100000E+1,   9.405900E+2,   1.559000E+1,   0.000000E+0,   0.000000E+0,   0.000000E+0,   0.000000E+0,   1.000000E+2,   1.003273E+3,   4.177192E-3,   1.794434E-2,   1.550926E+3,   2.472241E-2,   1.213379E-1,   2.245364E+1,   2.137261E-3,   1.497259E+3,   1.293894E-3,   6.869630E+0,   6.571844E-5,   100,0,1,0
        949,2026-09-09,10:00:37.145,         55,         11,   9.100000E+1,   9.405900E+2,   1.559000E+1,   0.000000E+0,   0.000000E+0,   0.000000E+0,   0.000000E+0,   1.000000E+2,   1.003283E+3,   2.804802E-3,   1.080322E-2,   1.550853E+3,   1.910510E-2,   8.007813E-2,   2.245955E+1,   1.061567E-3,   1.497262E+3,   7.266284E-4,   6.869825E+0,   5.071088E-5,   100,0,1,0
        950,2026-09-09,10:02:37.148,         56,         11,   9.100000E+1,   9.405900E+2,   1.559000E+1,   0.000000E+0,   0.000000E+0,   0.000000E+0,   0.000000E+0,   1.000000E+2,   1.003182E+3,   2.489599E-1,   1.113098E+0,   1.550780E+3,   2.055836E-2,   8.374023E-2,   2.246095E+1,   7.424801E-4,   1.497237E+3,   6.138254E-2,   6.870019E+0,   5.427562E-5,   100,0,1,0
        951,2026-09-09,10:04:37.149,         57,         11,   9.100000E+1,   9.405900E+2,   1.559000E+1,   0.000000E+0,   0.000000E+0,   0.000000E+0,   0.000000E+0,   1.000000E+2,   1.003295E+3,   2.162688E-2,   1.129150E-1,   1.550719E+3,   1.487438E-2,   7.910156E-2,   2.245919E+1,   7.790699E-4,   1.497265E+3,   5.302063E-3,   6.870178E+0,   3.925066E-5,   100,0,1,0
        952,2026-09-09,10:06:37.151,         58,         11,   9.100000E+1,   9.405900E+2,   1.559000E+1,   0.000000E+0,   0.000000E+0,   0.000000E+0,   0.000000E+0,   1.000000E+2,   1.003305E+3,   4.361860E-3,   4.046631E-2,   1.550692E+3,   1.268299E-2,   6.335449E-2,   2.246755E+1,   3.695659E-3,   1.497270E+3,   1.505166E-3,   6.870254E+0,   3.395992E-5,   100,0,1,0
        953,2026-09-09,10:08:37.154,         59,         11,   9.100000E+1,   9.405900E+2,   1.559000E+1,   0.000000E+0,   0.000000E+0,   0.000000E+0,   0.000000E+0,   1.000000E+2,   1.003308E+3,   1.338052E-3,   9.155273E-3,   1.550675E+3,   8.058327E-3,   4.321289E-2,   2.248331E+1,   4.995509E-3,   1.497274E+3,   1.143603E-3,   6.870302E+0,   2.120357E-5,   100,1,1,1
        954,2026-09-09,10:10:37.155,         60,         11,   9.100000E+1,   9.405900E+2,   1.559000E+1,   0.000000E+0,   0.000000E+0,   0.000000E+0,   0.000000E+0,   1.000000E+2,   1.003309E+3,   8.610678E-4,   4.882812E-3,   1.550669E+3,   1.022273E-2,   5.603027E-2,   2.250264E+1,   4.006037E-3,   1.497278E+3,   8.194890E-4,   6.870323E+0,   2.740445E-5,   100,1,1,1
        955,2026-09-09,10:12:37.158,         61,         11,   9.100000E+1,   9.405900E+2,   1.559000E+1,   0.000000E+0,   0.000000E+0,   0.000000E+0,   0.000000E+0,   1.000000E+2,   1.003311E+3,   6.926494E-4,   3.295898E-3,   1.550661E+3,   9.003099E-3,   4.382324E-2,   2.251783E+1,   4.162985E-3,   1.497281E+3,   9.088810E-4,   6.870348E+0,   2.401170E-5,   100,1,1,1
        956,2026-09-09,10:14:37.160,         62,         11,   9.100000E+1,   9.405900E+2,   1.559000E+1,   0.000000E+0,   0.000000E+0,   0.000000E+0,   0.000000E+0,   1.000000E+2,   1.003313E+3,   1.005318E-3,   4.882812E-3,   1.550652E+3,   1.171561E-2,   5.297852E-2,   2.253353E+1,   3.149238E-3,   1.497285E+3,   6.835717E-4,   6.870376E+0,   3.140787E-5,   100,1,1,1
        957,2026-09-09,10:16:37.162,         63,         11,   9.100000E+1,   9.405900E+2,   1.559000E+1,   0.000000E+0,   0.000000E+0,   0.000000E+0,   0.000000E+0,   1.000000E+2,   1.003317E+3,   1.405113E-3,   5.676270E-3,   1.550621E+3,   1.237031E-2,   5.773926E-2,   2.253954E+1,   7.715529E-4,   1.497287E+3,   4.475306E-4,   6.870460E+0,   3.281856E-5,   100,1,1,1
        958,2026-09-09,11:34:46.697,         64,         11,   1.210500E+2,   9.405900E+2,   1.559000E+1,   0.000000E+0,   0.000000E+0,   0.000000E+0,   0.000000E+0,   1.000000E+2,   1.006462E+3,   3.716664E-3,   1.452637E-2,   1.562374E+3,   2.822718E-2,   1.408691E-1,   2.198087E+1,   1.346106E-2,   1.497926E+3,   2.285667E-3,   6.839460E+0,   7.100670E-5,   100,0,1,0
        959,2026-09-09,11:36:46.700,         65,         11,   1.210500E+2,   9.405900E+2,   1.559000E+1,   0.000000E+0,   0.000000E+0,   0.000000E+0,   0.000000E+0,   1.000000E+2,   1.006466E+3,   2.266177E-3,   8.850098E-3,   1.562402E+3,   1.580903E-2,   7.751465E-2,   2.203037E+1,   1.125265E-2,   1.497938E+3,   2.986976E-3,   6.839401E+0,   4.029494E-5,   100,1,1,1
        960,2026-09-09,11:38:46.702,         66,         11,   1.210500E+2,   9.405900E+2,   1.559000E+1,   0.000000E+0,   0.000000E+0,   0.000000E+0,   0.000000E+0,   1.000000E+2,   1.006468E+3,   7.925647E-4,   3.784180E-3,   1.562433E+3,   1.584617E-2,   6.652832E-2,   2.207693E+1,   1.202764E-2,   1.497949E+3,   2.547727E-3,   6.839331E+0,   3.999315E-5,   100,1,1,1
        961,2026-09-09,11:40:46.704,         67,         11,   1.210500E+2,   9.405900E+2,   1.559000E+1,   0.000000E+0,   0.000000E+0,   0.000000E+0,   0.000000E+0,   1.000000E+2,   1.006467E+3,   1.013935E-3,   4.821777E-3,   1.562465E+3,   1.691342E-2,   9.179688E-2,   2.212118E+1,   1.074333E-2,   1.497958E+3,   2.171889E-3,   6.839259E+0,   4.238114E-5,   100,1,1,1
        962,2026-09-09,11:42:46.706,         68,         11,   1.210500E+2,   9.405900E+2,   1.559000E+1,   0.000000E+0,   0.000000E+0,   0.000000E+0,   0.000000E+0,   1.000000E+2,   1.006463E+3,   1.256582E-3,   4.638672E-3,   1.562495E+3,   1.253545E-2,   5.114746E-2,   2.216462E+1,   1.040801E-2,   1.497967E+3,   1.876323E-3,   6.839194E+0,   3.170059E-5,   100,1,1,1
        963,2026-09-09,11:44:46.708,         69,         11,   1.210500E+2,   9.405900E+2,   1.559000E+1,   0.000000E+0,   0.000000E+0,   0.000000E+0,   0.000000E+0,   1.000000E+2,   1.006458E+3,   1.602152E-3,   6.408691E-3,   1.562533E+3,   1.673130E-2,   8.142090E-2,   2.220459E+1,   9.352063E-3,   1.497974E+3,   1.779288E-3,   6.839106E+0,   4.257559E-5,   100,1,1,1
        964,2026-09-09,11:46:46.710,         70,         11,   1.210500E+2,   9.405900E+2,   1.559000E+1,   0.000000E+0,   0.000000E+0,   0.000000E+0,   0.000000E+0,   1.000000E+2,   1.006454E+3,   1.454302E-3,   5.249023E-3,   1.562575E+3,   1.460990E-2,   6.555176E-2,   2.224275E+1,   9.188313E-3,   1.497981E+3,   1.634652E-3,   6.839007E+0,   3.698596E-5,   100,1,1,1
        965,2026-09-09,11:48:46.712,         71,         11,   1.210500E+2,   9.405900E+2,   1.559000E+1,   0.000000E+0,   0.000000E+0,   0.000000E+0,   0.000000E+0,   1.000000E+2,   1.006449E+3,   1.423080E-3,   6.713867E-3,   1.562610E+3,   1.416248E-2,   6.958008E-2,   2.228024E+1,   9.187594E-3,   1.497988E+3,   1.604292E-3,   6.838926E+0,   3.570270E-5,   100,1,1,1
        966,2026-09-09,11:50:46.713,         72,         11,   1.210500E+2,   9.405900E+2,   1.559000E+1,   0.000000E+0,   0.000000E+0,   0.000000E+0,   0.000000E+0,   1.000000E+2,   1.006443E+3,   1.374586E-3,   6.286621E-3,   1.562632E+3,   1.581470E-2,   7.849121E-2,   2.231724E+1,   8.736026E-3,   1.497994E+3,   1.479877E-3,   6.838877E+0,   3.971015E-5,   100,1,1,1
        967,2026-09-09,11:52:46.716,         73,         11,   1.210500E+2,   9.405900E+2,   1.559000E+1,   0.000000E+0,   0.000000E+0,   0.000000E+0,   0.000000E+0,   1.000000E+2,   1.006437E+3,   1.205754E-3,   5.676270E-3,   1.562660E+3,   1.973868E-2,   8.325195E-2,   2.235327E+1,   8.628882E-3,   1.498000E+3,   1.461066E-3,   6.838814E+0,   4.944731E-5,   100,1,1,1
        968,2026-09-09,11:54:46.718,         74,         11,   1.210500E+2,   9.405900E+2,   1.559000E+1,   0.000000E+0,   0.000000E+0,   0.000000E+0,   0.000000E+0,   1.000000E+2,   1.006432E+3,   1.447675E-3,   5.615234E-3,   1.562701E+3,   1.040775E-2,   5.139160E-2,   2.238767E+1,   8.191416E-3,   1.498006E+3,   1.361530E-3,   6.838717E+0,   2.623840E-5,   100,1,1,1
        969,2026-09-09,11:56:46.720,         75,         11,   1.210500E+2,   9.405900E+2,   1.559000E+1,   0.000000E+0,   0.000000E+0,   0.000000E+0,   0.000000E+0,   1.000000E+2,   1.006427E+3,   1.172250E-3,   4.760742E-3,   1.562725E+3,   1.341753E-2,   5.834961E-2,   2.242124E+1,   8.011549E-3,   1.498012E+3,   1.342647E-3,   6.838665E+0,   3.387422E-5,   100,1,1,1
        970,2026-09-09,11:58:46.722,         76,         11,   1.210500E+2,   9.405900E+2,   1.559000E+1,   0.000000E+0,   0.000000E+0,   0.000000E+0,   0.000000E+0,   1.000000E+2,   1.006421E+3,   1.462378E-3,   5.554199E-3,   1.562747E+3,   1.315986E-2,   6.140137E-2,   2.245315E+1,   8.018393E-3,   1.498017E+3,   1.324094E-3,   6.838615E+0,   3.349064E-5,   100,1,1,1
        971,2026-09-09,12:00:46.724,         77,         11,   1.210500E+2,   9.405900E+2,   1.559000E+1,   0.000000E+0,   0.000000E+0,   0.000000E+0,   0.000000E+0,   1.000000E+2,   1.006416E+3,   1.449307E-3,   5.615234E-3,   1.562779E+3,   1.068212E-2,   4.895020E-2,   2.248515E+1,   7.861109E-3,   1.498022E+3,   1.293205E-3,   6.838542E+0,   2.706710E-5,   100,1,1,1
        972,2026-09-09,12:02:46.726,         78,         11,   1.210500E+2,   9.405900E+2,   1.559000E+1,   0.000000E+0,   0.000000E+0,   0.000000E+0,   0.000000E+0,   1.000000E+2,   1.006411E+3,   1.368122E-3,   5.371094E-3,   1.562809E+3,   1.206325E-2,   5.932617E-2,   2.251693E+1,   7.689266E-3,   1.498027E+3,   1.247160E-3,   6.838472E+0,   3.010610E-5,   100,1,1,1
        973,2026-09-09,12:04:46.728,         79,         11,   1.210500E+2,   9.405900E+2,   1.559000E+1,   0.000000E+0,   0.000000E+0,   0.000000E+0,   0.000000E+0,   1.000000E+2,   1.006405E+3,   1.596333E-3,   6.225586E-3,   1.562832E+3,   1.226337E-2,   7.019043E-2,   2.254734E+1,   7.823658E-3,   1.498032E+3,   1.254472E-3,   6.838420E+0,   3.066652E-5,   100,1,1,1
        974,2026-09-09,12:06:46.730,         80,         11,   1.210500E+2,   9.405900E+2,   1.559000E+1,   0.000000E+0,   0.000000E+0,   0.000000E+0,   0.000000E+0,   1.000000E+2,   1.006399E+3,   1.458807E-3,   5.554199E-3,   1.562865E+3,   1.377171E-2,   7.189941E-2,   2.257979E+1,   7.981301E-3,   1.498037E+3,   1.270074E-3,   6.838342E+0,   3.462365E-5,   100,1,1,1
        975,2026-09-09,12:08:46.732,         81,         11,   1.210500E+2,   9.405900E+2,   1.559000E+1,   0.000000E+0,   0.000000E+0,   0.000000E+0,   0.000000E+0,   1.000000E+2,   1.006394E+3,   1.143572E-3,   4.760742E-3,   1.562896E+3,   1.132736E-2,   5.041504E-2,   2.261084E+1,   7.332927E-3,   1.498042E+3,   1.205694E-3,   6.838270E+0,   2.823549E-5,   100,1,1,1
        976,2026-09-09,12:10:46.734,         82,         11,   1.210500E+2,   9.405900E+2,   1.559000E+1,   0.000000E+0,   0.000000E+0,   0.000000E+0,   0.000000E+0,   1.000000E+2,   1.006390E+3,   1.239197E-3,   4.882812E-3,   1.562926E+3,   1.198954E-2,   6.408691E-2,   2.264021E+1,   7.154250E-3,   1.498047E+3,   1.166349E-3,   6.838201E+0,   3.020686E-5,   100,1,1,1
        977,2026-09-09,12:12:46.736,         83,         11,   1.210500E+2,   9.405900E+2,   1.559000E+1,   0.000000E+0,   0.000000E+0,   0.000000E+0,   0.000000E+0,   1.000000E+2,   1.006384E+3,   1.461002E-3,   5.615234E-3,   1.562955E+3,   1.385933E-2,   5.908203E-2,   2.267019E+1,   7.543180E-3,   1.498052E+3,   1.218439E-3,   6.838133E+0,   3.482597E-5,   100,1,1,1
        978,2026-09-09,12:14:46.738,         84,         11,   1.210500E+2,   9.405900E+2,   1.559000E+1,   0.000000E+0,   0.000000E+0,   0.000000E+0,   0.000000E+0,   1.000000E+2,   1.006378E+3,   1.555916E-3,   6.347656E-3,   1.562991E+3,   1.400431E-2,   7.055664E-2,   2.270147E+1,   7.778352E-3,   1.498057E+3,   1.234375E-3,   6.838047E+0,   3.503374E-5,   100,1,1,1
        979,2026-09-09,12:16:46.740,         85,         11,   1.210500E+2,   9.405900E+2,   1.559000E+1,   0.000000E+0,   0.000000E+0,   0.000000E+0,   0.000000E+0,   1.000000E+2,   1.006371E+3,   2.000171E-3,   7.202148E-3,   1.563022E+3,   1.529655E-2,   7.812500E-2,   2.273313E+1,   8.531693E-3,   1.498062E+3,   1.369015E-3,   6.837975E+0,   3.840279E-5,   100,1,1,1
        980,2026-09-09,12:28:54.781,         86,         11,   1.210500E+2,   9.706200E+2,   1.559000E+1,   0.000000E+0,   0.000000E+0,   0.000000E+0,   0.000000E+0,   1.000000E+2,   1.006072E+3,   1.799536E-3,   7.690430E-3,   1.561206E+3,   1.325163E-2,   5.871582E-2,   2.288850E+1,   9.986461E-3,   1.498022E+3,   1.524729E-3,   6.842751E+0,   3.260564E-5,   100,1,1,1
        981,2026-09-09,12:30:54.783,         87,         11,   1.210500E+2,   9.706200E+2,   1.559000E+1,   0.000000E+0,   0.000000E+0,   0.000000E+0,   0.000000E+0,   1.000000E+2,   1.006066E+3,   1.461182E-3,   5.615234E-3,   1.561238E+3,   1.112548E-2,   5.578613E-2,   2.292436E+1,   8.793997E-3,   1.498028E+3,   1.490868E-3,   6.842675E+0,   2.740260E-5,   100,1,1,1
        982,2026-09-09,12:32:54.785,         88,         11,   1.210500E+2,   9.706200E+2,   1.559000E+1,   0.000000E+0,   0.000000E+0,   0.000000E+0,   0.000000E+0,   1.000000E+2,   1.006060E+3,   1.777552E-3,   6.774902E-3,   1.561277E+3,   1.358991E-2,   6.359863E-2,   2.295997E+1,   8.940111E-3,   1.498034E+3,   1.423151E-3,   6.842583E+0,   3.364848E-5,   100,1,1,1
        983,2026-09-09,12:34:54.787,         89,         11,   1.210500E+2,   9.706200E+2,   1.559000E+1,   0.000000E+0,   0.000000E+0,   0.000000E+0,   0.000000E+0,   1.000000E+2,   1.006053E+3,   1.789668E-3,   7.080078E-3,   1.561316E+3,   1.390522E-2,   7.006836E-2,   2.299536E+1,   8.753094E-3,   1.498039E+3,   1.381724E-3,   6.842492E+0,   3.448886E-5,   100,1,1,1
        984,2026-09-09,12:36:54.789,         90,         11,   1.210500E+2,   9.706200E+2,   1.559000E+1,   0.000000E+0,   0.000000E+0,   0.000000E+0,   0.000000E+0,   1.000000E+2,   1.006045E+3,   1.725603E-3,   7.263184E-3,   1.561353E+3,   1.294171E-2,   6.164551E-2,   2.302938E+1,   8.301015E-3,   1.498045E+3,   1.302483E-3,   6.842406E+0,   3.212995E-5,   100,1,1,1
        985,2026-09-09,12:38:54.791,         91,         11,   1.210500E+2,   9.706200E+2,   1.559000E+1,   0.000000E+0,   0.000000E+0,   0.000000E+0,   0.000000E+0,   1.000000E+2,   1.006038E+3,   1.942643E-3,   7.751465E-3,   1.561393E+3,   1.333756E-2,   6.506348E-2,   2.306403E+1,   8.813557E-3,   1.498050E+3,   1.426232E-3,   6.842310E+0,   3.318841E-5,   100,1,1,1
        986,2026-09-09,12:40:54.793,         92,         11,   1.210500E+2,   9.706200E+2,   1.559000E+1,   0.000000E+0,   0.000000E+0,   0.000000E+0,   0.000000E+0,   1.000000E+2,   1.006031E+3,   1.710511E-3,   6.530762E-3,   1.561426E+3,   1.126885E-2,   6.384277E-2,   2.309825E+1,   7.773587E-3,   1.498055E+3,   1.184406E-3,   6.842234E+0,   2.821531E-5,   100,1,1,1
        987,2026-09-09,12:42:54.795,         93,         11,   1.210500E+2,   9.706200E+2,   1.559000E+1,   0.000000E+0,   0.000000E+0,   0.000000E+0,   0.000000E+0,   1.000000E+2,   1.006025E+3,   1.691689E-3,   6.469727E-3,   1.561458E+3,   1.242080E-2,   6.286621E-2,   2.312955E+1,   7.887145E-3,   1.498060E+3,   1.210731E-3,   6.842157E+0,   3.091103E-5,   100,1,1,1
        988,2026-09-09,12:44:54.797,         94,         11,   1.210500E+2,   9.706200E+2,   1.559000E+1,   0.000000E+0,   0.000000E+0,   0.000000E+0,   0.000000E+0,   1.000000E+2,   1.006018E+3,   1.689285E-3,   6.958008E-3,   1.561490E+3,   1.339802E-2,   6.201172E-2,   2.316033E+1,   7.875293E-3,   1.498065E+3,   1.229472E-3,   6.842083E+0,   3.344206E-5,   100,1,1,1
        989,2026-09-09,12:46:54.799,         95,         11,   1.210500E+2,   9.706200E+2,   1.559000E+1,   0.000000E+0,   0.000000E+0,   0.000000E+0,   0.000000E+0,   1.000000E+2,   1.006012E+3,   1.563420E-3,   6.347656E-3,   1.561527E+3,   1.072942E-2,   5.505371E-2,   2.319227E+1,   7.474377E-3,   1.498070E+3,   1.124383E-3,   6.841994E+0,   2.676698E-5,   100,1,1,1
        990,2026-09-09,12:48:54.801,         96,         11,   1.210500E+2,   9.706200E+2,   1.559000E+1,   0.000000E+0,   0.000000E+0,   0.000000E+0,   0.000000E+0,   1.000000E+2,   1.006005E+3,   1.590960E-3,   6.103516E-3,   1.561558E+3,   1.292678E-2,   5.737305E-2,   2.322168E+1,   7.509301E-3,   1.498074E+3,   1.159808E-3,   6.841921E+0,   3.231350E-5,   100,1,1,1
        991,2026-09-09,12:50:54.803,         97,         11,   1.210500E+2,   9.706200E+2,   1.559000E+1,   0.000000E+0,   0.000000E+0,   0.000000E+0,   0.000000E+0,   1.000000E+2,   1.005998E+3,   1.628905E-3,   6.225586E-3,   1.561591E+3,   1.229753E-2,   5.456543E-2,   2.325169E+1,   7.427659E-3,   1.498079E+3,   1.130892E-3,   6.841844E+0,   3.087708E-5,   100,1,1,1
        992,2026-09-09,12:52:54.805,         98,         11,   1.210500E+2,   9.706200E+2,   1.559000E+1,   0.000000E+0,   0.000000E+0,   0.000000E+0,   0.000000E+0,   1.000000E+2,   1.005992E+3,   1.488014E-3,   5.920410E-3,   1.561620E+3,   1.164361E-2,   5.590820E-2,   2.328048E+1,   7.021548E-3,   1.498083E+3,   1.073619E-3,   6.841777E+0,   2.908210E-5,   100,1,1,1
        993,2026-09-09,12:54:54.807,         99,         11,   1.210500E+2,   9.706200E+2,   1.559000E+1,   0.000000E+0,   0.000000E+0,   0.000000E+0,   0.000000E+0,   1.000000E+2,   1.005986E+3,   1.687739E-3,   6.408691E-3,   1.561649E+3,   1.033391E-2,   4.907227E-2,   2.330859E+1,   6.934139E-3,   1.498088E+3,   1.035179E-3,   6.841710E+0,   2.567243E-5,   100,1,1,1
        994,2026-09-09,12:56:54.809,        100,         11,   1.210500E+2,   9.706200E+2,   1.559000E+1,   0.000000E+0,   0.000000E+0,   0.000000E+0,   0.000000E+0,   1.000000E+2,   1.005980E+3,   1.722195E-3,   5.920410E-3,   1.561681E+3,   1.193715E-2,   5.737305E-2,   2.333659E+1,   6.889355E-3,   1.498092E+3,   1.054005E-3,   6.841633E+0,   2.982975E-5,   100,1,1,1
        995,2026-09-09,12:58:54.811,        101,         11,   1.210500E+2,   9.706200E+2,   1.559000E+1,   0.000000E+0,   0.000000E+0,   0.000000E+0,   0.000000E+0,   1.000000E+2,   1.005974E+3,   1.503219E-3,   5.981445E-3,   1.561713E+3,   1.104841E-2,   5.419922E-2,   2.336556E+1,   7.304399E-3,   1.498096E+3,   1.122162E-3,   6.841558E+0,   2.731021E-5,   100,1,1,1
        996,2026-09-09,13:11:41.810,        102,         11,   1.210500E+2,   1.000400E+3,   1.559000E+1,   0.000000E+0,   0.000000E+0,   0.000000E+0,   0.000000E+0,   1.000000E+2,   1.005687E+3,   3.515049E-3,   1.550293E-2,   1.559974E+3,   1.065245E-2,   4.919434E-2,   2.350691E+1,   6.543228E-3,   1.498057E+3,   8.355750E-4,   6.846134E+0,   2.814772E-5,   100,0,1,0
        997,2026-09-09,13:13:41.812,        103,         11,   1.210500E+2,   1.000400E+3,   1.559000E+1,   0.000000E+0,   0.000000E+0,   0.000000E+0,   0.000000E+0,   1.000000E+2,   1.005692E+3,   2.027948E-3,   7.812500E-3,   1.559971E+3,   1.087531E-2,   6.665039E-2,   2.353341E+1,   6.334521E-3,   1.498063E+3,   1.704668E-3,   6.846150E+0,   2.874045E-5,   100,1,1,1
        998,2026-09-09,13:15:41.814,        104,         11,   1.210500E+2,   1.000400E+3,   1.559000E+1,   0.000000E+0,   0.000000E+0,   0.000000E+0,   0.000000E+0,   1.000000E+2,   1.005693E+3,   1.122603E-3,   5.310059E-3,   1.559979E+3,   8.900713E-3,   4.162598E-2,   2.355917E+1,   6.867880E-3,   1.498069E+3,   1.312659E-3,   6.846137E+0,   2.268586E-5,   100,1,1,1
        999,2026-09-09,13:17:41.816,        105,         11,   1.210500E+2,   1.000400E+3,   1.559000E+1,   0.000000E+0,   0.000000E+0,   0.000000E+0,   0.000000E+0,   1.000000E+2,   1.005691E+3,   9.603405E-4,   4.089355E-3,   1.559989E+3,   9.621966E-3,   4.370117E-2,   2.358382E+1,   6.576760E-3,   1.498073E+3,   1.169995E-3,   6.846117E+0,   2.428853E-5,   100,1,1,1
       1000,2026-09-09,13:19:41.818,        106,         11,   1.210500E+2,   1.000400E+3,   1.559000E+1,   0.000000E+0,   0.000000E+0,   0.000000E+0,   0.000000E+0,   1.000000E+2,   1.005688E+3,   9.338800E-4,   4.455566E-3,   1.560006E+3,   9.349992E-3,   4.821777E-2,   2.360865E+1,   6.260074E-3,   1.498078E+3,   1.057926E-3,   6.846079E+0,   2.349143E-5,   100,1,1,1
       1001,2026-09-09,13:21:41.820,        107,         11,   1.210500E+2,   1.000400E+3,   1.559000E+1,   0.000000E+0,   0.000000E+0,   0.000000E+0,   0.000000E+0,   1.000000E+2,   1.005684E+3,   1.250280E-3,   5.615234E-3,   1.560024E+3,   1.026602E-2,   5.712891E-2,   2.363326E+1,   6.102288E-3,   1.498082E+3,   1.059003E-3,   6.846038E+0,   2.613740E-5,   100,1,1,1
       1002,2026-09-09,13:23:41.823,        108,         11,   1.210500E+2,   1.000400E+3,   1.559000E+1,   0.000000E+0,   0.000000E+0,   0.000000E+0,   0.000000E+0,   1.000000E+2,   1.005681E+3,   1.336830E-3,   5.187988E-3,   1.560044E+3,   1.032793E-2,   5.395508E-2,   2.365708E+1,   6.410692E-3,   1.498086E+3,   1.048729E-3,   6.845993E+0,   2.618517E-5,   100,1,1,1
       1003,2026-09-09,13:25:41.826,        109,         11,   1.210500E+2,   1.000400E+3,   1.559000E+1,   0.000000E+0,   0.000000E+0,   0.000000E+0,   0.000000E+0,   1.000000E+2,   1.005677E+3,   1.168627E-3,   5.004883E-3,   1.560061E+3,   9.235033E-3,   4.663086E-2,   2.368244E+1,   5.951446E-3,   1.498090E+3,   9.812821E-4,   6.845954E+0,   2.322912E-5,   100,1,1,1
       1004,2026-09-09,13:27:41.828,        110,         11,   1.210500E+2,   1.000400E+3,   1.559000E+1,   0.000000E+0,   0.000000E+0,   0.000000E+0,   0.000000E+0,   1.000000E+2,   1.005672E+3,   1.108708E-3,   4.699707E-3,   1.560085E+3,   9.464436E-3,   4.187012E-2,   2.370654E+1,   6.166861E-3,   1.498094E+3,   9.919308E-4,   6.845899E+0,   2.404609E-5,   100,1,1,1
       1005,2026-09-09,13:29:41.830,        111,         11,   1.210500E+2,   1.000400E+3,   1.559000E+1,   0.000000E+0,   0.000000E+0,   0.000000E+0,   0.000000E+0,   1.000000E+2,   1.005668E+3,   1.147957E-3,   4.333496E-3,   1.560105E+3,   9.773766E-3,   4.553223E-2,   2.373146E+1,   5.835160E-3,   1.498098E+3,   9.067463E-4,   6.845854E+0,   2.478366E-5,   100,1,1,1
       1006,2026-09-09,13:31:41.832,        112,         11,   1.210500E+2,   1.000400E+3,   1.559000E+1,   0.000000E+0,   0.000000E+0,   0.000000E+0,   0.000000E+0,   1.000000E+2,   1.005663E+3,   1.135398E-3,   5.249023E-3,   1.560127E+3,   8.079437E-3,   4.077148E-2,   2.375529E+1,   6.145119E-3,   1.498102E+3,   9.811226E-4,   6.845802E+0,   2.041840E-5,   100,1,1,1
       1007,2026-09-09,13:33:41.834,        113,         11,   1.210500E+2,   1.000400E+3,   1.559000E+1,   0.000000E+0,   0.000000E+0,   0.000000E+0,   0.000000E+0,   1.000000E+2,   1.005659E+3,   1.115622E-3,   4.699707E-3,   1.560150E+3,   9.275518E-3,   4.748535E-2,   2.377983E+1,   5.818859E-3,   1.498106E+3,   9.204462E-4,   6.845748E+0,   2.335361E-5,   100,1,1,1
       1008,2026-09-09,13:35:41.836,        114,         11,   1.210500E+2,   1.000400E+3,   1.559000E+1,   0.000000E+0,   0.000000E+0,   0.000000E+0,   0.000000E+0,   1.000000E+2,   1.005654E+3,   1.195208E-3,   5.004883E-3,   1.560173E+3,   9.877591E-3,   4.235840E-2,   2.380388E+1,   6.452872E-3,   1.498110E+3,   1.009344E-3,   6.845696E+0,   2.467833E-5,   100,1,1,1
       1009,2026-09-09,13:37:41.838,        115,         11,   1.210500E+2,   1.000400E+3,   1.559000E+1,   0.000000E+0,   0.000000E+0,   0.000000E+0,   0.000000E+0,   1.000000E+2,   1.005650E+3,   1.293026E-3,   4.943848E-3,   1.560195E+3,   8.423791E-3,   4.724121E-2,   2.382847E+1,   6.366055E-3,   1.498114E+3,   1.032194E-3,   6.845644E+0,   2.110920E-5,   100,1,1,1
       1010,2026-09-09,13:39:41.840,        116,         11,   1.210500E+2,   1.000400E+3,   1.559000E+1,   0.000000E+0,   0.000000E+0,   0.000000E+0,   0.000000E+0,   1.000000E+2,   1.005645E+3,   1.106621E-3,   4.638672E-3,   1.560219E+3,   9.436698E-3,   5.090332E-2,   2.385308E+1,   6.221736E-3,   1.498118E+3,   9.975634E-4,   6.845589E+0,   2.366280E-5,   100,1,1,1
       1011,2026-09-09,13:41:41.842,        117,         11,   1.210500E+2,   1.000400E+3,   1.559000E+1,   0.000000E+0,   0.000000E+0,   0.000000E+0,   0.000000E+0,   1.000000E+2,   1.005641E+3,   1.460556E-3,   6.103516E-3,   1.560243E+3,   1.044027E-2,   4.736328E-2,   2.387678E+1,   5.908011E-3,   1.498121E+3,   9.115904E-4,   6.845532E+0,   2.628669E-5,   100,1,1,1
       1012,2026-09-09,13:43:41.844,        118,         11,   1.210500E+2,   1.000400E+3,   1.559000E+1,   0.000000E+0,   0.000000E+0,   0.000000E+0,   0.000000E+0,   1.000000E+2,   1.005635E+3,   1.439792E-3,   5.798340E-3,   1.560269E+3,   1.029950E-2,   4.907227E-2,   2.390106E+1,   5.943807E-3,   1.498125E+3,   9.201429E-4,   6.845471E+0,   2.581810E-5,   100,1,1,1
       1013,2026-09-09,13:55:09.859,        119,         11,   1.210500E+2,   1.000400E+3,   1.559000E+1,   0.000000E+0,   0.000000E+0,   0.000000E+0,   0.000000E+0,   1.000000E+2,   1.005380E+3,   1.339741E-3,   7.141113E-3,   1.558648E+3,   1.218117E-2,   6.848145E-2,   2.400972E+1,   5.710127E-3,   1.498085E+3,   1.148452E-3,   6.849738E+0,   3.165396E-5,   100,1,1,1
       1014,2026-09-09,13:57:09.861,        120,         11,   1.210500E+2,   1.000400E+3,   1.559000E+1,   0.000000E+0,   0.000000E+0,   0.000000E+0,   0.000000E+0,   1.000000E+2,   1.005381E+3,   6.282864E-4,   2.990723E-3,   1.558650E+3,   9.282609E-3,   5.871582E-2,   2.402986E+1,   5.257677E-3,   1.498089E+3,   1.049116E-3,   6.849739E+0,   2.410162E-5,   100,1,1,1
       1015,2026-09-09,13:59:09.863,        121,         11,   1.210500E+2,   1.000400E+3,   1.559000E+1,   0.000000E+0,   0.000000E+0,   0.000000E+0,   0.000000E+0,   1.000000E+2,   1.005380E+3,   6.237901E-4,   3.234863E-3,   1.558661E+3,   1.064324E-2,   5.090332E-2,   2.404964E+1,   4.374191E-3,   1.498093E+3,   9.303072E-4,   6.849717E+0,   2.787034E-5,   100,1,1,1
       1016,2026-09-09,14:01:09.865,        122,         11,   1.210500E+2,   1.000400E+3,   1.559000E+1,   0.000000E+0,   0.000000E+0,   0.000000E+0,   0.000000E+0,   1.000000E+2,   1.005379E+3,   6.581728E-4,   3.356934E-3,   1.558664E+3,   9.552429E-3,   4.833984E-2,   2.406819E+1,   4.763792E-3,   1.498097E+3,   9.030303E-4,   6.849713E+0,   2.476432E-5,   100,1,1,1
       1017,2026-09-09,14:03:09.867,        123,         11,   1.210500E+2,   1.000400E+3,   1.559000E+1,   0.000000E+0,   0.000000E+0,   0.000000E+0,   0.000000E+0,   1.000000E+2,   1.005378E+3,   5.754568E-4,   2.746582E-3,   1.558669E+3,   8.737853E-3,   4.846191E-2,   2.408621E+1,   4.388073E-3,   1.498100E+3,   8.652018E-4,   6.849705E+0,   2.272053E-5,   100,1,1,1
       1018,2026-09-09,14:05:09.869,        124,         11,   1.210500E+2,   1.000400E+3,   1.559000E+1,   0.000000E+0,   0.000000E+0,   0.000000E+0,   0.000000E+0,   1.000000E+2,   1.005378E+3,   5.579834E-4,   2.563477E-3,   1.558675E+3,   8.076478E-3,   3.674316E-2,   2.410269E+1,   3.776600E-3,   1.498104E+3,   7.702838E-4,   6.849694E+0,   2.115238E-5,   100,1,1,1
       1019,2026-09-09,14:07:09.871,        125,         11,   1.210500E+2,   1.000400E+3,   1.559000E+1,   0.000000E+0,   0.000000E+0,   0.000000E+0,   0.000000E+0,   1.000000E+2,   1.005378E+3,   5.497953E-4,   3.112793E-3,   1.558676E+3,   8.790283E-3,   4.223633E-2,   2.411762E+1,   3.615796E-3,   1.498107E+3,   6.989089E-4,   6.849696E+0,   2.305035E-5,   100,1,1,1
       1020,2026-09-09,14:09:09.873,        126,         11,   1.210500E+2,   1.000400E+3,   1.559000E+1,   0.000000E+0,   0.000000E+0,   0.000000E+0,   0.000000E+0,   1.000000E+2,   1.005379E+3,   5.708110E-4,   2.624512E-3,   1.558672E+3,   9.568846E-3,   5.493164E-2,   2.412971E+1,   3.038452E-3,   1.498109E+3,   6.368713E-4,   6.849709E+0,   2.504522E-5,   100,1,1,1
       1021,2026-09-09,14:11:09.875,        127,         11,   1.210500E+2,   1.000400E+3,   1.559000E+1,   0.000000E+0,   0.000000E+0,   0.000000E+0,   0.000000E+0,   1.000000E+2,   1.005380E+3,   5.894948E-4,   3.173828E-3,   1.558667E+3,   8.616272E-3,   4.418945E-2,   2.414122E+1,   3.240226E-3,   1.498112E+3,   7.465437E-4,   6.849725E+0,   2.266544E-5,   100,1,1,1
       1022,2026-09-09,14:13:09.877,        128,         11,   1.210500E+2,   1.000400E+3,   1.559000E+1,   0.000000E+0,   0.000000E+0,   0.000000E+0,   0.000000E+0,   1.000000E+2,   1.005382E+3,   8.445371E-4,   4.211426E-3,   1.558664E+3,   8.862704E-3,   4.406738E-2,   2.415260E+1,   2.658706E-3,   1.498115E+3,   6.438348E-4,   6.849736E+0,   2.329934E-5,   100,1,1,1
       1023,2026-09-09,14:15:09.879,        129,         11,   1.210500E+2,   1.000400E+3,   1.559000E+1,   0.000000E+0,   0.000000E+0,   0.000000E+0,   0.000000E+0,   1.000000E+2,   1.005382E+3,   5.114093E-4,   2.319336E-3,   1.558666E+3,   8.146906E-3,   4.028320E-2,   2.416516E+1,   3.676056E-3,   1.498117E+3,   8.011067E-4,   6.849733E+0,   2.103088E-5,   100,1,1,1
       1024,2026-09-09,14:17:09.881,        130,         11,   1.210500E+2,   1.000400E+3,   1.559000E+1,   0.000000E+0,   0.000000E+0,   0.000000E+0,   0.000000E+0,   1.000000E+2,   1.005381E+3,   6.862537E-4,   2.990723E-3,   1.558670E+3,   7.898893E-3,   4.638672E-2,   2.417904E+1,   3.170137E-3,   1.498120E+3,   6.165335E-4,   6.849727E+0,   2.067697E-5,   100,1,1,1
       1025,2026-09-09,14:19:09.883,        131,         11,   1.210500E+2,   1.000400E+3,   1.559000E+1,   0.000000E+0,   0.000000E+0,   0.000000E+0,   0.000000E+0,   1.000000E+2,   1.005383E+3,   6.960730E-4,   3.356934E-3,   1.558666E+3,   1.074043E-2,   5.908203E-2,   2.419027E+1,   2.450773E-3,   1.498123E+3,   5.591260E-4,   6.849741E+0,   2.826049E-5,   100,1,1,1
       1026,2026-09-09,14:30:01.304,        132,         11,   1.210500E+2,   1.030910E+3,   1.559000E+1,   0.000000E+0,   0.000000E+0,   0.000000E+0,   0.000000E+0,   1.000000E+2,   1.005146E+3,   2.658358E-3,   1.049805E-2,   1.557037E+3,   9.705244E-3,   5.102539E-2,   2.424961E+1,   7.053008E-3,   1.498079E+3,   9.970593E-4,   6.854027E+0,   2.480187E-5,   100,0,1,0
       1027,2026-09-09,14:32:01.306,        133,         11,   1.210500E+2,   1.030910E+3,   1.559000E+1,   0.000000E+0,   0.000000E+0,   0.000000E+0,   0.000000E+0,   1.000000E+2,   1.005147E+3,   8.585803E-4,   4.455566E-3,   1.557034E+3,   1.000423E-2,   4.882812E-2,   2.427065E+1,   4.703482E-3,   1.498083E+3,   1.046449E-3,   6.854039E+0,   2.598715E-5,   100,1,1,1
       1028,2026-09-09,14:34:01.308,        134,         11,   1.210500E+2,   1.030910E+3,   1.559000E+1,   0.000000E+0,   0.000000E+0,   0.000000E+0,   0.000000E+0,   1.000000E+2,   1.005148E+3,   6.110097E-4,   2.990723E-3,   1.557029E+3,   8.335331E-3,   4.431152E-2,   2.428453E+1,   3.163914E-3,   1.498086E+3,   6.851729E-4,   6.854055E+0,   2.186350E-5,   100,1,1,1
       1029,2026-09-09,14:36:01.310,        135,         11,   1.210500E+2,   1.030910E+3,   1.559000E+1,   0.000000E+0,   0.000000E+0,   0.000000E+0,   0.000000E+0,   1.000000E+2,   1.005148E+3,   7.102238E-4,   3.173828E-3,   1.557029E+3,   9.667094E-3,   5.273437E-2,   2.429751E+1,   2.791643E-3,   1.498089E+3,   5.157512E-4,   6.854061E+0,   2.561094E-5,   100,1,1,1
       1030,2026-09-09,14:38:01.312,        136,         11,   1.210500E+2,   1.030910E+3,   1.559000E+1,   0.000000E+0,   0.000000E+0,   0.000000E+0,   0.000000E+0,   1.000000E+2,   1.005149E+3,   6.107494E-4,   3.051758E-3,   1.557019E+3,   9.151606E-3,   5.334473E-2,   2.430676E+1,   2.563035E-3,   1.498091E+3,   5.970073E-4,   6.854089E+0,   2.407446E-5,   100,1,1,1
       1031,2026-09-09,14:40:01.314,        137,         11,   1.210500E+2,   1.030910E+3,   1.559000E+1,   0.000000E+0,   0.000000E+0,   0.000000E+0,   0.000000E+0,   1.000000E+2,   1.005149E+3,   6.005742E-4,   2.502441E-3,   1.557017E+3,   7.723485E-3,   3.991699E-2,   2.431754E+1,   3.281040E-3,   1.498093E+3,   6.090135E-4,   6.854098E+0,   2.024542E-5,   100,1,1,1
       1032,2026-09-09,14:42:01.316,        138,         11,   1.210500E+2,   1.030910E+3,   1.559000E+1,   0.000000E+0,   0.000000E+0,   0.000000E+0,   0.000000E+0,   1.000000E+2,   1.005150E+3,   6.710389E-4,   3.479004E-3,   1.557017E+3,   8.477029E-3,   4.016113E-2,   2.432883E+1,   2.773251E-3,   1.498095E+3,   5.576596E-4,   6.854101E+0,   2.213811E-5,   100,1,1,1
       1033,2026-09-09,14:44:01.318,        139,         11,   1.210500E+2,   1.030910E+3,   1.559000E+1,   0.000000E+0,   0.000000E+0,   0.000000E+0,   0.000000E+0,   1.000000E+2,   1.005149E+3,   7.449056E-4,   4.760742E-3,   1.557018E+3,   8.456243E-3,   4.064941E-2,   2.434042E+1,   3.116210E-3,   1.498098E+3,   5.831101E-4,   6.854099E+0,   2.210810E-5,   100,1,1,1
       1034,2026-09-09,14:46:01.320,        140,         11,   1.210500E+2,   1.030910E+3,   1.559000E+1,   0.000000E+0,   0.000000E+0,   0.000000E+0,   0.000000E+0,   1.000000E+2,   1.005149E+3,   6.712466E-4,   2.929688E-3,   1.557022E+3,   8.936645E-3,   4.858398E-2,   2.435264E+1,   3.591181E-3,   1.498100E+3,   7.254176E-4,   6.854092E+0,   2.307201E-5,   100,1,1,1
       1035,2026-09-16,08:36:36.186,          1,        101,   0.000000E+0,   1.000000E+2,   0.000000E+0,   0.000000E+0,   0.000000E+0,   0.000000E+0,   0.000000E+0,   1.000000E+2,   9.974766E+2,   3.376012E-3,   1.116943E-2,   1.491249E+3,   3.883002E-2,   1.369629E-1,   2.303123E+1,   5.454020E-3,   1.495982E+3,   2.039240E-3,   7.033865E+0,   1.096762E-4,   100,0,1,0
       1036,2026-09-16,08:38:36.188,          2,        101,   0.000000E+0,   1.000000E+2,   0.000000E+0,   0.000000E+0,   0.000000E+0,   0.000000E+0,   0.000000E+0,   1.000000E+2,   9.974678E+2,   2.407411E-3,   9.033203E-3,   1.491372E+3,   3.224058E-2,   1.087646E-1,   2.306814E+1,   1.149816E-2,   1.495988E+3,   1.597878E-3,   7.033525E+0,   8.922801E-5,   100,1,1,1
       1037,2026-09-16,08:40:36.190,          3,        101,   0.000000E+0,   1.000000E+2,   0.000000E+0,   0.000000E+0,   0.000000E+0,   0.000000E+0,   0.000000E+0,   1.000000E+2,   9.974585E+2,   2.359144E-3,   8.422852E-3,   1.491487E+3,   2.614660E-2,   8.813477E-2,   2.310510E+1,   7.120017E-3,   1.495994E+3,   1.359816E-3,   7.033205E+0,   7.294430E-5,   100,1,1,1
       1038,2026-09-16,08:42:36.192,          4,        101,   0.000000E+0,   1.000000E+2,   0.000000E+0,   0.000000E+0,   0.000000E+0,   0.000000E+0,   0.000000E+0,   1.000000E+2,   9.974473E+2,   5.232997E-3,   2.728271E-2,   1.491616E+3,   4.633578E-2,   1.379395E-1,   2.314425E+1,   1.340013E-2,   1.496001E+3,   2.667552E-3,   7.032846E+0,   1.289716E-4,   100,0,1,0
       1039,2026-09-16,08:44:36.195,          5,        101,   0.000000E+0,   1.000000E+2,   0.000000E+0,   0.000000E+0,   0.000000E+0,   0.000000E+0,   0.000000E+0,   1.000000E+2,   9.974400E+2,   2.386281E-3,   7.995605E-3,   1.491722E+3,   3.041554E-2,   1.031494E-1,   2.318117E+1,   9.589830E-3,   1.496006E+3,   1.548411E-3,   7.032557E+0,   8.433712E-5,   100,1,1,1
       1040,2026-09-16,08:46:36.197,          6,        101,   0.000000E+0,   1.000000E+2,   0.000000E+0,   0.000000E+0,   0.000000E+0,   0.000000E+0,   0.000000E+0,   1.000000E+2,   9.974312E+2,   2.077642E-3,   7.751465E-3,   1.491828E+3,   2.437244E-2,   8.239746E-2,   2.321844E+1,   8.591129E-3,   1.496012E+3,   1.267524E-3,   7.032262E+0,   6.729645E-5,   100,1,1,1
       1041,2026-09-16,08:48:36.200,          7,        101,   0.000000E+0,   1.000000E+2,   0.000000E+0,   0.000000E+0,   0.000000E+0,   0.000000E+0,   0.000000E+0,   1.000000E+2,   9.974238E+2,   1.729939E-3,   6.408691E-3,   1.491911E+3,   2.000206E-2,   6.750488E-2,   2.324837E+1,   6.608160E-3,   1.496017E+3,   9.949345E-4,   7.032035E+0,   5.533597E-5,   100,1,1,1
       1042,2026-09-16,08:50:36.203,          8,        101,   0.000000E+0,   1.000000E+2,   0.000000E+0,   0.000000E+0,   0.000000E+0,   0.000000E+0,   0.000000E+0,   1.000000E+2,   9.974172E+2,   1.624882E-3,   5.920410E-3,   1.491987E+3,   1.691798E-2,   5.468750E-2,   2.327494E+1,   6.368589E-3,   1.496021E+3,   9.650670E-4,   7.031825E+0,   4.658909E-5,   100,1,1,1
       1043,2026-09-16,08:52:36.205,          9,        101,   0.000000E+0,   1.000000E+2,   0.000000E+0,   0.000000E+0,   0.000000E+0,   0.000000E+0,   0.000000E+0,   1.000000E+2,   9.974116E+2,   1.490916E-3,   5.798340E-3,   1.492047E+3,   1.553900E-2,   5.468750E-2,   2.329703E+1,   5.406486E-3,   1.496024E+3,   8.088106E-4,   7.031658E+0,   4.284547E-5,   100,1,1,1
       1044,2026-09-16,08:54:36.207,         10,        101,   0.000000E+0,   1.000000E+2,   0.000000E+0,   0.000000E+0,   0.000000E+0,   0.000000E+0,   0.000000E+0,   1.000000E+2,   9.974062E+2,   1.459265E-3,   5.249023E-3,   1.492108E+3,   1.618234E-2,   5.505371E-2,   2.331824E+1,   5.587826E-3,   1.496027E+3,   8.453461E-4,   7.031490E+0,   4.470027E-5,   100,1,1,1
       1045,2026-09-16,08:56:36.209,         11,        101,   0.000000E+0,   1.000000E+2,   0.000000E+0,   0.000000E+0,   0.000000E+0,   0.000000E+0,   0.000000E+0,   1.000000E+2,   9.974007E+2,   1.457691E-3,   5.126953E-3,   1.492164E+3,   1.464293E-2,   4.650879E-2,   2.333846E+1,   4.996735E-3,   1.496030E+3,   7.743871E-4,   7.031335E+0,   4.045804E-5,   100,1,1,1
       1046,2026-09-16,08:58:36.211,         12,        101,   0.000000E+0,   1.000000E+2,   0.000000E+0,   0.000000E+0,   0.000000E+0,   0.000000E+0,   0.000000E+0,   1.000000E+2,   9.973964E+2,   1.263935E-3,   5.004883E-3,   1.492211E+3,   1.213109E-2,   4.260254E-2,   2.335545E+1,   4.113406E-3,   1.496032E+3,   6.134988E-4,   7.031207E+0,   3.351715E-5,   100,1,1,1
       1047,2026-09-16,09:00:36.213,         13,        101,   0.000000E+0,   1.000000E+2,   0.000000E+0,   0.000000E+0,   0.000000E+0,   0.000000E+0,   0.000000E+0,   1.000000E+2,   9.973918E+2,   1.240912E-3,   4.516602E-3,   1.492261E+3,   1.237143E-2,   4.345703E-2,   2.337255E+1,   4.378607E-3,   1.496035E+3,   6.643824E-4,   7.031067E+0,   3.414428E-5,   100,1,1,1
       1048,2026-09-16,09:02:36.215,         14,        101,   0.000000E+0,   1.000000E+2,   0.000000E+0,   0.000000E+0,   0.000000E+0,   0.000000E+0,   0.000000E+0,   1.000000E+2,   9.973878E+2,   1.130565E-3,   4.455566E-3,   1.492306E+3,   1.071570E-2,   4.260254E-2,   2.338845E+1,   3.929898E-3,   1.496037E+3,   5.745274E-4,   7.030943E+0,   2.954504E-5,   100,1,1,1
       1049,2026-09-16,09:04:36.217,         15,        101,   0.000000E+0,   1.000000E+2,   0.000000E+0,   0.000000E+0,   0.000000E+0,   0.000000E+0,   0.000000E+0,   1.000000E+2,   9.973840E+2,   8.941005E-4,   3.784180E-3,   1.492346E+3,   7.096065E-3,   2.783203E-2,   2.340339E+1,   2.919497E-3,   1.496040E+3,   4.077436E-4,   7.030834E+0,   1.947704E-5,   100,1,1,1
       1050,2026-09-16,09:06:36.219,         16,        101,   0.000000E+0,   1.000000E+2,   0.000000E+0,   0.000000E+0,   0.000000E+0,   0.000000E+0,   0.000000E+0,   1.000000E+2,   9.973821E+2,   4.785213E-4,   2.136230E-3,   1.492353E+3,   6.835266E-3,   2.661133E-2,   2.340795E+1,   1.422919E-3,   1.496040E+3,   2.628902E-4,   7.030817E+0,   1.916318E-5,   100,1,1,1
       1051,2026-09-16,09:08:36.221,         17,        101,   0.000000E+0,   1.000000E+2,   0.000000E+0,   0.000000E+0,   0.000000E+0,   0.000000E+0,   0.000000E+0,   1.000000E+2,   9.973825E+2,   4.981517E-4,   2.075195E-3,   1.492337E+3,   1.715445E-3,   9.643555E-3,   2.340264E+1,   5.103413E-4,   1.496039E+3,   5.446729E-5,   7.030860E+0,   4.887816E-6,   100,1,1,1
       1052,2026-09-16,09:10:36.223,         18,        101,   0.000000E+0,   1.000000E+2,   0.000000E+0,   0.000000E+0,   0.000000E+0,   0.000000E+0,   0.000000E+0,   1.000000E+2,   9.973815E+2,   7.962783E-4,   2.990723E-3,   1.492347E+3,   6.875733E-3,   2.465820E-2,   2.340476E+1,   1.849871E-3,   1.496040E+3,   3.175724E-4,   7.030831E+0,   1.913196E-5,   100,1,1,1
       1053,2026-09-16,09:12:36.225,         19,        101,   0.000000E+0,   1.000000E+2,   0.000000E+0,   0.000000E+0,   0.000000E+0,   0.000000E+0,   0.000000E+0,   1.000000E+2,   9.973790E+2,   9.607127E-4,   4.272461E-3,   1.492372E+3,   7.167754E-3,   3.039551E-2,   2.341301E+1,   2.409604E-3,   1.496041E+3,   3.594888E-4,   7.030762E+0,   1.984066E-5,   100,1,1,1
       1054,2026-09-16,09:24:29.401,         20,         11,   1.100000E+2,   1.099990E+3,   0.000000E+0,   0.000000E+0,   0.000000E+0,   0.000000E+0,   0.000000E+0,   1.000000E+2,   1.004936E+3,   1.683165E-3,   8.117676E-3,   1.543936E+3,   1.204209E-2,   4.711914E-2,   2.384388E+1,   2.189850E-3,   1.497945E+3,   1.215204E-4,   6.888570E+0,   3.159668E-5,   100,1,1,1
       1055,2026-09-16,09:26:29.403,         21,         11,   1.100000E+2,   1.099990E+3,   0.000000E+0,   0.000000E+0,   0.000000E+0,   0.000000E+0,   0.000000E+0,   1.000000E+2,   1.004943E+3,   1.962492E-3,   8.178711E-3,   1.543900E+3,   1.105359E-2,   4.748535E-2,   2.383802E+1,   1.652377E-3,   1.497946E+3,   1.788472E-4,   6.888667E+0,   2.914092E-5,   100,1,1,1
       1056,2026-09-16,09:28:29.405,         22,         11,   1.100000E+2,   1.099990E+3,   0.000000E+0,   0.000000E+0,   0.000000E+0,   0.000000E+0,   0.000000E+0,   1.000000E+2,   1.004949E+3,   1.276043E-3,   5.004883E-3,   1.543873E+3,   8.063477E-3,   3.503418E-2,   2.383296E+1,   1.313269E-3,   1.497946E+3,   1.108996E-4,   6.888736E+0,   2.123890E-5,   100,1,1,1
       1057,2026-09-16,09:30:29.407,         23,         11,   1.100000E+2,   1.099990E+3,   0.000000E+0,   0.000000E+0,   0.000000E+0,   0.000000E+0,   0.000000E+0,   1.000000E+2,   1.004953E+3,   1.115826E-3,   4.638672E-3,   1.543849E+3,   8.623463E-3,   4.248047E-2,   2.382926E+1,   9.077882E-4,   1.497946E+3,   1.317882E-4,   6.888799E+0,   2.279674E-5,   100,1,1,1
       1058,2026-09-16,09:32:29.409,         24,         11,   1.100000E+2,   1.099990E+3,   0.000000E+0,   0.000000E+0,   0.000000E+0,   0.000000E+0,   0.000000E+0,   1.000000E+2,   1.004959E+3,   1.323230E-3,   5.493164E-3,   1.543822E+3,   8.678115E-3,   3.930664E-2,   2.382503E+1,   1.277285E-3,   1.497947E+3,   8.846961E-5,   6.888870E+0,   2.291641E-5,   100,1,1,1
       1059,2026-09-16,09:34:29.411,         25,         11,   1.100000E+2,   1.099990E+3,   0.000000E+0,   0.000000E+0,   0.000000E+0,   0.000000E+0,   0.000000E+0,   1.000000E+2,   1.004962E+3,   1.283510E-3,   4.882812E-3,   1.543804E+3,   7.647892E-3,   3.820801E-2,   2.382230E+1,   3.916332E-4,   1.497947E+3,   2.000786E-4,   6.888917E+0,   2.034874E-5,   100,1,1,1
       1060,2026-09-16,09:36:29.413,         26,         11,   1.100000E+2,   1.099990E+3,   0.000000E+0,   0.000000E+0,   0.000000E+0,   0.000000E+0,   0.000000E+0,   1.000000E+2,   1.004967E+3,   1.276999E-3,   4.516602E-3,   1.543793E+3,   6.961507E-3,   3.283691E-2,   2.382118E+1,   5.311068E-4,   1.497948E+3,   1.551860E-4,   6.888946E+0,   1.849986E-5,   100,1,1,1
       1061,2026-09-16,09:38:29.415,         27,         11,   1.100000E+2,   1.099990E+3,   0.000000E+0,   0.000000E+0,   0.000000E+0,   0.000000E+0,   0.000000E+0,   1.000000E+2,   1.004970E+3,   8.728211E-4,   3.540039E-3,   1.543776E+3,   6.791379E-3,   3.112793E-2,   2.382008E+1,   3.535721E-4,   1.497948E+3,   2.093717E-4,   6.888990E+0,   1.810760E-5,   100,1,1,1
       1062,2026-09-16,09:40:29.417,         28,         11,   1.100000E+2,   1.099990E+3,   0.000000E+0,   0.000000E+0,   0.000000E+0,   0.000000E+0,   0.000000E+0,   1.000000E+2,   1.004974E+3,   9.198965E-4,   4.211426E-3,   1.543764E+3,   6.070197E-3,   2.709961E-2,   2.381988E+1,   3.690686E-4,   1.497949E+3,   2.210243E-4,   6.889024E+0,   1.619013E-5,   100,1,1,1
       1063,2026-09-16,09:42:29.419,         29,         11,   1.100000E+2,   1.099990E+3,   0.000000E+0,   0.000000E+0,   0.000000E+0,   0.000000E+0,   0.000000E+0,   1.000000E+2,   1.004977E+3,   9.362133E-4,   3.479004E-3,   1.543748E+3,   6.126497E-3,   2.844238E-2,   2.381956E+1,   4.343544E-4,   1.497950E+3,   1.934035E-4,   6.889067E+0,   1.628055E-5,   100,1,1,1
       1064,2026-09-16,09:44:29.421,         30,         11,   1.100000E+2,   1.099990E+3,   0.000000E+0,   0.000000E+0,   0.000000E+0,   0.000000E+0,   0.000000E+0,   1.000000E+2,   1.004980E+3,   1.138123E-3,   4.821777E-3,   1.543735E+3,   6.757278E-3,   3.283691E-2,   2.381854E+1,   3.591474E-4,   1.497951E+3,   1.848603E-4,   6.889100E+0,   1.800059E-5,   100,1,1,1
       1065,2026-09-16,09:46:29.423,         31,         11,   1.100000E+2,   1.099990E+3,   0.000000E+0,   0.000000E+0,   0.000000E+0,   0.000000E+0,   0.000000E+0,   1.000000E+2,   1.004984E+3,   1.033291E-3,   4.882812E-3,   1.543721E+3,   5.627374E-3,   2.770996E-2,   2.381740E+1,   3.432032E-4,   1.497951E+3,   2.267886E-4,   6.889137E+0,   1.498404E-5,   100,1,1,1
       1066,2026-09-16,09:48:29.425,         32,         11,   1.100000E+2,   1.099990E+3,   0.000000E+0,   0.000000E+0,   0.000000E+0,   0.000000E+0,   0.000000E+0,   1.000000E+2,   1.004987E+3,   8.169262E-4,   3.784180E-3,   1.543710E+3,   5.789631E-3,   3.393555E-2,   2.381829E+1,   3.729310E-4,   1.497952E+3,   2.568082E-4,   6.889166E+0,   1.544408E-5,   100,1,1,1
       1067,2026-09-16,09:50:29.427,         33,         11,   1.100000E+2,   1.099990E+3,   0.000000E+0,   0.000000E+0,   0.000000E+0,   0.000000E+0,   0.000000E+0,   1.000000E+2,   1.004989E+3,   7.592809E-4,   2.990723E-3,   1.543704E+3,   6.478622E-3,   3.015137E-2,   2.382058E+1,   8.298423E-4,   1.497953E+3,   2.885687E-4,   6.889182E+0,   1.738207E-5,   100,1,1,1
       1068,2026-09-16,09:52:29.429,         34,         11,   1.100000E+2,   1.099990E+3,   0.000000E+0,   0.000000E+0,   0.000000E+0,   0.000000E+0,   0.000000E+0,   1.000000E+2,   1.004991E+3,   7.282227E-4,   3.173828E-3,   1.543695E+3,   5.891670E-3,   3.210449E-2,   2.382283E+1,   7.334035E-4,   1.497954E+3,   2.811180E-4,   6.889208E+0,   1.577632E-5,   100,1,1,1
       1069,2026-09-16,09:54:29.431,         35,         11,   1.100000E+2,   1.099990E+3,   0.000000E+0,   0.000000E+0,   0.000000E+0,   0.000000E+0,   0.000000E+0,   1.000000E+2,   1.004994E+3,   9.535686E-4,   3.723145E-3,   1.543685E+3,   6.653083E-3,   2.966309E-2,   2.382468E+1,   4.310149E-4,   1.497955E+3,   1.604318E-4,   6.889235E+0,   1.778572E-5,   100,1,1,1
       1070,2026-09-16,09:56:29.433,         36,         11,   1.100000E+2,   1.099990E+3,   0.000000E+0,   0.000000E+0,   0.000000E+0,   0.000000E+0,   0.000000E+0,   1.000000E+2,   1.005000E+3,   2.158121E-3,   7.873535E-3,   1.543646E+3,   1.408822E-2,   5.712891E-2,   2.381546E+1,   4.526492E-3,   1.497954E+3,   4.754747E-4,   6.889336E+0,   3.643067E-5,   100,1,1,1
       1071,2026-09-16,09:58:29.435,         37,         11,   1.100000E+2,   1.099990E+3,   0.000000E+0,   0.000000E+0,   0.000000E+0,   0.000000E+0,   0.000000E+0,   1.000000E+2,   1.005010E+3,   2.345312E-3,   8.422852E-3,   1.543590E+3,   1.437508E-2,   5.346680E-2,   2.379461E+1,   5.732501E-3,   1.497952E+3,   5.861674E-4,   6.889480E+0,   3.694451E-5,   100,1,1,1
       1072,2026-09-16,10:00:29.437,         38,         11,   1.100000E+2,   1.099990E+3,   0.000000E+0,   0.000000E+0,   0.000000E+0,   0.000000E+0,   0.000000E+0,   1.000000E+2,   1.005016E+3,   1.256010E-3,   4.638672E-3,   1.543560E+3,   6.977336E-3,   3.601074E-2,   2.378144E+1,   1.467429E-3,   1.497952E+3,   1.280637E-4,   6.889557E+0,   1.835282E-5,   100,1,1,1
       1073,2026-09-16,10:02:29.439,         39,         11,   1.100000E+2,   1.099990E+3,   0.000000E+0,   0.000000E+0,   0.000000E+0,   0.000000E+0,   0.000000E+0,   1.000000E+2,   1.005019E+3,   9.029109E-4,   4.150391E-3,   1.543547E+3,   6.083870E-3,   2.893066E-2,   2.377997E+1,   5.697883E-4,   1.497952E+3,   2.776349E-4,   6.889590E+0,   1.631910E-5,   100,1,1,1
       1074,2026-09-16,10:04:29.441,         40,         11,   1.100000E+2,   1.099990E+3,   0.000000E+0,   0.000000E+0,   0.000000E+0,   0.000000E+0,   0.000000E+0,   1.000000E+2,   1.005021E+3,   5.368974E-4,   2.319336E-3,   1.543545E+3,   6.056764E-3,   2.941895E-2,   2.378256E+1,   1.022804E-3,   1.497954E+3,   3.278682E-4,   6.889599E+0,   1.618304E-5,   100,1,1,1
       1075,2026-09-16,10:06:29.443,         41,         11,   1.100000E+2,   1.099990E+3,   0.000000E+0,   0.000000E+0,   0.000000E+0,   0.000000E+0,   0.000000E+0,   1.000000E+2,   1.005023E+3,   7.276654E-4,   3.356934E-3,   1.543541E+3,   5.747997E-3,   3.137207E-2,   2.378623E+1,   1.017492E-3,   1.497955E+3,   2.990377E-4,   6.889608E+0,   1.537477E-5,   100,1,1,1
       1076,2026-09-16,10:08:29.445,         42,         11,   1.100000E+2,   1.099990E+3,   0.000000E+0,   0.000000E+0,   0.000000E+0,   0.000000E+0,   0.000000E+0,   1.000000E+2,   1.005024E+3,   7.077811E-4,   4.211426E-3,   1.543541E+3,   5.575548E-3,   2.734375E-2,   2.379056E+1,   1.588016E-3,   1.497956E+3,   3.629722E-4,   6.889609E+0,   1.486436E-5,   100,1,1,1
       1077,2026-09-16,10:10:29.447,         43,         11,   1.100000E+2,   1.099990E+3,   0.000000E+0,   0.000000E+0,   0.000000E+0,   0.000000E+0,   0.000000E+0,   1.000000E+2,   1.005026E+3,   8.170103E-4,   3.479004E-3,   1.543537E+3,   5.789681E-3,   3.076172E-2,   2.379432E+1,   9.085042E-4,   1.497957E+3,   2.978272E-4,   6.889623E+0,   1.550478E-5,   100,1,1,1
       1078,2026-09-16,10:12:29.449,         44,         11,   1.100000E+2,   1.099990E+3,   0.000000E+0,   0.000000E+0,   0.000000E+0,   0.000000E+0,   0.000000E+0,   1.000000E+2,   1.005028E+3,   7.387559E-4,   3.173828E-3,   1.543529E+3,   5.705449E-3,   3.222656E-2,   2.379676E+1,   5.523563E-4,   1.497958E+3,   2.569810E-4,   6.889644E+0,   1.527209E-5,   100,1,1,1
       1079,2026-09-16,10:14:29.451,         45,         11,   1.100000E+2,   1.099990E+3,   0.000000E+0,   0.000000E+0,   0.000000E+0,   0.000000E+0,   0.000000E+0,   1.000000E+2,   1.005030E+3,   8.318740E-4,   3.356934E-3,   1.543524E+3,   6.696627E-3,   3.955078E-2,   2.379944E+1,   7.947090E-4,   1.497959E+3,   2.604745E-4,   6.889658E+0,   1.793207E-5,   100,1,1,1
       1080,2026-09-16,10:16:29.453,         46,         11,   1.100000E+2,   1.099990E+3,   0.000000E+0,   0.000000E+0,   0.000000E+0,   0.000000E+0,   0.000000E+0,   1.000000E+2,   1.005033E+3,   9.466303E-4,   4.028320E-3,   1.543517E+3,   5.021779E-3,   2.246094E-2,   2.380220E+1,   5.680739E-4,   1.497960E+3,   2.511305E-4,   6.889678E+0,   1.342012E-5,   100,1,1,1
       1081,2026-09-16,10:18:29.455,         47,         11,   1.100000E+2,   1.099990E+3,   0.000000E+0,   0.000000E+0,   0.000000E+0,   0.000000E+0,   0.000000E+0,   1.000000E+2,   1.005035E+3,   9.480675E-4,   4.211426E-3,   1.543508E+3,   5.584674E-3,   3.393555E-2,   2.380360E+1,   5.244505E-4,   1.497961E+3,   2.785361E-4,   6.889702E+0,   1.490718E-5,   100,1,1,1
       1082,2026-09-16,10:20:29.457,         48,         11,   1.100000E+2,   1.099990E+3,   0.000000E+0,   0.000000E+0,   0.000000E+0,   0.000000E+0,   0.000000E+0,   1.000000E+2,   1.005037E+3,   1.041365E-3,   4.150391E-3,   1.543502E+3,   6.149745E-3,   3.283691E-2,   2.380579E+1,   7.755379E-4,   1.497962E+3,   3.155922E-4,   6.889718E+0,   1.645768E-5,   100,1,1,1
       1083,2026-09-16,10:22:29.459,         49,         11,   1.100000E+2,   1.099990E+3,   0.000000E+0,   0.000000E+0,   0.000000E+0,   0.000000E+0,   0.000000E+0,   1.000000E+2,   1.005040E+3,   8.256455E-4,   3.601074E-3,   1.543496E+3,   5.335557E-3,   2.624512E-2,   2.380869E+1,   7.385613E-4,   1.497964E+3,   2.487215E-4,   6.889737E+0,   1.428075E-5,   100,1,1,1
       1084,2026-09-16,10:24:29.461,         50,         11,   1.100000E+2,   1.099990E+3,   0.000000E+0,   0.000000E+0,   0.000000E+0,   0.000000E+0,   0.000000E+0,   1.000000E+2,   1.005042E+3,   7.139240E-4,   3.234863E-3,   1.543489E+3,   4.729435E-3,   2.001953E-2,   2.381126E+1,   1.087310E-3,   1.497965E+3,   3.387780E-4,   6.889756E+0,   1.268090E-5,   100,1,1,1
       1085,2026-09-16,10:26:29.463,         51,         11,   1.100000E+2,   1.099990E+3,   0.000000E+0,   0.000000E+0,   0.000000E+0,   0.000000E+0,   0.000000E+0,   1.000000E+2,   1.005044E+3,   8.582500E-4,   4.394531E-3,   1.543486E+3,   5.189331E-3,   2.282715E-2,   2.381535E+1,   1.209084E-3,   1.497966E+3,   3.497606E-4,   6.889764E+0,   1.388728E-5,   100,1,1,1
       1086,2026-09-16,10:28:29.465,         52,         11,   1.100000E+2,   1.099990E+3,   0.000000E+0,   0.000000E+0,   0.000000E+0,   0.000000E+0,   0.000000E+0,   1.000000E+2,   1.005046E+3,   8.466340E-4,   3.906250E-3,   1.543482E+3,   5.504188E-3,   3.015137E-2,   2.381949E+1,   8.326562E-4,   1.497967E+3,   3.114757E-4,   6.889777E+0,   1.471240E-5,   100,1,1,1
       1087,2026-09-16,10:30:29.467,         53,         11,   1.100000E+2,   1.099990E+3,   0.000000E+0,   0.000000E+0,   0.000000E+0,   0.000000E+0,   0.000000E+0,   1.000000E+2,   1.005047E+3,   7.116000E-4,   2.929688E-3,   1.543478E+3,   5.684227E-3,   3.234863E-2,   2.382349E+1,   1.097602E-3,   1.497968E+3,   3.191586E-4,   6.889787E+0,   1.526078E-5,   100,1,1,1
       1088,2026-09-16,10:32:29.469,         54,         11,   1.100000E+2,   1.099990E+3,   0.000000E+0,   0.000000E+0,   0.000000E+0,   0.000000E+0,   0.000000E+0,   1.000000E+2,   1.005050E+3,   7.046481E-4,   2.990723E-3,   1.543471E+3,   5.182934E-3,   2.612305E-2,   2.382550E+1,   5.768818E-4,   1.497969E+3,   3.113669E-4,   6.889807E+0,   1.388058E-5,   100,1,1,1
       1089,2026-09-16,10:34:29.471,         55,         11,   1.100000E+2,   1.099990E+3,   0.000000E+0,   0.000000E+0,   0.000000E+0,   0.000000E+0,   0.000000E+0,   1.000000E+2,   1.005052E+3,   7.822519E-4,   3.356934E-3,   1.543468E+3,   5.603736E-3,   2.539063E-2,   2.382890E+1,   8.443422E-4,   1.497971E+3,   2.854615E-4,   6.889816E+0,   1.504669E-5,   100,1,1,1
       1090,2026-09-16,10:36:29.473,         56,         11,   1.100000E+2,   1.099990E+3,   0.000000E+0,   0.000000E+0,   0.000000E+0,   0.000000E+0,   0.000000E+0,   1.000000E+2,   1.005054E+3,   7.723745E-4,   3.479004E-3,   1.543462E+3,   5.349908E-3,   2.526855E-2,   2.383229E+1,   9.360686E-4,   1.497972E+3,   3.402853E-4,   6.889833E+0,   1.429445E-5,   100,1,1,1
       1091,2026-09-16,10:38:29.475,         57,         11,   1.100000E+2,   1.099990E+3,   0.000000E+0,   0.000000E+0,   0.000000E+0,   0.000000E+0,   0.000000E+0,   1.000000E+2,   1.005056E+3,   7.901122E-4,   3.479004E-3,   1.543458E+3,   5.488573E-3,   2.575684E-2,   2.383619E+1,   1.107953E-3,   1.497973E+3,   3.594825E-4,   6.889844E+0,   1.468663E-5,   100,1,1,1
       1092,2026-09-16,10:40:29.477,         58,         11,   1.100000E+2,   1.099990E+3,   0.000000E+0,   0.000000E+0,   0.000000E+0,   0.000000E+0,   0.000000E+0,   1.000000E+2,   1.005057E+3,   6.881824E-4,   3.356934E-3,   1.543456E+3,   5.532397E-3,   2.380371E-2,   2.384031E+1,   1.371994E-3,   1.497974E+3,   3.730339E-4,   6.889852E+0,   1.475922E-5,   100,1,1,1
       1093,2026-09-16,10:42:29.479,         59,         11,   1.100000E+2,   1.099990E+3,   0.000000E+0,   0.000000E+0,   0.000000E+0,   0.000000E+0,   0.000000E+0,   1.000000E+2,   1.005059E+3,   6.314014E-4,   3.051758E-3,   1.543451E+3,   4.988845E-3,   2.502441E-2,   2.384494E+1,   1.135236E-3,   1.497976E+3,   3.650562E-4,   6.889864E+0,   1.332639E-5,   100,1,1,1
       1094,2026-09-16,10:44:29.481,         60,         11,   1.100000E+2,   1.099990E+3,   0.000000E+0,   0.000000E+0,   0.000000E+0,   0.000000E+0,   0.000000E+0,   1.000000E+2,   1.005061E+3,   1.337665E-3,   5.676270E-3,   1.543447E+3,   9.199700E-3,   3.991699E-2,   2.384840E+1,   9.229684E-4,   1.497977E+3,   2.318038E-4,   6.889878E+0,   2.450440E-5,   100,1,1,1
       1095,2026-09-16,10:46:29.483,         61,         11,   1.100000E+2,   1.099990E+3,   0.000000E+0,   0.000000E+0,   0.000000E+0,   0.000000E+0,   0.000000E+0,   1.000000E+2,   1.005067E+3,   1.587255E-3,   8.056641E-3,   1.543415E+3,   8.327319E-3,   4.248047E-2,   2.384014E+1,   2.671629E-3,   1.497976E+3,   1.097331E-4,   6.889961E+0,   2.170986E-5,   100,1,1,1
       1096,2026-09-16,10:48:29.485,         62,         11,   1.100000E+2,   1.099990E+3,   0.000000E+0,   0.000000E+0,   0.000000E+0,   0.000000E+0,   0.000000E+0,   1.000000E+2,   1.005071E+3,   9.017533E-4,   3.662109E-3,   1.543394E+3,   6.149748E-3,   2.868652E-2,   2.383417E+1,   6.917318E-4,   1.497976E+3,   2.189821E-4,   6.890013E+0,   1.631900E-5,   100,1,1,1
       1097,2026-09-16,10:50:29.487,         63,         11,   1.100000E+2,   1.099990E+3,   0.000000E+0,   0.000000E+0,   0.000000E+0,   0.000000E+0,   0.000000E+0,   1.000000E+2,   1.005073E+3,   6.598837E-4,   3.417969E-3,   1.543393E+3,   5.011300E-3,   2.453613E-2,   2.383655E+1,   1.259064E-3,   1.497978E+3,   3.623912E-4,   6.890018E+0,   1.334344E-5,   100,1,1,1
       1098,2026-09-16,10:52:29.489,         64,         11,   1.100000E+2,   1.099990E+3,   0.000000E+0,   0.000000E+0,   0.000000E+0,   0.000000E+0,   0.000000E+0,   1.000000E+2,   1.005075E+3,   6.251326E-4,   2.563477E-3,   1.543392E+3,   4.792701E-3,   2.136230E-2,   2.384090E+1,   1.463221E-3,   1.497979E+3,   4.428157E-4,   6.890022E+0,   1.275736E-5,   100,1,1,1
       1099,2026-09-16,10:54:29.491,         65,         11,   1.100000E+2,   1.099990E+3,   0.000000E+0,   0.000000E+0,   0.000000E+0,   0.000000E+0,   0.000000E+0,   1.000000E+2,   1.005075E+3,   7.049919E-4,   2.746582E-3,   1.543392E+3,   5.046666E-3,   2.917480E-2,   2.384657E+1,   1.359298E-3,   1.497981E+3,   3.792464E-4,   6.890022E+0,   1.351599E-5,   100,1,1,1
       1100,2026-09-16,10:56:29.493,         66,         11,   1.100000E+2,   1.099990E+3,   0.000000E+0,   0.000000E+0,   0.000000E+0,   0.000000E+0,   0.000000E+0,   1.000000E+2,   1.005077E+3,   8.278157E-4,   3.906250E-3,   1.543391E+3,   4.461241E-3,   2.294922E-2,   2.385201E+1,   1.397559E-3,   1.497982E+3,   3.071815E-4,   6.890026E+0,   1.199034E-5,   100,1,1,1
       1101,2026-09-16,10:58:29.495,         67,         11,   1.100000E+2,   1.099990E+3,   0.000000E+0,   0.000000E+0,   0.000000E+0,   0.000000E+0,   0.000000E+0,   1.000000E+2,   1.005079E+3,   7.513537E-4,   3.479004E-3,   1.543390E+3,   4.872610E-3,   2.331543E-2,   2.385624E+1,   1.705535E-3,   1.497983E+3,   3.881104E-4,   6.890031E+0,   1.290240E-5,   100,1,1,1
       1102,2026-09-16,11:00:29.497,         68,         11,   1.100000E+2,   1.099990E+3,   0.000000E+0,   0.000000E+0,   0.000000E+0,   0.000000E+0,   0.000000E+0,   1.000000E+2,   1.005080E+3,   8.027040E-4,   3.173828E-3,   1.543389E+3,   5.776337E-3,   3.088379E-2,   2.386100E+1,   1.215276E-3,   1.497984E+3,   2.905440E-4,   6.890037E+0,   1.545972E-5,   100,1,1,1
       1103,2026-09-16,11:02:29.500,         69,         11,   1.100000E+2,   1.099990E+3,   0.000000E+0,   0.000000E+0,   0.000000E+0,   0.000000E+0,   0.000000E+0,   1.000000E+2,   1.005082E+3,   7.252755E-4,   3.295898E-3,   1.543387E+3,   5.578323E-3,   2.941895E-2,   2.386634E+1,   1.248461E-3,   1.497986E+3,   3.286409E-4,   6.890041E+0,   1.502682E-5,   100,1,1,1
       1104,2026-09-16,11:04:29.502,         70,         11,   1.100000E+2,   1.099990E+3,   0.000000E+0,   0.000000E+0,   0.000000E+0,   0.000000E+0,   0.000000E+0,   1.000000E+2,   1.005084E+3,   5.793587E-4,   2.990723E-3,   1.543381E+3,   5.398727E-3,   2.746582E-2,   2.386950E+1,   1.070364E-3,   1.497987E+3,   3.381666E-4,   6.890058E+0,   1.447996E-5,   100,1,1,1
       1105,2026-09-16,11:06:29.504,         71,         11,   1.100000E+2,   1.099990E+3,   0.000000E+0,   0.000000E+0,   0.000000E+0,   0.000000E+0,   0.000000E+0,   1.000000E+2,   1.005085E+3,   8.503993E-4,   3.479004E-3,   1.543380E+3,   6.304306E-3,   3.198242E-2,   2.387441E+1,   8.350498E-4,   1.497988E+3,   2.233378E-4,   6.890063E+0,   1.693047E-5,   100,1,1,1
       1106,2026-09-16,11:08:29.506,         72,         11,   1.100000E+2,   1.099990E+3,   0.000000E+0,   0.000000E+0,   0.000000E+0,   0.000000E+0,   0.000000E+0,   1.000000E+2,   1.005088E+3,   6.467769E-4,   2.868652E-3,   1.543374E+3,   4.596292E-3,   2.563477E-2,   2.387703E+1,   1.448599E-3,   1.497990E+3,   4.430281E-4,   6.890079E+0,   1.214493E-5,   100,1,1,1
       1107,2026-09-16,11:10:29.508,         73,         11,   1.100000E+2,   1.099990E+3,   0.000000E+0,   0.000000E+0,   0.000000E+0,   0.000000E+0,   0.000000E+0,   1.000000E+2,   1.005090E+3,   8.533189E-4,   3.845215E-3,   1.543370E+3,   4.807319E-3,   2.416992E-2,   2.388094E+1,   8.019189E-4,   1.497991E+3,   3.017759E-4,   6.890091E+0,   1.286149E-5,   100,1,1,1
       1108,2026-09-16,11:12:29.510,         74,         11,   1.100000E+2,   1.099990E+3,   0.000000E+0,   0.000000E+0,   0.000000E+0,   0.000000E+0,   0.000000E+0,   1.000000E+2,   1.005092E+3,   7.825155E-4,   3.479004E-3,   1.543362E+3,   5.248055E-3,   2.905273E-2,   2.388385E+1,   8.952630E-4,   1.497992E+3,   3.357432E-4,   6.890113E+0,   1.404149E-5,   100,1,1,1
       1109,2026-09-16,11:14:29.512,         75,         11,   1.100000E+2,   1.099990E+3,   0.000000E+0,   0.000000E+0,   0.000000E+0,   0.000000E+0,   0.000000E+0,   1.000000E+2,   1.005094E+3,   6.562929E-4,   2.990723E-3,   1.543359E+3,   5.826538E-3,   2.612305E-2,   2.388699E+1,   9.949435E-4,   1.497993E+3,   2.980495E-4,   6.890122E+0,   1.564569E-5,   100,1,1,1
       1110,2026-09-16,11:16:29.514,         76,         11,   1.100000E+2,   1.099990E+3,   0.000000E+0,   0.000000E+0,   0.000000E+0,   0.000000E+0,   0.000000E+0,   1.000000E+2,   1.005096E+3,   8.232621E-4,   3.601074E-3,   1.543356E+3,   5.258976E-3,   2.709961E-2,   2.389079E+1,   1.305175E-3,   1.497994E+3,   3.693948E-4,   6.890132E+0,   1.410990E-5,   100,1,1,1
       1111,2026-09-16,11:18:29.516,         77,         11,   1.100000E+2,   1.099990E+3,   0.000000E+0,   0.000000E+0,   0.000000E+0,   0.000000E+0,   0.000000E+0,   1.000000E+2,   1.005097E+3,   7.231387E-4,   3.234863E-3,   1.543354E+3,   4.912896E-3,   2.697754E-2,   2.389599E+1,   1.248702E-3,   1.497996E+3,   3.557366E-4,   6.890137E+0,   1.308787E-5,   100,1,1,1
       1112,2026-09-16,11:20:29.518,         78,         11,   1.100000E+2,   1.099990E+3,   0.000000E+0,   0.000000E+0,   0.000000E+0,   0.000000E+0,   0.000000E+0,   1.000000E+2,   1.005099E+3,   7.800710E-4,   3.295898E-3,   1.543353E+3,   5.022588E-3,   2.270508E-2,   2.390110E+1,   1.523077E-3,   1.497997E+3,   3.957603E-4,   6.890142E+0,   1.340648E-5,   100,1,1,1
       1113,2026-09-16,11:22:29.520,         79,         11,   1.100000E+2,   1.099990E+3,   0.000000E+0,   0.000000E+0,   0.000000E+0,   0.000000E+0,   0.000000E+0,   1.000000E+2,   1.005100E+3,   5.950840E-4,   2.868652E-3,   1.543356E+3,   5.206387E-3,   2.319336E-2,   2.390767E+1,   1.554960E-3,   1.497999E+3,   4.203650E-4,   6.890136E+0,   1.380607E-5,   100,1,1,1
       1114,2026-09-16,11:24:29.522,         80,         11,   1.100000E+2,   1.099990E+3,   0.000000E+0,   0.000000E+0,   0.000000E+0,   0.000000E+0,   0.000000E+0,   1.000000E+2,   1.005100E+3,   6.570584E-4,   3.601074E-3,   1.543362E+3,   4.933663E-3,   2.270508E-2,   2.391508E+1,   1.988578E-3,   1.498001E+3,   4.361043E-4,   6.890123E+0,   1.301974E-5,   100,1,1,1
       1115,2026-09-16,11:26:29.524,         81,         11,   1.100000E+2,   1.099990E+3,   0.000000E+0,   0.000000E+0,   0.000000E+0,   0.000000E+0,   0.000000E+0,   1.000000E+2,   1.005101E+3,   5.739295E-4,   2.502441E-3,   1.543368E+3,   6.223576E-3,   3.015137E-2,   2.392360E+1,   2.452891E-3,   1.498003E+3,   5.319564E-4,   6.890109E+0,   1.622582E-5,   100,1,1,1
       1116,2026-09-16,11:28:29.526,         82,         11,   1.100000E+2,   1.099990E+3,   0.000000E+0,   0.000000E+0,   0.000000E+0,   0.000000E+0,   0.000000E+0,   1.000000E+2,   1.005101E+3,   5.715554E-4,   2.563477E-3,   1.543374E+3,   5.513337E-3,   2.136230E-2,   2.393282E+1,   2.244941E-3,   1.498005E+3,   4.560131E-4,   6.890094E+0,   1.464216E-5,   100,1,1,1
       1117,2026-09-16,11:30:29.528,         83,         11,   1.100000E+2,   1.099990E+3,   0.000000E+0,   0.000000E+0,   0.000000E+0,   0.000000E+0,   0.000000E+0,   1.000000E+2,   1.005101E+3,   5.909191E-4,   2.746582E-3,   1.543383E+3,   5.479220E-3,   2.404785E-2,   2.394198E+1,   2.682792E-3,   1.498006E+3,   5.549987E-4,   6.890074E+0,   1.436911E-5,   100,1,1,1
       1118,2026-09-16,11:32:29.530,         84,         11,   1.100000E+2,   1.099990E+3,   0.000000E+0,   0.000000E+0,   0.000000E+0,   0.000000E+0,   0.000000E+0,   1.000000E+2,   1.005102E+3,   6.057113E-4,   2.868652E-3,   1.543389E+3,   5.520556E-3,   2.929688E-2,   2.395183E+1,   2.431348E-3,   1.498008E+3,   5.135753E-4,   6.890059E+0,   1.446743E-5,   100,1,1,1
       1119,2026-09-16,11:34:29.532,         85,         11,   1.100000E+2,   1.099990E+3,   0.000000E+0,   0.000000E+0,   0.000000E+0,   0.000000E+0,   0.000000E+0,   1.000000E+2,   1.005101E+3,   6.136775E-4,   2.990723E-3,   1.543403E+3,   5.707578E-3,   2.966309E-2,   2.396346E+1,   3.215549E-3,   1.498011E+3,   6.118835E-4,   6.890027E+0,   1.494805E-5,   100,1,1,1
       1120,2026-09-16,11:36:29.534,         86,         11,   1.100000E+2,   1.099990E+3,   0.000000E+0,   0.000000E+0,   0.000000E+0,   0.000000E+0,   0.000000E+0,   1.000000E+2,   1.005101E+3,   9.492662E-4,   3.845215E-3,   1.543403E+3,   7.452179E-3,   3.698730E-2,   2.397285E+1,   9.576244E-4,   1.498013E+3,   1.613253E-4,   6.890028E+0,   1.992357E-5,   100,1,1,1
       1121,2026-09-16,11:38:29.536,         87,         11,   1.100000E+2,   1.099990E+3,   0.000000E+0,   0.000000E+0,   0.000000E+0,   0.000000E+0,   0.000000E+0,   1.000000E+2,   1.005107E+3,   1.743588E-3,   6.835937E-3,   1.543370E+3,   1.196317E-2,   5.603027E-2,   2.396581E+1,   3.768568E-3,   1.498012E+3,   4.038769E-4,   6.890114E+0,   3.102925E-5,   100,1,1,1
       1122,2026-09-16,11:40:29.538,         88,         11,   1.100000E+2,   1.099990E+3,   0.000000E+0,   0.000000E+0,   0.000000E+0,   0.000000E+0,   0.000000E+0,   1.000000E+2,   1.005114E+3,   1.595316E-3,   6.652832E-3,   1.543331E+3,   8.954570E-3,   4.321289E-2,   2.395081E+1,   3.106917E-3,   1.498011E+3,   1.997322E-4,   6.890214E+0,   2.323565E-5,   100,1,1,1
       1123,2026-09-16,11:42:29.540,         89,         11,   1.100000E+2,   1.099990E+3,   0.000000E+0,   0.000000E+0,   0.000000E+0,   0.000000E+0,   0.000000E+0,   1.000000E+2,   1.005118E+3,   6.622323E-4,   3.479004E-3,   1.543320E+3,   5.009126E-3,   2.319336E-2,   2.394698E+1,   1.161852E-3,   1.498011E+3,   3.890865E-4,   6.890242E+0,   1.334948E-5,   100,1,1,1
       1124,2026-09-16,11:44:29.542,         90,         11,   1.100000E+2,   1.099990E+3,   0.000000E+0,   0.000000E+0,   0.000000E+0,   0.000000E+0,   0.000000E+0,   1.000000E+2,   1.005118E+3,   5.327551E-4,   2.319336E-3,   1.543328E+3,   5.296233E-3,   2.819824E-2,   2.395428E+1,   2.435995E-3,   1.498013E+3,   5.219534E-4,   6.890223E+0,   1.386486E-5,   100,1,1,1
       1125,2026-09-16,11:46:29.544,         91,         11,   1.100000E+2,   1.099990E+3,   0.000000E+0,   0.000000E+0,   0.000000E+0,   0.000000E+0,   0.000000E+0,   1.000000E+2,   1.005118E+3,   6.977641E-4,   3.051758E-3,   1.543339E+3,   5.761725E-3,   3.076172E-2,   2.396557E+1,   3.085427E-3,   1.498015E+3,   5.636531E-4,   6.890198E+0,   1.498740E-5,   100,1,1,1
       1126,2026-09-16,11:48:29.546,         92,         11,   1.100000E+2,   1.099990E+3,   0.000000E+0,   0.000000E+0,   0.000000E+0,   0.000000E+0,   0.000000E+0,   1.000000E+2,   1.005117E+3,   6.247669E-4,   2.807617E-3,   1.543351E+3,   6.290068E-3,   3.039551E-2,   2.397792E+1,   3.461583E-3,   1.498017E+3,   6.425524E-4,   6.890170E+0,   1.626455E-5,   100,1,1,1
       1127,2026-09-16,11:50:29.548,         93,         11,   1.100000E+2,   1.099990E+3,   0.000000E+0,   0.000000E+0,   0.000000E+0,   0.000000E+0,   0.000000E+0,   1.000000E+2,   1.005117E+3,   6.369656E-4,   3.234863E-3,   1.543361E+3,   5.136028E-3,   2.746582E-2,   2.399032E+1,   2.492089E-3,   1.498020E+3,   4.946682E-4,   6.890146E+0,   1.347780E-5,   100,1,1,1
       1128,2026-09-16,11:52:29.550,         94,         11,   1.100000E+2,   1.099990E+3,   0.000000E+0,   0.000000E+0,   0.000000E+0,   0.000000E+0,   0.000000E+0,   1.000000E+2,   1.005117E+3,   6.188119E-4,   3.051758E-3,   1.543370E+3,   6.009802E-3,   3.137207E-2,   2.400039E+1,   2.433695E-3,   1.498022E+3,   5.215192E-4,   6.890124E+0,   1.577221E-5,   100,1,1,1
       1129,2026-09-16,11:54:29.552,         95,         11,   1.100000E+2,   1.099990E+3,   0.000000E+0,   0.000000E+0,   0.000000E+0,   0.000000E+0,   0.000000E+0,   1.000000E+2,   1.005116E+3,   7.039441E-4,   2.990723E-3,   1.543382E+3,   6.136923E-3,   2.917480E-2,   2.401198E+1,   3.375906E-3,   1.498024E+3,   6.719425E-4,   6.890094E+0,   1.582921E-5,   100,1,1,1
       1130,2026-09-16,11:56:29.554,         96,         11,   1.100000E+2,   1.099990E+3,   0.000000E+0,   0.000000E+0,   0.000000E+0,   0.000000E+0,   0.000000E+0,   1.000000E+2,   1.005115E+3,   6.350368E-4,   2.746582E-3,   1.543397E+3,   5.828271E-3,   3.320313E-2,   2.402554E+1,   3.213492E-3,   1.498027E+3,   5.663158E-4,   6.890059E+0,   1.515156E-5,   100,1,1,1
       1131,2026-09-16,11:58:29.556,         97,         11,   1.100000E+2,   1.099990E+3,   0.000000E+0,   0.000000E+0,   0.000000E+0,   0.000000E+0,   0.000000E+0,   1.000000E+2,   1.005115E+3,   7.467101E-4,   3.723145E-3,   1.543410E+3,   6.877980E-3,   2.990723E-2,   2.403822E+1,   3.729200E-3,   1.498029E+3,   6.825041E-4,   6.890027E+0,   1.766590E-5,   100,1,1,1
       1132,2026-09-16,12:00:29.558,         98,         11,   1.100000E+2,   1.099990E+3,   0.000000E+0,   0.000000E+0,   0.000000E+0,   0.000000E+0,   0.000000E+0,   1.000000E+2,   1.005114E+3,   7.687934E-4,   3.784180E-3,   1.543427E+3,   5.662212E-3,   3.088379E-2,   2.405262E+1,   3.509482E-3,   1.498032E+3,   6.230806E-4,   6.889987E+0,   1.457797E-5,   100,1,1,1
       1133,2026-09-16,12:02:29.560,         99,         11,   1.100000E+2,   1.099990E+3,   0.000000E+0,   0.000000E+0,   0.000000E+0,   0.000000E+0,   0.000000E+0,   1.000000E+2,   1.005113E+3,   5.674015E-4,   2.441406E-3,   1.543439E+3,   5.762139E-3,   2.905273E-2,   2.406573E+1,   2.810135E-3,   1.498034E+3,   5.609495E-4,   6.889957E+0,   1.513227E-5,   100,1,1,1
       1134,2026-09-16,12:04:29.562,        100,         11,   1.100000E+2,   1.099990E+3,   0.000000E+0,   0.000000E+0,   0.000000E+0,   0.000000E+0,   0.000000E+0,   1.000000E+2,   1.005112E+3,   5.238715E-4,   2.136230E-3,   1.543450E+3,   6.863218E-3,   3.417969E-2,   2.407738E+1,   3.393541E-3,   1.498037E+3,   6.810923E-4,   6.889931E+0,   1.781462E-5,   100,1,1,1
       1135,2026-09-16,12:06:29.564,        101,         11,   1.100000E+2,   1.099990E+3,   0.000000E+0,   0.000000E+0,   0.000000E+0,   0.000000E+0,   0.000000E+0,   1.000000E+2,   1.005111E+3,   6.629162E-4,   3.356934E-3,   1.543467E+3,   7.107370E-3,   3.369141E-2,   2.409210E+1,   3.475759E-3,   1.498039E+3,   6.361335E-4,   6.889891E+0,   1.839934E-5,   100,1,1,1
       1136,2026-09-16,12:08:29.566,        102,         11,   1.100000E+2,   1.099990E+3,   0.000000E+0,   0.000000E+0,   0.000000E+0,   0.000000E+0,   0.000000E+0,   1.000000E+2,   1.005110E+3,   6.961616E-4,   3.723145E-3,   1.543482E+3,   6.214620E-3,   2.954102E-2,   2.410575E+1,   3.336436E-3,   1.498042E+3,   6.348889E-4,   6.889854E+0,   1.601822E-5,   100,1,1,1
       1137,2026-09-16,12:10:29.568,        103,         11,   1.100000E+2,   1.099990E+3,   0.000000E+0,   0.000000E+0,   0.000000E+0,   0.000000E+0,   0.000000E+0,   1.000000E+2,   1.005109E+3,   4.906165E-4,   2.197266E-3,   1.543496E+3,   6.590487E-3,   3.112793E-2,   2.411959E+1,   4.021141E-3,   1.498045E+3,   6.851190E-4,   6.889820E+0,   1.700933E-5,   100,1,1,1
       1138,2026-09-16,12:12:29.570,        104,         11,   1.100000E+2,   1.099990E+3,   0.000000E+0,   0.000000E+0,   0.000000E+0,   0.000000E+0,   0.000000E+0,   1.000000E+2,   1.005108E+3,   1.018422E-3,   4.333496E-3,   1.543516E+3,   9.282355E-3,   3.894043E-2,   2.413504E+1,   4.575752E-3,   1.498047E+3,   9.002492E-4,   6.889772E+0,   2.384793E-5,   100,1,1,1
       1139,2026-09-16,12:14:29.572,        105,         11,   1.100000E+2,   1.099990E+3,   0.000000E+0,   0.000000E+0,   0.000000E+0,   0.000000E+0,   0.000000E+0,   1.000000E+2,   1.005107E+3,   7.335267E-4,   3.540039E-3,   1.543526E+3,   6.470739E-3,   3.039551E-2,   2.414902E+1,   2.850948E-3,   1.498050E+3,   5.960737E-4,   6.889749E+0,   1.679165E-5,   100,1,1,1
       1140,2026-09-16,12:16:29.574,        106,         11,   1.100000E+2,   1.099990E+3,   0.000000E+0,   0.000000E+0,   0.000000E+0,   0.000000E+0,   0.000000E+0,   1.000000E+2,   1.005106E+3,   4.956243E-4,   2.014160E-3,   1.543541E+3,   5.671636E-3,   2.636719E-2,   2.416159E+1,   2.895301E-3,   1.498052E+3,   5.420357E-4,   6.889712E+0,   1.471586E-5,   100,1,1,1
       1141,2026-09-16,12:18:29.576,        107,         11,   1.100000E+2,   1.099990E+3,   0.000000E+0,   0.000000E+0,   0.000000E+0,   0.000000E+0,   0.000000E+0,   1.000000E+2,   1.005106E+3,   5.994579E-4,   2.990723E-3,   1.543552E+3,   6.164973E-3,   2.502441E-2,   2.417307E+1,   3.461394E-3,   1.498055E+3,   6.542198E-4,   6.889686E+0,   1.591613E-5,   100,1,1,1
       1142,2026-09-16,12:20:29.578,        108,         11,   1.100000E+2,   1.099990E+3,   0.000000E+0,   0.000000E+0,   0.000000E+0,   0.000000E+0,   0.000000E+0,   1.000000E+2,   1.005105E+3,   5.319263E-4,   2.441406E-3,   1.543571E+3,   7.862509E-3,   3.820801E-2,   2.418836E+1,   3.628071E-3,   1.498057E+3,   6.654656E-4,   6.889640E+0,   2.023531E-5,   100,1,1,1
       1143,2026-09-16,12:22:29.580,        109,         11,   1.100000E+2,   1.099990E+3,   0.000000E+0,   0.000000E+0,   0.000000E+0,   0.000000E+0,   0.000000E+0,   1.000000E+2,   1.005104E+3,   7.632770E-4,   3.601074E-3,   1.543585E+3,   6.059055E-3,   2.917480E-2,   2.420236E+1,   3.211198E-3,   1.498060E+3,   6.040042E-4,   6.889605E+0,   1.583311E-5,   100,1,1,1
       1144,2026-09-16,12:24:29.582,        110,         11,   1.100000E+2,   1.099990E+3,   0.000000E+0,   0.000000E+0,   0.000000E+0,   0.000000E+0,   0.000000E+0,   1.000000E+2,   1.005103E+3,   5.496533E-4,   2.624512E-3,   1.543592E+3,   5.493704E-3,   2.331543E-2,   2.421312E+1,   2.245863E-3,   1.498062E+3,   5.114946E-4,   6.889588E+0,   1.447166E-5,   100,1,1,1
       1145,2026-09-16,12:26:29.584,        111,         11,   1.100000E+2,   1.099990E+3,   0.000000E+0,   0.000000E+0,   0.000000E+0,   0.000000E+0,   0.000000E+0,   1.000000E+2,   1.005106E+3,   1.433171E-3,   5.310059E-3,   1.543582E+3,   9.999719E-3,   4.309082E-2,   2.421689E+1,   1.554101E-3,   1.498063E+3,   2.130772E-4,   6.889617E+0,   2.638942E-5,   100,1,1,1
       1146,2026-09-16,12:28:29.586,        112,         11,   1.100000E+2,   1.099990E+3,   0.000000E+0,   0.000000E+0,   0.000000E+0,   0.000000E+0,   0.000000E+0,   1.000000E+2,   1.005111E+3,   1.228248E-3,   4.882812E-3,   1.543554E+3,   8.260623E-3,   3.979492E-2,   2.420862E+1,   2.473131E-3,   1.498063E+3,   1.181606E-4,   6.889690E+0,   2.153116E-5,   100,1,1,1
       1147,2026-09-16,12:30:29.588,        113,         11,   1.100000E+2,   1.099990E+3,   0.000000E+0,   0.000000E+0,   0.000000E+0,   0.000000E+0,   0.000000E+0,   1.000000E+2,   1.005114E+3,   7.005963E-4,   3.479004E-3,   1.543546E+3,   5.084103E-3,   2.246094E-2,   2.420695E+1,   1.428240E-3,   1.498064E+3,   4.743908E-4,   6.889711E+0,   1.346955E-5,   100,1,1,1
       1148,2026-09-16,12:32:29.591,        114,         11,   1.100000E+2,   1.099990E+3,   0.000000E+0,   0.000000E+0,   0.000000E+0,   0.000000E+0,   0.000000E+0,   1.000000E+2,   1.005113E+3,   6.813729E-4,   3.112793E-3,   1.543556E+3,   5.377789E-3,   2.319336E-2,   2.421544E+1,   2.939601E-3,   1.498066E+3,   5.969253E-4,   6.889686E+0,   1.393019E-5,   100,1,1,1
       1149,2026-09-16,12:34:29.593,        115,         11,   1.100000E+2,   1.099990E+3,   0.000000E+0,   0.000000E+0,   0.000000E+0,   0.000000E+0,   0.000000E+0,   1.000000E+2,   1.005113E+3,   5.333816E-4,   2.685547E-3,   1.543566E+3,   5.895136E-3,   3.808594E-2,   2.422668E+1,   2.884217E-3,   1.498068E+3,   5.795162E-4,   6.889661E+0,   1.536490E-5,   100,1,1,1
       1150,2026-09-16,12:36:29.595,        116,         11,   1.100000E+2,   1.099990E+3,   0.000000E+0,   0.000000E+0,   0.000000E+0,   0.000000E+0,   0.000000E+0,   1.000000E+2,   1.005112E+3,   5.937166E-4,   2.807617E-3,   1.543582E+3,   6.967722E-3,   3.283691E-2,   2.423922E+1,   3.398604E-3,   1.498070E+3,   6.513317E-4,   6.889622E+0,   1.793206E-5,   100,1,1,1
       1151,2026-09-16,12:38:29.597,        117,         11,   1.100000E+2,   1.099990E+3,   0.000000E+0,   0.000000E+0,   0.000000E+0,   0.000000E+0,   0.000000E+0,   1.000000E+2,   1.005111E+3,   8.078423E-4,   3.417969E-3,   1.543600E+3,   7.828515E-3,   4.602051E-2,   2.425361E+1,   4.182090E-3,   1.498073E+3,   7.534754E-4,   6.889580E+0,   1.999087E-5,   100,1,1,1
       1152,2026-09-16,12:40:29.600,        118,         11,   1.100000E+2,   1.099990E+3,   0.000000E+0,   0.000000E+0,   0.000000E+0,   0.000000E+0,   0.000000E+0,   1.000000E+2,   1.005109E+3,   6.717876E-4,   3.356934E-3,   1.543620E+3,   6.506090E-3,   3.063965E-2,   2.427027E+1,   3.712316E-3,   1.498076E+3,   6.886743E-4,   6.889530E+0,   1.678917E-5,   100,1,1,1
       1153,2026-09-16,12:42:29.602,        119,         11,   1.100000E+2,   1.099990E+3,   0.000000E+0,   0.000000E+0,   0.000000E+0,   0.000000E+0,   0.000000E+0,   1.000000E+2,   1.005108E+3,   6.217357E-4,   3.173828E-3,   1.543638E+3,   6.899092E-3,   3.942871E-2,   2.428574E+1,   3.733810E-3,   1.498079E+3,   6.413648E-4,   6.889487E+0,   1.780387E-5,   100,1,1,1
       1154,2026-09-16,12:44:29.604,        120,         11,   1.100000E+2,   1.099990E+3,   0.000000E+0,   0.000000E+0,   0.000000E+0,   0.000000E+0,   0.000000E+0,   1.000000E+2,   1.005107E+3,   9.393389E-4,   4.272461E-3,   1.543650E+3,   6.860705E-3,   3.295898E-2,   2.429867E+1,   3.502471E-3,   1.498081E+3,   6.413460E-4,   6.889459E+0,   1.780869E-5,   100,1,1,1
       1155,2026-09-16,12:46:29.606,        121,         11,   1.100000E+2,   1.099990E+3,   0.000000E+0,   0.000000E+0,   0.000000E+0,   0.000000E+0,   0.000000E+0,   1.000000E+2,   1.005106E+3,   7.488326E-4,   3.295898E-3,   1.543665E+3,   6.554451E-3,   3.063965E-2,   2.431264E+1,   3.805747E-3,   1.498083E+3,   6.969345E-4,   6.889421E+0,   1.684436E-5,   100,1,1,1
       1156,2026-09-16,12:48:29.608,        122,         11,   1.100000E+2,   1.099990E+3,   0.000000E+0,   0.000000E+0,   0.000000E+0,   0.000000E+0,   0.000000E+0,   1.000000E+2,   1.005105E+3,   5.561975E-4,   2.563477E-3,   1.543679E+3,   6.638105E-3,   2.795410E-2,   2.432624E+1,   3.287939E-3,   1.498086E+3,   6.371832E-4,   6.889388E+0,   1.707216E-5,   100,1,1,1
       1157,2026-09-16,12:50:29.610,        123,         11,   1.100000E+2,   1.099990E+3,   0.000000E+0,   0.000000E+0,   0.000000E+0,   0.000000E+0,   0.000000E+0,   1.000000E+2,   1.005103E+3,   6.803383E-4,   3.173828E-3,   1.543694E+3,   7.196696E-3,   3.540039E-2,   2.433950E+1,   3.273835E-3,   1.498088E+3,   5.987482E-4,   6.889352E+0,   1.866223E-5,   100,1,1,1
       1158,2026-09-16,12:52:29.612,        124,         11,   1.100000E+2,   1.099990E+3,   0.000000E+0,   0.000000E+0,   0.000000E+0,   0.000000E+0,   0.000000E+0,   1.000000E+2,   1.005102E+3,   6.303612E-4,   2.746582E-3,   1.543709E+3,   5.720546E-3,   2.978516E-2,   2.435341E+1,   3.201170E-3,   1.498091E+3,   5.712130E-4,   6.889315E+0,   1.481968E-5,   100,1,1,1
       1159,2026-09-16,12:54:29.614,        125,         11,   1.100000E+2,   1.099990E+3,   0.000000E+0,   0.000000E+0,   0.000000E+0,   0.000000E+0,   0.000000E+0,   1.000000E+2,   1.005101E+3,   5.870574E-4,   2.685547E-3,   1.543723E+3,   5.680688E-3,   2.905273E-2,   2.436567E+1,   3.084513E-3,   1.498093E+3,   5.355195E-4,   6.889281E+0,   1.473384E-5,   100,1,1,1
       1160,2026-09-16,12:56:29.616,        126,         11,   1.100000E+2,   1.099990E+3,   0.000000E+0,   0.000000E+0,   0.000000E+0,   0.000000E+0,   0.000000E+0,   1.000000E+2,   1.005100E+3,   5.734467E-4,   2.624512E-3,   1.543734E+3,   5.710654E-3,   2.770996E-2,   2.437735E+1,   2.780146E-3,   1.498095E+3,   5.950565E-4,   6.889256E+0,   1.493490E-5,   100,1,1,1
       1161,2026-09-16,12:58:29.618,        127,         11,   1.100000E+2,   1.099990E+3,   0.000000E+0,   0.000000E+0,   0.000000E+0,   0.000000E+0,   0.000000E+0,   1.000000E+2,   1.005100E+3,   5.502305E-4,   2.380371E-3,   1.543744E+3,   6.598942E-3,   3.259277E-2,   2.438893E+1,   3.099498E-3,   1.498098E+3,   6.047077E-4,   6.889231E+0,   1.710252E-5,   100,1,1,1
       1162,2026-09-16,13:00:29.620,        128,         11,   1.100000E+2,   1.099990E+3,   0.000000E+0,   0.000000E+0,   0.000000E+0,   0.000000E+0,   0.000000E+0,   1.000000E+2,   1.005100E+3,   6.871745E-4,   3.295898E-3,   1.543756E+3,   6.642031E-3,   2.868652E-2,   2.440030E+1,   2.628678E-3,   1.498100E+3,   5.191704E-4,   6.889203E+0,   1.735751E-5,   100,1,1,1
       1163,2026-09-16,13:02:29.622,        129,         11,   1.100000E+2,   1.099990E+3,   0.000000E+0,   0.000000E+0,   0.000000E+0,   0.000000E+0,   0.000000E+0,   1.000000E+2,   1.005098E+3,   5.721187E-4,   2.319336E-3,   1.543769E+3,   5.938864E-3,   3.002930E-2,   2.441237E+1,   3.085564E-3,   1.498102E+3,   5.884943E-4,   6.889170E+0,   1.537550E-5,   100,1,1,1
       1164,2026-09-16,13:04:29.624,        130,         11,   1.100000E+2,   1.099990E+3,   0.000000E+0,   0.000000E+0,   0.000000E+0,   0.000000E+0,   0.000000E+0,   1.000000E+2,   1.005098E+3,   5.248951E-4,   2.685547E-3,   1.543780E+3,   5.857409E-3,   2.880859E-2,   2.442424E+1,   2.997717E-3,   1.498104E+3,   5.776314E-4,   6.889145E+0,   1.532485E-5,   100,1,1,1
       1165,2026-09-16,13:06:29.626,        131,         11,   1.100000E+2,   1.099990E+3,   0.000000E+0,   0.000000E+0,   0.000000E+0,   0.000000E+0,   0.000000E+0,   1.000000E+2,   1.005098E+3,   5.955012E-4,   2.807617E-3,   1.543785E+3,   6.623630E-3,   3.186035E-2,   2.443319E+1,   2.372930E-3,   1.498106E+3,   5.448815E-4,   6.889133E+0,   1.738444E-5,   100,1,1,1
       1166,2026-09-16,13:08:29.628,        132,         11,   1.100000E+2,   1.099990E+3,   0.000000E+0,   0.000000E+0,   0.000000E+0,   0.000000E+0,   0.000000E+0,   1.000000E+2,   1.005098E+3,   5.936659E-4,   2.624512E-3,   1.543794E+3,   5.529726E-3,   2.575684E-2,   2.444360E+1,   2.974445E-3,   1.498108E+3,   5.745169E-4,   6.889112E+0,   1.454562E-5,   100,1,1,1
       1167,2026-09-16,13:10:29.630,        133,         11,   1.100000E+2,   1.099990E+3,   0.000000E+0,   0.000000E+0,   0.000000E+0,   0.000000E+0,   0.000000E+0,   1.000000E+2,   1.005098E+3,   5.599962E-4,   2.380371E-3,   1.543803E+3,   5.731503E-3,   3.015137E-2,   2.445351E+1,   2.720648E-3,   1.498110E+3,   5.314185E-4,   6.889091E+0,   1.513204E-5,   100,1,1,1
       1168,2026-09-16,13:12:29.632,        134,         11,   1.100000E+2,   1.099990E+3,   0.000000E+0,   0.000000E+0,   0.000000E+0,   0.000000E+0,   0.000000E+0,   1.000000E+2,   1.005098E+3,   5.853242E-4,   3.295898E-3,   1.543805E+3,   5.430429E-3,   2.478027E-2,   2.446187E+1,   2.061516E-3,   1.498112E+3,   4.686176E-4,   6.889089E+0,   1.437157E-5,   100,1,1,1
       1169,2026-09-16,13:14:29.634,        135,         11,   1.100000E+2,   1.099990E+3,   0.000000E+0,   0.000000E+0,   0.000000E+0,   0.000000E+0,   0.000000E+0,   1.000000E+2,   1.005101E+3,   1.302436E-3,   5.371094E-3,   1.543796E+3,   7.379159E-3,   3.283691E-2,   2.446520E+1,   7.429300E-4,   1.498113E+3,   7.365205E-5,   6.889114E+0,   1.955464E-5,   100,1,1,1
       1170,2026-09-16,13:16:29.636,        136,         11,   1.100000E+2,   1.099990E+3,   0.000000E+0,   0.000000E+0,   0.000000E+0,   0.000000E+0,   0.000000E+0,   1.000000E+2,   1.005103E+3,   5.559129E-4,   2.624512E-3,   1.543790E+3,   4.814537E-3,   2.416992E-2,   2.446600E+1,   1.378823E-3,   1.498114E+3,   3.998411E-4,   6.889131E+0,   1.275396E-5,   100,1,1,1
       1171,2026-09-16,13:18:29.638,        137,         11,   1.100000E+2,   1.099990E+3,   0.000000E+0,   0.000000E+0,   0.000000E+0,   0.000000E+0,   0.000000E+0,   1.000000E+2,   1.005103E+3,   6.242170E-4,   2.929688E-3,   1.543794E+3,   5.251023E-3,   2.355957E-2,   2.447218E+1,   1.904720E-3,   1.498116E+3,   4.244609E-4,   6.889122E+0,   1.383551E-5,   100,1,1,1
       1172,2026-09-16,13:20:29.640,        138,         11,   1.100000E+2,   1.099990E+3,   0.000000E+0,   0.000000E+0,   0.000000E+0,   0.000000E+0,   0.000000E+0,   1.000000E+2,   1.005104E+3,   5.447679E-4,   2.624512E-3,   1.543800E+3,   5.233798E-3,   2.819824E-2,   2.448046E+1,   2.026783E-3,   1.498118E+3,   4.335133E-4,   6.889107E+0,   1.395223E-5,   100,1,1,1
       1173,2026-09-16,13:22:29.642,        139,         11,   1.100000E+2,   1.099990E+3,   0.000000E+0,   0.000000E+0,   0.000000E+0,   0.000000E+0,   0.000000E+0,   1.000000E+2,   1.005104E+3,   5.872051E-4,   2.624512E-3,   1.543803E+3,   4.828202E-3,   2.966309E-2,   2.448771E+1,   1.767818E-3,   1.498119E+3,   4.629642E-4,   6.889102E+0,   1.276319E-5,   100,1,1,1
       1174,2026-09-16,13:24:29.644,        140,         11,   1.100000E+2,   1.099990E+3,   0.000000E+0,   0.000000E+0,   0.000000E+0,   0.000000E+0,   0.000000E+0,   1.000000E+2,   1.005105E+3,   5.567840E-4,   2.258301E-3,   1.543808E+3,   5.179947E-3,   2.343750E-2,   2.449611E+1,   2.336375E-3,   1.498121E+3,   4.086194E-4,   6.889089E+0,   1.378166E-5,   100,1,1,1
       1175,2026-09-16,13:26:29.646,        141,         11,   1.100000E+2,   1.099990E+3,   0.000000E+0,   0.000000E+0,   0.000000E+0,   0.000000E+0,   0.000000E+0,   1.000000E+2,   1.005105E+3,   5.299252E-4,   2.685547E-3,   1.543816E+3,   5.305343E-3,   2.331543E-2,   2.450564E+1,   2.524643E-3,   1.498123E+3,   4.908806E-4,   6.889071E+0,   1.400469E-5,   100,1,1,1
       1176,2026-09-16,13:28:29.648,        142,         11,   1.100000E+2,   1.099990E+3,   0.000000E+0,   0.000000E+0,   0.000000E+0,   0.000000E+0,   0.000000E+0,   1.000000E+2,   1.005106E+3,   6.591006E-4,   3.112793E-3,   1.543822E+3,   4.905240E-3,   2.355957E-2,   2.451427E+1,   1.778683E-3,   1.498125E+3,   4.145528E-4,   6.889058E+0,   1.308304E-5,   100,1,1,1
       1177,2026-09-16,13:30:29.650,        143,         11,   1.100000E+2,   1.099990E+3,   0.000000E+0,   0.000000E+0,   0.000000E+0,   0.000000E+0,   0.000000E+0,   1.000000E+2,   1.005106E+3,   5.244347E-4,   2.197266E-3,   1.543828E+3,   6.350724E-3,   3.295898E-2,   2.452242E+1,   2.486943E-3,   1.498127E+3,   5.232135E-4,   6.889043E+0,   1.668317E-5,   100,1,1,1
       1178,2026-09-16,13:32:29.652,        144,         11,   1.100000E+2,   1.099990E+3,   0.000000E+0,   0.000000E+0,   0.000000E+0,   0.000000E+0,   0.000000E+0,   1.000000E+2,   1.005106E+3,   6.788751E-4,   3.601074E-3,   1.543836E+3,   5.517109E-3,   2.795410E-2,   2.453259E+1,   2.384632E-3,   1.498129E+3,   4.878048E-4,   6.889026E+0,   1.450085E-5,   100,1,1,1
       1179,2026-09-16,13:34:29.654,        145,         11,   1.100000E+2,   1.099990E+3,   0.000000E+0,   0.000000E+0,   0.000000E+0,   0.000000E+0,   0.000000E+0,   1.000000E+2,   1.005106E+3,   5.829810E-4,   2.685547E-3,   1.543845E+3,   5.807836E-3,   2.502441E-2,   2.454299E+1,   2.694763E-3,   1.498131E+3,   5.280087E-4,   6.889005E+0,   1.514747E-5,   100,1,1,1
       1180,2026-09-16,13:36:29.656,        146,         11,   1.100000E+2,   1.099990E+3,   0.000000E+0,   0.000000E+0,   0.000000E+0,   0.000000E+0,   0.000000E+0,   1.000000E+2,   1.005106E+3,   5.028671E-4,   2.319336E-3,   1.543850E+3,   6.406847E-3,   3.393555E-2,   2.455189E+1,   2.620157E-3,   1.498133E+3,   5.648854E-4,   6.888992E+0,   1.666724E-5,   100,1,1,1
       1181,2026-09-16,13:38:29.658,        147,         11,   1.100000E+2,   1.099990E+3,   0.000000E+0,   0.000000E+0,   0.000000E+0,   0.000000E+0,   0.000000E+0,   1.000000E+2,   1.005106E+3,   5.621195E-4,   2.746582E-3,   1.543858E+3,   4.751877E-3,   2.392578E-2,   2.456206E+1,   2.282156E-3,   1.498135E+3,   4.896111E-4,   6.888976E+0,   1.247137E-5,   100,1,1,1
       1182,2026-09-16,13:40:29.660,        148,         11,   1.100000E+2,   1.099990E+3,   0.000000E+0,   0.000000E+0,   0.000000E+0,   0.000000E+0,   0.000000E+0,   1.000000E+2,   1.005105E+3,   4.620872E-4,   2.136230E-3,   1.543866E+3,   5.876241E-3,   3.125000E-2,   2.457159E+1,   2.855138E-3,   1.498137E+3,   5.817353E-4,   6.888955E+0,   1.542746E-5,   100,1,1,1
       1183,2026-09-16,13:42:29.662,        149,         11,   1.100000E+2,   1.099990E+3,   0.000000E+0,   0.000000E+0,   0.000000E+0,   0.000000E+0,   0.000000E+0,   1.000000E+2,   1.005105E+3,   5.808792E-4,   3.051758E-3,   1.543877E+3,   5.355829E-3,   2.404785E-2,   2.458281E+1,   2.923310E-3,   1.498139E+3,   5.754450E-4,   6.888929E+0,   1.389643E-5,   100,1,1,1
       1184,2026-09-16,13:44:29.664,        150,         11,   1.100000E+2,   1.099990E+3,   0.000000E+0,   0.000000E+0,   0.000000E+0,   0.000000E+0,   0.000000E+0,   1.000000E+2,   1.005105E+3,   7.124825E-4,   2.990723E-3,   1.543885E+3,   4.953237E-3,   2.490234E-2,   2.459273E+1,   2.611945E-3,   1.498141E+3,   5.106936E-4,   6.888912E+0,   1.304292E-5,   100,1,1,1
       1185,2026-09-16,13:46:29.666,        151,         11,   1.100000E+2,   1.099990E+3,   0.000000E+0,   0.000000E+0,   0.000000E+0,   0.000000E+0,   0.000000E+0,   1.000000E+2,   1.005105E+3,   5.440988E-4,   3.173828E-3,   1.543891E+3,   5.436974E-3,   2.368164E-2,   2.460262E+1,   2.719825E-3,   1.498143E+3,   5.162996E-4,   6.888899E+0,   1.419129E-5,   100,1,1,1
       1186,2026-09-16,13:48:29.668,        152,         11,   1.100000E+2,   1.099990E+3,   0.000000E+0,   0.000000E+0,   0.000000E+0,   0.000000E+0,   0.000000E+0,   1.000000E+2,   1.005106E+3,   5.859102E-4,   2.929688E-3,   1.543896E+3,   5.071890E-3,   2.819824E-2,   2.461152E+1,   1.864035E-3,   1.498145E+3,   4.049190E-4,   6.888887E+0,   1.350950E-5,   100,1,1,1
       1187,2026-09-16,13:50:29.670,        153,         11,   1.100000E+2,   1.099990E+3,   0.000000E+0,   0.000000E+0,   0.000000E+0,   0.000000E+0,   0.000000E+0,   1.000000E+2,   1.005106E+3,   6.320647E-4,   2.868652E-3,   1.543900E+3,   4.778356E-3,   2.148438E-2,   2.461906E+1,   1.855715E-3,   1.498147E+3,   4.737876E-4,   6.888879E+0,   1.258316E-5,   100,1,1,1
       1188,2026-09-16,13:52:29.672,        154,         11,   1.100000E+2,   1.099990E+3,   0.000000E+0,   0.000000E+0,   0.000000E+0,   0.000000E+0,   0.000000E+0,   1.000000E+2,   1.005106E+3,   6.384941E-4,   2.502441E-3,   1.543909E+3,   5.892874E-3,   2.612305E-2,   2.462883E+1,   2.639959E-3,   1.498149E+3,   5.268487E-4,   6.888857E+0,   1.543037E-5,   100,1,1,1
       1189,2026-09-16,13:54:29.674,        155,         11,   1.100000E+2,   1.099990E+3,   0.000000E+0,   0.000000E+0,   0.000000E+0,   0.000000E+0,   0.000000E+0,   1.000000E+2,   1.005106E+3,   5.961432E-4,   2.746582E-3,   1.543919E+3,   5.323125E-3,   2.197266E-2,   2.464004E+1,   2.738665E-3,   1.498151E+3,   5.504783E-4,   6.888832E+0,   1.391507E-5,   100,1,1,1
       1190,2026-09-16,13:56:29.676,        156,         11,   1.100000E+2,   1.099990E+3,   0.000000E+0,   0.000000E+0,   0.000000E+0,   0.000000E+0,   0.000000E+0,   1.000000E+2,   1.005107E+3,   7.735986E-4,   3.601074E-3,   1.543921E+3,   5.619780E-3,   2.795410E-2,   2.464863E+1,   1.542636E-3,   1.498153E+3,   4.177141E-4,   6.888830E+0,   1.503933E-5,   100,1,1,1
       1191,2026-09-16,13:58:29.678,        157,         11,   1.100000E+2,   1.099990E+3,   0.000000E+0,   0.000000E+0,   0.000000E+0,   0.000000E+0,   0.000000E+0,   1.000000E+2,   1.005107E+3,   6.850133E-4,   2.807617E-3,   1.543930E+3,   7.102829E-3,   3.466797E-2,   2.465789E+1,   3.560847E-3,   1.498155E+3,   7.093756E-4,   6.888809E+0,   1.827662E-5,   100,1,1,1
       1192,2026-09-16,14:00:29.680,        158,         11,   1.100000E+2,   1.099990E+3,   0.000000E+0,   0.000000E+0,   0.000000E+0,   0.000000E+0,   0.000000E+0,   1.000000E+2,   1.005106E+3,   6.198567E-4,   2.990723E-3,   1.543943E+3,   5.441953E-3,   2.661133E-2,   2.467107E+1,   3.227774E-3,   1.498157E+3,   5.580158E-4,   6.888778E+0,   1.407663E-5,   100,1,1,1
       1193,2026-09-16,14:02:29.682,        159,         11,   1.100000E+2,   1.099990E+3,   0.000000E+0,   0.000000E+0,   0.000000E+0,   0.000000E+0,   0.000000E+0,   1.000000E+2,   1.005105E+3,   6.402315E-4,   3.234863E-3,   1.543956E+3,   6.068284E-3,   3.088379E-2,   2.468328E+1,   3.436852E-3,   1.498160E+3,   6.047974E-4,   6.888746E+0,   1.580724E-5,   100,1,1,1
       1194,2026-09-16,14:04:29.684,        160,         11,   1.100000E+2,   1.099990E+3,   0.000000E+0,   0.000000E+0,   0.000000E+0,   0.000000E+0,   0.000000E+0,   1.000000E+2,   1.005104E+3,   5.788545E-4,   2.624512E-3,   1.543971E+3,   6.506165E-3,   3.027344E-2,   2.469724E+1,   3.802230E-3,   1.498162E+3,   6.782577E-4,   6.888709E+0,   1.673165E-5,   100,1,1,1
       1195,2026-09-25,11:46:20.861,          1,        200,   0.000000E+0,   1.000000E+2,   0.000000E+0,   0.000000E+0,   0.000000E+0,   0.000000E+0,   0.000000E+0,   0.000000E+0,   9.984634E+2,   1.684082E-2,   7.397461E-2,   1.487796E+3,   3.650922E-2,   1.435547E-1,   2.113496E+1,   1.751704E-2,   1.495831E+3,   4.921114E-3,   7.043244E+0,   1.005853E-4,   100,0,1,0
       1196,2026-09-25,11:48:20.863,          2,        200,   0.000000E+0,   1.000000E+2,   0.000000E+0,   0.000000E+0,   0.000000E+0,   0.000000E+0,   0.000000E+0,   0.000000E+0,   9.984647E+2,   2.225549E-2,   1.077881E-1,   1.487807E+3,   3.694342E-2,   1.735840E-1,   2.120271E+1,   1.599121E-2,   1.495845E+3,   6.706669E-3,   7.043232E+0,   1.070886E-4,   100,0,1,0
       1197,2026-09-25,11:50:20.865,          3,        200,   0.000000E+0,   1.000000E+2,   0.000000E+0,   0.000000E+0,   0.000000E+0,   0.000000E+0,   0.000000E+0,   0.000000E+0,   9.984671E+2,   2.501564E-2,   1.140137E-1,   1.487927E+3,   3.767285E-2,   2.442627E-1,   2.127343E+1,   1.779167E-2,   1.495860E+3,   7.978107E-3,   7.042907E+0,   1.081227E-4,   100,0,1,0
       1198,2026-09-25,11:52:20.867,          4,        200,   0.000000E+0,   1.000000E+2,   0.000000E+0,   0.000000E+0,   0.000000E+0,   0.000000E+0,   0.000000E+0,   0.000000E+0,   9.984459E+2,   3.993043E-2,   2.252197E-1,   1.488091E+3,   1.760742E-2,   8.862305E-2,   2.134727E+1,   1.749030E-2,   1.495870E+3,   8.873859E-3,   7.042455E+0,   4.747793E-5,   100,0,1,0
       1199,2026-09-25,11:54:20.869,          5,        200,   0.000000E+0,   1.000000E+2,   0.000000E+0,   0.000000E+0,   0.000000E+0,   0.000000E+0,   0.000000E+0,   0.000000E+0,   9.984283E+2,   4.213332E-2,   1.986084E-1,   1.488202E+3,   4.054596E-2,   2.365723E-1,   2.142128E+1,   1.844672E-2,   1.495881E+3,   1.221142E-2,   7.042156E+0,   1.118624E-4,   100,0,1,0
       1200,2026-09-25,11:56:20.871,          6,        200,   0.000000E+0,   1.000000E+2,   0.000000E+0,   0.000000E+0,   0.000000E+0,   0.000000E+0,   0.000000E+0,   0.000000E+0,   9.984264E+2,   2.050295E-2,   7.879639E-2,   1.488350E+3,   3.841573E-2,   1.480713E-1,   2.149615E+1,   1.771580E-2,   1.495896E+3,   5.744001E-3,   7.041753E+0,   1.056760E-4,   100,0,1,0
       1201,2026-09-25,11:58:20.873,          7,        200,   0.000000E+0,   1.000000E+2,   0.000000E+0,   0.000000E+0,   0.000000E+0,   0.000000E+0,   0.000000E+0,   0.000000E+0,   9.984019E+2,   2.182083E-2,   1.296387E-1,   1.488509E+3,   4.608086E-2,   1.606445E-1,   2.156912E+1,   1.750830E-2,   1.495905E+3,   5.326360E-3,   7.041317E+0,   1.277263E-4,   100,0,1,0
       1202,2026-09-25,12:00:20.875,          8,        200,   0.000000E+0,   1.000000E+2,   0.000000E+0,   0.000000E+0,   0.000000E+0,   0.000000E+0,   0.000000E+0,   0.000000E+0,   9.983785E+2,   4.796908E-2,   2.268677E-1,   1.488688E+3,   3.935911E-2,   1.527100E-1,   2.164126E+1,   1.754473E-2,   1.495914E+3,   1.320070E-2,   7.040823E+0,   1.083600E-4,   100,0,1,0
       1203,2026-09-25,12:02:20.877,          9,        200,   0.000000E+0,   1.000000E+2,   0.000000E+0,   0.000000E+0,   0.000000E+0,   0.000000E+0,   0.000000E+0,   0.000000E+0,   9.983706E+2,   3.341757E-2,   1.248169E-1,   1.488869E+3,   4.422350E-2,   1.657715E-1,   2.171259E+1,   1.750909E-2,   1.495927E+3,   1.026987E-2,   7.040323E+0,   1.222592E-4,   100,0,1,0
       1204,2026-09-25,12:05:11.207,         10,        201,   0.000000E+0,   1.000000E+2,   0.000000E+0,   0.000000E+0,   0.000000E+0,   0.000000E+0,   0.000000E+0,   0.000000E+0,   9.983575E+2,   2.655904E-2,   1.624146E-1,   1.489126E+3,   4.412995E-2,   1.762695E-1,   2.181856E+1,   1.810942E-2,   1.495945E+3,   7.228060E-3,   7.039615E+0,   1.217375E-4,   100,0,1,0
       1205,2026-09-25,12:07:11.209,         11,        201,   0.000000E+0,   1.000000E+2,   0.000000E+0,   0.000000E+0,   0.000000E+0,   0.000000E+0,   0.000000E+0,   0.000000E+0,   9.983582E+2,   2.648786E-2,   2.929077E-1,   1.489306E+3,   4.896333E-2,   1.733398E-1,   2.189044E+1,   1.799967E-2,   1.495960E+3,   6.210842E-3,   7.039118E+0,   1.355391E-4,   100,0,1,0
       1206,2026-09-25,12:09:11.211,         12,        201,   0.000000E+0,   1.000000E+2,   0.000000E+0,   0.000000E+0,   0.000000E+0,   0.000000E+0,   0.000000E+0,   0.000000E+0,   9.983359E+2,   2.506716E-2,   1.127930E-1,   1.489497E+3,   4.556248E-2,   1.721191E-1,   2.196156E+1,   1.677378E-2,   1.495969E+3,   6.410570E-3,   7.038591E+0,   1.261848E-4,   100,0,1,0
       1207,2026-09-25,12:11:11.213,         13,        201,   0.000000E+0,   1.000000E+2,   0.000000E+0,   0.000000E+0,   0.000000E+0,   0.000000E+0,   0.000000E+0,   0.000000E+0,   9.983222E+2,   1.674026E-2,   8.978271E-2,   1.489707E+3,   4.452292E-2,   1.569824E-1,   2.203035E+1,   1.653952E-2,   1.495980E+3,   4.802483E-3,   7.038006E+0,   1.231734E-4,   100,0,1,0
       1208,2026-09-25,12:13:11.215,         14,        201,   0.000000E+0,   1.000000E+2,   0.000000E+0,   0.000000E+0,   0.000000E+0,   0.000000E+0,   0.000000E+0,   0.000000E+0,   9.982996E+2,   3.003052E-2,   1.713257E-1,   1.489869E+3,   3.076085E-2,   1.203613E-1,   2.209937E+1,   1.659890E-2,   1.495989E+3,   8.620322E-3,   7.037563E+0,   8.569155E-5,   100,0,1,0
       1209,2026-09-25,12:15:11.217,         15,        201,   0.000000E+0,   1.000000E+2,   0.000000E+0,   0.000000E+0,   0.000000E+0,   0.000000E+0,   0.000000E+0,   0.000000E+0,   9.983080E+2,   4.117990E-2,   2.529907E-1,   1.490276E+3,   1.379090E-1,   5.207520E-1,   2.217032E+1,   1.781741E-2,   1.496005E+3,   1.089397E-2,   7.036416E+0,   3.900717E-4,   100,0,1,0
       1210,2026-09-25,12:17:11.219,         16,        201,   0.000000E+0,   1.000000E+2,   0.000000E+0,   0.000000E+0,   0.000000E+0,   0.000000E+0,   0.000000E+0,   0.000000E+0,   9.982890E+2,   1.660864E-2,   8.203125E-2,   1.490688E+3,   6.750704E-2,   2.388916E-1,   2.224318E+1,   1.743693E-2,   1.496016E+3,   3.910048E-3,   7.035255E+0,   1.885786E-4,   100,0,1,0
       1211,2026-09-25,12:19:11.221,         17,        201,   0.000000E+0,   1.000000E+2,   0.000000E+0,   0.000000E+0,   0.000000E+0,   0.000000E+0,   0.000000E+0,   0.000000E+0,   9.982669E+2,   2.247148E-2,   1.129761E-1,   1.490885E+3,   4.356401E-2,   1.666260E-1,   2.231411E+1,   1.689294E-2,   1.496025E+3,   5.506159E-3,   7.034710E+0,   1.201337E-4,   100,0,1,0
       1212,2026-09-25,12:22:24.662,         18,        200,   0.000000E+0,   1.000000E+2,   0.000000E+0,   0.000000E+0,   0.000000E+0,   0.000000E+0,   0.000000E+0,   0.000000E+0,   9.982427E+2,   1.236374E-2,   4.791260E-2,   1.491194E+3,   3.963096E-2,   1.781006E-1,   2.242693E+1,   1.676430E-2,   1.496042E+3,   4.236872E-3,   7.033858E+0,   1.095174E-4,   100,0,1,0
       1213,2026-09-25,12:24:24.664,         19,        200,   0.000000E+0,   1.000000E+2,   0.000000E+0,   0.000000E+0,   0.000000E+0,   0.000000E+0,   0.000000E+0,   0.000000E+0,   9.982218E+2,   1.711096E-2,   7.592773E-2,   1.491405E+3,   5.682962E-2,   2.156982E-1,   2.249390E+1,   1.584452E-2,   1.496051E+3,   3.657613E-3,   7.033272E+0,   1.582520E-4,   100,0,1,0
       1214,2026-09-25,12:26:24.666,         20,        200,   0.000000E+0,   1.000000E+2,   0.000000E+0,   0.000000E+0,   0.000000E+0,   0.000000E+0,   0.000000E+0,   0.000000E+0,   9.982084E+2,   1.313457E-2,   5.627441E-2,   1.491623E+3,   4.859802E-2,   1.839600E-1,   2.255871E+1,   1.579464E-2,   1.496061E+3,   4.365607E-3,   7.032669E+0,   1.346932E-4,   100,0,1,0
       1215,2026-09-25,12:28:24.668,         21,        200,   0.000000E+0,   1.000000E+2,   0.000000E+0,   0.000000E+0,   0.000000E+0,   0.000000E+0,   0.000000E+0,   0.000000E+0,   9.981910E+2,   1.610756E-2,   7.159424E-2,   1.491822E+3,   4.857272E-2,   1.947021E-1,   2.262390E+1,   1.544434E-2,   1.496070E+3,   4.417079E-3,   7.032118E+0,   1.346977E-4,   100,0,1,0
       1216,2026-09-25,12:30:24.670,         22,        200,   0.000000E+0,   1.000000E+2,   0.000000E+0,   0.000000E+0,   0.000000E+0,   0.000000E+0,   0.000000E+0,   0.000000E+0,   9.981740E+2,   1.710365E-2,   7.531738E-2,   1.492025E+3,   4.896601E-2,   1.866455E-1,   2.268741E+1,   1.529710E-2,   1.496079E+3,   5.017953E-3,   7.031553E+0,   1.358181E-4,   100,0,1,0
       1217,2026-09-25,12:32:24.672,         23,        200,   0.000000E+0,   1.000000E+2,   0.000000E+0,   0.000000E+0,   0.000000E+0,   0.000000E+0,   0.000000E+0,   0.000000E+0,   9.981541E+2,   2.296673E-2,   1.111450E-1,   1.492215E+3,   5.091453E-2,   1.770020E-1,   2.274979E+1,   1.510375E-2,   1.496087E+3,   6.221469E-3,   7.031028E+0,   1.414334E-4,   100,0,1,0
       1218,2026-09-25,12:34:24.674,         24,        200,   0.000000E+0,   1.000000E+2,   0.000000E+0,   0.000000E+0,   0.000000E+0,   0.000000E+0,   0.000000E+0,   0.000000E+0,   9.981436E+2,   4.702676E-2,   3.057861E-1,   1.492404E+3,   5.384344E-2,   2.058105E-1,   2.281216E+1,   1.510944E-2,   1.496097E+3,   1.300634E-2,   7.030505E+0,   1.497113E-4,   100,0,1,0
       1219,2026-09-28,09:01:04.568,          1,        300,   0.000000E+0,   1.000000E+2,   0.000000E+0,   0.000000E+0,   0.000000E+0,   0.000000E+0,   0.000000E+0,   0.000000E+0,   1.004701E+3,   1.337555E-1,   6.995239E-1,   1.553231E+3,   1.175960E-1,   5.759277E-1,   2.410253E+1,   6.964761E-3,   1.497939E+3,   3.212049E-2,   6.863994E+0,   3.106449E-4,   100,0,1,0
       1220,2026-09-28,09:03:04.570,          2,        300,   0.000000E+0,   1.000000E+2,   0.000000E+0,   0.000000E+0,   0.000000E+0,   0.000000E+0,   0.000000E+0,   0.000000E+0,   1.004819E+3,   9.189624E-2,   4.389648E-1,   1.552901E+3,   1.370625E-1,   6.536865E-1,   2.413024E+1,   6.498326E-3,   1.497974E+3,   2.220660E-2,   6.864872E+0,   3.625470E-4,   100,0,1,0
       1221,2026-09-28,09:05:04.572,          3,        300,   0.000000E+0,   1.000000E+2,   0.000000E+0,   0.000000E+0,   0.000000E+0,   0.000000E+0,   0.000000E+0,   0.000000E+0,   1.005047E+3,   7.900059E-2,   3.532104E-1,   1.552471E+3,   1.460901E-1,   6.652832E-1,   2.415779E+1,   6.960095E-3,   1.498034E+3,   2.036073E-2,   6.866013E+0,   3.869042E-4,   100,0,1,0
       1222,2026-09-28,09:07:04.574,          4,        300,   0.000000E+0,   1.000000E+2,   0.000000E+0,   0.000000E+0,   0.000000E+0,   0.000000E+0,   0.000000E+0,   0.000000E+0,   1.005151E+3,   1.046011E-1,   3.795776E-1,   1.552212E+3,   9.555867E-2,   5.096436E-1,   2.418645E+1,   6.711008E-3,   1.498065E+3,   2.403079E-2,   6.866703E+0,   2.520329E-4,   100,0,1,0
       1223,2026-09-28,09:09:04.576,          5,        300,   0.000000E+0,   1.000000E+2,   0.000000E+0,   0.000000E+0,   0.000000E+0,   0.000000E+0,   0.000000E+0,   0.000000E+0,   1.005178E+3,   6.803875E-2,   2.951660E-1,   1.552236E+3,   9.874538E-2,   4.681396E-1,   2.421440E+1,   6.946431E-3,   1.498077E+3,   1.644818E-2,   6.866648E+0,   2.606405E-4,   100,0,1,0
       1224,2026-09-28,09:11:04.579,          6,        300,   0.000000E+0,   1.000000E+2,   0.000000E+0,   0.000000E+0,   0.000000E+0,   0.000000E+0,   0.000000E+0,   0.000000E+0,   1.005245E+3,   3.877383E-2,   1.950684E-1,   1.552228E+3,   9.302630E-2,   4.449463E-1,   2.424335E+1,   6.840042E-3,   1.498099E+3,   9.128137E-3,   6.866677E+0,   2.456964E-4,   100,0,1,0
       1225,2026-09-28,09:13:04.581,          7,        300,   0.000000E+0,   1.000000E+2,   0.000000E+0,   0.000000E+0,   0.000000E+0,   0.000000E+0,   0.000000E+0,   0.000000E+0,   1.005253E+3,   5.943119E-2,   2.922363E-1,   1.552129E+3,   1.014971E-1,   4.323730E-1,   2.427148E+1,   7.035031E-3,   1.498107E+3,   1.467064E-2,   6.866946E+0,   2.683921E-4,   100,0,1,0
       1226,2026-09-28,09:15:04.583,          8,        300,   0.000000E+0,   1.000000E+2,   0.000000E+0,   0.000000E+0,   0.000000E+0,   0.000000E+0,   0.000000E+0,   0.000000E+0,   1.005265E+3,   7.658230E-2,   3.282471E-1,   1.552065E+3,   8.662387E-2,   4.018555E-1,   2.429942E+1,   6.650600E-3,   1.498116E+3,   1.813434E-2,   6.867124E+0,   2.281573E-4,   100,0,1,0
       1227,2026-09-28,09:18:10.202,          9,        300,   8.000000E+2,   8.000000E+3,   0.000000E+0,   0.000000E+0,   2.000000E+1,   0.000000E+0,   0.000000E+0,   0.000000E+0,   1.005071E+3,   8.376177E-2,   3.386841E-1,   1.552161E+3,   9.905800E-2,   5.270996E-1,   2.433949E+1,   6.940507E-3,   1.498078E+3,   2.041489E-2,   6.866880E+0,   2.615440E-4,   100,0,1,0
       1228,2026-09-28,09:20:10.204,         10,        300,   8.000000E+2,   8.000000E+3,   0.000000E+0,   0.000000E+0,   2.000000E+1,   0.000000E+0,   0.000000E+0,   0.000000E+0,   1.005105E+3,   4.976412E-2,   1.959229E-1,   1.552118E+3,   9.539009E-2,   4.459229E-1,   2.436657E+1,   6.200488E-3,   1.498091E+3,   1.183912E-2,   6.867001E+0,   2.520604E-4,   100,0,1,0
       1229,2026-09-28,09:22:10.206,         11,        300,   8.000000E+2,   8.000000E+3,   0.000000E+0,   0.000000E+0,   2.000000E+1,   0.000000E+0,   0.000000E+0,   0.000000E+0,   1.005125E+3,   4.041067E-2,   1.654663E-1,   1.552044E+3,   9.406341E-2,   3.914795E-1,   2.439283E+1,   6.507129E-3,   1.498102E+3,   1.011380E-2,   6.867203E+0,   2.484515E-4,   100,0,1,0
       1230,2026-09-28,09:24:10.208,         12,        300,   8.000000E+2,   8.000000E+3,   0.000000E+0,   0.000000E+0,   2.000000E+1,   0.000000E+0,   0.000000E+0,   0.000000E+0,   1.005143E+3,   9.417898E-2,   3.327637E-1,   1.551926E+3,   9.230775E-2,   4.736328E-1,   2.441919E+1,   6.616502E-3,   1.498111E+3,   2.262813E-2,   6.867524E+0,   2.440675E-4,   100,0,1,0
       1231,2026-09-28,09:26:10.210,         13,        300,   8.000000E+2,   8.000000E+3,   0.000000E+0,   0.000000E+0,   2.000000E+1,   0.000000E+0,   0.000000E+0,   0.000000E+0,   1.005209E+3,   6.433807E-2,   3.055420E-1,   1.551828E+3,   9.519257E-2,   4.951172E-1,   2.444761E+1,   6.947238E-3,   1.498133E+3,   1.649358E-2,   6.867788E+0,   2.519414E-4,   100,0,1,0
       1232,2026-09-28,09:28:10.212,         14,        300,   8.000000E+2,   8.000000E+3,   0.000000E+0,   0.000000E+0,   2.000000E+1,   0.000000E+0,   0.000000E+0,   0.000000E+0,   1.005311E+3,   3.683368E-2,   1.713257E-1,   1.551678E+3,   8.077382E-2,   3.249512E-1,   2.447485E+1,   6.390099E-3,   1.498163E+3,   8.847994E-3,   6.868192E+0,   2.137273E-4,   100,0,1,0
       1233,2026-09-28,09:30:10.214,         15,        300,   8.000000E+2,   8.000000E+3,   0.000000E+0,   0.000000E+0,   2.000000E+1,   0.000000E+0,   0.000000E+0,   0.000000E+0,   1.005227E+3,   1.286766E-1,   5.076904E-1,   1.551629E+3,   9.826618E-2,   4.337158E-1,   2.450220E+1,   6.955335E-3,   1.498149E+3,   3.092253E-2,   6.868329E+0,   2.598718E-4,   100,0,1,0
       1234,2026-09-28,09:32:10.216,         16,        300,   8.000000E+2,   8.000000E+3,   0.000000E+0,   0.000000E+0,   2.000000E+1,   0.000000E+0,   0.000000E+0,   0.000000E+0,   1.005330E+3,   8.573087E-2,   4.022217E-1,   1.551557E+3,   1.015181E-1,   5.162354E-1,   2.453074E+1,   6.083992E-3,   1.498179E+3,   2.134971E-2,   6.868528E+0,   2.690282E-4,   100,0,1,0
       1235,2026-09-28,09:34:10.218,         17,        300,   8.000000E+2,   8.000000E+3,   0.000000E+0,   0.000000E+0,   2.000000E+1,   0.000000E+0,   0.000000E+0,   0.000000E+0,   1.005426E+3,   1.048507E-1,   5.261841E-1,   1.551414E+3,   1.006292E-1,   4.997559E-1,   2.455832E+1,   7.123296E-3,   1.498208E+3,   2.421697E-2,   6.868913E+0,   2.665170E-4,   100,0,1,0
       1236,2026-09-28,09:36:10.220,         18,        300,   8.000000E+2,   8.000000E+3,   0.000000E+0,   0.000000E+0,   2.000000E+1,   0.000000E+0,   0.000000E+0,   0.000000E+0,   1.005478E+3,   4.864424E-2,   2.032471E-1,   1.551315E+3,   8.306707E-2,   4.816895E-1,   2.458645E+1,   6.951647E-3,   1.498226E+3,   1.258345E-2,   6.869182E+0,   2.202343E-4,   100,0,1,0
       1237,2026-09-28,09:38:10.222,         19,        300,   8.000000E+2,   8.000000E+3,   0.000000E+0,   0.000000E+0,   2.000000E+1,   0.000000E+0,   0.000000E+0,   0.000000E+0,   1.005493E+3,   3.882878E-2,   1.787109E-1,   1.551225E+3,   7.807370E-2,   3.400879E-1,   2.461393E+1,   6.285656E-3,   1.498236E+3,   8.678054E-3,   6.869427E+0,   2.068252E-4,   100,0,1,0
       1238,2026-09-28,09:40:10.224,         20,        300,   8.000000E+2,   8.000000E+3,   0.000000E+0,   0.000000E+0,   2.000000E+1,   0.000000E+0,   0.000000E+0,   0.000000E+0,   1.005565E+3,   7.641742E-2,   3.555908E-1,   1.551090E+3,   8.143946E-2,   3.719482E-1,   2.464075E+1,   7.077356E-3,   1.498258E+3,   1.931576E-2,   6.869792E+0,   2.157908E-4,   100,0,1,0
       1239,2026-09-28,09:42:10.226,         21,        300,   8.000000E+2,   8.000000E+3,   0.000000E+0,   0.000000E+0,   2.000000E+1,   0.000000E+0,   0.000000E+0,   0.000000E+0,   1.005607E+3,   5.310996E-2,   2.510986E-1,   1.551032E+3,   7.583296E-2,   3.736572E-1,   2.466899E+1,   6.144071E-3,   1.498274E+3,   1.215065E-2,   6.869952E+0,   2.004512E-4,   100,0,1,0
       1240,2026-09-28,09:44:10.228,         22,        300,   8.000000E+2,   8.000000E+3,   0.000000E+0,   0.000000E+0,   2.000000E+1,   0.000000E+0,   0.000000E+0,   0.000000E+0,   1.005577E+3,   9.269921E-2,   3.696899E-1,   1.550981E+3,   7.893836E-2,   4.443359E-1,   2.469535E+1,   6.960863E-3,   1.498272E+3,   2.278471E-2,   6.870093E+0,   2.086441E-4,   100,0,1,0
       1241,2026-09-28,09:46:10.230,         23,        300,   8.000000E+2,   8.000000E+3,   0.000000E+0,   0.000000E+0,   2.000000E+1,   0.000000E+0,   0.000000E+0,   0.000000E+0,   1.005674E+3,   1.122972E-1,   5.584106E-1,   1.550879E+3,   8.699658E-2,   4.245605E-1,   2.472425E+1,   7.006994E-3,   1.498302E+3,   2.790177E-2,   6.870372E+0,   2.308306E-4,   100,0,1,0
       1242,2026-09-28,09:48:10.232,         24,        300,   8.000000E+2,   8.000000E+3,   0.000000E+0,   0.000000E+0,   2.000000E+1,   0.000000E+0,   0.000000E+0,   0.000000E+0,   1.005712E+3,   7.469899E-2,   3.781738E-1,   1.550803E+3,   8.434468E-2,   4.580078E-1,   2.475354E+1,   7.510383E-3,   1.498317E+3,   1.793694E-2,   6.870580E+0,   2.238717E-4,   100,0,1,0
       1243,2026-09-28,09:50:10.234,         25,        300,   8.000000E+2,   8.000000E+3,   0.000000E+0,   0.000000E+0,   2.000000E+1,   0.000000E+0,   0.000000E+0,   0.000000E+0,   1.005709E+3,   5.920122E-2,   2.743530E-1,   1.550759E+3,   7.237097E-2,   3.194580E-1,   2.478217E+1,   6.269409E-3,   1.498322E+3,   1.392066E-2,   6.870705E+0,   1.915461E-4,   100,0,1,0
       1244,2026-09-28,09:52:10.236,         26,        300,   8.000000E+2,   8.000000E+3,   0.000000E+0,   0.000000E+0,   2.000000E+1,   0.000000E+0,   0.000000E+0,   0.000000E+0,   1.005708E+3,   6.324263E-2,   2.364502E-1,   1.550718E+3,   7.385909E-2,   3.734131E-1,   2.481082E+1,   7.295992E-3,   1.498328E+3,   1.459831E-2,   6.870821E+0,   1.956296E-4,   100,0,1,0
       1245,2026-09-28,09:54:44.198,         27,        301,   8.000000E+2,   8.000000E+3,   0.000000E+0,   0.000000E+0,   2.000000E+1,   0.000000E+0,   0.000000E+0,   0.000000E+0,   1.005769E+3,   8.185510E-2,   4.028320E-1,   1.550579E+3,   7.867561E-2,   3.952637E-1,   2.485003E+1,   7.006547E-3,   1.498351E+3,   1.969975E-2,   6.871199E+0,   2.087129E-4,   100,0,1,0
       1246,2026-09-28,09:56:44.200,         28,        301,   8.000000E+2,   8.000000E+3,   0.000000E+0,   0.000000E+0,   2.000000E+1,   0.000000E+0,   0.000000E+0,   0.000000E+0,   1.005837E+3,   5.777776E-2,   2.421875E-1,   1.550471E+3,   7.561827E-2,   3.952637E-1,   2.487633E+1,   6.735091E-3,   1.498372E+3,   1.380853E-2,   6.871492E+0,   2.005258E-4,   100,0,1,0
       1247,2026-09-28,09:58:44.202,         29,        301,   8.000000E+2,   8.000000E+3,   0.000000E+0,   0.000000E+0,   2.000000E+1,   0.000000E+0,   0.000000E+0,   0.000000E+0,   1.005793E+3,   5.326828E-2,   2.247314E-1,   1.550454E+3,   7.061645E-2,   3.228760E-1,   2.490412E+1,   6.295759E-3,   1.498368E+3,   1.338348E-2,   6.871545E+0,   1.871502E-4,   100,0,1,0
       1248,2026-09-28,10:00:44.204,         30,        301,   8.000000E+2,   8.000000E+3,   0.000000E+0,   0.000000E+0,   2.000000E+1,   0.000000E+0,   0.000000E+0,   0.000000E+0,   1.005875E+3,   3.268723E-2,   1.508789E-1,   1.550364E+3,   7.702965E-2,   3.399658E-1,   2.493049E+1,   6.333136E-3,   1.498393E+3,   8.605449E-3,   6.871790E+0,   2.042935E-4,   100,0,1,0
       1249,2026-09-28,10:02:44.206,         31,        301,   8.000000E+2,   8.000000E+3,   0.000000E+0,   0.000000E+0,   2.000000E+1,   0.000000E+0,   0.000000E+0,   0.000000E+0,   1.005850E+3,   1.148813E-1,   5.626221E-1,   1.550319E+3,   6.757596E-2,   3.070068E-1,   2.495761E+1,   6.456872E-3,   1.498392E+3,   2.758303E-2,   6.871917E+0,   1.787595E-4,   100,0,1,0
       1250,2026-09-28,10:04:44.208,         32,        301,   8.000000E+2,   8.000000E+3,   0.000000E+0,   0.000000E+0,   2.000000E+1,   0.000000E+0,   0.000000E+0,   0.000000E+0,   1.005890E+3,   4.821660E-2,   1.911011E-1,   1.550243E+3,   6.533739E-2,   3.293457E-1,   2.498454E+1,   6.296808E-3,   1.498407E+3,   1.171042E-2,   6.872125E+0,   1.730866E-4,   100,0,1,0
       1251,2026-09-28,10:06:44.210,         33,        301,   8.000000E+2,   8.000000E+3,   0.000000E+0,   0.000000E+0,   2.000000E+1,   0.000000E+0,   0.000000E+0,   0.000000E+0,   1.005901E+3,   9.020517E-2,   4.721680E-1,   1.550200E+3,   7.219721E-2,   3.596191E-1,   2.501111E+1,   6.411124E-3,   1.498415E+3,   2.269310E-2,   6.872245E+0,   1.917415E-4,   100,0,1,0
       1252,2026-09-28,10:08:44.212,         34,        301,   8.000000E+2,   8.000000E+3,   0.000000E+0,   0.000000E+0,   2.000000E+1,   0.000000E+0,   0.000000E+0,   0.000000E+0,   1.005937E+3,   2.528104E-2,   1.328735E-1,   1.550153E+3,   6.603368E-2,   4.104004E-1,   2.503798E+1,   6.344170E-3,   1.498430E+3,   6.695088E-3,   6.872376E+0,   1.752221E-4,   100,0,1,0
       1253,2026-09-28,10:10:44.214,         35,        301,   8.000000E+2,   8.000000E+3,   0.000000E+0,   0.000000E+0,   2.000000E+1,   0.000000E+0,   0.000000E+0,   0.000000E+0,   1.005976E+3,   3.121139E-2,   1.299438E-1,   1.550071E+3,   6.159738E-2,   2.893066E-1,   2.506248E+1,   6.126572E-3,   1.498444E+3,   7.153837E-3,   6.872603E+0,   1.627603E-4,   100,0,1,0
       1254,2026-09-28,10:12:44.216,         36,        301,   8.000000E+2,   8.000000E+3,   0.000000E+0,   0.000000E+0,   2.000000E+1,   0.000000E+0,   0.000000E+0,   0.000000E+0,   1.005864E+3,   1.578530E-1,   5.720215E-1,   1.550074E+3,   7.345665E-2,   3.684082E-1,   2.508810E+1,   6.337182E-3,   1.498422E+3,   3.875323E-2,   6.872600E+0,   1.950645E-4,   100,0,1,0
       1255,2026-09-28,10:14:44.218,         37,        301,   8.000000E+2,   8.000000E+3,   0.000000E+0,   0.000000E+0,   2.000000E+1,   0.000000E+0,   0.000000E+0,   0.000000E+0,   1.005992E+3,   4.115563E-2,   1.988525E-1,   1.550010E+3,   6.471868E-2,   3.269043E-1,   2.511355E+1,   6.270828E-3,   1.498458E+3,   1.045175E-2,   6.872777E+0,   1.716678E-4,   100,0,1,0
       1256,2026-09-28,10:16:44.220,         38,        301,   8.000000E+2,   8.000000E+3,   0.000000E+0,   0.000000E+0,   2.000000E+1,   0.000000E+0,   0.000000E+0,   0.000000E+0,   1.005987E+3,   4.112214E-2,   1.567383E-1,   1.549994E+3,   5.982388E-2,   2.835693E-1,   2.513878E+1,   5.853239E-3,   1.498463E+3,   1.033373E-2,   6.872825E+0,   1.587890E-4,   100,0,1,0
       1257,2026-09-28,10:18:44.222,         39,        301,   8.000000E+2,   8.000000E+3,   0.000000E+0,   0.000000E+0,   2.000000E+1,   0.000000E+0,   0.000000E+0,   0.000000E+0,   1.006028E+3,   1.940815E-2,   8.593750E-2,   1.549946E+3,   5.984000E-2,   2.790527E-1,   2.516291E+1,   6.070480E-3,   1.498477E+3,   4.966659E-3,   6.872961E+0,   1.583988E-4,   100,0,1,0
       1258,2026-09-28,10:20:44.224,         40,        301,   8.000000E+2,   8.000000E+3,   0.000000E+0,   0.000000E+0,   2.000000E+1,   0.000000E+0,   0.000000E+0,   0.000000E+0,   1.005975E+3,   1.090916E-1,   5.603638E-1,   1.549903E+3,   7.350143E-2,   3.433838E-1,   2.518793E+1,   6.079609E-3,   1.498470E+3,   2.594688E-2,   6.873081E+0,   1.948258E-4,   100,0,1,0
       1259,2026-09-28,10:22:44.226,         41,        301,   8.000000E+2,   8.000000E+3,   0.000000E+0,   0.000000E+0,   2.000000E+1,   0.000000E+0,   0.000000E+0,   0.000000E+0,   1.005978E+3,   1.668880E-1,   8.101196E-1,   1.549851E+3,   6.644138E-2,   3.004150E-1,   2.521302E+1,   6.190100E-3,   1.498476E+3,   3.964183E-2,   6.873226E+0,   1.757369E-4,   100,0,1,0
       1260,2026-09-28,10:24:44.228,         42,        301,   8.000000E+2,   8.000000E+3,   0.000000E+0,   0.000000E+0,   2.000000E+1,   0.000000E+0,   0.000000E+0,   0.000000E+0,   1.006038E+3,   4.738456E-2,   1.854858E-1,   1.549808E+3,   5.884338E-2,   3.118896E-1,   2.523800E+1,   5.705487E-3,   1.498495E+3,   1.189280E-2,   6.873345E+0,   1.561764E-4,   100,0,1,0
       1261,2026-09-28,10:26:44.230,         43,        301,   8.000000E+2,   8.000000E+3,   0.000000E+0,   0.000000E+0,   2.000000E+1,   0.000000E+0,   0.000000E+0,   0.000000E+0,   1.006067E+3,   5.261346E-2,   2.648315E-1,   1.549757E+3,   6.648951E-2,   3.482666E-1,   2.526165E+1,   5.780599E-3,   1.498507E+3,   1.204590E-2,   6.873488E+0,   1.761295E-4,   100,0,1,0
       1262,2026-09-28,10:28:44.232,         44,        301,   8.000000E+2,   8.000000E+3,   0.000000E+0,   0.000000E+0,   2.000000E+1,   0.000000E+0,   0.000000E+0,   0.000000E+0,   1.006138E+3,   2.593875E-2,   1.139526E-1,   1.549669E+3,   6.107705E-2,   2.672119E-1,   2.528601E+1,   5.743610E-3,   1.498529E+3,   6.896509E-3,   6.873727E+0,   1.622488E-4,   100,0,1,0
       1263,2026-09-28,10:30:44.234,         45,        301,   8.000000E+2,   8.000000E+3,   0.000000E+0,   0.000000E+0,   2.000000E+1,   0.000000E+0,   0.000000E+0,   0.000000E+0,   1.006133E+3,   4.531147E-2,   2.226563E-1,   1.549648E+3,   4.807270E-2,   2.258301E-1,   2.530942E+1,   5.805894E-3,   1.498533E+3,   1.062126E-2,   6.873789E+0,   1.270611E-4,   100,0,1,0
       1264,2026-09-28,10:32:44.236,         46,        301,   8.000000E+2,   8.000000E+3,   0.000000E+0,   0.000000E+0,   2.000000E+1,   0.000000E+0,   0.000000E+0,   0.000000E+0,   1.006097E+3,   1.179748E-1,   5.979614E-1,   1.549639E+3,   6.847679E-2,   3.603516E-1,   2.533269E+1,   5.171778E-3,   1.498529E+3,   2.855978E-2,   6.873819E+0,   1.816688E-4,   100,0,1,0
       1265,2026-09-28,10:34:44.238,         47,        301,   8.000000E+2,   8.000000E+3,   0.000000E+0,   0.000000E+0,   2.000000E+1,   0.000000E+0,   0.000000E+0,   0.000000E+0,   1.006095E+3,   1.070298E-1,   4.844971E-1,   1.549578E+3,   6.781776E-2,   2.716064E-1,   2.535383E+1,   5.475261E-3,   1.498533E+3,   2.645701E-2,   6.873986E+0,   1.799040E-4,   100,0,1,0
       1266,2026-09-28,10:36:44.240,         48,        301,   8.000000E+2,   8.000000E+3,   0.000000E+0,   0.000000E+0,   2.000000E+1,   0.000000E+0,   0.000000E+0,   0.000000E+0,   1.006159E+3,   3.736385E-2,   2.020264E-1,   1.549526E+3,   5.050640E-2,   2.342529E-1,   2.537619E+1,   5.599184E-3,   1.498553E+3,   9.115561E-3,   6.874131E+0,   1.339304E-4,   100,0,1,0
       1267,2026-09-28,10:38:44.242,         49,        301,   8.000000E+2,   8.000000E+3,   0.000000E+0,   0.000000E+0,   2.000000E+1,   0.000000E+0,   0.000000E+0,   0.000000E+0,   1.006177E+3,   5.606472E-2,   2.772827E-1,   1.549466E+3,   6.045847E-2,   2.689209E-1,   2.539854E+1,   5.323835E-3,   1.498562E+3,   1.368676E-2,   6.874294E+0,   1.603492E-4,   100,0,1,0
       1268,2026-09-28,10:40:44.244,         50,        301,   8.000000E+2,   8.000000E+3,   0.000000E+0,   0.000000E+0,   2.000000E+1,   0.000000E+0,   0.000000E+0,   0.000000E+0,   1.006105E+3,   7.255966E-2,   2.550659E-1,   1.549472E+3,   6.150356E-2,   2.727051E-1,   2.542046E+1,   5.332472E-3,   1.498549E+3,   1.768971E-2,   6.874284E+0,   1.631644E-4,   100,0,1,0
       1269,2026-09-28,10:42:44.246,         51,        301,   8.000000E+2,   8.000000E+3,   0.000000E+0,   0.000000E+0,   2.000000E+1,   0.000000E+0,   0.000000E+0,   0.000000E+0,   1.006182E+3,   4.665804E-2,   2.202148E-1,   1.549406E+3,   5.511300E-2,   2.742920E-1,   2.544203E+1,   5.063966E-3,   1.498572E+3,   1.192769E-2,   6.874466E+0,   1.462934E-4,   100,0,1,0
       1270,2026-09-28,10:44:44.249,         52,        301,   8.000000E+2,   8.000000E+3,   0.000000E+0,   0.000000E+0,   2.000000E+1,   0.000000E+0,   0.000000E+0,   0.000000E+0,   1.006209E+3,   3.124202E-2,   1.379395E-1,   1.549387E+3,   6.267037E-2,   3.115234E-1,   2.546299E+1,   4.955027E-3,   1.498583E+3,   7.601996E-3,   6.874523E+0,   1.660388E-4,   100,0,1,0
       1271,2026-09-28,10:46:44.251,         53,        301,   8.000000E+2,   8.000000E+3,   0.000000E+0,   0.000000E+0,   2.000000E+1,   0.000000E+0,   0.000000E+0,   0.000000E+0,   1.006240E+3,   1.840340E-2,   1.013184E-1,   1.549371E+3,   5.072532E-2,   2.178955E-1,   2.548539E+1,   5.656103E-3,   1.498595E+3,   4.487923E-3,   6.874570E+0,   1.344110E-4,   100,0,1,0
       1272,2026-09-28,10:48:44.253,         54,        301,   8.000000E+2,   8.000000E+3,   0.000000E+0,   0.000000E+0,   2.000000E+1,   0.000000E+0,   0.000000E+0,   0.000000E+0,   1.006220E+3,   3.737313E-2,   2.767944E-1,   1.549335E+3,   5.281819E-2,   2.315674E-1,   2.550553E+1,   4.615140E-3,   1.498594E+3,   9.434629E-3,   6.874670E+0,   1.403655E-4,   100,0,1,0
       1273,2026-09-28,10:50:44.255,         55,        301,   8.000000E+2,   8.000000E+3,   0.000000E+0,   0.000000E+0,   2.000000E+1,   0.000000E+0,   0.000000E+0,   0.000000E+0,   1.006205E+3,   1.005449E-1,   4.870605E-1,   1.549311E+3,   5.891279E-2,   3.891602E-1,   2.552597E+1,   4.643134E-3,   1.498595E+3,   2.395728E-2,   6.874741E+0,   1.562556E-4,   100,0,1,0
       1274,2026-09-28,10:52:44.257,         56,        301,   8.000000E+2,   8.000000E+3,   0.000000E+0,   0.000000E+0,   2.000000E+1,   0.000000E+0,   0.000000E+0,   0.000000E+0,   1.006198E+3,   1.279650E-1,   6.339722E-1,   1.549288E+3,   5.827856E-2,   2.680664E-1,   2.554558E+1,   4.643575E-3,   1.498597E+3,   3.110429E-2,   6.874805E+0,   1.547298E-4,   100,0,1,0
       1275,2026-09-28,10:54:44.259,         57,        301,   8.000000E+2,   8.000000E+3,   0.000000E+0,   0.000000E+0,   2.000000E+1,   0.000000E+0,   0.000000E+0,   0.000000E+0,   1.006245E+3,   3.833330E-2,   1.710205E-1,   1.549265E+3,   5.589332E-2,   3.089600E-1,   2.556561E+1,   5.081965E-3,   1.498613E+3,   9.122349E-3,   6.874874E+0,   1.484241E-4,   100,0,1,0
       1276,2026-09-28,10:56:44.261,         58,        301,   8.000000E+2,   8.000000E+3,   0.000000E+0,   0.000000E+0,   2.000000E+1,   0.000000E+0,   0.000000E+0,   0.000000E+0,   1.006281E+3,   3.646452E-2,   1.577759E-1,   1.549202E+3,   5.018937E-2,   2.558594E-1,   2.558582E+1,   5.043365E-3,   1.498625E+3,   8.999723E-3,   6.875047E+0,   1.333757E-4,   100,0,1,0
       1277,2026-09-28,10:58:44.263,         59,        301,   8.000000E+2,   8.000000E+3,   0.000000E+0,   0.000000E+0,   2.000000E+1,   0.000000E+0,   0.000000E+0,   0.000000E+0,   1.006300E+3,   2.227576E-2,   1.262817E-1,   1.549194E+3,   5.206741E-2,   2.604980E-1,   2.560684E+1,   4.864363E-3,   1.498634E+3,   5.748929E-3,   6.875072E+0,   1.381853E-4,   100,0,1,0
       1278,2026-09-28,11:00:44.266,         60,        301,   8.000000E+2,   8.000000E+3,   0.000000E+0,   0.000000E+0,   2.000000E+1,   0.000000E+0,   0.000000E+0,   0.000000E+0,   1.006240E+3,   6.299301E-2,   3.031616E-1,   1.549210E+3,   5.471160E-2,   2.426758E-1,   2.562691E+1,   4.938438E-3,   1.498624E+3,   1.503545E-2,   6.875036E+0,   1.445467E-4,   100,0,1,0
       1279,2026-09-28,11:02:44.268,         61,        301,   8.000000E+2,   8.000000E+3,   0.000000E+0,   0.000000E+0,   2.000000E+1,   0.000000E+0,   0.000000E+0,   0.000000E+0,   1.006296E+3,   3.021666E-2,   1.389771E-1,   1.549197E+3,   4.842312E-2,   2.077637E-1,   2.564782E+1,   5.221423E-3,   1.498642E+3,   7.300153E-3,   6.875075E+0,   1.280167E-4,   100,0,1,0
       1280,2026-09-28,11:04:44.270,         62,        301,   8.000000E+2,   8.000000E+3,   0.000000E+0,   0.000000E+0,   2.000000E+1,   0.000000E+0,   0.000000E+0,   0.000000E+0,   1.006290E+3,   3.174622E-2,   1.715698E-1,   1.549193E+3,   5.315228E-2,   2.740479E-1,   2.566773E+1,   4.237020E-3,   1.498644E+3,   7.815953E-3,   6.875093E+0,   1.410829E-4,   100,0,1,0
       1281,2026-09-28,11:06:44.272,         63,        301,   8.000000E+2,   8.000000E+3,   0.000000E+0,   0.000000E+0,   2.000000E+1,   0.000000E+0,   0.000000E+0,   0.000000E+0,   1.006273E+3,   2.942008E-2,   1.226196E-1,   1.549185E+3,   4.907040E-2,   2.578125E-1,   2.568707E+1,   5.209703E-3,   1.498644E+3,   7.064339E-3,   6.875119E+0,   1.297656E-4,   100,0,1,0
       1282,2026-09-28,11:08:44.274,         64,        301,   8.000000E+2,   8.000000E+3,   0.000000E+0,   0.000000E+0,   2.000000E+1,   0.000000E+0,   0.000000E+0,   0.000000E+0,   1.006293E+3,   3.928640E-2,   1.732788E-1,   1.549162E+3,   5.784569E-2,   2.441406E-1,   2.570849E+1,   4.812890E-3,   1.498654E+3,   9.812029E-3,   6.875185E+0,   1.538650E-4,   100,0,1,0
       1283,2026-09-28,11:10:44.276,         65,        301,   8.000000E+2,   8.000000E+3,   0.000000E+0,   0.000000E+0,   2.000000E+1,   0.000000E+0,   0.000000E+0,   0.000000E+0,   1.006310E+3,   2.808632E-2,   1.315308E-1,   1.549176E+3,   5.460067E-2,   3.138428E-1,   2.572886E+1,   4.775365E-3,   1.498662E+3,   6.867461E-3,   6.875154E+0,   1.444887E-4,   100,0,1,0
       1284,2026-09-28,11:12:44.278,         66,        301,   8.000000E+2,   8.000000E+3,   0.000000E+0,   0.000000E+0,   2.000000E+1,   0.000000E+0,   0.000000E+0,   0.000000E+0,   1.006341E+3,   2.057191E-2,   1.019287E-1,   1.549152E+3,   5.041532E-2,   2.388916E-1,   2.574948E+1,   4.812724E-3,   1.498674E+3,   5.556773E-3,   6.875224E+0,   1.339980E-4,   100,0,1,0
       1285,2026-09-28,11:14:44.280,         67,        301,   8.000000E+2,   8.000000E+3,   0.000000E+0,   0.000000E+0,   2.000000E+1,   0.000000E+0,   0.000000E+0,   0.000000E+0,   1.006341E+3,   8.786315E-2,   5.251465E-1,   1.549123E+3,   4.451458E-2,   2.330322E-1,   2.576902E+1,   4.645416E-3,   1.498678E+3,   2.119181E-2,   6.875306E+0,   1.179211E-4,   100,0,1,0
       1286,2026-09-28,11:16:44.282,         68,        301,   8.000000E+2,   8.000000E+3,   0.000000E+0,   0.000000E+0,   2.000000E+1,   0.000000E+0,   0.000000E+0,   0.000000E+0,   1.006337E+3,   4.938081E-2,   2.293701E-1,   1.549056E+3,   4.858259E-2,   2.196045E-1,   2.578777E+1,   4.988943E-3,   1.498681E+3,   1.198978E-2,   6.875489E+0,   1.284797E-4,   100,0,1,0
       1287,2026-09-28,11:18:44.284,         69,        301,   8.000000E+2,   8.000000E+3,   0.000000E+0,   0.000000E+0,   2.000000E+1,   0.000000E+0,   0.000000E+0,   0.000000E+0,   1.006343E+3,   3.479971E-2,   1.878052E-1,   1.549064E+3,   5.069879E-2,   2.197266E-1,   2.580660E+1,   4.314857E-3,   1.498686E+3,   8.682545E-3,   6.875472E+0,   1.346178E-4,   100,0,1,0
       1288,2026-09-28,11:20:44.286,         70,        301,   8.000000E+2,   8.000000E+3,   0.000000E+0,   0.000000E+0,   2.000000E+1,   0.000000E+0,   0.000000E+0,   0.000000E+0,   1.006345E+3,   3.443808E-2,   1.618652E-1,   1.549068E+3,   4.706191E-2,   2.338867E-1,   2.582592E+1,   4.988858E-3,   1.498690E+3,   8.517701E-3,   6.875468E+0,   1.247316E-4,   100,0,1,0
       1289,2026-09-28,11:22:44.288,         71,        301,   8.000000E+2,   8.000000E+3,   0.000000E+0,   0.000000E+0,   2.000000E+1,   0.000000E+0,   0.000000E+0,   0.000000E+0,   1.006391E+3,   2.701377E-2,   1.348877E-1,   1.549009E+3,   5.176597E-2,   2.478027E-1,   2.584420E+1,   4.151438E-3,   1.498705E+3,   6.884779E-3,   6.875627E+0,   1.375033E-4,   100,0,1,0
       1290,2026-09-28,11:24:44.290,         72,        301,   8.000000E+2,   8.000000E+3,   0.000000E+0,   0.000000E+0,   2.000000E+1,   0.000000E+0,   0.000000E+0,   0.000000E+0,   1.006421E+3,   2.187560E-2,   1.006470E-1,   1.548948E+3,   4.868082E-2,   2.431641E-1,   2.586169E+1,   4.533249E-3,   1.498716E+3,   5.729687E-3,   6.875794E+0,   1.295200E-4,   100,0,1,0
       1291,2026-09-28,11:26:44.292,         73,        301,   8.000000E+2,   8.000000E+3,   0.000000E+0,   0.000000E+0,   2.000000E+1,   0.000000E+0,   0.000000E+0,   0.000000E+0,   1.006409E+3,   6.699210E-2,   3.062134E-1,   1.548918E+3,   5.009012E-2,   2.521973E-1,   2.588125E+1,   4.843306E-3,   1.498717E+3,   1.552763E-2,   6.875878E+0,   1.326408E-4,   100,0,1,0
       1292,2026-09-28,11:28:44.294,         74,        301,   8.000000E+2,   8.000000E+3,   0.000000E+0,   0.000000E+0,   2.000000E+1,   0.000000E+0,   0.000000E+0,   0.000000E+0,   1.006389E+3,   8.004450E-2,   4.072266E-1,   1.548929E+3,   5.030008E-2,   2.166748E-1,   2.590085E+1,   4.495158E-3,   1.498716E+3,   1.948129E-2,   6.875856E+0,   1.329493E-4,   100,0,1,0
       1293,2026-09-28,11:30:44.296,         75,        301,   8.000000E+2,   8.000000E+3,   0.000000E+0,   0.000000E+0,   2.000000E+1,   0.000000E+0,   0.000000E+0,   0.000000E+0,   1.006395E+3,   3.238663E-2,   1.412964E-1,   1.548913E+3,   4.754678E-2,   2.047119E-1,   2.591786E+1,   4.263849E-3,   1.498721E+3,   7.475980E-3,   6.875901E+0,   1.263745E-4,   100,0,1,0
       1294,2026-09-28,11:32:44.298,         76,        301,   8.000000E+2,   8.000000E+3,   0.000000E+0,   0.000000E+0,   2.000000E+1,   0.000000E+0,   0.000000E+0,   0.000000E+0,   1.006416E+3,   3.206348E-2,   1.378174E-1,   1.548902E+3,   4.050180E-2,   2.185059E-1,   2.593594E+1,   3.974714E-3,   1.498730E+3,   7.980193E-3,   6.875936E+0,   1.076431E-4,   100,0,1,0
       1295,2026-09-28,11:40:46.664,         77,        300,   8.000000E+2,   8.000000E+3,   0.000000E+0,   0.000000E+0,   2.000000E+1,   0.000000E+0,   0.000000E+0,   0.000000E+0,   1.006472E+3,   2.303128E-2,   9.429932E-2,   1.548836E+3,   4.240686E-2,   2.410889E-1,   2.600841E+1,   4.358402E-3,   1.498758E+3,   5.585485E-3,   6.876131E+0,   1.125642E-4,   100,0,1,0
       1296,2026-09-28,11:42:46.667,         78,        300,   8.000000E+2,   8.000000E+3,   0.000000E+0,   0.000000E+0,   2.000000E+1,   0.000000E+0,   0.000000E+0,   0.000000E+0,   1.006450E+3,   3.536714E-2,   1.768188E-1,   1.548875E+3,   5.153021E-2,   2.534180E-1,   2.602636E+1,   4.484227E-3,   1.498757E+3,   8.432672E-3,   6.876034E+0,   1.361391E-4,   100,0,1,0
       1297,2026-09-28,11:44:46.668,         79,        300,   8.000000E+2,   8.000000E+3,   0.000000E+0,   0.000000E+0,   2.000000E+1,   0.000000E+0,   0.000000E+0,   0.000000E+0,   1.006338E+3,   1.147897E-1,   5.615845E-1,   1.548904E+3,   4.844020E-2,   2.656250E-1,   2.604403E+1,   4.183028E-3,   1.498734E+3,   2.747370E-2,   6.875961E+0,   1.282798E-4,   100,0,1,0
       1298,2026-09-28,11:46:46.670,         80,        300,   8.000000E+2,   8.000000E+3,   0.000000E+0,   0.000000E+0,   2.000000E+1,   0.000000E+0,   0.000000E+0,   0.000000E+0,   1.006419E+3,   5.863747E-2,   2.631836E-1,   1.548869E+3,   4.857939E-2,   2.546387E-1,   2.606126E+1,   4.282859E-3,   1.498757E+3,   1.430192E-2,   6.876060E+0,   1.291267E-4,   100,0,1,0
       1299,2026-09-28,11:48:46.673,         81,        300,   8.000000E+2,   8.000000E+3,   0.000000E+0,   0.000000E+0,   2.000000E+1,   0.000000E+0,   0.000000E+0,   0.000000E+0,   1.006457E+3,   2.083187E-2,   1.202393E-1,   1.548872E+3,   4.409539E-2,   2.260742E-1,   2.607770E+1,   3.924567E-3,   1.498769E+3,   4.836147E-3,   6.876056E+0,   1.170748E-4,   100,0,1,0
       1300,2026-09-28,11:50:46.674,         82,        300,   8.000000E+2,   8.000000E+3,   0.000000E+0,   0.000000E+0,   2.000000E+1,   0.000000E+0,   0.000000E+0,   0.000000E+0,   1.006457E+3,   3.750763E-2,   1.816406E-1,   1.548868E+3,   4.398993E-2,   2.203369E-1,   2.609447E+1,   3.884755E-3,   1.498773E+3,   8.595590E-3,   6.876071E+0,   1.165287E-4,   100,0,1,0
       1301,2026-09-28,11:52:46.676,         83,        300,   8.000000E+2,   8.000000E+3,   0.000000E+0,   0.000000E+0,   2.000000E+1,   0.000000E+0,   0.000000E+0,   0.000000E+0,   1.006477E+3,   2.664154E-2,   9.533691E-2,   1.548831E+3,   4.052104E-2,   2.215576E-1,   2.611057E+1,   3.880440E-3,   1.498781E+3,   6.076082E-3,   6.876172E+0,   1.072278E-4,   100,0,1,0
       1302,2026-09-28,11:54:46.678,         84,        300,   8.000000E+2,   8.000000E+3,   0.000000E+0,   0.000000E+0,   2.000000E+1,   0.000000E+0,   0.000000E+0,   0.000000E+0,   1.006520E+3,   1.976570E-2,   1.010742E-1,   1.548778E+3,   4.041830E-2,   1.929932E-1,   2.612758E+1,   4.077905E-3,   1.498795E+3,   4.887159E-3,   6.876318E+0,   1.072370E-4,   100,0,1,0
       1303,2026-09-28,11:56:46.680,         85,        300,   8.000000E+2,   8.000000E+3,   0.000000E+0,   0.000000E+0,   2.000000E+1,   0.000000E+0,   0.000000E+0,   0.000000E+0,   1.006510E+3,   2.063956E-2,   1.000366E-1,   1.548766E+3,   3.839325E-2,   1.877441E-1,   2.614272E+1,   3.293654E-3,   1.498795E+3,   4.920288E-3,   6.876355E+0,   1.018291E-4,   100,0,1,0
       1304,2026-09-28,11:58:46.682,         86,        300,   8.000000E+2,   8.000000E+3,   0.000000E+0,   0.000000E+0,   2.000000E+1,   0.000000E+0,   0.000000E+0,   0.000000E+0,   1.006490E+3,   4.798315E-2,   2.254639E-1,   1.548736E+3,   4.089136E-2,   2.282715E-1,   2.615766E+1,   3.588643E-3,   1.498794E+3,   1.137943E-2,   6.876438E+0,   1.084083E-4,   100,0,1,0
       1305,2026-09-28,12:00:46.684,         87,        300,   8.000000E+2,   8.000000E+3,   0.000000E+0,   0.000000E+0,   2.000000E+1,   0.000000E+0,   0.000000E+0,   0.000000E+0,   1.006517E+3,   2.099103E-2,   9.301758E-2,   1.548711E+3,   3.824667E-2,   1.783447E-1,   2.617328E+1,   4.068989E-3,   1.498803E+3,   4.826061E-3,   6.876508E+0,   1.016378E-4,   100,0,1,0
       1306,2026-09-28,12:02:46.686,         88,        300,   8.000000E+2,   8.000000E+3,   0.000000E+0,   0.000000E+0,   2.000000E+1,   0.000000E+0,   0.000000E+0,   0.000000E+0,   1.006537E+3,   3.105779E-2,   1.412964E-1,   1.548670E+3,   3.768657E-2,   2.114258E-1,   2.618887E+1,   3.657915E-3,   1.498812E+3,   7.286931E-3,   6.876620E+0,   9.974420E-5,   100,0,1,0
       1307,2026-09-28,12:04:46.688,         89,        300,   8.000000E+2,   8.000000E+3,   0.000000E+0,   0.000000E+0,   2.000000E+1,   0.000000E+0,   0.000000E+0,   0.000000E+0,   1.006553E+3,   2.124395E-2,   8.819580E-2,   1.548652E+3,   3.697740E-2,   1.884766E-1,   2.620436E+1,   3.739615E-3,   1.498818E+3,   4.757668E-3,   6.876672E+0,   9.815564E-5,   100,0,1,0
       1308,2026-09-28,12:06:46.690,         90,        300,   8.000000E+2,   8.000000E+3,   0.000000E+0,   0.000000E+0,   2.000000E+1,   0.000000E+0,   0.000000E+0,   0.000000E+0,   1.006506E+3,   2.548107E-2,   1.178589E-1,   1.548729E+3,   4.266642E-2,   1.907959E-1,   2.621886E+1,   4.175818E-3,   1.498810E+3,   5.945195E-3,   6.876472E+0,   1.131376E-4,   100,0,1,0
       1309,2026-09-28,12:09:00.030,         91,        300,   8.000000E+2,   8.000000E+3,   0.000000E+0,   0.000000E+0,   2.000000E+1,   0.000000E+0,   0.000000E+0,   0.000000E+0,   1.006518E+3,   2.255721E-2,   9.625244E-2,   1.548648E+3,   5.162708E-2,   2.142334E-1,   2.623867E+1,   3.872021E-3,   1.498817E+3,   6.065466E-3,   6.876693E+0,   1.375024E-4,   100,1,1,1
       1310,2026-09-28,12:11:00.032,         92,        300,   8.000000E+2,   8.000000E+3,   0.000000E+0,   0.000000E+0,   2.000000E+1,   0.000000E+0,   0.000000E+0,   0.000000E+0,   1.006544E+3,   1.768430E-2,   7.763672E-2,   1.548578E+3,   4.283920E-2,   2.382813E-1,   2.625353E+1,   3.237307E-3,   1.498827E+3,   4.593540E-3,   6.876881E+0,   1.140634E-4,   100,1,1,1
       1311,2026-09-28,12:13:00.034,         93,        300,   8.000000E+2,   8.000000E+3,   0.000000E+0,   0.000000E+0,   2.000000E+1,   0.000000E+0,   0.000000E+0,   0.000000E+0,   1.006566E+3,   3.543452E-2,   1.887817E-1,   1.548474E+3,   4.253439E-2,   2.055664E-1,   2.626837E+1,   3.655421E-3,   1.498835E+3,   8.616303E-3,   6.877161E+0,   1.133796E-4,   100,0,1,0
       1312,2026-09-28,12:15:00.036,         94,        300,   8.000000E+2,   8.000000E+3,   0.000000E+0,   0.000000E+0,   2.000000E+1,   0.000000E+0,   0.000000E+0,   0.000000E+0,   1.006577E+3,   2.715709E-2,   1.514893E-1,   1.548402E+3,   3.608750E-2,   1.982422E-1,   2.628419E+1,   4.028021E-3,   1.498841E+3,   6.261087E-3,   6.877357E+0,   9.589524E-5,   100,0,1,0
       1313,2026-09-28,12:17:00.038,         95,        300,   8.000000E+2,   8.000000E+3,   0.000000E+0,   0.000000E+0,   2.000000E+1,   0.000000E+0,   0.000000E+0,   0.000000E+0,   1.006602E+3,   2.442626E-2,   1.260986E-1,   1.548336E+3,   3.897166E-2,   1.746826E-1,   2.630042E+1,   3.777658E-3,   1.498850E+3,   6.481791E-3,   6.877536E+0,   1.037826E-4,   100,0,1,0
       1314,2026-09-28,12:19:00.040,         96,        300,   8.000000E+2,   8.000000E+3,   0.000000E+0,   0.000000E+0,   2.000000E+1,   0.000000E+0,   0.000000E+0,   0.000000E+0,   1.006599E+3,   2.964556E-2,   1.950073E-1,   1.548276E+3,   3.509464E-2,   1.578369E-1,   2.631533E+1,   3.493925E-3,   1.498852E+3,   7.409012E-3,   6.877699E+0,   9.337985E-5,   100,0,1,0
       1315,2026-09-28,12:21:00.042,         97,        300,   8.000000E+2,   8.000000E+3,   0.000000E+0,   0.000000E+0,   2.000000E+1,   0.000000E+0,   0.000000E+0,   0.000000E+0,   1.006614E+3,   2.643176E-2,   1.140137E-1,   1.548241E+3,   3.837756E-2,   1.872559E-1,   2.632849E+1,   3.137386E-3,   1.498859E+3,   6.636529E-3,   6.877796E+0,   1.020135E-4,   100,0,1,0
       1316,2026-09-28,12:23:00.044,         98,        300,   8.000000E+2,   8.000000E+3,   0.000000E+0,   0.000000E+0,   2.000000E+1,   0.000000E+0,   0.000000E+0,   0.000000E+0,   1.006597E+3,   5.917862E-2,   2.858276E-1,   1.548229E+3,   3.196874E-2,   1.547852E-1,   2.634253E+1,   3.153273E-3,   1.498858E+3,   1.427090E-2,   6.877833E+0,   8.452446E-5,   100,0,1,0
       1317,2026-09-28,12:25:00.046,         99,        300,   8.000000E+2,   8.000000E+3,   0.000000E+0,   0.000000E+0,   2.000000E+1,   0.000000E+0,   0.000000E+0,   0.000000E+0,   1.006590E+3,   3.203561E-2,   1.566162E-1,   1.548196E+3,   3.526273E-2,   2.028809E-1,   2.635548E+1,   3.287316E-3,   1.498859E+3,   7.801299E-3,   6.877923E+0,   9.383689E-5,   100,0,1,0
       1318,2026-09-28,12:27:00.048,        100,        300,   8.000000E+2,   8.000000E+3,   0.000000E+0,   0.000000E+0,   2.000000E+1,   0.000000E+0,   0.000000E+0,   0.000000E+0,   1.006622E+3,   3.291374E-2,   1.279297E-1,   1.548178E+3,   3.253629E-2,   1.906738E-1,   2.637058E+1,   4.029623E-3,   1.498870E+3,   8.023078E-3,   6.877976E+0,   8.641765E-5,   100,0,1,0
       1319,2026-09-28,12:29:00.050,        101,        300,   8.000000E+2,   8.000000E+3,   0.000000E+0,   0.000000E+0,   2.000000E+1,   0.000000E+0,   0.000000E+0,   0.000000E+0,   1.006643E+3,   2.867231E-2,   1.191406E-1,   1.548140E+3,   3.016278E-2,   1.500244E-1,   2.638750E+1,   4.261585E-3,   1.498878E+3,   6.915576E-3,   6.878080E+0,   7.998045E-5,   100,0,1,0
       1320,2026-09-28,12:34:04.243,        102,        300,   8.000000E+2,   8.000000E+3,   0.000000E+0,   0.000000E+0,   2.000000E+1,   0.000000E+0,   0.000000E+0,   0.000000E+0,   1.006647E+3,   1.787284E-2,   9.356689E-2,   1.548167E+3,   3.010178E-2,   1.418457E-1,   2.642550E+1,   3.547854E-3,   1.498887E+3,   4.474133E-3,   6.878018E+0,   7.950707E-5,   100,1,1,1
       1321,2026-09-28,12:36:04.245,        103,        300,   8.000000E+2,   8.000000E+3,   0.000000E+0,   0.000000E+0,   2.000000E+1,   0.000000E+0,   0.000000E+0,   0.000000E+0,   1.006649E+3,   6.392847E-2,   3.056030E-1,   1.548153E+3,   3.267663E-2,   1.645508E-1,   2.643844E+1,   3.247130E-3,   1.498890E+3,   1.482920E-2,   6.878061E+0,   8.701049E-5,   100,0,1,0
       1322,2026-09-28,12:38:04.247,        104,        300,   8.000000E+2,   8.000000E+3,   0.000000E+0,   0.000000E+0,   2.000000E+1,   0.000000E+0,   0.000000E+0,   0.000000E+0,   1.006656E+3,   1.818744E-2,   8.105469E-2,   1.548151E+3,   3.104916E-2,   1.705322E-1,   2.645229E+1,   3.358473E-3,   1.498894E+3,   4.050152E-3,   6.878070E+0,   8.220108E-5,   100,1,1,1
       1323,2026-09-28,12:40:04.249,        105,        300,   8.000000E+2,   8.000000E+3,   0.000000E+0,   0.000000E+0,   2.000000E+1,   0.000000E+0,   0.000000E+0,   0.000000E+0,   1.006621E+3,   8.920147E-2,   4.550171E-1,   1.548189E+3,   3.684833E-2,   2.049561E-1,   2.646680E+1,   3.706148E-3,   1.498889E+3,   2.159093E-2,   6.877973E+0,   9.765113E-5,   100,0,1,0
       1324,2026-09-28,12:42:04.251,        106,        300,   8.000000E+2,   8.000000E+3,   0.000000E+0,   0.000000E+0,   2.000000E+1,   0.000000E+0,   0.000000E+0,   0.000000E+0,   1.006635E+3,   1.714381E-2,   8.239746E-2,   1.548150E+3,   3.202135E-2,   1.678467E-1,   2.648203E+1,   3.912271E-3,   1.498896E+3,   4.375872E-3,   6.878081E+0,   8.496994E-5,   100,1,1,1
       1325,2026-09-28,12:44:04.253,        107,        300,   8.000000E+2,   8.000000E+3,   0.000000E+0,   0.000000E+0,   2.000000E+1,   0.000000E+0,   0.000000E+0,   0.000000E+0,   1.006661E+3,   1.268717E-2,   6.408691E-2,   1.548146E+3,   3.112755E-2,   1.572266E-1,   2.649751E+1,   3.931504E-3,   1.498905E+3,   3.417484E-3,   6.878097E+0,   8.314064E-5,   100,1,1,1
       1326,2026-09-28,12:46:04.255,        108,        300,   8.000000E+2,   8.000000E+3,   0.000000E+0,   0.000000E+0,   2.000000E+1,   0.000000E+0,   0.000000E+0,   0.000000E+0,   1.006659E+3,   1.579677E-2,   7.598877E-2,   1.548139E+3,   2.843628E-2,   1.302490E-1,   2.651385E+1,   2.894462E-3,   1.498908E+3,   3.984720E-3,   6.878119E+0,   7.562166E-5,   100,1,1,1
       1327,2026-09-28,12:48:04.257,        109,        300,   8.000000E+2,   8.000000E+3,   0.000000E+0,   0.000000E+0,   2.000000E+1,   0.000000E+0,   0.000000E+0,   0.000000E+0,   1.006618E+3,   6.105896E-2,   1.488647E-1,   1.548058E+3,   1.082101E-1,   4.108887E-1,   2.652950E+1,   4.780138E-3,   1.498901E+3,   1.386621E-2,   6.878336E+0,   2.881806E-4,   100,0,1,0
       1328,2026-09-28,12:50:04.259,        110,        300,   8.000000E+2,   8.000000E+3,   0.000000E+0,   0.000000E+0,   2.000000E+1,   0.000000E+0,   0.000000E+0,   0.000000E+0,   1.007408E+3,   4.493703E-1,   1.136230E+0,   1.546543E+3,   5.449765E-1,   1.485840E+0,   2.649837E+1,   2.505345E-2,   1.499083E+3,   1.013748E-1,   6.882353E+0,   1.441670E-3,   100,0,1,0
       1329,2026-09-28,12:52:04.261,        111,        300,   8.000000E+2,   8.000000E+3,   0.000000E+0,   0.000000E+0,   2.000000E+1,   0.000000E+0,   0.000000E+0,   0.000000E+0,   1.007662E+3,   6.097568E-3,   2.825928E-2,   1.546201E+3,   2.113579E-2,   8.532715E-2,   2.646490E+1,   5.673771E-3,   1.499140E+3,   2.034524E-3,   6.883254E+0,   5.553228E-5,   100,1,1,1
       1330,2026-09-28,12:54:04.263,        112,        300,   8.000000E+2,   8.000000E+3,   0.000000E+0,   0.000000E+0,   2.000000E+1,   0.000000E+0,   0.000000E+0,   0.000000E+0,   1.007480E+3,   2.146348E-2,   7.348633E-2,   1.546066E+3,   1.319382E-2,   4.870605E-2,   2.646980E+1,   7.290132E-3,   1.499099E+3,   1.799747E-3,   6.883613E+0,   3.311738E-5,   100,1,1,1
       1331,2026-09-28,12:56:04.265,        113,        300,   8.000000E+2,   8.000000E+3,   0.000000E+0,   0.000000E+0,   2.000000E+1,   0.000000E+0,   0.000000E+0,   0.000000E+0,   1.007415E+3,   1.061116E-2,   3.601074E-2,   1.546129E+3,   1.704369E-2,   5.773926E-2,   2.650619E+1,   1.017945E-2,   1.499097E+3,   2.246816E-4,   6.883456E+0,   4.255067E-5,   100,1,1,1
       1332,2026-09-28,12:58:04.268,        114,        300,   8.000000E+2,   8.000000E+3,   0.000000E+0,   0.000000E+0,   2.000000E+1,   0.000000E+0,   0.000000E+0,   0.000000E+0,   1.007377E+3,   8.052258E-3,   2.783203E-2,   1.546202E+3,   1.859720E-2,   6.384277E-2,   2.655120E+1,   1.155549E-2,   1.499097E+3,   1.631068E-4,   6.883274E+0,   4.629216E-5,   100,1,1,1
       1333,2026-09-28,13:31:57.374,        115,        302,   8.000000E+2,   8.000000E+3,   0.000000E+0,   0.000000E+0,   2.000000E+1,   0.000000E+0,   0.000000E+0,   0.000000E+0,   1.005963E+3,   6.098439E-2,   2.706909E-1,   1.540949E+3,   2.126343E+0,   5.980347E+0,   2.393329E+1,   2.377804E-2,   1.498234E+3,   1.442042E-2,   6.896587E+0,   5.693657E-3,   100,0,1,0
       1334,2026-09-28,13:33:57.375,        116,        302,   8.000000E+2,   8.000000E+3,   0.000000E+0,   0.000000E+0,   2.000000E+1,   0.000000E+0,   0.000000E+0,   0.000000E+0,   1.005251E+3,   4.295394E-1,   2.124146E+0,   1.546289E+3,   1.705355E+0,   9.721436E+0,   2.393594E+1,   1.418071E-1,   1.498044E+3,   1.160902E-1,   6.882333E+0,   4.557206E-3,   100,0,1,0
       1335,2026-09-28,13:35:57.377,        117,        302,   8.000000E+2,   8.000000E+3,   0.000000E+0,   0.000000E+0,   2.000000E+1,   0.000000E+0,   0.000000E+0,   0.000000E+0,   1.005963E+3,   1.211296E-1,   5.354614E-1,   1.544584E+3,   4.110931E-1,   1.563843E+0,   2.382704E+1,   6.227713E-3,   1.498190E+3,   2.830126E-2,   6.886837E+0,   1.094033E-3,   100,0,1,0
       1336,2026-09-28,13:37:57.379,        118,        302,   8.000000E+2,   8.000000E+3,   0.000000E+0,   0.000000E+0,   2.000000E+1,   0.000000E+0,   0.000000E+0,   0.000000E+0,   1.006277E+3,   1.004790E-1,   4.713135E-1,   1.543298E+3,   2.209523E-1,   9.033203E-1,   2.382010E+1,   2.943019E-3,   1.498264E+3,   2.471506E-2,   6.890266E+0,   5.906502E-4,   100,0,1,0
       1337,2026-09-28,13:39:57.381,        119,        302,   8.000000E+2,   8.000000E+3,   0.000000E+0,   0.000000E+0,   2.000000E+1,   0.000000E+0,   0.000000E+0,   0.000000E+0,   1.006456E+3,   7.157718E-2,   2.950439E-1,   1.542609E+3,   1.654027E-1,   7.286377E-1,   2.383792E+1,   5.124533E-3,   1.498310E+3,   1.716719E-2,   6.892113E+0,   4.430478E-4,   100,0,1,0
       1338,2026-09-28,13:41:57.383,        120,        302,   8.000000E+2,   8.000000E+3,   0.000000E+0,   0.000000E+0,   2.000000E+1,   0.000000E+0,   0.000000E+0,   0.000000E+0,   1.006587E+3,   5.072790E-2,   2.331543E-1,   1.542184E+3,   1.176791E-1,   5.251465E-1,   2.386118E+1,   6.611914E-3,   1.498346E+3,   1.255665E-2,   6.893255E+0,   3.158473E-4,   100,0,1,0
       1339,2026-09-28,13:43:57.385,        121,        302,   8.000000E+2,   8.000000E+3,   0.000000E+0,   0.000000E+0,   2.000000E+1,   0.000000E+0,   0.000000E+0,   0.000000E+0,   1.006648E+3,   1.450954E-1,   5.130005E-1,   1.541832E+3,   1.508668E-1,   6.676025E-1,   2.389626E+1,   9.741664E-3,   1.498368E+3,   3.641987E-2,   6.894205E+0,   4.054442E-4,   100,0,1,0
       1340,2026-09-28,13:45:57.387,        122,        302,   8.000000E+2,   8.000000E+3,   0.000000E+0,   0.000000E+0,   2.000000E+1,   0.000000E+0,   0.000000E+0,   0.000000E+0,   1.006734E+3,   1.038713E-1,   4.117432E-1,   1.541562E+3,   1.222360E-1,   6.392822E-1,   2.393640E+1,   9.360653E-3,   1.498397E+3,   2.550858E-2,   6.894939E+0,   3.289352E-4,   100,0,1,0
       1341,2026-09-28,13:47:57.389,        123,        302,   8.000000E+2,   8.000000E+3,   0.000000E+0,   0.000000E+0,   2.000000E+1,   0.000000E+0,   0.000000E+0,   0.000000E+0,   1.006759E+3,   9.072851E-2,   4.028320E-1,   1.541427E+3,   9.952729E-2,   5.117187E-1,   2.397955E+1,   1.208191E-2,   1.498411E+3,   2.217655E-2,   6.895312E+0,   2.665452E-4,   100,0,1,0
       1342,2026-09-28,13:49:57.391,        124,        302,   8.000000E+2,   8.000000E+3,   0.000000E+0,   0.000000E+0,   2.000000E+1,   0.000000E+0,   0.000000E+0,   0.000000E+0,   1.006813E+3,   8.436523E-2,   3.925781E-1,   1.541321E+3,   9.508058E-2,   6.057129E-1,   2.403242E+1,   1.271908E-2,   1.498436E+3,   2.029275E-2,   6.895609E+0,   2.554752E-4,   100,0,1,0
       1343,2026-09-28,13:51:57.393,        125,        302,   8.000000E+2,   8.000000E+3,   0.000000E+0,   0.000000E+0,   2.000000E+1,   0.000000E+0,   0.000000E+0,   0.000000E+0,   1.006762E+3,   9.129981E-2,   3.987427E-1,   1.541270E+3,   1.147974E-1,   5.227051E-1,   2.408345E+1,   1.255612E-2,   1.498433E+3,   2.295412E-2,   6.895761E+0,   3.082554E-4,   100,0,1,0
       1344,2026-09-28,13:53:57.395,        126,        302,   8.000000E+2,   8.000000E+3,   0.000000E+0,   0.000000E+0,   2.000000E+1,   0.000000E+0,   0.000000E+0,   0.000000E+0,   1.007016E+3,   3.199592E-1,   1.275635E+0,   1.540865E+3,   5.401534E-1,   1.607544E+0,   2.414159E+1,   1.479177E-2,   1.498506E+3,   7.875249E-2,   6.896861E+0,   1.449907E-3,   100,0,1,0
       1345,2026-09-28,13:55:57.397,        127,        302,   8.000000E+2,   8.000000E+3,   0.000000E+0,   0.000000E+0,   2.000000E+1,   0.000000E+0,   0.000000E+0,   0.000000E+0,   1.006761E+3,   2.553978E-1,   1.175110E+0,   1.541228E+3,   2.297380E-1,   1.179688E+0,   2.419979E+1,   1.353719E-2,   1.498457E+3,   6.306866E-2,   6.895905E+0,   6.174062E-4,   100,0,1,0
       1346,2026-09-28,13:57:57.399,        128,        302,   8.000000E+2,   8.000000E+3,   0.000000E+0,   0.000000E+0,   2.000000E+1,   0.000000E+0,   0.000000E+0,   0.000000E+0,   1.006971E+3,   7.797252E-2,   3.074951E-1,   1.541090E+3,   1.241570E-1,   6.385498E-1,   2.425844E+1,   1.501316E-2,   1.498520E+3,   1.868967E-2,   6.896289E+0,   3.312606E-4,   100,0,1,0
       1347,2026-09-28,13:59:57.401,        129,        302,   8.000000E+2,   8.000000E+3,   0.000000E+0,   0.000000E+0,   2.000000E+1,   0.000000E+0,   0.000000E+0,   0.000000E+0,   1.007029E+3,   1.403662E-1,   6.336060E-1,   1.541016E+3,   1.232988E-1,   7.125244E-1,   2.432041E+1,   1.486532E-2,   1.498546E+3,   3.302806E-2,   6.896506E+0,   3.313732E-4,   100,0,1,0
       1348,2026-09-28,14:01:57.403,        130,        302,   8.000000E+2,   8.000000E+3,   0.000000E+0,   0.000000E+0,   2.000000E+1,   0.000000E+0,   0.000000E+0,   0.000000E+0,   1.007212E+3,   7.433619E-2,   3.845825E-1,   1.540901E+3,   1.088879E-1,   5.064697E-1,   2.438090E+1,   1.515081E-2,   1.498603E+3,   1.998465E-2,   6.896830E+0,   2.935957E-4,   100,0,1,0
       1349,2026-09-28,14:03:57.405,        131,        302,   8.000000E+2,   8.000000E+3,   0.000000E+0,   0.000000E+0,   2.000000E+1,   0.000000E+0,   0.000000E+0,   0.000000E+0,   1.007143E+3,   1.635634E-1,   7.114258E-1,   1.540865E+3,   1.112190E-1,   6.145020E-1,   2.444504E+1,   1.531375E-2,   1.498599E+3,   3.818944E-2,   6.896943E+0,   2.985108E-4,   100,0,1,0
       1350,2026-09-28,14:05:57.407,        132,        302,   8.000000E+2,   8.000000E+3,   0.000000E+0,   0.000000E+0,   2.000000E+1,   0.000000E+0,   0.000000E+0,   0.000000E+0,   1.007323E+3,   1.005704E-1,   4.693604E-1,   1.540746E+3,   1.016860E-1,   5.115967E-1,   2.450734E+1,   1.521194E-2,   1.498655E+3,   2.560536E-2,   6.897280E+0,   2.713006E-4,   100,0,1,0
       1351,2026-09-28,14:07:57.409,        133,        302,   8.000000E+2,   8.000000E+3,   0.000000E+0,   0.000000E+0,   2.000000E+1,   0.000000E+0,   0.000000E+0,   0.000000E+0,   1.007310E+3,   1.053139E-1,   3.905640E-1,   1.540761E+3,   1.043930E-1,   5.418701E-1,   2.457099E+1,   1.541271E-2,   1.498664E+3,   2.675024E-2,   6.897257E+0,   2.793917E-4,   100,0,1,0
       1352,2026-09-28,14:09:57.411,        134,        302,   8.000000E+2,   8.000000E+3,   0.000000E+0,   0.000000E+0,   2.000000E+1,   0.000000E+0,   0.000000E+0,   0.000000E+0,   1.007318E+3,   1.552531E-1,   6.361084E-1,   1.540751E+3,   1.244759E-1,   7.048340E-1,   2.463169E+1,   1.435529E-2,   1.498680E+3,   3.817997E-2,   6.897299E+0,   3.349496E-4,   100,0,1,0
       1353,2026-09-28,14:11:57.413,        135,        302,   8.000000E+2,   8.000000E+3,   0.000000E+0,   0.000000E+0,   2.000000E+1,   0.000000E+0,   0.000000E+0,   0.000000E+0,   1.007469E+3,   1.111815E-1,   4.773560E-1,   1.540622E+3,   1.069809E-1,   5.367432E-1,   2.469358E+1,   1.542070E-2,   1.498729E+3,   2.672151E-2,   6.897661E+0,   2.866818E-4,   100,0,1,0
       1354,2026-09-28,14:13:57.415,        136,        302,   8.000000E+2,   8.000000E+3,   0.000000E+0,   0.000000E+0,   2.000000E+1,   0.000000E+0,   0.000000E+0,   0.000000E+0,   1.007620E+3,   8.811310E-2,   4.301758E-1,   1.540436E+3,   1.092898E-1,   4.622803E-1,   2.475385E+1,   1.425448E-2,   1.498777E+3,   2.297750E-2,   6.898178E+0,   2.951322E-4,   100,0,1,0
       1355,2026-09-28,14:15:57.417,        137,        302,   8.000000E+2,   8.000000E+3,   0.000000E+0,   0.000000E+0,   2.000000E+1,   0.000000E+0,   0.000000E+0,   0.000000E+0,   1.007638E+3,   1.207078E-1,   6.402588E-1,   1.540385E+3,   1.132682E-1,   6.663818E-1,   2.481180E+1,   1.397747E-2,   1.498793E+3,   3.053411E-2,   6.898328E+0,   3.048171E-4,   100,0,1,0
       1356,2026-09-28,14:17:57.419,        138,        302,   8.000000E+2,   8.000000E+3,   0.000000E+0,   0.000000E+0,   2.000000E+1,   0.000000E+0,   0.000000E+0,   0.000000E+0,   1.007732E+3,   1.130020E-1,   4.754028E-1,   1.540358E+3,   1.188263E-1,   6.711426E-1,   2.486825E+1,   1.307521E-2,   1.498827E+3,   2.824734E-2,   6.898417E+0,   3.192990E-4,   100,0,1,0
       1357,2026-09-28,14:19:57.421,        139,        302,   8.000000E+2,   8.000000E+3,   0.000000E+0,   0.000000E+0,   2.000000E+1,   0.000000E+0,   0.000000E+0,   0.000000E+0,   1.007833E+3,   9.479287E-2,   4.169312E-1,   1.540308E+3,   1.126204E-1,   5.386963E-1,   2.492311E+1,   1.391013E-2,   1.498863E+3,   2.486352E-2,   6.898567E+0,   3.030082E-4,   100,0,1,0
       1358,2026-09-28,14:21:57.423,        140,        302,   8.000000E+2,   8.000000E+3,   0.000000E+0,   0.000000E+0,   2.000000E+1,   0.000000E+0,   0.000000E+0,   0.000000E+0,   1.007916E+3,   8.227503E-2,   3.534546E-1,   1.540257E+3,   9.744316E-2,   5.089111E-1,   2.498274E+1,   1.407523E-2,   1.498895E+3,   2.130428E-2,   6.898718E+0,   2.627711E-4,   100,0,1,0
       1359,2026-09-28,14:23:57.425,        141,        302,   8.000000E+2,   8.000000E+3,   0.000000E+0,   0.000000E+0,   2.000000E+1,   0.000000E+0,   0.000000E+0,   0.000000E+0,   1.008071E+3,   7.090151E-2,   3.217773E-1,   1.540147E+3,   1.082040E-1,   5.277100E-1,   2.503681E+1,   1.288114E-2,   1.498943E+3,   1.815208E-2,   6.899030E+0,   2.914999E-4,   100,0,1,0
       1360,2026-09-28,14:25:57.427,        142,        302,   8.000000E+2,   8.000000E+3,   0.000000E+0,   0.000000E+0,   2.000000E+1,   0.000000E+0,   0.000000E+0,   0.000000E+0,   1.008122E+3,   1.027264E-1,   4.545288E-1,   1.539988E+3,   1.324207E-1,   7.604980E-1,   2.509085E+1,   1.312031E-2,   1.498967E+3,   2.613120E-2,   6.899471E+0,   3.564327E-4,   100,0,1,0
       1361,2026-09-28,14:27:57.429,        143,        302,   8.000000E+2,   8.000000E+3,   0.000000E+0,   0.000000E+0,   2.000000E+1,   0.000000E+0,   0.000000E+0,   0.000000E+0,   1.008235E+3,   1.471255E-1,   6.826172E-1,   1.539977E+3,   1.198242E-1,   5.953369E-1,   2.514204E+1,   1.234926E-2,   1.499005E+3,   3.713398E-2,   6.899513E+0,   3.230559E-4,   100,0,1,0
       1362,2026-09-28,14:29:57.431,        144,        302,   8.000000E+2,   8.000000E+3,   0.000000E+0,   0.000000E+0,   2.000000E+1,   0.000000E+0,   0.000000E+0,   0.000000E+0,   1.008295E+3,   8.654092E-2,   4.164429E-1,   1.539945E+3,   1.013419E-1,   4.455566E-1,   2.519617E+1,   1.320069E-2,   1.499030E+3,   2.155434E-2,   6.899614E+0,   2.712617E-4,   100,0,1,0
       1363,2026-09-28,14:31:57.433,        145,        302,   8.000000E+2,   8.000000E+3,   0.000000E+0,   0.000000E+0,   2.000000E+1,   0.000000E+0,   0.000000E+0,   0.000000E+0,   1.008398E+3,   8.392680E-2,   3.932495E-1,   1.539819E+3,   1.079636E-1,   5.498047E-1,   2.525037E+1,   1.277928E-2,   1.499066E+3,   1.955974E-2,   6.899968E+0,   2.881434E-4,   100,0,1,0
       1364,2026-09-28,14:33:57.435,        146,        302,   8.000000E+2,   8.000000E+3,   0.000000E+0,   0.000000E+0,   2.000000E+1,   0.000000E+0,   0.000000E+0,   0.000000E+0,   1.008427E+3,   6.100567E-2,   2.933350E-1,   1.539886E+3,   1.138815E-1,   5.598145E-1,   2.530216E+1,   1.185053E-2,   1.499084E+3,   1.564432E-2,   6.899800E+0,   3.067524E-4,   100,0,1,0
       1365,2026-09-28,14:35:57.437,        147,        302,   8.000000E+2,   8.000000E+3,   0.000000E+0,   0.000000E+0,   2.000000E+1,   0.000000E+0,   0.000000E+0,   0.000000E+0,   1.008382E+3,   1.139074E-1,   4.656372E-1,   1.539957E+3,   1.617099E-1,   9.118652E-1,   2.535040E+1,   1.148109E-2,   1.499082E+3,   2.636437E-2,   6.899624E+0,   4.316098E-4,   100,0,1,0
       1366,2026-09-28,14:37:57.439,        148,        302,   8.000000E+2,   8.000000E+3,   0.000000E+0,   0.000000E+0,   2.000000E+1,   0.000000E+0,   0.000000E+0,   0.000000E+0,   1.008573E+3,   1.514246E-1,   7.465210E-1,   1.539822E+3,   1.431762E-1,   5.809326E-1,   2.539636E+1,   1.050005E-2,   1.499138E+3,   3.752794E-2,   6.899999E+0,   3.856726E-4,   100,0,1,0
       1367,2026-09-28,14:39:57.441,        149,        302,   8.000000E+2,   8.000000E+3,   0.000000E+0,   0.000000E+0,   2.000000E+1,   0.000000E+0,   0.000000E+0,   0.000000E+0,   1.008616E+3,   1.157016E-1,   4.129639E-1,   1.539876E+3,   1.639873E-1,   6.367187E-1,   2.543724E+1,   9.574967E-3,   1.499157E+3,   2.635171E-2,   6.899865E+0,   4.377434E-4,   100,0,1,0
       1368,2026-09-28,14:41:57.443,        150,        302,   8.000000E+2,   8.000000E+3,   0.000000E+0,   0.000000E+0,   2.000000E+1,   0.000000E+0,   0.000000E+0,   0.000000E+0,   1.008380E+3,   7.889701E-2,   3.601685E-1,   1.540170E+3,   1.344866E-1,   6.099854E-1,   2.547613E+1,   9.344308E-3,   1.499108E+3,   1.880337E-2,   6.899089E+0,   3.590561E-4,   100,0,1,0
       1369,2026-09-28,14:43:57.445,        151,        302,   8.000000E+2,   8.000000E+3,   0.000000E+0,   0.000000E+0,   2.000000E+1,   0.000000E+0,   0.000000E+0,   0.000000E+0,   1.008522E+3,   1.106873E-1,   5.654297E-1,   1.540054E+3,   1.174797E-1,   5.335693E-1,   2.551583E+1,   9.322276E-3,   1.499150E+3,   2.778909E-2,   6.899409E+0,   3.152842E-4,   100,0,1,0
       1370,2026-09-28,14:45:57.447,        152,        302,   8.000000E+2,   8.000000E+3,   0.000000E+0,   0.000000E+0,   2.000000E+1,   0.000000E+0,   0.000000E+0,   0.000000E+0,   1.008474E+3,   1.165260E-1,   5.342407E-1,   1.540077E+3,   1.753575E-1,   7.858887E-1,   2.555419E+1,   9.114548E-3,   1.499147E+3,   2.734621E-2,   6.899359E+0,   4.694076E-4,   100,0,1,0
       1371,2026-09-28,14:47:57.449,        153,        302,   8.000000E+2,   8.000000E+3,   0.000000E+0,   0.000000E+0,   2.000000E+1,   0.000000E+0,   0.000000E+0,   0.000000E+0,   1.008626E+3,   1.263688E-1,   4.686890E-1,   1.539979E+3,   1.576712E-1,   7.199707E-1,   2.559111E+1,   8.169108E-3,   1.499191E+3,   3.031208E-2,   6.899630E+0,   4.222712E-4,   100,0,1,0
       1372,2026-09-28,14:49:57.451,        154,        302,   8.000000E+2,   8.000000E+3,   0.000000E+0,   0.000000E+0,   2.000000E+1,   0.000000E+0,   0.000000E+0,   0.000000E+0,   1.008641E+3,   1.648000E-1,   6.820679E-1,   1.539953E+3,   1.611524E-1,   9.382324E-1,   2.562799E+1,   9.333915E-3,   1.499202E+3,   3.972148E-2,   6.899711E+0,   4.311591E-4,   100,0,1,0
       1373,2026-09-28,14:51:57.454,        155,        302,   8.000000E+2,   8.000000E+3,   0.000000E+0,   0.000000E+0,   2.000000E+1,   0.000000E+0,   0.000000E+0,   0.000000E+0,   1.008816E+3,   7.644300E-2,   3.060303E-1,   1.539884E+3,   1.335032E-1,   6.833496E-1,   2.566518E+1,   9.079656E-3,   1.499252E+3,   1.884000E-2,   6.899908E+0,   3.567590E-4,   100,0,1,0
       1374,2026-09-28,14:53:57.455,        156,        302,   8.000000E+2,   8.000000E+3,   0.000000E+0,   0.000000E+0,   2.000000E+1,   0.000000E+0,   0.000000E+0,   0.000000E+0,   1.008858E+3,   9.263144E-2,   5.009155E-1,   1.539958E+3,   1.678533E-1,   8.431396E-1,   2.570209E+1,   9.031494E-3,   1.499270E+3,   2.201387E-2,   6.899719E+0,   4.492899E-4,   100,0,1,0
       1375,2026-09-28,14:55:57.457,        157,        302,   8.000000E+2,   8.000000E+3,   0.000000E+0,   0.000000E+0,   2.000000E+1,   0.000000E+0,   0.000000E+0,   0.000000E+0,   1.008871E+3,   8.919200E-2,   4.011230E-1,   1.540057E+3,   1.479310E-1,   7.690430E-1,   2.573830E+1,   8.990601E-3,   1.499280E+3,   2.082507E-2,   6.899462E+0,   3.954703E-4,   100,0,1,0
       1376,2026-09-28,14:57:57.459,        158,        302,   8.000000E+2,   8.000000E+3,   0.000000E+0,   0.000000E+0,   2.000000E+1,   0.000000E+0,   0.000000E+0,   0.000000E+0,   1.008906E+3,   1.520640E-1,   7.509155E-1,   1.540077E+3,   1.720403E-1,   8.303223E-1,   2.577640E+1,   9.248983E-3,   1.499297E+3,   3.723761E-2,   6.899420E+0,   4.614078E-4,   100,0,1,0
       1377,2026-09-28,14:59:57.461,        159,        302,   8.000000E+2,   8.000000E+3,   0.000000E+0,   0.000000E+0,   2.000000E+1,   0.000000E+0,   0.000000E+0,   0.000000E+0,   1.008774E+3,   2.090226E-1,   1.039185E+0,   1.540195E+3,   2.190557E-1,   1.060791E+0,   2.581337E+1,   8.967224E-3,   1.499272E+3,   4.905060E-2,   6.899113E+0,   5.860776E-4,   100,0,1,0
       1378,2026-09-28,15:01:57.464,        160,        302,   8.000000E+2,   8.000000E+3,   0.000000E+0,   0.000000E+0,   2.000000E+1,   0.000000E+0,   0.000000E+0,   0.000000E+0,   1.008830E+3,   2.296389E-1,   1.047668E+0,   1.540119E+3,   2.131012E-1,   9.842529E-1,   2.584878E+1,   8.271120E-3,   1.499292E+3,   5.597400E-2,   6.899325E+0,   5.708092E-4,   100,0,1,0
       1379,2026-09-28,15:03:57.465,        161,        302,   8.000000E+2,   8.000000E+3,   0.000000E+0,   0.000000E+0,   2.000000E+1,   0.000000E+0,   0.000000E+0,   0.000000E+0,   1.008926E+3,   1.564686E-1,   7.854004E-1,   1.540109E+3,   1.701243E-1,   8.461914E-1,   2.588509E+1,   8.806915E-3,   1.499323E+3,   3.845624E-2,   6.899364E+0,   4.574070E-4,   100,0,1,0
       1380,2026-09-28,15:05:57.468,        162,        302,   8.000000E+2,   8.000000E+3,   0.000000E+0,   0.000000E+0,   2.000000E+1,   0.000000E+0,   0.000000E+0,   0.000000E+0,   1.008994E+3,   1.710835E-1,   5.476074E-1,   1.537868E+3,   2.574493E+0,   6.557251E+0,   2.592258E+1,   9.286717E-3,   1.499349E+3,   3.934527E-2,   6.905403E+0,   6.930526E-3,   100,0,1,0
       1381,2026-09-28,15:07:57.469,        163,        302,   8.000000E+2,   8.000000E+3,   0.000000E+0,   0.000000E+0,   2.000000E+1,   0.000000E+0,   0.000000E+0,   0.000000E+0,   1.008922E+3,   1.506852E-2,   6.079102E-2,   1.532313E+3,   4.172899E-1,   1.427246E+0,   2.596531E+1,   1.325565E-2,   1.499350E+3,   8.526775E-3,   6.920394E+0,   1.133506E-3,   100,1,1,1
       1382,2026-09-28,15:09:57.472,        164,        302,   8.000000E+2,   8.000000E+3,   0.000000E+0,   0.000000E+0,   2.000000E+1,   0.000000E+0,   0.000000E+0,   0.000000E+0,   1.008881E+3,   1.777530E-2,   6.268311E-2,   1.531543E+3,   6.549315E-2,   2.258301E-1,   2.602494E+1,   1.592688E-2,   1.499361E+3,   5.494000E-4,   6.922494E+0,   1.817112E-4,   100,0,1,0
       1383,2026-09-28,15:11:57.475,        165,        302,   8.000000E+2,   8.000000E+3,   0.000000E+0,   0.000000E+0,   2.000000E+1,   0.000000E+0,   0.000000E+0,   0.000000E+0,   1.008814E+3,   1.441277E-2,   4.833984E-2,   1.531491E+3,   1.983955E-2,   6.335449E-2,   2.609260E+1,   1.691920E-2,   1.499361E+3,   2.446210E-4,   6.922654E+0,   4.933506E-5,   100,0,1,0
       1384,2026-09-30,08:18:33.326,          1,        303,   8.000000E+2,   8.000300E+3,   0.000000E+0,   0.000000E+0,   2.000000E+1,   0.000000E+0,   0.000000E+0,   0.000000E+0,   1.003090E+3,   1.199545E-1,   5.700684E-1,   1.484141E+3,   2.152925E-1,   9.882813E-1,   2.249464E+1,   7.501995E-3,   1.497222E+3,   2.927675E-2,   7.054142E+0,   6.219498E-4,   100,0,1,0
       1385,2026-09-30,08:20:33.328,          2,        303,   8.000000E+2,   8.000300E+3,   0.000000E+0,   0.000000E+0,   2.000000E+1,   0.000000E+0,   0.000000E+0,   0.000000E+0,   1.003037E+3,   1.882052E-1,   8.566895E-1,   1.484133E+3,   2.489472E-1,   1.226807E+0,   2.247429E+1,   4.095337E-3,   1.497205E+3,   4.581555E-2,   7.054161E+0,   7.191196E-4,   100,0,1,0
       1386,2026-09-30,08:22:33.330,          3,        303,   8.000000E+2,   8.000300E+3,   0.000000E+0,   0.000000E+0,   2.000000E+1,   0.000000E+0,   0.000000E+0,   0.000000E+0,   1.002947E+3,   1.919936E-1,   9.022827E-1,   1.484144E+3,   2.534283E-1,   1.062988E+0,   2.244334E+1,   7.892292E-3,   1.497177E+3,   4.623124E-2,   7.054121E+0,   7.313528E-4,   100,0,1,0
       1387,2026-09-30,08:24:33.332,          4,        303,   8.000000E+2,   8.000300E+3,   0.000000E+0,   0.000000E+0,   2.000000E+1,   0.000000E+0,   0.000000E+0,   0.000000E+0,   1.002904E+3,   1.615734E-1,   6.333008E-1,   1.484164E+3,   2.191969E-1,   1.199585E+0,   2.242281E+1,   2.161784E-3,   1.497163E+3,   3.869204E-2,   7.054055E+0,   6.329122E-4,   100,0,1,0
       1388,2026-09-30,08:26:33.334,          5,        303,   8.000000E+2,   8.000300E+3,   0.000000E+0,   0.000000E+0,   2.000000E+1,   0.000000E+0,   0.000000E+0,   0.000000E+0,   1.002910E+3,   1.633723E-1,   6.719971E-1,   1.484220E+3,   2.299034E-1,   1.006958E+0,   2.241401E+1,   3.022659E-3,   1.497162E+3,   3.959890E-2,   7.053891E+0,   6.638754E-4,   100,0,1,0
       1389,2026-09-30,08:28:33.336,          6,        303,   8.000000E+2,   8.000300E+3,   0.000000E+0,   0.000000E+0,   2.000000E+1,   0.000000E+0,   0.000000E+0,   0.000000E+0,   1.002819E+3,   1.675654E-1,   6.133423E-1,   1.484280E+3,   2.523735E-1,   1.142334E+0,   2.240037E+1,   2.692081E-3,   1.497137E+3,   4.081656E-2,   7.053715E+0,   7.283185E-4,   100,0,1,0
       1390,2026-09-30,08:30:33.338,          7,        303,   8.000000E+2,   8.000300E+3,   0.000000E+0,   0.000000E+0,   2.000000E+1,   0.000000E+0,   0.000000E+0,   0.000000E+0,   1.002763E+3,   2.364708E-1,   9.331665E-1,   1.484302E+3,   2.577630E-1,   1.284424E+0,   2.239648E+1,   5.262383E-4,   1.497124E+3,   5.654778E-2,   7.053651E+0,   7.439712E-4,   100,0,1,0
       1391,2026-09-30,08:32:33.340,          8,        303,   8.000000E+2,   8.000300E+3,   0.000000E+0,   0.000000E+0,   2.000000E+1,   0.000000E+0,   0.000000E+0,   0.000000E+0,   1.002781E+3,   2.101913E-1,   7.913818E-1,   1.484296E+3,   2.660323E-1,   1.203247E+0,   2.240352E+1,   3.189639E-3,   1.497129E+3,   5.040608E-2,   7.053669E+0,   7.675877E-4,   100,0,1,0
       1392,2026-09-30,08:34:33.342,          9,        303,   8.000000E+2,   8.000300E+3,   0.000000E+0,   0.000000E+0,   2.000000E+1,   0.000000E+0,   0.000000E+0,   0.000000E+0,   1.002826E+3,   1.235438E-1,   5.077515E-1,   1.484274E+3,   2.311448E-1,   1.329224E+0,   2.241533E+1,   3.164116E-3,   1.497143E+3,   2.960614E-2,   7.053738E+0,   6.671399E-4,   100,0,1,0
       1393,2026-09-30,08:36:33.344,         10,        303,   8.000000E+2,   8.000300E+3,   0.000000E+0,   0.000000E+0,   2.000000E+1,   0.000000E+0,   0.000000E+0,   0.000000E+0,   1.002745E+3,   1.281515E-1,   5.126343E-1,   1.484340E+3,   2.369568E-1,   9.146729E-1,   2.243087E+1,   3.916366E-3,   1.497126E+3,   3.128034E-2,   7.053549E+0,   6.840936E-4,   100,0,1,0
       1394,2026-09-30,08:38:33.346,         11,        303,   8.000000E+2,   8.000300E+3,   0.000000E+0,   0.000000E+0,   2.000000E+1,   0.000000E+0,   0.000000E+0,   0.000000E+0,   1.002741E+3,   2.338441E-1,   9.626465E-1,   1.484290E+3,   2.593682E-1,   1.326416E+0,   2.244810E+1,   4.345484E-3,   1.497129E+3,   5.703472E-2,   7.053699E+0,   7.488740E-4,   100,0,1,0
       1395,2026-09-30,08:40:33.347,         12,        303,   8.000000E+2,   8.000300E+3,   0.000000E+0,   0.000000E+0,   2.000000E+1,   0.000000E+0,   0.000000E+0,   0.000000E+0,   1.002795E+3,   1.453909E-1,   6.385498E-1,   1.484263E+3,   2.465035E-1,   1.277344E+0,   2.246651E+1,   5.375208E-3,   1.497146E+3,   3.481305E-2,   7.053783E+0,   7.114626E-4,   100,0,1,0
       1396,2026-09-30,08:42:33.349,         13,        303,   8.000000E+2,   8.000300E+3,   0.000000E+0,   0.000000E+0,   2.000000E+1,   0.000000E+0,   0.000000E+0,   0.000000E+0,   1.002749E+3,   1.849670E-1,   8.335571E-1,   1.484218E+3,   3.021320E-1,   1.484619E+0,   2.249377E+1,   7.247575E-3,   1.497140E+3,   4.565583E-2,   7.053921E+0,   8.731890E-4,   100,0,1,0
       1397,2026-09-30,08:44:33.351,         14,        303,   8.000000E+2,   8.000300E+3,   0.000000E+0,   0.000000E+0,   2.000000E+1,   0.000000E+0,   0.000000E+0,   0.000000E+0,   1.002663E+3,   2.358650E-1,   1.045288E+0,   1.484185E+3,   2.556571E-1,   1.205566E+0,   2.252467E+1,   8.025409E-3,   1.497126E+3,   5.786086E-2,   7.054022E+0,   7.388577E-4,   100,0,1,0
       1398,2026-09-30,08:46:33.353,         15,        303,   8.000000E+2,   8.000300E+3,   0.000000E+0,   0.000000E+0,   2.000000E+1,   0.000000E+0,   0.000000E+0,   0.000000E+0,   1.002703E+3,   1.529146E-1,   5.836182E-1,   1.484124E+3,   2.395160E-1,   1.368286E+0,   2.255752E+1,   7.755580E-3,   1.497142E+3,   3.700282E-2,   7.054207E+0,   6.919624E-4,   100,0,1,0
       1399,2026-09-30,08:48:33.355,         16,        303,   8.000000E+2,   8.000300E+3,   0.000000E+0,   0.000000E+0,   2.000000E+1,   0.000000E+0,   0.000000E+0,   0.000000E+0,   1.002750E+3,   1.542924E-1,   7.241821E-1,   1.484165E+3,   2.713072E-1,   1.250488E+0,   2.258535E+1,   4.469272E-3,   1.497159E+3,   3.689905E-2,   7.054098E+0,   7.828185E-4,   100,0,1,0
       1400,2026-09-30,08:50:33.357,         17,        303,   8.000000E+2,   8.000300E+3,   0.000000E+0,   0.000000E+0,   2.000000E+1,   0.000000E+0,   0.000000E+0,   0.000000E+0,   1.002832E+3,   2.091066E-1,   8.993530E-1,   1.483989E+3,   2.836941E-1,   1.316895E+0,   2.260568E+1,   5.546097E-3,   1.497183E+3,   5.112182E-2,   7.054612E+0,   8.199918E-4,   100,0,1,0
       1401,2026-09-30,08:52:33.359,         18,        303,   8.000000E+2,   8.000300E+3,   0.000000E+0,   0.000000E+0,   2.000000E+1,   0.000000E+0,   0.000000E+0,   0.000000E+0,   1.002765E+3,   1.915332E-1,   7.824097E-1,   1.484234E+3,   3.083357E-1,   1.531738E+0,   2.263078E+1,   6.048360E-3,   1.497173E+3,   4.632265E-2,   7.053911E+0,   8.905996E-4,   100,0,1,0
       1402,2026-09-30,08:54:33.361,         19,        303,   8.000000E+2,   8.000300E+3,   0.000000E+0,   0.000000E+0,   2.000000E+1,   0.000000E+0,   0.000000E+0,   0.000000E+0,   1.002698E+3,   2.311571E-1,   8.628540E-1,   1.484286E+3,   2.810984E-1,   1.402466E+0,   2.265064E+1,   4.241139E-3,   1.497160E+3,   5.495764E-2,   7.053768E+0,   8.106980E-4,   100,0,1,0
       1403,2026-09-30,08:56:33.363,         20,        303,   8.000000E+2,   8.000300E+3,   0.000000E+0,   0.000000E+0,   2.000000E+1,   0.000000E+0,   0.000000E+0,   0.000000E+0,   1.002830E+3,   1.390664E-1,   6.623535E-1,   1.484250E+3,   2.710643E-1,   1.224243E+0,   2.267285E+1,   6.256131E-3,   1.497196E+3,   3.269542E-2,   7.053877E+0,   7.819335E-4,   100,0,1,0
       1404,2026-09-30,08:58:33.365,         21,        303,   8.000000E+2,   8.000300E+3,   0.000000E+0,   0.000000E+0,   2.000000E+1,   0.000000E+0,   0.000000E+0,   0.000000E+0,   1.002786E+3,   1.943263E-1,   7.987061E-1,   1.484270E+3,   3.020524E-1,   1.412598E+0,   2.270280E+1,   7.901418E-3,   1.497192E+3,   4.785732E-2,   7.053827E+0,   8.726486E-4,   100,0,1,0
       1405,2026-09-30,09:00:33.367,         22,        303,   8.000000E+2,   8.000300E+3,   0.000000E+0,   0.000000E+0,   2.000000E+1,   0.000000E+0,   0.000000E+0,   0.000000E+0,   1.002946E+3,   2.006788E-1,   9.794312E-1,   1.484330E+3,   2.970173E-1,   1.443481E+0,   2.273466E+1,   7.520068E-3,   1.497237E+3,   4.812003E-2,   7.053661E+0,   8.565030E-4,   100,0,1,0
       1406,2026-09-30,09:02:33.369,         23,        303,   8.000000E+2,   8.000300E+3,   0.000000E+0,   0.000000E+0,   2.000000E+1,   0.000000E+0,   0.000000E+0,   0.000000E+0,   1.002840E+3,   2.256289E-1,   8.692017E-1,   1.484380E+3,   2.854943E-1,   1.401733E+0,   2.275961E+1,   4.171250E-3,   1.497217E+3,   5.581811E-2,   7.053524E+0,   8.241329E-4,   100,0,1,0
       1407,2026-09-30,09:04:33.371,         24,        303,   8.000000E+2,   8.000300E+3,   0.000000E+0,   0.000000E+0,   2.000000E+1,   0.000000E+0,   0.000000E+0,   0.000000E+0,   1.002880E+3,   1.148051E-1,   5.986328E-1,   1.484648E+3,   2.404896E-1,   1.234497E+0,   2.277870E+1,   5.257619E-3,   1.497230E+3,   2.713839E-2,   7.052755E+0,   6.938039E-4,   100,0,1,0
       1408,2026-09-30,09:06:33.373,         25,        303,   8.000000E+2,   8.000300E+3,   0.000000E+0,   0.000000E+0,   2.000000E+1,   0.000000E+0,   0.000000E+0,   0.000000E+0,   1.002999E+3,   1.461843E-1,   5.830688E-1,   1.484540E+3,   2.242579E-1,   9.870605E-1,   2.280090E+1,   6.171692E-3,   1.497263E+3,   3.591064E-2,   7.053076E+0,   6.476400E-4,   100,0,1,0
       1409,2026-09-30,09:08:33.375,         26,        303,   8.000000E+2,   8.000300E+3,   0.000000E+0,   0.000000E+0,   2.000000E+1,   0.000000E+0,   0.000000E+0,   0.000000E+0,   1.003140E+3,   2.066399E-1,   8.038940E-1,   1.484381E+3,   3.144379E-1,   1.677734E+0,   2.283084E+1,   8.704883E-3,   1.497303E+3,   4.908995E-2,   7.053541E+0,   9.068810E-4,   100,0,1,0
       1410,2026-09-30,09:10:33.377,         27,        303,   8.000000E+2,   8.000300E+3,   0.000000E+0,   0.000000E+0,   2.000000E+1,   0.000000E+0,   0.000000E+0,   0.000000E+0,   1.003108E+3,   1.911119E-1,   8.623657E-1,   1.484331E+3,   2.474818E-1,   1.099243E+0,   2.286069E+1,   5.437713E-3,   1.497302E+3,   4.552762E-2,   7.053693E+0,   7.142184E-4,   100,0,1,0
       1411,2026-09-30,09:12:33.379,         28,        303,   8.000000E+2,   8.000300E+3,   0.000000E+0,   0.000000E+0,   2.000000E+1,   0.000000E+0,   0.000000E+0,   0.000000E+0,   1.003188E+3,   1.761910E-1,   8.274536E-1,   1.484351E+3,   2.916625E-1,   1.456299E+0,   2.287448E+1,   3.472842E-3,   1.497324E+3,   4.250791E-2,   7.053641E+0,   8.420589E-4,   100,0,1,0
       1412,2026-09-30,09:14:33.381,         29,        303,   8.000000E+2,   8.000300E+3,   0.000000E+0,   0.000000E+0,   2.000000E+1,   0.000000E+0,   0.000000E+0,   0.000000E+0,   1.003089E+3,   2.136527E-1,   7.910156E-1,   1.484605E+3,   3.011006E-1,   1.305420E+0,   2.289529E+1,   4.826146E-3,   1.497305E+3,   5.105801E-2,   7.052914E+0,   8.684675E-4,   100,0,1,0
       1413,2026-09-30,09:16:33.383,         30,        303,   8.000000E+2,   8.000300E+3,   0.000000E+0,   0.000000E+0,   2.000000E+1,   0.000000E+0,   0.000000E+0,   0.000000E+0,   1.003326E+3,   1.615689E-1,   6.298828E-1,   1.484492E+3,   2.439722E-1,   1.041260E+0,   2.290956E+1,   4.303903E-3,   1.497364E+3,   3.878460E-2,   7.053242E+0,   7.035830E-4,   100,0,1,0
       1414,2026-09-30,09:18:33.385,         31,        303,   8.000000E+2,   8.000300E+3,   0.000000E+0,   0.000000E+0,   2.000000E+1,   0.000000E+0,   0.000000E+0,   0.000000E+0,   1.003246E+3,   2.485865E-1,   9.923706E-1,   1.484570E+3,   3.069318E-1,   1.579346E+0,   2.293516E+1,   7.798693E-3,   1.497350E+3,   6.106743E-2,   7.053026E+0,   8.866304E-4,   100,0,1,0
       1415,2026-09-30,09:20:33.387,         32,        303,   8.000000E+2,   8.000300E+3,   0.000000E+0,   0.000000E+0,   2.000000E+1,   0.000000E+0,   0.000000E+0,   0.000000E+0,   1.003571E+3,   2.175384E-1,   8.094482E-1,   1.484420E+3,   2.788712E-1,   1.479980E+0,   2.296129E+1,   4.828057E-3,   1.497434E+3,   5.200829E-2,   7.053464E+0,   8.047126E-4,   100,0,1,0
       1416,2026-09-30,09:22:33.389,         33,        303,   8.000000E+2,   8.000300E+3,   0.000000E+0,   0.000000E+0,   2.000000E+1,   0.000000E+0,   0.000000E+0,   0.000000E+0,   1.003604E+3,   2.210078E-1,   8.765259E-1,   1.484370E+3,   2.870899E-1,   1.486572E+0,   2.298185E+1,   5.324039E-3,   1.497446E+3,   5.358041E-2,   7.053616E+0,   8.291903E-4,   100,0,1,0
       1417,2026-09-30,09:24:33.391,         34,        303,   8.000000E+2,   8.000300E+3,   0.000000E+0,   0.000000E+0,   2.000000E+1,   0.000000E+0,   0.000000E+0,   0.000000E+0,   1.003962E+3,   2.091485E-1,   8.649902E-1,   1.484133E+3,   2.862805E-1,   1.221069E+0,   2.300661E+1,   5.925058E-3,   1.497537E+3,   5.109777E-2,   7.054306E+0,   8.272817E-4,   100,0,1,0
       1418,2026-09-30,09:26:33.393,         35,        303,   8.000000E+2,   8.000300E+3,   0.000000E+0,   0.000000E+0,   2.000000E+1,   0.000000E+0,   0.000000E+0,   0.000000E+0,   1.004146E+3,   1.712571E-1,   8.527832E-1,   1.484026E+3,   2.891795E-1,   1.240967E+0,   2.303103E+1,   6.272940E-3,   1.497587E+3,   4.109110E-2,   7.054622E+0,   8.350406E-4,   100,0,1,0
       1419,2026-09-30,09:28:33.395,         36,        303,   8.000000E+2,   8.000300E+3,   0.000000E+0,   0.000000E+0,   2.000000E+1,   0.000000E+0,   0.000000E+0,   0.000000E+0,   1.004145E+3,   1.762983E-1,   7.176514E-1,   1.484248E+3,   2.725184E-1,   1.254272E+0,   2.306057E+1,   7.345879E-3,   1.497593E+3,   4.263002E-2,   7.053988E+0,   7.870375E-4,   100,0,1,0
       1420,2026-09-30,09:30:33.397,         37,        303,   8.000000E+2,   8.000300E+3,   0.000000E+0,   0.000000E+0,   2.000000E+1,   0.000000E+0,   0.000000E+0,   0.000000E+0,   1.004047E+3,   1.979698E-1,   8.049316E-1,   1.484275E+3,   2.851308E-1,   1.354736E+0,   2.308823E+1,   6.014422E-3,   1.497575E+3,   4.749436E-2,   7.053918E+0,   8.230513E-4,   100,0,1,0
       1421,2026-09-30,09:32:33.399,         38,        303,   8.000000E+2,   8.000300E+3,   0.000000E+0,   0.000000E+0,   2.000000E+1,   0.000000E+0,   0.000000E+0,   0.000000E+0,   1.003890E+3,   1.666823E-1,   6.764526E-1,   1.484576E+3,   2.900444E-1,   1.464844E+0,   2.311456E+1,   6.984801E-3,   1.497542E+3,   4.021924E-2,   7.053055E+0,   8.361744E-4,   100,0,1,0
       1422,2026-09-30,09:34:33.401,         39,        303,   8.000000E+2,   8.000300E+3,   0.000000E+0,   0.000000E+0,   2.000000E+1,   0.000000E+0,   0.000000E+0,   0.000000E+0,   1.003802E+3,   2.131182E-1,   7.501831E-1,   1.484565E+3,   2.695141E-1,   1.345703E+0,   2.314424E+1,   6.566521E-3,   1.497527E+3,   5.043964E-2,   7.053098E+0,   7.773399E-4,   100,0,1,0
       1423,2026-09-30,09:36:33.404,         40,        303,   8.000000E+2,   8.000300E+3,   0.000000E+0,   0.000000E+0,   2.000000E+1,   0.000000E+0,   0.000000E+0,   0.000000E+0,   1.003873E+3,   2.974917E-1,   1.227295E+0,   1.484327E+3,   3.591143E-1,   1.783203E+0,   2.316930E+1,   5.843985E-3,   1.497550E+3,   7.190219E-2,   7.053791E+0,   1.037219E-3,   100,0,1,0
       1424,2026-09-30,09:38:33.406,         41,        303,   8.000000E+2,   8.000300E+3,   0.000000E+0,   0.000000E+0,   2.000000E+1,   0.000000E+0,   0.000000E+0,   0.000000E+0,   1.004152E+3,   1.416224E-1,   7.019653E-1,   1.484120E+3,   2.252358E-1,   1.006592E+0,   2.319287E+1,   5.669917E-3,   1.497623E+3,   3.396486E-2,   7.054393E+0,   6.505250E-4,   100,0,1,0
       1425,2026-09-30,09:40:33.408,         42,        303,   8.000000E+2,   8.000300E+3,   0.000000E+0,   0.000000E+0,   2.000000E+1,   0.000000E+0,   0.000000E+0,   0.000000E+0,   1.003947E+3,   1.911966E-1,   7.766113E-1,   1.484218E+3,   2.885365E-1,   1.509033E+0,   2.321305E+1,   3.268383E-3,   1.497576E+3,   4.584296E-2,   7.054118E+0,   8.330006E-4,   100,0,1,0
       1426,2026-09-30,09:42:33.410,         43,        303,   8.000000E+2,   8.000300E+3,   0.000000E+0,   0.000000E+0,   2.000000E+1,   0.000000E+0,   0.000000E+0,   0.000000E+0,   1.004009E+3,   2.021506E-1,   8.094482E-1,   1.484174E+3,   3.064232E-1,   1.388550E+0,   2.323290E+1,   6.372312E-3,   1.497595E+3,   4.859667E-2,   7.054249E+0,   8.842268E-4,   100,0,1,0
       1427,2026-09-30,09:44:33.412,         44,        303,   8.000000E+2,   8.000300E+3,   0.000000E+0,   0.000000E+0,   2.000000E+1,   0.000000E+0,   0.000000E+0,   0.000000E+0,   1.003728E+3,   3.248788E-1,   1.368042E+0,   1.484350E+3,   3.519160E-1,   1.751099E+0,   2.325855E+1,   4.984336E-3,   1.497533E+3,   7.784699E-2,   7.053749E+0,   1.015249E-3,   100,0,1,0
       1428,2026-09-30,09:46:33.414,         45,        303,   8.000000E+2,   8.000300E+3,   0.000000E+0,   0.000000E+0,   2.000000E+1,   0.000000E+0,   0.000000E+0,   0.000000E+0,   1.003849E+3,   2.276029E-1,   9.903564E-1,   1.484125E+3,   3.145185E-1,   1.541748E+0,   2.327776E+1,   5.109023E-3,   1.497566E+3,   5.492295E-2,   7.054401E+0,   9.081232E-4,   100,0,1,0
       1429,2026-09-30,09:48:33.416,         46,        303,   8.000000E+2,   8.000300E+3,   0.000000E+0,   0.000000E+0,   2.000000E+1,   0.000000E+0,   0.000000E+0,   0.000000E+0,   1.004352E+3,   2.538009E-1,   1.245667E+0,   1.483968E+3,   2.913927E-1,   1.289795E+0,   2.330135E+1,   5.408369E-3,   1.497692E+3,   6.181975E-2,   7.054864E+0,   8.416239E-4,   100,0,1,0
       1430,2026-09-30,09:50:33.418,         47,        303,   8.000000E+2,   8.000300E+3,   0.000000E+0,   0.000000E+0,   2.000000E+1,   0.000000E+0,   0.000000E+0,   0.000000E+0,   1.004139E+3,   3.081173E-1,   1.228027E+0,   1.484101E+3,   3.126310E-1,   1.370483E+0,   2.331938E+1,   4.899393E-3,   1.497645E+3,   7.279221E-2,   7.054482E+0,   9.023906E-4,   100,0,1,0
       1431,2026-09-30,09:52:33.420,         48,        303,   8.000000E+2,   8.000300E+3,   0.000000E+0,   0.000000E+0,   2.000000E+1,   0.000000E+0,   0.000000E+0,   0.000000E+0,   1.003721E+3,   2.531461E-1,   9.876709E-1,   1.483958E+3,   2.639074E-1,   1.418579E+0,   2.334271E+1,   5.694752E-3,   1.497549E+3,   5.967277E-2,   7.054903E+0,   7.623576E-4,   100,0,1,0
       1432,2026-09-30,09:54:33.422,         49,        303,   8.000000E+2,   8.000300E+3,   0.000000E+0,   0.000000E+0,   2.000000E+1,   0.000000E+0,   0.000000E+0,   0.000000E+0,   1.003071E+3,   4.494024E-1,   1.799988E+0,   1.484212E+3,   3.174546E-1,   1.521484E+0,   2.336273E+1,   3.264881E-3,   1.497397E+3,   1.071960E-1,   7.054174E+0,   9.161988E-4,   100,0,1,0
       1433,2026-09-30,09:56:33.424,         50,        303,   8.000000E+2,   8.000300E+3,   0.000000E+0,   0.000000E+0,   2.000000E+1,   0.000000E+0,   0.000000E+0,   0.000000E+0,   1.002371E+3,   3.414706E-1,   1.231995E+0,   1.484148E+3,   2.795148E-1,   1.407104E+0,   2.338044E+1,   5.625710E-3,   1.497232E+3,   8.169493E-2,   7.054365E+0,   8.065145E-4,   100,0,1,0
       1434,2026-09-30,09:58:33.426,         51,        303,   8.000000E+2,   8.000300E+3,   0.000000E+0,   0.000000E+0,   2.000000E+1,   0.000000E+0,   0.000000E+0,   0.000000E+0,   1.002059E+3,   3.652066E-1,   1.503723E+0,   1.484335E+3,   2.395750E-1,   1.271118E+0,   2.340201E+1,   4.844130E-3,   1.497160E+3,   8.770178E-2,   7.053831E+0,   6.913422E-4,   100,0,1,0
       1435,2026-09-30,10:00:33.428,         52,        303,   8.000000E+2,   8.000300E+3,   0.000000E+0,   0.000000E+0,   2.000000E+1,   0.000000E+0,   0.000000E+0,   0.000000E+0,   1.002277E+3,   5.080288E-1,   2.131042E+0,   1.484698E+3,   3.145769E-1,   1.665405E+0,   2.342514E+1,   6.731646E-3,   1.497218E+3,   1.225034E-1,   7.052790E+0,   9.068929E-4,   100,0,1,0
       1436,2026-09-30,10:02:33.430,         53,        303,   8.000000E+2,   8.000300E+3,   0.000000E+0,   0.000000E+0,   2.000000E+1,   0.000000E+0,   0.000000E+0,   0.000000E+0,   1.001322E+3,   5.472839E-1,   2.316528E+0,   1.485049E+3,   2.780371E-1,   1.371826E+0,   2.345370E+1,   6.519521E-3,   1.496994E+3,   1.302048E-1,   7.051784E+0,   8.014275E-4,   100,0,1,0
       1437,2026-09-30,10:04:33.432,         54,        303,   8.000000E+2,   8.000300E+3,   0.000000E+0,   0.000000E+0,   2.000000E+1,   0.000000E+0,   0.000000E+0,   0.000000E+0,   1.000875E+3,   4.873609E-1,   2.181152E+0,   1.485150E+3,   3.655639E-1,   1.619263E+0,   2.347517E+1,   4.747942E-3,   1.496892E+3,   1.180728E-1,   7.051499E+0,   1.053728E-3,   100,0,1,0
       1438,2026-09-30,10:06:33.433,         55,        303,   8.000000E+2,   8.000300E+3,   0.000000E+0,   0.000000E+0,   2.000000E+1,   0.000000E+0,   0.000000E+0,   0.000000E+0,   1.002112E+3,   4.509033E-1,   2.169006E+0,   1.485477E+3,   3.352063E-1,   1.590454E+0,   2.349781E+1,   6.218522E-3,   1.497193E+3,   1.088490E-1,   7.050563E+0,   9.664451E-4,   100,0,1,0
       1439,2026-09-30,10:08:33.436,         56,        303,   8.000000E+2,   8.000300E+3,   0.000000E+0,   0.000000E+0,   2.000000E+1,   0.000000E+0,   0.000000E+0,   0.000000E+0,   1.002578E+3,   3.335396E-1,   1.407715E+0,   1.485549E+3,   3.102982E-1,   1.780396E+0,   2.352020E+1,   5.546469E-3,   1.497311E+3,   8.030023E-2,   7.050363E+0,   8.938859E-4,   100,0,1,0
       1440,2026-09-30,10:10:33.438,         57,        303,   8.000000E+2,   8.000300E+3,   0.000000E+0,   0.000000E+0,   2.000000E+1,   0.000000E+0,   0.000000E+0,   0.000000E+0,   1.003099E+3,   3.021184E-1,   1.280762E+0,   1.485745E+3,   2.844692E-1,   1.396729E+0,   2.354470E+1,   5.569436E-3,   1.497442E+3,   7.352410E-2,   7.049805E+0,   8.199092E-4,   100,0,1,0
       1441,2026-09-30,10:12:33.440,         58,        303,   8.000000E+2,   8.000300E+3,   0.000000E+0,   0.000000E+0,   2.000000E+1,   0.000000E+0,   0.000000E+0,   0.000000E+0,   1.003056E+3,   2.914443E-1,   1.250305E+0,   1.485706E+3,   2.980111E-1,   1.366333E+0,   2.356607E+1,   4.849612E-3,   1.497435E+3,   7.114089E-2,   7.049923E+0,   8.585746E-4,   100,0,1,0
       1442,2026-09-30,10:14:33.442,         59,        303,   8.000000E+2,   8.000300E+3,   0.000000E+0,   0.000000E+0,   2.000000E+1,   0.000000E+0,   0.000000E+0,   0.000000E+0,   1.003183E+3,   2.887671E-1,   1.570129E+0,   1.485854E+3,   3.088739E-1,   1.648315E+0,   2.358616E+1,   5.318499E-3,   1.497469E+3,   6.759878E-2,   7.049502E+0,   8.892785E-4,   100,0,1,0
       1443,2026-09-30,10:16:33.444,         60,        303,   8.000000E+2,   8.000300E+3,   0.000000E+0,   0.000000E+0,   2.000000E+1,   0.000000E+0,   0.000000E+0,   0.000000E+0,   1.002590E+3,   4.067842E-1,   2.132996E+0,   1.486071E+3,   3.335096E-1,   1.609985E+0,   2.360905E+1,   4.680993E-3,   1.497331E+3,   1.004411E-1,   7.048882E+0,   9.597873E-4,   100,0,1,0
       1444,2026-09-30,10:18:33.446,         61,        303,   8.000000E+2,   8.000300E+3,   0.000000E+0,   0.000000E+0,   2.000000E+1,   0.000000E+0,   0.000000E+0,   0.000000E+0,   1.002969E+3,   3.496988E-1,   1.603210E+0,   1.485996E+3,   3.607112E-1,   1.848755E+0,   2.362694E+1,   3.893940E-3,   1.497426E+3,   8.322877E-2,   7.049104E+0,   1.038464E-3,   100,0,1,0
       1445,2026-09-30,10:20:33.449,         62,        303,   8.000000E+2,   8.000300E+3,   0.000000E+0,   0.000000E+0,   2.000000E+1,   0.000000E+0,   0.000000E+0,   0.000000E+0,   1.002800E+3,   4.007141E-1,   1.840515E+0,   1.486153E+3,   3.320248E-1,   1.481689E+0,   2.364587E+1,   5.328610E-3,   1.497389E+3,   9.637979E-2,   7.048656E+0,   9.561061E-4,   100,0,1,0
       1446,2026-09-30,10:22:33.451,         63,        303,   8.000000E+2,   8.000300E+3,   0.000000E+0,   0.000000E+0,   2.000000E+1,   0.000000E+0,   0.000000E+0,   0.000000E+0,   1.002863E+3,   3.348061E-1,   1.466492E+0,   1.486167E+3,   3.428447E-1,   1.896851E+0,   2.366849E+1,   6.075686E-3,   1.497409E+3,   8.032396E-2,   7.048624E+0,   9.864556E-4,   100,0,1,0
       1447,2026-09-30,10:24:33.453,         64,        303,   8.000000E+2,   8.000300E+3,   0.000000E+0,   0.000000E+0,   2.000000E+1,   0.000000E+0,   0.000000E+0,   0.000000E+0,   1.002533E+3,   5.994630E-1,   2.468079E+0,   1.486420E+3,   3.599809E-1,   1.757935E+0,   2.368746E+1,   3.710758E-3,   1.497334E+3,   1.431928E-1,   7.047899E+0,   1.036310E-3,   100,0,1,0
       1448,2026-09-30,10:26:33.455,         65,        303,   8.000000E+2,   8.000300E+3,   0.000000E+0,   0.000000E+0,   2.000000E+1,   0.000000E+0,   0.000000E+0,   0.000000E+0,   1.002338E+3,   3.307758E-1,   1.413086E+0,   1.486650E+3,   3.293329E-1,   1.540527E+0,   2.370029E+1,   3.013345E-3,   1.497289E+3,   7.672410E-2,   7.047243E+0,   9.473315E-4,   100,0,1,0
       1449,2026-09-30,10:28:33.457,         66,        303,   8.000000E+2,   8.000300E+3,   0.000000E+0,   0.000000E+0,   2.000000E+1,   0.000000E+0,   0.000000E+0,   0.000000E+0,   1.002062E+3,   4.494852E-1,   2.072388E+0,   1.486922E+3,   3.486553E-1,   2.032593E+0,   2.371624E+1,   4.978217E-3,   1.497227E+3,   1.094436E-1,   7.046462E+0,   1.002514E-3,   100,0,1,0
       1450,2026-09-30,10:30:33.459,         67,        303,   8.000000E+2,   8.000300E+3,   0.000000E+0,   0.000000E+0,   2.000000E+1,   0.000000E+0,   0.000000E+0,   0.000000E+0,   1.002143E+3,   5.374607E-1,   1.947144E+0,   1.487058E+3,   3.667910E-1,   1.957275E+0,   2.373865E+1,   4.622550E-3,   1.497253E+3,   1.293076E-1,   7.046078E+0,   1.054118E-3,   100,0,1,0
       1451,2026-09-30,10:32:33.461,         68,        303,   8.000000E+2,   8.000300E+3,   0.000000E+0,   0.000000E+0,   2.000000E+1,   0.000000E+0,   0.000000E+0,   0.000000E+0,   1.002155E+3,   5.294650E-1,   2.246887E+0,   1.487303E+3,   3.465472E-1,   1.560791E+0,   2.375492E+1,   4.119408E-3,   1.497255E+3,   1.277747E-1,   7.045379E+0,   9.957767E-4,   100,0,1,0
       1452,2026-09-30,10:34:33.463,         69,        303,   8.000000E+2,   8.000300E+3,   0.000000E+0,   0.000000E+0,   2.000000E+1,   0.000000E+0,   0.000000E+0,   0.000000E+0,   1.000656E+3,   8.779722E-1,   3.420715E+0,   1.487779E+3,   4.560676E-1,   2.253906E+0,   2.377215E+1,   3.864424E-3,   1.496902E+3,   2.101436E-1,   7.044014E+0,   1.310339E-3,   100,0,1,0
       1453,2026-09-30,10:36:33.465,         70,        303,   8.000000E+2,   8.000300E+3,   0.000000E+0,   0.000000E+0,   2.000000E+1,   0.000000E+0,   0.000000E+0,   0.000000E+0,   1.000075E+3,   4.643928E-1,   2.106995E+0,   1.488157E+3,   2.951000E-1,   1.638428E+0,   2.378707E+1,   2.456495E-3,   1.496766E+3,   1.135979E-1,   7.042933E+0,   8.473592E-4,   100,0,1,0
       1454,2026-09-30,10:38:33.467,         71,        303,   8.000000E+2,   8.000300E+3,   0.000000E+0,   0.000000E+0,   2.000000E+1,   0.000000E+0,   0.000000E+0,   0.000000E+0,   9.998177E+2,   4.901505E-1,   2.494568E+0,   1.488401E+3,   3.254480E-1,   1.600464E+0,   2.379543E+1,   3.423720E-3,   1.496706E+3,   1.228515E-1,   7.042236E+0,   9.340812E-4,   100,0,1,0
       1455,2026-09-30,10:40:33.469,         72,        303,   8.000000E+2,   8.000300E+3,   0.000000E+0,   0.000000E+0,   2.000000E+1,   0.000000E+0,   0.000000E+0,   0.000000E+0,   9.990052E+2,   6.980082E-1,   3.243103E+0,   1.488830E+3,   3.872466E-1,   1.863892E+0,   2.381253E+1,   4.782526E-3,   1.496511E+3,   1.673631E-1,   7.041010E+0,   1.110407E-3,   100,0,1,0
       1456,2026-09-30,10:42:33.471,         73,        303,   8.000000E+2,   8.000300E+3,   0.000000E+0,   0.000000E+0,   2.000000E+1,   0.000000E+0,   0.000000E+0,   0.000000E+0,   9.994644E+2,   6.469821E-1,   2.672180E+0,   1.489351E+3,   4.972510E-1,   2.293823E+0,   2.382853E+1,   4.338443E-3,   1.496629E+3,   1.560327E-1,   7.039520E+0,   1.424581E-3,   100,0,1,0
       1457,2026-09-30,10:44:33.473,         74,        303,   8.000000E+2,   8.000300E+3,   0.000000E+0,   0.000000E+0,   2.000000E+1,   0.000000E+0,   0.000000E+0,   0.000000E+0,   9.978134E+2,   5.771207E-1,   2.786865E+0,   1.490233E+3,   3.503995E-1,   1.835938E+0,   2.384501E+1,   5.058370E-3,   1.496234E+3,   1.395070E-1,   7.036996E+0,   1.003326E-3,   100,0,1,0
       1458,2026-09-30,10:46:33.475,         75,        303,   8.000000E+2,   8.000300E+3,   0.000000E+0,   0.000000E+0,   2.000000E+1,   0.000000E+0,   0.000000E+0,   0.000000E+0,   9.974230E+2,   7.467241E-1,   3.312744E+0,   1.490829E+3,   4.128892E-1,   1.992920E+0,   2.388234E+1,   3.596804E-3,   1.496147E+3,   1.775345E-1,   7.035301E+0,   1.181075E-3,   100,0,1,0
       1459,2026-09-30,10:48:33.477,         76,        303,   8.000000E+2,   8.000300E+3,   0.000000E+0,   0.000000E+0,   2.000000E+1,   0.000000E+0,   0.000000E+0,   0.000000E+0,   9.970974E+2,   1.155071E+0,   5.203369E+0,   1.490782E+3,   4.325238E-1,   2.103638E+0,   2.389013E+1,   3.366663E-3,   1.496071E+3,   2.798919E-1,   7.035439E+0,   1.237346E-3,   100,0,1,0
       1460,2026-09-30,10:50:33.479,         77,        303,   8.000000E+2,   8.000300E+3,   0.000000E+0,   0.000000E+0,   2.000000E+1,   0.000000E+0,   0.000000E+0,   0.000000E+0,   9.977704E+2,   7.092363E-1,   3.324646E+0,   1.490426E+3,   4.751165E-1,   2.191162E+0,   2.390135E+1,   3.625481E-3,   1.496231E+3,   1.700681E-1,   7.036458E+0,   1.360286E-3,   100,0,1,0
       1461,2026-09-30,10:52:33.481,         78,        303,   8.000000E+2,   8.000300E+3,   0.000000E+0,   0.000000E+0,   2.000000E+1,   0.000000E+0,   0.000000E+0,   0.000000E+0,   9.970784E+2,   8.292658E-1,   4.388489E+0,   1.490684E+3,   3.599405E-1,   2.289917E+0,   2.391626E+1,   3.853880E-3,   1.496069E+3,   1.991561E-1,   7.035727E+0,   1.029555E-3,   100,0,1,0
       1462,2026-09-30,10:54:33.484,         79,        303,   8.000000E+2,   8.000300E+3,   0.000000E+0,   0.000000E+0,   2.000000E+1,   0.000000E+0,   0.000000E+0,   0.000000E+0,   9.978595E+2,   7.150800E-1,   3.458557E+0,   1.490862E+3,   4.197855E-1,   1.763062E+0,   2.393008E+1,   3.171076E-3,   1.496262E+3,   1.723942E-1,   7.035221E+0,   1.200596E-3,   100,0,1,0
       1463,2026-09-30,10:56:33.485,         80,        303,   8.000000E+2,   8.000300E+3,   0.000000E+0,   0.000000E+0,   2.000000E+1,   0.000000E+0,   0.000000E+0,   0.000000E+0,   9.957514E+2,   1.138962E+0,   4.979736E+0,   1.491224E+3,   4.760536E-1,   3.104492E+0,   2.394635E+1,   5.143089E-3,   1.495754E+3,   2.740119E-1,   7.034189E+0,   1.360598E-3,   100,0,1,0
       1464,2026-09-30,10:58:33.487,         81,        303,   8.000000E+2,   8.000300E+3,   0.000000E+0,   0.000000E+0,   2.000000E+1,   0.000000E+0,   0.000000E+0,   0.000000E+0,   9.976460E+2,   8.362181E-1,   3.903137E+0,   1.490704E+3,   4.801816E-1,   2.171021E+0,   2.396053E+1,   2.195225E-3,   1.496212E+3,   1.987715E-1,   7.035680E+0,   1.373920E-3,   100,0,1,0
       1465,2026-09-30,11:00:33.489,         82,        303,   8.000000E+2,   8.000300E+3,   0.000000E+0,   0.000000E+0,   2.000000E+1,   0.000000E+0,   0.000000E+0,   0.000000E+0,   9.976562E+2,   8.981341E-1,   3.690552E+0,   1.490699E+3,   4.861072E-1,   2.384277E+0,   2.397726E+1,   5.558358E-3,   1.496221E+3,   2.187177E-1,   7.035700E+0,   1.390324E-3,   100,0,1,0
       1466,2026-09-30,11:02:33.491,         83,        303,   8.000000E+2,   8.000300E+3,   0.000000E+0,   0.000000E+0,   2.000000E+1,   0.000000E+0,   0.000000E+0,   0.000000E+0,   9.978663E+2,   6.160676E-1,   2.622925E+0,   1.490847E+3,   3.841760E-1,   2.203003E+0,   2.399016E+1,   2.528316E-3,   1.496272E+3,   1.494394E-1,   7.035279E+0,   1.098900E-3,   100,0,1,0
       1467,2026-09-30,11:04:33.493,         84,        303,   8.000000E+2,   8.000300E+3,   0.000000E+0,   0.000000E+0,   2.000000E+1,   0.000000E+0,   0.000000E+0,   0.000000E+0,   9.964186E+2,   7.879640E-1,   3.323547E+0,   1.491210E+3,   4.581673E-1,   2.360840E+0,   2.400421E+1,   4.643974E-3,   1.496014E+3,   8.585045E-1,   7.034245E+0,   1.309764E-3,   100,0,1,0
       1468,2026-09-30,11:06:33.496,         85,        303,   8.000000E+2,   8.000300E+3,   0.000000E+0,   0.000000E+0,   2.000000E+1,   0.000000E+0,   0.000000E+0,   0.000000E+0,   9.964601E+2,   1.239540E+0,   5.041931E+0,   1.492004E+3,   7.638708E-1,   3.532715E+0,   2.403302E+1,   1.288186E-2,   1.495950E+3,   3.005801E-1,   7.031984E+0,   2.182178E-3,   100,0,1,0
       1469,2026-09-30,11:08:33.498,         86,        303,   8.000000E+2,   8.000300E+3,   0.000000E+0,   0.000000E+0,   2.000000E+1,   0.000000E+0,   0.000000E+0,   0.000000E+0,   9.974056E+2,   1.475288E-2,   7.568359E-2,   1.490729E+3,   1.325337E-1,   4.708252E-1,   2.410734E+1,   2.154578E-2,   1.496214E+3,   8.947902E-3,   7.035648E+0,   3.850174E-4,   100,1,1,1
       1470,2026-09-30,11:10:33.499,         87,        303,   8.000000E+2,   8.000300E+3,   0.000000E+0,   0.000000E+0,   2.000000E+1,   0.000000E+0,   0.000000E+0,   0.000000E+0,   9.973037E+2,   2.753163E-2,   1.026611E-1,   1.490409E+3,   6.989742E-2,   2.349854E-1,   2.420151E+1,   2.492085E-2,   1.496222E+3,   4.900689E-3,   7.036590E+0,   2.065059E-4,   100,1,1,1
       1471,2026-09-30,11:12:33.502,         88,        303,   8.000000E+2,   8.000300E+3,   0.000000E+0,   0.000000E+0,   2.000000E+1,   0.000000E+0,   0.000000E+0,   0.000000E+0,   9.971765E+2,   3.291165E-2,   1.134033E-1,   1.490196E+3,   1.864608E-2,   9.350586E-2,   2.430634E+1,   2.560035E-2,   1.496218E+3,   3.533416E-3,   7.037229E+0,   5.984272E-5,   100,1,1,1
       1472,2026-09-30,11:14:33.504,         89,        303,   8.000000E+2,   8.000300E+3,   0.000000E+0,   0.000000E+0,   2.000000E+1,   0.000000E+0,   0.000000E+0,   0.000000E+0,   9.970710E+2,   3.433144E-2,   1.380005E-1,   1.490201E+3,   1.673774E-2,   7.104492E-2,   2.440971E+1,   2.493817E-2,   1.496214E+3,   4.820937E-3,   7.037243E+0,   4.124058E-5,   100,1,1,1
       1473,2026-09-30,11:16:33.506,         90,        303,   8.000000E+2,   8.000300E+3,   0.000000E+0,   0.000000E+0,   2.000000E+1,   0.000000E+0,   0.000000E+0,   0.000000E+0,   9.969482E+2,   4.088363E-2,   1.514282E-1,   1.490308E+3,   3.612707E-2,   1.260986E-1,   2.451217E+1,   2.417902E-2,   1.496204E+3,   6.219689E-3,   7.036964E+0,   9.683570E-5,   100,1,1,1
       1474,2026-09-30,11:18:33.508,         91,        303,   8.000000E+2,   8.000300E+3,   0.000000E+0,   0.000000E+0,   2.000000E+1,   0.000000E+0,   0.000000E+0,   0.000000E+0,   9.968621E+2,   2.221954E-2,   9.429932E-2,   1.490421E+3,   3.164295E-2,   1.110840E-1,   2.461071E+1,   2.337985E-2,   1.496201E+3,   3.077307E-3,   7.036669E+0,   8.419443E-5,   100,1,1,1
       1475,2026-09-30,11:20:33.510,         92,        303,   8.000000E+2,   8.000300E+3,   0.000000E+0,   0.000000E+0,   2.000000E+1,   0.000000E+0,   0.000000E+0,   0.000000E+0,   9.967776E+2,   3.031842E-2,   1.096802E-1,   1.490546E+3,   3.259637E-2,   1.113281E-1,   2.470487E+1,   2.262178E-2,   1.496197E+3,   3.994746E-3,   7.036335E+0,   8.710434E-5,   100,1,1,1
       1476,2026-09-30,11:22:33.512,         93,        303,   8.000000E+2,   8.000300E+3,   0.000000E+0,   0.000000E+0,   2.000000E+1,   0.000000E+0,   0.000000E+0,   0.000000E+0,   9.966630E+2,   2.574818E-2,   1.155396E-1,   1.490674E+3,   3.324764E-2,   1.132813E-1,   2.479627E+1,   2.169901E-2,   1.496185E+3,   3.613077E-3,   7.035996E+0,   8.920670E-5,   100,1,1,1
       1477,2026-09-30,11:24:33.514,         94,        303,   8.000000E+2,   8.000300E+3,   0.000000E+0,   0.000000E+0,   2.000000E+1,   0.000000E+0,   0.000000E+0,   0.000000E+0,   9.963566E+2,   5.266129E-1,   4.046509E+0,   1.490954E+3,   1.417601E+0,   1.404822E+1,   2.488123E+1,   8.793314E-2,   1.496124E+3,   1.211115E-1,   7.035219E+0,   4.039012E-3,   100,0,1,0
       1478,2026-09-30,11:26:33.516,         95,        303,   8.000000E+2,   8.000300E+3,   0.000000E+0,   0.000000E+0,   2.000000E+1,   0.000000E+0,   0.000000E+0,   0.000000E+0,   9.960186E+2,   3.682020E+0,   1.583313E+1,   1.505783E+3,   2.798578E+0,   1.760974E+1,   2.424083E+1,   3.597751E-2,   1.495880E+3,   8.974289E-1,   6.993054E+0,   7.893145E-3,   100,0,1,0
       1479,2026-09-30,11:28:33.518,         96,        303,   8.000000E+2,   8.000300E+3,   0.000000E+0,   0.000000E+0,   2.000000E+1,   0.000000E+0,   0.000000E+0,   0.000000E+0,   9.975938E+2,   5.219816E-2,   1.884766E-1,   1.504894E+3,   1.913856E-1,   6.533203E-1,   2.429926E+1,   2.231123E-2,   1.496334E+3,   4.426694E-3,   6.995549E+0,   5.433873E-4,   100,1,1,1
       1480,2026-09-30,11:30:33.520,         97,        303,   8.000000E+2,   8.000300E+3,   0.000000E+0,   0.000000E+0,   2.000000E+1,   0.000000E+0,   0.000000E+0,   0.000000E+0,   9.973910E+2,   4.688883E-2,   1.689453E-1,   1.504406E+3,   6.943192E-2,   2.579346E-1,   2.439847E+1,   2.530017E-2,   1.496330E+3,   4.854446E-3,   6.996948E+0,   2.018646E-4,   100,1,1,1
       1481,2026-09-30,11:32:33.522,         98,        303,   8.000000E+2,   8.000300E+3,   0.000000E+0,   0.000000E+0,   2.000000E+1,   0.000000E+0,   0.000000E+0,   0.000000E+0,   9.972419E+2,   3.762460E-2,   1.625977E-1,   1.504213E+3,   3.450912E-2,   1.314697E-1,   2.450258E+1,   2.696450E-2,   1.496321E+3,   4.573413E-3,   6.997518E+0,   1.042373E-4,   100,1,1,1
       1482,2026-09-30,11:34:33.524,         99,        303,   8.000000E+2,   8.000300E+3,   0.000000E+0,   0.000000E+0,   2.000000E+1,   0.000000E+0,   0.000000E+0,   0.000000E+0,   9.970732E+2,   4.433652E-2,   1.604614E-1,   1.504090E+3,   1.674594E-2,   8.459473E-2,   2.461193E+1,   2.589755E-2,   1.496301E+3,   6.554802E-3,   6.997894E+0,   5.307184E-5,   100,1,1,1
       1483,2026-09-30,11:36:33.526,        100,        303,   8.000000E+2,   8.000300E+3,   0.000000E+0,   0.000000E+0,   2.000000E+1,   0.000000E+0,   0.000000E+0,   0.000000E+0,   9.969592E+2,   2.442851E-2,   1.005249E-1,   1.504073E+3,   1.169510E-2,   5.163574E-2,   2.471761E+1,   2.516684E-2,   1.496291E+3,   3.124431E-3,   6.997969E+0,   2.696500E-5,   100,1,1,1
       1484,2026-09-30,11:38:33.528,        101,        303,   8.000000E+2,   8.000300E+3,   0.000000E+0,   0.000000E+0,   2.000000E+1,   0.000000E+0,   0.000000E+0,   0.000000E+0,   9.968483E+2,   2.779436E-2,   9.753418E-2,   1.504136E+3,   2.046249E-2,   8.447266E-2,   2.481970E+1,   2.412816E-2,   1.496280E+3,   4.002815E-3,   6.997821E+0,   5.117334E-5,   100,1,1,1
       1485,2026-09-30,11:40:33.530,        102,        303,   8.000000E+2,   8.000300E+3,   0.000000E+0,   0.000000E+0,   2.000000E+1,   0.000000E+0,   0.000000E+0,   0.000000E+0,   9.967524E+2,   2.398802E-2,   8.923340E-2,   1.504244E+3,   2.739583E-2,   9.863281E-2,   2.491753E+1,   2.313809E-2,   1.496271E+3,   3.300982E-3,   6.997546E+0,   7.081790E-5,   100,1,1,1
       1486,2026-09-30,11:42:33.532,        103,        303,   8.000000E+2,   8.000300E+3,   0.000000E+0,   0.000000E+0,   2.000000E+1,   0.000000E+0,   0.000000E+0,   0.000000E+0,   9.966728E+2,   2.204606E-2,   8.630371E-2,   1.504349E+3,   2.864709E-2,   1.065674E-1,   2.501077E+1,   2.202335E-2,   1.496265E+3,   3.356724E-3,   6.997275E+0,   7.459823E-5,   100,1,1,1
       1487,2026-09-30,11:44:33.534,        104,        303,   8.000000E+2,   8.000300E+3,   0.000000E+0,   0.000000E+0,   2.000000E+1,   0.000000E+0,   0.000000E+0,   0.000000E+0,   9.965840E+2,   2.569361E-2,   1.090698E-1,   1.504465E+3,   2.858303E-2,   1.115723E-1,   2.509973E+1,   2.109229E-2,   1.496257E+3,   3.845933E-3,   6.996974E+0,   7.462662E-5,   100,1,1,1
       1488,2026-09-30,11:46:33.536,        105,        303,   8.000000E+2,   8.000300E+3,   0.000000E+0,   0.000000E+0,   2.000000E+1,   0.000000E+0,   0.000000E+0,   0.000000E+0,   9.964836E+2,   2.723437E-2,   1.066895E-1,   1.504586E+3,   2.931294E-2,   1.127930E-1,   2.518466E+1,   2.008812E-2,   1.496245E+3,   4.138488E-3,   6.996658E+0,   7.694491E-5,   100,1,1,1
       1489,2026-09-30,11:48:33.539,        106,        303,   8.000000E+2,   8.000300E+3,   0.000000E+0,   0.000000E+0,   2.000000E+1,   0.000000E+0,   0.000000E+0,   0.000000E+0,   9.963890E+2,   3.300090E-2,   1.314697E-1,   1.504703E+3,   2.971959E-2,   1.068115E-1,   2.526593E+1,   1.921749E-2,   1.496234E+3,   5.362417E-3,   6.996350E+0,   7.828072E-5,   100,1,1,1
       1490,2026-09-30,11:50:33.541,        107,        303,   8.000000E+2,   8.000300E+3,   0.000000E+0,   0.000000E+0,   2.000000E+1,   0.000000E+0,   0.000000E+0,   0.000000E+0,   9.962654E+2,   3.666114E-2,   1.510620E-1,   1.504817E+3,   2.811433E-2,   9.960938E-2,   2.534303E+1,   1.836036E-2,   1.496216E+3,   6.223156E-3,   6.996052E+0,   7.398491E-5,   100,1,1,1
       1491,2026-09-30,11:52:33.543,        108,        303,   8.000000E+2,   8.000300E+3,   0.000000E+0,   0.000000E+0,   2.000000E+1,   0.000000E+0,   0.000000E+0,   0.000000E+0,   9.961086E+2,   3.633966E-2,   1.237793E-1,   1.504934E+3,   3.037704E-2,   1.130371E-1,   2.541731E+1,   1.756908E-2,   1.496189E+3,   6.300411E-3,   6.995743E+0,   8.054989E-5,   100,1,1,1
       1492,2026-09-30,11:54:33.544,        109,        303,   8.000000E+2,   8.000300E+3,   0.000000E+0,   0.000000E+0,   2.000000E+1,   0.000000E+0,   0.000000E+0,   0.000000E+0,   9.959871E+2,   3.017688E-2,   1.235352E-1,   1.505058E+3,   2.918968E-2,   1.102295E-1,   2.548856E+1,   1.689523E-2,   1.496171E+3,   5.077932E-3,   6.995416E+0,   7.739498E-5,   100,1,1,1
       1493,2026-09-30,11:56:33.546,        110,        303,   8.000000E+2,   8.000300E+3,   0.000000E+0,   0.000000E+0,   2.000000E+1,   0.000000E+0,   0.000000E+0,   0.000000E+0,   9.958945E+2,   2.155526E-2,   8.483887E-2,   1.505182E+3,   3.157214E-2,   1.102295E-1,   2.555679E+1,   1.613266E-2,   1.496159E+3,   3.064515E-3,   6.995086E+0,   8.425829E-5,   100,1,1,1
       1494,2026-09-30,11:58:33.549,        111,        303,   8.000000E+2,   8.000300E+3,   0.000000E+0,   0.000000E+0,   2.000000E+1,   0.000000E+0,   0.000000E+0,   0.000000E+0,   9.956860E+2,   3.863466E-1,   2.737915E+0,   1.504864E+3,   1.611280E+0,   1.074744E+1,   2.555797E+1,   2.069497E-1,   1.496244E+3,   1.395253E+0,   6.995985E+0,   4.506005E-3,   100,0,1,0
       1495,2026-09-30,12:00:33.551,        112,        303,   8.000000E+2,   8.000300E+3,   0.000000E+0,   0.000000E+0,   2.000000E+1,   0.000000E+0,   0.000000E+0,   0.000000E+0,   9.970383E+2,   2.948627E+0,   7.991150E+0,   1.505150E+3,   1.421753E+0,   6.924805E+0,   2.417735E+1,   5.498890E-2,   1.496127E+3,   7.186558E-1,   6.994801E+0,   3.973354E-3,   100,0,1,0
       1496,2026-09-30,12:02:33.553,        113,        303,   8.000000E+2,   8.000300E+3,   0.000000E+0,   0.000000E+0,   2.000000E+1,   0.000000E+0,   0.000000E+0,   0.000000E+0,   9.988533E+2,   7.038463E-2,   2.615967E-1,   1.503940E+3,   1.351493E-1,   4.698486E-1,   2.424490E+1,   2.704295E-2,   1.496659E+3,   4.462077E-3,   6.998215E+0,   3.873232E-4,   100,1,1,1
       1497,2026-09-30,12:04:33.555,        114,        303,   8.000000E+2,   8.000300E+3,   0.000000E+0,   0.000000E+0,   2.000000E+1,   0.000000E+0,   0.000000E+0,   0.000000E+0,   9.986340E+2,   4.510698E-2,   1.595459E-1,   1.503595E+3,   3.213298E-2,   1.195068E-1,   2.436378E+1,   2.984066E-2,   1.496669E+3,   2.756796E-3,   6.999217E+0,   9.798216E-5,   100,0,1,0
       1498,2026-09-30,12:06:33.557,        115,        303,   8.000000E+2,   8.000300E+3,   0.000000E+0,   0.000000E+0,   2.000000E+1,   0.000000E+0,   0.000000E+0,   0.000000E+0,   9.984891E+2,   2.634728E-2,   1.012573E-1,   1.503495E+3,   2.295980E-2,   8.520508E-2,   2.448826E+1,   3.092526E-2,   1.496669E+3,   2.820469E-3,   6.999534E+0,   7.288635E-5,   100,0,1,0
       1499,2026-09-30,12:08:33.559,        116,        303,   8.000000E+2,   8.000300E+3,   0.000000E+0,   0.000000E+0,   2.000000E+1,   0.000000E+0,   0.000000E+0,   0.000000E+0,   9.983896E+2,   2.397163E-2,   9.759521E-2,   1.503456E+3,   8.599855E-3,   3.979492E-2,   2.461076E+1,   3.016368E-2,   1.496669E+3,   2.645876E-3,   6.999675E+0,   1.950854E-5,   100,0,1,0
       1500,2026-09-30,12:10:33.561,        117,        303,   8.000000E+2,   8.000300E+3,   0.000000E+0,   0.000000E+0,   2.000000E+1,   0.000000E+0,   0.000000E+0,   0.000000E+0,   9.983203E+2,   2.091584E-2,   8.435059E-2,   1.503502E+3,   2.229287E-2,   8.264160E-2,   2.473437E+1,   2.889638E-2,   1.496672E+3,   2.549693E-3,   6.999582E+0,   5.526432E-5,   100,1,1,1
       1501,2026-09-30,12:12:33.563,        118,        303,   8.000000E+2,   8.000300E+3,   0.000000E+0,   0.000000E+0,   2.000000E+1,   0.000000E+0,   0.000000E+0,   0.000000E+0,   9.982453E+2,   2.020664E-2,   7.580566E-2,   1.503601E+3,   2.643738E-2,   1.016846E-1,   2.485109E+1,   2.758422E-2,   1.496670E+3,   2.466518E-3,   6.999333E+0,   6.696584E-5,   100,1,1,1
       1502,2026-09-30,12:14:33.565,        119,        303,   8.000000E+2,   8.000300E+3,   0.000000E+0,   0.000000E+0,   2.000000E+1,   0.000000E+0,   0.000000E+0,   0.000000E+0,   9.981840E+2,   2.740981E-2,   1.172485E-1,   1.503720E+3,   3.233190E-2,   1.171875E-1,   2.496042E+1,   2.720924E-2,   1.496670E+3,   4.080852E-3,   6.999028E+0,   8.352428E-5,   100,1,1,1
       1503,2026-09-30,12:16:33.567,        120,        303,   8.000000E+2,   8.000300E+3,   0.000000E+0,   0.000000E+0,   2.000000E+1,   0.000000E+0,   0.000000E+0,   0.000000E+0,   9.981078E+2,   1.887500E-2,   9.014893E-2,   1.503854E+3,   3.132860E-2,   1.149902E-1,   2.506764E+1,   2.478862E-2,   1.496666E+3,   2.985466E-3,   6.998683E+0,   8.137323E-5,   100,1,1,1
       1504,2026-09-30,12:18:33.569,        121,        303,   8.000000E+2,   8.000300E+3,   0.000000E+0,   0.000000E+0,   2.000000E+1,   0.000000E+0,   0.000000E+0,   0.000000E+0,   9.980321E+2,   2.183965E-2,   7.373047E-2,   1.503984E+3,   2.969446E-2,   1.121826E-1,   2.516735E+1,   2.346952E-2,   1.496661E+3,   3.751124E-3,   6.998344E+0,   7.712782E-5,   100,1,1,1
       1505,2026-09-30,12:20:33.571,        122,        303,   8.000000E+2,   8.000300E+3,   0.000000E+0,   0.000000E+0,   2.000000E+1,   0.000000E+0,   0.000000E+0,   0.000000E+0,   9.979539E+2,   2.399105E-2,   1.022949E-1,   1.504103E+3,   2.920448E-2,   1.131592E-1,   2.526167E+1,   2.218499E-2,   1.496655E+3,   3.634566E-3,   6.998036E+0,   7.610184E-5,   100,1,1,1
       1506,2026-09-30,12:22:33.573,        123,        303,   8.000000E+2,   8.000300E+3,   0.000000E+0,   0.000000E+0,   2.000000E+1,   0.000000E+0,   0.000000E+0,   0.000000E+0,   9.978442E+2,   2.927333E-2,   1.035767E-1,   1.504223E+3,   2.889094E-2,   1.080322E-1,   2.535132E+1,   2.110586E-2,   1.496640E+3,   4.828115E-3,   6.997723E+0,   7.553070E-5,   100,1,1,1
       1507,2026-09-30,12:24:33.575,        124,        303,   8.000000E+2,   8.000300E+3,   0.000000E+0,   0.000000E+0,   2.000000E+1,   0.000000E+0,   0.000000E+0,   0.000000E+0,   9.977230E+2,   4.037035E-2,   1.506958E-1,   1.504346E+3,   3.229883E-2,   1.170654E-1,   2.543655E+1,   2.002912E-2,   1.496623E+3,   7.121212E-3,   6.997402E+0,   8.533536E-5,   100,1,1,1
       1508,2026-09-30,12:26:33.577,        125,        303,   8.000000E+2,   8.000300E+3,   0.000000E+0,   0.000000E+0,   2.000000E+1,   0.000000E+0,   0.000000E+0,   0.000000E+0,   9.976127E+2,   1.706768E-2,   7.995605E-2,   1.504469E+3,   2.879833E-2,   1.114502E-1,   2.551650E+1,   1.898715E-2,   1.496607E+3,   2.415589E-3,   6.997078E+0,   7.578947E-5,   100,1,1,1
       1509,2026-09-30,12:28:33.579,        126,        303,   8.000000E+2,   8.000300E+3,   0.000000E+0,   0.000000E+0,   2.000000E+1,   0.000000E+0,   0.000000E+0,   0.000000E+0,   9.985277E+2,   3.263863E+0,   1.211987E+1,   1.500555E+3,   4.366788E+0,   1.640967E+1,   2.500729E+1,   5.787526E-1,   1.496676E+3,   7.216985E-1,   7.008000E+0,   1.223405E-2,   100,0,1,0
       1510,2026-09-30,12:30:33.581,        127,        303,   8.000000E+2,   8.000300E+3,   0.000000E+0,   0.000000E+0,   2.000000E+1,   0.000000E+0,   0.000000E+0,   0.000000E+0,   1.004188E+3,   2.343692E-1,   1.301453E+0,   1.493325E+3,   5.110407E-1,   2.228027E+0,   2.401118E+1,   4.651343E-2,   1.497801E+3,   6.003048E-2,   7.028206E+0,   1.446657E-3,   100,0,1,0
       1511,2026-09-30,12:32:33.583,        128,        303,   8.000000E+2,   8.000300E+3,   0.000000E+0,   0.000000E+0,   2.000000E+1,   0.000000E+0,   0.000000E+0,   0.000000E+0,   1.005155E+3,   8.023052E-1,   2.150635E+0,   1.488294E+3,   4.000032E+0,   1.084387E+1,   2.392795E+1,   1.311991E-2,   1.498027E+3,   2.061655E-1,   7.042609E+0,   1.149718E-2,   100,0,1,0
       1512,2026-09-30,12:34:33.585,        129,        303,   8.000000E+2,   8.000300E+3,   0.000000E+0,   0.000000E+0,   2.000000E+1,   0.000000E+0,   0.000000E+0,   0.000000E+0,   1.003760E+3,   2.526623E+0,   6.092346E+0,   1.485506E+3,   5.088453E+0,   1.579187E+1,   2.404235E+1,   8.198106E-2,   1.497731E+3,   6.320773E-1,   7.050678E+0,   1.464363E-2,   100,0,1,0
       1513,2026-09-30,12:36:33.587,        130,        303,   8.000000E+2,   8.000300E+3,   0.000000E+0,   0.000000E+0,   2.000000E+1,   0.000000E+0,   0.000000E+0,   0.000000E+0,   1.001988E+3,   8.327471E-2,   2.880249E-1,   1.483259E+3,   5.651885E-1,   1.974609E+0,   2.412657E+1,   2.572809E-2,   1.497362E+3,   4.085991E-2,   7.057139E+0,   1.639994E-3,   100,1,1,1
       1514,2026-09-30,12:38:33.589,        131,        303,   8.000000E+2,   8.000300E+3,   0.000000E+0,   0.000000E+0,   2.000000E+1,   0.000000E+0,   0.000000E+0,   0.000000E+0,   1.002722E+3,   8.954449E-1,   4.794312E+0,   1.492685E+3,   7.037389E+0,   1.812231E+1,   2.408386E+1,   1.405474E-1,          +INF,           NaN,   7.030147E+0,   2.017448E-2,   100,0,1,0
       1515,2026-09-30,12:40:33.591,        132,        303,   8.000000E+2,   8.000300E+3,   0.000000E+0,   0.000000E+0,   2.000000E+1,   0.000000E+0,   0.000000E+0,   0.000000E+0,   1.004136E+3,   3.630591E-1,   1.968689E+0,   1.494483E+3,   7.143618E-1,   3.175659E+0,   2.389950E+1,   1.406367E-2,   1.497767E+3,   8.416417E-2,   7.024879E+0,   2.029936E-3,   100,0,1,0
       1516,2026-09-30,12:42:33.593,        133,        303,   8.000000E+2,   8.000300E+3,   0.000000E+0,   0.000000E+0,   2.000000E+1,   0.000000E+0,   0.000000E+0,   0.000000E+0,   1.004441E+3,   2.778399E-1,   1.275146E+0,   1.492911E+3,   4.413203E-1,   2.008911E+0,   2.386381E+1,   5.341500E-3,   1.497831E+3,   6.709713E-2,   7.029348E+0,   1.258167E-3,   100,0,1,0
       1517,2026-09-30,12:44:33.595,        134,        303,   8.000000E+2,   8.000300E+3,   0.000000E+0,   0.000000E+0,   2.000000E+1,   0.000000E+0,   0.000000E+0,   0.000000E+0,   1.004766E+3,   3.457838E-1,   1.477661E+0,   1.492259E+3,   3.337730E-1,   1.338379E+0,   2.384315E+1,   4.652781E-3,   1.497904E+3,   8.290916E-2,   7.031204E+0,   9.524692E-4,   100,0,1,0
       1518,2026-09-30,12:46:33.597,        135,        303,   8.000000E+2,   8.000300E+3,   0.000000E+0,   0.000000E+0,   2.000000E+1,   0.000000E+0,   0.000000E+0,   0.000000E+0,   1.004419E+3,   1.418025E-1,   6.023560E-1,   1.491706E+3,   2.868341E-1,   1.464966E+0,   2.382895E+1,   2.022937E-3,   1.497819E+3,   3.364154E-2,   7.032780E+0,   8.194875E-4,   100,0,1,0
       1519,2026-09-30,12:48:33.600,        136,        303,   8.000000E+2,   8.000300E+3,   0.000000E+0,   0.000000E+0,   2.000000E+1,   0.000000E+0,   0.000000E+0,   0.000000E+0,   1.004799E+3,   1.439971E-1,   6.119995E-1,   1.491156E+3,   2.768967E-1,   1.299683E+0,   2.382804E+1,   1.096812E-3,   1.497910E+3,   3.440373E-2,   7.034349E+0,   7.919700E-4,   100,0,1,0
       1520,2026-09-30,12:50:33.601,        137,        303,   8.000000E+2,   8.000300E+3,   0.000000E+0,   0.000000E+0,   2.000000E+1,   0.000000E+0,   0.000000E+0,   0.000000E+0,   1.004886E+3,   1.310654E-1,   6.702881E-1,   1.490936E+3,   2.715585E-1,   1.233276E+0,   2.383386E+1,   1.930329E-3,   1.497932E+3,   3.136209E-2,   7.034983E+0,   7.769163E-4,   100,0,1,0
       1521,2026-09-30,12:52:33.604,        138,        303,   8.000000E+2,   8.000300E+3,   0.000000E+0,   0.000000E+0,   2.000000E+1,   0.000000E+0,   0.000000E+0,   0.000000E+0,   1.005151E+3,   1.546555E-1,   7.528076E-1,   1.490565E+3,   2.933544E-1,   1.300659E+0,   2.384110E+1,   2.778375E-3,   1.497996E+3,   3.706057E-2,   7.036045E+0,   8.397879E-4,   100,0,1,0
       1522,2026-09-30,12:54:33.606,        139,        303,   8.000000E+2,   8.000300E+3,   0.000000E+0,   0.000000E+0,   2.000000E+1,   0.000000E+0,   0.000000E+0,   0.000000E+0,   1.005356E+3,   1.270059E-1,   5.882568E-1,   1.490213E+3,   2.640632E-1,   1.187622E+0,   2.384858E+1,   1.904613E-3,   1.498047E+3,   3.048906E-2,   7.037054E+0,   7.562311E-4,   100,0,1,0
       1523,2026-09-30,12:56:33.608,        140,        303,   8.000000E+2,   8.000300E+3,   0.000000E+0,   0.000000E+0,   2.000000E+1,   0.000000E+0,   0.000000E+0,   0.000000E+0,   1.005292E+3,   1.717552E-1,   7.329102E-1,   1.490184E+3,   2.790023E-1,   1.600220E+0,   2.386176E+1,   4.008994E-3,   1.498035E+3,   4.139886E-2,   7.037141E+0,   7.994217E-4,   100,0,1,0
       1524,2026-09-30,12:58:33.610,        141,        303,   8.000000E+2,   8.000300E+3,   0.000000E+0,   0.000000E+0,   2.000000E+1,   0.000000E+0,   0.000000E+0,   0.000000E+0,   1.005472E+3,   1.163648E-1,   4.676514E-1,   1.490079E+3,   2.715083E-1,   1.371338E+0,   2.387955E+1,   4.013818E-3,   1.498082E+3,   2.827858E-2,   7.037447E+0,   7.776802E-4,   100,0,1,0
       1525,2026-09-30,13:00:33.612,        142,        303,   8.000000E+2,   8.000300E+3,   0.000000E+0,   0.000000E+0,   2.000000E+1,   0.000000E+0,   0.000000E+0,   0.000000E+0,   1.005529E+3,   1.234354E-1,   5.454102E-1,   1.489971E+3,   2.727732E-1,   1.249146E+0,   2.389790E+1,   5.225609E-3,   1.498099E+3,   2.948810E-2,   7.037762E+0,   7.814963E-4,   100,0,1,0
       1526,2026-09-30,13:02:33.614,        143,        303,   8.000000E+2,   8.000300E+3,   0.000000E+0,   0.000000E+0,   2.000000E+1,   0.000000E+0,   0.000000E+0,   0.000000E+0,   1.006135E+3,   1.661083E-1,   6.447754E-1,   1.489555E+3,   3.174200E-1,   1.513306E+0,   2.392146E+1,   5.746000E-3,   1.498249E+3,   3.991784E-2,   7.038961E+0,   9.090503E-4,   100,0,1,0
       1527,2026-09-30,13:04:33.616,        144,        303,   8.000000E+2,   8.000300E+3,   0.000000E+0,   0.000000E+0,   2.000000E+1,   0.000000E+0,   0.000000E+0,   0.000000E+0,   1.006799E+3,   1.002043E-1,   5.312500E-1,   1.489042E+3,   2.403883E-1,   1.153687E+0,   2.394357E+1,   5.704116E-3,   1.498414E+3,   2.474945E-2,   7.040438E+0,   6.899294E-4,   100,0,1,0
       1528,2026-09-30,13:06:33.618,        145,        303,   8.000000E+2,   8.000300E+3,   0.000000E+0,   0.000000E+0,   2.000000E+1,   0.000000E+0,   0.000000E+0,   0.000000E+0,   1.006937E+3,   1.371258E-1,   7.147217E-1,   1.488771E+3,   2.755926E-1,   1.285645E+0,   2.396710E+1,   5.540608E-3,   1.498451E+3,   3.257103E-2,   7.041219E+0,   7.908772E-4,   100,0,1,0
       1529,2026-09-30,13:08:33.620,        146,        303,   8.000000E+2,   8.000300E+3,   0.000000E+0,   0.000000E+0,   2.000000E+1,   0.000000E+0,   0.000000E+0,   0.000000E+0,   1.006800E+3,   2.432422E-1,   1.166504E+0,   1.489056E+3,   4.714434E-1,   2.251465E+0,   2.400704E+1,   3.046578E-2,   1.498427E+3,   5.280130E-2,   7.040415E+0,   1.345356E-3,   100,0,1,0
       1530,2026-09-30,13:10:33.622,        147,        303,   8.000000E+2,   8.000300E+3,   0.000000E+0,   0.000000E+0,   2.000000E+1,   0.000000E+0,   0.000000E+0,   0.000000E+0,   1.006572E+3,   1.986049E-1,   7.664795E-1,   1.490486E+3,   5.073838E-1,   1.916992E+0,   2.418993E+1,   1.934027E-2,   1.498410E+3,   5.013673E-2,   7.036368E+0,   1.454663E-3,   100,0,1,0
       1531,2026-09-30,13:12:33.624,        148,        303,   8.000000E+2,   8.000300E+3,   0.000000E+0,   0.000000E+0,   2.000000E+1,   0.000000E+0,   0.000000E+0,   0.000000E+0,   1.006668E+3,   1.144501E-1,   5.791626E-1,   1.489763E+3,   2.797137E-1,   1.587524E+0,   2.421563E+1,   3.432835E-3,   1.498438E+3,   2.782973E-2,   7.038444E+0,   8.019525E-4,   100,0,1,0
       1532,2026-09-30,13:14:33.626,        149,        303,   8.000000E+2,   8.000300E+3,   0.000000E+0,   0.000000E+0,   2.000000E+1,   0.000000E+0,   0.000000E+0,   0.000000E+0,   1.005516E+3,   1.173996E+0,   3.429749E+0,   1.492434E+3,   2.945389E+0,   8.550415E+0,   2.430100E+1,   6.420463E-2,   1.498179E+3,   2.692402E-1,   7.030844E+0,   8.378683E-3,   100,0,1,0
       1533,2026-09-30,13:16:33.628,        150,        303,   8.000000E+2,   8.000300E+3,   0.000000E+0,   0.000000E+0,   2.000000E+1,   0.000000E+0,   0.000000E+0,   0.000000E+0,   1.005060E+3,   4.927261E-1,   2.096313E+0,   1.498614E+3,   1.180386E+0,   4.708984E+0,   2.467233E+1,   1.065241E-1,   1.498146E+3,   1.074241E-1,   7.013361E+0,   3.314899E-3,   100,0,1,0
       1534,2026-09-30,13:18:33.630,        151,        303,   8.000000E+2,   8.000300E+3,   0.000000E+0,   0.000000E+0,   2.000000E+1,   0.000000E+0,   0.000000E+0,   0.000000E+0,   1.005932E+3,   8.282522E-1,   2.460510E+0,   1.497707E+3,   5.342849E-1,   2.180298E+0,   2.502396E+1,   3.853796E-2,   1.498426E+3,   1.935565E-1,   7.016026E+0,   1.511564E-3,   100,0,1,0
       1535,2026-09-30,13:20:33.632,        152,        303,   8.000000E+2,   8.000300E+3,   0.000000E+0,   0.000000E+0,   2.000000E+1,   0.000000E+0,   0.000000E+0,   0.000000E+0,   1.004374E+3,   7.067162E-1,   3.201233E+0,   1.500094E+3,   1.906857E+0,   6.469604E+0,   2.514261E+1,   7.662799E-2,   1.498076E+3,   1.657176E-1,   7.009309E+0,   5.378657E-3,   100,0,1,0
       1536,2026-09-30,13:22:33.634,        153,        303,   8.000000E+2,   8.000300E+3,   0.000000E+0,   0.000000E+0,   2.000000E+1,   0.000000E+0,   0.000000E+0,   0.000000E+0,   1.005697E+3,   6.376196E-1,   2.048889E+0,   1.499626E+3,   5.950612E-1,   3.014893E+0,   2.544918E+1,   3.934915E-2,   1.498457E+3,   1.478615E-1,   7.010708E+0,   1.681719E-3,   100,0,1,0
       1537,2026-09-30,13:24:33.636,        154,        303,   8.000000E+2,   8.000300E+3,   0.000000E+0,   0.000000E+0,   2.000000E+1,   0.000000E+0,   0.000000E+0,   0.000000E+0,   1.005237E+3,   1.364585E+0,   3.942566E+0,   1.500613E+3,   1.530422E+0,   5.395264E+0,   2.553962E+1,   6.432886E-2,   1.498366E+3,   3.415252E-1,   7.007950E+0,   4.334659E-3,   100,0,1,0
       1538,2026-09-30,13:26:33.638,        155,        303,   8.000000E+2,   8.000300E+3,   0.000000E+0,   0.000000E+0,   2.000000E+1,   0.000000E+0,   0.000000E+0,   0.000000E+0,   1.006188E+3,   2.331595E-1,   1.006531E+0,   1.497971E+3,   4.503103E-1,   1.954956E+0,   2.562747E+1,   1.620956E-2,   1.498612E+3,   5.654833E-2,   7.015443E+0,   1.273266E-3,   100,0,1,0
       1539,2026-09-30,13:28:33.640,        156,        303,   8.000000E+2,   8.000300E+3,   0.000000E+0,   0.000000E+0,   2.000000E+1,   0.000000E+0,   0.000000E+0,   0.000000E+0,   1.005519E+3,   3.594545E-1,   1.279907E+0,   1.497509E+3,   6.013005E-1,   3.573120E+0,   2.555281E+1,   2.065778E-2,   1.498435E+3,   9.138476E-2,   7.016732E+0,   1.706247E-3,   100,0,1,0
       1540,2026-09-30,13:30:33.642,        157,        303,   8.000000E+2,   8.000300E+3,   0.000000E+0,   0.000000E+0,   2.000000E+1,   0.000000E+0,   0.000000E+0,   0.000000E+0,   1.005732E+3,   4.354455E-1,   2.008728E+0,   1.499234E+3,   8.651553E-1,   3.901855E+0,   2.559480E+1,   3.085534E-2,   1.498497E+3,   1.083864E-1,   7.011858E+0,   2.453181E-3,   100,0,1,0
       1541,2026-09-30,13:32:33.644,        158,        303,   8.000000E+2,   8.000300E+3,   0.000000E+0,   0.000000E+0,   2.000000E+1,   0.000000E+0,   0.000000E+0,   0.000000E+0,   1.005862E+3,   1.078130E-1,   4.309692E-1,   1.497536E+3,   3.594919E-1,   1.626953E+0,   2.555451E+1,   2.081513E-2,   1.498519E+3,   2.727179E-2,   7.016658E+0,   1.015657E-3,   100,0,1,0
       1542,2026-09-30,13:34:33.646,        159,        303,   8.000000E+2,   8.000300E+3,   0.000000E+0,   0.000000E+0,   2.000000E+1,   0.000000E+0,   0.000000E+0,   0.000000E+0,   1.004884E+3,   9.052560E-1,   3.169739E+0,   1.499810E+3,   2.088406E+0,   6.675293E+0,   2.549054E+1,   2.192163E-2,   1.498272E+3,   2.222030E-1,   7.010208E+0,   5.907165E-3,   100,0,1,0
       1543,2026-09-30,13:36:33.649,        160,        303,   8.000000E+2,   8.000300E+3,   0.000000E+0,   0.000000E+0,   2.000000E+1,   0.000000E+0,   0.000000E+0,   0.000000E+0,   1.006993E+3,   2.607772E-1,   8.630371E-1,   1.498491E+3,   4.170070E-1,   1.990112E+0,   2.560197E+1,   1.167367E-2,   1.498800E+3,   6.353328E-2,   7.013965E+0,   1.179044E-3,   100,0,1,0
       1544,2026-09-30,13:38:33.651,        161,        303,   8.000000E+2,   8.000300E+3,   0.000000E+0,   0.000000E+0,   2.000000E+1,   0.000000E+0,   0.000000E+0,   0.000000E+0,   1.007074E+3,   1.365264E-1,   6.641846E-1,   1.496821E+3,   4.019749E-1,   1.679932E+0,   2.553597E+1,   1.768100E-2,   1.498806E+3,   3.297836E-2,   7.018679E+0,   1.137680E-3,   100,0,1,0
       1545,2026-09-30,13:40:33.653,        162,        303,   8.000000E+2,   8.000300E+3,   0.000000E+0,   0.000000E+0,   2.000000E+1,   0.000000E+0,   0.000000E+0,   0.000000E+0,   1.006694E+3,   1.704532E-1,   7.212524E-1,   1.496323E+3,   3.028729E-1,   1.630859E+0,   2.545947E+1,   1.940892E-2,   1.498699E+3,   4.199212E-2,   7.020074E+0,   8.582520E-4,   100,0,1,0
       1546,2026-09-30,13:42:33.655,        163,        303,   8.000000E+2,   8.000300E+3,   0.000000E+0,   0.000000E+0,   2.000000E+1,   0.000000E+0,   0.000000E+0,   0.000000E+0,   1.006772E+3,   1.093748E-1,   4.059448E-1,   1.495676E+3,   2.794147E-1,   1.360352E+0,   2.537797E+1,   1.844026E-2,   1.498702E+3,   2.856545E-2,   7.021888E+0,   7.938810E-4,   100,0,1,0
       1547,2026-09-30,13:44:33.657,        164,        303,   8.000000E+2,   8.000300E+3,   0.000000E+0,   0.000000E+0,   2.000000E+1,   0.000000E+0,   0.000000E+0,   0.000000E+0,   1.006442E+3,   2.913703E-1,   1.243896E+0,   1.495544E+3,   3.612962E-1,   1.529419E+0,   2.531008E+1,   1.569400E-2,   1.498608E+3,   6.790217E-2,   7.022245E+0,   1.025257E-3,   100,0,1,0
       1548,2026-09-30,13:46:33.659,        165,        303,   8.000000E+2,   8.000300E+3,   0.000000E+0,   0.000000E+0,   2.000000E+1,   0.000000E+0,   0.000000E+0,   0.000000E+0,   1.006815E+3,   1.221580E-1,   4.692383E-1,   1.495147E+3,   2.578941E-1,   1.332153E+0,   2.524556E+1,   1.549950E-2,   1.498685E+3,   3.087584E-2,   7.023356E+0,   7.339926E-4,   100,0,1,0
       1549,2026-09-30,13:48:33.661,        166,        303,   8.000000E+2,   8.000300E+3,   0.000000E+0,   0.000000E+0,   2.000000E+1,   0.000000E+0,   0.000000E+0,   0.000000E+0,   1.007092E+3,   1.502857E-1,   7.030029E-1,   1.494662E+3,   2.646778E-1,   1.479736E+0,   2.518811E+1,   1.252777E-2,   1.498740E+3,   3.536406E-2,   7.024721E+0,   7.528396E-4,   100,0,1,0
       1550,2026-09-30,13:50:33.663,        167,        303,   8.000000E+2,   8.000300E+3,   0.000000E+0,   0.000000E+0,   2.000000E+1,   0.000000E+0,   0.000000E+0,   0.000000E+0,   1.007101E+3,   1.565997E-1,   6.845703E-1,   1.494572E+3,   3.081972E-1,   1.699463E+0,   2.514101E+1,   1.096300E-2,   1.498732E+3,   3.822668E-2,   7.024964E+0,   8.776690E-4,   100,0,1,0
       1551,2026-09-30,13:52:33.665,        168,        303,   8.000000E+2,   8.000300E+3,   0.000000E+0,   0.000000E+0,   2.000000E+1,   0.000000E+0,   0.000000E+0,   0.000000E+0,   1.007378E+3,   1.330968E-1,   5.437012E-1,   1.494416E+3,   2.969834E-1,   1.534058E+0,   2.509890E+1,   9.294531E-3,   1.498791E+3,   3.345991E-2,   7.025396E+0,   8.464495E-4,   100,0,1,0
       1552,2026-09-30,13:54:33.667,        169,        303,   8.000000E+2,   8.000300E+3,   0.000000E+0,   0.000000E+0,   2.000000E+1,   0.000000E+0,   0.000000E+0,   0.000000E+0,   1.007406E+3,   1.478656E-1,   6.556396E-1,   1.494583E+3,   2.977902E-1,   1.513550E+0,   2.506571E+1,   7.768760E-3,   1.498790E+3,   3.476719E-2,   7.024911E+0,   8.474333E-4,   100,0,1,0
       1553,2026-09-30,13:56:33.669,        170,        303,   8.000000E+2,   8.000300E+3,   0.000000E+0,   0.000000E+0,   2.000000E+1,   0.000000E+0,   0.000000E+0,   0.000000E+0,   1.007758E+3,   1.507539E-1,   6.306763E-1,   1.494360E+3,   3.474586E-1,   1.481934E+0,   2.503561E+1,   6.845036E-3,   1.498868E+3,   3.678624E-2,   7.025538E+0,   9.902013E-4,   100,0,1,0
       1554,2026-09-30,13:58:33.671,        171,        303,   8.000000E+2,   8.000300E+3,   0.000000E+0,   0.000000E+0,   2.000000E+1,   0.000000E+0,   0.000000E+0,   0.000000E+0,   1.007669E+3,   1.342479E-1,   5.720215E-1,   1.494833E+3,   2.702470E-1,   1.205322E+0,   2.501013E+1,   5.803364E-3,   1.498842E+3,   3.196605E-2,   7.024184E+0,   7.688908E-4,   100,0,1,0
       1555,2026-09-30,14:00:33.673,        172,        303,   8.000000E+2,   8.000300E+3,   0.000000E+0,   0.000000E+0,   2.000000E+1,   0.000000E+0,   0.000000E+0,   0.000000E+0,   1.007749E+3,   1.826407E-1,   7.576294E-1,   1.494945E+3,   3.017121E-1,   1.211182E+0,   2.498785E+1,   4.803107E-3,   1.498857E+3,   4.345879E-2,   7.023861E+0,   8.583305E-4,   100,0,1,0
       1556,2026-09-30,14:02:33.675,        173,        303,   8.000000E+2,   8.000300E+3,   0.000000E+0,   0.000000E+0,   2.000000E+1,   0.000000E+0,   0.000000E+0,   0.000000E+0,   1.007950E+3,   1.522513E-1,   5.842285E-1,   1.494918E+3,   2.433094E-1,   1.099854E+0,   2.496660E+1,   4.841366E-3,   1.498900E+3,   3.664087E-2,   7.023930E+0,   6.924528E-4,   100,0,1,0
       1557,2026-09-30,14:04:33.677,        174,        303,   8.000000E+2,   8.000300E+3,   0.000000E+0,   0.000000E+0,   2.000000E+1,   0.000000E+0,   0.000000E+0,   0.000000E+0,   1.008023E+3,   1.600176E-1,   6.355591E-1,   1.494887E+3,   3.095728E-1,   1.425171E+0,   2.494795E+1,   4.829922E-3,   1.498914E+3,   3.920053E-2,   7.024016E+0,   8.815514E-4,   100,0,1,0
       1558,2026-09-30,14:06:33.679,        175,        303,   8.000000E+2,   8.000300E+3,   0.000000E+0,   0.000000E+0,   2.000000E+1,   0.000000E+0,   0.000000E+0,   0.000000E+0,   1.008115E+3,   1.086032E-1,   5.028687E-1,   1.494977E+3,   2.934579E-1,   1.372803E+0,   2.492687E+1,   4.824814E-3,   1.498932E+3,   2.634518E-2,   7.023753E+0,   8.355055E-4,   100,0,1,0
       1559,2026-09-30,14:08:33.681,        176,        303,   8.000000E+2,   8.000300E+3,   0.000000E+0,   0.000000E+0,   2.000000E+1,   0.000000E+0,   0.000000E+0,   0.000000E+0,   1.008163E+3,   1.193520E-1,   4.868164E-1,   1.495255E+3,   2.581459E-1,   1.317627E+0,   2.491403E+1,   2.576829E-3,   1.498940E+3,   2.897953E-2,   7.022959E+0,   7.343873E-4,   100,0,1,0
       1560,2026-09-30,14:10:33.683,        177,        303,   8.000000E+2,   8.000300E+3,   0.000000E+0,   0.000000E+0,   2.000000E+1,   0.000000E+0,   0.000000E+0,   0.000000E+0,   1.008233E+3,   3.302094E-1,   1.107727E+0,   1.495375E+3,   3.816556E-1,   1.709106E+0,   2.490247E+1,   3.910325E-3,   1.498955E+3,   7.839339E-2,   7.022613E+0,   1.084849E-3,   100,0,1,0
       1561,2026-09-30,14:12:33.685,        178,        303,   8.000000E+2,   8.000300E+3,   0.000000E+0,   0.000000E+0,   2.000000E+1,   0.000000E+0,   0.000000E+0,   0.000000E+0,   1.008580E+3,   1.277198E-1,   6.157227E-1,   1.495461E+3,   3.041229E-1,   1.446533E+0,   2.488746E+1,   2.384765E-3,   1.499036E+3,   3.043136E-2,   7.022365E+0,   8.649094E-4,   100,0,1,0
       1562,2026-09-30,14:14:33.687,        179,        303,   8.000000E+2,   8.000300E+3,   0.000000E+0,   0.000000E+0,   2.000000E+1,   0.000000E+0,   0.000000E+0,   0.000000E+0,   1.008858E+3,   1.394808E-1,   5.856934E-1,   1.495570E+3,   3.017730E-1,   1.421997E+0,   2.487790E+1,   2.949860E-3,   1.499100E+3,   3.330747E-2,   7.022053E+0,   8.579344E-4,   100,0,1,0
       1563,2026-09-30,14:16:33.689,        180,        303,   8.000000E+2,   8.000300E+3,   0.000000E+0,   0.000000E+0,   2.000000E+1,   0.000000E+0,   0.000000E+0,   0.000000E+0,   1.008866E+3,   2.189391E-1,   8.392334E-1,   1.495809E+3,   2.946535E-1,   1.555054E+0,   2.486739E+1,   2.121300E-3,   1.499100E+3,   5.229978E-2,   7.021370E+0,   8.373562E-4,   100,0,1,0
       1564,2026-09-30,14:18:33.691,        181,        303,   8.000000E+2,   8.000300E+3,   0.000000E+0,   0.000000E+0,   2.000000E+1,   0.000000E+0,   0.000000E+0,   0.000000E+0,   1.008903E+3,   2.528854E-1,   1.033447E+0,   1.495944E+3,   3.479143E-1,   1.673096E+0,   2.485910E+1,   1.772077E-3,   1.499107E+3,   6.095297E-2,   7.020983E+0,   9.885633E-4,   100,0,1,0
       1565,2026-09-30,14:20:33.693,        182,        303,   8.000000E+2,   8.000300E+3,   0.000000E+0,   0.000000E+0,   2.000000E+1,   0.000000E+0,   0.000000E+0,   0.000000E+0,   1.009022E+3,   1.071145E-1,   4.317017E-1,   1.496072E+3,   2.849264E-1,   1.210449E+0,   2.485079E+1,   2.068710E-3,   1.499135E+3,   2.554387E-2,   7.020618E+0,   8.095186E-4,   100,0,1,0
       1566,2026-09-30,14:22:33.695,        183,        303,   8.000000E+2,   8.000300E+3,   0.000000E+0,   0.000000E+0,   2.000000E+1,   0.000000E+0,   0.000000E+0,   0.000000E+0,   1.008899E+3,   1.921418E-1,   7.358398E-1,   1.496246E+3,   2.699175E-1,   1.209961E+0,   2.484365E+1,   8.206206E-4,   1.499103E+3,   4.613502E-2,   7.020122E+0,   7.666504E-4,   100,0,1,0
       1567,2026-09-30,14:24:33.697,        184,        303,   8.000000E+2,   8.000300E+3,   0.000000E+0,   0.000000E+0,   2.000000E+1,   0.000000E+0,   0.000000E+0,   0.000000E+0,   1.008858E+3,   3.061852E-1,   1.004456E+0,   1.496306E+3,   2.978793E-1,   1.369873E+0,   2.484039E+1,   1.398558E-3,   1.499093E+3,   7.326480E-2,   7.019950E+0,   8.459894E-4,   100,0,1,0
       1568,2026-09-30,14:26:33.699,        185,        303,   8.000000E+2,   8.000300E+3,   0.000000E+0,   0.000000E+0,   2.000000E+1,   0.000000E+0,   0.000000E+0,   0.000000E+0,   1.008902E+3,   3.578772E-1,   1.214783E+0,   1.496410E+3,   3.931164E-1,   1.764282E+0,   2.483302E+1,   1.551441E-3,   1.499102E+3,   8.636998E-2,   7.019653E+0,   1.116469E-3,   100,0,1,0
       1569,2026-09-30,14:28:33.702,        186,        303,   8.000000E+2,   8.000300E+3,   0.000000E+0,   0.000000E+0,   2.000000E+1,   0.000000E+0,   0.000000E+0,   0.000000E+0,   1.008422E+3,   7.198146E-1,   2.261475E+0,   1.497143E+3,   7.321367E-1,   2.521606E+0,   2.483134E+1,   3.901006E-4,   1.498987E+3,   1.729817E-1,   7.017574E+0,   2.077382E-3,   100,0,1,0
       1570,2026-09-30,14:30:33.704,        187,        303,   8.000000E+2,   8.000300E+3,   0.000000E+0,   0.000000E+0,   2.000000E+1,   0.000000E+0,   0.000000E+0,   0.000000E+0,   1.008881E+3,   3.871219E-1,   1.498535E+0,   1.496998E+3,   3.975996E-1,   2.068237E+0,   2.483141E+1,   4.038117E-4,   1.499096E+3,   9.309758E-2,   7.017984E+0,   1.127961E-3,   100,0,1,0
       1571,2026-09-30,14:32:33.706,        188,        303,   8.000000E+2,   8.000300E+3,   0.000000E+0,   0.000000E+0,   2.000000E+1,   0.000000E+0,   0.000000E+0,   0.000000E+0,   1.008432E+3,   3.943808E-1,   1.435242E+0,   1.497422E+3,   3.787379E-1,   2.013062E+0,   2.483655E+1,   2.913510E-3,   1.498991E+3,   9.514540E-2,   7.016783E+0,   1.074392E-3,   100,0,1,0
       1572,2026-09-30,14:34:33.708,        189,        303,   8.000000E+2,   8.000300E+3,   0.000000E+0,   0.000000E+0,   2.000000E+1,   0.000000E+0,   0.000000E+0,   0.000000E+0,   1.007959E+3,   1.909627E-1,   1.119141E+0,   1.499561E+3,   1.169445E+0,   4.796631E+0,   2.486298E+1,   1.522769E-2,   1.498889E+3,   4.465719E-2,   7.010733E+0,   3.307533E-3,   100,0,1,0
       1573,2026-09-30,14:36:33.710,        190,        303,   8.000000E+2,   8.000300E+3,   0.000000E+0,   0.000000E+0,   2.000000E+1,   0.000000E+0,   0.000000E+0,   0.000000E+0,   1.007941E+3,   2.004090E-2,   7.061768E-2,   1.499399E+3,   4.656346E-2,   1.480713E-1,   2.494138E+1,   2.355203E-2,   1.498933E+3,   7.357750E-3,   7.011211E+0,   1.376195E-4,   100,1,1,1
       1574,2026-09-30,14:38:33.712,        191,        303,   8.000000E+2,   8.000300E+3,   0.000000E+0,   0.000000E+0,   2.000000E+1,   0.000000E+0,   0.000000E+0,   0.000000E+0,   1.007761E+3,   6.730642E-2,   2.345581E-1,   1.499440E+3,   3.428737E-2,   1.282959E-1,   2.504381E+1,   2.616735E-2,   1.498929E+3,   8.275224E-3,   7.011124E+0,   8.987431E-5,   100,1,1,1
       1575,2026-09-30,14:40:33.714,        192,        303,   8.000000E+2,   8.000300E+3,   0.000000E+0,   0.000000E+0,   2.000000E+1,   0.000000E+0,   0.000000E+0,   0.000000E+0,   1.007523E+3,   4.408966E-2,   1.357422E-1,   1.499543E+3,   1.075540E-2,   4.162598E-2,   2.515374E+1,   2.824500E-2,   1.498902E+3,   4.167043E-3,   7.010863E+0,   2.323779E-5,   100,1,1,1
       1576,2026-09-30,14:42:33.716,        193,        303,   8.000000E+2,   8.000300E+3,   0.000000E+0,   0.000000E+0,   2.000000E+1,   0.000000E+0,   0.000000E+0,   0.000000E+0,   1.007380E+3,   3.202401E-2,   1.162109E-1,   1.499589E+3,   2.093806E-2,   7.434082E-2,   2.526945E+1,   2.957507E-2,   1.498893E+3,   1.805392E-3,   7.010765E+0,   5.133600E-5,   100,1,1,1
       1577,2026-09-30,14:44:33.718,        194,        303,   8.000000E+2,   8.000300E+3,   0.000000E+0,   0.000000E+0,   2.000000E+1,   0.000000E+0,   0.000000E+0,   0.000000E+0,   1.007251E+3,   2.899887E-2,   9.600830E-2,   1.499666E+3,   1.300320E-2,   5.554199E-2,   2.538236E+1,   2.871360E-2,   1.498884E+3,   1.742129E-3,   7.010577E+0,   2.946984E-5,   100,1,1,1
       1578,2026-10-01,07:35:49.795,          1,        304,   9.000000E+2,   9.000000E+3,   0.000000E+0,   0.000000E+0,   2.250000E+1,   0.000000E+0,   0.000000E+0,   0.000000E+0,   1.003760E+3,   1.151191E-1,   5.932007E-1,   1.482394E+3,   1.708706E-1,   8.901367E-1,   2.355707E+1,   5.595183E-2,   1.497599E+3,   3.420040E-2,   7.059483E+0,   4.897439E-4,   100,0,1,0
       1579,2026-10-01,07:36:19.797,          2,        304,   9.000000E+2,   9.000000E+3,   0.000000E+0,   0.000000E+0,   2.250000E+1,   0.000000E+0,   0.000000E+0,   0.000000E+0,   1.003753E+3,   1.213972E-1,   5.960083E-1,   1.482409E+3,   1.840000E-1,   1.103638E+0,   2.350404E+1,   4.962697E-2,   1.497587E+3,   3.151162E-2,   7.059425E+0,   5.351980E-4,   100,0,1,0
       1580,2026-10-01,07:36:49.799,          3,        304,   9.000000E+2,   9.000000E+3,   0.000000E+0,   0.000000E+0,   2.250000E+1,   0.000000E+0,   0.000000E+0,   0.000000E+0,   1.003800E+3,   1.594169E-1,   7.256470E-1,   1.482385E+3,   1.872032E-1,   1.103638E+0,   2.345346E+1,   4.499206E-2,   1.497588E+3,   3.395628E-2,   7.059480E+0,   5.423136E-4,   100,0,1,0
       1581,2026-10-01,07:37:19.801,          4,        304,   9.000000E+2,   9.000000E+3,   0.000000E+0,   0.000000E+0,   2.250000E+1,   0.000000E+0,   0.000000E+0,   0.000000E+0,   1.003853E+3,   1.806828E-1,   8.702393E-1,   1.482419E+3,   1.804231E-1,   8.913574E-1,   2.341022E+1,   4.140132E-2,   1.497592E+3,   4.473011E-2,   7.059370E+0,   5.235139E-4,   100,0,1,0
       1582,2026-10-01,07:37:49.803,          5,        304,   9.000000E+2,   9.000000E+3,   0.000000E+0,   0.000000E+0,   2.250000E+1,   0.000000E+0,   0.000000E+0,   0.000000E+0,   1.003826E+3,   1.893892E-1,   8.702393E-1,   1.482504E+3,   2.189765E-1,   9.847412E-1,   2.336751E+1,   3.834501E-2,   1.497577E+3,   4.842118E-2,   7.059112E+0,   6.395006E-4,   100,0,1,0
       1583,2026-10-01,07:38:19.805,          6,        304,   9.000000E+2,   9.000000E+3,   0.000000E+0,   0.000000E+0,   2.250000E+1,   0.000000E+0,   0.000000E+0,   0.000000E+0,   1.003756E+3,   1.963166E-1,   8.124390E-1,   1.482714E+3,   3.388290E-1,   1.365112E+0,   2.333034E+1,   3.599774E-2,   1.497553E+3,   5.237196E-2,   7.058494E+0,   9.888361E-4,   100,0,1,0
       1584,2026-10-01,07:38:49.807,          7,        304,   9.000000E+2,   9.000000E+3,   0.000000E+0,   0.000000E+0,   2.250000E+1,   0.000000E+0,   0.000000E+0,   0.000000E+0,   1.003582E+3,   1.779313E-1,   7.540283E-1,   1.483011E+3,   3.321147E-1,   1.483398E+0,   2.329316E+1,   3.363003E-2,   1.497503E+3,   4.676243E-2,   7.057625E+0,   9.682837E-4,   100,0,1,0
       1585,2026-10-01,07:39:19.809,          8,        304,   9.000000E+2,   9.000000E+3,   0.000000E+0,   0.000000E+0,   2.250000E+1,   0.000000E+0,   0.000000E+0,   0.000000E+0,   1.003521E+3,   1.355242E-1,   6.377563E-1,   1.483228E+3,   2.387569E-1,   1.242188E+0,   2.326073E+1,   3.129030E-2,   1.497482E+3,   3.615037E-2,   7.056988E+0,   6.962589E-4,   100,0,1,0
       1586,2026-10-01,07:39:49.811,          9,        304,   9.000000E+2,   9.000000E+3,   0.000000E+0,   0.000000E+0,   2.250000E+1,   0.000000E+0,   0.000000E+0,   0.000000E+0,   1.003458E+3,   1.382464E-1,   6.375732E-1,   1.483294E+3,   1.806998E-1,   9.661865E-1,   2.322956E+1,   2.891381E-2,   1.497460E+3,   3.260787E-2,   7.056789E+0,   5.203238E-4,   100,0,1,0
       1587,2026-10-01,07:40:19.813,         10,        304,   9.000000E+2,   9.000000E+3,   0.000000E+0,   0.000000E+0,   2.250000E+1,   0.000000E+0,   0.000000E+0,   0.000000E+0,   1.003460E+3,   1.341776E-1,   6.688232E-1,   1.483233E+3,   2.089855E-1,   9.183350E-1,   2.320060E+1,   2.697050E-2,   1.497455E+3,   3.207386E-2,   7.056958E+0,   6.002595E-4,   100,0,1,0
       1588,2026-10-01,07:40:49.815,         11,        304,   9.000000E+2,   9.000000E+3,   0.000000E+0,   0.000000E+0,   2.250000E+1,   0.000000E+0,   0.000000E+0,   0.000000E+0,   1.003422E+3,   1.520762E-1,   6.688232E-1,   1.483207E+3,   2.121130E-1,   9.183350E-1,   2.317387E+1,   2.490757E-2,   1.497441E+3,   3.782053E-2,   7.057025E+0,   6.125780E-4,   100,0,1,0
       1589,2026-10-01,07:41:19.817,         12,        304,   9.000000E+2,   9.000000E+3,   0.000000E+0,   0.000000E+0,   2.250000E+1,   0.000000E+0,   0.000000E+0,   0.000000E+0,   1.003338E+3,   2.512306E-1,   1.340088E+0,   1.483247E+3,   2.434572E-1,   1.107300E+0,   2.314953E+1,   2.238644E-2,   1.497415E+3,   6.437431E-2,   7.056903E+0,   7.078144E-4,   100,0,1,0
       1590,2026-10-01,07:41:49.819,         13,        304,   9.000000E+2,   9.000000E+3,   0.000000E+0,   0.000000E+0,   2.250000E+1,   0.000000E+0,   0.000000E+0,   0.000000E+0,   1.002953E+3,   5.776631E-1,   1.929077E+0,   1.483418E+3,   2.651705E-1,   1.219604E+0,   2.312746E+1,   2.007056E-2,   1.497319E+3,   1.412440E-1,   7.056403E+0,   7.705915E-4,   100,0,1,0
       1591,2026-10-01,07:42:19.821,         14,        304,   9.000000E+2,   9.000000E+3,   0.000000E+0,   0.000000E+0,   2.250000E+1,   0.000000E+0,   0.000000E+0,   0.000000E+0,   1.002595E+3,   5.831779E-1,   1.897888E+0,   1.483612E+3,   2.522788E-1,   1.326904E+0,   2.310742E+1,   1.860831E-2,   1.497229E+3,   1.423457E-1,   7.055839E+0,   7.324321E-4,   100,0,1,0
       1592,2026-10-01,07:42:49.823,         15,        304,   9.000000E+2,   9.000000E+3,   0.000000E+0,   0.000000E+0,   2.250000E+1,   0.000000E+0,   0.000000E+0,   0.000000E+0,   1.002458E+3,   4.219206E-1,   1.535522E+0,   1.483763E+3,   2.153713E-1,   1.026611E+0,   2.308859E+1,   1.770777E-2,   1.497192E+3,   9.912781E-2,   7.055395E+0,   6.246015E-4,   100,0,1,0
       1593,2026-10-01,07:43:19.825,         16,        304,   9.000000E+2,   9.000000E+3,   0.000000E+0,   0.000000E+0,   2.250000E+1,   0.000000E+0,   0.000000E+0,   0.000000E+0,   1.002797E+3,   5.907170E-1,   1.932983E+0,   1.483723E+3,   2.438687E-1,   1.138062E+0,   2.307072E+1,   1.689062E-2,   1.497270E+3,   1.386212E-1,   7.055508E+0,   7.030218E-4,   100,0,1,0
       1594,2026-10-01,07:43:49.827,         17,        304,   9.000000E+2,   9.000000E+3,   0.000000E+0,   0.000000E+0,   2.250000E+1,   0.000000E+0,   0.000000E+0,   0.000000E+0,   1.003201E+3,   5.057289E-1,   1.974243E+0,   1.483640E+3,   2.566921E-1,   1.188110E+0,   2.305375E+1,   1.597660E-2,   1.497363E+3,   1.190308E-1,   7.055743E+0,   7.390876E-4,   100,0,1,0
       1595,2026-10-01,07:44:19.829,         18,        304,   9.000000E+2,   9.000000E+3,   0.000000E+0,   0.000000E+0,   2.250000E+1,   0.000000E+0,   0.000000E+0,   0.000000E+0,   1.003483E+3,   2.711134E-1,   1.209290E+0,   1.483521E+3,   2.304289E-1,   1.188110E+0,   2.303776E+1,   1.494370E-2,   1.497428E+3,   6.258152E-2,   7.056082E+0,   6.636654E-4,   100,0,1,0
       1596,2026-10-01,07:44:49.831,         19,        304,   9.000000E+2,   9.000000E+3,   0.000000E+0,   0.000000E+0,   2.250000E+1,   0.000000E+0,   0.000000E+0,   0.000000E+0,   1.003627E+3,   1.090869E-1,   5.701294E-1,   1.483446E+3,   1.508882E-1,   7.585449E-1,   2.302295E+1,   1.385060E-2,   1.497459E+3,   2.450676E-2,   7.056294E+0,   4.353031E-4,   100,1,1,1
       1597,2026-10-01,07:45:19.833,         20,        304,   9.000000E+2,   9.000000E+3,   0.000000E+0,   0.000000E+0,   2.250000E+1,   0.000000E+0,   0.000000E+0,   0.000000E+0,   1.003691E+3,   9.648062E-2,   4.159546E-1,   1.483422E+3,   1.552240E-1,   7.604980E-1,   2.300983E+1,   1.243899E-2,   1.497472E+3,   2.165920E-2,   7.056360E+0,   4.483963E-4,   100,1,1,1
       1598,2026-10-01,07:45:49.835,         21,        304,   9.000000E+2,   9.000000E+3,   0.000000E+0,   0.000000E+0,   2.250000E+1,   0.000000E+0,   0.000000E+0,   0.000000E+0,   1.003748E+3,   8.997871E-2,   3.609619E-1,   1.483420E+3,   1.872247E-1,   9.351807E-1,   2.299781E+1,   1.087423E-2,   1.497483E+3,   2.076609E-2,   7.056361E+0,   5.412397E-4,   100,1,1,1
       1599,2026-10-01,07:46:19.837,         22,        304,   9.000000E+2,   9.000000E+3,   0.000000E+0,   0.000000E+0,   2.250000E+1,   0.000000E+0,   0.000000E+0,   0.000000E+0,   1.003702E+3,   1.328766E-1,   4.453125E-1,   1.483518E+3,   2.443875E-1,   1.094727E+0,   2.298739E+1,   9.381783E-3,   1.497470E+3,   3.315637E-2,   7.056075E+0,   7.072589E-4,   100,1,1,1
       1600,2026-10-01,07:46:49.839,         23,        304,   9.000000E+2,   9.000000E+3,   0.000000E+0,   0.000000E+0,   2.250000E+1,   0.000000E+0,   0.000000E+0,   0.000000E+0,   1.003651E+3,   1.530024E-1,   5.167847E-1,   1.483582E+3,   2.579497E-1,   1.207886E+0,   2.297812E+1,   8.274629E-3,   1.497456E+3,   3.810906E-2,   7.055888E+0,   7.464414E-4,   100,1,1,1
       1601,2026-10-01,07:47:19.841,         24,        304,   9.000000E+2,   9.000000E+3,   0.000000E+0,   0.000000E+0,   2.250000E+1,   0.000000E+0,   0.000000E+0,   0.000000E+0,   1.003564E+3,   1.433304E-1,   7.488403E-1,   1.483682E+3,   2.040431E-1,   9.621582E-1,   2.296994E+1,   7.674875E-3,   1.497433E+3,   3.476476E-2,   7.055597E+0,   5.893770E-4,   100,0,1,0
       1602,2026-10-01,07:47:49.843,         25,        304,   9.000000E+2,   9.000000E+3,   0.000000E+0,   0.000000E+0,   2.250000E+1,   0.000000E+0,   0.000000E+0,   0.000000E+0,   1.003517E+3,   1.445239E-1,   7.327881E-1,   1.483727E+3,   2.098036E-1,   9.621582E-1,   2.296240E+1,   6.954859E-3,   1.497421E+3,   3.527045E-2,   7.055466E+0,   6.064025E-4,   100,0,1,0
       1603,2026-10-01,07:48:19.845,         26,        304,   9.000000E+2,   9.000000E+3,   0.000000E+0,   0.000000E+0,   2.250000E+1,   0.000000E+0,   0.000000E+0,   0.000000E+0,   1.003490E+3,   1.589164E-1,   7.327881E-1,   1.483835E+3,   2.791557E-1,   1.367920E+0,   2.295607E+1,   5.621270E-3,   1.497413E+3,   3.914095E-2,   7.055151E+0,   8.071492E-4,   100,0,1,0
       1604,2026-10-01,07:48:49.847,         27,        304,   9.000000E+2,   9.000000E+3,   0.000000E+0,   0.000000E+0,   2.250000E+1,   0.000000E+0,   0.000000E+0,   0.000000E+0,   1.003438E+3,   1.105250E-1,   5.224609E-1,   1.483920E+3,   2.401611E-1,   1.200928E+0,   2.295069E+1,   4.686511E-3,   1.497400E+3,   2.689252E-2,   7.054904E+0,   6.936852E-4,   100,1,1,1
       1605,2026-10-01,07:49:19.849,         28,        304,   9.000000E+2,   9.000000E+3,   0.000000E+0,   0.000000E+0,   2.250000E+1,   0.000000E+0,   0.000000E+0,   0.000000E+0,   1.003454E+3,   1.276741E-1,   6.017456E-1,   1.483838E+3,   3.095926E-1,   1.410034E+0,   2.294555E+1,   4.950398E-3,   1.497402E+3,   3.018572E-2,   7.055140E+0,   8.933172E-4,   100,0,1,0
       1606,2026-10-01,07:49:49.851,         29,        304,   9.000000E+2,   9.000000E+3,   0.000000E+0,   0.000000E+0,   2.250000E+1,   0.000000E+0,   0.000000E+0,   0.000000E+0,   1.003518E+3,   1.458083E-1,   6.177368E-1,   1.483677E+3,   2.885149E-1,   1.192505E+0,   2.294057E+1,   5.123156E-3,   1.497417E+3,   3.422766E-2,   7.055605E+0,   8.323610E-4,   100,0,1,0
       1607,2026-10-01,07:50:19.853,         30,        304,   9.000000E+2,   9.000000E+3,   0.000000E+0,   0.000000E+0,   2.250000E+1,   0.000000E+0,   0.000000E+0,   0.000000E+0,   1.003622E+3,   1.194700E-1,   5.985107E-1,   1.483474E+3,   2.642409E-1,   1.508789E+0,   2.293561E+1,   4.482615E-3,   1.497441E+3,   2.801720E-2,   7.056190E+0,   7.631246E-4,   100,1,1,1
       1608,2026-10-01,07:50:49.855,         31,        304,   9.000000E+2,   9.000000E+3,   0.000000E+0,   0.000000E+0,   2.250000E+1,   0.000000E+0,   0.000000E+0,   0.000000E+0,   1.003767E+3,   1.882646E-1,   6.610107E-1,   1.483115E+3,   5.247140E-1,   1.792358E+0,   2.293175E+1,   3.288756E-3,   1.497475E+3,   4.455459E-2,   7.057228E+0,   1.516565E-3,   100,0,1,0
       1609,2026-10-01,07:51:19.857,         32,        304,   9.000000E+2,   9.000000E+3,   0.000000E+0,   0.000000E+0,   2.250000E+1,   0.000000E+0,   0.000000E+0,   0.000000E+0,   1.003866E+3,   1.798604E-1,   6.530762E-1,   1.482760E+3,   5.322177E-1,   1.961182E+0,   2.292941E+1,   1.702462E-3,   1.497498E+3,   4.277575E-2,   7.058251E+0,   1.538755E-3,   100,0,1,0
       1610,2026-10-01,07:51:49.859,         33,        304,   9.000000E+2,   9.000000E+3,   0.000000E+0,   0.000000E+0,   2.250000E+1,   0.000000E+0,   0.000000E+0,   0.000000E+0,   1.003999E+3,   1.402459E-1,   6.414185E-1,   1.482392E+3,   3.391280E-1,   1.955322E+0,   2.292888E+1,   8.463542E-4,   1.497530E+3,   3.376525E-2,   7.059318E+0,   9.810112E-4,   100,0,1,0
       1611,2026-10-01,07:52:19.861,         34,        304,   9.000000E+2,   9.000000E+3,   0.000000E+0,   0.000000E+0,   2.250000E+1,   0.000000E+0,   0.000000E+0,   0.000000E+0,   1.004037E+3,   1.286524E-1,   6.414185E-1,   1.482292E+3,   2.052451E-1,   9.766846E-1,   2.292971E+1,   1.391100E-3,   1.497539E+3,   3.082505E-2,   7.059606E+0,   5.940542E-4,   100,0,1,0
       1612,2026-10-01,07:52:49.863,         35,        304,   9.000000E+2,   9.000000E+3,   0.000000E+0,   0.000000E+0,   2.250000E+1,   0.000000E+0,   0.000000E+0,   0.000000E+0,   1.003996E+3,   1.955446E-1,   9.136353E-1,   1.482241E+3,   2.063287E-1,   9.865723E-1,   2.293054E+1,   9.872804E-4,   1.497530E+3,   4.601425E-2,   7.059754E+0,   5.971497E-4,   100,0,1,0
       1613,2026-10-01,07:53:19.865,         36,        304,   9.000000E+2,   9.000000E+3,   0.000000E+0,   0.000000E+0,   2.250000E+1,   0.000000E+0,   0.000000E+0,   0.000000E+0,   1.003981E+3,   1.755176E-1,   8.917236E-1,   1.482297E+3,   1.999464E-1,   1.050537E+0,   2.293070E+1,   7.393924E-4,   1.497526E+3,   4.102169E-2,   7.059591E+0,   5.787184E-4,   100,0,1,0
       1614,2026-10-01,07:53:49.867,         37,        304,   9.000000E+2,   9.000000E+3,   0.000000E+0,   0.000000E+0,   2.250000E+1,   0.000000E+0,   0.000000E+0,   0.000000E+0,   1.003958E+3,   1.619801E-1,   8.795166E-1,   1.482335E+3,   2.049005E-1,   1.059204E+0,   2.293017E+1,   8.107780E-4,   1.497520E+3,   3.761310E-2,   7.059483E+0,   5.930796E-4,   100,0,1,0
       1615,2026-10-01,07:54:19.869,         38,        304,   9.000000E+2,   9.000000E+3,   0.000000E+0,   0.000000E+0,   2.250000E+1,   0.000000E+0,   0.000000E+0,   0.000000E+0,   1.003996E+3,   1.070101E-1,   5.665894E-1,   1.482395E+3,   2.216911E-1,   1.217651E+0,   2.292987E+1,   5.443909E-4,   1.497529E+3,   2.487352E-2,   7.059308E+0,   6.415779E-4,   100,1,1,1
       1616,2026-10-01,07:54:49.871,         39,        304,   9.000000E+2,   9.000000E+3,   0.000000E+0,   0.000000E+0,   2.250000E+1,   0.000000E+0,   0.000000E+0,   0.000000E+0,   1.004036E+3,   5.094631E-2,   2.208252E-1,   1.482468E+3,   1.862955E-1,   9.315186E-1,   2.293033E+1,   1.103008E-3,   1.497539E+3,   1.241034E-2,   7.059097E+0,   5.390148E-4,   100,1,1,1
       1617,2026-10-01,07:55:19.873,         40,        304,   9.000000E+2,   9.000000E+3,   0.000000E+0,   0.000000E+0,   2.250000E+1,   0.000000E+0,   0.000000E+0,   0.000000E+0,   1.004056E+3,   5.339540E-2,   2.529907E-1,   1.482423E+3,   2.004677E-1,   1.026855E+0,   2.293173E+1,   1.831102E-3,   1.497544E+3,   1.297326E-2,   7.059227E+0,   5.802342E-4,   100,1,1,1
       1618,2026-10-01,07:55:49.875,         41,        304,   9.000000E+2,   9.000000E+3,   0.000000E+0,   0.000000E+0,   2.250000E+1,   0.000000E+0,   0.000000E+0,   0.000000E+0,   1.004046E+3,   7.911640E-2,   4.703979E-1,   1.482444E+3,   2.100561E-1,   1.026855E+0,   2.293406E+1,   2.575031E-3,   1.497542E+3,   1.919259E-2,   7.059166E+0,   6.078349E-4,   100,1,1,1
       1619,2026-10-01,07:56:19.877,         42,        304,   9.000000E+2,   9.000000E+3,   0.000000E+0,   0.000000E+0,   2.250000E+1,   0.000000E+0,   0.000000E+0,   0.000000E+0,   1.004045E+3,   9.626474E-2,   4.967041E-1,   1.482375E+3,   1.968413E-1,   9.512939E-1,   2.293671E+1,   2.913898E-3,   1.497543E+3,   2.295957E-2,   7.059369E+0,   5.696050E-4,   100,1,1,1
       1620,2026-10-01,07:56:49.879,         43,        304,   9.000000E+2,   9.000000E+3,   0.000000E+0,   0.000000E+0,   2.250000E+1,   0.000000E+0,   0.000000E+0,   0.000000E+0,   1.004065E+3,   1.056104E-1,   5.447388E-1,   1.482362E+3,   1.969530E-1,   9.368896E-1,   2.293964E+1,   2.842514E-3,   1.497548E+3,   2.551343E-2,   7.059405E+0,   5.699922E-4,   100,1,1,1
       1621,2026-10-01,07:57:19.881,         44,        304,   9.000000E+2,   9.000000E+3,   0.000000E+0,   0.000000E+0,   2.250000E+1,   0.000000E+0,   0.000000E+0,   0.000000E+0,   1.004074E+3,   1.063767E-1,   5.447388E-1,   1.482356E+3,   1.924099E-1,   9.368896E-1,   2.294266E+1,   2.907693E-3,   1.497551E+3,   2.591633E-2,   7.059423E+0,   5.568604E-4,   100,1,1,1
       1622,2026-10-01,07:57:49.883,         45,        304,   9.000000E+2,   9.000000E+3,   0.000000E+0,   0.000000E+0,   2.250000E+1,   0.000000E+0,   0.000000E+0,   0.000000E+0,   1.004068E+3,   1.182042E-1,   7.344360E-1,   1.482376E+3,   2.235221E-1,   1.048462E+0,   2.294586E+1,   3.273214E-3,   1.497550E+3,   2.981733E-2,   7.059369E+0,   6.464788E-4,   100,0,1,0
       1623,2026-10-01,07:58:19.885,         46,        304,   9.000000E+2,   9.000000E+3,   0.000000E+0,   0.000000E+0,   2.250000E+1,   0.000000E+0,   0.000000E+0,   0.000000E+0,   1.003992E+3,   1.687230E-1,   7.344360E-1,   1.482501E+3,   2.739896E-1,   1.073364E+0,   2.294939E+1,   3.613317E-3,   1.497532E+3,   4.072645E-2,   7.059008E+0,   7.920668E-4,   100,0,1,0
       1624,2026-10-01,07:58:49.887,         47,        304,   9.000000E+2,   9.000000E+3,   0.000000E+0,   0.000000E+0,   2.250000E+1,   0.000000E+0,   0.000000E+0,   0.000000E+0,   1.003937E+3,   1.393228E-1,   7.092896E-1,   1.482588E+3,   2.609601E-1,   1.073364E+0,   2.295303E+1,   3.579010E-3,   1.497520E+3,   3.411664E-2,   7.058756E+0,   7.546119E-4,   100,0,1,0
       1625,2026-10-01,07:59:19.889,         48,        304,   9.000000E+2,   9.000000E+3,   0.000000E+0,   0.000000E+0,   2.250000E+1,   0.000000E+0,   0.000000E+0,   0.000000E+0,   1.003955E+3,   1.591488E-1,   7.385254E-1,   1.482623E+3,   2.215892E-1,   1.023926E+0,   2.295697E+1,   3.839421E-3,   1.497525E+3,   3.943117E-2,   7.058656E+0,   6.416365E-4,   100,0,1,0
       1626,2026-10-01,07:59:49.891,         49,        304,   9.000000E+2,   9.000000E+3,   0.000000E+0,   0.000000E+0,   2.250000E+1,   0.000000E+0,   0.000000E+0,   0.000000E+0,   1.004043E+3,   1.001023E-1,   4.042969E-1,   1.482587E+3,   2.044638E-1,   1.023926E+0,   2.296106E+1,   4.400212E-3,   1.497547E+3,   2.444098E-2,   7.058762E+0,   5.918320E-4,   100,1,1,1
       1627,2026-10-01,08:00:19.893,         50,        304,   9.000000E+2,   9.000000E+3,   0.000000E+0,   0.000000E+0,   2.250000E+1,   0.000000E+0,   0.000000E+0,   0.000000E+0,   1.004107E+3,   6.914993E-2,   3.416748E-1,   1.482487E+3,   1.956010E-1,   9.570313E-1,   2.296594E+1,   5.017752E-3,   1.497564E+3,   1.657794E-2,   7.059052E+0,   5.661560E-4,   100,1,1,1
       1628,2026-10-01,08:00:49.895,         51,        304,   9.000000E+2,   9.000000E+3,   0.000000E+0,   0.000000E+0,   2.250000E+1,   0.000000E+0,   0.000000E+0,   0.000000E+0,   1.004117E+3,   6.843628E-2,   3.350220E-1,   1.482504E+3,   1.992939E-1,   9.913330E-1,   2.297130E+1,   5.456544E-3,   1.497567E+3,   1.662123E-2,   7.059003E+0,   5.768163E-4,   100,1,1,1
       1629,2026-10-01,08:01:19.897,         52,        304,   9.000000E+2,   9.000000E+3,   0.000000E+0,   0.000000E+0,   2.250000E+1,   0.000000E+0,   0.000000E+0,   0.000000E+0,   1.004126E+3,   7.312448E-2,   3.350220E-1,   1.482494E+3,   1.983770E-1,   9.913330E-1,   2.297701E+1,   5.671976E-3,   1.497570E+3,   1.771645E-2,   7.059035E+0,   5.739080E-4,   100,1,1,1
       1630,2026-10-01,08:01:49.899,         53,        304,   9.000000E+2,   9.000000E+3,   0.000000E+0,   0.000000E+0,   2.250000E+1,   0.000000E+0,   0.000000E+0,   0.000000E+0,   1.004075E+3,   1.273101E-1,   5.954590E-1,   1.482561E+3,   2.288158E-1,   1.089722E+0,   2.298272E+1,   5.491024E-3,   1.497559E+3,   3.021174E-2,   7.058842E+0,   6.612348E-4,   100,1,1,1
       1631,2026-10-01,08:02:19.901,         54,        304,   9.000000E+2,   9.000000E+3,   0.000000E+0,   0.000000E+0,   2.250000E+1,   0.000000E+0,   0.000000E+0,   0.000000E+0,   1.004009E+3,   1.442668E-1,   5.908813E-1,   1.482651E+3,   2.151104E-1,   9.750977E-1,   2.298805E+1,   4.940294E-3,   1.497544E+3,   3.454897E-2,   7.058584E+0,   6.218978E-4,   100,1,1,1
       1632,2026-10-01,08:02:49.903,         55,        304,   9.000000E+2,   9.000000E+3,   0.000000E+0,   0.000000E+0,   2.250000E+1,   0.000000E+0,   0.000000E+0,   0.000000E+0,   1.004049E+3,   1.699188E-1,   6.422119E-1,   1.482642E+3,   2.179143E-1,   9.750977E-1,   2.299299E+1,   4.497192E-3,   1.497555E+3,   4.148351E-2,   7.058610E+0,   6.304445E-4,   100,0,1,0
       1633,2026-10-01,08:03:19.906,         56,        304,   9.000000E+2,   9.000000E+3,   0.000000E+0,   0.000000E+0,   2.250000E+1,   0.000000E+0,   0.000000E+0,   0.000000E+0,   1.004040E+3,   1.589890E-1,   6.394043E-1,   1.482711E+3,   2.222651E-1,   1.073364E+0,   2.299778E+1,   4.652849E-3,   1.497554E+3,   3.871926E-2,   7.058414E+0,   6.426738E-4,   100,0,1,0
       1634,2026-10-01,08:03:49.908,         57,        304,   9.000000E+2,   9.000000E+3,   0.000000E+0,   0.000000E+0,   2.250000E+1,   0.000000E+0,   0.000000E+0,   0.000000E+0,   1.004017E+3,   1.586336E-1,   5.259399E-1,   1.482764E+3,   2.560614E-1,   1.166138E+0,   2.300272E+1,   4.920768E-3,   1.497550E+3,   3.766576E-2,   7.058260E+0,   7.396843E-4,   100,1,1,1
       1635,2026-10-01,08:04:19.910,         58,        304,   9.000000E+2,   9.000000E+3,   0.000000E+0,   0.000000E+0,   2.250000E+1,   0.000000E+0,   0.000000E+0,   0.000000E+0,   1.003978E+3,   1.282705E-1,   5.139771E-1,   1.482858E+3,   2.199561E-1,   1.157959E+0,   2.300777E+1,   5.022617E-3,   1.497542E+3,   3.058376E-2,   7.057990E+0,   6.356583E-4,   100,1,1,1
       1636,2026-10-01,08:04:49.912,         59,        304,   9.000000E+2,   9.000000E+3,   0.000000E+0,   0.000000E+0,   2.250000E+1,   0.000000E+0,   0.000000E+0,   0.000000E+0,   1.003897E+3,   1.047442E-1,   4.871216E-1,   1.482945E+3,   1.960938E-1,   1.060059E+0,   2.301295E+1,   4.898739E-3,   1.497523E+3,   2.526088E-2,   7.057741E+0,   5.668853E-4,   100,1,1,1
       1637,2026-10-01,08:05:19.914,         60,        304,   9.000000E+2,   9.000000E+3,   0.000000E+0,   0.000000E+0,   2.250000E+1,   0.000000E+0,   0.000000E+0,   0.000000E+0,   1.003887E+3,   1.144793E-1,   4.871216E-1,   1.482975E+3,   2.187696E-1,   1.060059E+0,   2.301836E+1,   5.431475E-3,   1.497522E+3,   2.737716E-2,   7.057655E+0,   6.320521E-4,   100,1,1,1
       1638,2026-10-01,08:05:49.916,         61,        304,   9.000000E+2,   9.000000E+3,   0.000000E+0,   0.000000E+0,   2.250000E+1,   0.000000E+0,   0.000000E+0,   0.000000E+0,   1.003832E+3,   1.078529E-1,   4.645996E-1,   1.483031E+3,   2.060571E-1,   9.824219E-1,   2.302436E+1,   6.202670E-3,   1.497509E+3,   2.575256E-2,   7.057496E+0,   5.954636E-4,   100,1,1,1
       1639,2026-10-01,08:06:19.918,         62,        304,   9.000000E+2,   9.000000E+3,   0.000000E+0,   0.000000E+0,   2.250000E+1,   0.000000E+0,   0.000000E+0,   0.000000E+0,   1.003815E+3,   8.301237E-2,   3.847656E-1,   1.483097E+3,   2.031597E-1,   8.590088E-1,   2.303085E+1,   6.565533E-3,   1.497507E+3,   2.005385E-2,   7.057305E+0,   5.869545E-4,   100,1,1,1
       1640,2026-10-01,08:06:49.920,         63,        304,   9.000000E+2,   9.000000E+3,   0.000000E+0,   0.000000E+0,   2.250000E+1,   0.000000E+0,   0.000000E+0,   0.000000E+0,   1.003821E+3,   8.986954E-2,   4.252930E-1,   1.483074E+3,   2.164155E-1,   9.342041E-1,   2.303730E+1,   6.173106E-3,   1.497509E+3,   2.233159E-2,   7.057372E+0,   6.257742E-4,   100,1,1,1
       1641,2026-10-01,08:07:19.922,         64,        304,   9.000000E+2,   9.000000E+3,   0.000000E+0,   0.000000E+0,   2.250000E+1,   0.000000E+0,   0.000000E+0,   0.000000E+0,   1.003818E+3,   1.014301E-1,   4.979858E-1,   1.483120E+3,   2.155672E-1,   9.342041E-1,   2.304366E+1,   5.882999E-3,   1.497510E+3,   2.417839E-2,   7.057242E+0,   6.230370E-4,   100,1,1,1
       1642,2026-10-01,08:07:49.924,         65,        304,   9.000000E+2,   9.000000E+3,   0.000000E+0,   0.000000E+0,   2.250000E+1,   0.000000E+0,   0.000000E+0,   0.000000E+0,   1.003923E+3,   3.611763E-1,   1.313599E+0,   1.483348E+3,   4.902451E-1,   2.485840E+0,   2.305012E+1,   6.554224E-3,   1.497537E+3,   8.839910E-2,   7.056586E+0,   1.415022E-3,   100,0,1,0
       1643,2026-10-01,08:08:19.926,         66,        304,   9.000000E+2,   9.000000E+3,   0.000000E+0,   0.000000E+0,   2.250000E+1,   0.000000E+0,   0.000000E+0,   0.000000E+0,   1.004192E+3,   5.010164E-1,   1.313599E+0,   1.483406E+3,   4.644287E-1,   2.425293E+0,   2.305738E+1,   7.558405E-3,   1.497604E+3,   1.232835E-1,   7.056419E+0,   1.341068E-3,   100,0,1,0
       1644,2026-10-01,08:08:49.928,         67,        304,   9.000000E+2,   9.000000E+3,   0.000000E+0,   0.000000E+0,   2.250000E+1,   0.000000E+0,   0.000000E+0,   0.000000E+0,   1.004413E+3,   4.871525E-1,   1.313599E+0,   1.483341E+3,   5.131594E-1,   2.395752E+0,   2.306483E+1,   8.419566E-3,   1.497661E+3,   1.201570E-1,   7.056610E+0,   1.483890E-3,   100,0,1,0
       1645,2026-10-01,08:09:19.930,         68,        304,   9.000000E+2,   9.000000E+3,   0.000000E+0,   0.000000E+0,   2.250000E+1,   0.000000E+0,   0.000000E+0,   0.000000E+0,   1.004701E+3,   4.115521E-2,   1.737061E-1,   1.483060E+3,   4.986001E-1,   1.899536E+0,   2.307409E+1,   9.416888E-3,   1.497734E+3,   4.811152E-3,   7.057425E+0,   1.443366E-3,   100,1,1,1
       1646,2026-10-01,08:09:49.932,         69,        304,   9.000000E+2,   9.000000E+3,   0.000000E+0,   0.000000E+0,   2.250000E+1,   0.000000E+0,   0.000000E+0,   0.000000E+0,   1.004667E+3,   3.459324E-2,   1.179810E-1,   1.482718E+3,   2.263474E-1,   8.172607E-1,   2.308337E+1,   1.057166E-2,   1.497731E+3,   2.741738E-3,   7.058416E+0,   6.573274E-4,   100,1,1,1
       1647,2026-10-01,08:10:19.934,         70,        304,   9.000000E+2,   9.000000E+3,   0.000000E+0,   0.000000E+0,   2.250000E+1,   0.000000E+0,   0.000000E+0,   0.000000E+0,   1.004630E+3,   3.386972E-2,   1.111450E-1,   1.482537E+3,   1.079738E-1,   3.756104E-1,   2.309519E+1,   1.164223E-2,   1.497728E+3,   2.747443E-3,   7.058941E+0,   3.154172E-4,   100,1,1,1
       1648,2026-10-01,08:10:49.936,         71,        304,   9.000000E+2,   9.000000E+3,   0.000000E+0,   0.000000E+0,   2.250000E+1,   0.000000E+0,   0.000000E+0,   0.000000E+0,   1.004530E+3,   1.829720E-1,   7.301636E-1,   1.482314E+3,   3.597706E-1,   1.361694E+0,   2.310731E+1,   1.259410E-2,   1.497710E+3,   3.903411E-2,   7.059591E+0,   1.044261E-3,   100,0,1,0
       1649,2026-10-01,08:11:19.938,         72,        304,   9.000000E+2,   9.000000E+3,   0.000000E+0,   0.000000E+0,   2.250000E+1,   0.000000E+0,   0.000000E+0,   0.000000E+0,   1.004461E+3,   1.780159E-1,   6.944580E-1,   1.481995E+3,   4.692563E-1,   1.255249E+0,   2.312063E+1,   1.277460E-2,   1.497700E+3,   3.894531E-2,   7.060518E+0,   1.361851E-3,   100,0,1,0
       1650,2026-10-01,08:11:49.940,         73,        304,   9.000000E+2,   9.000000E+3,   0.000000E+0,   0.000000E+0,   2.250000E+1,   0.000000E+0,   0.000000E+0,   0.000000E+0,   1.004412E+3,   1.533021E-1,   6.581421E-1,   1.481662E+3,   4.224113E-1,   1.185425E+0,   2.313425E+1,   1.337151E-2,   1.497694E+3,   3.595144E-2,   7.061487E+0,   1.226226E-3,   100,0,1,0
       1651,2026-10-01,08:12:19.942,         74,        304,   9.000000E+2,   9.000000E+3,   0.000000E+0,   0.000000E+0,   2.250000E+1,   0.000000E+0,   0.000000E+0,   0.000000E+0,   1.003973E+3,   1.272899E+0,   6.322388E+0,   1.482185E+3,   2.037833E+0,   8.560059E+0,   2.319190E+1,   1.555071E-1,   1.497597E+3,   3.043213E-1,   7.059995E+0,   5.854488E-3,   100,0,1,0
       1652,2026-10-01,08:12:49.944,         75,        304,   9.000000E+2,   9.000000E+3,   0.000000E+0,   0.000000E+0,   2.250000E+1,   0.000000E+0,   0.000000E+0,   0.000000E+0,   1.002839E+3,   2.068520E+0,   6.343079E+0,   1.484384E+3,   3.666992E+0,   1.062048E+1,   2.320611E+1,   1.519760E-1,   1.497319E+3,   5.046613E-1,   7.053662E+0,   1.055988E-2,   100,0,1,0
       1653,2026-10-01,08:13:19.946,         76,        304,   9.000000E+2,   9.000000E+3,   0.000000E+0,   0.000000E+0,   2.250000E+1,   0.000000E+0,   0.000000E+0,   0.000000E+0,   1.002174E+3,   1.791987E+0,   6.302368E+0,   1.487379E+3,   4.177261E+0,   1.109460E+1,   2.321692E+1,   1.485091E-1,   1.497154E+3,   4.389871E-1,   7.045044E+0,   1.202395E-2,   100,0,1,0
       1654,2026-10-01,08:13:49.948,         77,        304,   9.000000E+2,   9.000000E+3,   0.000000E+0,   0.000000E+0,   2.250000E+1,   0.000000E+0,   0.000000E+0,   0.000000E+0,   1.001460E+3,   1.159716E+0,   4.209595E+0,   1.490461E+3,   1.964431E+0,   6.808472E+0,   2.320473E+1,   8.372988E-2,   1.496975E+3,   2.804383E-1,   7.036178E+0,   5.642866E-3,   100,0,1,0
       1655,2026-10-01,08:14:19.950,         78,        304,   9.000000E+2,   9.000000E+3,   0.000000E+0,   0.000000E+0,   2.250000E+1,   0.000000E+0,   0.000000E+0,   0.000000E+0,   1.001955E+3,   1.989523E-1,   1.010925E+0,   1.491707E+3,   2.554043E-1,   1.176636E+0,   2.318841E+1,   1.035819E-2,   1.497096E+3,   4.171094E-2,   7.032600E+0,   7.278582E-4,   100,0,1,0
       1656,2026-10-01,08:14:49.952,         79,        304,   9.000000E+2,   9.000000E+3,   0.000000E+0,   0.000000E+0,   2.250000E+1,   0.000000E+0,   0.000000E+0,   0.000000E+0,   1.001818E+3,   1.247220E-1,   4.349976E-1,   1.491773E+3,   9.139081E-2,   2.770996E-1,   2.319864E+1,   9.635310E-3,   1.497071E+3,   2.267466E-2,   7.032414E+0,   2.635960E-4,   100,1,1,1
       1657,2026-10-01,08:15:19.954,         80,        304,   9.000000E+2,   9.000000E+3,   0.000000E+0,   0.000000E+0,   2.250000E+1,   0.000000E+0,   0.000000E+0,   0.000000E+0,   1.001721E+3,   8.243178E-2,   2.946777E-1,   1.491689E+3,   1.216704E-1,   4.007568E-1,   2.320831E+1,   1.117737E-2,   1.497054E+3,   1.330424E-2,   7.032658E+0,   3.507278E-4,   100,1,1,1
       1658,2026-10-01,08:15:49.956,         81,        304,   9.000000E+2,   9.000000E+3,   0.000000E+0,   0.000000E+0,   2.250000E+1,   0.000000E+0,   0.000000E+0,   0.000000E+0,   1.001659E+3,   5.327617E-2,   1.763916E-1,   1.491575E+3,   1.189830E-1,   4.178467E-1,   2.321954E+1,   1.290945E-2,   1.497045E+3,   6.975599E-3,   7.032985E+0,   3.436042E-4,   100,1,1,1
       1659,2026-10-01,08:16:19.958,         82,        304,   9.000000E+2,   9.000000E+3,   0.000000E+0,   0.000000E+0,   2.250000E+1,   0.000000E+0,   0.000000E+0,   0.000000E+0,   1.001085E+3,   1.235731E+0,   4.661438E+0,   1.491328E+3,   7.358768E-1,   5.061646E+0,   2.326785E+1,   1.282854E-1,   1.496915E+3,   2.969843E-1,   7.033708E+0,   2.121879E-3,   100,0,1,0
       1660,2026-10-01,08:16:49.960,         83,        304,   9.000000E+2,   9.000000E+3,   0.000000E+0,   0.000000E+0,   2.250000E+1,   0.000000E+0,   0.000000E+0,   0.000000E+0,   1.000544E+3,   1.412059E+0,   4.605652E+0,   1.491119E+3,   7.661070E-1,   5.061646E+0,   2.326971E+1,   1.276641E-1,   1.496780E+3,   3.445288E-1,   7.034307E+0,   2.203733E-3,   100,0,1,0
       1661,2026-10-01,08:17:19.962,         84,        304,   9.000000E+2,   9.000000E+3,   0.000000E+0,   0.000000E+0,   2.250000E+1,   0.000000E+0,   0.000000E+0,   0.000000E+0,   1.000470E+3,   1.378704E+0,   4.928406E+0,   1.490699E+3,   9.033302E-1,   5.061646E+0,   2.326175E+1,   1.306803E-1,   1.496754E+3,   3.312862E-1,   7.035506E+0,   2.587721E-3,   100,0,1,0
       1662,2026-10-01,08:17:49.964,         85,        304,   9.000000E+2,   9.000000E+3,   0.000000E+0,   0.000000E+0,   2.250000E+1,   0.000000E+0,   0.000000E+0,   0.000000E+0,   1.000610E+3,   1.416547E+0,   5.015320E+0,   1.490401E+3,   7.717948E-1,   3.909668E+0,   2.321653E+1,   3.670715E-2,   1.496773E+3,   3.363903E-1,   7.036344E+0,   2.202875E-3,   100,0,1,0
       1663,2026-10-01,08:18:19.966,         86,        304,   9.000000E+2,   9.000000E+3,   0.000000E+0,   0.000000E+0,   2.250000E+1,   0.000000E+0,   0.000000E+0,   0.000000E+0,   1.001446E+3,   4.036220E-1,   1.487976E+0,   1.490037E+3,   7.161000E-1,   3.057373E+0,   2.319483E+1,   1.220469E-2,   1.496971E+3,   9.554671E-2,   7.037380E+0,   2.048315E-3,   100,0,1,0
       1664,2026-10-01,08:18:49.968,         87,        304,   9.000000E+2,   9.000000E+3,   0.000000E+0,   0.000000E+0,   2.250000E+1,   0.000000E+0,   0.000000E+0,   0.000000E+0,   1.001746E+3,   2.730287E-1,   1.196899E+0,   1.489535E+3,   5.086902E-1,   2.070679E+0,   2.318422E+1,   8.353661E-3,   1.497041E+3,   6.526623E-2,   7.038815E+0,   1.456998E-3,   100,0,1,0
       1665,2026-10-01,08:19:19.970,         88,        304,   9.000000E+2,   9.000000E+3,   0.000000E+0,   0.000000E+0,   2.250000E+1,   0.000000E+0,   0.000000E+0,   0.000000E+0,   1.001859E+3,   2.420411E-1,   9.354248E-1,   1.489267E+3,   5.768648E-1,   2.400269E+0,   2.317799E+1,   4.643715E-3,   1.497067E+3,   5.721631E-2,   7.039583E+0,   1.652554E-3,   100,0,1,0
       1666,2026-10-01,08:19:49.972,         89,        304,   9.000000E+2,   9.000000E+3,   0.000000E+0,   0.000000E+0,   2.250000E+1,   0.000000E+0,   0.000000E+0,   0.000000E+0,   1.002035E+3,   1.261240E-1,   5.624390E-1,   1.488758E+3,   4.547380E-1,   1.942871E+0,   2.317555E+1,   1.481973E-3,   1.497109E+3,   3.042811E-2,   7.041040E+0,   1.304658E-3,   100,1,1,1
       1667,2026-10-01,08:20:19.974,         90,        304,   9.000000E+2,   9.000000E+3,   0.000000E+0,   0.000000E+0,   2.250000E+1,   0.000000E+0,   0.000000E+0,   0.000000E+0,   1.002196E+3,   2.069355E-1,   7.142334E-1,   1.488324E+3,   4.847429E-1,   2.049927E+0,   2.317641E+1,   2.392859E-3,   1.497148E+3,   5.023238E-2,   7.042286E+0,   1.392148E-3,   100,0,1,0
       1668,2026-10-01,08:20:49.976,         91,        304,   9.000000E+2,   9.000000E+3,   0.000000E+0,   0.000000E+0,   2.250000E+1,   0.000000E+0,   0.000000E+0,   0.000000E+0,   1.002333E+3,   2.632269E-1,   9.023438E-1,   1.487943E+3,   4.405240E-1,   1.899536E+0,   2.317946E+1,   3.703918E-3,   1.497181E+3,   6.432633E-2,   7.043382E+0,   1.265976E-3,   100,0,1,0
       1669,2026-10-01,08:21:19.978,         92,        304,   9.000000E+2,   9.000000E+3,   0.000000E+0,   0.000000E+0,   2.250000E+1,   0.000000E+0,   0.000000E+0,   0.000000E+0,   1.002549E+3,   2.531945E-1,   1.076599E+0,   1.487575E+3,   3.805296E-1,   1.797119E+0,   2.318360E+1,   4.484238E-3,   1.497234E+3,   6.181350E-2,   7.044440E+0,   1.094510E-3,   100,0,1,0
       1670,2026-10-01,08:21:49.980,         93,        304,   9.000000E+2,   9.000000E+3,   0.000000E+0,   0.000000E+0,   2.250000E+1,   0.000000E+0,   0.000000E+0,   0.000000E+0,   1.002656E+3,   2.308311E-1,   1.112549E+0,   1.487315E+3,   3.602865E-1,   1.610596E+0,   2.318837E+1,   4.827662E-3,   1.497261E+3,   5.587752E-2,   7.045187E+0,   1.036581E-3,   100,0,1,0
       1671,2026-10-01,08:22:19.982,         94,        304,   9.000000E+2,   9.000000E+3,   0.000000E+0,   0.000000E+0,   2.250000E+1,   0.000000E+0,   0.000000E+0,   0.000000E+0,   1.002739E+3,   1.517255E-1,   5.944214E-1,   1.487140E+3,   2.877592E-1,   1.219360E+0,   2.319337E+1,   4.790194E-3,   1.497281E+3,   3.626109E-2,   7.045694E+0,   8.279104E-4,   100,1,1,1
       1672,2026-10-01,08:22:49.984,         95,        304,   9.000000E+2,   9.000000E+3,   0.000000E+0,   0.000000E+0,   2.250000E+1,   0.000000E+0,   0.000000E+0,   0.000000E+0,   1.002799E+3,   1.869068E-1,   6.730957E-1,   1.486937E+3,   2.719014E-1,   1.284058E+0,   2.319819E+1,   4.643259E-3,   1.497297E+3,   4.491988E-2,   7.046279E+0,   7.825766E-4,   100,0,1,0
       1673,2026-10-01,08:23:19.986,         96,        304,   9.000000E+2,   9.000000E+3,   0.000000E+0,   0.000000E+0,   2.250000E+1,   0.000000E+0,   0.000000E+0,   0.000000E+0,   1.003050E+3,   5.185574E-1,   1.767700E+0,   1.486546E+3,   8.295528E-1,   3.468140E+0,   2.320359E+1,   5.538649E-3,   1.497359E+3,   1.263646E-1,   7.047405E+0,   2.390564E-3,   100,0,1,0
       1674,2026-10-01,08:23:49.988,         97,        304,   9.000000E+2,   9.000000E+3,   0.000000E+0,   0.000000E+0,   2.250000E+1,   0.000000E+0,   0.000000E+0,   0.000000E+0,   1.002969E+3,   1.681792E+0,   9.499756E+0,   1.486509E+3,   4.555651E+0,   4.496033E+1,   2.325815E+1,   1.920667E-1,   1.497352E+3,   3.698166E-1,   7.047564E+0,   1.300122E-2,   100,0,1,0
       1675,2026-10-01,08:24:19.990,         98,        304,   9.000000E+2,   9.000000E+3,   0.000000E+0,   0.000000E+0,   2.250000E+1,   0.000000E+0,   0.000000E+0,   0.000000E+0,   1.002133E+3,   2.898641E+0,   1.082007E+1,   1.486176E+3,   4.606658E+0,   4.496033E+1,   2.327064E+1,   1.908468E-1,   1.497147E+3,   6.905241E-1,   7.048526E+0,   1.314702E-2,   100,0,1,0
       1676,2026-10-01,08:24:49.992,         99,        304,   9.000000E+2,   9.000000E+3,   0.000000E+0,   0.000000E+0,   2.250000E+1,   0.000000E+0,   0.000000E+0,   0.000000E+0,   1.002529E+3,   3.071616E+0,   1.113007E+1,   1.484939E+3,   4.850068E+0,   4.496033E+1,   2.329479E+1,   1.858884E-1,   1.497248E+3,   7.343524E-1,   7.052102E+0,   1.384609E-2,   100,0,1,0
       1677,2026-10-01,08:25:19.994,        100,        304,   9.000000E+2,   9.000000E+3,   0.000000E+0,   0.000000E+0,   2.250000E+1,   0.000000E+0,   0.000000E+0,   0.000000E+0,   1.002584E+3,   3.085526E+0,   1.119336E+1,   1.484168E+3,   4.878735E+0,   4.496033E+1,   2.332190E+1,   1.780664E-1,   1.497266E+3,   7.393875E-1,   7.054334E+0,   1.392188E-2,   100,0,1,0
       1678,2026-10-01,08:25:49.996,        101,        304,   9.000000E+2,   9.000000E+3,   0.000000E+0,   0.000000E+0,   2.250000E+1,   0.000000E+0,   0.000000E+0,   0.000000E+0,   1.003364E+3,   2.335279E+0,   1.119336E+1,   1.482720E+3,   7.457977E-1,   4.210937E+0,   2.329887E+1,   1.389208E-2,   1.497453E+3,   5.711698E-1,   7.058468E+0,   2.157487E-3,   100,0,1,0
       1679,2026-10-01,08:26:19.998,        102,        304,   9.000000E+2,   9.000000E+3,   0.000000E+0,   0.000000E+0,   2.250000E+1,   0.000000E+0,   0.000000E+0,   0.000000E+0,   1.004105E+3,   2.718433E-1,   1.031311E+0,   1.482158E+3,   6.733075E-1,   2.763062E+0,   2.331415E+1,   1.516811E-2,   1.497635E+3,   6.623874E-2,   7.060099E+0,   1.952341E-3,   100,0,1,0
       1680,2026-10-01,08:26:50.000,        103,        304,   9.000000E+2,   9.000000E+3,   0.000000E+0,   0.000000E+0,   2.250000E+1,   0.000000E+0,   0.000000E+0,   0.000000E+0,   1.004188E+3,   2.320671E-1,   8.581543E-1,   1.481631E+3,   6.596887E-1,   2.563721E+0,   2.332955E+1,   1.647690E-2,   1.497658E+3,   5.838767E-2,   7.061631E+0,   1.914909E-3,   100,0,1,0
       1681,2026-10-01,08:27:20.002,        104,        304,   9.000000E+2,   9.000000E+3,   0.000000E+0,   0.000000E+0,   2.250000E+1,   0.000000E+0,   0.000000E+0,   0.000000E+0,   1.004073E+3,   6.625015E-1,   3.075745E+0,   1.481116E+3,   4.311985E-1,   1.758057E+0,   2.334705E+1,   1.641180E-2,   1.497634E+3,   1.563893E-1,   7.063126E+0,   1.253429E-3,   100,0,1,0
       1682,2026-10-01,08:27:50.005,        105,        304,   9.000000E+2,   9.000000E+3,   0.000000E+0,   0.000000E+0,   2.250000E+1,   0.000000E+0,   0.000000E+0,   0.000000E+0,   1.004135E+3,   6.795340E-1,   3.114380E+0,   1.480710E+3,   4.206929E-1,   2.076416E+0,   2.336325E+1,   1.594623E-2,   1.497653E+3,   1.615693E-1,   7.064309E+0,   1.223652E-3,   100,0,1,0
       1683,2026-10-01,08:28:20.007,        106,        304,   9.000000E+2,   9.000000E+3,   0.000000E+0,   0.000000E+0,   2.250000E+1,   0.000000E+0,   0.000000E+0,   0.000000E+0,   1.004274E+3,   7.594559E-1,   3.438904E+0,   1.480141E+3,   7.144288E-1,   2.828857E+0,   2.338043E+1,   1.613241E-2,   1.497690E+3,   1.829108E-1,   7.065966E+0,   2.077911E-3,   100,0,1,0
       1684,2026-10-01,08:28:50.009,        107,        304,   9.000000E+2,   9.000000E+3,   0.000000E+0,   0.000000E+0,   2.250000E+1,   0.000000E+0,   0.000000E+0,   0.000000E+0,   1.004576E+3,   4.039432E-1,   2.488831E+0,   1.479542E+3,   7.097712E-1,   2.599731E+0,   2.339768E+1,   1.701117E-2,   1.497767E+3,   9.555848E-2,   7.067709E+0,   2.065788E-3,   100,0,1,0
       1685,2026-10-01,08:29:20.011,        108,        304,   9.000000E+2,   9.000000E+3,   0.000000E+0,   0.000000E+0,   2.250000E+1,   0.000000E+0,   0.000000E+0,   0.000000E+0,   1.004813E+3,   2.216291E-1,   8.929443E-1,   1.478955E+3,   5.216514E-1,   2.493896E+0,   2.341520E+1,   1.739053E-2,   1.497826E+3,   5.501330E-2,   7.069418E+0,   1.520249E-3,   100,0,1,0
       1686,2026-10-01,08:29:50.013,        109,        304,   9.000000E+2,   9.000000E+3,   0.000000E+0,   0.000000E+0,   2.250000E+1,   0.000000E+0,   0.000000E+0,   0.000000E+0,   1.004898E+3,   1.686064E-1,   8.046265E-1,   1.478572E+3,   3.524855E-1,   1.491455E+0,   2.343270E+1,   1.660386E-2,   1.497850E+3,   4.223781E-2,   7.070539E+0,   1.029221E-3,   100,0,1,0
       1687,2026-10-01,08:30:20.015,        110,        304,   9.000000E+2,   9.000000E+3,   0.000000E+0,   0.000000E+0,   2.250000E+1,   0.000000E+0,   0.000000E+0,   0.000000E+0,   1.004983E+3,   1.071137E-1,   4.225464E-1,   1.478253E+3,   3.581670E-1,   1.482910E+0,   2.344911E+1,   1.590336E-2,   1.497874E+3,   2.738724E-2,   7.071469E+0,   1.046002E-3,   100,1,1,1
       1688,2026-10-01,08:30:50.017,        111,        304,   9.000000E+2,   9.000000E+3,   0.000000E+0,   0.000000E+0,   2.250000E+1,   0.000000E+0,   0.000000E+0,   0.000000E+0,   1.005051E+3,   1.057413E-1,   5.106812E-1,   1.477922E+3,   3.481776E-1,   1.471558E+0,   2.346607E+1,   1.593473E-2,   1.497893E+3,   2.730455E-2,   7.072437E+0,   1.017442E-3,   100,1,1,1
       1689,2026-10-01,08:31:20.019,        112,        304,   9.000000E+2,   9.000000E+3,   0.000000E+0,   0.000000E+0,   2.250000E+1,   0.000000E+0,   0.000000E+0,   0.000000E+0,   1.005054E+3,   1.246577E-1,   5.106812E-1,   1.477652E+3,   2.971191E-1,   1.382568E+0,   2.348206E+1,   1.596367E-2,   1.497898E+3,   3.061548E-2,   7.073227E+0,   8.689785E-4,   100,1,1,1
       1690,2026-10-01,08:31:50.021,        113,        304,   9.000000E+2,   9.000000E+3,   0.000000E+0,   0.000000E+0,   2.250000E+1,   0.000000E+0,   0.000000E+0,   0.000000E+0,   1.005090E+3,   1.096150E-1,   5.402222E-1,   1.477371E+3,   2.938866E-1,   1.293091E+0,   2.349902E+1,   1.593491E-2,   1.497910E+3,   2.610871E-2,   7.074052E+0,   8.599882E-4,   100,1,1,1
       1691,2026-10-01,08:32:20.023,        114,        304,   9.000000E+2,   9.000000E+3,   0.000000E+0,   0.000000E+0,   2.250000E+1,   0.000000E+0,   0.000000E+0,   0.000000E+0,   1.005127E+3,   1.396506E-1,   6.062622E-1,   1.477111E+3,   3.256256E-1,   1.313232E+0,   2.351479E+1,   1.569225E-2,   1.497922E+3,   3.529914E-2,   7.074812E+0,   9.528020E-4,   100,0,1,0
       1692,2026-10-01,08:32:50.025,        115,        304,   9.000000E+2,   9.000000E+3,   0.000000E+0,   0.000000E+0,   2.250000E+1,   0.000000E+0,   0.000000E+0,   0.000000E+0,   1.005176E+3,   1.447046E-1,   6.062622E-1,   1.476837E+3,   3.199287E-1,   1.531738E+0,   2.353104E+1,   1.563047E-2,   1.497937E+3,   3.691545E-2,   7.075617E+0,   9.363692E-4,   100,0,1,0
       1693,2026-10-01,08:33:20.027,        116,        304,   9.000000E+2,   9.000000E+3,   0.000000E+0,   0.000000E+0,   2.250000E+1,   0.000000E+0,   0.000000E+0,   0.000000E+0,   1.005238E+3,   1.013663E-1,   6.038818E-1,   1.476564E+3,   2.746156E-1,   1.265015E+0,   2.354721E+1,   1.569516E-2,   1.497955E+3,   2.600645E-2,   7.076416E+0,   8.044528E-4,   100,0,1,0
       1694,2026-10-01,08:33:50.029,        117,        304,   9.000000E+2,   9.000000E+3,   0.000000E+0,   0.000000E+0,   2.250000E+1,   0.000000E+0,   0.000000E+0,   0.000000E+0,   1.005255E+3,   9.670456E-2,   4.191895E-1,   1.476345E+3,   2.655052E-1,   1.281128E+0,   2.356358E+1,   1.585007E-2,   1.497963E+3,   2.293712E-2,   7.077060E+0,   7.780482E-4,   100,1,1,1
       1695,2026-10-01,08:34:20.031,        118,        304,   9.000000E+2,   9.000000E+3,   0.000000E+0,   0.000000E+0,   2.250000E+1,   0.000000E+0,   0.000000E+0,   0.000000E+0,   1.005267E+3,   1.265897E-1,   4.932251E-1,   1.476107E+3,   2.706417E-1,   1.346558E+0,   2.357990E+1,   1.582416E-2,   1.497969E+3,   3.120378E-2,   7.077760E+0,   7.934201E-4,   100,1,1,1
       1696,2026-10-01,08:34:50.033,        119,        304,   9.000000E+2,   9.000000E+3,   0.000000E+0,   0.000000E+0,   2.250000E+1,   0.000000E+0,   0.000000E+0,   0.000000E+0,   1.005291E+3,   1.280216E-1,   4.932251E-1,   1.475877E+3,   2.665951E-1,   1.324585E+0,   2.359606E+1,   1.551051E-2,   1.497978E+3,   3.097887E-2,   7.078435E+0,   7.817320E-4,   100,1,1,1
       1697,2026-10-01,08:35:20.035,        120,        304,   9.000000E+2,   9.000000E+3,   0.000000E+0,   0.000000E+0,   2.250000E+1,   0.000000E+0,   0.000000E+0,   0.000000E+0,   1.005342E+3,   1.543096E-1,   5.804443E-1,   1.475626E+3,   2.873154E-1,   1.171509E+0,   2.361207E+1,   1.527220E-2,   1.497994E+3,   3.886873E-2,   7.079172E+0,   8.426885E-4,   100,1,1,1
       1698,2026-10-01,08:35:50.037,        121,        304,   9.000000E+2,   9.000000E+3,   0.000000E+0,   0.000000E+0,   2.250000E+1,   0.000000E+0,   0.000000E+0,   0.000000E+0,   1.005404E+3,   9.656426E-2,   4.016113E-1,   1.475421E+3,   2.640306E-1,   1.159790E+0,   2.362778E+1,   1.522077E-2,   1.498012E+3,   2.486023E-2,   7.079775E+0,   7.747074E-4,   100,1,1,1
       1699,2026-10-01,08:36:20.039,        122,        304,   9.000000E+2,   9.000000E+3,   0.000000E+0,   0.000000E+0,   2.250000E+1,   0.000000E+0,   0.000000E+0,   0.000000E+0,   1.005441E+3,   7.689105E-2,   3.562622E-1,   1.475213E+3,   2.326275E-1,   1.088501E+0,   2.364356E+1,   1.518112E-2,   1.498024E+3,   1.867179E-2,   7.080387E+0,   6.828542E-4,   100,1,1,1
       1700,2026-10-01,08:36:50.041,        123,        304,   9.000000E+2,   9.000000E+3,   0.000000E+0,   0.000000E+0,   2.250000E+1,   0.000000E+0,   0.000000E+0,   0.000000E+0,   1.005450E+3,   7.459968E-2,   3.776245E-1,   1.475044E+3,   2.279038E-1,   9.156494E-1,   2.365934E+1,   1.528980E-2,   1.498029E+3,   1.850935E-2,   7.080885E+0,   6.692561E-4,   100,1,1,1
       1701,2026-10-01,08:37:20.043,        124,        304,   9.000000E+2,   9.000000E+3,   0.000000E+0,   0.000000E+0,   2.250000E+1,   0.000000E+0,   0.000000E+0,   0.000000E+0,   1.005441E+3,   8.514650E-2,   3.776245E-1,   1.474879E+3,   2.020502E-1,   9.588623E-1,   2.367520E+1,   1.541692E-2,   1.498030E+3,   2.058451E-2,   7.081372E+0,   5.933522E-4,   100,1,1,1
       1702,2026-10-01,08:37:50.045,        125,        304,   9.000000E+2,   9.000000E+3,   0.000000E+0,   0.000000E+0,   2.250000E+1,   0.000000E+0,   0.000000E+0,   0.000000E+0,   1.005464E+3,   8.292347E-2,   3.855591E-1,   1.474726E+3,   2.218713E-1,   1.033569E+0,   2.369105E+1,   1.528666E-2,   1.498039E+3,   2.065148E-2,   7.081823E+0,   6.516217E-4,   100,1,1,1
       1703,2026-10-01,08:38:20.047,        126,        304,   9.000000E+2,   9.000000E+3,   0.000000E+0,   0.000000E+0,   2.250000E+1,   0.000000E+0,   0.000000E+0,   0.000000E+0,   1.005464E+3,   1.220300E-1,   5.761108E-1,   1.474556E+3,   2.542739E-1,   1.014282E+0,   2.370682E+1,   1.518051E-2,   1.498043E+3,   2.992487E-2,   7.082325E+0,   7.468702E-4,   100,1,1,1
       1704,2026-10-01,08:38:50.049,        127,        304,   9.000000E+2,   9.000000E+3,   0.000000E+0,   0.000000E+0,   2.250000E+1,   0.000000E+0,   0.000000E+0,   0.000000E+0,   1.005502E+3,   1.283753E-1,   5.846558E-1,   1.474377E+3,   2.086527E-1,   8.774414E-1,   2.372248E+1,   1.507754E-2,   1.498055E+3,   3.187144E-2,   7.082853E+0,   6.132529E-4,   100,1,1,1
       1705,2026-10-01,08:39:20.051,        128,        304,   9.000000E+2,   9.000000E+3,   0.000000E+0,   0.000000E+0,   2.250000E+1,   0.000000E+0,   0.000000E+0,   0.000000E+0,   1.005522E+3,   1.352510E-1,   5.846558E-1,   1.474226E+3,   2.062750E-1,   1.080322E+0,   2.373812E+1,   1.509873E-2,   1.498063E+3,   3.299769E-2,   7.083301E+0,   6.065110E-4,   100,1,1,1
       1706,2026-10-01,08:39:50.053,        129,        304,   9.000000E+2,   9.000000E+3,   0.000000E+0,   0.000000E+0,   2.250000E+1,   0.000000E+0,   0.000000E+0,   0.000000E+0,   1.005585E+3,   9.737283E-2,   4.283447E-1,   1.474062E+3,   2.066292E-1,   8.513184E-1,   2.375371E+1,   1.507811E-2,   1.498081E+3,   2.413468E-2,   7.083783E+0,   6.077955E-4,   100,1,1,1
       1707,2026-10-01,08:40:20.055,        130,        304,   9.000000E+2,   9.000000E+3,   0.000000E+0,   0.000000E+0,   2.250000E+1,   0.000000E+0,   0.000000E+0,   0.000000E+0,   1.005599E+3,   1.030956E-1,   4.899292E-1,   1.473911E+3,   2.022174E-1,   9.544678E-1,   2.376931E+1,   1.513831E-2,   1.498088E+3,   2.584316E-2,   7.084232E+0,   5.949629E-4,   100,1,1,1
       1708,2026-10-01,08:40:50.057,        131,        304,   9.000000E+2,   9.000000E+3,   0.000000E+0,   0.000000E+0,   2.250000E+1,   0.000000E+0,   0.000000E+0,   0.000000E+0,   1.005615E+3,   9.631849E-2,   4.899292E-1,   1.473758E+3,   1.815796E-1,   8.930664E-1,   2.378512E+1,   1.535953E-2,   1.498095E+3,   2.396262E-2,   7.084683E+0,   5.342168E-4,   100,1,1,1
       1709,2026-10-01,08:41:20.059,        132,        304,   9.000000E+2,   9.000000E+3,   0.000000E+0,   0.000000E+0,   2.250000E+1,   0.000000E+0,   0.000000E+0,   0.000000E+0,   1.005634E+3,   9.800588E-2,   4.226685E-1,   1.473618E+3,   2.028370E-1,   1.081421E+0,   2.380039E+1,   1.542524E-2,   1.498103E+3,   2.467803E-2,   7.085096E+0,   5.967768E-4,   100,1,1,1
       1710,2026-10-01,08:41:50.061,        133,        304,   9.000000E+2,   9.000000E+3,   0.000000E+0,   0.000000E+0,   2.250000E+1,   0.000000E+0,   0.000000E+0,   0.000000E+0,   1.005657E+3,   8.930609E-2,   3.776245E-1,   1.473499E+3,   1.840851E-1,   8.798828E-1,   2.381631E+1,   1.517950E-2,   1.498111E+3,   2.218031E-2,   7.085451E+0,   5.416300E-4,   100,1,1,1
       1711,2026-10-01,08:42:20.063,        134,        304,   9.000000E+2,   9.000000E+3,   0.000000E+0,   0.000000E+0,   2.250000E+1,   0.000000E+0,   0.000000E+0,   0.000000E+0,   1.005662E+3,   9.002155E-2,   3.776245E-1,   1.473382E+3,   1.648749E-1,   9.229736E-1,   2.383222E+1,   1.553433E-2,   1.498115E+3,   2.235494E-2,   7.085798E+0,   4.853841E-4,   100,1,1,1
       1712,2026-10-01,08:42:50.065,        135,        304,   9.000000E+2,   9.000000E+3,   0.000000E+0,   0.000000E+0,   2.250000E+1,   0.000000E+0,   0.000000E+0,   0.000000E+0,   1.005708E+3,   9.780177E-2,   3.988647E-1,   1.473246E+3,   1.744165E-1,   8.366699E-1,   2.384809E+1,   1.547163E-2,   1.498130E+3,   2.546500E-2,   7.086198E+0,   5.138554E-4,   100,1,1,1
       1713,2026-10-01,08:43:20.067,        136,        304,   9.000000E+2,   9.000000E+3,   0.000000E+0,   0.000000E+0,   2.250000E+1,   0.000000E+0,   0.000000E+0,   0.000000E+0,   1.005721E+3,   1.292969E-1,   6.072998E-1,   1.473165E+3,   1.740327E-1,   8.183594E-1,   2.386387E+1,   1.505028E-2,   1.498136E+3,   3.140357E-2,   7.086442E+0,   5.118856E-4,   100,0,1,0
       1714,2026-10-01,08:43:50.069,        137,        304,   9.000000E+2,   9.000000E+3,   0.000000E+0,   0.000000E+0,   2.250000E+1,   0.000000E+0,   0.000000E+0,   0.000000E+0,   1.005755E+3,   1.281252E-1,   6.396484E-1,   1.473041E+3,   1.810299E-1,   1.072876E+0,   2.387946E+1,   1.493466E-2,   1.498148E+3,   3.145618E-2,   7.086808E+0,   5.326652E-4,   100,0,1,0
       1715,2026-10-01,08:44:20.071,        138,        304,   9.000000E+2,   9.000000E+3,   0.000000E+0,   0.000000E+0,   2.250000E+1,   0.000000E+0,   0.000000E+0,   0.000000E+0,   1.005740E+3,   1.418655E-1,   6.396484E-1,   1.472951E+3,   1.906283E-1,   1.122192E+0,   2.389503E+1,   1.524602E-2,   1.498147E+3,   3.428637E-2,   7.087076E+0,   5.610260E-4,   100,0,1,0
       1716,2026-10-01,08:44:50.073,        139,        304,   9.000000E+2,   9.000000E+3,   0.000000E+0,   0.000000E+0,   2.250000E+1,   0.000000E+0,   0.000000E+0,   0.000000E+0,   1.005667E+3,   3.373370E-1,   2.029907E+0,   1.472880E+3,   2.160983E-1,   1.195801E+0,   2.390996E+1,   1.485160E-2,   1.498132E+3,   8.074944E-2,   7.087289E+0,   6.351503E-4,   100,0,1,0
       1717,2026-10-01,08:45:20.075,        140,        304,   9.000000E+2,   9.000000E+3,   0.000000E+0,   0.000000E+0,   2.250000E+1,   0.000000E+0,   0.000000E+0,   0.000000E+0,   1.005574E+3,   5.672715E-1,   2.468384E+0,   1.472742E+3,   1.893842E-1,   1.055298E+0,   2.392583E+1,   1.460119E-2,   1.498115E+3,   1.347105E-1,   7.087698E+0,   5.568123E-4,   100,0,1,0
       1718,2026-10-01,08:45:50.077,        141,        304,   9.000000E+2,   9.000000E+3,   0.000000E+0,   0.000000E+0,   2.250000E+1,   0.000000E+0,   0.000000E+0,   0.000000E+0,   1.005562E+3,   5.611954E-1,   2.468384E+0,   1.472658E+3,   1.963034E-1,   1.110229E+0,   2.394103E+1,   1.481520E-2,   1.498115E+3,   1.343366E-1,   7.087948E+0,   5.775200E-4,   100,0,1,0
       1719,2026-10-01,08:46:20.079,        142,        304,   9.000000E+2,   9.000000E+3,   0.000000E+0,   0.000000E+0,   2.250000E+1,   0.000000E+0,   0.000000E+0,   0.000000E+0,   1.005449E+3,   5.961175E-1,   2.578735E+0,   1.472562E+3,   2.225142E-1,   1.328613E+0,   2.395653E+1,   1.512388E-2,   1.498091E+3,   1.434743E-1,   7.088235E+0,   6.547744E-4,   100,0,1,0
       1720,2026-10-01,08:46:50.081,        143,        304,   9.000000E+2,   9.000000E+3,   0.000000E+0,   0.000000E+0,   2.250000E+1,   0.000000E+0,   0.000000E+0,   0.000000E+0,   1.005685E+3,   3.411085E-1,   1.702148E+0,   1.476105E+3,   1.607697E+1,   7.383386E+1,   2.397207E+1,   1.517997E-2,   1.498151E+3,   8.249009E-2,   7.078356E+0,   4.491503E-2,   100,0,1,0
       1721,2026-10-01,08:47:20.083,        144,        304,   9.000000E+2,   9.000000E+3,   0.000000E+0,   0.000000E+0,   2.250000E+1,   0.000000E+0,   0.000000E+0,   0.000000E+0,   1.005756E+3,   3.755541E-1,   1.750122E+0,   1.485565E+3,   2.837244E+1,   7.387939E+1,   2.398760E+1,   1.490489E-2,   1.498171E+3,   9.207911E-2,   7.051944E+0,   7.927120E-2,   100,0,1,0
       1722,2026-10-01,08:47:50.085,        145,        304,   9.000000E+2,   9.000000E+3,   0.000000E+0,   0.000000E+0,   2.250000E+1,   0.000000E+0,   0.000000E+0,   0.000000E+0,   1.005885E+3,   3.042106E-1,   1.721741E+0,   1.500188E+3,   3.588268E+1,   7.387939E+1,   2.400298E+1,   1.477317E-2,   1.498205E+3,   7.453218E-2,   7.011099E+0,   1.002632E-1,   100,0,1,0
       1723,2026-10-01,08:48:20.087,        146,        304,   9.000000E+2,   9.000000E+3,   0.000000E+0,   0.000000E+0,   2.250000E+1,   0.000000E+0,   0.000000E+0,   0.000000E+0,   1.006022E+3,   8.396322E-2,   4.100952E-1,   1.519260E+3,   3.548363E+1,   7.390515E+1,   2.401778E+1,   1.478653E-2,   1.498240E+3,   2.127992E-2,   6.957807E+0,   9.915475E-2,   100,1,1,1
       1724,2026-10-01,08:48:50.089,        147,        304,   9.000000E+2,   9.000000E+3,   0.000000E+0,   0.000000E+0,   2.250000E+1,   0.000000E+0,   0.000000E+0,   0.000000E+0,   1.006077E+3,   1.113100E-1,   4.646606E-1,   1.534656E+3,   2.638293E+1,   7.384668E+1,   2.403371E+1,   1.496780E-2,   1.498257E+3,   2.905102E-2,   6.914784E+0,   7.372723E-2,   100,1,1,1
       1725,2026-10-01,08:49:20.091,        148,        304,   9.000000E+2,   9.000000E+3,   0.000000E+0,   0.000000E+0,   2.250000E+1,   0.000000E+0,   0.000000E+0,   0.000000E+0,   1.006121E+3,   1.156201E-1,   5.101929E-1,   1.543408E+3,   1.259409E+1,   7.379065E+1,   2.404873E+1,   1.507813E-2,   1.498271E+3,   2.877277E-2,   6.890320E+0,   3.519581E-2,   100,1,1,1
       1726,2026-10-01,08:49:50.093,        149,        304,   9.000000E+2,   9.000000E+3,   0.000000E+0,   0.000000E+0,   2.250000E+1,   0.000000E+0,   0.000000E+0,   0.000000E+0,   1.006191E+3,   1.057179E-1,   5.467529E-1,   1.545519E+3,   1.424010E-1,   6.502686E-1,   2.406472E+1,   1.492448E-2,   1.498291E+3,   2.572218E-2,   6.884413E+0,   3.815870E-4,   100,1,1,1
       1727,2026-10-01,08:50:20.095,        150,        304,   9.000000E+2,   9.000000E+3,   0.000000E+0,   0.000000E+0,   2.250000E+1,   0.000000E+0,   0.000000E+0,   0.000000E+0,   1.006223E+3,   1.088758E-1,   5.737305E-1,   1.545428E+3,   1.483496E-1,   7.585449E-1,   2.407948E+1,   1.461232E-2,   1.498302E+3,   2.695999E-2,   6.884657E+0,   3.976568E-4,   100,1,1,1
       1728,2026-10-01,08:50:50.097,        151,        304,   9.000000E+2,   9.000000E+3,   0.000000E+0,   0.000000E+0,   2.250000E+1,   0.000000E+0,   0.000000E+0,   0.000000E+0,   1.006262E+3,   5.708619E-2,   2.537842E-1,   1.545339E+3,   1.188359E-1,   5.693359E-1,   2.409457E+1,   1.448706E-2,   1.498314E+3,   1.369525E-2,   6.884900E+0,   3.188693E-4,   100,1,1,1
       1729,2026-10-01,08:51:20.099,        152,        304,   9.000000E+2,   9.000000E+3,   0.000000E+0,   0.000000E+0,   2.250000E+1,   0.000000E+0,   0.000000E+0,   0.000000E+0,   1.006268E+3,   6.396268E-2,   2.940674E-1,   1.545260E+3,   1.320535E-1,   6.254883E-1,   2.410946E+1,   1.433447E-2,   1.498318E+3,   1.641196E-2,   6.885114E+0,   3.537583E-4,   100,1,1,1
       1730,2026-10-01,08:51:50.101,        153,        304,   9.000000E+2,   9.000000E+3,   0.000000E+0,   0.000000E+0,   2.250000E+1,   0.000000E+0,   0.000000E+0,   0.000000E+0,   1.006291E+3,   7.202388E-2,   2.940674E-1,   1.545188E+3,   1.223781E-1,   5.727539E-1,   2.412412E+1,   1.410827E-2,   1.498327E+3,   1.866863E-2,   6.885311E+0,   3.275437E-4,   100,1,1,1
       1731,2026-10-01,08:52:20.103,        154,        304,   9.000000E+2,   9.000000E+3,   0.000000E+0,   0.000000E+0,   2.250000E+1,   0.000000E+0,   0.000000E+0,   0.000000E+0,   1.006315E+3,   6.703033E-2,   2.966309E-1,   1.545120E+3,   1.302630E-1,   6.811523E-1,   2.413873E+1,   1.401829E-2,   1.498336E+3,   1.761464E-2,   6.885496E+0,   3.489956E-4,   100,1,1,1
       1732,2026-10-01,08:52:50.106,        155,        304,   9.000000E+2,   9.000000E+3,   0.000000E+0,   0.000000E+0,   2.250000E+1,   0.000000E+0,   0.000000E+0,   0.000000E+0,   1.006347E+3,   6.199249E-2,   2.750854E-1,   1.545050E+3,   1.292681E-1,   6.295166E-1,   2.415344E+1,   1.432378E-2,   1.498346E+3,   1.688069E-2,   6.885686E+0,   3.468592E-4,   100,1,1,1
       1733,2026-10-01,08:53:20.108,        156,        304,   9.000000E+2,   9.000000E+3,   0.000000E+0,   0.000000E+0,   2.250000E+1,   0.000000E+0,   0.000000E+0,   0.000000E+0,   1.006385E+3,   4.986487E-2,   2.134399E-1,   1.544971E+3,   1.228022E-1,   6.263428E-1,   2.416830E+1,   1.454588E-2,   1.498358E+3,   1.361137E-2,   6.885900E+0,   3.296928E-4,   100,1,1,1
       1734,2026-10-01,08:53:50.110,        157,        304,   9.000000E+2,   9.000000E+3,   0.000000E+0,   0.000000E+0,   2.250000E+1,   0.000000E+0,   0.000000E+0,   0.000000E+0,   1.006416E+3,   6.264448E-2,   2.507935E-1,   1.544889E+3,   1.233282E-1,   4.984131E-1,   2.418331E+1,   1.444772E-2,   1.498369E+3,   1.706340E-2,   6.886122E+0,   3.309051E-4,   100,1,1,1
       1735,2026-10-01,08:54:20.112,        158,        304,   9.000000E+2,   9.000000E+3,   0.000000E+0,   0.000000E+0,   2.250000E+1,   0.000000E+0,   0.000000E+0,   0.000000E+0,   1.006451E+3,   5.734027E-2,   2.918701E-1,   1.544821E+3,   1.275190E-1,   6.024170E-1,   2.419815E+1,   1.431723E-2,   1.498381E+3,   1.558982E-2,   6.886307E+0,   3.421163E-4,   100,1,1,1
       1736,2026-10-01,08:54:50.114,        159,        304,   9.000000E+2,   9.000000E+3,   0.000000E+0,   0.000000E+0,   2.250000E+1,   0.000000E+0,   0.000000E+0,   0.000000E+0,   1.006450E+3,   8.849430E-2,   4.941406E-1,   1.544738E+3,   1.282051E-1,   6.635742E-1,   2.421292E+1,   1.416919E-2,   1.498384E+3,   2.163734E-2,   6.886534E+0,   3.437742E-4,   100,1,1,1
       1737,2026-10-01,08:55:20.116,        160,        304,   9.000000E+2,   9.000000E+3,   0.000000E+0,   0.000000E+0,   2.250000E+1,   0.000000E+0,   0.000000E+0,   0.000000E+0,   1.006470E+3,   8.812470E-2,   4.944458E-1,   1.544670E+3,   1.234484E-1,   6.303711E-1,   2.422751E+1,   1.411278E-2,   1.498391E+3,   2.235971E-2,   6.886717E+0,   3.312429E-4,   100,1,1,1
       1738,2026-10-01,08:55:50.118,        161,        304,   9.000000E+2,   9.000000E+3,   0.000000E+0,   0.000000E+0,   2.250000E+1,   0.000000E+0,   0.000000E+0,   0.000000E+0,   1.006490E+3,   9.116545E-2,   5.288086E-1,   1.544599E+3,   1.212491E-1,   5.776367E-1,   2.424206E+1,   1.404907E-2,   1.498399E+3,   2.302960E-2,   6.886910E+0,   3.254656E-4,   100,1,1,1
       1739,2026-10-01,08:56:20.120,        162,        304,   9.000000E+2,   9.000000E+3,   0.000000E+0,   0.000000E+0,   2.250000E+1,   0.000000E+0,   0.000000E+0,   0.000000E+0,   1.006517E+3,   5.125620E-2,   2.563477E-1,   1.544531E+3,   1.151417E-1,   5.473633E-1,   2.425655E+1,   1.389797E-2,   1.498409E+3,   1.336368E-2,   6.887095E+0,   3.089424E-4,   100,1,1,1
       1740,2026-10-01,08:56:50.122,        163,        304,   9.000000E+2,   9.000000E+3,   0.000000E+0,   0.000000E+0,   2.250000E+1,   0.000000E+0,   0.000000E+0,   0.000000E+0,   1.006554E+3,   6.391693E-2,   3.325806E-1,   1.544453E+3,   1.174744E-1,   5.866699E-1,   2.427093E+1,   1.391381E-2,   1.498420E+3,   1.664924E-2,   6.887308E+0,   3.152379E-4,   100,1,1,1
       1741,2026-10-01,08:57:20.124,        164,        304,   9.000000E+2,   9.000000E+3,   0.000000E+0,   0.000000E+0,   2.250000E+1,   0.000000E+0,   0.000000E+0,   0.000000E+0,   1.006575E+3,   7.201007E-2,   2.706909E-1,   1.544390E+3,   1.183595E-1,   5.866699E-1,   2.428525E+1,   1.385119E-2,   1.498428E+3,   1.842225E-2,   6.887480E+0,   3.176247E-4,   100,1,1,1
       1742,2026-10-01,08:57:50.126,        165,        304,   9.000000E+2,   9.000000E+3,   0.000000E+0,   0.000000E+0,   2.250000E+1,   0.000000E+0,   0.000000E+0,   0.000000E+0,   1.006596E+3,   6.628086E-2,   2.354126E-1,   1.544332E+3,   1.065229E-1,   6.002197E-1,   2.429962E+1,   1.386268E-2,   1.498436E+3,   1.663983E-2,   6.887638E+0,   2.854968E-4,   100,1,1,1
       1743,2026-10-01,08:58:20.128,        166,        304,   9.000000E+2,   9.000000E+3,   0.000000E+0,   0.000000E+0,   2.250000E+1,   0.000000E+0,   0.000000E+0,   0.000000E+0,   1.006621E+3,   6.062517E-2,   2.567139E-1,   1.544279E+3,   1.094560E-1,   5.089111E-1,   2.431389E+1,   1.389436E-2,   1.498445E+3,   1.593918E-2,   6.887783E+0,   2.938555E-4,   100,1,1,1
       1744,2026-10-01,08:58:50.130,        167,        304,   9.000000E+2,   9.000000E+3,   0.000000E+0,   0.000000E+0,   2.250000E+1,   0.000000E+0,   0.000000E+0,   0.000000E+0,   1.006644E+3,   7.375886E-2,   3.046875E-1,   1.544217E+3,   1.092183E-1,   5.183105E-1,   2.432821E+1,   1.376958E-2,   1.498454E+3,   1.982053E-2,   6.887952E+0,   2.934634E-4,   100,1,1,1
       1745,2026-10-01,08:59:20.132,        168,        304,   9.000000E+2,   9.000000E+3,   0.000000E+0,   0.000000E+0,   2.250000E+1,   0.000000E+0,   0.000000E+0,   0.000000E+0,   1.006667E+3,   6.342773E-2,   3.269043E-1,   1.544159E+3,   1.164230E-1,   5.119629E-1,   2.434238E+1,   1.365415E-2,   1.498463E+3,   1.530590E-2,   6.888113E+0,   3.124133E-4,   100,1,1,1
       1746,2026-10-01,08:59:50.134,        169,        304,   9.000000E+2,   9.000000E+3,   0.000000E+0,   0.000000E+0,   2.250000E+1,   0.000000E+0,   0.000000E+0,   0.000000E+0,   1.006687E+3,   7.104152E-2,   3.483276E-1,   1.544095E+3,   1.168196E-1,   5.657959E-1,   2.435640E+1,   1.345392E-2,   1.498470E+3,   1.767467E-2,   6.888285E+0,   3.132948E-4,   100,1,1,1
       1747,2026-10-01,09:00:20.136,        170,        304,   9.000000E+2,   9.000000E+3,   0.000000E+0,   0.000000E+0,   2.250000E+1,   0.000000E+0,   0.000000E+0,   0.000000E+0,   1.006697E+3,   8.588070E-2,   3.970947E-1,   1.544034E+3,   1.208060E-1,   6.120605E-1,   2.437033E+1,   1.342408E-2,   1.498475E+3,   2.129728E-2,   6.888452E+0,   3.240826E-4,   100,1,1,1
       1748,2026-10-01,09:00:50.138,        171,        304,   9.000000E+2,   9.000000E+3,   0.000000E+0,   0.000000E+0,   2.250000E+1,   0.000000E+0,   0.000000E+0,   0.000000E+0,   1.006711E+3,   7.899878E-2,   3.956299E-1,   1.543983E+3,   9.958899E-2,   4.742432E-1,   2.438415E+1,   1.337773E-2,   1.498482E+3,   1.893320E-2,   6.888594E+0,   2.671661E-4,   100,1,1,1
       1749,2026-10-01,09:01:20.140,        172,        304,   9.000000E+2,   9.000000E+3,   0.000000E+0,   0.000000E+0,   2.250000E+1,   0.000000E+0,   0.000000E+0,   0.000000E+0,   1.006741E+3,   9.084219E-2,   3.956299E-1,   1.543930E+3,   9.246835E-2,   4.230957E-1,   2.439802E+1,   1.341193E-2,   1.498491E+3,   2.305576E-2,   6.888739E+0,   2.481406E-4,   100,1,1,1
       1750,2026-10-01,09:01:50.142,        173,        304,   9.000000E+2,   9.000000E+3,   0.000000E+0,   0.000000E+0,   2.250000E+1,   0.000000E+0,   0.000000E+0,   0.000000E+0,   1.006773E+3,   7.789984E-2,   3.091431E-1,   1.543880E+3,   1.052816E-1,   4.725342E-1,   2.441193E+1,   1.342532E-2,   1.498502E+3,   2.034574E-2,   6.888875E+0,   2.831480E-4,   100,1,1,1
       1751,2026-10-01,09:02:20.144,        174,        304,   9.000000E+2,   9.000000E+3,   0.000000E+0,   0.000000E+0,   2.250000E+1,   0.000000E+0,   0.000000E+0,   0.000000E+0,   1.006790E+3,   6.742924E-2,   3.303223E-1,   1.543823E+3,   9.557424E-2,   4.129639E-1,   2.442571E+1,   1.331788E-2,   1.498509E+3,   1.591551E-2,   6.889030E+0,   2.567123E-4,   100,1,1,1
       1752,2026-10-01,09:02:50.146,        175,        304,   9.000000E+2,   9.000000E+3,   0.000000E+0,   0.000000E+0,   2.250000E+1,   0.000000E+0,   0.000000E+0,   0.000000E+0,   1.006795E+3,   7.506826E-2,   2.986450E-1,   1.543789E+3,   8.743557E-2,   3.950195E-1,   2.443940E+1,   1.312492E-2,   1.498513E+3,   1.761232E-2,   6.889125E+0,   2.342830E-4,   100,1,1,1
       1753,2026-10-01,09:03:20.148,        176,        304,   9.000000E+2,   9.000000E+3,   0.000000E+0,   0.000000E+0,   2.250000E+1,   0.000000E+0,   0.000000E+0,   0.000000E+0,   1.006800E+3,   7.943014E-2,   3.204346E-1,   1.543751E+3,   9.516265E-2,   4.392090E-1,   2.445296E+1,   1.307155E-2,   1.498517E+3,   1.993308E-2,   6.889231E+0,   2.553977E-4,   100,1,1,1
       1754,2026-10-01,09:03:50.150,        177,        304,   9.000000E+2,   9.000000E+3,   0.000000E+0,   0.000000E+0,   2.250000E+1,   0.000000E+0,   0.000000E+0,   0.000000E+0,   1.006842E+3,   7.699836E-2,   4.475098E-1,   1.543695E+3,   9.984872E-2,   4.764404E-1,   2.446646E+1,   1.302433E-2,   1.498530E+3,   1.977439E-2,   6.889383E+0,   2.682180E-4,   100,1,1,1
       1755,2026-10-01,09:04:20.152,        178,        304,   9.000000E+2,   9.000000E+3,   0.000000E+0,   0.000000E+0,   2.250000E+1,   0.000000E+0,   0.000000E+0,   0.000000E+0,   1.006911E+3,   1.265655E-1,   5.049438E-1,   1.543529E+3,   2.591192E-1,   9.882813E-1,   2.447857E+1,   1.127158E-2,   1.498549E+3,   3.283923E-2,   6.889829E+0,   6.941315E-4,   100,1,1,1
       1756,2026-10-01,09:04:50.154,        179,        304,   9.000000E+2,   9.000000E+3,   0.000000E+0,   0.000000E+0,   2.250000E+1,   0.000000E+0,   0.000000E+0,   0.000000E+0,   1.006985E+3,   9.827459E-2,   3.461304E-1,   1.543240E+3,   3.934127E-1,   1.243408E+0,   2.448871E+1,   8.486761E-3,   1.498570E+3,   2.574506E-2,   6.890604E+0,   1.052638E-3,   100,1,1,1
       1757,2026-10-01,09:05:20.156,        180,        304,   9.000000E+2,   9.000000E+3,   0.000000E+0,   0.000000E+0,   2.250000E+1,   0.000000E+0,   0.000000E+0,   0.000000E+0,   1.007041E+3,   3.657687E-2,   2.332764E-1,   1.542912E+3,   3.904221E-1,   1.349976E+0,   2.449687E+1,   7.028747E-3,   1.498586E+3,   9.512842E-3,   6.891481E+0,   1.044564E-3,   100,1,1,1
       1758,2026-10-01,09:05:50.158,        181,        304,   9.000000E+2,   9.000000E+3,   0.000000E+0,   0.000000E+0,   2.250000E+1,   0.000000E+0,   0.000000E+0,   0.000000E+0,   1.007044E+3,   7.902722E-3,   3.063965E-2,   1.542601E+3,   2.225672E-1,   7.901611E-1,   2.450442E+1,   7.902799E-3,   1.498590E+3,   2.269354E-3,   6.892315E+0,   5.967842E-4,   100,1,1,1
       1759,2026-10-01,09:06:20.160,        182,        304,   9.000000E+2,   9.000000E+3,   0.000000E+0,   0.000000E+0,   2.250000E+1,   0.000000E+0,   0.000000E+0,   0.000000E+0,   1.007041E+3,   2.493665E-3,   9.643555E-3,   1.542426E+3,   1.400485E-1,   4.880371E-1,   2.451250E+1,   8.959130E-3,   1.498592E+3,   3.805534E-3,   6.892785E+0,   3.766668E-4,   100,1,1,1
       1760,2026-10-01,09:06:50.162,        183,        304,   9.000000E+2,   9.000000E+3,   0.000000E+0,   0.000000E+0,   2.250000E+1,   0.000000E+0,   0.000000E+0,   0.000000E+0,   1.007044E+3,   4.672997E-3,   1.635742E-2,   1.542307E+3,   8.246184E-2,   2.855225E-1,   2.452256E+1,   9.939608E-3,   1.498597E+3,   4.573788E-3,   6.893105E+0,   2.230544E-4,   100,1,1,1
       1761,2026-10-01,09:07:20.164,        184,        304,   9.000000E+2,   9.000000E+3,   0.000000E+0,   0.000000E+0,   2.250000E+1,   0.000000E+0,   0.000000E+0,   0.000000E+0,   1.007049E+3,   6.218675E-3,   2.148438E-2,   1.542243E+3,   5.019534E-2,   1.724854E-1,   2.453247E+1,   1.063678E-2,   1.498601E+3,   4.911081E-3,   6.893279E+0,   1.370145E-4,   100,1,1,1
       1762,2026-10-01,09:07:50.166,        185,        304,   9.000000E+2,   9.000000E+3,   0.000000E+0,   0.000000E+0,   2.250000E+1,   0.000000E+0,   0.000000E+0,   0.000000E+0,   1.007055E+3,   6.351511E-3,   2.178955E-2,   1.542203E+3,   2.740688E-2,   9.521484E-2,   2.454379E+1,   1.127507E-2,   1.498606E+3,   4.861165E-3,   6.893389E+0,   7.621854E-5,   100,1,1,1
       1763,2026-10-01,09:08:20.168,        186,        304,   9.000000E+2,   9.000000E+3,   0.000000E+0,   0.000000E+0,   2.250000E+1,   0.000000E+0,   0.000000E+0,   0.000000E+0,   1.007062E+3,   6.318009E-3,   2.258301E-2,   1.542184E+3,   1.303460E-2,   4.565430E-2,   2.455540E+1,   1.195333E-2,   1.498611E+3,   4.740538E-3,   6.893445E+0,   3.781226E-5,   100,1,1,1
       1764,2026-10-01,09:08:50.170,        187,        304,   9.000000E+2,   9.000000E+3,   0.000000E+0,   0.000000E+0,   2.250000E+1,   0.000000E+0,   0.000000E+0,   0.000000E+0,   1.007068E+3,   6.102205E-3,   2.069092E-2,   1.542177E+3,   4.478014E-3,   1.757813E-2,   2.456719E+1,   1.251927E-2,   1.498615E+3,   4.619472E-3,   6.893466E+0,   1.364348E-5,   100,1,1,1
       1765,2026-10-01,09:09:20.172,        188,        304,   9.000000E+2,   9.000000E+3,   0.000000E+0,   0.000000E+0,   2.250000E+1,   0.000000E+0,   0.000000E+0,   0.000000E+0,   1.007074E+3,   5.900894E-3,   2.142334E-2,   1.542179E+3,   6.623548E-3,   2.185059E-2,   2.458033E+1,   1.299746E-2,   1.498620E+3,   4.504781E-3,   6.893465E+0,   1.464629E-5,   100,1,1,1
       1766,2026-10-01,09:09:50.174,        189,        304,   9.000000E+2,   9.000000E+3,   0.000000E+0,   0.000000E+0,   2.250000E+1,   0.000000E+0,   0.000000E+0,   0.000000E+0,   1.007079E+3,   5.320889E-3,   1.904297E-2,   1.542187E+3,   1.123525E-2,   3.796387E-2,   2.459336E+1,   1.320107E-2,   1.498625E+3,   4.261671E-3,   6.893447E+0,   2.648509E-5,   100,1,1,1
       1767,2026-10-01,09:10:20.176,        190,        304,   9.000000E+2,   9.000000E+3,   0.000000E+0,   0.000000E+0,   2.250000E+1,   0.000000E+0,   0.000000E+0,   0.000000E+0,   1.007084E+3,   4.357677E-3,   1.477051E-2,   1.542200E+3,   1.486968E-2,   5.017090E-2,   2.460719E+1,   1.335760E-2,   1.498629E+3,   3.927673E-3,   6.893414E+0,   3.616675E-5,   100,1,1,1
       1768,2026-10-01,09:10:50.178,        191,        304,   9.000000E+2,   9.000000E+3,   0.000000E+0,   0.000000E+0,   2.250000E+1,   0.000000E+0,   0.000000E+0,   0.000000E+0,   1.007088E+3,   3.923162E-3,   1.562500E-2,   1.542217E+3,   1.869112E-2,   6.323242E-2,   2.462066E+1,   1.365069E-2,   1.498633E+3,   3.789736E-3,   6.893373E+0,   4.626434E-5,   100,1,1,1
       1769,2026-10-01,09:11:20.180,        192,        304,   9.000000E+2,   9.000000E+3,   0.000000E+0,   0.000000E+0,   2.250000E+1,   0.000000E+0,   0.000000E+0,   0.000000E+0,   1.007092E+3,   4.365194E-3,   1.617432E-2,   1.542237E+3,   2.156576E-2,   7.214355E-2,   2.463482E+1,   1.381199E-2,   1.498637E+3,   3.793737E-3,   6.893323E+0,   5.387555E-5,   100,1,1,1
       1770,2026-10-01,09:11:50.182,        193,        304,   9.000000E+2,   9.000000E+3,   0.000000E+0,   0.000000E+0,   2.250000E+1,   0.000000E+0,   0.000000E+0,   0.000000E+0,   1.007097E+3,   5.780886E-3,   2.001953E-2,   1.542259E+3,   2.324612E-2,   7.836914E-2,   2.464827E+1,   1.407572E-2,   1.498640E+3,   4.090021E-3,   6.893269E+0,   5.831445E-5,   100,1,1,1
       1771,2026-10-01,09:12:20.184,        194,        304,   9.000000E+2,   9.000000E+3,   0.000000E+0,   0.000000E+0,   2.250000E+1,   0.000000E+0,   0.000000E+0,   0.000000E+0,   1.007103E+3,   6.248532E-3,   1.959229E-2,   1.542283E+3,   2.442062E-2,   8.117676E-2,   2.466245E+1,   1.425034E-2,   1.498645E+3,   4.186680E-3,   6.893209E+0,   6.138906E-5,   100,1,1,1
       1772,2026-10-01,09:12:50.186,        195,        304,   9.000000E+2,   9.000000E+3,   0.000000E+0,   0.000000E+0,   2.250000E+1,   0.000000E+0,   0.000000E+0,   0.000000E+0,   1.007109E+3,   5.679652E-3,   2.038574E-2,   1.542308E+3,   2.499516E-2,   8.654785E-2,   2.467710E+1,   1.424573E-2,   1.498649E+3,   4.036137E-3,   6.893145E+0,   6.292233E-5,   100,1,1,1
       1773,2026-10-01,09:13:20.188,        196,        304,   9.000000E+2,   9.000000E+3,   0.000000E+0,   0.000000E+0,   2.250000E+1,   0.000000E+0,   0.000000E+0,   0.000000E+0,   1.007115E+3,   4.505256E-3,   1.690674E-2,   1.542334E+3,   2.539174E-2,   8.728027E-2,   2.469168E+1,   1.393709E-2,   1.498653E+3,   3.662865E-3,   6.893079E+0,   6.408551E-5,   100,1,1,1
       1774,2026-10-01,09:13:50.190,        197,        304,   9.000000E+2,   9.000000E+3,   0.000000E+0,   0.000000E+0,   2.250000E+1,   0.000000E+0,   0.000000E+0,   0.000000E+0,   1.007118E+3,   3.876019E-3,   1.373291E-2,   1.542360E+3,   2.594524E-2,   8.752441E-2,   2.470568E+1,   1.389233E-2,   1.498656E+3,   3.463172E-3,   6.893014E+0,   6.557452E-5,   100,1,1,1
       1775,2026-10-01,09:14:20.192,        198,        304,   9.000000E+2,   9.000000E+3,   0.000000E+0,   0.000000E+0,   2.250000E+1,   0.000000E+0,   0.000000E+0,   0.000000E+0,   1.007122E+3,   3.726436E-3,   1.477051E-2,   1.542388E+3,   2.717658E-2,   9.313965E-2,   2.472000E+1,   1.393284E-2,   1.498660E+3,   3.379545E-3,   6.892944E+0,   6.882960E-5,   100,1,1,1
       1776,2026-10-01,09:14:50.194,        199,        304,   9.000000E+2,   9.000000E+3,   0.000000E+0,   0.000000E+0,   2.250000E+1,   0.000000E+0,   0.000000E+0,   0.000000E+0,   1.007127E+3,   4.671784E-3,   1.666260E-2,   1.542416E+3,   2.780594E-2,   9.448242E-2,   2.473428E+1,   1.372843E-2,   1.498663E+3,   3.592082E-3,   6.892873E+0,   7.059275E-5,   100,1,1,1
       1777,2026-10-01,09:15:20.196,        200,        304,   9.000000E+2,   9.000000E+3,   0.000000E+0,   0.000000E+0,   2.250000E+1,   0.000000E+0,   0.000000E+0,   0.000000E+0,   1.007131E+3,   4.906054E-3,   1.556396E-2,   1.542444E+3,   2.812002E-2,   9.680176E-2,   2.474803E+1,   1.366168E-2,   1.498667E+3,   3.617036E-3,   6.892803E+0,   7.145108E-5,   100,1,1,1
       1778,2026-10-01,09:15:50.198,        201,        304,   9.000000E+2,   9.000000E+3,   0.000000E+0,   0.000000E+0,   2.250000E+1,   0.000000E+0,   0.000000E+0,   0.000000E+0,   1.007136E+3,   4.234264E-3,   1.574707E-2,   1.542473E+3,   2.804002E-2,   9.619141E-2,   2.476220E+1,   1.374515E-2,   1.498671E+3,   3.405660E-3,   6.892728E+0,   7.119668E-5,   100,1,1,1
       1779,2026-10-01,09:16:20.200,        202,        304,   9.000000E+2,   9.000000E+3,   0.000000E+0,   0.000000E+0,   2.250000E+1,   0.000000E+0,   0.000000E+0,   0.000000E+0,   1.007140E+3,   3.008682E-3,   1.055908E-2,   1.542502E+3,   2.880789E-2,   9.545898E-2,   2.477626E+1,   1.364208E-2,   1.498674E+3,   3.079443E-3,   6.892653E+0,   7.324416E-5,   100,1,1,1
       1780,2026-10-01,09:16:50.203,        203,        304,   9.000000E+2,   9.000000E+3,   0.000000E+0,   0.000000E+0,   2.250000E+1,   0.000000E+0,   0.000000E+0,   0.000000E+0,   1.007142E+3,   2.309715E-3,   9.094238E-3,   1.542531E+3,   2.746476E-2,   9.167480E-2,   2.479027E+1,   1.336596E-2,   1.498677E+3,   2.849705E-3,   6.892581E+0,   6.973843E-5,   100,1,1,1
       1781,2026-10-01,09:17:20.206,        204,        304,   9.000000E+2,   9.000000E+3,   0.000000E+0,   0.000000E+0,   2.250000E+1,   0.000000E+0,   0.000000E+0,   0.000000E+0,   1.007145E+3,   2.220728E-3,   9.094238E-3,   1.542558E+3,   2.450119E-2,   8.947754E-2,   2.480405E+1,   1.331899E-2,   1.498680E+3,   2.847021E-3,   6.892513E+0,   6.186874E-5,   100,1,1,1
       1782,2026-10-01,09:17:50.208,        205,        304,   9.000000E+2,   9.000000E+3,   0.000000E+0,   0.000000E+0,   2.250000E+1,   0.000000E+0,   0.000000E+0,   0.000000E+0,   1.007147E+3,   3.185863E-3,   1.318359E-2,   1.542582E+3,   2.483226E-2,   8.471680E-2,   2.481737E+1,   1.331037E-2,   1.498683E+3,   3.074929E-3,   6.892451E+0,   6.275254E-5,   100,1,1,1
       1783,2026-10-01,09:18:20.210,        206,        304,   9.000000E+2,   9.000000E+3,   0.000000E+0,   0.000000E+0,   2.250000E+1,   0.000000E+0,   0.000000E+0,   0.000000E+0,   1.007151E+3,   4.733354E-3,   1.623535E-2,   1.542607E+3,   2.503467E-2,   8.483887E-2,   2.483076E+1,   1.341809E-2,   1.498686E+3,   3.471531E-3,   6.892389E+0,   6.325110E-5,   100,1,1,1
       1784,2026-10-01,09:18:50.212,        207,        304,   9.000000E+2,   9.000000E+3,   0.000000E+0,   0.000000E+0,   2.250000E+1,   0.000000E+0,   0.000000E+0,   0.000000E+0,   1.007155E+3,   4.927732E-3,   1.635742E-2,   1.542632E+3,   2.557453E-2,   9.020996E-2,   2.484416E+1,   1.348108E-2,   1.498690E+3,   3.543688E-3,   6.892324E+0,   6.469767E-5,   100,1,1,1
       1785,2026-10-01,09:19:20.214,        208,        304,   9.000000E+2,   9.000000E+3,   0.000000E+0,   0.000000E+0,   2.250000E+1,   0.000000E+0,   0.000000E+0,   0.000000E+0,   1.007160E+3,   4.330113E-3,   1.715088E-2,   1.542658E+3,   2.516905E-2,   8.410645E-2,   2.485795E+1,   1.323343E-2,   1.498693E+3,   3.323003E-3,   6.892259E+0,   6.369292E-5,   100,1,1,1
       1786,2026-10-01,09:19:50.216,        209,        304,   9.000000E+2,   9.000000E+3,   0.000000E+0,   0.000000E+0,   2.250000E+1,   0.000000E+0,   0.000000E+0,   0.000000E+0,   1.007164E+3,   3.616664E-3,   1.074219E-2,   1.542678E+3,   1.806135E-2,   6.616211E-2,   2.487146E+1,   1.293224E-2,   1.498697E+3,   3.073413E-3,   6.892209E+0,   4.490100E-5,   100,1,1,1
       1787,2026-10-01,09:20:20.218,        210,        304,   9.000000E+2,   9.000000E+3,   0.000000E+0,   0.000000E+0,   2.250000E+1,   0.000000E+0,   0.000000E+0,   0.000000E+0,   1.007167E+3,   2.815984E-3,   1.165771E-2,   1.542698E+3,   1.647535E-2,   6.237793E-2,   2.488473E+1,   1.263689E-2,   1.498700E+3,   2.836572E-3,   6.892160E+0,   4.074124E-5,   100,1,1,1
       1788,2026-10-01,09:20:50.220,        211,        304,   9.000000E+2,   9.000000E+3,   0.000000E+0,   0.000000E+0,   2.250000E+1,   0.000000E+0,   0.000000E+0,   0.000000E+0,   1.007170E+3,   2.312887E-3,   8.972168E-3,   1.542715E+3,   2.199907E-2,   7.031250E-2,   2.489692E+1,   1.262227E-2,   1.498702E+3,   2.729181E-3,   6.892117E+0,   5.538456E-5,   100,1,1,1
       1789,2026-10-01,09:21:20.222,        212,        304,   9.000000E+2,   9.000000E+3,   0.000000E+0,   0.000000E+0,   2.250000E+1,   0.000000E+0,   0.000000E+0,   0.000000E+0,   1.007172E+3,   3.064233E-3,   1.062012E-2,   1.542738E+3,   2.255360E-2,   7.800293E-2,   2.491043E+1,   1.260195E-2,   1.498705E+3,   2.937991E-3,   6.892060E+0,   5.682945E-5,   100,1,1,1
       1790,2026-10-01,09:21:50.224,        213,        304,   9.000000E+2,   9.000000E+3,   0.000000E+0,   0.000000E+0,   2.250000E+1,   0.000000E+0,   0.000000E+0,   0.000000E+0,   1.007175E+3,   2.774184E-3,   9.887695E-3,   1.542761E+3,   2.261775E-2,   7.922363E-2,   2.492290E+1,   1.249935E-2,   1.498708E+3,   2.861430E-3,   6.892002E+0,   5.704205E-5,   100,1,1,1
       1791,2026-10-01,09:22:20.226,        214,        304,   9.000000E+2,   9.000000E+3,   0.000000E+0,   0.000000E+0,   2.250000E+1,   0.000000E+0,   0.000000E+0,   0.000000E+0,   1.007178E+3,   3.004680E-3,   1.074219E-2,   1.542787E+3,   2.529733E-2,   9.082031E-2,   2.493616E+1,   1.218904E-2,   1.498711E+3,   2.845734E-3,   6.891936E+0,   6.430750E-5,   100,1,1,1
       1792,2026-10-01,09:22:50.228,        215,        304,   9.000000E+2,   9.000000E+3,   0.000000E+0,   0.000000E+0,   2.250000E+1,   0.000000E+0,   0.000000E+0,   0.000000E+0,   1.007181E+3,   2.483993E-3,   8.544922E-3,   1.542807E+3,   2.162176E-2,   7.324219E-2,   2.494794E+1,   1.223127E-2,   1.498714E+3,   2.720606E-3,   6.891887E+0,   5.465224E-5,   100,1,1,1
       1793,2026-10-01,09:23:20.230,        216,        304,   9.000000E+2,   9.000000E+3,   0.000000E+0,   0.000000E+0,   2.250000E+1,   0.000000E+0,   0.000000E+0,   0.000000E+0,   1.007183E+3,   1.834819E-3,   8.483887E-3,   1.542822E+3,   1.277868E-2,   5.395508E-2,   2.496050E+1,   1.210636E-2,   1.498717E+3,   2.595230E-3,   6.891850E+0,   3.165056E-5,   100,1,1,1
       1794,2026-10-01,09:23:50.232,        217,        304,   9.000000E+2,   9.000000E+3,   0.000000E+0,   0.000000E+0,   2.250000E+1,   0.000000E+0,   0.000000E+0,   0.000000E+0,   1.007185E+3,   1.855199E-3,   7.934570E-3,   1.542834E+3,   1.122466E-2,   4.064941E-2,   2.497300E+1,   1.204343E-2,   1.498719E+3,   2.580667E-3,   6.891819E+0,   2.758105E-5,   100,1,1,1
       1795,2026-10-01,09:24:20.234,        218,        304,   9.000000E+2,   9.000000E+3,   0.000000E+0,   0.000000E+0,   2.250000E+1,   0.000000E+0,   0.000000E+0,   0.000000E+0,   1.007187E+3,   3.299473E-3,   1.202393E-2,   1.542844E+3,   1.554241E-2,   5.590820E-2,   2.498453E+1,   1.190402E-2,   1.498722E+3,   2.886923E-3,   6.891798E+0,   3.854956E-5,   100,1,1,1
       1796,2026-10-01,09:24:50.236,        219,        304,   9.000000E+2,   9.000000E+3,   0.000000E+0,   0.000000E+0,   2.250000E+1,   0.000000E+0,   0.000000E+0,   0.000000E+0,   1.007190E+3,   3.051654E-3,   1.000977E-2,   1.542859E+3,   1.525809E-2,   6.079102E-2,   2.499720E+1,   1.178287E-2,   1.498725E+3,   2.807381E-3,   6.891759E+0,   3.779801E-5,   100,1,1,1
       1797,2026-10-01,09:25:20.238,        220,        304,   9.000000E+2,   9.000000E+3,   0.000000E+0,   0.000000E+0,   2.250000E+1,   0.000000E+0,   0.000000E+0,   0.000000E+0,   1.007193E+3,   2.651832E-3,   1.123047E-2,   1.542874E+3,   1.348259E-2,   4.980469E-2,   2.500889E+1,   1.161457E-2,   1.498728E+3,   2.696419E-3,   6.891724E+0,   3.320194E-5,   100,1,1,1
       1798,2026-10-01,09:25:50.240,        221,        304,   9.000000E+2,   9.000000E+3,   0.000000E+0,   0.000000E+0,   2.250000E+1,   0.000000E+0,   0.000000E+0,   0.000000E+0,   1.007195E+3,   1.969975E-3,   6.958008E-3,   1.542887E+3,   1.489752E-2,   5.749512E-2,   2.502091E+1,   1.154219E-2,   1.498730E+3,   2.544736E-3,   6.891692E+0,   3.679720E-5,   100,1,1,1
       1799,2026-10-01,09:26:20.242,        222,        304,   9.000000E+2,   9.000000E+3,   0.000000E+0,   0.000000E+0,   2.250000E+1,   0.000000E+0,   0.000000E+0,   0.000000E+0,   1.007197E+3,   2.343978E-3,   9.887695E-3,   1.542902E+3,   1.580175E-2,   5.480957E-2,   2.503202E+1,   1.150222E-2,   1.498733E+3,   2.647104E-3,   6.891655E+0,   3.921703E-5,   100,1,1,1
       1800,2026-10-01,09:26:50.244,        223,        304,   9.000000E+2,   9.000000E+3,   0.000000E+0,   0.000000E+0,   2.250000E+1,   0.000000E+0,   0.000000E+0,   0.000000E+0,   1.007199E+3,   2.699930E-3,   9.948730E-3,   1.542918E+3,   1.905322E-2,   6.677246E-2,   2.504354E+1,   1.152270E-2,   1.498736E+3,   2.737642E-3,   6.891615E+0,   4.775661E-5,   100,1,1,1
       1801,2026-10-01,09:27:20.246,        224,        304,   9.000000E+2,   9.000000E+3,   0.000000E+0,   0.000000E+0,   2.250000E+1,   0.000000E+0,   0.000000E+0,   0.000000E+0,   1.007202E+3,   2.751354E-3,   9.521484E-3,   1.542937E+3,   1.898274E-2,   6.396484E-2,   2.505502E+1,   1.149621E-2,   1.498738E+3,   2.722839E-3,   6.891567E+0,   4.756562E-5,   100,1,1,1
       1802,2026-10-01,09:27:50.248,        225,        304,   9.000000E+2,   9.000000E+3,   0.000000E+0,   0.000000E+0,   2.250000E+1,   0.000000E+0,   0.000000E+0,   0.000000E+0,   1.007204E+3,   2.065563E-3,   8.789063E-3,   1.542957E+3,   1.874143E-2,   6.530762E-2,   2.506673E+1,   1.123865E-2,   1.498741E+3,   2.533003E-3,   6.891519E+0,   4.698494E-5,   100,1,1,1
       1803,2026-10-01,09:28:20.250,        226,        304,   9.000000E+2,   9.000000E+3,   0.000000E+0,   0.000000E+0,   2.250000E+1,   0.000000E+0,   0.000000E+0,   0.000000E+0,   1.007206E+3,   2.157422E-3,   7.812500E-3,   1.542971E+3,   1.296016E-2,   4.516602E-2,   2.507817E+1,   1.089595E-2,   1.498744E+3,   2.524428E-3,   6.891484E+0,   3.185093E-5,   100,1,1,1
       1804,2026-10-01,09:28:50.252,        227,        304,   9.000000E+2,   9.000000E+3,   0.000000E+0,   0.000000E+0,   2.250000E+1,   0.000000E+0,   0.000000E+0,   0.000000E+0,   1.007208E+3,   2.356235E-3,   9.216309E-3,   1.542983E+3,   1.064298E-2,   4.101562E-2,   2.508905E+1,   1.082471E-2,   1.498746E+3,   2.588806E-3,   6.891453E+0,   2.569424E-5,   100,1,1,1
       1805,2026-10-01,09:29:20.254,        228,        304,   9.000000E+2,   9.000000E+3,   0.000000E+0,   0.000000E+0,   2.250000E+1,   0.000000E+0,   0.000000E+0,   0.000000E+0,   1.007210E+3,   1.785224E-3,   7.385254E-3,   1.542995E+3,   1.335558E-2,   4.650879E-2,   2.509986E+1,   1.083804E-2,   1.498749E+3,   2.439771E-3,   6.891425E+0,   3.289512E-5,   100,1,1,1
       1806,2026-10-01,09:29:50.256,        229,        304,   9.000000E+2,   9.000000E+3,   0.000000E+0,   0.000000E+0,   2.250000E+1,   0.000000E+0,   0.000000E+0,   0.000000E+0,   1.007211E+3,   1.201981E-3,   5.126953E-3,   1.543010E+3,   1.586467E-2,   5.590820E-2,   2.511101E+1,   1.079237E-2,   1.498751E+3,   2.275789E-3,   6.891389E+0,   3.941574E-5,   100,1,1,1
       1807,2026-10-01,09:30:20.258,        230,        304,   9.000000E+2,   9.000000E+3,   0.000000E+0,   0.000000E+0,   2.250000E+1,   0.000000E+0,   0.000000E+0,   0.000000E+0,   1.007213E+3,   1.537267E-3,   6.103516E-3,   1.543026E+3,   1.582625E-2,   5.603027E-2,   2.512209E+1,   1.063964E-2,   1.498754E+3,   2.323834E-3,   6.891350E+0,   3.937169E-5,   100,1,1,1
       1808,2026-10-01,09:30:50.260,        231,        304,   9.000000E+2,   9.000000E+3,   0.000000E+0,   0.000000E+0,   2.250000E+1,   0.000000E+0,   0.000000E+0,   0.000000E+0,   1.007215E+3,   2.393908E-3,   7.873535E-3,   1.543042E+3,   1.582466E-2,   5.358887E-2,   2.513304E+1,   1.045591E-2,   1.498756E+3,   2.509543E-3,   6.891308E+0,   3.942210E-5,   100,1,1,1
       1809,2026-10-01,09:31:20.262,        232,        304,   9.000000E+2,   9.000000E+3,   0.000000E+0,   0.000000E+0,   2.250000E+1,   0.000000E+0,   0.000000E+0,   0.000000E+0,   1.007217E+3,   1.924761E-3,   6.591797E-3,   1.543059E+3,   1.605725E-2,   5.541992E-2,   2.514377E+1,   1.032142E-2,   1.498759E+3,   2.384786E-3,   6.891267E+0,   4.008193E-5,   100,1,1,1
       1810,2026-10-01,09:31:50.264,        233,        304,   9.000000E+2,   9.000000E+3,   0.000000E+0,   0.000000E+0,   2.250000E+1,   0.000000E+0,   0.000000E+0,   0.000000E+0,   1.007215E+3,   1.450856E-2,   8.929443E-2,   1.543074E+3,   1.453812E-2,   5.200195E-2,   2.515444E+1,   1.025457E-2,   1.498760E+3,   3.413125E-3,   6.891230E+0,   3.620057E-5,   100,1,1,1
       1811,2026-10-01,09:32:20.266,        234,        304,   9.000000E+2,   9.000000E+3,   0.000000E+0,   0.000000E+0,   2.250000E+1,   0.000000E+0,   0.000000E+0,   0.000000E+0,   1.007182E+3,   5.327897E-2,   1.277466E-1,   1.543064E+3,   2.994539E-2,   9.094238E-2,   2.516469E+1,   1.076555E-2,   1.498754E+3,   1.118574E-2,   6.891259E+0,   8.185689E-5,   100,1,1,1
       1812,2026-10-01,09:32:50.268,        235,        304,   9.000000E+2,   9.000000E+3,   0.000000E+0,   0.000000E+0,   2.250000E+1,   0.000000E+0,   0.000000E+0,   0.000000E+0,   1.007148E+3,   5.589700E-2,   1.277466E-1,   1.543047E+3,   3.560102E-2,   9.094238E-2,   2.517596E+1,   1.117155E-2,   1.498748E+3,   1.171454E-2,   6.891306E+0,   9.771618E-5,   100,1,1,1
       1813,2026-10-01,09:33:20.270,        236,        304,   9.000000E+2,   9.000000E+3,   0.000000E+0,   0.000000E+0,   2.250000E+1,   0.000000E+0,   0.000000E+0,   0.000000E+0,   1.007115E+3,   3.075428E-2,   1.277466E-1,   1.543029E+3,   2.352148E-2,   9.094238E-2,   2.518714E+1,   1.080051E-2,   1.498742E+3,   6.719220E-3,   6.891357E+0,   6.421092E-5,   100,1,1,1
       1814,2026-10-01,09:33:50.272,        237,        304,   9.000000E+2,   9.000000E+3,   0.000000E+0,   0.000000E+0,   2.250000E+1,   0.000000E+0,   0.000000E+0,   0.000000E+0,   1.007109E+3,   6.896270E-3,   2.642822E-2,   1.543028E+3,   1.275918E-2,   4.956055E-2,   2.519801E+1,   1.003865E-2,   1.498743E+3,   3.501453E-3,   6.891364E+0,   3.142333E-5,   100,1,1,1
       1815,2026-10-01,09:34:20.274,        238,        304,   9.000000E+2,   9.000000E+3,   0.000000E+0,   0.000000E+0,   2.250000E+1,   0.000000E+0,   0.000000E+0,   0.000000E+0,   1.006825E+3,   8.194217E-1,   3.896790E+0,   1.538323E+3,   1.784687E+1,   7.733618E+1,   2.518963E+1,   2.049419E-1,   1.498671E+3,   2.121949E-1,   6.904539E+0,   4.987156E-2,   100,0,1,0
       1816,2026-10-01,09:34:50.276,        239,        304,   9.000000E+2,   9.000000E+3,   0.000000E+0,   0.000000E+0,   2.250000E+1,   0.000000E+0,   0.000000E+0,   0.000000E+0,   1.006036E+3,   1.339713E+0,   3.991028E+0,   1.518159E+3,   3.295102E+1,   7.733618E+1,   2.498531E+1,   3.771724E-1,   1.498437E+3,   3.803599E-1,   6.960793E+0,   9.194271E-2,   100,0,1,0
       1817,2026-10-01,09:35:20.278,        240,        304,   9.000000E+2,   9.000000E+3,   0.000000E+0,   0.000000E+0,   2.250000E+1,   0.000000E+0,   0.000000E+0,   0.000000E+0,   1.005713E+3,   1.175687E+0,   3.991028E+0,   1.497794E+3,   3.224699E+1,   7.733618E+1,   2.466838E+1,   4.889879E-1,   1.498294E+3,   3.246414E-1,   7.017602E+0,   8.994592E-2,   100,0,1,0
       1818,2026-10-01,09:35:50.280,        241,        304,   9.000000E+2,   9.000000E+3,   0.000000E+0,   0.000000E+0,   2.250000E+1,   0.000000E+0,   0.000000E+0,   0.000000E+0,   1.005692E+3,   1.142281E+0,   3.880737E+0,   1.476877E+3,   1.207497E+1,   7.353625E+1,   2.429861E+1,   3.805142E-1,   1.498214E+3,   2.273579E-1,   7.075987E+0,   3.364404E-2,   100,0,1,0
       1819,2026-10-01,09:36:20.282,        242,        304,   9.000000E+2,   9.000000E+3,   0.000000E+0,   0.000000E+0,   2.250000E+1,   0.000000E+0,   0.000000E+0,   0.000000E+0,   1.006580E+3,   7.361014E-1,   2.486084E+0,   1.474343E+3,   1.179509E+0,   3.924683E+0,   2.402980E+1,   1.690378E-1,   1.498375E+3,   1.447159E-1,   7.083041E+0,   3.402132E-3,   100,0,1,0
       1820,2026-10-01,09:36:50.284,        243,        304,   9.000000E+2,   9.000000E+3,   0.000000E+0,   0.000000E+0,   2.250000E+1,   0.000000E+0,   0.000000E+0,   0.000000E+0,   1.007092E+3,   2.819441E-1,   1.062744E+0,   1.473619E+3,   3.138740E-1,   1.650146E+0,   2.389485E+1,   8.854584E-2,   1.498473E+3,   5.173538E-2,   7.085122E+0,   9.017267E-4,   100,0,1,0
       1821,2026-10-01,09:37:20.286,        244,        304,   9.000000E+2,   9.000000E+3,   0.000000E+0,   0.000000E+0,   2.250000E+1,   0.000000E+0,   0.000000E+0,   0.000000E+0,   1.007278E+3,   9.034014E-2,   3.458862E-1,   1.473487E+3,   1.270152E-1,   6.097412E-1,   2.382013E+1,   5.454568E-2,   1.498503E+3,   1.638873E-2,   7.085487E+0,   3.753496E-4,   100,0,1,0
       1822,2026-10-01,09:37:50.289,        245,        304,   9.000000E+2,   9.000000E+3,   0.000000E+0,   0.000000E+0,   2.250000E+1,   0.000000E+0,   0.000000E+0,   0.000000E+0,   1.007293E+3,   5.791073E-2,   2.236328E-1,   1.473541E+3,   1.379937E-1,   5.792236E-1,   2.377471E+1,   3.857871E-2,   1.498497E+3,   1.826381E-2,   7.085316E+0,   4.076014E-4,   100,0,1,0
       1823,2026-10-01,09:38:20.291,        246,        304,   9.000000E+2,   9.000000E+3,   0.000000E+0,   0.000000E+0,   2.250000E+1,   0.000000E+0,   0.000000E+0,   0.000000E+0,   1.007249E+3,   8.552155E-2,   3.785400E-1,   1.473617E+3,   1.731819E-1,   8.692627E-1,   2.373948E+1,   2.904740E-2,   1.498479E+3,   2.591735E-2,   7.085082E+0,   5.125332E-4,   100,1,1,1
       1824,2026-10-01,09:38:50.293,        247,        304,   9.000000E+2,   9.000000E+3,   0.000000E+0,   0.000000E+0,   2.250000E+1,   0.000000E+0,   0.000000E+0,   0.000000E+0,   1.007143E+3,   1.305326E-1,   4.553223E-1,   1.473770E+3,   2.312107E-1,   1.038330E+0,   2.371332E+1,   2.324843E-2,   1.498448E+3,   3.599420E-2,   7.084629E+0,   6.823826E-4,   100,1,1,1
       1825,2026-10-01,09:39:20.295,        248,        304,   9.000000E+2,   9.000000E+3,   0.000000E+0,   0.000000E+0,   2.250000E+1,   0.000000E+0,   0.000000E+0,   0.000000E+0,   1.007051E+3,   1.121257E-1,   3.455200E-1,   1.473921E+3,   1.910114E-1,   8.369141E-1,   2.369077E+1,   1.868161E-2,   1.498422E+3,   3.026832E-2,   7.084178E+0,   5.627543E-4,   100,1,1,1
       1826,2026-10-01,09:39:50.297,        249,        304,   9.000000E+2,   9.000000E+3,   0.000000E+0,   0.000000E+0,   2.250000E+1,   0.000000E+0,   0.000000E+0,   0.000000E+0,   1.007003E+3,   6.117854E-2,   2.780762E-1,   1.473994E+3,   1.459604E-1,   7.299805E-1,   2.367339E+1,   1.601171E-2,   1.498407E+3,   1.483435E-2,   7.083962E+0,   4.278487E-4,   100,1,1,1
       1827,2026-10-01,09:40:20.299,        250,        304,   9.000000E+2,   9.000000E+3,   0.000000E+0,   0.000000E+0,   2.250000E+1,   0.000000E+0,   0.000000E+0,   0.000000E+0,   1.006946E+3,   9.624188E-2,   4.704590E-1,   1.474041E+3,   1.373797E-1,   6.522217E-1,   2.365725E+1,   1.406907E-2,   1.498390E+3,   2.439805E-2,   7.083820E+0,   4.023535E-4,   100,1,1,1
       1828,2026-10-01,09:40:50.302,        251,        304,   9.000000E+2,   9.000000E+3,   0.000000E+0,   0.000000E+0,   2.250000E+1,   0.000000E+0,   0.000000E+0,   0.000000E+0,   1.006888E+3,   1.294658E-1,   4.704590E-1,   1.474092E+3,   1.708568E-1,   7.877197E-1,   2.364330E+1,   1.282968E-2,   1.498373E+3,   3.349973E-2,   7.083667E+0,   5.024559E-4,   100,1,1,1
       1829,2026-10-01,09:41:20.304,        252,        304,   9.000000E+2,   9.000000E+3,   0.000000E+0,   0.000000E+0,   2.250000E+1,   0.000000E+0,   0.000000E+0,   0.000000E+0,   1.006758E+3,   1.494471E-1,   6.885986E-1,   1.474232E+3,   2.030602E-1,   1.009644E+0,   2.363127E+1,   1.145272E-2,   1.498339E+3,   3.828370E-2,   7.083253E+0,   5.965855E-4,   100,0,1,0
       1830,2026-10-01,09:41:50.307,        253,        304,   9.000000E+2,   9.000000E+3,   0.000000E+0,   0.000000E+0,   2.250000E+1,   0.000000E+0,   0.000000E+0,   0.000000E+0,   1.006627E+3,   1.500340E-1,   5.433960E-1,   1.474411E+3,   2.158677E-1,   1.015625E+0,   2.361986E+1,   9.865539E-3,   1.498305E+3,   3.814552E-2,   7.082726E+0,   6.336054E-4,   100,1,1,1
       1831,2026-10-01,09:42:20.309,        254,        304,   9.000000E+2,   9.000000E+3,   0.000000E+0,   0.000000E+0,   2.250000E+1,   0.000000E+0,   0.000000E+0,   0.000000E+0,   1.006510E+3,   1.248293E-1,   4.808350E-1,   1.474543E+3,   1.759985E-1,   8.332520E-1,   2.361066E+1,   8.544595E-3,   1.498275E+3,   3.159984E-2,   7.082339E+0,   5.163180E-4,   100,1,1,1
       1832,2026-10-01,09:42:50.311,        255,        304,   9.000000E+2,   9.000000E+3,   0.000000E+0,   0.000000E+0,   2.250000E+1,   0.000000E+0,   0.000000E+0,   0.000000E+0,   1.006418E+3,   6.490054E-2,   2.785034E-1,   1.474655E+3,   1.474577E-1,   7.471924E-1,   2.360238E+1,   7.111897E-3,   1.498251E+3,   1.659139E-2,   7.082009E+0,   4.321296E-4,   100,1,1,1
       1833,2026-10-01,09:43:20.313,        256,        304,   9.000000E+2,   9.000000E+3,   0.000000E+0,   0.000000E+0,   2.250000E+1,   0.000000E+0,   0.000000E+0,   0.000000E+0,   1.006368E+3,   6.268682E-2,   2.797852E-1,   1.474703E+3,   1.386086E-1,   7.197266E-1,   2.359610E+1,   5.500956E-3,   1.498238E+3,   1.570127E-2,   7.081866E+0,   4.058054E-4,   100,1,1,1
       1834,2026-10-01,09:43:50.315,        257,        304,   9.000000E+2,   9.000000E+3,   0.000000E+0,   0.000000E+0,   2.250000E+1,   0.000000E+0,   0.000000E+0,   0.000000E+0,   1.006324E+3,   5.529587E-2,   2.344360E-1,   1.474758E+3,   1.315966E-1,   6.726074E-1,   2.359103E+1,   3.999318E-3,   1.498227E+3,   1.392820E-2,   7.081705E+0,   3.850714E-4,   100,1,1,1
       1835,2026-10-01,09:44:20.317,        258,        304,   9.000000E+2,   9.000000E+3,   0.000000E+0,   0.000000E+0,   2.250000E+1,   0.000000E+0,   0.000000E+0,   0.000000E+0,   1.006298E+3,   6.112961E-2,   2.733765E-1,   1.474785E+3,   1.302337E-1,   6.267090E-1,   2.358747E+1,   3.128423E-3,   1.498220E+3,   1.507340E-2,   7.081624E+0,   3.808668E-4,   100,1,1,1
       1836,2026-10-01,09:44:50.319,        259,        304,   9.000000E+2,   9.000000E+3,   0.000000E+0,   0.000000E+0,   2.250000E+1,   0.000000E+0,   0.000000E+0,   0.000000E+0,   1.006247E+3,   7.469195E-2,   2.989502E-1,   1.474860E+3,   1.719097E-1,   8.486328E-1,   2.358443E+1,   2.668724E-3,   1.498207E+3,   1.825471E-2,   7.081404E+0,   5.029356E-4,   100,1,1,1
       1837,2026-10-01,09:45:20.321,        260,        304,   9.000000E+2,   9.000000E+3,   0.000000E+0,   0.000000E+0,   2.250000E+1,   0.000000E+0,   0.000000E+0,   0.000000E+0,   1.006183E+3,   1.117317E-1,   4.666748E-1,   1.474963E+3,   2.125436E-1,   1.018188E+0,   2.358177E+1,   2.628747E-3,   1.498191E+3,   2.714181E-2,   7.081100E+0,   6.217955E-4,   100,1,1,1
       1838,2026-10-01,09:45:50.323,        261,        304,   9.000000E+2,   9.000000E+3,   0.000000E+0,   0.000000E+0,   2.250000E+1,   0.000000E+0,   0.000000E+0,   0.000000E+0,   1.006111E+3,   7.245398E-2,   3.576660E-1,   1.475073E+3,   1.626213E-1,   7.530518E-1,   2.357921E+1,   2.480126E-3,   1.498173E+3,   1.772779E-2,   7.080779E+0,   4.756202E-4,   100,1,1,1
       1839,2026-10-01,09:46:20.325,        262,        304,   9.000000E+2,   9.000000E+3,   0.000000E+0,   0.000000E+0,   2.250000E+1,   0.000000E+0,   0.000000E+0,   0.000000E+0,   1.006040E+3,   9.052113E-2,   4.584351E-1,   1.475179E+3,   1.684931E-1,   8.724365E-1,   2.357693E+1,   1.965691E-3,   1.498155E+3,   2.236235E-2,   7.080469E+0,   4.925691E-4,   100,1,1,1
       1840,2026-10-01,09:46:50.327,        263,        304,   9.000000E+2,   9.000000E+3,   0.000000E+0,   0.000000E+0,   2.250000E+1,   0.000000E+0,   0.000000E+0,   0.000000E+0,   1.006011E+3,   8.777978E-2,   4.098511E-1,   1.475235E+3,   1.751845E-1,   8.724365E-1,   2.357541E+1,   1.228461E-3,   1.498148E+3,   2.139726E-2,   7.080305E+0,   5.120591E-4,   100,1,1,1
       1841,2026-10-01,09:47:20.329,        264,        304,   9.000000E+2,   9.000000E+3,   0.000000E+0,   0.000000E+0,   2.250000E+1,   0.000000E+0,   0.000000E+0,   0.000000E+0,   1.005948E+3,   1.141747E-1,   4.967041E-1,   1.475323E+3,   1.643632E-1,   8.724365E-1,   2.357489E+1,   6.091123E-4,   1.498133E+3,   2.755597E-2,   7.080049E+0,   4.802065E-4,   100,1,1,1
       1842,2026-10-01,09:47:50.331,        265,        304,   9.000000E+2,   9.000000E+3,   0.000000E+0,   0.000000E+0,   2.250000E+1,   0.000000E+0,   0.000000E+0,   0.000000E+0,   1.005920E+3,   1.008902E-1,   4.710693E-1,   1.475362E+3,   1.583324E-1,   8.391113E-1,   2.357551E+1,   1.332929E-3,   1.498126E+3,   2.444619E-2,   7.079935E+0,   4.625425E-4,   100,1,1,1
       1843,2026-10-01,09:48:20.333,        266,        304,   9.000000E+2,   9.000000E+3,   0.000000E+0,   0.000000E+0,   2.250000E+1,   0.000000E+0,   0.000000E+0,   0.000000E+0,   1.005929E+3,   9.007599E-2,   4.663086E-1,   1.475411E+3,   1.648964E-1,   8.717041E-1,   2.357711E+1,   2.053422E-3,   1.498129E+3,   2.165439E-2,   7.079792E+0,   4.815505E-4,   100,1,1,1
       1844,2026-10-01,09:48:50.335,        267,        304,   9.000000E+2,   9.000000E+3,   0.000000E+0,   0.000000E+0,   2.250000E+1,   0.000000E+0,   0.000000E+0,   0.000000E+0,   1.005925E+3,   1.019588E-1,   4.690552E-1,   1.475451E+3,   1.697844E-1,   8.717041E-1,   2.357936E+1,   2.380791E-3,   1.498128E+3,   2.449125E-2,   7.079675E+0,   4.957668E-4,   100,1,1,1
       1845,2026-10-01,09:49:20.337,        268,        304,   9.000000E+2,   9.000000E+3,   0.000000E+0,   0.000000E+0,   2.250000E+1,   0.000000E+0,   0.000000E+0,   0.000000E+0,   1.005934E+3,   7.388707E-2,   4.016724E-1,   1.475503E+3,   1.703087E-1,   8.570557E-1,   2.358177E+1,   2.374097E-3,   1.498131E+3,   1.741371E-2,   7.079523E+0,   4.971813E-4,   100,1,1,1
       1846,2026-10-01,09:49:50.339,        269,        304,   9.000000E+2,   9.000000E+3,   0.000000E+0,   0.000000E+0,   2.250000E+1,   0.000000E+0,   0.000000E+0,   0.000000E+0,   1.005946E+3,   7.988967E-2,   4.292603E-1,   1.475507E+3,   1.593924E-1,   7.840576E-1,   2.358396E+1,   1.981311E-3,   1.498134E+3,   1.911875E-2,   7.079511E+0,   4.656200E-4,   100,1,1,1
       1847,2026-10-01,09:50:20.341,        270,        304,   9.000000E+2,   9.000000E+3,   0.000000E+0,   0.000000E+0,   2.250000E+1,   0.000000E+0,   0.000000E+0,   0.000000E+0,   1.005929E+3,   8.809260E-2,   4.318237E-1,   1.475532E+3,   1.660635E-1,   7.840576E-1,   2.358602E+1,   1.858095E-3,   1.498131E+3,   2.124670E-2,   7.079440E+0,   4.850642E-4,   100,1,1,1
       1848,2026-10-01,09:50:50.343,        271,        304,   9.000000E+2,   9.000000E+3,   0.000000E+0,   0.000000E+0,   2.250000E+1,   0.000000E+0,   0.000000E+0,   0.000000E+0,   1.005950E+3,   7.722574E-2,   3.514404E-1,   1.475528E+3,   1.575062E-1,   7.276611E-1,   2.358815E+1,   2.274778E-3,   1.498136E+3,   1.861504E-2,   7.079451E+0,   4.598651E-4,   100,1,1,1
       1849,2026-10-01,09:51:20.345,        272,        304,   9.000000E+2,   9.000000E+3,   0.000000E+0,   0.000000E+0,   2.250000E+1,   0.000000E+0,   0.000000E+0,   0.000000E+0,   1.005972E+3,   9.814717E-2,   4.094849E-1,   1.475531E+3,   1.524608E-1,   7.281494E-1,   2.359081E+1,   2.847241E-3,   1.498142E+3,   2.384034E-2,   7.079444E+0,   4.452732E-4,   100,1,1,1
       1850,2026-10-01,09:51:50.347,        273,        304,   9.000000E+2,   9.000000E+3,   0.000000E+0,   0.000000E+0,   2.250000E+1,   0.000000E+0,   0.000000E+0,   0.000000E+0,   1.005978E+3,   9.012064E-2,   3.333130E-1,   1.475568E+3,   1.418834E-1,   7.281494E-1,   2.359413E+1,   3.587176E-3,   1.498144E+3,   2.169133E-2,   7.079336E+0,   4.143543E-4,   100,1,1,1
       1851,2026-10-01,09:52:20.349,        274,        304,   9.000000E+2,   9.000000E+3,   0.000000E+0,   0.000000E+0,   2.250000E+1,   0.000000E+0,   0.000000E+0,   0.000000E+0,   1.005952E+3,   1.265367E-1,   5.681763E-1,   1.475595E+3,   1.602494E-1,   8.226318E-1,   2.359815E+1,   4.252481E-3,   1.498138E+3,   2.984232E-2,   7.079259E+0,   4.674414E-4,   100,1,1,1
       1852,2026-10-01,09:52:50.351,        275,        304,   9.000000E+2,   9.000000E+3,   0.000000E+0,   0.000000E+0,   2.250000E+1,   0.000000E+0,   0.000000E+0,   0.000000E+0,   1.005923E+3,   1.128892E-1,   5.524902E-1,   1.475655E+3,   1.488510E-1,   7.907715E-1,   2.360299E+1,   5.053044E-3,   1.498132E+3,   2.672980E-2,   7.079086E+0,   4.343083E-4,   100,1,1,1
       1853,2026-10-01,09:53:20.353,        276,        304,   9.000000E+2,   9.000000E+3,   0.000000E+0,   0.000000E+0,   2.250000E+1,   0.000000E+0,   0.000000E+0,   0.000000E+0,   1.005922E+3,   1.016470E-1,   4.780273E-1,   1.475708E+3,   1.333213E-1,   6.417236E-1,   2.360834E+1,   5.494422E-3,   1.498133E+3,   2.474402E-2,   7.078932E+0,   3.891187E-4,   100,1,1,1
       1854,2026-10-01,09:53:50.355,        277,        304,   9.000000E+2,   9.000000E+3,   0.000000E+0,   0.000000E+0,   2.250000E+1,   0.000000E+0,   0.000000E+0,   0.000000E+0,   1.005945E+3,   6.998551E-2,   3.267212E-1,   1.475731E+3,   1.435869E-1,   6.417236E-1,   2.361398E+1,   5.560162E-3,   1.498140E+3,   1.721833E-2,   7.078866E+0,   4.190756E-4,   100,1,1,1
       1855,2026-10-01,09:54:20.357,        278,        304,   9.000000E+2,   9.000000E+3,   0.000000E+0,   0.000000E+0,   2.250000E+1,   0.000000E+0,   0.000000E+0,   0.000000E+0,   1.006026E+3,   1.092338E-1,   4.413452E-1,   1.475636E+3,   2.222027E-1,   1.065430E+0,   2.361972E+1,   5.486629E-3,   1.498161E+3,   2.704710E-2,   7.079145E+0,   6.498939E-4,   100,1,1,1
       1856,2026-10-01,09:54:50.359,        279,        304,   9.000000E+2,   9.000000E+3,   0.000000E+0,   0.000000E+0,   2.250000E+1,   0.000000E+0,   0.000000E+0,   0.000000E+0,   1.006065E+3,   1.080377E-1,   4.413452E-1,   1.475542E+3,   2.343918E-1,   1.065430E+0,   2.362534E+1,   5.493561E-3,   1.498171E+3,   2.658538E-2,   7.079420E+0,   6.855452E-4,   100,1,1,1
       1857,2026-10-01,09:55:20.361,        280,        304,   9.000000E+2,   9.000000E+3,   0.000000E+0,   0.000000E+0,   2.250000E+1,   0.000000E+0,   0.000000E+0,   0.000000E+0,   1.006095E+3,   9.526034E-2,   4.404907E-1,   1.475420E+3,   1.808539E-1,   8.272705E-1,   2.363083E+1,   5.152551E-3,   1.498180E+3,   2.234403E-2,   7.079779E+0,   5.286974E-4,   100,1,1,1
       1858,2026-10-01,09:55:50.363,        281,        304,   9.000000E+2,   9.000000E+3,   0.000000E+0,   0.000000E+0,   2.250000E+1,   0.000000E+0,   0.000000E+0,   0.000000E+0,   1.006106E+3,   9.530854E-2,   4.706421E-1,   1.475347E+3,   1.768478E-1,   9.007568E-1,   2.363607E+1,   4.869237E-3,   1.498183E+3,   2.279940E-2,   7.079996E+0,   5.171290E-4,   100,1,1,1
       1859,2026-10-01,09:56:20.365,        282,        304,   9.000000E+2,   9.000000E+3,   0.000000E+0,   0.000000E+0,   2.250000E+1,   0.000000E+0,   0.000000E+0,   0.000000E+0,   1.006140E+3,   1.190233E-1,   5.372314E-1,   1.475317E+3,   1.800599E-1,   8.455811E-1,   2.364117E+1,   4.957804E-3,   1.498193E+3,   2.915466E-2,   7.080083E+0,   5.265874E-4,   100,1,1,1
       1860,2026-10-01,09:56:50.367,        283,        304,   9.000000E+2,   9.000000E+3,   0.000000E+0,   0.000000E+0,   2.250000E+1,   0.000000E+0,   0.000000E+0,   0.000000E+0,   1.006209E+3,   8.603688E-2,   3.493652E-1,   1.475219E+3,   1.658501E-1,   7.019043E-1,   2.364635E+1,   5.359677E-3,   1.498210E+3,   2.123841E-2,   7.080371E+0,   4.851456E-4,   100,1,1,1
       1861,2026-10-01,09:57:20.369,        284,        304,   9.000000E+2,   9.000000E+3,   0.000000E+0,   0.000000E+0,   2.250000E+1,   0.000000E+0,   0.000000E+0,   0.000000E+0,   1.006242E+3,   7.779186E-2,   3.296509E-1,   1.475182E+3,   1.628282E-1,   6.715088E-1,   2.365226E+1,   5.779095E-3,   1.498219E+3,   1.880416E-2,   7.080480E+0,   4.760550E-4,   100,1,1,1
       1862,2026-10-01,09:57:50.371,        285,        304,   9.000000E+2,   9.000000E+3,   0.000000E+0,   0.000000E+0,   2.250000E+1,   0.000000E+0,   0.000000E+0,   0.000000E+0,   1.006245E+3,   7.710716E-2,   3.485718E-1,   1.475126E+3,   1.711114E-1,   8.000488E-1,   2.365840E+1,   6.117093E-3,   1.498221E+3,   1.866727E-2,   7.080646E+0,   5.004960E-4,   100,1,1,1
       1863,2026-10-01,09:58:20.373,        286,        304,   9.000000E+2,   9.000000E+3,   0.000000E+0,   0.000000E+0,   2.250000E+1,   0.000000E+0,   0.000000E+0,   0.000000E+0,   1.006276E+3,   7.636299E-2,   3.485718E-1,   1.475113E+3,   1.654536E-1,   7.974854E-1,   2.366474E+1,   6.220408E-3,   1.498229E+3,   1.857826E-2,   7.080685E+0,   4.834478E-4,   100,1,1,1
       1864,2026-10-01,09:58:50.375,        287,        304,   9.000000E+2,   9.000000E+3,   0.000000E+0,   0.000000E+0,   2.250000E+1,   0.000000E+0,   0.000000E+0,   0.000000E+0,   1.006273E+3,   8.311559E-2,   3.488159E-1,   1.475104E+3,   1.710113E-1,   7.974854E-1,   2.367138E+1,   6.504308E-3,   1.498230E+3,   2.085034E-2,   7.080715E+0,   4.999604E-4,   100,1,1,1
       1865,2026-10-01,09:59:20.377,        288,        304,   9.000000E+2,   9.000000E+3,   0.000000E+0,   0.000000E+0,   2.250000E+1,   0.000000E+0,   0.000000E+0,   0.000000E+0,   1.006278E+3,   7.305560E-2,   3.645020E-1,   1.475117E+3,   1.601691E-1,   7.186279E-1,   2.367800E+1,   6.866212E-3,   1.498233E+3,   1.697932E-2,   7.080678E+0,   4.677910E-4,   100,1,1,1
       1866,2026-10-01,09:59:50.379,        289,        304,   9.000000E+2,   9.000000E+3,   0.000000E+0,   0.000000E+0,   2.250000E+1,   0.000000E+0,   0.000000E+0,   0.000000E+0,   1.006272E+3,   7.793052E-2,   4.135132E-1,   1.475143E+3,   1.773238E-1,   7.469482E-1,   2.368525E+1,   6.777559E-3,   1.498233E+3,   1.877924E-2,   7.080604E+0,   5.178020E-4,   100,1,1,1
       1867,2026-10-01,10:00:20.381,        290,        304,   9.000000E+2,   9.000000E+3,   0.000000E+0,   0.000000E+0,   2.250000E+1,   0.000000E+0,   0.000000E+0,   0.000000E+0,   1.006197E+3,   1.808125E-1,   9.311523E-1,   1.475177E+3,   1.873351E-1,   8.781738E-1,   2.369178E+1,   6.359068E-3,   1.498217E+3,   4.259020E-2,   7.080505E+0,   5.472036E-4,   100,0,1,0
       1868,2026-10-01,10:00:50.383,        291,        304,   9.000000E+2,   9.000000E+3,   0.000000E+0,   0.000000E+0,   2.250000E+1,   0.000000E+0,   0.000000E+0,   0.000000E+0,   1.006225E+3,   1.867946E-1,   9.311523E-1,   1.475149E+3,   1.964004E-1,   8.781738E-1,   2.369835E+1,   5.886881E-3,   1.498225E+3,   4.439395E-2,   7.080591E+0,   5.740931E-4,   100,0,1,0
       1869,2026-10-01,10:01:20.385,        292,        304,   9.000000E+2,   9.000000E+3,   0.000000E+0,   0.000000E+0,   2.250000E+1,   0.000000E+0,   0.000000E+0,   0.000000E+0,   1.006225E+3,   1.873119E-1,   9.260864E-1,   1.475132E+3,   1.907742E-1,   8.621826E-1,   2.370402E+1,   5.490972E-3,   1.498226E+3,   4.497897E-2,   7.080642E+0,   5.581412E-4,   100,0,1,0
       1870,2026-10-01,10:01:50.387,        293,        304,   9.000000E+2,   9.000000E+3,   0.000000E+0,   0.000000E+0,   2.250000E+1,   0.000000E+0,   0.000000E+0,   0.000000E+0,   1.006310E+3,   9.139270E-2,   4.127197E-1,   1.475051E+3,   1.613308E-1,   8.762207E-1,   2.370975E+1,   5.190503E-3,   1.498248E+3,   2.241276E-2,   7.080880E+0,   4.717789E-4,   100,1,1,1
       1871,2026-10-01,10:02:20.389,        294,        304,   9.000000E+2,   9.000000E+3,   0.000000E+0,   0.000000E+0,   2.250000E+1,   0.000000E+0,   0.000000E+0,   0.000000E+0,   1.006322E+3,   1.278330E-1,   7.072144E-1,   1.475049E+3,   1.692182E-1,   8.616943E-1,   2.371507E+1,   5.324156E-3,   1.498251E+3,   3.089058E-2,   7.080887E+0,   4.946537E-4,   100,0,1,0
       1872,2026-10-01,10:02:50.391,        295,        304,   9.000000E+2,   9.000000E+3,   0.000000E+0,   0.000000E+0,   2.250000E+1,   0.000000E+0,   0.000000E+0,   0.000000E+0,   1.006315E+3,   1.354630E-1,   7.072144E-1,   1.475076E+3,   1.914749E-1,   9.890137E-1,   2.372094E+1,   5.970774E-3,   1.498251E+3,   3.217900E-2,   7.080809E+0,   5.589989E-4,   100,0,1,0
       1873,2026-10-01,10:03:20.393,        296,        304,   9.000000E+2,   9.000000E+3,   0.000000E+0,   0.000000E+0,   2.250000E+1,   0.000000E+0,   0.000000E+0,   0.000000E+0,   1.006303E+3,   1.336118E-1,   7.072144E-1,   1.475108E+3,   1.932547E-1,   8.765869E-1,   2.372739E+1,   6.583963E-3,   1.498249E+3,   3.184894E-2,   7.080717E+0,   5.643670E-4,   100,0,1,0
       1874,2026-10-01,10:03:50.395,        297,        304,   9.000000E+2,   9.000000E+3,   0.000000E+0,   0.000000E+0,   2.250000E+1,   0.000000E+0,   0.000000E+0,   0.000000E+0,   1.006286E+3,   1.481933E-1,   7.617187E-1,   1.475143E+3,   1.903846E-1,   8.601074E-1,   2.373435E+1,   6.961877E-3,   1.498247E+3,   3.605611E-2,   7.080616E+0,   5.568915E-4,   100,0,1,0
       1875,2026-10-01,10:04:20.397,        298,        304,   9.000000E+2,   9.000000E+3,   0.000000E+0,   0.000000E+0,   2.250000E+1,   0.000000E+0,   0.000000E+0,   0.000000E+0,   1.006318E+3,   1.274304E-1,   6.148071E-1,   1.475112E+3,   1.916484E-1,   8.601074E-1,   2.374169E+1,   7.205491E-3,   1.498255E+3,   3.048515E-2,   7.080710E+0,   5.602996E-4,   100,0,1,0
       1876,2026-10-01,10:04:50.398,        299,        304,   9.000000E+2,   9.000000E+3,   0.000000E+0,   0.000000E+0,   2.250000E+1,   0.000000E+0,   0.000000E+0,   0.000000E+0,   1.006321E+3,   1.499108E-1,   6.148071E-1,   1.475082E+3,   1.803570E-1,   7.766113E-1,   2.374901E+1,   7.090339E-3,   1.498258E+3,   3.577873E-2,   7.080798E+0,   5.270700E-4,   100,0,1,0
       1877,2026-10-01,10:05:20.400,        300,        304,   9.000000E+2,   9.000000E+3,   0.000000E+0,   0.000000E+0,   2.250000E+1,   0.000000E+0,   0.000000E+0,   0.000000E+0,   1.006344E+3,   1.384346E-1,   6.076050E-1,   1.475078E+3,   1.732381E-1,   7.348633E-1,   2.375607E+1,   6.621213E-3,   1.498265E+3,   3.367154E-2,   7.080813E+0,   5.062171E-4,   100,0,1,0
       1878,2026-10-01,10:05:50.402,        301,        304,   9.000000E+2,   9.000000E+3,   0.000000E+0,   0.000000E+0,   2.250000E+1,   0.000000E+0,   0.000000E+0,   0.000000E+0,   1.006362E+3,   1.619203E-1,   6.274414E-1,   1.475074E+3,   1.785161E-1,   7.727051E-1,   2.376262E+1,   6.080963E-3,   1.498270E+3,   3.970116E-2,   7.080825E+0,   5.219579E-4,   100,0,1,0
       1879,2026-10-01,10:06:20.404,        302,        304,   9.000000E+2,   9.000000E+3,   0.000000E+0,   0.000000E+0,   2.250000E+1,   0.000000E+0,   0.000000E+0,   0.000000E+0,   1.006425E+3,   1.129499E-1,   4.533081E-1,   1.475092E+3,   1.713073E-1,   7.727051E-1,   2.376877E+1,   5.766916E-3,   1.498287E+3,   2.696072E-2,   7.080775E+0,   5.005136E-4,   100,1,1,1
       1880,2026-10-01,10:06:50.406,        303,        304,   9.000000E+2,   9.000000E+3,   0.000000E+0,   0.000000E+0,   2.250000E+1,   0.000000E+0,   0.000000E+0,   0.000000E+0,   1.006462E+3,   1.031846E-1,   4.533081E-1,   1.475079E+3,   1.689566E-1,   7.727051E-1,   2.377487E+1,   5.924302E-3,   1.498297E+3,   2.469424E-2,   7.080814E+0,   4.934046E-4,   100,1,1,1
       1881,2026-10-01,10:07:20.408,        304,        304,   9.000000E+2,   9.000000E+3,   0.000000E+0,   0.000000E+0,   2.250000E+1,   0.000000E+0,   0.000000E+0,   0.000000E+0,   1.006488E+3,   1.228346E-1,   5.369263E-1,   1.475099E+3,   1.576196E-1,   7.175293E-1,   2.378117E+1,   6.329961E-3,   1.498305E+3,   3.050805E-2,   7.080760E+0,   4.611976E-4,   100,1,1,1
       1882,2026-10-01,10:07:50.410,        305,        304,   9.000000E+2,   9.000000E+3,   0.000000E+0,   0.000000E+0,   2.250000E+1,   0.000000E+0,   0.000000E+0,   0.000000E+0,   1.006522E+3,   1.034148E-1,   4.458618E-1,   1.475096E+3,   1.655949E-1,   8.375244E-1,   2.378804E+1,   6.872277E-3,   1.498314E+3,   2.498621E-2,   7.080769E+0,   4.837852E-4,   100,1,1,1
       1883,2026-10-01,10:08:20.412,        306,        304,   9.000000E+2,   9.000000E+3,   0.000000E+0,   0.000000E+0,   2.250000E+1,   0.000000E+0,   0.000000E+0,   0.000000E+0,   1.006539E+3,   1.053990E-1,   4.458618E-1,   1.475073E+3,   1.673719E-1,   8.375244E-1,   2.379530E+1,   7.264412E-3,   1.498320E+3,   2.509739E-2,   7.080839E+0,   4.891200E-4,   100,1,1,1
       1884,2026-10-01,10:08:50.414,        307,        304,   9.000000E+2,   9.000000E+3,   0.000000E+0,   0.000000E+0,   2.250000E+1,   0.000000E+0,   0.000000E+0,   0.000000E+0,   1.006539E+3,   1.040603E-1,   4.458618E-1,   1.475056E+3,   1.772631E-1,   8.542480E-1,   2.380287E+1,   7.462765E-3,   1.498322E+3,   2.513001E-2,   7.080889E+0,   5.183687E-4,   100,1,1,1
       1885,2026-10-01,10:09:20.416,        308,        304,   9.000000E+2,   9.000000E+3,   0.000000E+0,   0.000000E+0,   2.250000E+1,   0.000000E+0,   0.000000E+0,   0.000000E+0,   1.006567E+3,   1.122946E-1,   5.075684E-1,   1.475022E+3,   1.787861E-1,   8.542480E-1,   2.381058E+1,   7.458319E-3,   1.498330E+3,   2.812576E-2,   7.080990E+0,   5.233210E-4,   100,1,1,1
       1886,2026-10-01,10:09:50.418,        309,        304,   9.000000E+2,   9.000000E+3,   0.000000E+0,   0.000000E+0,   2.250000E+1,   0.000000E+0,   0.000000E+0,   0.000000E+0,   1.006625E+3,   7.345743E-2,   3.285522E-1,   1.474952E+3,   1.565663E-1,   7.293701E-1,   2.381837E+1,   7.564371E-3,   1.498346E+3,   1.829207E-2,   7.081198E+0,   4.581446E-4,   100,1,1,1
       1887,2026-10-01,10:10:20.420,        310,        304,   9.000000E+2,   9.000000E+3,   0.000000E+0,   0.000000E+0,   2.250000E+1,   0.000000E+0,   0.000000E+0,   0.000000E+0,   1.006625E+3,   9.672877E-2,   4.709473E-1,   1.474938E+3,   1.475359E-1,   7.962646E-1,   2.382608E+1,   7.524172E-3,   1.498347E+3,   2.324884E-2,   7.081243E+0,   4.315421E-4,   100,1,1,1
       1888,2026-10-01,10:10:50.422,        311,        304,   9.000000E+2,   9.000000E+3,   0.000000E+0,   0.000000E+0,   2.250000E+1,   0.000000E+0,   0.000000E+0,   0.000000E+0,   1.006591E+3,   1.213313E-1,   4.823608E-1,   1.474946E+3,   1.548107E-1,   8.569336E-1,   2.383360E+1,   7.079966E-3,   1.498340E+3,   2.852880E-2,   7.081219E+0,   4.520811E-4,   100,1,1,1
       1889,2026-10-01,10:11:20.424,        312,        304,   9.000000E+2,   9.000000E+3,   0.000000E+0,   0.000000E+0,   2.250000E+1,   0.000000E+0,   0.000000E+0,   0.000000E+0,   1.006531E+3,   1.246936E-1,   4.823608E-1,   1.475011E+3,   1.756010E-1,   9.434814E-1,   2.384065E+1,   6.489140E-3,   1.498327E+3,   2.922391E-2,   7.081032E+0,   5.124090E-4,   100,1,1,1
       1890,2026-10-01,10:11:50.426,        313,        304,   9.000000E+2,   9.000000E+3,   0.000000E+0,   0.000000E+0,   2.250000E+1,   0.000000E+0,   0.000000E+0,   0.000000E+0,   1.006495E+3,   9.265471E-2,   3.687744E-1,   1.475080E+3,   1.899385E-1,   9.666748E-1,   2.384719E+1,   6.431414E-3,   1.498320E+3,   2.234723E-2,   7.080828E+0,   5.594510E-4,   100,1,1,1
       1891,2026-10-01,10:12:20.428,        314,        304,   9.000000E+2,   9.000000E+3,   0.000000E+0,   0.000000E+0,   2.250000E+1,   0.000000E+0,   0.000000E+0,   0.000000E+0,   1.006471E+3,   7.913694E-2,   3.446655E-1,   1.475171E+3,   1.609193E-1,   7.042236E-1,   2.385408E+1,   6.913433E-3,   1.498315E+3,   1.935843E-2,   7.080563E+0,   4.725098E-4,   100,1,1,1
       1892,2026-10-01,10:12:50.430,        315,        304,   9.000000E+2,   9.000000E+3,   0.000000E+0,   0.000000E+0,   2.250000E+1,   0.000000E+0,   0.000000E+0,   0.000000E+0,   1.006504E+3,   9.495895E-2,   4.257812E-1,   1.475154E+3,   1.868378E-1,   1.026855E+0,   2.386137E+1,   7.257638E-3,   1.498325E+3,   2.344038E-2,   7.080614E+0,   5.492211E-4,   100,1,1,1
       1893,2026-10-01,10:13:20.432,        316,        304,   9.000000E+2,   9.000000E+3,   0.000000E+0,   0.000000E+0,   2.250000E+1,   0.000000E+0,   0.000000E+0,   0.000000E+0,   1.006526E+3,   1.043071E-1,   4.501343E-1,   1.475124E+3,   2.020545E-1,   1.026855E+0,   2.386884E+1,   7.295357E-3,   1.498332E+3,   2.547233E-2,   7.080709E+0,   5.913230E-4,   100,1,1,1
       1894,2026-10-01,10:13:50.434,        317,        304,   9.000000E+2,   9.000000E+3,   0.000000E+0,   0.000000E+0,   2.250000E+1,   0.000000E+0,   0.000000E+0,   0.000000E+0,   1.006610E+3,   1.268593E-1,   5.222778E-1,   1.475008E+3,   2.181847E-1,   1.015869E+0,   2.387630E+1,   7.146131E-3,   1.498353E+3,   3.159378E-2,   7.081052E+0,   6.388243E-4,   100,1,1,1
       1895,2026-10-01,10:14:20.436,        318,        304,   9.000000E+2,   9.000000E+3,   0.000000E+0,   0.000000E+0,   2.250000E+1,   0.000000E+0,   0.000000E+0,   0.000000E+0,   1.006591E+3,   2.198416E-1,   1.026367E+0,   1.474930E+3,   1.980477E-1,   8.538818E-1,   2.388368E+1,   7.097813E-3,   1.498350E+3,   5.232087E-2,   7.081282E+0,   5.797340E-4,   100,0,1,0
       1896,2026-10-01,10:14:50.438,        319,        304,   9.000000E+2,   9.000000E+3,   0.000000E+0,   0.000000E+0,   2.250000E+1,   0.000000E+0,   0.000000E+0,   0.000000E+0,   1.006615E+3,   2.164367E-1,   1.026367E+0,   1.474903E+3,   1.783569E-1,   8.370361E-1,   2.389114E+1,   7.287093E-3,   1.498358E+3,   5.157980E-2,   7.081363E+0,   5.214732E-4,   100,0,1,0
       1897,2026-10-01,10:15:20.440,        320,        304,   9.000000E+2,   9.000000E+3,   0.000000E+0,   0.000000E+0,   2.250000E+1,   0.000000E+0,   0.000000E+0,   0.000000E+0,   1.006630E+3,   2.157252E-1,   1.026367E+0,   1.474885E+3,   1.692651E-1,   7.218018E-1,   2.389870E+1,   7.440038E-3,   1.498363E+3,   5.142844E-2,   7.081417E+0,   4.943621E-4,   100,0,1,0
       1898,2026-10-01,10:15:50.442,        321,        304,   9.000000E+2,   9.000000E+3,   0.000000E+0,   0.000000E+0,   2.250000E+1,   0.000000E+0,   0.000000E+0,   0.000000E+0,   1.006663E+3,   9.907864E-2,   4.702148E-1,   1.474943E+3,   1.761027E-1,   7.900391E-1,   2.390625E+1,   7.200905E-3,   1.498372E+3,   2.398147E-2,   7.081249E+0,   5.142431E-4,   100,1,1,1
       1899,2026-10-01,10:16:20.444,        322,        304,   9.000000E+2,   9.000000E+3,   0.000000E+0,   0.000000E+0,   2.250000E+1,   0.000000E+0,   0.000000E+0,   0.000000E+0,   1.006742E+3,   1.285199E-1,   4.749756E-1,   1.474916E+3,   1.897330E-1,   8.375244E-1,   2.391346E+1,   6.799946E-3,   1.498392E+3,   3.202840E-2,   7.081331E+0,   5.550351E-4,   100,1,1,1
       1900,2026-10-01,10:16:50.446,        323,        304,   9.000000E+2,   9.000000E+3,   0.000000E+0,   0.000000E+0,   2.250000E+1,   0.000000E+0,   0.000000E+0,   0.000000E+0,   1.006819E+3,   1.162028E-1,   4.499512E-1,   1.474896E+3,   1.930625E-1,   8.446045E-1,   2.392042E+1,   6.559239E-3,   1.498412E+3,   2.906464E-2,   7.081389E+0,   5.650621E-4,   100,1,1,1
       1901,2026-10-01,10:17:20.448,        324,        304,   9.000000E+2,   9.000000E+3,   0.000000E+0,   0.000000E+0,   2.250000E+1,   0.000000E+0,   0.000000E+0,   0.000000E+0,   1.006847E+3,   9.100620E-2,   4.301758E-1,   1.474848E+3,   1.709688E-1,   9.046631E-1,   2.392715E+1,   6.760651E-3,   1.498421E+3,   2.154930E-2,   7.081532E+0,   4.993436E-4,   100,1,1,1
       1902,2026-10-01,10:17:50.450,        325,        304,   9.000000E+2,   9.000000E+3,   0.000000E+0,   0.000000E+0,   2.250000E+1,   0.000000E+0,   0.000000E+0,   0.000000E+0,   1.006812E+3,   1.511689E-1,   6.996460E-1,   1.474861E+3,   1.909370E-1,   9.786377E-1,   2.393459E+1,   7.260738E-3,   1.498414E+3,   3.554304E-2,   7.081498E+0,   5.582040E-4,   100,0,1,0
       1903,2026-10-01,10:18:20.452,        326,        304,   9.000000E+2,   9.000000E+3,   0.000000E+0,   0.000000E+0,   2.250000E+1,   0.000000E+0,   0.000000E+0,   0.000000E+0,   1.006834E+3,   1.667899E-1,   6.996460E-1,   1.474862E+3,   1.952774E-1,   9.786377E-1,   2.394168E+1,   7.109877E-3,   1.498421E+3,   4.041849E-2,   7.081495E+0,   5.710563E-4,   100,0,1,0
       1904,2026-10-01,10:18:50.454,        327,        304,   9.000000E+2,   9.000000E+3,   0.000000E+0,   0.000000E+0,   2.250000E+1,   0.000000E+0,   0.000000E+0,   0.000000E+0,   1.006865E+3,   1.678711E-1,   6.996460E-1,   1.474878E+3,   1.865404E-1,   7.661133E-1,   2.394924E+1,   6.902920E-3,   1.498430E+3,   4.108064E-2,   7.081450E+0,   5.454033E-4,   100,0,1,0
       1905,2026-10-01,10:19:20.456,        328,        304,   9.000000E+2,   9.000000E+3,   0.000000E+0,   0.000000E+0,   2.250000E+1,   0.000000E+0,   0.000000E+0,   0.000000E+0,   1.006912E+3,   1.175531E-1,   6.254883E-1,   1.474894E+3,   1.846407E-1,   8.620605E-1,   2.395622E+1,   7.058974E-3,   1.498443E+3,   2.730076E-2,   7.081406E+0,   5.388414E-4,   100,0,1,0
       1906,2026-10-01,10:19:50.458,        329,        304,   9.000000E+2,   9.000000E+3,   0.000000E+0,   0.000000E+0,   2.250000E+1,   0.000000E+0,   0.000000E+0,   0.000000E+0,   1.006913E+3,   1.292449E-1,   7.037964E-1,   1.474893E+3,   1.740488E-1,   7.614746E-1,   2.396383E+1,   7.257168E-3,   1.498445E+3,   3.098974E-2,   7.081409E+0,   5.090512E-4,   100,0,1,0
       1907,2026-10-01,10:20:20.460,        330,        304,   9.000000E+2,   9.000000E+3,   0.000000E+0,   0.000000E+0,   2.250000E+1,   0.000000E+0,   0.000000E+0,   0.000000E+0,   1.006941E+3,   1.428074E-1,   7.119751E-1,   1.474869E+3,   1.826996E-1,   8.748779E-1,   2.397134E+1,   7.614153E-3,   1.498453E+3,   3.483532E-2,   7.081482E+0,   5.346327E-4,   100,0,1,0
       1908,2026-10-01,10:20:50.462,        331,        304,   9.000000E+2,   9.000000E+3,   0.000000E+0,   0.000000E+0,   2.250000E+1,   0.000000E+0,   0.000000E+0,   0.000000E+0,   1.006982E+3,   1.347510E-1,   7.119751E-1,   1.474861E+3,   1.743891E-1,   8.748779E-1,   2.397925E+1,   7.860977E-3,   1.498464E+3,   3.299538E-2,   7.081508E+0,   5.098429E-4,   100,0,1,0
       1909,2026-10-01,10:21:20.464,        332,        304,   9.000000E+2,   9.000000E+3,   0.000000E+0,   0.000000E+0,   2.250000E+1,   0.000000E+0,   0.000000E+0,   0.000000E+0,   1.007010E+3,   6.763946E-2,   3.228149E-1,   1.474885E+3,   1.659980E-1,   8.612061E-1,   2.398727E+1,   7.686436E-3,   1.498472E+3,   1.558976E-2,   7.081440E+0,   4.842543E-4,   100,1,1,1
       1910,2026-10-01,10:21:50.466,        333,        304,   9.000000E+2,   9.000000E+3,   0.000000E+0,   0.000000E+0,   2.250000E+1,   0.000000E+0,   0.000000E+0,   0.000000E+0,   1.006966E+3,   8.860688E-2,   3.720093E-1,   1.474985E+3,   1.931621E-1,   1.036987E+0,   2.399506E+1,   7.372405E-3,   1.498463E+3,   2.002597E-2,   7.081150E+0,   5.632347E-4,   100,1,1,1
       1911,2026-10-01,10:22:20.468,        334,        304,   9.000000E+2,   9.000000E+3,   0.000000E+0,   0.000000E+0,   2.250000E+1,   0.000000E+0,   0.000000E+0,   0.000000E+0,   1.006904E+3,   1.124845E-1,   5.669556E-1,   1.475090E+3,   1.868436E-1,   1.100586E+0,   2.400254E+1,   7.121920E-3,   1.498450E+3,   2.649922E-2,   7.080846E+0,   5.450604E-4,   100,1,1,1
       1912,2026-10-01,10:22:50.470,        335,        304,   9.000000E+2,   9.000000E+3,   0.000000E+0,   0.000000E+0,   2.250000E+1,   0.000000E+0,   0.000000E+0,   0.000000E+0,   1.006855E+3,   1.002822E-1,   5.158081E-1,   1.475164E+3,   1.645817E-1,   1.012695E+0,   2.400966E+1,   6.736499E-3,   1.498440E+3,   2.380359E-2,   7.080632E+0,   4.804185E-4,   100,1,1,1
       1913,2026-10-01,10:23:20.472,        336,        304,   9.000000E+2,   9.000000E+3,   0.000000E+0,   0.000000E+0,   2.250000E+1,   0.000000E+0,   0.000000E+0,   0.000000E+0,   1.006879E+3,   1.137395E-1,   5.412598E-1,   1.475172E+3,   1.568898E-1,   9.920654E-1,   2.401647E+1,   6.377603E-3,   1.498447E+3,   2.797873E-2,   7.080609E+0,   4.586821E-4,   100,1,1,1
       1914,2026-10-01,10:23:50.474,        337,        304,   9.000000E+2,   9.000000E+3,   0.000000E+0,   0.000000E+0,   2.250000E+1,   0.000000E+0,   0.000000E+0,   0.000000E+0,   1.006914E+3,   1.294399E-1,   6.131592E-1,   1.475113E+3,   1.878502E-1,   1.130859E+0,   2.402322E+1,   6.551449E-3,   1.498456E+3,   3.227353E-2,   7.080785E+0,   5.499796E-4,   100,0,1,0
       1915,2026-10-01,10:24:20.476,        338,        304,   9.000000E+2,   9.000000E+3,   0.000000E+0,   0.000000E+0,   2.250000E+1,   0.000000E+0,   0.000000E+0,   0.000000E+0,   1.006983E+3,   7.935361E-2,   3.662720E-1,   1.475050E+3,   1.657965E-1,   6.918945E-1,   2.403028E+1,   7.039997E-3,   1.498475E+3,   1.997397E-2,   7.080972E+0,   4.853737E-4,   100,1,1,1
       1916,2026-10-01,10:24:50.478,        339,        304,   9.000000E+2,   9.000000E+3,   0.000000E+0,   0.000000E+0,   2.250000E+1,   0.000000E+0,   0.000000E+0,   0.000000E+0,   1.007031E+3,   8.574929E-2,   3.661499E-1,   1.474982E+3,   1.588981E-1,   7.081299E-1,   2.403781E+1,   7.596696E-3,   1.498488E+3,   2.134814E-2,   7.081170E+0,   4.648705E-4,   100,1,1,1
       1917,2026-10-01,10:25:20.480,        340,        304,   9.000000E+2,   9.000000E+3,   0.000000E+0,   0.000000E+0,   2.250000E+1,   0.000000E+0,   0.000000E+0,   0.000000E+0,   1.007012E+3,   1.173355E-1,   5.723877E-1,   1.474977E+3,   1.586458E-1,   6.689453E-1,   2.404580E+1,   7.958573E-3,   1.498485E+3,   2.854105E-2,   7.081188E+0,   4.640385E-4,   100,1,1,1
       1918,2026-10-01,10:25:50.482,        341,        304,   9.000000E+2,   9.000000E+3,   0.000000E+0,   0.000000E+0,   2.250000E+1,   0.000000E+0,   0.000000E+0,   0.000000E+0,   1.007040E+3,   1.157643E-1,   5.723877E-1,   1.474960E+3,   1.642058E-1,   6.735840E-1,   2.405399E+1,   7.984741E-3,   1.498493E+3,   2.806977E-2,   7.081239E+0,   4.795945E-4,   100,1,1,1
       1919,2026-10-01,10:26:20.484,        342,        304,   9.000000E+2,   9.000000E+3,   0.000000E+0,   0.000000E+0,   2.250000E+1,   0.000000E+0,   0.000000E+0,   0.000000E+0,   1.007061E+3,   1.274106E-1,   6.167603E-1,   1.474945E+3,   1.753274E-1,   7.916260E-1,   2.406223E+1,   7.933320E-3,   1.498500E+3,   3.196971E-2,   7.081286E+0,   5.130339E-4,   100,0,1,0
       1920,2026-10-01,10:26:50.486,        343,        304,   9.000000E+2,   9.000000E+3,   0.000000E+0,   0.000000E+0,   2.250000E+1,   0.000000E+0,   0.000000E+0,   0.000000E+0,   1.007076E+3,   1.199543E-1,   6.167603E-1,   1.474917E+3,   1.735783E-1,   7.916260E-1,   2.407046E+1,   7.991391E-3,   1.498505E+3,   2.981762E-2,   7.081369E+0,   5.080964E-4,   100,0,1,0
       1921,2026-10-01,10:27:20.488,        344,        304,   9.000000E+2,   9.000000E+3,   0.000000E+0,   0.000000E+0,   2.250000E+1,   0.000000E+0,   0.000000E+0,   0.000000E+0,   1.007091E+3,   8.114944E-2,   3.615112E-1,   1.474932E+3,   1.834259E-1,   8.885498E-1,   2.407848E+1,   7.645041E-3,   1.498510E+3,   1.839317E-2,   7.081329E+0,   5.354405E-4,   100,1,1,1
       1922,2026-10-01,10:27:50.490,        345,        304,   9.000000E+2,   9.000000E+3,   0.000000E+0,   0.000000E+0,   2.250000E+1,   0.000000E+0,   0.000000E+0,   0.000000E+0,   1.007085E+3,   8.478495E-2,   3.615112E-1,   1.474995E+3,   2.011637E-1,   7.944336E-1,   2.408586E+1,   6.814403E-3,   1.498510E+3,   1.996518E-2,   7.081148E+0,   5.867960E-4,   100,1,1,1
       1923,2026-10-01,10:28:20.492,        346,        304,   9.000000E+2,   9.000000E+3,   0.000000E+0,   0.000000E+0,   2.250000E+1,   0.000000E+0,   0.000000E+0,   0.000000E+0,   1.007092E+3,   8.726610E-2,   3.500366E-1,   1.475060E+3,   1.727919E-1,   7.447510E-1,   2.409261E+1,   6.093616E-3,   1.498513E+3,   2.177418E-2,   7.080958E+0,   5.047931E-4,   100,1,1,1
       1924,2026-10-01,10:28:50.494,        347,        304,   9.000000E+2,   9.000000E+3,   0.000000E+0,   0.000000E+0,   2.250000E+1,   0.000000E+0,   0.000000E+0,   0.000000E+0,   1.007087E+3,   1.122776E-1,   4.951782E-1,   1.475085E+3,   1.792663E-1,   8.018799E-1,   2.409898E+1,   6.096095E-3,   1.498514E+3,   2.717271E-2,   7.080887E+0,   5.240638E-4,   100,1,1,1
       1925,2026-10-01,10:29:20.496,        348,        304,   9.000000E+2,   9.000000E+3,   0.000000E+0,   0.000000E+0,   2.250000E+1,   0.000000E+0,   0.000000E+0,   0.000000E+0,   1.007076E+3,   1.374356E-1,   6.036987E-1,   1.475058E+3,   1.979187E-1,   9.451904E-1,   2.410538E+1,   6.300949E-3,   1.498512E+3,   3.309693E-2,   7.080967E+0,   5.788085E-4,   100,0,1,0
       1926,2026-10-01,10:29:50.498,        349,        304,   9.000000E+2,   9.000000E+3,   0.000000E+0,   0.000000E+0,   2.250000E+1,   0.000000E+0,   0.000000E+0,   0.000000E+0,   1.007016E+3,   1.522756E-1,   6.036987E-1,   1.475123E+3,   2.258870E-1,   1.083862E+0,   2.411209E+1,   6.677261E-3,   1.498499E+3,   3.587260E-2,   7.080778E+0,   6.596036E-4,   100,0,1,0
       1927,2026-10-01,10:30:20.500,        350,        304,   9.000000E+2,   9.000000E+3,   0.000000E+0,   0.000000E+0,   2.250000E+1,   0.000000E+0,   0.000000E+0,   0.000000E+0,   1.007056E+3,   1.759015E-1,   6.579590E-1,   1.475087E+3,   2.336143E-1,   1.083862E+0,   2.411927E+1,   7.190612E-3,   1.498511E+3,   4.262273E-2,   7.080887E+0,   6.826184E-4,   100,0,1,0
       1928,2026-10-01,10:30:50.502,        351,        304,   9.000000E+2,   9.000000E+3,   0.000000E+0,   0.000000E+0,   2.250000E+1,   0.000000E+0,   0.000000E+0,   0.000000E+0,   1.007105E+3,   1.629978E-1,   6.030884E-1,   1.475081E+3,   2.274416E-1,   1.010010E+0,   2.412672E+1,   7.397129E-3,   1.498524E+3,   4.010561E-2,   7.080907E+0,   6.658986E-4,   100,0,1,0
       1929,2026-10-01,10:31:20.505,        352,        304,   9.000000E+2,   9.000000E+3,   0.000000E+0,   0.000000E+0,   2.250000E+1,   0.000000E+0,   0.000000E+0,   0.000000E+0,   1.007174E+3,   1.177218E-1,   5.079346E-1,   1.475007E+3,   1.928525E-1,   9.223633E-1,   2.413428E+1,   7.262012E-3,   1.498542E+3,   2.897220E-2,   7.081124E+0,   5.641982E-4,   100,1,1,1
       1930,2026-10-01,10:31:50.507,        353,        304,   9.000000E+2,   9.000000E+3,   0.000000E+0,   0.000000E+0,   2.250000E+1,   0.000000E+0,   0.000000E+0,   0.000000E+0,   1.007158E+3,   1.220245E-1,   5.325928E-1,   1.475054E+3,   2.189635E-1,   1.108276E+0,   2.414173E+1,   7.122722E-3,   1.498540E+3,   2.848706E-2,   7.080989E+0,   6.388124E-4,   100,1,1,1
       1931,2026-10-01,10:32:20.509,        354,        304,   9.000000E+2,   9.000000E+3,   0.000000E+0,   0.000000E+0,   2.250000E+1,   0.000000E+0,   0.000000E+0,   0.000000E+0,   1.007130E+3,   1.182353E-1,   5.070801E-1,   1.475142E+3,   2.294474E-1,   1.161377E+0,   2.414907E+1,   7.029693E-3,   1.498534E+3,   2.782053E-2,   7.080733E+0,   6.694271E-4,   100,1,1,1
       1932,2026-10-01,10:32:50.511,        355,        304,   9.000000E+2,   9.000000E+3,   0.000000E+0,   0.000000E+0,   2.250000E+1,   0.000000E+0,   0.000000E+0,   0.000000E+0,   1.007085E+3,   1.097945E-1,   4.312134E-1,   1.475251E+3,   1.783920E-1,   8.341064E-1,   2.415620E+1,   7.175365E-3,   1.498525E+3,   2.629309E-2,   7.080418E+0,   5.208350E-4,   100,1,1,1
       1933,2026-10-01,10:33:20.513,        356,        304,   9.000000E+2,   9.000000E+3,   0.000000E+0,   0.000000E+0,   2.250000E+1,   0.000000E+0,   0.000000E+0,   0.000000E+0,   1.007036E+3,   1.284688E-1,   4.839478E-1,   1.475271E+3,   1.703375E-1,   7.891846E-1,   2.416370E+1,   7.049996E-3,   1.498515E+3,   3.080474E-2,   7.080361E+0,   4.978800E-4,   100,1,1,1
       1934,2026-10-01,10:33:50.515,        357,        304,   9.000000E+2,   9.000000E+3,   0.000000E+0,   0.000000E+0,   2.250000E+1,   0.000000E+0,   0.000000E+0,   0.000000E+0,   1.007090E+3,   1.401702E-1,   5.259399E-1,   1.475234E+3,   1.660401E-1,   7.100830E-1,   2.417057E+1,   6.688877E-3,   1.498529E+3,   3.417862E-2,   7.080472E+0,   4.852480E-4,   100,1,1,1
       1935,2026-10-01,10:34:20.517,        358,        304,   9.000000E+2,   9.000000E+3,   0.000000E+0,   0.000000E+0,   2.250000E+1,   0.000000E+0,   0.000000E+0,   0.000000E+0,   1.007090E+3,   1.310262E-1,   5.259399E-1,   1.475289E+3,   1.800338E-1,   8.200684E-1,   2.417778E+1,   6.654480E-3,   1.498531E+3,   3.230870E-2,   7.080313E+0,   5.256700E-4,   100,1,1,1
       1936,2026-10-01,10:34:50.519,        359,        304,   9.000000E+2,   9.000000E+3,   0.000000E+0,   0.000000E+0,   2.250000E+1,   0.000000E+0,   0.000000E+0,   0.000000E+0,   1.007105E+3,   1.116702E-1,   5.259399E-1,   1.475345E+3,   2.199062E-1,   1.079224E+0,   2.418469E+1,   7.079057E-3,   1.498536E+3,   2.672546E-2,   7.080152E+0,   6.412727E-4,   100,1,1,1
       1937,2026-10-01,10:35:20.521,        360,        304,   9.000000E+2,   9.000000E+3,   0.000000E+0,   0.000000E+0,   2.250000E+1,   0.000000E+0,   0.000000E+0,   0.000000E+0,   1.007061E+3,   1.269360E-1,   5.231934E-1,   1.475454E+3,   2.217600E-1,   1.073120E+0,   2.419190E+1,   7.056565E-3,   1.498527E+3,   2.992331E-2,   7.079834E+0,   6.468369E-4,   100,1,1,1
       1938,2026-10-01,10:35:50.523,        361,        304,   9.000000E+2,   9.000000E+3,   0.000000E+0,   0.000000E+0,   2.250000E+1,   0.000000E+0,   0.000000E+0,   0.000000E+0,   1.007034E+3,   1.406149E-1,   5.622559E-1,   1.475483E+3,   2.186470E-1,   1.073120E+0,   2.419944E+1,   6.947922E-3,   1.498522E+3,   3.386791E-2,   7.079753E+0,   6.386244E-4,   100,1,1,1
       1939,2026-10-01,10:36:20.525,        362,        304,   9.000000E+2,   9.000000E+3,   0.000000E+0,   0.000000E+0,   2.250000E+1,   0.000000E+0,   0.000000E+0,   0.000000E+0,   1.007025E+3,   1.763579E-1,   6.693115E-1,   1.475507E+3,   2.065941E-1,   9.997559E-1,   2.420626E+1,   6.779518E-3,   1.498521E+3,   4.282609E-2,   7.079684E+0,   6.041190E-4,   100,0,1,0
       1940,2026-10-01,10:36:50.527,        363,        304,   9.000000E+2,   9.000000E+3,   0.000000E+0,   0.000000E+0,   2.250000E+1,   0.000000E+0,   0.000000E+0,   0.000000E+0,   1.007110E+3,   1.712448E-1,   7.386475E-1,   1.475385E+3,   2.125454E-1,   1.179932E+0,   2.421335E+1,   6.539472E-3,   1.498543E+3,   4.162922E-2,   7.080043E+0,   6.217755E-4,   100,0,1,0
       1941,2026-10-01,10:37:20.529,        364,        304,   9.000000E+2,   9.000000E+3,   0.000000E+0,   0.000000E+0,   2.250000E+1,   0.000000E+0,   0.000000E+0,   0.000000E+0,   1.007149E+3,   1.459109E-1,   7.386475E-1,   1.475361E+3,   1.998988E-1,   1.000244E+0,   2.421978E+1,   6.237144E-3,   1.498554E+3,   3.518736E-2,   7.080112E+0,   5.841819E-4,   100,0,1,0
       1942,2026-10-01,10:37:50.531,        365,        304,   9.000000E+2,   9.000000E+3,   0.000000E+0,   0.000000E+0,   2.250000E+1,   0.000000E+0,   0.000000E+0,   0.000000E+0,   1.007151E+3,   1.039081E-1,   7.124023E-1,   1.475386E+3,   2.081787E-1,   1.068970E+0,   2.422635E+1,   6.087158E-3,   1.498556E+3,   2.380333E-2,   7.080043E+0,   6.075040E-4,   100,0,1,0
       1943,2026-10-01,10:38:20.533,        366,        304,   9.000000E+2,   9.000000E+3,   0.000000E+0,   0.000000E+0,   2.250000E+1,   0.000000E+0,   0.000000E+0,   0.000000E+0,   1.007134E+3,   9.806529E-2,   4.192505E-1,   1.475469E+3,   2.189928E-1,   1.133667E+0,   2.423244E+1,   6.119394E-3,   1.498553E+3,   2.322876E-2,   7.079802E+0,   6.387666E-4,   100,1,1,1
       1944,2026-10-01,10:38:50.535,        367,        304,   9.000000E+2,   9.000000E+3,   0.000000E+0,   0.000000E+0,   2.250000E+1,   0.000000E+0,   0.000000E+0,   0.000000E+0,   1.007109E+3,   7.766436E-2,   3.157349E-1,   1.475557E+3,   1.718909E-1,   8.869629E-1,   2.423888E+1,   6.347212E-3,   1.498548E+3,   1.913303E-2,   7.079545E+0,   5.017066E-4,   100,1,1,1
       1945,2026-10-01,10:39:20.537,        368,        304,   9.000000E+2,   9.000000E+3,   0.000000E+0,   0.000000E+0,   2.250000E+1,   0.000000E+0,   0.000000E+0,   0.000000E+0,   1.007106E+3,   9.125916E-2,   4.093628E-1,   1.475565E+3,   1.723344E-1,   7.764893E-1,   2.424566E+1,   6.796642E-3,   1.498548E+3,   2.187102E-2,   7.079524E+0,   5.032650E-4,   100,1,1,1
       1946,2026-10-01,10:39:50.539,        369,        304,   9.000000E+2,   9.000000E+3,   0.000000E+0,   0.000000E+0,   2.250000E+1,   0.000000E+0,   0.000000E+0,   0.000000E+0,   1.007131E+3,   9.773929E-2,   4.679565E-1,   1.475533E+3,   1.845541E-1,   8.554688E-1,   2.425306E+1,   7.424264E-3,   1.498556E+3,   2.432052E-2,   7.079621E+0,   5.398126E-4,   100,1,1,1
       1947,2026-10-01,10:40:20.541,        370,        304,   9.000000E+2,   9.000000E+3,   0.000000E+0,   0.000000E+0,   2.250000E+1,   0.000000E+0,   0.000000E+0,   0.000000E+0,   1.007163E+3,   9.409373E-2,   4.679565E-1,   1.475439E+3,   2.012970E-1,   1.049683E+0,   2.426087E+1,   7.854655E-3,   1.498565E+3,   2.321537E-2,   7.079896E+0,   5.891314E-4,   100,1,1,1
       1948,2026-10-01,10:40:50.543,        371,        304,   9.000000E+2,   9.000000E+3,   0.000000E+0,   0.000000E+0,   2.250000E+1,   0.000000E+0,   0.000000E+0,   0.000000E+0,   1.007188E+3,   5.637554E-2,   2.271729E-1,   1.475389E+3,   1.773560E-1,   9.458008E-1,   2.426877E+1,   7.585823E-3,   1.498573E+3,   1.363356E-2,   7.080045E+0,   5.184437E-4,   100,1,1,1
       1949,2026-10-01,10:41:20.545,        372,        304,   9.000000E+2,   9.000000E+3,   0.000000E+0,   0.000000E+0,   2.250000E+1,   0.000000E+0,   0.000000E+0,   0.000000E+0,   1.007195E+3,   7.231624E-2,   3.405762E-1,   1.475378E+3,   1.858747E-1,   9.458008E-1,   2.427606E+1,   6.558799E-3,   1.498576E+3,   1.732592E-2,   7.080079E+0,   5.429116E-4,   100,1,1,1
       1950,2026-10-01,10:41:50.547,        373,        304,   9.000000E+2,   9.000000E+3,   0.000000E+0,   0.000000E+0,   2.250000E+1,   0.000000E+0,   0.000000E+0,   0.000000E+0,   1.007212E+3,   8.995828E-2,   4.053955E-1,   1.475393E+3,   1.870578E-1,   9.631348E-1,   2.428240E+1,   5.744323E-3,   1.498581E+3,   2.235484E-2,   7.080038E+0,   5.462772E-4,   100,1,1,1
       1951,2026-10-01,10:42:20.549,        374,        304,   9.000000E+2,   9.000000E+3,   0.000000E+0,   0.000000E+0,   2.250000E+1,   0.000000E+0,   0.000000E+0,   0.000000E+0,   1.007246E+3,   9.064414E-2,   4.053955E-1,   1.475380E+3,   1.773211E-1,   9.113770E-1,   2.428813E+1,   5.208529E-3,   1.498590E+3,   2.227790E-2,   7.080079E+0,   5.181247E-4,   100,1,1,1
       1952,2026-10-01,10:42:50.551,        375,        304,   9.000000E+2,   9.000000E+3,   0.000000E+0,   0.000000E+0,   2.250000E+1,   0.000000E+0,   0.000000E+0,   0.000000E+0,   1.007274E+3,   8.944064E-2,   4.343262E-1,   1.475386E+3,   1.760006E-1,   9.113770E-1,   2.429353E+1,   5.302809E-3,   1.498599E+3,   2.207518E-2,   7.080062E+0,   5.141346E-4,   100,1,1,1
       1953,2026-10-01,10:43:20.553,        376,        304,   9.000000E+2,   9.000000E+3,   0.000000E+0,   0.000000E+0,   2.250000E+1,   0.000000E+0,   0.000000E+0,   0.000000E+0,   1.007289E+3,   8.302942E-2,   4.137573E-1,   1.475406E+3,   1.687243E-1,   9.305420E-1,   2.429939E+1,   5.766313E-3,   1.498604E+3,   2.048864E-2,   7.080004E+0,   4.926305E-4,   100,1,1,1
       1954,2026-10-01,10:43:50.555,        377,        304,   9.000000E+2,   9.000000E+3,   0.000000E+0,   0.000000E+0,   2.250000E+1,   0.000000E+0,   0.000000E+0,   0.000000E+0,   1.007411E+3,   2.064798E-1,   8.630371E-1,   1.475259E+3,   3.047552E-1,   1.468750E+0,   2.430545E+1,   6.214129E-3,   1.498635E+3,   5.058117E-2,   7.080435E+0,   8.915937E-4,   100,0,1,0
       1955,2026-10-01,10:44:20.557,        378,        304,   9.000000E+2,   9.000000E+3,   0.000000E+0,   0.000000E+0,   2.250000E+1,   0.000000E+0,   0.000000E+0,   0.000000E+0,   1.007512E+3,   2.041669E-1,   7.938843E-1,   1.475152E+3,   3.114067E-1,   1.468750E+0,   2.431202E+1,   6.381703E-3,   1.498660E+3,   4.977969E-2,   7.080750E+0,   9.111750E-4,   100,0,1,0
       1956,2026-10-01,10:44:50.559,        379,        304,   9.000000E+2,   9.000000E+3,   0.000000E+0,   0.000000E+0,   2.250000E+1,   0.000000E+0,   0.000000E+0,   0.000000E+0,   1.007549E+3,   1.695577E-1,   7.151489E-1,   1.475054E+3,   2.466888E-1,   1.257324E+0,   2.431879E+1,   6.679951E-3,   1.498670E+3,   4.006676E-2,   7.081037E+0,   7.208036E-4,   100,0,1,0
       1957,2026-10-01,10:45:20.561,        380,        304,   9.000000E+2,   9.000000E+3,   0.000000E+0,   0.000000E+0,   2.250000E+1,   0.000000E+0,   0.000000E+0,   0.000000E+0,   1.007456E+3,   2.050902E-1,   8.048096E-1,   1.475168E+3,   3.110248E-1,   1.551025E+0,   2.432564E+1,   6.753031E-3,   1.498649E+3,   4.794589E-2,   7.080707E+0,   9.073027E-4,   100,0,1,0
       1958,2026-10-01,10:45:50.563,        381,        304,   9.000000E+2,   9.000000E+3,   0.000000E+0,   0.000000E+0,   2.250000E+1,   0.000000E+0,   0.000000E+0,   0.000000E+0,   1.007350E+3,   1.274443E-1,   5.407104E-1,   1.475329E+3,   2.589852E-1,   1.274902E+0,   2.433234E+1,   6.633459E-3,   1.498625E+3,   2.989893E-2,   7.080237E+0,   7.554390E-4,   100,1,1,1
       1959,2026-10-01,10:46:20.565,        382,        304,   9.000000E+2,   9.000000E+3,   0.000000E+0,   0.000000E+0,   2.250000E+1,   0.000000E+0,   0.000000E+0,   0.000000E+0,   1.007324E+3,   8.617534E-2,   3.678589E-1,   1.475389E+3,   2.013034E-1,   1.108643E+0,   2.433877E+1,   6.255852E-3,   1.498620E+3,   2.137728E-2,   7.080064E+0,   5.884095E-4,   100,1,1,1
       1960,2026-10-01,10:46:50.567,        383,        304,   9.000000E+2,   9.000000E+3,   0.000000E+0,   0.000000E+0,   2.250000E+1,   0.000000E+0,   0.000000E+0,   0.000000E+0,   1.007374E+3,   1.059386E-1,   4.501343E-1,   1.475314E+3,   2.304466E-1,   1.178345E+0,   2.434480E+1,   5.531928E-3,   1.498633E+3,   2.626475E-2,   7.080286E+0,   6.743539E-4,   100,1,1,1
       1961,2026-10-01,10:47:20.569,        384,        304,   9.000000E+2,   9.000000E+3,   0.000000E+0,   0.000000E+0,   2.250000E+1,   0.000000E+0,   0.000000E+0,   0.000000E+0,   1.007422E+3,   1.065499E-1,   4.262085E-1,   1.475200E+3,   2.031608E-1,   9.235840E-1,   2.435034E+1,   5.003632E-3,   1.498646E+3,   2.593596E-2,   7.080621E+0,   5.942273E-4,   100,1,1,1
       1962,2026-10-01,10:47:50.571,        385,        304,   9.000000E+2,   9.000000E+3,   0.000000E+0,   0.000000E+0,   2.250000E+1,   0.000000E+0,   0.000000E+0,   0.000000E+0,   1.007411E+3,   1.053891E-1,   4.262085E-1,   1.475187E+3,   1.911014E-1,   9.235840E-1,   2.435568E+1,   5.221988E-3,   1.498645E+3,   2.494567E-2,   7.080660E+0,   5.580986E-4,   100,1,1,1
       1963,2026-10-01,10:48:20.573,        386,        304,   9.000000E+2,   9.000000E+3,   0.000000E+0,   0.000000E+0,   2.250000E+1,   0.000000E+0,   0.000000E+0,   0.000000E+0,   1.007366E+3,   1.392052E-1,   6.729126E-1,   1.475222E+3,   1.879063E-1,   9.038086E-1,   2.436119E+1,   5.537810E-3,   1.498635E+3,   3.271140E-2,   7.080560E+0,   5.485597E-4,   100,0,1,0
       1964,2026-10-01,10:48:50.575,        387,        304,   9.000000E+2,   9.000000E+3,   0.000000E+0,   0.000000E+0,   2.250000E+1,   0.000000E+0,   0.000000E+0,   0.000000E+0,   1.007345E+3,   1.301466E-1,   6.707764E-1,   1.475223E+3,   1.882621E-1,   9.884033E-1,   2.436714E+1,   5.906727E-3,   1.498631E+3,   3.186080E-2,   7.080557E+0,   5.507328E-4,   100,0,1,0
       1965,2026-10-01,10:49:20.577,        388,        304,   9.000000E+2,   9.000000E+3,   0.000000E+0,   0.000000E+0,   2.250000E+1,   0.000000E+0,   0.000000E+0,   0.000000E+0,   1.007407E+3,   1.613531E-1,   7.998047E-1,   1.475166E+3,   2.003916E-1,   9.884033E-1,   2.437352E+1,   6.389749E-3,   1.498647E+3,   3.959508E-2,   7.080725E+0,   5.863938E-4,   100,0,1,0
       1966,2026-10-01,10:49:50.579,        389,        304,   9.000000E+2,   9.000000E+3,   0.000000E+0,   0.000000E+0,   2.250000E+1,   0.000000E+0,   0.000000E+0,   0.000000E+0,   1.007455E+3,   1.369913E-1,   7.998047E-1,   1.475101E+3,   1.776280E-1,   9.497070E-1,   2.438011E+1,   6.554075E-3,   1.498660E+3,   3.349683E-2,   7.080917E+0,   5.193791E-4,   100,0,1,0
       1967,2026-10-01,10:50:20.581,        390,        304,   9.000000E+2,   9.000000E+3,   0.000000E+0,   0.000000E+0,   2.250000E+1,   0.000000E+0,   0.000000E+0,   0.000000E+0,   1.007476E+3,   1.392167E-1,   7.484741E-1,   1.475112E+3,   1.775815E-1,   9.497070E-1,   2.438663E+1,   6.168181E-3,   1.498666E+3,   3.253666E-2,   7.080888E+0,   5.184364E-4,   100,0,1,0
       1968,2026-10-01,10:50:50.583,        391,        304,   9.000000E+2,   9.000000E+3,   0.000000E+0,   0.000000E+0,   2.250000E+1,   0.000000E+0,   0.000000E+0,   0.000000E+0,   1.007456E+3,   1.324701E-1,   6.386719E-1,   1.475160E+3,   1.772155E-1,   9.497070E-1,   2.439254E+1,   5.682225E-3,   1.498663E+3,   3.146035E-2,   7.080748E+0,   5.176713E-4,   100,0,1,0
       1969,2026-10-01,10:51:20.585,        392,        304,   9.000000E+2,   9.000000E+3,   0.000000E+0,   0.000000E+0,   2.250000E+1,   0.000000E+0,   0.000000E+0,   0.000000E+0,   1.007493E+3,   1.616934E-1,   7.735596E-1,   1.475135E+3,   1.841699E-1,   8.842773E-1,   2.439833E+1,   5.204084E-3,   1.498673E+3,   3.869579E-2,   7.080822E+0,   5.384395E-4,   100,0,1,0
       1970,2026-10-01,10:51:50.587,        393,        304,   9.000000E+2,   9.000000E+3,   0.000000E+0,   0.000000E+0,   2.250000E+1,   0.000000E+0,   0.000000E+0,   0.000000E+0,   1.007506E+3,   1.645702E-1,   7.735596E-1,   1.475125E+3,   1.780334E-1,   8.172607E-1,   2.440344E+1,   4.879790E-3,   1.498677E+3,   3.972976E-2,   7.080855E+0,   5.206064E-4,   100,0,1,0
       1971,2026-10-01,10:52:20.589,        394,        304,   9.000000E+2,   9.000000E+3,   0.000000E+0,   0.000000E+0,   2.250000E+1,   0.000000E+0,   0.000000E+0,   0.000000E+0,   1.007566E+3,   1.235630E-1,   5.471191E-1,   1.475079E+3,   1.821075E-1,   1.005249E+0,   2.440882E+1,   5.032728E-3,   1.498692E+3,   3.005707E-2,   7.080990E+0,   5.324474E-4,   100,1,1,1
       1972,2026-10-01,10:52:50.591,        395,        304,   9.000000E+2,   9.000000E+3,   0.000000E+0,   0.000000E+0,   2.250000E+1,   0.000000E+0,   0.000000E+0,   0.000000E+0,   1.007590E+3,   9.568691E-2,   3.783569E-1,   1.475078E+3,   1.875291E-1,   1.024780E+0,   2.441397E+1,   5.115215E-3,   1.498699E+3,   2.316553E-2,   7.080996E+0,   5.479669E-4,   100,1,1,1
       1973,2026-10-01,10:53:20.593,        396,        304,   9.000000E+2,   9.000000E+3,   0.000000E+0,   0.000000E+0,   2.250000E+1,   0.000000E+0,   0.000000E+0,   0.000000E+0,   1.007584E+3,   9.802590E-2,   3.783569E-1,   1.475072E+3,   1.873885E-1,   1.024780E+0,   2.441924E+1,   5.292421E-3,   1.498699E+3,   2.330547E-2,   7.081013E+0,   5.476318E-4,   100,1,1,1
       1974,2026-10-01,10:53:50.595,        397,        304,   9.000000E+2,   9.000000E+3,   0.000000E+0,   0.000000E+0,   2.250000E+1,   0.000000E+0,   0.000000E+0,   0.000000E+0,   1.007609E+3,   1.051937E-1,   4.440308E-1,   1.475070E+3,   1.683238E-1,   9.782715E-1,   2.442526E+1,   5.914807E-3,   1.498706E+3,   2.611158E-2,   7.081021E+0,   4.923431E-4,   100,1,1,1
       1975,2026-10-01,10:54:20.597,        398,        304,   9.000000E+2,   9.000000E+3,   0.000000E+0,   0.000000E+0,   2.250000E+1,   0.000000E+0,   0.000000E+0,   0.000000E+0,   1.007637E+3,   1.027366E-1,   4.146729E-1,   1.475084E+3,   1.647794E-1,   9.586182E-1,   2.443141E+1,   6.489425E-3,   1.498714E+3,   2.575804E-2,   7.080982E+0,   4.813577E-4,   100,1,1,1
       1976,2026-10-01,10:54:50.599,        399,        304,   9.000000E+2,   9.000000E+3,   0.000000E+0,   0.000000E+0,   2.250000E+1,   0.000000E+0,   0.000000E+0,   0.000000E+0,   1.007680E+3,   7.822251E-2,   3.541260E-1,   1.475125E+3,   1.907686E-1,   9.759521E-1,   2.443847E+1,   6.800473E-3,   1.498726E+3,   1.827447E-2,   7.080863E+0,   5.563232E-4,   100,1,1,1
       1977,2026-10-01,10:55:20.602,        400,        304,   9.000000E+2,   9.000000E+3,   0.000000E+0,   0.000000E+0,   2.250000E+1,   0.000000E+0,   0.000000E+0,   0.000000E+0,   1.007595E+3,   1.774415E-1,   7.019653E-1,   1.475302E+3,   2.861307E-1,   1.490356E+0,   2.444494E+1,   6.415905E-3,   1.498707E+3,   4.170492E-2,   7.080349E+0,   8.345337E-4,   100,0,1,0
       1978,2026-10-01,10:55:50.604,        401,        304,   9.000000E+2,   9.000000E+3,   0.000000E+0,   0.000000E+0,   2.250000E+1,   0.000000E+0,   0.000000E+0,   0.000000E+0,   1.007461E+3,   2.021445E-1,   7.998047E-1,   1.475499E+3,   3.048040E-1,   1.383423E+0,   2.445105E+1,   5.184407E-3,   1.498676E+3,   4.782100E-2,   7.079776E+0,   8.891610E-4,   100,0,1,0
       1979,2026-10-01,10:56:20.606,        402,        304,   9.000000E+2,   9.000000E+3,   0.000000E+0,   0.000000E+0,   2.250000E+1,   0.000000E+0,   0.000000E+0,   0.000000E+0,   1.007372E+3,   1.372658E-1,   6.557007E-1,   1.475640E+3,   2.311263E-1,   1.145874E+0,   2.445587E+1,   4.238506E-3,   1.498656E+3,   3.283375E-2,   7.079362E+0,   6.744526E-4,   100,0,1,0
       1980,2026-10-01,10:56:50.608,        403,        304,   9.000000E+2,   9.000000E+3,   0.000000E+0,   0.000000E+0,   2.250000E+1,   0.000000E+0,   0.000000E+0,   0.000000E+0,   1.007329E+3,   1.148065E-1,   5.355225E-1,   1.475699E+3,   1.987361E-1,   1.133667E+0,   2.446024E+1,   4.085994E-3,   1.498647E+3,   2.806091E-2,   7.079192E+0,   5.805627E-4,   100,1,1,1
       1981,2026-10-01,10:57:20.610,        404,        304,   9.000000E+2,   9.000000E+3,   0.000000E+0,   0.000000E+0,   2.250000E+1,   0.000000E+0,   0.000000E+0,   0.000000E+0,   1.007333E+3,   8.162931E-2,   3.538208E-1,   1.475674E+3,   1.784624E-1,   9.047852E-1,   2.446465E+1,   4.427602E-3,   1.498648E+3,   1.963902E-2,   7.079266E+0,   5.213785E-4,   100,1,1,1
       1982,2026-10-01,10:57:50.612,        405,        304,   9.000000E+2,   9.000000E+3,   0.000000E+0,   0.000000E+0,   2.250000E+1,   0.000000E+0,   0.000000E+0,   0.000000E+0,   1.007339E+3,   1.020569E-1,   4.456177E-1,   1.475645E+3,   1.829457E-1,   9.401855E-1,   2.446933E+1,   4.681858E-3,   1.498651E+3,   2.452939E-2,   7.079354E+0,   5.341963E-4,   100,1,1,1
       1983,2026-10-01,10:58:20.614,        406,        304,   9.000000E+2,   9.000000E+3,   0.000000E+0,   0.000000E+0,   2.250000E+1,   0.000000E+0,   0.000000E+0,   0.000000E+0,   1.007262E+3,   1.497196E-1,   6.447144E-1,   1.475681E+3,   1.815581E-1,   8.023682E-1,   2.447435E+1,   5.000897E-3,   1.498633E+3,   3.536590E-2,   7.079249E+0,   5.298177E-4,   100,0,1,0
       1984,2026-10-01,10:58:50.616,        407,        304,   9.000000E+2,   9.000000E+3,   0.000000E+0,   0.000000E+0,   2.250000E+1,   0.000000E+0,   0.000000E+0,   0.000000E+0,   1.007256E+3,   1.554066E-1,   6.447144E-1,   1.475684E+3,   1.931869E-1,   9.290771E-1,   2.447982E+1,   5.504407E-3,   1.498633E+3,   3.697465E-2,   7.079243E+0,   5.639360E-4,   100,0,1,0
       1985,2026-10-01,10:59:20.618,        408,        304,   9.000000E+2,   9.000000E+3,   0.000000E+0,   0.000000E+0,   2.250000E+1,   0.000000E+0,   0.000000E+0,   0.000000E+0,   1.007238E+3,   1.396874E-1,   5.814209E-1,   1.475676E+3,   1.899205E-1,   9.241943E-1,   2.448584E+1,   6.203315E-3,   1.498630E+3,   3.420177E-2,   7.079266E+0,   5.552295E-4,   100,1,1,1
       1986,2026-10-01,10:59:50.620,        409,        304,   9.000000E+2,   9.000000E+3,   0.000000E+0,   0.000000E+0,   2.250000E+1,   0.000000E+0,   0.000000E+0,   0.000000E+0,   1.007308E+3,   9.591965E-2,   4.162598E-1,   1.475613E+3,   1.815687E-1,   9.310303E-1,   2.449228E+1,   6.415539E-3,   1.498648E+3,   2.380904E-2,   7.079452E+0,   5.308990E-4,   100,1,1,1
       1987,2026-10-01,11:00:20.622,        410,        304,   9.000000E+2,   9.000000E+3,   0.000000E+0,   0.000000E+0,   2.250000E+1,   0.000000E+0,   0.000000E+0,   0.000000E+0,   1.007377E+3,   1.125852E-1,   5.136108E-1,   1.475534E+3,   1.556129E-1,   7.493896E-1,   2.449869E+1,   6.127834E-3,   1.498666E+3,   2.814871E-2,   7.079684E+0,   4.551332E-4,   100,1,1,1
       1988,2026-10-01,11:00:50.624,        411,        304,   9.000000E+2,   9.000000E+3,   0.000000E+0,   0.000000E+0,   2.250000E+1,   0.000000E+0,   0.000000E+0,   0.000000E+0,   1.007430E+3,   1.053344E-1,   5.136108E-1,   1.475501E+3,   1.625156E-1,   7.493896E-1,   2.450454E+1,   5.535377E-3,   1.498680E+3,   2.620472E-2,   7.079783E+0,   4.750784E-4,   100,1,1,1
       1989,2026-10-01,11:01:20.626,        412,        304,   9.000000E+2,   9.000000E+3,   0.000000E+0,   0.000000E+0,   2.250000E+1,   0.000000E+0,   0.000000E+0,   0.000000E+0,   1.007450E+3,   9.159921E-2,   4.288330E-1,   1.475511E+3,   1.772405E-1,   7.867432E-1,   2.451000E+1,   5.073772E-3,   1.498685E+3,   2.177258E-2,   7.079754E+0,   5.174256E-4,   100,1,1,1
       1990,2026-10-01,11:01:50.628,        413,        304,   9.000000E+2,   9.000000E+3,   0.000000E+0,   0.000000E+0,   2.250000E+1,   0.000000E+0,   0.000000E+0,   0.000000E+0,   1.007500E+3,   1.087900E-1,   5.294800E-1,   1.475466E+3,   1.977830E-1,   8.607178E-1,   2.451505E+1,   4.687076E-3,   1.498698E+3,   2.620943E-2,   7.079888E+0,   5.778790E-4,   100,1,1,1
       1991,2026-10-01,11:02:20.630,        414,        304,   9.000000E+2,   9.000000E+3,   0.000000E+0,   0.000000E+0,   2.250000E+1,   0.000000E+0,   0.000000E+0,   0.000000E+0,   1.007544E+3,   1.431967E-1,   6.420898E-1,   1.475436E+3,   2.122721E-1,   9.833984E-1,   2.451976E+1,   4.490667E-3,   1.498710E+3,   3.500479E-2,   7.079978E+0,   6.206182E-4,   100,0,1,0
       1992,2026-10-01,11:02:50.632,        415,        304,   9.000000E+2,   9.000000E+3,   0.000000E+0,   0.000000E+0,   2.250000E+1,   0.000000E+0,   0.000000E+0,   0.000000E+0,   1.007603E+3,   1.188237E-1,   5.179443E-1,   1.475353E+3,   2.054901E-1,   1.067871E+0,   2.452453E+1,   4.537890E-3,   1.498725E+3,   2.910059E-2,   7.080222E+0,   6.007468E-4,   100,1,1,1
       1993,2026-10-01,11:03:20.634,        416,        304,   9.000000E+2,   9.000000E+3,   0.000000E+0,   0.000000E+0,   2.250000E+1,   0.000000E+0,   0.000000E+0,   0.000000E+0,   1.007701E+3,   1.354945E-1,   5.644531E-1,   1.475259E+3,   2.138134E-1,   1.024536E+0,   2.452965E+1,   5.276485E-3,   1.498750E+3,   3.341374E-2,   7.080498E+0,   6.253931E-4,   100,1,1,1
       1994,2026-10-01,11:03:50.636,        417,        304,   9.000000E+2,   9.000000E+3,   0.000000E+0,   0.000000E+0,   2.250000E+1,   0.000000E+0,   0.000000E+0,   0.000000E+0,   1.007816E+3,   1.707736E-1,   7.379150E-1,   1.475123E+3,   2.422395E-1,   1.126953E+0,   2.453559E+1,   6.215786E-3,   1.498779E+3,   4.258071E-2,   7.080897E+0,   7.089977E-4,   100,0,1,0
       1995,2026-10-01,11:04:20.638,        418,        304,   9.000000E+2,   9.000000E+3,   0.000000E+0,   0.000000E+0,   2.250000E+1,   0.000000E+0,   0.000000E+0,   0.000000E+0,   1.007933E+3,   1.455303E-1,   6.530762E-1,   1.474993E+3,   2.156100E-1,   1.036987E+0,   2.454213E+1,   6.722722E-3,   1.498808E+3,   3.610930E-2,   7.081278E+0,   6.311165E-4,   100,0,1,0
       1996,2026-10-01,11:04:50.640,        419,        304,   9.000000E+2,   9.000000E+3,   0.000000E+0,   0.000000E+0,   2.250000E+1,   0.000000E+0,   0.000000E+0,   0.000000E+0,   1.007932E+3,   2.600968E-1,   1.317993E+0,   1.474931E+3,   1.839570E-1,   7.885742E-1,   2.454908E+1,   6.659267E-3,   1.498810E+3,   6.193162E-2,   7.081460E+0,   5.381167E-4,   100,0,1,0
       1997,2026-10-01,11:05:20.642,        420,        304,   9.000000E+2,   9.000000E+3,   0.000000E+0,   0.000000E+0,   2.250000E+1,   0.000000E+0,   0.000000E+0,   0.000000E+0,   1.007956E+3,   2.607562E-1,   1.317993E+0,   1.474921E+3,   1.825201E-1,   9.888916E-1,   2.455585E+1,   6.551610E-3,   1.498817E+3,   6.203113E-2,   7.081492E+0,   5.330436E-4,   100,0,1,0
       1998,2026-10-01,11:05:50.644,        421,        304,   9.000000E+2,   9.000000E+3,   0.000000E+0,   0.000000E+0,   2.250000E+1,   0.000000E+0,   0.000000E+0,   0.000000E+0,   1.007958E+3,   2.592430E-1,   1.277649E+0,   1.474932E+3,   1.799761E-1,   9.888916E-1,   2.456268E+1,   6.556316E-3,   1.498819E+3,   6.222596E-2,   7.081460E+0,   5.260126E-4,   100,0,1,0
       1999,2026-10-01,11:06:20.646,        422,        304,   9.000000E+2,   9.000000E+3,   0.000000E+0,   0.000000E+0,   2.250000E+1,   0.000000E+0,   0.000000E+0,   0.000000E+0,   1.008033E+3,   8.976069E-2,   5.555420E-1,   1.474962E+3,   1.684422E-1,   9.888916E-1,   2.456951E+1,   6.649595E-3,   1.498838E+3,   2.106574E-2,   7.081375E+0,   4.920601E-4,   100,1,1,1
       2000,2026-10-01,11:06:50.648,        423,        304,   9.000000E+2,   9.000000E+3,   0.000000E+0,   0.000000E+0,   2.250000E+1,   0.000000E+0,   0.000000E+0,   0.000000E+0,   1.008105E+3,   1.177213E-1,   4.878540E-1,   1.474944E+3,   1.807113E-1,   9.746094E-1,   2.457639E+1,   6.790807E-3,   1.498857E+3,   2.917149E-2,   7.081429E+0,   5.287523E-4,   100,1,1,1
