SeqNo,Date,UTC Time,Nr,ProbeNr,m_SL120,m_Wasser,m_IPA,m_PG,m_MG,m_vorher,m_nachher,Pumpe_pct,Rho_M,Rho_S,Rho_Sp,C_M,C_S,C_Sp,T_M,T_S,Per_M,Per_S,RunT_M,RunT_S,N,Stabil,SensOK,Gueltig
          1,2012-01-23,00:14:28.362,          1,          0,   0.000000E+0,   1.000000E+2,   0.000000E+0,   0.000000E+0,   0.000000E+0,   0.000000E+0,   0.000000E+0,   1.000000E+2,   9.970609E+2,   1.130288E-3,   5.249023E-3,   1.495739E+3,   1.202353E-2,   4.479980E-2,   2.464088E+1,   4.382846E-3,   1.496219E+3,   6.385954E-4,   7.021508E+0,   3.291966E-5,   100,1,1,1
          2,2012-01-23,00:14:58.458,          2,          0,   0.000000E+0,   1.000000E+2,   0.000000E+0,   0.000000E+0,   0.000000E+0,   0.000000E+0,   0.000000E+0,   1.000000E+2,   9.970598E+2,   1.170192E-3,   4.638672E-3,   1.495749E+3,   1.044954E-2,   4.321289E-2,   2.464495E+1,   3.775247E-3,   1.496220E+3,   5.380613E-4,   7.021479E+0,   2.872056E-5,   100,1,1,1
          3,2012-01-23,00:15:06.871,          3,          0,   0.000000E+0,   1.000000E+2,   0.000000E+0,   0.000000E+0,   0.000000E+0,   0.000000E+0,   0.000000E+0,   1.000000E+2,   9.970596E+2,   1.176809E-3,   4.638672E-3,   1.495752E+3,   1.034916E-2,   4.284668E-2,   2.464603E+1,   3.716595E-3,   1.496220E+3,   5.300458E-4,   7.021470E+0,   2.840971E-5,   100,1,1,1
          4,2026-08-20,09:18:06.037,          1,          0,   1.003600E+2,   1.006870E+3,   0.000000E+0,   0.000000E+0,   0.000000E+0,   0.000000E+0,   0.000000E+0,   1.000000E+2,   1.004935E+3,   6.024943E-4,   3.051758E-3,   1.543003E+3,   9.023429E-3,   4.394531E-2,   2.370149E+1,   3.078766E-3,   1.497912E+3,   8.050053E-4,   6.891023E+0,   2.394567E-5,   100,1,1,1
          5,2026-08-20,09:24:02.749,          2,          0,   1.003600E+2,   1.006870E+3,   0.000000E+0,   0.000000E+0,   0.000000E+0,   0.000000E+0,   0.000000E+0,   1.000000E+2,   1.004939E+3,   7.044451E-4,   2.929688E-3,   1.542997E+3,   7.206327E-3,   4.016113E-2,   2.373992E+1,   4.290980E-3,   1.497922E+3,   9.035594E-4,   6.891049E+0,   1.927731E-5,   100,1,1,1
          6,2026-08-20,09:26:07.117,          3,          0,   1.003600E+2,   1.006870E+3,   0.000000E+0,   0.000000E+0,   0.000000E+0,   0.000000E+0,   0.000000E+0,   1.000000E+2,   1.004940E+3,   7.123410E-4,   3.051758E-3,   1.542991E+3,   7.771788E-3,   3.881836E-2,   2.375398E+1,   3.282262E-3,   1.497925E+3,   8.760545E-4,   6.891068E+0,   2.086574E-5,   100,1,1,1
          7,2026-08-20,11:32:24.579,          1,          1,   1.003600E+2,   1.006870E+3,   0.000000E+0,   0.000000E+0,   0.000000E+0,   0.000000E+0,   0.000000E+0,   1.000000E+2,   1.005290E+3,   1.352826E-3,   4.943848E-3,   1.541424E+3,   1.041913E-2,   4.553223E-2,   2.372909E+1,   1.413905E-3,   1.498006E+3,   4.556416E-4,   6.895253E+0,   2.809287E-5,   100,1,1,1
          8,2026-08-20,11:42:02.944,          2,          1,   1.003600E+2,   1.006870E+3,   0.000000E+0,   0.000000E+0,   0.000000E+0,   0.000000E+0,   0.000000E+0,   1.000000E+2,   1.005355E+3,   4.100476E-3,   1.470947E-2,   1.541047E+3,   2.449650E-2,   9.643555E-2,   2.361622E+1,   8.507211E-3,   1.497996E+3,   8.300083E-4,   6.896232E+0,   6.335228E-5,   100,0,1,0
          9,2026-08-20,11:52:10.626,          3,          1,   1.003600E+2,   1.006870E+3,   0.000000E+0,   0.000000E+0,   0.000000E+0,   0.000000E+0,   0.000000E+0,   1.000000E+2,   1.005407E+3,   4.100963E-3,   1.440430E-2,   1.540782E+3,   2.505425E-2,   9.265137E-2,   2.354464E+1,   8.219684E-3,   1.497994E+3,   8.296818E-4,   6.896921E+0,   6.495976E-5,   100,0,1,0
         10,2026-08-20,11:52:25.555,          4,          1,   1.003600E+2,   1.006870E+3,   0.000000E+0,   0.000000E+0,   0.000000E+0,   0.000000E+0,   0.000000E+0,   1.000000E+2,   0.000000E+0,   0.000000E+0,   0.000000E+0,   0.000000E+0,   0.000000E+0,   0.000000E+0,   0.000000E+0,   0.000000E+0,   0.000000E+0,   0.000000E+0,   0.000000E+0,   0.000000E+0,     0,0,1,0
         11,2026-08-20,11:54:25.557,          5,          1,   1.003600E+2,   1.006870E+3,   0.000000E+0,   0.000000E+0,   0.000000E+0,   0.000000E+0,   0.000000E+0,   1.000000E+2,   1.005423E+3,   3.187256E-3,   1.092529E-2,   1.540691E+3,   1.515166E-2,   6.555176E-2,   2.351149E+1,   5.927483E-3,   1.497991E+3,   3.783404E-4,   6.897154E+0,   3.918599E-5,   100,0,1,0
         12,2026-08-20,11:56:25.559,          6,          1,   1.003600E+2,   1.006870E+3,   0.000000E+0,   0.000000E+0,   0.000000E+0,   0.000000E+0,   0.000000E+0,   1.000000E+2,   1.005436E+3,   3.810688E-3,   1.293945E-2,   1.540620E+3,   2.488237E-2,   1.016846E-1,   2.348755E+1,   8.073735E-3,   1.497989E+3,   1.009231E-3,   6.897338E+0,   6.460313E-5,   100,0,1,0
         13,2026-08-20,12:06:08.289,          7,          1,   1.003600E+2,   1.006870E+3,   4.015000E+1,   0.000000E+0,   0.000000E+0,   0.000000E+0,   0.000000E+0,   1.000000E+2,   9.990446E+2,   3.992499E-2,   1.965332E-1,   1.572356E+3,   1.521285E-1,   6.082764E-1,   2.434576E+1,   2.937690E-2,   1.496648E+3,   1.245824E-2,   6.814262E+0,   3.936504E-4,   100,0,1,0
         14,2026-08-20,12:08:08.291,          8,          1,   1.003600E+2,   1.006870E+3,   4.015000E+1,   0.000000E+0,   0.000000E+0,   0.000000E+0,   0.000000E+0,   1.000000E+2,   9.990505E+2,   4.014613E-2,   1.531982E-1,   1.571906E+3,   1.086098E-1,   4.274902E-1,   2.434135E+1,   1.313539E-2,   1.496635E+3,   9.172156E-3,   6.815417E+0,   2.764152E-4,   100,0,1,0
         15,2026-08-20,12:10:08.293,          9,          1,   1.003600E+2,   1.006870E+3,   4.015000E+1,   0.000000E+0,   0.000000E+0,   0.000000E+0,   0.000000E+0,   1.000000E+2,   9.990530E+2,   8.086706E-2,   3.322754E-1,   1.571665E+3,   1.730756E-1,   1.010498E+0,   2.429788E+1,   8.551191E-3,   1.496625E+3,   1.765049E-2,   6.816027E+0,   4.439820E-4,   100,0,1,0
         16,2026-08-20,12:12:08.294,         10,          1,   1.003600E+2,   1.006870E+3,   4.015000E+1,   0.000000E+0,   0.000000E+0,   0.000000E+0,   0.000000E+0,   1.000000E+2,   9.992921E+2,   6.010251E-2,   2.545776E-1,   1.571253E+3,   8.578891E-2,   3.741455E-1,   2.424398E+1,   1.634290E-2,   1.496669E+3,   1.277461E-2,   6.817075E+0,   2.167475E-4,   100,0,1,0
         17,2026-08-20,12:14:08.296,         11,          1,   1.003600E+2,   1.006870E+3,   4.015000E+1,   0.000000E+0,   0.000000E+0,   0.000000E+0,   0.000000E+0,   1.000000E+2,   9.994417E+2,   4.398330E-2,   2.298584E-1,   1.570984E+3,   6.117566E-2,   2.178955E-1,   2.416846E+1,   1.834950E-2,   1.496688E+3,   1.092934E-2,   6.817746E+0,   1.529526E-4,   100,0,1,0
         18,2026-08-20,12:16:08.298,         12,          1,   1.003600E+2,   1.006870E+3,   4.015000E+1,   0.000000E+0,   0.000000E+0,   0.000000E+0,   0.000000E+0,   1.000000E+2,   9.994970E+2,   7.472640E-2,   3.393555E-1,   1.570849E+3,   3.224536E-2,   1.621094E-1,   2.410360E+1,   1.423024E-2,   1.496687E+3,   1.634002E-2,   6.818077E+0,   7.983372E-5,   100,0,1,0
         19,2026-08-20,12:18:08.300,         13,          1,   1.003600E+2,   1.006870E+3,   4.015000E+1,   0.000000E+0,   0.000000E+0,   0.000000E+0,   0.000000E+0,   1.000000E+2,   9.995633E+2,   1.306258E-2,   4.284668E-2,   1.570704E+3,   4.945930E-2,   2.075195E-1,   2.403886E+1,   2.076840E-2,   1.496689E+3,   2.124380E-3,   6.818432E+0,   1.221448E-4,   100,0,1,0
         20,2026-08-20,12:20:08.302,         14,          1,   1.003600E+2,   1.006870E+3,   4.015000E+1,   0.000000E+0,   0.000000E+0,   0.000000E+0,   0.000000E+0,   1.000000E+2,   9.996129E+2,   9.706391E-3,   3.479004E-2,   1.570538E+3,   3.119711E-2,   1.301270E-1,   2.394936E+1,   1.781276E-2,   1.496681E+3,   9.501228E-4,   6.818836E+0,   7.606436E-5,   100,0,1,0
         21,2026-08-20,12:22:08.304,         15,          1,   1.003600E+2,   1.006870E+3,   4.015000E+1,   0.000000E+0,   0.000000E+0,   0.000000E+0,   0.000000E+0,   1.000000E+2,   9.996426E+2,   7.244701E-3,   2.783203E-2,   1.570443E+3,   2.649933E-2,   9.753418E-2,   2.389672E+1,   1.020618E-2,   1.496679E+3,   7.543010E-4,   6.819066E+0,   6.589015E-5,   100,0,1,0
         22,2026-08-20,12:24:08.306,         16,          1,   1.003600E+2,   1.006870E+3,   4.015000E+1,   0.000000E+0,   0.000000E+0,   0.000000E+0,   0.000000E+0,   1.000000E+2,   9.996674E+2,   7.222514E-3,   2.850342E-2,   1.570347E+3,   3.095584E-2,   1.275635E-1,   2.385612E+1,   1.159485E-2,   1.496677E+3,   1.201592E-3,   6.819304E+0,   7.697795E-5,   100,0,1,0
         23,2026-08-20,12:26:08.308,         17,          1,   1.003600E+2,   1.006870E+3,   4.015000E+1,   0.000000E+0,   0.000000E+0,   0.000000E+0,   0.000000E+0,   1.000000E+2,   9.996983E+2,   7.676615E-3,   3.082275E-2,   1.570217E+3,   3.773323E-2,   1.420898E-1,   2.380157E+1,   1.671878E-2,   1.496672E+3,   2.357753E-3,   6.819623E+0,   9.304310E-5,   100,0,1,0
         24,2026-08-20,12:28:08.310,         18,          1,   1.003600E+2,   1.006870E+3,   4.015000E+1,   0.000000E+0,   0.000000E+0,   0.000000E+0,   0.000000E+0,   1.000000E+2,   9.997319E+2,   9.771835E-3,   3.417969E-2,   1.570082E+3,   2.867530E-2,   1.235352E-1,   2.373520E+1,   1.390105E-2,   1.496666E+3,   6.920407E-4,   6.819954E+0,   7.056820E-5,   100,0,1,0
         25,2026-08-20,12:30:08.312,         19,          1,   1.003600E+2,   1.006870E+3,   4.015000E+1,   0.000000E+0,   0.000000E+0,   0.000000E+0,   0.000000E+0,   1.000000E+2,   9.997532E+2,   6.247028E-3,   2.679443E-2,   1.570002E+3,   2.168832E-2,   9.948730E-2,   2.369327E+1,   7.533138E-3,   1.496664E+3,   6.807474E-4,   6.820149E+0,   5.427905E-5,   100,0,1,0
         26,2026-08-20,12:32:08.314,         20,          1,   1.003600E+2,   1.006870E+3,   4.015000E+1,   0.000000E+0,   0.000000E+0,   0.000000E+0,   0.000000E+0,   1.000000E+2,   9.997723E+2,   4.955480E-3,   1.947021E-2,   1.569930E+3,   2.063340E-2,   9.436035E-2,   2.366834E+1,   7.561989E-3,   1.496664E+3,   1.018140E-3,   6.820327E+0,   5.149590E-5,   100,0,1,0
         27,2026-08-20,12:34:08.316,         21,          1,   1.003600E+2,   1.006870E+3,   4.015000E+1,   0.000000E+0,   0.000000E+0,   0.000000E+0,   0.000000E+0,   1.000000E+2,   9.997943E+2,   6.920050E-3,   2.514648E-2,   1.569840E+3,   2.849143E-2,   1.147461E-1,   2.363219E+1,   1.081243E-2,   1.496662E+3,   9.888647E-4,   6.820550E+0,   7.086881E-5,   100,0,1,0
         28,2026-08-20,12:36:08.318,         22,          1,   1.003600E+2,   1.006870E+3,   4.015000E+1,   0.000000E+0,   0.000000E+0,   0.000000E+0,   0.000000E+0,   1.000000E+2,   9.998218E+2,   5.795586E-3,   2.185059E-2,   1.569718E+3,   3.243058E-2,   1.423340E-1,   2.358170E+1,   1.117660E-2,   1.496658E+3,   9.195374E-4,   6.820851E+0,   8.087698E-5,   100,0,1,0
         29,2026-08-20,12:38:08.320,         23,          1,   1.003600E+2,   1.006870E+3,   4.015000E+1,   0.000000E+0,   0.000000E+0,   0.000000E+0,   0.000000E+0,   1.000000E+2,   9.998414E+2,   4.286509E-3,   1.666260E-2,   1.569636E+3,   2.060358E-2,   8.862305E-2,   2.355308E+1,   4.808293E-3,   1.496657E+3,   5.371023E-4,   6.821056E+0,   5.214670E-5,   100,0,1,0
         30,2026-08-20,12:40:08.322,         24,          1,   1.003600E+2,   1.006870E+3,   4.015000E+1,   0.000000E+0,   0.000000E+0,   0.000000E+0,   0.000000E+0,   1.000000E+2,   9.998548E+2,   4.230333E-3,   1.507568E-2,   1.569584E+3,   1.587295E-2,   7.360840E-2,   2.353590E+1,   2.980403E-3,   1.496658E+3,   6.875752E-4,   6.821184E+0,   4.044098E-5,   100,0,1,0
         31,2026-08-20,12:42:08.324,         25,          1,   1.003600E+2,   1.006870E+3,   4.015000E+1,   0.000000E+0,   0.000000E+0,   0.000000E+0,   0.000000E+0,   1.000000E+2,   9.998683E+2,   3.168878E-3,   1.544189E-2,   1.569543E+3,   1.757186E-2,   8.532715E-2,   2.352662E+1,   2.112462E-3,   1.496660E+3,   5.494000E-4,   6.821287E+0,   4.495537E-5,   100,0,1,0
         32,2026-08-20,12:44:08.326,         26,          1,   1.003600E+2,   1.006870E+3,   4.015000E+1,   0.000000E+0,   0.000000E+0,   0.000000E+0,   0.000000E+0,   1.000000E+2,   9.998849E+2,   6.518508E-3,   2.429199E-2,   1.569457E+3,   2.954062E-2,   1.210938E-1,   2.350247E+1,   9.810190E-3,   1.496657E+3,   9.992180E-4,   6.821502E+0,   7.385007E-5,   100,0,1,0
         33,2026-08-20,12:46:08.328,         27,          1,   1.003600E+2,   1.006870E+3,   4.015000E+1,   0.000000E+0,   0.000000E+0,   0.000000E+0,   0.000000E+0,   1.000000E+2,   9.999072E+2,   5.573285E-3,   2.160645E-2,   1.569363E+3,   2.223880E-2,   9.960938E-2,   2.346238E+1,   9.793876E-3,   1.496654E+3,   7.916424E-4,   6.821734E+0,   5.515276E-5,   100,0,1,0
         34,2026-08-20,12:48:08.330,         28,          1,   1.003600E+2,   1.006870E+3,   4.015000E+1,   0.000000E+0,   0.000000E+0,   0.000000E+0,   0.000000E+0,   1.000000E+2,   9.999246E+2,   4.986864E-3,   2.026367E-2,   1.569288E+3,   2.017396E-2,   9.277344E-2,   2.343185E+1,   4.554083E-3,   1.496653E+3,   7.216763E-4,   6.821920E+0,   5.106805E-5,   100,0,1,0
         35,2026-08-20,12:50:08.332,         29,          1,   1.003600E+2,   1.006870E+3,   4.015000E+1,   0.000000E+0,   0.000000E+0,   0.000000E+0,   0.000000E+0,   1.000000E+2,   9.999367E+2,   3.897404E-3,   1.739502E-2,   1.569235E+3,   1.784813E-2,   7.678223E-2,   2.342257E+1,   1.209742E-3,   1.496655E+3,   8.996136E-4,   6.822054E+0,   4.584490E-5,   100,0,1,0
         36,2026-08-20,12:52:08.334,         30,          1,   1.003600E+2,   1.006870E+3,   4.015000E+1,   0.000000E+0,   0.000000E+0,   0.000000E+0,   0.000000E+0,   1.000000E+2,   9.999444E+2,   4.208553E-3,   2.056885E-2,   1.569203E+3,   1.578968E-2,   8.142090E-2,   2.342268E+1,   4.485385E-4,   1.496657E+3,   9.609093E-4,   6.822137E+0,   4.079160E-5,   100,0,1,0
         37,2026-08-20,12:54:08.337,         31,          1,   1.003600E+2,   1.006870E+3,   4.015000E+1,   0.000000E+0,   0.000000E+0,   0.000000E+0,   0.000000E+0,   1.000000E+2,   9.999578E+2,   5.170687E-3,   2.026367E-2,   1.569136E+3,   2.707226E-2,   1.326904E-1,   2.340995E+1,   7.647671E-3,   1.496656E+3,   9.568909E-4,   6.822307E+0,   6.806207E-5,   100,0,1,0
         38,2026-08-20,12:56:08.338,         32,          1,   1.003600E+2,   1.006870E+3,   4.015000E+1,   0.000000E+0,   0.000000E+0,   0.000000E+0,   0.000000E+0,   1.000000E+2,   9.999822E+2,   2.468955E-2,   1.763916E-1,   1.569047E+3,   2.317691E-2,   1.210938E-1,   2.337662E+1,   7.808542E-3,   1.496656E+3,   6.197628E-3,   6.822529E+0,   5.811934E-5,   100,0,1,0
         39,2026-08-20,12:58:08.341,         33,          1,   1.003600E+2,   1.006870E+3,   4.015000E+1,   0.000000E+0,   0.000000E+0,   0.000000E+0,   0.000000E+0,   1.000000E+2,   9.999893E+2,   3.698215E-3,   1.458740E-2,   1.569001E+3,   1.524501E-2,   6.188965E-2,   2.336062E+1,   1.248304E-3,   1.496655E+3,   1.011335E-3,   6.822643E+0,   3.925327E-5,   100,0,1,0
         40,2026-08-20,13:00:08.343,         34,          1,   1.003600E+2,   1.006870E+3,   4.015000E+1,   0.000000E+0,   0.000000E+0,   0.000000E+0,   0.000000E+0,   1.000000E+2,   1.000000E+3,   4.723930E-3,   1.910400E-2,   1.568945E+3,   2.137921E-2,   8.996582E-2,   2.335149E+1,   3.842897E-3,   1.496656E+3,   5.711076E-4,   6.822785E+0,   5.438524E-5,   100,0,1,0
         41,2026-08-20,13:02:08.345,         35,          1,   1.003600E+2,   1.006870E+3,   4.015000E+1,   0.000000E+0,   0.000000E+0,   0.000000E+0,   0.000000E+0,   1.000000E+2,   1.000003E+3,   5.454220E-2,   2.760620E-1,   1.568866E+3,   2.365280E-2,   9.704590E-2,   2.333087E+1,   5.022744E-3,   1.496652E+3,   1.262699E-2,   6.822983E+0,   5.994344E-5,   100,0,1,0
         42,2026-08-20,13:04:08.347,         36,          1,   1.003600E+2,   1.006870E+3,   4.015000E+1,   0.000000E+0,   0.000000E+0,   0.000000E+0,   0.000000E+0,   1.000000E+2,   1.000029E+3,   3.614980E-3,   1.507568E-2,   1.568816E+3,   1.942440E-2,   8.544922E-2,   2.331740E+1,   3.116159E-3,   1.496656E+3,   5.413466E-4,   6.823109E+0,   4.957198E-5,   100,0,1,0
         43,2026-08-20,13:06:08.349,         37,          1,   1.003600E+2,   1.006870E+3,   4.015000E+1,   0.000000E+0,   0.000000E+0,   0.000000E+0,   0.000000E+0,   1.000000E+2,   1.000026E+3,   5.325732E-2,   2.702026E-1,   1.568737E+3,   2.270034E-2,   1.134033E-1,   2.330027E+1,   5.608495E-3,   1.496651E+3,   1.271150E-2,   6.823307E+0,   5.746847E-5,   100,0,1,0
         44,2026-08-20,13:08:08.351,         38,          1,   1.003600E+2,   1.006870E+3,   4.015000E+1,   0.000000E+0,   0.000000E+0,   0.000000E+0,   0.000000E+0,   1.000000E+2,   1.000055E+3,   3.963102E-3,   1.654053E-2,   1.568671E+3,   1.676338E-2,   7.714844E-2,   2.328284E+1,   2.213361E-3,   1.496655E+3,   7.739983E-4,   6.823474E+0,   4.291898E-5,   100,0,1,0
         45,2026-08-20,13:10:08.353,         39,          1,   1.003600E+2,   1.006870E+3,   4.015000E+1,   0.000000E+0,   0.000000E+0,   0.000000E+0,   0.000000E+0,   1.000000E+2,   1.000060E+3,   1.939000E-2,   9.277344E-2,   1.568642E+3,   1.565790E-2,   7.482910E-2,   2.327919E+1,   1.012985E-3,   1.496656E+3,   4.574265E-3,   6.823549E+0,   4.030803E-5,   100,0,1,0
         46,2026-08-20,13:51:26.368,         40,          1,   1.340700E+2,   1.006870E+3,   4.015000E+1,   0.000000E+0,   0.000000E+0,   0.000000E+0,   0.000000E+0,   1.000000E+2,   1.002841E+3,   3.577762E-2,   1.132813E-1,   1.582289E+3,   9.434862E-2,   3.940430E-1,   2.338694E+1,   2.178219E-2,   1.497337E+3,   8.213050E-3,   6.788614E+0,   2.342117E-4,   100,0,1,0
         47,2026-08-20,13:53:26.371,         41,          1,   1.340700E+2,   1.006870E+3,   4.015000E+1,   0.000000E+0,   0.000000E+0,   0.000000E+0,   0.000000E+0,   1.000000E+2,   1.002914E+3,   1.034712E-2,   3.564453E-2,   1.582066E+3,   4.723563E-2,   2.237549E-1,   2.335431E+1,   2.472313E-3,   1.497355E+3,   2.684205E-3,   6.789171E+0,   1.195288E-4,   100,0,1,0
         48,2026-08-20,13:55:26.374,         42,          1,   1.340700E+2,   1.006870E+3,   4.015000E+1,   0.000000E+0,   0.000000E+0,   0.000000E+0,   0.000000E+0,   1.000000E+2,   1.002957E+3,   9.560112E-3,   3.381348E-2,   1.581910E+3,   5.579991E-2,   2.529297E-1,   2.334565E+1,   2.452479E-3,   1.497365E+3,   1.964119E-3,   6.789564E+0,   1.412124E-4,   100,0,1,0
         49,2026-08-20,13:57:26.376,         43,          1,   1.340700E+2,   1.006870E+3,   4.015000E+1,   0.000000E+0,   0.000000E+0,   0.000000E+0,   0.000000E+0,   1.000000E+2,   1.002990E+3,   6.879420E-3,   2.667236E-2,   1.581722E+3,   4.926684E-2,   2.089844E-1,   2.333400E+1,   2.833845E-3,   1.497371E+3,   1.086036E-3,   6.790039E+0,   1.245903E-4,   100,0,1,0
         50,2026-08-20,13:59:26.378,         44,          1,   1.340700E+2,   1.006870E+3,   4.015000E+1,   0.000000E+0,   0.000000E+0,   0.000000E+0,   0.000000E+0,   1.000000E+2,   1.003018E+3,   6.613144E-3,   2.380371E-2,   1.581640E+3,   8.980338E-2,   4.455566E-1,   2.332580E+1,   2.240945E-3,   1.497375E+3,   1.102637E-3,   6.790246E+0,   2.280649E-4,   100,0,1,0
         51,2026-08-20,14:01:26.380,         45,          1,   1.340700E+2,   1.006870E+3,   4.015000E+1,   0.000000E+0,   0.000000E+0,   0.000000E+0,   0.000000E+0,   1.000000E+2,   1.003043E+3,   6.476902E-3,   2.575684E-2,   1.581381E+3,   4.020364E-2,   1.555176E-1,   2.331995E+1,   6.970424E-4,   1.497381E+3,   1.721957E-3,   6.790902E+0,   1.023834E-4,   100,0,1,0
         52,2026-08-20,14:03:26.382,         46,          1,   1.340700E+2,   1.006870E+3,   4.015000E+1,   0.000000E+0,   0.000000E+0,   0.000000E+0,   0.000000E+0,   1.000000E+2,   1.003064E+3,   5.211715E-3,   2.014160E-2,   1.581299E+3,   3.322829E-2,   1.541748E-1,   2.331927E+1,   8.170324E-4,   1.497386E+3,   1.412360E-3,   6.791111E+0,   8.537100E-5,   100,0,1,0
         53,2026-08-20,14:05:26.384,         47,          1,   1.340700E+2,   1.006870E+3,   4.015000E+1,   0.000000E+0,   0.000000E+0,   0.000000E+0,   0.000000E+0,   1.000000E+2,   1.003080E+3,   3.018112E-3,   1.525879E-2,   1.581192E+3,   3.490950E-2,   1.682129E-1,   2.332435E+1,   1.623328E-3,   1.497391E+3,   9.670923E-4,   6.791383E+0,   8.914017E-5,   100,0,1,0
         54,2026-08-20,14:07:26.386,         48,          1,   1.340700E+2,   1.006870E+3,   4.015000E+1,   0.000000E+0,   0.000000E+0,   0.000000E+0,   0.000000E+0,   1.000000E+2,   1.003095E+3,   5.158191E-3,   2.105713E-2,   1.581121E+3,   2.851428E-2,   1.340332E-1,   2.333078E+1,   1.730047E-3,   1.497396E+3,   1.524310E-3,   6.791567E+0,   7.260672E-5,   100,0,1,0
         55,2026-08-20,14:09:26.387,         49,          1,   1.340700E+2,   1.006870E+3,   4.015000E+1,   0.000000E+0,   0.000000E+0,   0.000000E+0,   0.000000E+0,   1.000000E+2,   1.003104E+3,   2.209418E-3,   1.031494E-2,   1.581057E+3,   2.336242E-2,   1.243896E-1,   2.334195E+1,   3.600268E-3,   1.497401E+3,   1.061501E-3,   6.791732E+0,   5.996830E-5,   100,0,1,0
         56,2026-08-20,14:11:26.390,         50,          1,   1.340700E+2,   1.006870E+3,   4.015000E+1,   0.000000E+0,   0.000000E+0,   0.000000E+0,   0.000000E+0,   1.000000E+2,   1.003113E+3,   3.391277E-3,   1.660156E-2,   1.580986E+3,   2.513548E-2,   1.140137E-1,   2.335584E+1,   3.153461E-3,   1.497405E+3,   1.107311E-3,   6.791917E+0,   6.448348E-5,   100,0,1,0
         57,2026-08-20,14:13:26.392,         51,          1,   1.340700E+2,   1.006870E+3,   4.015000E+1,   0.000000E+0,   0.000000E+0,   0.000000E+0,   0.000000E+0,   1.000000E+2,   1.003128E+3,   3.902405E-3,   1.611328E-2,   1.580921E+3,   2.063276E-2,   8.959961E-2,   2.336595E+1,   2.112702E-3,   1.497411E+3,   1.410080E-3,   6.792085E+0,   5.283386E-5,   100,0,1,0
         58,2026-08-20,14:15:26.394,         52,          1,   1.340700E+2,   1.006870E+3,   4.015000E+1,   0.000000E+0,   0.000000E+0,   0.000000E+0,   0.000000E+0,   1.000000E+2,   1.003137E+3,   3.677064E-3,   1.739502E-2,   1.580852E+3,   2.621797E-2,   1.219482E-1,   2.337380E+1,   1.850127E-3,   1.497415E+3,   1.060560E-3,   6.792264E+0,   6.713006E-5,   100,0,1,0
         59,2026-08-20,14:17:26.397,         53,          1,   1.340700E+2,   1.006870E+3,   4.015000E+1,   0.000000E+0,   0.000000E+0,   0.000000E+0,   0.000000E+0,   1.000000E+2,   1.003145E+3,   3.539908E-3,   1.312256E-2,   1.580789E+3,   2.448124E-2,   1.265869E-1,   2.338000E+1,   2.121711E-3,   1.497418E+3,   1.164725E-3,   6.792425E+0,   6.270689E-5,   100,0,1,0
         60,2026-08-20,14:19:26.399,         54,          1,   1.340700E+2,   1.006870E+3,   4.015000E+1,   0.000000E+0,   0.000000E+0,   0.000000E+0,   0.000000E+0,   1.000000E+2,   1.003158E+3,   4.183697E-3,   1.763916E-2,   1.580714E+3,   2.220598E-2,   9.008789E-2,   2.338480E+1,   1.020798E-3,   1.497422E+3,   1.179184E-3,   6.792617E+0,   5.671531E-5,   100,0,1,0
         61,2026-08-20,14:21:26.401,         55,          1,   1.340700E+2,   1.006870E+3,   4.015000E+1,   0.000000E+0,   0.000000E+0,   0.000000E+0,   0.000000E+0,   1.000000E+2,   1.003166E+3,   2.628236E-3,   1.330566E-2,   1.580677E+3,   1.841602E-2,   9.082031E-2,   2.339023E+1,   2.132263E-3,   1.497426E+3,   1.086083E-3,   6.792713E+0,   4.708826E-5,   100,0,1,0
         62,2026-08-20,14:23:26.403,         56,          1,   1.340700E+2,   1.006870E+3,   4.015000E+1,   0.000000E+0,   0.000000E+0,   0.000000E+0,   0.000000E+0,   1.000000E+2,   1.003168E+3,   3.825114E-3,   1.550293E-2,   1.580665E+3,   2.954393E-2,   1.453857E-1,   2.340405E+1,   3.497627E-3,   1.497429E+3,   1.282443E-3,   6.792746E+0,   7.589695E-5,   100,0,1,0
         63,2026-08-20,14:25:26.405,         57,          1,   1.340700E+2,   1.006870E+3,   4.015000E+1,   0.000000E+0,   0.000000E+0,   0.000000E+0,   0.000000E+0,   1.000000E+2,   1.003174E+3,   3.332007E-3,   1.531982E-2,   1.580605E+3,   2.045918E-2,   8.850098E-2,   2.342003E+1,   4.495765E-3,   1.497434E+3,   1.417339E-3,   6.792904E+0,   5.245263E-5,   100,0,1,0
         64,2026-08-20,14:27:26.407,         58,          1,   1.340700E+2,   1.006870E+3,   4.015000E+1,   0.000000E+0,   0.000000E+0,   0.000000E+0,   0.000000E+0,   1.000000E+2,   1.003179E+3,   3.147920E-3,   1.397705E-2,   1.580579E+3,   2.279428E-2,   1.083984E-1,   2.343690E+1,   3.767290E-3,   1.497439E+3,   1.308394E-3,   6.792974E+0,   5.856340E-5,   100,0,1,0
         65,2026-08-20,14:29:26.409,         59,          1,   1.340700E+2,   1.006870E+3,   4.015000E+1,   0.000000E+0,   0.000000E+0,   0.000000E+0,   0.000000E+0,   1.000000E+2,   1.003185E+3,   3.087524E-3,   1.269531E-2,   1.580549E+3,   2.080478E-2,   8.886719E-2,   2.345317E+1,   4.714188E-3,   1.497443E+3,   1.513805E-3,   6.793056E+0,   5.350704E-5,   100,0,1,0
         66,2026-08-21,07:04:25.639,          1,          1,   1.340700E+2,   1.006870E+3,   4.015000E+1,   0.000000E+0,   0.000000E+0,   0.000000E+0,   0.000000E+0,   1.000000E+2,   9.960532E+2,   1.570009E-3,   5.676270E-3,   1.579625E+3,   6.155363E-3,   2.172852E-2,   2.072178E+1,   4.237600E-3,   1.495168E+3,   1.827105E-4,   6.794672E+0,   1.452587E-5,   100,1,1,1
         67,2026-08-21,07:06:25.641,          2,          1,   1.340700E+2,   1.006870E+3,   4.015000E+1,   0.000000E+0,   0.000000E+0,   0.000000E+0,   0.000000E+0,   1.000000E+2,   9.960465E+2,   2.027042E-3,   7.202148E-3,   1.579646E+3,   6.021937E-3,   2.038574E-2,   2.073975E+1,   5.192646E-3,   1.495169E+3,   1.922522E-4,   6.794621E+0,   1.398780E-5,   100,1,1,1
         68,2026-08-21,07:08:25.643,          3,          1,   1.340700E+2,   1.006870E+3,   4.015000E+1,   0.000000E+0,   0.000000E+0,   0.000000E+0,   0.000000E+0,   1.000000E+2,   1.002349E+3,   4.570183E+0,   1.356830E+1,   1.573985E+3,   3.914250E+0,   8.701416E+0,   2.070242E+1,   7.599917E-2,   1.496655E+3,   1.082121E+0,   6.809115E+0,   1.001916E-2,   100,0,1,0
         69,2026-08-21,07:10:25.645,          4,          1,   1.340700E+2,   1.006870E+3,   4.015000E+1,   0.000000E+0,   0.000000E+0,   0.000000E+0,   0.000000E+0,   1.000000E+2,   1.005329E+3,   5.801655E-3,   2.600098E-2,   1.571326E+3,   2.506505E-2,   1.026611E-1,   2.056777E+1,   4.932864E-3,   1.497355E+3,   4.389394E-3,   6.815890E+0,   6.467258E-5,   100,0,1,0
         70,2026-08-21,07:12:25.647,          5,          1,   1.340700E+2,   1.006870E+3,   4.015000E+1,   0.000000E+0,   0.000000E+0,   0.000000E+0,   0.000000E+0,   1.000000E+2,   1.005328E+3,   3.803277E-3,   1.898193E-2,   1.571367E+3,   1.706049E-2,   7.775879E-2,   2.061626E+1,   1.685215E-2,   1.497371E+3,   4.498641E-3,   6.815798E+0,   4.045376E-5,   100,0,1,0
         71,2026-08-21,07:14:25.649,          6,          1,   1.340700E+2,   1.006870E+3,   4.015000E+1,   0.000000E+0,   0.000000E+0,   0.000000E+0,   0.000000E+0,   1.000000E+2,   1.005336E+3,   4.211869E-3,   1.715088E-2,   1.571401E+3,   1.297659E-2,   7.397461E-2,   2.067670E+1,   1.287225E-2,   1.497387E+3,   3.176378E-3,   6.815725E+0,   3.297093E-5,   100,0,1,0
         72,2026-08-21,07:16:25.651,          7,          1,   1.340700E+2,   1.006870E+3,   4.015000E+1,   0.000000E+0,   0.000000E+0,   0.000000E+0,   0.000000E+0,   1.000000E+2,   1.005339E+3,   4.605417E-3,   2.069092E-2,   1.571397E+3,   1.073068E-2,   4.956055E-2,   2.071848E+1,   8.802224E-3,   1.497396E+3,   1.710243E-3,   6.815747E+0,   2.769700E-5,   100,0,1,0
         73,2026-08-21,07:18:25.653,          8,          1,   1.340700E+2,   1.006870E+3,   4.015000E+1,   0.000000E+0,   0.000000E+0,   0.000000E+0,   0.000000E+0,   1.000000E+2,   1.005341E+3,   4.554870E-3,   1.934814E-2,   1.571431E+3,   1.094804E-2,   5.517578E-2,   2.075923E+1,   9.762357E-3,   1.497405E+3,   2.548103E-3,   6.815672E+0,   2.647053E-5,   100,0,1,0
         74,2026-08-21,07:20:25.655,          9,          1,   1.340700E+2,   1.006870E+3,   4.015000E+1,   0.000000E+0,   0.000000E+0,   0.000000E+0,   0.000000E+0,   1.000000E+2,   1.005335E+3,   5.223549E-3,   2.081299E-2,   1.571463E+3,   1.393531E-2,   6.640625E-2,   2.080225E+1,   1.129299E-2,   1.497413E+3,   1.907393E-3,   6.815600E+0,   3.371491E-5,   100,0,1,0
         75,2026-08-21,07:22:25.657,         10,          1,   1.340700E+2,   1.006870E+3,   4.015000E+1,   0.000000E+0,   0.000000E+0,   0.000000E+0,   0.000000E+0,   1.000000E+2,   1.005325E+3,   4.761823E-3,   2.056885E-2,   1.571510E+3,   1.333539E-2,   7.006836E-2,   2.085095E+1,   1.169223E-2,   1.497421E+3,   2.058693E-3,   6.815491E+0,   3.242695E-5,   100,0,1,0
         76,2026-08-21,07:24:25.659,         11,          1,   1.340700E+2,   1.006870E+3,   4.015000E+1,   0.000000E+0,   0.000000E+0,   0.000000E+0,   0.000000E+0,   1.000000E+2,   1.005318E+3,   3.547982E-3,   1.538086E-2,   1.571555E+3,   1.646668E-2,   8.508301E-2,   2.090071E+1,   1.306932E-2,   1.497431E+3,   2.590809E-3,   6.815391E+0,   3.954066E-5,   100,0,1,0
         77,2026-08-21,07:26:25.661,         12,          1,   1.340700E+2,   1.006870E+3,   4.015000E+1,   0.000000E+0,   0.000000E+0,   0.000000E+0,   0.000000E+0,   1.000000E+2,   1.005310E+3,   3.297484E-3,   1.367188E-2,   1.571592E+3,   8.390346E-3,   4.187012E-2,   2.094906E+1,   9.311819E-3,   1.497438E+3,   1.606756E-3,   6.815308E+0,   2.145144E-5,   100,0,1,0
         78,2026-08-21,07:28:25.663,         13,          1,   1.340700E+2,   1.006870E+3,   4.015000E+1,   0.000000E+0,   0.000000E+0,   0.000000E+0,   0.000000E+0,   1.000000E+2,   1.005308E+3,   3.771991E-3,   1.605225E-2,   1.571597E+3,   9.779059E-3,   4.882812E-2,   2.097953E+1,   6.199677E-3,   1.497443E+3,   1.285034E-3,   6.815304E+0,   2.489039E-5,   100,0,1,0
         79,2026-08-21,07:30:25.665,         14,          1,   1.340700E+2,   1.006870E+3,   4.015000E+1,   0.000000E+0,   0.000000E+0,   0.000000E+0,   0.000000E+0,   1.000000E+2,   1.005306E+3,   2.721258E-3,   1.196289E-2,   1.571601E+3,   9.854506E-3,   5.236816E-2,   2.100363E+1,   6.242067E-3,   1.497448E+3,   1.536525E-3,   6.815300E+0,   2.499852E-5,   100,0,1,0
         80,2026-08-21,07:32:25.667,         15,          1,   1.340700E+2,   1.006870E+3,   4.015000E+1,   0.000000E+0,   0.000000E+0,   0.000000E+0,   0.000000E+0,   1.000000E+2,   1.005306E+3,   4.171513E-3,   1.690674E-2,   1.571621E+3,   1.166919E-2,   4.968262E-2,   2.103298E+1,   8.053857E-3,   1.497454E+3,   1.481018E-3,   6.815257E+0,   2.848077E-5,   100,0,1,0
         81,2026-08-21,08:20:29.998,         16,          1,   1.340700E+2,   1.006870E+3,   4.015000E+1,   0.000000E+0,   0.000000E+0,   0.000000E+0,   0.000000E+0,   1.000000E+2,   9.941438E+2,   4.268811E-3,   1.623535E-2,   1.507288E+3,   2.264616E-2,   7.214355E-2,   2.296141E+1,   1.446248E-2,   1.495166E+3,   1.629905E-3,   6.988472E+0,   6.003990E-5,   100,0,1,0
         82,2026-08-21,08:22:30.001,         17,          1,   1.340700E+2,   1.006870E+3,   4.015000E+1,   0.000000E+0,   0.000000E+0,   0.000000E+0,   0.000000E+0,   1.000000E+2,   9.941528E+2,   3.559676E-3,   1.367188E-2,   1.507244E+3,   1.321132E-2,   4.553223E-2,   2.293973E+1,   6.049731E-3,   1.495163E+3,   7.948795E-4,   6.988588E+0,   3.629760E-5,   100,0,0,0
         83,2026-08-21,08:24:30.003,         18,          1,   1.340700E+2,   1.006870E+3,   4.015000E+1,   0.000000E+0,   0.000000E+0,   0.000000E+0,   0.000000E+0,   1.000000E+2,   9.941528E+2,   3.559676E-3,   1.367188E-2,   1.507244E+3,   1.321132E-2,   4.553223E-2,   2.293973E+1,   6.049731E-3,   1.495163E+3,   7.948795E-4,   6.988588E+0,   3.629760E-5,   100,0,0,0
         84,2026-08-21,08:26:30.004,         19,          1,   1.340700E+2,   1.006870E+3,   4.015000E+1,   0.000000E+0,   0.000000E+0,   0.000000E+0,   0.000000E+0,   1.000000E+2,   9.967097E+2,   1.371500E+0,   3.366943E+0,   1.493799E+3,   7.171165E+0,   1.769653E+1,   2.257611E+1,   2.017008E-1,   1.495703E+3,   2.908141E-1,   7.026560E+0,   2.025296E-2,   100,0,1,0
         85,2026-08-21,08:28:30.007,         20,          1,   1.340700E+2,   1.006870E+3,   4.015000E+1,   0.000000E+0,   0.000000E+0,   0.000000E+0,   0.000000E+0,   1.000000E+2,   9.974651E+2,   2.148630E-3,   9.643555E-3,   1.490022E+3,   4.026449E-3,   2.148438E-2,   2.239554E+1,   3.674890E-3,   1.495854E+3,   3.835088E-4,   7.037204E+0,   1.094184E-5,   100,1,1,1
         86,2026-08-21,08:31:16.201,         21,          2,   0.000000E+0,   1.000000E+2,   0.000000E+0,   0.000000E+0,   0.000000E+0,   0.000000E+0,   0.000000E+0,   1.000000E+2,   9.974703E+2,   7.653681E-4,   3.540039E-3,   1.490002E+3,   4.800868E-3,   2.294922E-2,   2.238017E+1,   3.119917E-3,   1.495851E+3,   4.256596E-4,   7.037256E+0,   1.327452E-5,   100,1,1,1
         87,2026-08-21,09:35:18.227,         22,          3,   9.050000E+1,   9.093000E+2,   0.000000E+0,   0.000000E+0,   0.000000E+0,   0.000000E+0,   0.000000E+0,   1.000000E+2,   1.004825E+3,   9.654460E-3,   3.692627E-2,   1.542249E+3,   4.472328E-2,   1.865234E-1,   2.303746E+1,   5.983352E-3,   1.497754E+3,   9.524195E-4,   6.892856E+0,   1.180896E-4,   100,0,1,0
         88,2026-08-21,09:37:18.230,         23,          3,   9.050000E+1,   9.093000E+2,   0.000000E+0,   0.000000E+0,   0.000000E+0,   0.000000E+0,   0.000000E+0,   1.000000E+2,   1.004849E+3,   5.016189E-3,   1.696777E-2,   1.542107E+3,   3.962072E-2,   1.787109E-1,   2.301571E+1,   5.516862E-3,   1.497755E+3,   4.018463E-4,   6.893231E+0,   1.046074E-4,   100,0,1,0
         89,2026-08-21,09:39:18.232,         24,          3,   9.050000E+1,   9.093000E+2,   0.000000E+0,   0.000000E+0,   0.000000E+0,   0.000000E+0,   0.000000E+0,   1.000000E+2,   1.004877E+3,   1.009229E-2,   3.454590E-2,   1.541944E+3,   5.414213E-2,   2.143555E-1,   2.298473E+1,   1.242856E-2,   1.497754E+3,   9.254171E-4,   6.893659E+0,   1.416167E-4,   100,0,1,0
         90,2026-08-21,09:41:18.234,         25,          3,   9.050000E+1,   9.093000E+2,   0.000000E+0,   0.000000E+0,   0.000000E+0,   0.000000E+0,   0.000000E+0,   1.000000E+2,   1.004915E+3,   9.593928E-3,   3.015137E-2,   1.541721E+3,   5.724676E-2,   2.277832E-1,   2.292246E+1,   1.789627E-2,   1.497749E+3,   1.646254E-3,   6.894238E+0,   1.485698E-4,   100,0,1,0
         91,2026-08-21,09:43:18.236,         26,          3,   9.050000E+1,   9.093000E+2,   0.000000E+0,   0.000000E+0,   0.000000E+0,   0.000000E+0,   0.000000E+0,   1.000000E+2,   1.004942E+3,   5.729487E-3,   2.191162E-2,   1.541556E+3,   3.550616E-2,   1.622314E-1,   2.287024E+1,   1.052880E-2,   1.497745E+3,   8.337185E-4,   6.894664E+0,   9.243513E-5,   100,0,1,0
         92,2026-08-21,09:45:18.238,         27,          3,   9.050000E+1,   9.093000E+2,   0.000000E+0,   0.000000E+0,   0.000000E+0,   0.000000E+0,   0.000000E+0,   1.000000E+2,   1.004962E+3,   4.276433E-3,   1.800537E-2,   1.541441E+3,   2.920001E-2,   1.343994E-1,   2.283823E+1,   5.514212E-3,   1.497744E+3,   2.025274E-4,   6.894963E+0,   7.681270E-5,   100,0,1,0
         93,2026-08-21,09:47:18.240,         28,          3,   9.050000E+1,   9.093000E+2,   0.000000E+0,   0.000000E+0,   0.000000E+0,   0.000000E+0,   0.000000E+0,   1.000000E+2,   1.004976E+3,   3.633458E-3,   1.135254E-2,   1.541354E+3,   2.373830E-2,   1.071777E-1,   2.282100E+1,   3.436239E-3,   1.497744E+3,   3.818233E-4,   6.895192E+0,   6.276666E-5,   100,0,1,0
         94,2026-08-21,09:49:18.242,         29,          3,   9.050000E+1,   9.093000E+2,   0.000000E+0,   0.000000E+0,   0.000000E+0,   0.000000E+0,   0.000000E+0,   1.000000E+2,   1.004994E+3,   5.740904E-3,   1.892090E-2,   1.541248E+3,   3.594041E-2,   1.450195E-1,   2.280038E+1,   8.786435E-3,   1.497743E+3,   7.952013E-4,   6.895471E+0,   9.401724E-5,   100,0,1,0
         95,2026-08-21,09:51:18.244,         30,          3,   9.050000E+1,   9.093000E+2,   0.000000E+0,   0.000000E+0,   0.000000E+0,   0.000000E+0,   0.000000E+0,   1.000000E+2,   1.005018E+3,   5.696333E-3,   1.910400E-2,   1.541097E+3,   3.832928E-2,   1.510010E-1,   2.275437E+1,   1.299034E-2,   1.497739E+3,   1.383548E-3,   6.895862E+0,   9.936278E-5,   100,0,1,0
         96,2026-08-21,09:53:18.246,         31,          3,   9.050000E+1,   9.093000E+2,   0.000000E+0,   0.000000E+0,   0.000000E+0,   0.000000E+0,   0.000000E+0,   1.000000E+2,   1.005036E+3,   3.411736E-3,   1.354980E-2,   1.540989E+3,   2.571304E-2,   1.124268E-1,   2.271111E+1,   7.560941E-3,   1.497734E+3,   5.963009E-4,   6.896141E+0,   6.698331E-5,   100,0,1,0
         97,2026-08-21,09:55:18.248,         32,          3,   9.050000E+1,   9.093000E+2,   0.000000E+0,   0.000000E+0,   0.000000E+0,   0.000000E+0,   0.000000E+0,   1.000000E+2,   1.005051E+3,   3.407008E-3,   1.330566E-2,   1.540904E+3,   2.060314E-2,   9.277344E-2,   2.268682E+1,   4.492071E-3,   1.497734E+3,   2.519652E-4,   6.896361E+0,   5.423128E-5,   100,0,1,0
         98,2026-08-21,09:57:18.250,         33,          3,   9.050000E+1,   9.093000E+2,   0.000000E+0,   0.000000E+0,   0.000000E+0,   0.000000E+0,   0.000000E+0,   1.000000E+2,   1.005063E+3,   3.733715E-3,   1.361084E-2,   1.540843E+3,   1.837182E-2,   7.446289E-2,   2.267401E+1,   2.298339E-3,   1.497734E+3,   4.445391E-4,   6.896521E+0,   4.874100E-5,   100,0,1,0
         99,2026-08-21,09:59:18.252,         34,          3,   9.050000E+1,   9.093000E+2,   0.000000E+0,   0.000000E+0,   0.000000E+0,   0.000000E+0,   0.000000E+0,   1.000000E+2,   1.005076E+3,   4.120194E-3,   1.605225E-2,   1.540762E+3,   2.954434E-2,   1.239014E-1,   2.265845E+1,   7.101177E-3,   1.497734E+3,   9.604080E-4,   6.896732E+0,   7.738303E-5,   100,0,1,0
        100,2026-08-21,10:01:18.254,         35,          3,   9.050000E+1,   9.093000E+2,   0.000000E+0,   0.000000E+0,   0.000000E+0,   0.000000E+0,   0.000000E+0,   1.000000E+2,   1.005097E+3,   4.823477E-3,   1.922607E-2,   1.540618E+3,   3.375350E-2,   1.373291E-1,   2.261537E+1,   1.114249E-2,   1.497729E+3,   1.201802E-3,   6.897107E+0,   8.754000E-5,   100,0,1,0
        101,2026-08-21,10:03:18.256,         36,          3,   9.050000E+1,   9.093000E+2,   0.000000E+0,   0.000000E+0,   0.000000E+0,   0.000000E+0,   0.000000E+0,   1.000000E+2,   1.005115E+3,   3.793034E-3,   1.257324E-2,   1.540515E+3,   1.966823E-2,   8.801270E-2,   2.257710E+1,   6.018104E-3,   1.497726E+3,   2.847885E-4,   6.897374E+0,   5.134834E-5,   100,0,1,0
        102,2026-08-21,10:05:18.258,         37,          3,   9.050000E+1,   9.093000E+2,   0.000000E+0,   0.000000E+0,   0.000000E+0,   0.000000E+0,   0.000000E+0,   1.000000E+2,   1.005127E+3,   2.738100E-3,   1.013184E-2,   1.540454E+3,   1.861523E-2,   8.459473E-2,   2.255964E+1,   2.751890E-3,   1.497726E+3,   3.335122E-4,   6.897532E+0,   4.935675E-5,   100,0,1,0
        103,2026-08-21,10:07:18.260,         38,          3,   9.050000E+1,   9.093000E+2,   0.000000E+0,   0.000000E+0,   0.000000E+0,   0.000000E+0,   0.000000E+0,   1.000000E+2,   1.005135E+3,   2.350864E-3,   1.153564E-2,   1.540412E+3,   1.347193E-2,   6.665039E-2,   2.255394E+1,   6.820905E-4,   1.497727E+3,   5.001754E-4,   6.897643E+0,   3.606391E-5,   100,0,1,0
        104,2026-08-21,11:05:46.001,         39,          3,   1.118200E+2,   9.093000E+2,   0.000000E+0,   0.000000E+0,   0.000000E+0,   0.000000E+0,   0.000000E+0,   1.000000E+2,   1.007201E+3,   8.499688E-3,   2.874756E-2,   1.550118E+3,   2.684178E-2,   1.251221E-1,   2.215142E+1,   6.562210E-3,   1.498140E+3,   3.745078E-3,   6.871685E+0,   7.241630E-5,   100,0,1,0
        105,2026-08-21,11:07:46.004,         40,          3,   1.118200E+2,   9.093000E+2,   0.000000E+0,   0.000000E+0,   0.000000E+0,   0.000000E+0,   0.000000E+0,   1.000000E+2,   1.007226E+3,   4.667997E-3,   1.776123E-2,   1.550054E+3,   2.099051E-2,   9.545898E-2,   2.216984E+1,   2.204482E-3,   1.498150E+3,   1.482584E-3,   6.871858E+0,   5.594664E-5,   100,0,1,0
        106,2026-08-21,11:09:46.005,         41,          3,   1.118200E+2,   9.093000E+2,   0.000000E+0,   0.000000E+0,   0.000000E+0,   0.000000E+0,   0.000000E+0,   1.000000E+2,   1.007244E+3,   5.011912E-3,   1.617432E-2,   1.549979E+3,   2.686486E-2,   1.311035E-1,   2.217432E+1,   1.154546E-3,   1.498155E+3,   9.107009E-4,   6.872058E+0,   7.105092E-5,   100,0,1,0
        107,2026-08-21,11:11:46.007,         42,          3,   1.118200E+2,   9.093000E+2,   0.000000E+0,   0.000000E+0,   0.000000E+0,   0.000000E+0,   0.000000E+0,   1.000000E+2,   1.007258E+3,   1.945759E-3,   7.202148E-3,   1.549919E+3,   1.705465E-2,   6.848145E-2,   2.218006E+1,   4.046079E-3,   1.498160E+3,   1.550280E-3,   6.872219E+0,   4.574356E-5,   100,1,1,1
        108,2026-08-21,11:13:46.010,         43,          3,   1.118200E+2,   9.093000E+2,   0.000000E+0,   0.000000E+0,   0.000000E+0,   0.000000E+0,   0.000000E+0,   1.000000E+2,   1.007264E+3,   8.476325E-4,   3.662109E-3,   1.549901E+3,   1.170695E-2,   6.335449E-2,   2.220174E+1,   6.423451E-3,   1.498167E+3,   1.494230E-3,   6.872272E+0,   3.155615E-5,   100,1,1,1
        109,2026-08-21,11:15:46.012,         44,          3,   1.118200E+2,   9.093000E+2,   0.000000E+0,   0.000000E+0,   0.000000E+0,   0.000000E+0,   0.000000E+0,   1.000000E+2,   1.007271E+3,   2.620968E-3,   8.911133E-3,   1.549864E+3,   1.899815E-2,   8.593750E-2,   2.221679E+1,   8.671654E-4,   1.498171E+3,   5.993512E-4,   6.872375E+0,   5.045560E-5,   100,1,1,1
        110,2026-08-21,11:17:46.014,         45,          3,   1.118200E+2,   9.093000E+2,   0.000000E+0,   0.000000E+0,   0.000000E+0,   0.000000E+0,   0.000000E+0,   1.000000E+2,   1.007282E+3,   3.547078E-3,   1.257324E-2,   1.549790E+3,   2.546176E-2,   1.049805E-1,   2.221436E+1,   2.749022E-3,   1.498172E+3,   2.955951E-4,   6.872570E+0,   6.676916E-5,   100,0,1,0
        111,2026-08-21,11:19:46.016,         46,          3,   1.118200E+2,   9.093000E+2,   0.000000E+0,   0.000000E+0,   0.000000E+0,   0.000000E+0,   0.000000E+0,   1.000000E+2,   1.007292E+3,   1.831068E-3,   7.446289E-3,   1.549726E+3,   1.420558E-2,   6.835937E-2,   2.220855E+1,   1.443972E-3,   1.498174E+3,   9.807581E-4,   6.872737E+0,   3.780618E-5,   100,1,1,1
        112,2026-08-21,11:21:46.018,         47,          3,   1.118200E+2,   9.093000E+2,   0.000000E+0,   0.000000E+0,   0.000000E+0,   0.000000E+0,   0.000000E+0,   1.000000E+2,   1.007297E+3,   9.323555E-4,   4.333496E-3,   1.549705E+3,   1.153050E-2,   5.236816E-2,   2.222034E+1,   4.595897E-3,   1.498179E+3,   1.166527E-3,   6.872797E+0,   3.104092E-5,   100,1,1,1
        113,2026-08-21,11:23:46.020,         48,          3,   1.118200E+2,   9.093000E+2,   0.000000E+0,   0.000000E+0,   0.000000E+0,   0.000000E+0,   0.000000E+0,   1.000000E+2,   1.007303E+3,   2.410250E-3,   9.338379E-3,   1.549664E+3,   1.871101E-2,   7.727051E-2,   2.223066E+1,   8.618447E-4,   1.498182E+3,   3.274824E-4,   6.872909E+0,   4.952858E-5,   100,1,1,1
        114,2026-08-21,11:25:46.021,         49,          3,   1.118200E+2,   9.093000E+2,   0.000000E+0,   0.000000E+0,   0.000000E+0,   0.000000E+0,   0.000000E+0,   1.000000E+2,   1.007313E+3,   2.003473E-3,   8.361816E-3,   1.549603E+3,   1.608135E-2,   8.349609E-2,   2.222548E+1,   8.969830E-4,   1.498183E+3,   5.127540E-4,   6.873067E+0,   4.244728E-5,   100,1,1,1
        115,2026-08-21,11:27:46.024,         50,          3,   1.118200E+2,   9.093000E+2,   0.000000E+0,   0.000000E+0,   0.000000E+0,   0.000000E+0,   0.000000E+0,   1.000000E+2,   1.007319E+3,   9.509423E-4,   4.638672E-3,   1.549575E+3,   9.783585E-3,   5.371094E-2,   2.223057E+1,   3.088570E-3,   1.498186E+3,   1.029314E-3,   6.873144E+0,   2.627949E-5,   100,1,1,1
        116,2026-08-21,11:29:46.026,         51,          3,   1.118200E+2,   9.093000E+2,   0.000000E+0,   0.000000E+0,   0.000000E+0,   0.000000E+0,   0.000000E+0,   1.000000E+2,   1.007322E+3,   6.359206E-4,   3.173828E-3,   1.549566E+3,   8.845149E-3,   3.967285E-2,   2.224629E+1,   5.105913E-3,   1.498190E+3,   1.298690E-3,   6.873173E+0,   2.296626E-5,   100,1,1,1
        117,2026-08-21,11:31:46.027,         52,          3,   1.118200E+2,   9.093000E+2,   0.000000E+0,   0.000000E+0,   0.000000E+0,   0.000000E+0,   0.000000E+0,   1.000000E+2,   1.007324E+3,   1.189352E-3,   6.103516E-3,   1.549557E+3,   9.893992E-3,   4.589844E-2,   2.226478E+1,   3.209091E-3,   1.498194E+3,   7.670568E-4,   6.873202E+0,   2.679191E-5,   100,1,1,1
        118,2026-08-21,11:33:46.030,         53,          3,   1.118200E+2,   9.093000E+2,   0.000000E+0,   0.000000E+0,   0.000000E+0,   0.000000E+0,   0.000000E+0,   1.000000E+2,   1.007330E+3,   1.810388E-3,   7.202148E-3,   1.549520E+3,   1.355285E-2,   6.555176E-2,   2.227102E+1,   7.292750E-4,   1.498197E+3,   4.692997E-4,   6.873302E+0,   3.597971E-5,   100,1,1,1
        119,2026-08-21,11:35:46.031,         54,          3,   1.118200E+2,   9.093000E+2,   0.000000E+0,   0.000000E+0,   0.000000E+0,   0.000000E+0,   0.000000E+0,   1.000000E+2,   1.007341E+3,   3.122292E-3,   1.202393E-2,   1.549443E+3,   1.866777E-2,   7.788086E-2,   2.225926E+1,   4.507970E-3,   1.498196E+3,   4.525657E-4,   6.873501E+0,   4.835844E-5,   100,0,1,0
        120,2026-08-21,11:37:46.033,         55,          3,   1.118200E+2,   9.093000E+2,   0.000000E+0,   0.000000E+0,   0.000000E+0,   0.000000E+0,   0.000000E+0,   1.000000E+2,   1.007348E+3,   9.820411E-4,   4.577637E-3,   1.549418E+3,   8.749021E-3,   4.846191E-2,   2.225797E+1,   2.745130E-3,   1.498198E+3,   1.013535E-3,   6.873569E+0,   2.333496E-5,   100,1,1,1
        121,2026-08-21,11:50:07.275,         56,          3,   1.118200E+2,   1.126730E+3,   0.000000E+0,   0.000000E+0,   0.000000E+0,   0.000000E+0,   0.000000E+0,   1.000000E+2,   1.005509E+3,   3.952621E-3,   1.379395E-2,   1.538678E+3,   1.420867E-2,   6.323242E-2,   2.224277E+1,   8.930723E-3,   1.497752E+3,   9.544284E-4,   6.902210E+0,   3.738678E-5,   100,0,1,0
        122,2026-08-21,11:52:07.277,         57,          3,   1.118200E+2,   1.126730E+3,   0.000000E+0,   0.000000E+0,   0.000000E+0,   0.000000E+0,   0.000000E+0,   1.000000E+2,   1.005520E+3,   1.589973E-3,   6.713867E-3,   1.538682E+3,   1.378537E-2,   7.458496E-2,   2.224244E+1,   3.231619E-3,   1.497757E+3,   1.209928E-3,   6.902200E+0,   3.654782E-5,   100,1,1,1
        123,2026-08-21,11:54:07.279,         58,          3,   1.118200E+2,   1.126730E+3,   0.000000E+0,   0.000000E+0,   0.000000E+0,   0.000000E+0,   0.000000E+0,   1.000000E+2,   1.005525E+3,   1.249963E-3,   6.042480E-3,   1.538673E+3,   1.248271E-2,   6.164551E-2,   2.225328E+1,   2.214938E-3,   1.497760E+3,   6.007822E-4,   6.902225E+0,   3.367032E-5,   100,1,1,1
        124,2026-08-21,11:56:07.281,         59,          3,   1.118200E+2,   1.126730E+3,   0.000000E+0,   0.000000E+0,   0.000000E+0,   0.000000E+0,   0.000000E+0,   1.000000E+2,   1.005527E+3,   5.959686E-4,   2.685547E-3,   1.538676E+3,   1.351688E-2,   6.640625E-2,   2.226413E+1,   4.040003E-3,   1.497763E+3,   9.113923E-4,   6.902220E+0,   3.593700E-5,   100,1,1,1
        125,2026-08-21,11:58:07.283,         60,          3,   1.118200E+2,   1.126730E+3,   0.000000E+0,   0.000000E+0,   0.000000E+0,   0.000000E+0,   0.000000E+0,   1.000000E+2,   1.005527E+3,   7.172660E-4,   3.173828E-3,   1.538705E+3,   1.429893E-2,   7.604980E-2,   2.228354E+1,   5.982817E-3,   1.497767E+3,   1.171027E-3,   6.902148E+0,   3.757009E-5,   100,1,1,1
        126,2026-08-21,12:00:07.285,         61,          3,   1.118200E+2,   1.126730E+3,   0.000000E+0,   0.000000E+0,   0.000000E+0,   0.000000E+0,   0.000000E+0,   1.000000E+2,   1.005526E+3,   9.726001E-4,   4.638672E-3,   1.538719E+3,   1.491263E-2,   7.104492E-2,   2.230175E+1,   2.227603E-3,   1.497770E+3,   3.094005E-4,   6.902115E+0,   4.025316E-5,   100,1,1,1
        127,2026-08-21,12:02:07.287,         62,          3,   1.118200E+2,   1.126730E+3,   0.000000E+0,   0.000000E+0,   0.000000E+0,   0.000000E+0,   0.000000E+0,   1.000000E+2,   1.005531E+3,   1.638052E-3,   6.103516E-3,   1.538693E+3,   1.313226E-2,   5.639648E-2,   2.230183E+1,   1.312535E-3,   1.497771E+3,   2.170212E-4,   6.902187E+0,   3.517875E-5,   100,1,1,1
        128,2026-08-21,12:04:07.289,         63,          3,   1.118200E+2,   1.126730E+3,   0.000000E+0,   0.000000E+0,   0.000000E+0,   0.000000E+0,   0.000000E+0,   1.000000E+2,   1.005533E+3,   6.492182E-4,   3.112793E-3,   1.538694E+3,   1.002952E-2,   6.335449E-2,   2.230616E+1,   3.103910E-3,   1.497773E+3,   7.495368E-4,   6.902183E+0,   2.683043E-5,   100,1,1,1
        129,2026-08-21,12:06:07.291,         64,          3,   1.118200E+2,   1.126730E+3,   0.000000E+0,   0.000000E+0,   0.000000E+0,   0.000000E+0,   0.000000E+0,   1.000000E+2,   1.005532E+3,   7.675263E-4,   3.601074E-3,   1.538709E+3,   1.275108E-2,   6.127930E-2,   2.232215E+1,   4.509008E-3,   1.497776E+3,   9.008342E-4,   6.902149E+0,   3.365319E-5,   100,1,1,1
        130,2026-08-21,12:08:07.293,         65,          3,   1.118200E+2,   1.126730E+3,   0.000000E+0,   0.000000E+0,   0.000000E+0,   0.000000E+0,   0.000000E+0,   1.000000E+2,   1.005532E+3,   1.064850E-3,   4.028320E-3,   1.538713E+3,   1.350093E-2,   6.250000E-2,   2.233696E+1,   1.791943E-3,   1.497779E+3,   3.675566E-4,   6.902142E+0,   3.636668E-5,   100,1,1,1
        131,2026-08-21,12:10:07.295,         66,          3,   1.118200E+2,   1.126730E+3,   0.000000E+0,   0.000000E+0,   0.000000E+0,   0.000000E+0,   0.000000E+0,   1.000000E+2,   1.005537E+3,   1.107710E-3,   5.310059E-3,   1.538686E+3,   1.077992E-2,   6.323242E-2,   2.233641E+1,   1.026353E-3,   1.497779E+3,   3.549381E-4,   6.902214E+0,   2.889271E-5,   100,1,1,1
        132,2026-08-21,12:23:55.698,         67,          3,   1.118200E+2,   1.126730E+3,   0.000000E+0,   2.460000E+1,   0.000000E+0,   0.000000E+0,   0.000000E+0,   1.000000E+2,   1.006885E+3,   2.792635E-3,   1.086426E-2,   1.550489E+3,   1.277248E-2,   5.810547E-2,   2.270935E+1,   2.799913E-3,   1.498183E+3,   4.738559E-4,   6.870854E+0,   3.358477E-5,   100,0,1,0
        133,2026-08-21,12:25:55.700,         68,          3,   1.118200E+2,   1.126730E+3,   0.000000E+0,   2.460000E+1,   0.000000E+0,   0.000000E+0,   0.000000E+0,   1.000000E+2,   1.006898E+3,   3.804355E-3,   1.525879E-2,   1.550434E+3,   2.293235E-2,   9.265137E-2,   2.269895E+1,   5.885815E-3,   1.498183E+3,   9.385633E-4,   6.870998E+0,   5.933484E-5,   100,0,1,0
        134,2026-08-21,12:27:55.702,         69,          3,   1.118200E+2,   1.126730E+3,   0.000000E+0,   2.460000E+1,   0.000000E+0,   0.000000E+0,   0.000000E+0,   1.000000E+2,   1.006915E+3,   5.093287E-3,   2.038574E-2,   1.550340E+3,   2.352681E-2,   9.606934E-2,   2.266914E+1,   7.088593E-3,   1.498179E+3,   6.738661E-4,   6.871239E+0,   6.059124E-5,   100,0,1,0
        135,2026-08-21,12:29:55.704,         70,          3,   1.118200E+2,   1.126730E+3,   0.000000E+0,   2.460000E+1,   0.000000E+0,   0.000000E+0,   0.000000E+0,   1.000000E+2,   1.006927E+3,   1.710357E-3,   6.530762E-3,   1.550293E+3,   1.228119E-2,   6.835937E-2,   2.265433E+1,   1.684813E-3,   1.498179E+3,   2.289848E-4,   6.871359E+0,   3.219413E-5,   100,1,1,1
        136,2026-08-21,12:31:55.707,         71,          3,   1.118200E+2,   1.126730E+3,   0.000000E+0,   2.460000E+1,   0.000000E+0,   0.000000E+0,   0.000000E+0,   1.000000E+2,   1.006933E+3,   2.131416E-3,   9.521484E-3,   1.550268E+3,   1.433383E-2,   5.187988E-2,   2.264925E+1,   1.351045E-3,   1.498180E+3,   5.160138E-4,   6.871424E+0,   3.776592E-5,   100,1,1,1
        137,2026-08-21,12:33:55.709,         72,          3,   1.118200E+2,   1.126730E+3,   0.000000E+0,   2.460000E+1,   0.000000E+0,   0.000000E+0,   0.000000E+0,   1.000000E+2,   1.006944E+3,   4.072050E-3,   1.617432E-2,   1.550212E+3,   1.888598E-2,   8.337402E-2,   2.263753E+1,   5.440135E-3,   1.498179E+3,   6.053198E-4,   6.871567E+0,   4.872881E-5,   100,0,1,0
        138,2026-08-21,12:35:55.711,         73,          3,   1.118200E+2,   1.126730E+3,   0.000000E+0,   2.460000E+1,   0.000000E+0,   0.000000E+0,   0.000000E+0,   1.000000E+2,   1.006956E+3,   3.680891E-3,   1.470947E-2,   1.550171E+3,   1.910650E-2,   9.484863E-2,   2.262075E+1,   3.666479E-3,   1.498178E+3,   4.242783E-4,   6.871671E+0,   5.007750E-5,   100,0,1,0
        139,2026-08-21,12:37:55.713,         74,          3,   1.118200E+2,   1.126730E+3,   0.000000E+0,   2.460000E+1,   0.000000E+0,   0.000000E+0,   0.000000E+0,   1.000000E+2,   1.006969E+3,   3.979726E-3,   1.409912E-2,   1.550093E+3,   1.584499E-2,   7.763672E-2,   2.259386E+1,   6.840028E-3,   1.498176E+3,   5.624969E-4,   6.871872E+0,   4.099772E-5,   100,0,1,0
        140,2026-08-21,12:39:55.715,         75,          3,   1.118200E+2,   1.126730E+3,   0.000000E+0,   2.460000E+1,   0.000000E+0,   0.000000E+0,   0.000000E+0,   1.000000E+2,   1.006976E+3,   1.813318E-3,   8.239746E-3,   1.550070E+3,   1.124392E-2,   5.249023E-2,   2.259170E+1,   1.210053E-3,   1.498177E+3,   5.983974E-4,   6.871932E+0,   2.967821E-5,   100,1,1,1
        141,2026-08-21,12:41:55.717,         76,          3,   1.118200E+2,   1.126730E+3,   0.000000E+0,   2.460000E+1,   0.000000E+0,   0.000000E+0,   0.000000E+0,   1.000000E+2,   1.006979E+3,   2.365884E-3,   1.232910E-2,   1.550107E+3,   2.115677E-2,   9.606934E-2,   2.259566E+1,   1.540057E-3,   1.498179E+3,   5.528888E-4,   6.871836E+0,   5.619507E-5,   100,0,1,0
        142,2026-08-21,12:43:55.719,         77,          3,   1.118200E+2,   1.126730E+3,   0.000000E+0,   2.460000E+1,   0.000000E+0,   0.000000E+0,   0.000000E+0,   1.000000E+2,   1.006955E+3,   1.121807E-1,   5.703125E-1,   1.550044E+3,   2.385793E-2,   1.103516E-1,   2.257772E+1,   9.616171E-3,   1.498168E+3,   2.748853E-2,   6.871995E+0,   6.099964E-5,   100,0,1,0
        143,2026-08-21,12:57:07.473,         78,          3,   1.118200E+2,   1.126730E+3,   2.008000E+1,   2.460000E+1,   0.000000E+0,   0.000000E+0,   0.000000E+0,   1.000000E+2,   1.004172E+3,   1.222185E-2,   4.437256E-2,   1.563705E+3,   3.809045E-2,   1.635742E-1,   2.296848E+1,   9.297537E-4,   1.497583E+3,   2.642595E-3,   6.836262E+0,   9.893507E-5,   100,0,1,0
        144,2026-08-21,12:59:07.475,         79,          3,   1.118200E+2,   1.126730E+3,   2.008000E+1,   2.460000E+1,   0.000000E+0,   0.000000E+0,   0.000000E+0,   1.000000E+2,   1.004219E+3,   1.162727E-2,   4.089355E-2,   1.563572E+3,   3.938884E-2,   1.640625E-1,   2.295503E+1,   5.397672E-3,   1.497590E+3,   1.481232E-3,   6.836605E+0,   1.010679E-4,   100,0,1,0
        145,2026-08-21,13:01:07.477,         80,          3,   1.118200E+2,   1.126730E+3,   2.008000E+1,   2.460000E+1,   0.000000E+0,   0.000000E+0,   0.000000E+0,   1.000000E+2,   1.004271E+3,   1.457295E-2,   5.474854E-2,   1.563416E+3,   4.413768E-2,   2.025146E-1,   2.291854E+1,   1.233655E-2,   1.497594E+3,   1.169535E-3,   6.837001E+0,   1.117890E-4,   100,0,1,0
        146,2026-08-21,13:03:07.479,         81,          3,   1.118200E+2,   1.126730E+3,   2.008000E+1,   2.460000E+1,   0.000000E+0,   0.000000E+0,   0.000000E+0,   1.000000E+2,   1.004312E+3,   8.453555E-3,   3.643799E-2,   1.563316E+3,   2.440073E-2,   1.411133E-1,   2.288729E+1,   3.060919E-3,   1.497598E+3,   1.764200E-3,   6.837254E+0,   6.290166E-5,   100,0,1,0
        147,2026-08-21,13:05:07.481,         82,          3,   1.118200E+2,   1.126730E+3,   2.008000E+1,   2.460000E+1,   0.000000E+0,   0.000000E+0,   0.000000E+0,   1.000000E+2,   1.004340E+3,   6.735558E-3,   2.886963E-2,   1.563255E+3,   1.928806E-2,   9.594727E-2,   2.287972E+1,   1.868704E-3,   1.497603E+3,   1.197549E-3,   6.837409E+0,   4.984362E-5,   100,0,1,0
        148,2026-08-21,13:07:07.483,         83,          3,   1.118200E+2,   1.126730E+3,   2.008000E+1,   2.460000E+1,   0.000000E+0,   0.000000E+0,   0.000000E+0,   1.000000E+2,   1.004364E+3,   5.197046E-3,   2.673340E-2,   1.563191E+3,   1.895807E-2,   1.119385E-1,   2.286873E+1,   3.362003E-3,   1.497606E+3,   6.198837E-4,   6.837573E+0,   4.869812E-5,   100,0,1,0
        149,2026-08-21,13:09:07.485,         84,          3,   1.118200E+2,   1.126730E+3,   2.008000E+1,   2.460000E+1,   0.000000E+0,   0.000000E+0,   0.000000E+0,   1.000000E+2,   1.004386E+3,   6.466268E-3,   2.447510E-2,   1.563103E+3,   2.897578E-2,   1.072998E-1,   2.284764E+1,   8.400584E-3,   1.497606E+3,   8.516683E-4,   6.837796E+0,   7.330752E-5,   100,0,1,0
        150,2026-08-21,13:11:07.487,         85,          3,   1.118200E+2,   1.126730E+3,   2.008000E+1,   2.460000E+1,   0.000000E+0,   0.000000E+0,   0.000000E+0,   1.000000E+2,   1.004406E+3,   3.416182E-3,   1.177979E-2,   1.563035E+3,   1.598143E-2,   7.788086E-2,   2.281972E+1,   3.616242E-3,   1.497606E+3,   5.083910E-4,   6.837966E+0,   4.094301E-5,   100,0,1,0
        151,2026-08-21,13:13:07.489,         86,          3,   1.118200E+2,   1.126730E+3,   2.008000E+1,   2.460000E+1,   0.000000E+0,   0.000000E+0,   0.000000E+0,   1.000000E+2,   1.004417E+3,   2.510926E-3,   1.129150E-2,   1.562992E+3,   1.461371E-2,   7.800293E-2,   2.281298E+1,   1.014336E-3,   1.497608E+3,   5.056718E-4,   6.838074E+0,   3.789077E-5,   100,0,1,0
        152,2026-08-21,13:15:07.491,         87,          3,   1.118200E+2,   1.126730E+3,   2.008000E+1,   2.460000E+1,   0.000000E+0,   0.000000E+0,   0.000000E+0,   1.000000E+2,   1.004429E+3,   3.414521E-3,   1.458740E-2,   1.562948E+3,   1.699426E-2,   7.397461E-2,   2.280790E+1,   2.375339E-3,   1.497610E+3,   4.225275E-4,   6.838190E+0,   4.376684E-5,   100,0,1,0
        153,2026-08-21,13:17:07.493,         88,          3,   1.118200E+2,   1.126730E+3,   2.008000E+1,   2.460000E+1,   0.000000E+0,   0.000000E+0,   0.000000E+0,   1.000000E+2,   1.004447E+3,   5.239546E-3,   1.922607E-2,   1.562862E+3,   2.748882E-2,   1.079102E-1,   2.278321E+1,   9.217245E-3,   1.497608E+3,   1.047603E-3,   6.838405E+0,   6.919377E-5,   100,0,1,0
        154,2026-08-21,13:19:07.495,         89,          3,   1.118200E+2,   1.126730E+3,   2.008000E+1,   2.460000E+1,   0.000000E+0,   0.000000E+0,   0.000000E+0,   1.000000E+2,   1.004464E+3,   2.387488E-3,   9.643555E-3,   1.562792E+3,   1.211586E-2,   6.127930E-2,   2.275284E+1,   3.825071E-3,   1.497606E+3,   3.983986E-4,   6.838581E+0,   3.088809E-5,   100,1,1,1
        155,2026-08-21,13:21:07.497,         90,          3,   1.118200E+2,   1.126730E+3,   2.008000E+1,   2.460000E+1,   0.000000E+0,   0.000000E+0,   0.000000E+0,   1.000000E+2,   1.004472E+3,   1.910751E-3,   8.666992E-3,   1.562763E+3,   1.283493E-2,   6.433105E-2,   2.274580E+1,   7.048416E-4,   1.497607E+3,   5.354759E-4,   6.838653E+0,   3.329713E-5,   100,1,1,1
        156,2026-08-21,13:23:07.499,         91,          3,   1.118200E+2,   1.126730E+3,   2.008000E+1,   2.460000E+1,   0.000000E+0,   0.000000E+0,   0.000000E+0,   1.000000E+2,   1.004474E+3,   1.439146E-3,   6.347656E-3,   1.562755E+3,   1.324338E-2,   8.728027E-2,   2.274615E+1,   1.228998E-3,   1.497608E+3,   6.442216E-4,   6.838675E+0,   3.461014E-5,   100,1,0,0
        157,2026-08-21,13:25:07.501,         92,          3,   1.118200E+2,   1.126730E+3,   2.008000E+1,   2.460000E+1,   0.000000E+0,   0.000000E+0,   0.000000E+0,   1.000000E+2,   1.004474E+3,   1.439146E-3,   6.347656E-3,   1.562755E+3,   1.324338E-2,   8.728027E-2,   2.274615E+1,   1.228998E-3,   1.497608E+3,   6.442216E-4,   6.838675E+0,   3.461014E-5,   100,1,0,0
        158,2026-08-21,13:31:24.112,         93,          3,   1.118200E+2,   1.250110E+3,   2.008000E+1,   2.460000E+1,   0.000000E+0,   0.000000E+0,   0.000000E+0,   1.000000E+2,   1.003801E+3,   2.276669E-3,   9.399414E-3,   1.556269E+3,   1.216667E-2,   5.358887E-2,   2.265010E+1,   1.369018E-2,   1.497421E+3,   7.403363E-4,   6.855607E+0,   3.175408E-5,   100,0,1,0
        159,2026-08-21,13:33:24.114,         94,          3,   1.118200E+2,   1.250110E+3,   2.008000E+1,   2.460000E+1,   0.000000E+0,   0.000000E+0,   0.000000E+0,   1.000000E+2,   1.003815E+3,   5.632650E-3,   2.215576E-2,   1.556227E+3,   1.889777E-2,   7.299805E-2,   2.262869E+1,   3.571580E-3,   1.497424E+3,   6.910689E-4,   6.855710E+0,   4.878390E-5,   100,0,1,0
        160,2026-08-21,13:35:24.116,         95,          3,   1.118200E+2,   1.250110E+3,   2.008000E+1,   2.460000E+1,   0.000000E+0,   0.000000E+0,   0.000000E+0,   1.000000E+2,   1.003834E+3,   3.881577E-3,   1.464844E-2,   1.556151E+3,   1.745516E-2,   7.006836E-2,   2.260593E+1,   6.010377E-3,   1.497423E+3,   4.311476E-4,   6.855906E+0,   4.449988E-5,   100,0,1,0
        161,2026-08-21,13:37:24.118,         96,          3,   1.118200E+2,   1.250110E+3,   2.008000E+1,   2.460000E+1,   0.000000E+0,   0.000000E+0,   0.000000E+0,   1.000000E+2,   1.003842E+3,   1.051933E-3,   4.516602E-3,   1.556129E+3,   8.862389E-3,   5.908203E-2,   2.259798E+1,   1.463149E-3,   1.497425E+3,   6.871022E-4,   6.855960E+0,   2.336432E-5,   100,1,1,1
        162,2026-08-21,13:39:24.120,         97,          3,   1.118200E+2,   1.250110E+3,   2.008000E+1,   2.460000E+1,   0.000000E+0,   0.000000E+0,   0.000000E+0,   1.000000E+2,   1.003844E+3,   8.635762E-4,   4.455566E-3,   1.556129E+3,   7.267382E-3,   4.418945E-2,   2.260643E+1,   3.100275E-3,   1.497428E+3,   9.600317E-4,   6.855962E+0,   1.892260E-5,   100,1,1,1
        163,2026-08-21,13:41:24.122,         98,          3,   1.118200E+2,   1.250110E+3,   2.008000E+1,   2.460000E+1,   0.000000E+0,   0.000000E+0,   0.000000E+0,   1.000000E+2,   1.003850E+3,   2.074857E-3,   7.751465E-3,   1.556102E+3,   1.256376E-2,   5.969238E-2,   2.260898E+1,   1.757667E-3,   1.497429E+3,   1.102531E-4,   6.856034E+0,   3.262936E-5,   100,1,1,1
        164,2026-08-21,13:43:24.124,         99,          3,   1.118200E+2,   1.250110E+3,   2.008000E+1,   2.460000E+1,   0.000000E+0,   0.000000E+0,   0.000000E+0,   1.000000E+2,   1.003856E+3,   1.410104E-3,   5.676270E-3,   1.556071E+3,   9.112238E-3,   4.785156E-2,   2.260302E+1,   9.071778E-4,   1.497430E+3,   3.713130E-4,   6.856114E+0,   2.384065E-5,   100,1,1,1
        165,2026-08-21,13:45:24.126,        100,          3,   1.118200E+2,   1.250110E+3,   2.008000E+1,   2.460000E+1,   0.000000E+0,   0.000000E+0,   0.000000E+0,   1.000000E+2,   1.003860E+3,   9.513599E-4,   4.455566E-3,   1.556054E+3,   8.300888E-3,   3.564453E-2,   2.260345E+1,   1.090889E-3,   1.497431E+3,   5.107953E-4,   6.856160E+0,   2.187016E-5,   100,1,1,1
        166,2026-08-21,13:47:24.128,        101,          3,   1.118200E+2,   1.250110E+3,   2.008000E+1,   2.460000E+1,   0.000000E+0,   0.000000E+0,   0.000000E+0,   1.000000E+2,   1.003862E+3,   6.600536E-4,   2.929688E-3,   1.556055E+3,   7.404523E-3,   3.698730E-2,   2.261215E+1,   3.380334E-3,   1.497434E+3,   7.408190E-4,   6.856159E+0,   1.926546E-5,   100,1,1,1
        167,2026-08-27,08:21:42.504,          1,          4,   9.051000E+1,   9.094500E+2,   0.000000E+0,   0.000000E+0,   0.000000E+0,   0.000000E+0,   0.000000E+0,   1.000000E+2,   1.005412E+3,   6.453838E-3,   2.374268E-2,   1.541195E+3,   4.207953E-2,   1.810303E-1,   2.269697E+1,   2.353660E-3,   1.497822E+3,   1.939161E-3,   6.895585E+0,   1.132370E-4,   100,0,1,0
        168,2026-08-27,08:23:42.506,          2,          4,   9.051000E+1,   9.094500E+2,   0.000000E+0,   0.000000E+0,   0.000000E+0,   0.000000E+0,   0.000000E+0,   1.000000E+2,   1.005430E+3,   2.727923E-3,   1.074219E-2,   1.541082E+3,   2.549733E-2,   1.032715E-1,   2.270407E+1,   1.796501E-3,   1.497828E+3,   9.767929E-4,   6.895888E+0,   6.863462E-5,   100,0,1,0
        169,2026-08-27,08:25:42.507,          3,          4,   9.051000E+1,   9.094500E+2,   0.000000E+0,   0.000000E+0,   0.000000E+0,   0.000000E+0,   0.000000E+0,   1.000000E+2,   1.005440E+3,   2.691666E-3,   9.521484E-3,   1.541023E+3,   2.032704E-2,   9.973145E-2,   2.271082E+1,   2.235276E-3,   1.497832E+3,   1.175432E-3,   6.896049E+0,   5.469877E-5,   100,1,1,1
        170,2026-08-27,08:27:42.510,          4,          4,   9.051000E+1,   9.094500E+2,   0.000000E+0,   0.000000E+0,   0.000000E+0,   0.000000E+0,   0.000000E+0,   1.000000E+2,   1.005448E+3,   2.297311E-3,   8.850098E-3,   1.540978E+3,   2.302956E-2,   1.134033E-1,   2.272040E+1,   1.824217E-3,   1.497835E+3,   7.895930E-4,   6.896172E+0,   6.200865E-5,   100,1,1,1
        171,2026-08-27,08:29:42.512,          5,          4,   9.051000E+1,   9.094500E+2,   0.000000E+0,   0.000000E+0,   0.000000E+0,   0.000000E+0,   0.000000E+0,   1.000000E+2,   1.005456E+3,   2.075649E-3,   7.507324E-3,   1.540919E+3,   1.618988E-2,   7.250977E-2,   2.272723E+1,   1.707074E-3,   1.497839E+3,   8.585331E-4,   6.896330E+0,   4.366728E-5,   100,1,1,1
        172,2026-08-27,08:31:42.513,          6,          4,   9.051000E+1,   9.094500E+2,   0.000000E+0,   0.000000E+0,   0.000000E+0,   0.000000E+0,   0.000000E+0,   1.000000E+2,   1.005463E+3,   1.981250E-3,   8.239746E-3,   1.540872E+3,   1.796841E-2,   8.105469E-2,   2.273334E+1,   1.372374E-3,   1.497842E+3,   6.508324E-4,   6.896458E+0,   4.840090E-5,   100,1,1,1
        173,2026-08-27,08:33:42.516,          7,          4,   9.051000E+1,   9.094500E+2,   0.000000E+0,   0.000000E+0,   0.000000E+0,   0.000000E+0,   0.000000E+0,   1.000000E+2,   1.005470E+3,   1.763186E-3,   6.591797E-3,   1.540819E+3,   1.639983E-2,   7.788086E-2,   2.273572E+1,   7.430151E-4,   1.497844E+3,   6.217844E-4,   6.896601E+0,   4.400299E-5,   100,1,1,1
        174,2026-08-27,08:35:42.518,          8,          4,   9.051000E+1,   9.094500E+2,   0.000000E+0,   0.000000E+0,   0.000000E+0,   0.000000E+0,   0.000000E+0,   1.000000E+2,   1.005476E+3,   1.288379E-3,   6.164551E-3,   1.540781E+3,   1.447927E-2,   7.019043E-2,   2.273976E+1,   1.534271E-3,   1.497846E+3,   6.425465E-4,   6.896703E+0,   3.907911E-5,   100,1,1,1
        175,2026-08-27,08:37:42.520,          9,          4,   9.051000E+1,   9.094500E+2,   0.000000E+0,   0.000000E+0,   0.000000E+0,   0.000000E+0,   0.000000E+0,   1.000000E+2,   1.005481E+3,   1.475198E-3,   5.310059E-3,   1.540745E+3,   1.445697E-2,   6.823730E-2,   2.274515E+1,   1.621311E-3,   1.497848E+3,   6.974785E-4,   6.896802E+0,   3.904071E-5,   100,1,1,1
        176,2026-08-27,08:39:42.522,         10,          4,   9.051000E+1,   9.094500E+2,   0.000000E+0,   0.000000E+0,   0.000000E+0,   0.000000E+0,   0.000000E+0,   1.000000E+2,   1.005485E+3,   1.089701E-3,   4.882812E-3,   1.540721E+3,   1.457188E-2,   6.701660E-2,   2.275230E+1,   2.388577E-3,   1.497851E+3,   7.512548E-4,   6.896869E+0,   3.936912E-5,   100,1,1,1
        177,2026-08-27,08:41:42.524,         11,          4,   9.051000E+1,   9.094500E+2,   0.000000E+0,   0.000000E+0,   0.000000E+0,   0.000000E+0,   0.000000E+0,   1.000000E+2,   1.005488E+3,   9.143098E-4,   4.272461E-3,   1.540694E+3,   1.108329E-2,   6.616211E-2,   2.276018E+1,   2.232385E-3,   1.497854E+3,   7.499624E-4,   6.896943E+0,   2.994186E-5,   100,1,1,1
        178,2026-08-27,08:43:42.526,         12,          4,   9.051000E+1,   9.094500E+2,   0.000000E+0,   0.000000E+0,   0.000000E+0,   0.000000E+0,   0.000000E+0,   1.000000E+2,   1.005490E+3,   7.671519E-4,   3.479004E-3,   1.540682E+3,   9.868468E-3,   4.882812E-2,   2.277079E+1,   2.714880E-3,   1.497856E+3,   6.638838E-4,   6.896977E+0,   2.658045E-5,   100,1,1,1
        179,2026-08-27,08:45:42.528,         13,          4,   9.051000E+1,   9.094500E+2,   0.000000E+0,   0.000000E+0,   0.000000E+0,   0.000000E+0,   0.000000E+0,   1.000000E+2,   1.005492E+3,   9.668073E-4,   4.211426E-3,   1.540664E+3,   1.076386E-2,   4.980469E-2,   2.277900E+1,   1.858672E-3,   1.497859E+3,   5.482481E-4,   6.897028E+0,   2.902674E-5,   100,1,1,1
        180,2026-08-27,08:47:42.530,         14,          4,   9.051000E+1,   9.094500E+2,   0.000000E+0,   0.000000E+0,   0.000000E+0,   0.000000E+0,   0.000000E+0,   1.000000E+2,   1.005495E+3,   1.198035E-3,   5.065918E-3,   1.540643E+3,   1.165176E-2,   4.418945E-2,   2.278531E+1,   1.809982E-3,   1.497860E+3,   5.855263E-4,   6.897088E+0,   3.145123E-5,   100,1,1,1
        181,2026-08-27,08:49:42.532,         15,          4,   9.051000E+1,   9.094500E+2,   0.000000E+0,   0.000000E+0,   0.000000E+0,   0.000000E+0,   0.000000E+0,   1.000000E+2,   1.005498E+3,   9.277181E-4,   3.601074E-3,   1.540622E+3,   9.841973E-3,   5.725098E-2,   2.279244E+1,   1.805561E-3,   1.497863E+3,   5.848422E-4,   6.897145E+0,   2.652207E-5,   100,1,1,1
        182,2026-08-27,08:51:42.534,         16,          4,   9.051000E+1,   9.094500E+2,   0.000000E+0,   0.000000E+0,   0.000000E+0,   0.000000E+0,   0.000000E+0,   1.000000E+2,   1.005501E+3,   1.067853E-3,   4.699707E-3,   1.540604E+3,   1.120263E-2,   5.688477E-2,   2.279899E+1,   1.541693E-3,   1.497865E+3,   5.690521E-4,   6.897195E+0,   3.017882E-5,   100,1,1,1
        183,2026-08-27,08:53:42.536,         17,          4,   9.051000E+1,   9.094500E+2,   0.000000E+0,   0.000000E+0,   0.000000E+0,   0.000000E+0,   0.000000E+0,   1.000000E+2,   1.005503E+3,   7.189148E-4,   3.112793E-3,   1.540591E+3,   9.384679E-3,   4.260254E-2,   2.280645E+1,   1.994262E-3,   1.497867E+3,   5.828468E-4,   6.897231E+0,   2.517091E-5,   100,1,1,1
        184,2026-08-27,08:55:42.538,         18,          4,   9.051000E+1,   9.094500E+2,   0.000000E+0,   0.000000E+0,   0.000000E+0,   0.000000E+0,   0.000000E+0,   1.000000E+2,   1.005505E+3,   7.158166E-4,   3.112793E-3,   1.540582E+3,   8.589359E-3,   4.174805E-2,   2.281611E+1,   2.875044E-3,   1.497870E+3,   6.386461E-4,   6.897257E+0,   2.306320E-5,   100,1,1,1
        185,2026-08-27,09:11:30.813,         19,          4,   9.051000E+1,   9.094500E+2,   2.003000E+1,   0.000000E+0,   0.000000E+0,   0.000000E+0,   0.000000E+0,   1.000000E+2,   1.002032E+3,   1.084174E-2,   4.815674E-2,   1.558517E+3,   5.194451E-2,   2.012939E-1,   2.333001E+1,   2.681588E-3,   1.497141E+3,   1.975605E-3,   6.849898E+0,   1.353439E-4,   100,0,1,0
        186,2026-08-27,09:13:30.814,         20,          4,   9.051000E+1,   9.094500E+2,   2.003000E+1,   0.000000E+0,   0.000000E+0,   0.000000E+0,   0.000000E+0,   1.000000E+2,   1.002087E+3,   1.516861E-2,   5.242920E-2,   1.558329E+3,   4.725873E-2,   1.851807E-1,   2.331887E+1,   3.129008E-3,   1.497152E+3,   2.851623E-3,   6.850386E+0,   1.229699E-4,   100,0,1,0
        187,2026-08-27,09:15:30.816,         21,          4,   9.051000E+1,   9.094500E+2,   2.003000E+1,   0.000000E+0,   0.000000E+0,   0.000000E+0,   0.000000E+0,   1.000000E+2,   1.002136E+3,   8.847226E-3,   3.387451E-2,   1.558169E+3,   3.727290E-2,   1.705322E-1,   2.330914E+1,   1.986477E-3,   1.497161E+3,   1.728808E-3,   6.850802E+0,   9.719448E-5,   100,0,1,0
        188,2026-08-27,09:17:30.819,         22,          4,   9.051000E+1,   9.094500E+2,   2.003000E+1,   0.000000E+0,   0.000000E+0,   0.000000E+0,   0.000000E+0,   1.000000E+2,   1.002164E+3,   5.837897E-3,   2.441406E-2,   1.558035E+3,   3.407404E-2,   1.597900E-1,   2.330170E+1,   1.571665E-3,   1.497167E+3,   1.081950E-3,   6.851153E+0,   8.890204E-5,   100,0,1,0
        189,2026-08-27,09:19:30.821,         23,          4,   9.051000E+1,   9.094500E+2,   2.003000E+1,   0.000000E+0,   0.000000E+0,   0.000000E+0,   0.000000E+0,   1.000000E+2,   1.002183E+3,   4.207806E-3,   1.800537E-2,   1.557944E+3,   2.569722E-2,   1.231689E-1,   2.329651E+1,   8.251860E-4,   1.497170E+3,   8.562554E-4,   6.851389E+0,   6.717038E-5,   100,0,1,0
        190,2026-08-27,09:21:30.823,         24,          4,   9.051000E+1,   9.094500E+2,   2.003000E+1,   0.000000E+0,   0.000000E+0,   0.000000E+0,   0.000000E+0,   1.000000E+2,   1.002197E+3,   3.191639E-3,   1.171875E-2,   1.557865E+3,   2.416269E-2,   1.232910E-1,   2.329494E+1,   5.848833E-4,   1.497173E+3,   7.577731E-4,   6.851595E+0,   6.322721E-5,   100,0,1,0
        191,2026-08-27,09:23:30.825,         25,          4,   9.051000E+1,   9.094500E+2,   2.003000E+1,   0.000000E+0,   0.000000E+0,   0.000000E+0,   0.000000E+0,   1.000000E+2,   1.002207E+3,   2.796350E-3,   1.000977E-2,   1.557800E+3,   2.035763E-2,   1.074219E-1,   2.329473E+1,   4.221515E-4,   1.497175E+3,   6.696234E-4,   6.851765E+0,   5.333841E-5,   100,0,1,0
        192,2026-08-27,09:25:30.827,         26,          4,   9.051000E+1,   9.094500E+2,   2.003000E+1,   0.000000E+0,   0.000000E+0,   0.000000E+0,   0.000000E+0,   1.000000E+2,   1.002217E+3,   3.085163E-3,   1.184082E-2,   1.557736E+3,   2.026668E-2,   8.642578E-2,   2.329426E+1,   5.448111E-4,   1.497178E+3,   6.496530E-4,   6.851932E+0,   5.301604E-5,   100,0,1,0
        193,2026-08-27,09:27:30.829,         27,          4,   9.051000E+1,   9.094500E+2,   2.003000E+1,   0.000000E+0,   0.000000E+0,   0.000000E+0,   0.000000E+0,   1.000000E+2,   1.002224E+3,   2.341509E-3,   1.000977E-2,   1.557680E+3,   1.580129E-2,   7.751465E-2,   2.329329E+1,   5.217284E-4,   1.497179E+3,   6.783020E-4,   6.852079E+0,   4.142509E-5,   100,0,1,0
        194,2026-08-27,09:29:30.831,         28,          4,   9.051000E+1,   9.094500E+2,   2.003000E+1,   0.000000E+0,   0.000000E+0,   0.000000E+0,   0.000000E+0,   1.000000E+2,   1.002231E+3,   2.237701E-3,   8.972168E-3,   1.557633E+3,   1.668549E-2,   7.336426E-2,   2.329470E+1,   7.276220E-4,   1.497181E+3,   6.366539E-4,   6.852203E+0,   4.382942E-5,   100,1,1,1
        195,2026-08-27,09:31:30.833,         29,          4,   9.051000E+1,   9.094500E+2,   2.003000E+1,   0.000000E+0,   0.000000E+0,   0.000000E+0,   0.000000E+0,   1.000000E+2,   1.002237E+3,   1.637146E-3,   6.530762E-3,   1.557591E+3,   1.481763E-2,   8.581543E-2,   2.329838E+1,   1.208746E-3,   1.497184E+3,   6.229175E-4,   6.852314E+0,   3.904851E-5,   100,1,1,1
        196,2026-08-27,09:33:30.835,         30,          4,   9.051000E+1,   9.094500E+2,   2.003000E+1,   0.000000E+0,   0.000000E+0,   0.000000E+0,   0.000000E+0,   1.000000E+2,   1.002241E+3,   1.599321E-3,   7.263184E-3,   1.557556E+3,   1.217738E-2,   5.725098E-2,   2.330248E+1,   1.066151E-3,   1.497186E+3,   5.635997E-4,   6.852407E+0,   3.206778E-5,   100,1,1,1
        197,2026-08-27,09:35:30.837,         31,          4,   9.051000E+1,   9.094500E+2,   2.003000E+1,   0.000000E+0,   0.000000E+0,   0.000000E+0,   0.000000E+0,   1.000000E+2,   1.002246E+3,   1.136326E-3,   4.577637E-3,   1.557517E+3,   1.234902E-2,   6.140137E-2,   2.330694E+1,   1.290609E-3,   1.497188E+3,   4.499390E-4,   6.852511E+0,   3.254615E-5,   100,1,1,1
        198,2026-08-27,09:37:30.839,         32,          4,   9.051000E+1,   9.094500E+2,   2.003000E+1,   0.000000E+0,   0.000000E+0,   0.000000E+0,   0.000000E+0,   1.000000E+2,   1.002251E+3,   1.469678E-3,   7.080078E-3,   1.557481E+3,   1.442137E-2,   6.311035E-2,   2.331130E+1,   7.867906E-4,   1.497190E+3,   4.047945E-4,   6.852606E+0,   3.796553E-5,   100,1,1,1
        199,2026-08-27,09:39:30.841,         33,          4,   9.051000E+1,   9.094500E+2,   2.003000E+1,   0.000000E+0,   0.000000E+0,   0.000000E+0,   0.000000E+0,   1.000000E+2,   1.002258E+3,   1.876401E-3,   7.995605E-3,   1.557434E+3,   1.309992E-2,   6.481934E-2,   2.331269E+1,   9.133950E-4,   1.497191E+3,   6.497214E-4,   6.852729E+0,   3.452776E-5,   100,1,1,1
        200,2026-08-27,09:53:53.066,         34,          4,   9.051000E+1,   1.039630E+3,   2.003000E+1,   0.000000E+0,   0.000000E+0,   0.000000E+0,   0.000000E+0,   1.000000E+2,   1.001627E+3,   3.919396E-3,   1.940918E-2,   1.549786E+3,   1.260509E-2,   6.750488E-2,   2.318358E+1,   2.700151E-3,   1.497013E+3,   1.063106E-3,   6.872843E+0,   3.305011E-5,   100,0,1,0
        201,2026-08-27,09:55:53.068,         35,          4,   9.051000E+1,   1.039630E+3,   2.003000E+1,   0.000000E+0,   0.000000E+0,   0.000000E+0,   0.000000E+0,   1.000000E+2,   1.001628E+3,   3.836542E-3,   1.794434E-2,   1.549791E+3,   1.399888E-2,   6.188965E-2,   2.319261E+1,   2.317114E-3,   1.497015E+3,   1.233836E-3,   6.872835E+0,   3.706509E-5,   100,0,1,0
        202,2026-08-27,09:57:53.070,         36,          4,   9.051000E+1,   1.039630E+3,   2.003000E+1,   0.000000E+0,   0.000000E+0,   0.000000E+0,   0.000000E+0,   1.000000E+2,   1.001633E+3,   3.388354E-3,   1.519775E-2,   1.549794E+3,   1.252093E-2,   5.932617E-2,   2.320140E+1,   2.203251E-3,   1.497018E+3,   9.335374E-4,   6.872828E+0,   3.327295E-5,   100,0,1,0
        203,2026-08-27,09:59:53.072,         37,          4,   9.051000E+1,   1.039630E+3,   2.003000E+1,   0.000000E+0,   0.000000E+0,   0.000000E+0,   0.000000E+0,   1.000000E+2,   1.001632E+3,   3.687408E-3,   1.708984E-2,   1.549794E+3,   1.267520E-2,   6.677246E-2,   2.320985E+1,   2.026189E-3,   1.497020E+3,   1.239303E-3,   6.872831E+0,   3.362841E-5,   100,0,1,0
        204,2026-08-27,10:01:53.074,         38,          4,   9.051000E+1,   1.039630E+3,   2.003000E+1,   0.000000E+0,   0.000000E+0,   0.000000E+0,   0.000000E+0,   1.000000E+2,   1.001637E+3,   3.190671E-3,   1.525879E-2,   1.549789E+3,   1.163036E-2,   6.494141E-2,   2.321882E+1,   2.342614E-3,   1.497023E+3,   8.632163E-4,   6.872845E+0,   3.093085E-5,   100,0,1,0
        205,2026-08-27,10:03:53.076,         39,          4,   9.051000E+1,   1.039630E+3,   2.003000E+1,   0.000000E+0,   0.000000E+0,   0.000000E+0,   0.000000E+0,   1.000000E+2,   1.001639E+3,   4.414071E-3,   2.221680E-2,   1.549786E+3,   1.332799E-2,   7.104492E-2,   2.322606E+1,   1.437987E-3,   1.497025E+3,   1.145601E-3,   6.872855E+0,   3.544679E-5,   100,0,1,0
        206,2026-08-27,10:05:53.078,         40,          4,   9.051000E+1,   1.039630E+3,   2.003000E+1,   0.000000E+0,   0.000000E+0,   0.000000E+0,   0.000000E+0,   1.000000E+2,   1.001643E+3,   6.299160E-3,   2.587891E-2,   1.549778E+3,   1.375662E-2,   7.128906E-2,   2.323247E+1,   1.840894E-3,   1.497027E+3,   1.546808E-3,   6.872879E+0,   3.653012E-5,   100,0,1,0
        207,2026-08-27,10:07:53.080,         41,          4,   9.051000E+1,   1.039630E+3,   2.003000E+1,   0.000000E+0,   0.000000E+0,   0.000000E+0,   0.000000E+0,   1.000000E+2,   1.001650E+3,   3.912087E-3,   1.800537E-2,   1.549753E+3,   1.259534E-2,   6.787109E-2,   2.323719E+1,   8.733399E-4,   1.497030E+3,   1.071666E-3,   6.872946E+0,   3.339878E-5,   100,0,1,0
        208,2026-08-27,10:09:53.082,         42,          4,   9.051000E+1,   1.039630E+3,   2.003000E+1,   0.000000E+0,   0.000000E+0,   0.000000E+0,   0.000000E+0,   1.000000E+2,   1.001656E+3,   3.347540E-3,   1.666260E-2,   1.549736E+3,   1.314195E-2,   8.154297E-2,   2.324112E+1,   1.097141E-3,   1.497032E+3,   8.421824E-4,   6.872991E+0,   3.486171E-5,   100,0,1,0
        209,2026-08-27,10:11:53.084,         43,          4,   9.051000E+1,   1.039630E+3,   2.003000E+1,   0.000000E+0,   0.000000E+0,   0.000000E+0,   0.000000E+0,   1.000000E+2,   1.001657E+3,   4.745469E-3,   2.362061E-2,   1.549727E+3,   1.176754E-2,   5.578613E-2,   2.324759E+1,   2.966302E-3,   1.497034E+3,   1.313578E-3,   6.873017E+0,   3.122476E-5,   100,0,1,0
        210,2026-08-27,10:25:16.754,         44,          4,   9.051000E+1,   1.039630E+3,   2.003000E+1,   3.088000E+1,   0.000000E+0,   0.000000E+0,   0.000000E+0,   1.000000E+2,   1.003659E+3,   3.211193E-3,   1.196289E-2,   1.564598E+3,   2.268526E-2,   9.619141E-2,   2.371410E+1,   1.041814E-3,   1.497613E+3,   3.570015E-4,   6.834144E+0,   5.869832E-5,   100,0,1,0
        211,2026-08-27,10:27:16.756,         45,          4,   9.051000E+1,   1.039630E+3,   2.003000E+1,   3.088000E+1,   0.000000E+0,   0.000000E+0,   0.000000E+0,   1.000000E+2,   1.003670E+3,   2.386936E-3,   9.704590E-3,   1.564530E+3,   1.593677E-2,   7.812500E-2,   2.370931E+1,   8.100054E-4,   1.497614E+3,   2.776485E-4,   6.834320E+0,   4.124769E-5,   100,1,1,1
        212,2026-08-27,10:29:16.758,         46,          4,   9.051000E+1,   1.039630E+3,   2.003000E+1,   3.088000E+1,   0.000000E+0,   0.000000E+0,   0.000000E+0,   1.000000E+2,   1.003678E+3,   1.978914E-3,   7.812500E-3,   1.564483E+3,   1.648138E-2,   7.470703E-2,   2.370646E+1,   1.027350E-3,   1.497615E+3,   2.077551E-4,   6.834441E+0,   4.258184E-5,   100,1,1,1
        213,2026-08-27,10:31:16.760,         47,          4,   9.051000E+1,   1.039630E+3,   2.003000E+1,   3.088000E+1,   0.000000E+0,   0.000000E+0,   0.000000E+0,   1.000000E+2,   1.003685E+3,   1.606533E-3,   6.958008E-3,   1.564439E+3,   1.688106E-2,   7.580566E-2,   2.370440E+1,   4.736288E-4,   1.497616E+3,   3.215642E-4,   6.834554E+0,   4.378482E-5,   100,1,1,1
        214,2026-08-27,10:33:16.762,         48,          4,   9.051000E+1,   1.039630E+3,   2.003000E+1,   3.088000E+1,   0.000000E+0,   0.000000E+0,   0.000000E+0,   1.000000E+2,   1.003691E+3,   1.377938E-3,   5.920410E-3,   1.564407E+3,   1.434749E-2,   6.567383E-2,   2.370450E+1,   4.704209E-4,   1.497617E+3,   3.123322E-4,   6.834636E+0,   3.728615E-5,   100,1,1,1
        215,2026-08-27,10:35:16.764,         49,          4,   9.051000E+1,   1.039630E+3,   2.003000E+1,   3.088000E+1,   0.000000E+0,   0.000000E+0,   0.000000E+0,   1.000000E+2,   1.003695E+3,   1.560103E-3,   5.554199E-3,   1.564373E+3,   1.015682E-2,   5.261230E-2,   2.370569E+1,   7.282837E-4,   1.497618E+3,   3.844574E-4,   6.834727E+0,   2.648812E-5,   100,1,1,1
        216,2026-08-27,10:37:16.766,         50,          4,   9.051000E+1,   1.039630E+3,   2.003000E+1,   3.088000E+1,   0.000000E+0,   0.000000E+0,   0.000000E+0,   1.000000E+2,   1.003699E+3,   1.013094E-3,   4.089355E-3,   1.564345E+3,   1.211954E-2,   6.335449E-2,   2.370834E+1,   8.133395E-4,   1.497620E+3,   3.409923E-4,   6.834799E+0,   3.160287E-5,   100,1,1,1
        217,2026-08-27,10:39:16.768,         51,          4,   9.051000E+1,   1.039630E+3,   2.003000E+1,   3.088000E+1,   0.000000E+0,   0.000000E+0,   0.000000E+0,   1.000000E+2,   1.003702E+3,   1.120220E-3,   4.394531E-3,   1.564315E+3,   1.088992E-2,   5.517578E-2,   2.371042E+1,   6.468668E-4,   1.497621E+3,   2.955773E-4,   6.834879E+0,   2.833600E-5,   100,1,1,1
        218,2026-08-27,10:41:16.770,         52,          4,   9.051000E+1,   1.039630E+3,   2.003000E+1,   3.088000E+1,   0.000000E+0,   0.000000E+0,   0.000000E+0,   1.000000E+2,   1.003707E+3,   1.355804E-3,   5.371094E-3,   1.564286E+3,   1.050141E-2,   5.139160E-2,   2.371175E+1,   4.044969E-4,   1.497622E+3,   2.942682E-4,   6.834953E+0,   2.731963E-5,   100,1,1,1
        219,2026-08-27,10:43:16.772,         53,          4,   9.051000E+1,   1.039630E+3,   2.003000E+1,   3.088000E+1,   0.000000E+0,   0.000000E+0,   0.000000E+0,   1.000000E+2,   1.003711E+3,   1.016063E-3,   4.211426E-3,   1.564261E+3,   1.223737E-2,   5.834961E-2,   2.371305E+1,   6.989013E-4,   1.497623E+3,   3.386292E-4,   6.835018E+0,   3.185554E-5,   100,1,1,1
        220,2026-08-27,10:45:16.774,         54,          4,   9.051000E+1,   1.039630E+3,   2.003000E+1,   3.088000E+1,   0.000000E+0,   0.000000E+0,   0.000000E+0,   1.000000E+2,   1.003713E+3,   7.174024E-4,   3.112793E-3,   1.564238E+3,   9.236050E-3,   5.102539E-2,   2.371561E+1,   9.181057E-4,   1.497624E+3,   3.201968E-4,   6.835081E+0,   2.414020E-5,   100,1,1,1
        221,2026-08-27,10:47:16.776,         55,          4,   9.051000E+1,   1.039630E+3,   2.003000E+1,   3.088000E+1,   0.000000E+0,   0.000000E+0,   0.000000E+0,   1.000000E+2,   1.003716E+3,   9.280799E-4,   3.784180E-3,   1.564220E+3,   9.264383E-3,   4.492187E-2,   2.371871E+1,   7.650330E-4,   1.497626E+3,   3.115820E-4,   6.835126E+0,   2.415129E-5,   100,1,1,1
        222,2026-08-27,10:49:16.778,         56,          4,   9.051000E+1,   1.039630E+3,   2.003000E+1,   3.088000E+1,   0.000000E+0,   0.000000E+0,   0.000000E+0,   1.000000E+2,   1.003719E+3,   1.040567E-3,   4.333496E-3,   1.564198E+3,   7.377839E-3,   4.199219E-2,   2.372122E+1,   9.464404E-4,   1.497627E+3,   3.275375E-4,   6.835184E+0,   1.931575E-5,   100,1,1,1
        223,2026-08-27,10:51:16.780,         57,          4,   9.051000E+1,   1.039630E+3,   2.003000E+1,   3.088000E+1,   0.000000E+0,   0.000000E+0,   0.000000E+0,   1.000000E+2,   1.003722E+3,   7.328870E-4,   3.784180E-3,   1.564177E+3,   7.964514E-3,   3.698730E-2,   2.372417E+1,   9.708088E-4,   1.497628E+3,   3.556159E-4,   6.835240E+0,   2.081335E-5,   100,1,1,1
        224,2026-08-27,10:53:16.782,         58,          4,   9.051000E+1,   1.039630E+3,   2.003000E+1,   3.088000E+1,   0.000000E+0,   0.000000E+0,   0.000000E+0,   1.000000E+2,   1.003724E+3,   1.258768E-3,   7.507324E-3,   1.564164E+3,   9.370586E-3,   6.420898E-2,   2.372759E+1,   1.476248E-3,   1.497630E+3,   5.154008E-4,   6.835276E+0,   2.427941E-5,   100,1,1,1
        225,2026-08-27,10:55:16.784,         59,          4,   9.051000E+1,   1.039630E+3,   2.003000E+1,   3.088000E+1,   0.000000E+0,   0.000000E+0,   0.000000E+0,   1.000000E+2,   1.003727E+3,   1.328142E-3,   6.530762E-3,   1.564145E+3,   7.733267E-3,   4.406738E-2,   2.373244E+1,   7.444520E-4,   1.497631E+3,   3.550229E-4,   6.835327E+0,   2.017495E-5,   100,1,1,1
        226,2026-08-27,11:46:52.912,         60,          4,   1.398400E+2,   1.039630E+3,   2.003000E+1,   3.088000E+1,   0.000000E+0,   0.000000E+0,   0.000000E+0,   1.000000E+2,   1.007488E+3,   3.052360E-2,   1.137695E-1,   1.583388E+3,   1.005155E-1,   4.317627E-1,   2.394352E+1,   1.196732E-3,   1.498577E+3,   8.061166E-3,   6.785975E+0,   2.548222E-4,   100,0,1,0
        227,2026-08-27,11:48:52.914,         61,          4,   1.398400E+2,   1.039630E+3,   2.003000E+1,   3.088000E+1,   0.000000E+0,   0.000000E+0,   0.000000E+0,   1.000000E+2,   1.007614E+3,   2.129705E-2,   7.763672E-2,   1.583097E+3,   5.159241E-2,   2.557373E-1,   2.395095E+1,   3.537916E-3,   1.498611E+3,   6.027604E-3,   6.786714E+0,   1.316733E-4,   100,0,1,0
        228,2026-08-27,11:50:52.915,         62,          4,   1.398400E+2,   1.039630E+3,   2.003000E+1,   3.088000E+1,   0.000000E+0,   0.000000E+0,   0.000000E+0,   1.000000E+2,   1.007665E+3,   5.812213E-3,   2.209473E-2,   1.582979E+3,   4.430588E-2,   2.080078E-1,   2.396850E+1,   5.082183E-3,   1.498627E+3,   2.459751E-3,   6.787018E+0,   1.134672E-4,   100,0,1,0
        229,2026-08-27,11:52:52.918,         63,          4,   1.398400E+2,   1.039630E+3,   2.003000E+1,   3.088000E+1,   0.000000E+0,   0.000000E+0,   0.000000E+0,   1.000000E+2,   1.007683E+3,   6.570932E-3,   2.276611E-2,   1.582878E+3,   3.149150E-2,   1.385498E-1,   2.399007E+1,   4.933437E-3,   1.498636E+3,   2.455534E-3,   6.787282E+0,   8.063659E-5,   100,0,1,0
        230,2026-08-27,11:54:52.920,         64,          4,   1.398400E+2,   1.039630E+3,   2.003000E+1,   3.088000E+1,   0.000000E+0,   0.000000E+0,   0.000000E+0,   1.000000E+2,   1.007707E+3,   6.334945E-3,   2.459717E-2,   1.582793E+3,   3.033296E-2,   1.313477E-1,   2.400893E+1,   4.728486E-3,   1.498646E+3,   2.493555E-3,   6.787503E+0,   7.786504E-5,   100,0,1,0
        231,2026-08-27,11:56:52.922,         65,          4,   1.398400E+2,   1.039630E+3,   2.003000E+1,   3.088000E+1,   0.000000E+0,   0.000000E+0,   0.000000E+0,   1.000000E+2,   1.007727E+3,   6.076634E-3,   2.185059E-2,   1.582721E+3,   2.377710E-2,   1.164551E-1,   2.402783E+1,   5.082843E-3,   1.498654E+3,   2.478466E-3,   6.787691E+0,   6.118075E-5,   100,0,1,0
        232,2026-08-27,11:58:52.924,         66,          4,   1.398400E+2,   1.039630E+3,   2.003000E+1,   3.088000E+1,   0.000000E+0,   0.000000E+0,   0.000000E+0,   1.000000E+2,   1.007743E+3,   5.274667E-3,   1.953125E-2,   1.582661E+3,   2.408676E-2,   1.146240E-1,   2.404751E+1,   4.617271E-3,   1.498662E+3,   2.132705E-3,   6.787847E+0,   6.190407E-5,   100,0,1,0
        233,2026-08-27,12:00:52.926,         67,          4,   1.398400E+2,   1.039630E+3,   2.003000E+1,   3.088000E+1,   0.000000E+0,   0.000000E+0,   0.000000E+0,   1.000000E+2,   1.007758E+3,   5.135613E-3,   1.940918E-2,   1.582615E+3,   2.379288E-2,   1.232910E-1,   2.406504E+1,   4.155986E-3,   1.498669E+3,   1.995164E-3,   6.787969E+0,   6.106209E-5,   100,0,1,0
        234,2026-08-27,12:02:52.928,         68,          4,   1.398400E+2,   1.039630E+3,   2.003000E+1,   3.088000E+1,   0.000000E+0,   0.000000E+0,   0.000000E+0,   1.000000E+2,   1.007771E+3,   3.851790E-3,   1.556396E-2,   1.582569E+3,   2.028937E-2,   9.936523E-2,   2.408165E+1,   4.046951E-3,   1.498676E+3,   1.760880E-3,   6.788091E+0,   5.212632E-5,   100,0,1,0
        235,2026-08-27,12:04:52.930,         69,          4,   1.398400E+2,   1.039630E+3,   2.003000E+1,   3.088000E+1,   0.000000E+0,   0.000000E+0,   0.000000E+0,   1.000000E+2,   1.007780E+3,   3.205211E-3,   1.300049E-2,   1.582525E+3,   2.179923E-2,   1.118164E-1,   2.409851E+1,   4.422459E-3,   1.498682E+3,   1.572869E-3,   6.788206E+0,   5.625749E-5,   100,0,1,0
        236,2026-08-27,12:06:52.932,         70,          4,   1.398400E+2,   1.039630E+3,   2.003000E+1,   3.088000E+1,   0.000000E+0,   0.000000E+0,   0.000000E+0,   1.000000E+2,   1.007789E+3,   4.699713E-3,   1.751709E-2,   1.582482E+3,   1.620003E-2,   7.958984E-2,   2.411589E+1,   4.481826E-3,   1.498688E+3,   1.967472E-3,   6.788321E+0,   4.186498E-5,   100,0,1,0
        237,2026-08-27,12:08:52.934,         71,          4,   1.398400E+2,   1.039630E+3,   2.003000E+1,   3.088000E+1,   0.000000E+0,   0.000000E+0,   0.000000E+0,   1.000000E+2,   1.007797E+3,   1.830769E-3,   8.361816E-3,   1.582443E+3,   1.585989E-2,   7.653809E-2,   2.413400E+1,   4.115753E-3,   1.498694E+3,   1.136499E-3,   6.788424E+0,   4.092371E-5,   100,1,1,1
        238,2026-08-27,12:10:52.936,         72,          4,   1.398400E+2,   1.039630E+3,   2.003000E+1,   3.088000E+1,   0.000000E+0,   0.000000E+0,   0.000000E+0,   1.000000E+2,   1.007802E+3,   1.925610E-3,   9.399414E-3,   1.582411E+3,   1.296699E-2,   5.920410E-2,   2.415187E+1,   4.627725E-3,   1.498699E+3,   1.259114E-3,   6.788511E+0,   3.370699E-5,   100,1,1,1
        239,2026-08-27,12:12:52.938,         73,          4,   1.398400E+2,   1.039630E+3,   2.003000E+1,   3.088000E+1,   0.000000E+0,   0.000000E+0,   0.000000E+0,   1.000000E+2,   1.007806E+3,   2.295436E-3,   1.074219E-2,   1.582380E+3,   1.444358E-2,   7.983398E-2,   2.416915E+1,   3.999623E-3,   1.498703E+3,   1.264963E-3,   6.788593E+0,   3.736272E-5,   100,0,1,0
        240,2026-08-27,12:14:52.940,         74,          4,   1.398400E+2,   1.039630E+3,   2.003000E+1,   3.088000E+1,   0.000000E+0,   0.000000E+0,   0.000000E+0,   1.000000E+2,   1.007811E+3,   2.366656E-3,   9.338379E-3,   1.582346E+3,   1.253073E-2,   6.542969E-2,   2.418428E+1,   3.594386E-3,   1.498707E+3,   1.240160E-3,   6.788683E+0,   3.243233E-5,   100,1,1,1
        241,2026-08-27,12:29:28.660,         75,          4,   1.398400E+2,   1.190050E+3,   2.003000E+1,   3.088000E+1,   0.000000E+0,   0.000000E+0,   0.000000E+0,   1.000000E+2,   1.006523E+3,   2.606562E-3,   9.460449E-3,   1.572904E+3,   1.584699E-2,   9.375000E-2,   2.414592E+1,   6.214582E-3,   1.498389E+3,   1.976933E-3,   6.812799E+0,   4.120736E-5,   100,1,1,1
        242,2026-08-27,12:31:28.662,         76,          4,   1.398400E+2,   1.190050E+3,   2.003000E+1,   3.088000E+1,   0.000000E+0,   0.000000E+0,   0.000000E+0,   1.000000E+2,   1.006528E+3,   9.421117E-4,   4.516602E-3,   1.572897E+3,   1.693205E-2,   8.752441E-2,   2.417264E+1,   6.980374E-3,   1.498396E+3,   1.612462E-3,   6.812823E+0,   4.358004E-5,   100,1,1,1
        243,2026-08-27,12:33:28.664,         77,          4,   1.398400E+2,   1.190050E+3,   2.003000E+1,   3.088000E+1,   0.000000E+0,   0.000000E+0,   0.000000E+0,   1.000000E+2,   1.006529E+3,   6.919319E-4,   3.356934E-3,   1.572893E+3,   1.340803E-2,   6.848145E-2,   2.420116E+1,   7.279973E-3,   1.498402E+3,   1.459352E-3,   6.812842E+0,   3.460486E-5,   100,1,1,1
        244,2026-08-27,12:35:28.666,         78,          4,   1.398400E+2,   1.190050E+3,   2.003000E+1,   3.088000E+1,   0.000000E+0,   0.000000E+0,   0.000000E+0,   1.000000E+2,   1.006529E+3,   1.180125E-3,   6.652832E-3,   1.572892E+3,   1.309005E-2,   7.019043E-2,   2.422968E+1,   6.774460E-3,   1.498407E+3,   1.391177E-3,   6.812851E+0,   3.386598E-5,   100,1,1,1
        245,2026-08-27,12:37:28.668,         79,          4,   1.398400E+2,   1.190050E+3,   2.003000E+1,   3.088000E+1,   0.000000E+0,   0.000000E+0,   0.000000E+0,   1.000000E+2,   1.006527E+3,   8.032036E-4,   4.028320E-3,   1.572893E+3,   1.281550E-2,   5.822754E-2,   2.425664E+1,   6.679885E-3,   1.498413E+3,   1.273671E-3,   6.812857E+0,   3.295350E-5,   100,1,1,1
        246,2026-08-27,12:39:28.670,         80,          4,   1.398400E+2,   1.190050E+3,   2.003000E+1,   3.088000E+1,   0.000000E+0,   0.000000E+0,   0.000000E+0,   1.000000E+2,   1.006526E+3,   8.018410E-4,   3.417969E-3,   1.572905E+3,   1.564525E-2,   7.836914E-2,   2.428333E+1,   6.361818E-3,   1.498418E+3,   1.208586E-3,   6.812834E+0,   3.994069E-5,   100,1,1,1
        247,2026-08-27,12:41:28.672,         81,          4,   1.398400E+2,   1.190050E+3,   2.003000E+1,   3.088000E+1,   0.000000E+0,   0.000000E+0,   0.000000E+0,   1.000000E+2,   1.006524E+3,   9.941226E-4,   4.150391E-3,   1.572902E+3,   1.221111E-2,   5.725098E-2,   2.430818E+1,   6.512607E-3,   1.498422E+3,   1.225598E-3,   6.812848E+0,   3.173765E-5,   100,1,1,1
        248,2026-08-27,12:43:28.674,         82,          4,   1.398400E+2,   1.190050E+3,   2.003000E+1,   3.088000E+1,   0.000000E+0,   0.000000E+0,   0.000000E+0,   1.000000E+2,   1.006521E+3,   7.858794E-4,   3.906250E-3,   1.572905E+3,   1.467900E-2,   6.628418E-2,   2.433399E+1,   6.187133E-3,   1.498427E+3,   1.141816E-3,   6.812846E+0,   3.733286E-5,   100,1,1,1
        249,2026-08-27,12:45:28.676,         83,          4,   1.398400E+2,   1.190050E+3,   2.003000E+1,   3.088000E+1,   0.000000E+0,   0.000000E+0,   0.000000E+0,   1.000000E+2,   1.006519E+3,   8.078663E-4,   3.784180E-3,   1.572910E+3,   1.339165E-2,   6.347656E-2,   2.435845E+1,   6.120002E-3,   1.498432E+3,   1.126656E-3,   6.812841E+0,   3.411337E-5,   100,1,1,1
        250,2026-08-27,12:47:28.678,         84,          4,   1.398400E+2,   1.190050E+3,   2.003000E+1,   3.088000E+1,   0.000000E+0,   0.000000E+0,   0.000000E+0,   1.000000E+2,   1.006516E+3,   9.644364E-4,   3.967285E-3,   1.572916E+3,   1.386405E-2,   6.323242E-2,   2.438303E+1,   5.900832E-3,   1.498436E+3,   1.062828E-3,   6.812832E+0,   3.574525E-5,   100,1,1,1
        251,2026-08-27,12:49:28.680,         85,          4,   1.398400E+2,   1.190050E+3,   2.003000E+1,   3.088000E+1,   0.000000E+0,   0.000000E+0,   0.000000E+0,   1.000000E+2,   1.006513E+3,   9.610252E-4,   3.784180E-3,   1.572926E+3,   1.572629E-2,   6.579590E-2,   2.440654E+1,   6.249428E-3,   1.498440E+3,   1.087224E-3,   6.812812E+0,   4.007301E-5,   100,1,1,1
        252,2026-08-27,12:51:28.682,         86,          4,   1.398400E+2,   1.190050E+3,   2.003000E+1,   3.088000E+1,   0.000000E+0,   0.000000E+0,   0.000000E+0,   1.000000E+2,   1.006510E+3,   7.467420E-4,   3.112793E-3,   1.572926E+3,   1.458739E-2,   7.714844E-2,   2.443066E+1,   5.638449E-3,   1.498445E+3,   1.044030E-3,   6.812820E+0,   3.747283E-5,   100,1,1,1
        253,2026-08-27,13:06:01.091,         87,          4,   1.398400E+2,   1.291300E+3,   2.003000E+1,   3.088000E+1,   0.000000E+0,   0.000000E+0,   0.000000E+0,   1.000000E+2,   1.005803E+3,   1.202112E-3,   6.042480E-3,   1.567517E+3,   1.213050E-2,   6.774902E-2,   2.441445E+1,   5.812859E-3,   1.498271E+3,   1.542292E-3,   6.826766E+0,   3.113324E-5,   100,1,1,1
        254,2026-08-27,13:08:01.093,         88,          4,   1.398400E+2,   1.291300E+3,   2.003000E+1,   3.088000E+1,   0.000000E+0,   0.000000E+0,   0.000000E+0,   1.000000E+2,   1.005802E+3,   7.657220E-4,   3.540039E-3,   1.567537E+3,   1.230498E-2,   5.407715E-2,   2.444064E+1,   7.074848E-3,   1.498276E+3,   1.394570E-3,   6.826721E+0,   3.183974E-5,   100,1,1,1
        255,2026-08-27,13:10:01.095,         89,          4,   1.398400E+2,   1.291300E+3,   2.003000E+1,   3.088000E+1,   0.000000E+0,   0.000000E+0,   0.000000E+0,   1.000000E+2,   1.005800E+3,   1.066891E-3,   4.394531E-3,   1.567550E+3,   1.357011E-2,   6.726074E-2,   2.446758E+1,   7.301413E-3,   1.498282E+3,   1.375811E-3,   6.826695E+0,   3.481603E-5,   100,1,1,1
        256,2026-08-27,13:12:01.097,         90,          4,   1.398400E+2,   1.291300E+3,   2.003000E+1,   3.088000E+1,   0.000000E+0,   0.000000E+0,   0.000000E+0,   1.000000E+2,   1.005796E+3,   1.238862E-3,   4.760742E-3,   1.567572E+3,   1.398873E-2,   5.969238E-2,   2.449648E+1,   7.206406E-3,   1.498287E+3,   1.214495E-3,   6.826645E+0,   3.541948E-5,   100,1,1,1
        257,2026-08-27,13:14:01.099,         91,          4,   1.398400E+2,   1.291300E+3,   2.003000E+1,   3.088000E+1,   0.000000E+0,   0.000000E+0,   0.000000E+0,   1.000000E+2,   1.005792E+3,   1.419132E-3,   6.042480E-3,   1.567586E+3,   1.267941E-2,   6.005859E-2,   2.452512E+1,   6.968256E-3,   1.498292E+3,   1.166894E-3,   6.826616E+0,   3.240419E-5,   100,1,1,1
        258,2026-08-27,13:16:01.101,         92,          4,   1.398400E+2,   1.291300E+3,   2.003000E+1,   3.088000E+1,   0.000000E+0,   0.000000E+0,   0.000000E+0,   1.000000E+2,   1.005787E+3,   1.513436E-3,   6.347656E-3,   1.567611E+3,   1.216376E-2,   5.212402E-2,   2.455324E+1,   6.769849E-3,   1.498296E+3,   1.103145E-3,   6.826560E+0,   3.090949E-5,   100,1,1,1
        259,2026-08-27,13:18:01.102,         93,          4,   1.398400E+2,   1.291300E+3,   2.003000E+1,   3.088000E+1,   0.000000E+0,   0.000000E+0,   0.000000E+0,   1.000000E+2,   1.005782E+3,   1.232246E-3,   5.371094E-3,   1.567628E+3,   1.086307E-2,   5.151367E-2,   2.458030E+1,   6.741352E-3,   1.498301E+3,   1.136049E-3,   6.826524E+0,   2.803858E-5,   100,1,1,1
        260,2026-08-27,13:20:01.105,         94,          4,   1.398400E+2,   1.291300E+3,   2.003000E+1,   3.088000E+1,   0.000000E+0,   0.000000E+0,   0.000000E+0,   1.000000E+2,   1.005778E+3,   1.234420E-3,   4.577637E-3,   1.567647E+3,   1.344323E-2,   7.836914E-2,   2.460681E+1,   6.896921E-3,   1.498305E+3,   1.164241E-3,   6.826481E+0,   3.401102E-5,   100,1,1,1
        261,2026-08-27,13:35:26.034,         95,          4,   1.398400E+2,   1.291300E+3,   4.005000E+1,   3.088000E+1,   0.000000E+0,   0.000000E+0,   0.000000E+0,   1.000000E+2,   9.984217E+2,   1.177413E+0,   4.647644E+0,   1.579697E+3,   2.154630E-1,   1.045776E+0,   2.505732E+1,   2.147197E-3,   1.496636E+3,   2.947109E-1,   6.795662E+0,   5.490956E-4,   100,0,1,0
        262,2026-08-27,13:37:26.036,         96,          4,   1.398400E+2,   1.291300E+3,   4.005000E+1,   3.088000E+1,   0.000000E+0,   0.000000E+0,   0.000000E+0,   1.000000E+2,   9.981389E+2,   3.546128E+0,   2.386377E+1,   1.579540E+3,   2.134487E-1,   8.392334E-1,   2.506363E+1,   5.517705E-3,   1.496586E+3,   7.634662E-1,   6.796064E+0,   5.447504E-4,   100,0,1,0
        263,2026-08-27,13:39:26.038,         97,          4,   1.398400E+2,   1.291300E+3,   4.005000E+1,   3.088000E+1,   0.000000E+0,   0.000000E+0,   0.000000E+0,   1.000000E+2,   9.975163E+2,   4.124504E+0,   1.072961E+1,   1.579168E+3,   2.372605E-1,   1.198120E+0,   2.509175E+1,   1.399573E-2,          +INF,           NaN,   6.797018E+0,   6.063515E-4,   100,0,1,0
        264,2026-08-27,13:41:26.040,         98,          4,   1.398400E+2,   1.291300E+3,   4.005000E+1,   3.088000E+1,   0.000000E+0,   0.000000E+0,   0.000000E+0,   1.000000E+2,   1.003158E+3,   2.078162E-1,   8.266602E-1,   1.578859E+3,   3.403857E-2,   1.494141E-1,   2.510394E+1,   3.074304E-3,   1.497777E+3,   5.019562E-2,   6.797812E+0,   8.728453E-5,   100,0,1,0
        265,2026-08-27,13:43:26.042,         99,          4,   1.398400E+2,   1.291300E+3,   4.005000E+1,   3.088000E+1,   0.000000E+0,   0.000000E+0,   0.000000E+0,   1.000000E+2,   1.003355E+3,   1.279202E-2,   5.084229E-2,   1.578760E+3,   2.479294E-2,   1.334229E-1,   2.511826E+1,   3.783130E-3,   1.497828E+3,   3.857912E-3,   6.798066E+0,   6.377453E-5,   100,0,1,0
        266,2026-08-27,13:45:26.044,        100,          4,   1.398400E+2,   1.291300E+3,   4.005000E+1,   3.088000E+1,   0.000000E+0,   0.000000E+0,   0.000000E+0,   1.000000E+2,   1.003396E+3,   6.248953E-3,   2.435303E-2,   1.578693E+3,   2.648150E-2,   1.240234E-1,   2.513394E+1,   3.727533E-3,   1.497841E+3,   2.412654E-3,   6.798244E+0,   6.827441E-5,   100,0,1,0
        267,2026-08-27,13:47:26.046,        101,          4,   1.398400E+2,   1.291300E+3,   4.005000E+1,   3.088000E+1,   0.000000E+0,   0.000000E+0,   0.000000E+0,   1.000000E+2,   1.003414E+3,   5.201530E-3,   1.959229E-2,   1.578636E+3,   1.723670E-2,   7.958984E-2,   2.515089E+1,   4.534562E-3,   1.497849E+3,   2.081285E-3,   6.798392E+0,   4.424367E-5,   100,0,1,0
        268,2026-08-27,13:49:26.048,        102,          4,   1.398400E+2,   1.291300E+3,   4.005000E+1,   3.088000E+1,   0.000000E+0,   0.000000E+0,   0.000000E+0,   1.000000E+2,   1.003429E+3,   3.885525E-3,   1.617432E-2,   1.578588E+3,   1.949052E-2,   9.936523E-2,   2.516793E+1,   3.872251E-3,   1.497856E+3,   1.517583E-3,   6.798519E+0,   5.031991E-5,   100,0,1,0
        269,2026-08-27,13:51:26.050,        103,          4,   1.398400E+2,   1.291300E+3,   4.005000E+1,   3.088000E+1,   0.000000E+0,   0.000000E+0,   0.000000E+0,   1.000000E+2,   1.003440E+3,   3.785599E-3,   1.513672E-2,   1.578537E+3,   1.854485E-2,   1.046143E-1,   2.518564E+1,   4.557659E-3,   1.497862E+3,   1.696909E-3,   6.798653E+0,   4.795061E-5,   100,0,1,0
        270,2026-08-27,14:08:15.893,        104,          4,   1.398400E+2,   1.291300E+3,   4.005000E+1,   3.088000E+1,   3.370000E+0,   0.000000E+0,   0.000000E+0,   1.000000E+2,   1.004203E+3,   2.361809E-3,   1.190186E-2,   1.578248E+3,   1.404796E-2,   7.604980E-2,   2.515128E+1,   5.041541E-3,   1.498037E+3,   1.897200E-3,   6.799383E+0,   3.642451E-5,   100,0,1,0
        271,2026-08-27,14:10:15.895,        105,          4,   1.398400E+2,   1.291300E+3,   4.005000E+1,   3.088000E+1,   3.370000E+0,   0.000000E+0,   0.000000E+0,   1.000000E+2,   1.004208E+3,   2.770877E-3,   1.239014E-2,   1.578227E+3,   1.340109E-2,   7.836914E-2,   2.517373E+1,   5.465664E-3,   1.498043E+3,   1.780391E-3,   6.799442E+0,   3.496696E-5,   100,0,1,0
        272,2026-08-27,14:12:15.897,        106,          4,   1.398400E+2,   1.291300E+3,   4.005000E+1,   3.088000E+1,   3.370000E+0,   0.000000E+0,   0.000000E+0,   1.000000E+2,   1.004214E+3,   1.345925E-3,   6.164551E-3,   1.578212E+3,   9.973949E-3,   4.187012E-2,   2.519760E+1,   5.611912E-3,   1.498050E+3,   1.313331E-3,   6.799486E+0,   2.540741E-5,   100,1,1,1
        273,2026-08-27,14:14:15.899,        107,          4,   1.398400E+2,   1.291300E+3,   4.005000E+1,   3.088000E+1,   3.370000E+0,   0.000000E+0,   0.000000E+0,   1.000000E+2,   1.004216E+3,   1.253998E-3,   5.676270E-3,   1.578201E+3,   1.065429E-2,   5.432129E-2,   2.522013E+1,   6.066880E-3,   1.498055E+3,   1.365643E-3,   6.799520E+0,   2.795900E-5,   100,1,1,1
        274,2026-08-27,14:16:15.901,        108,          4,   1.398400E+2,   1.291300E+3,   4.005000E+1,   3.088000E+1,   3.370000E+0,   0.000000E+0,   0.000000E+0,   1.000000E+2,   1.004216E+3,   1.078963E-3,   5.493164E-3,   1.578190E+3,   1.026975E-2,   6.005859E-2,   2.524269E+1,   5.420948E-3,   1.498060E+3,   1.086592E-3,   6.799556E+0,   2.684666E-5,   100,1,1,1
        275,2026-08-27,14:18:15.904,        109,          4,   1.398400E+2,   1.291300E+3,   4.005000E+1,   3.088000E+1,   3.370000E+0,   0.000000E+0,   0.000000E+0,   1.000000E+2,   1.004216E+3,   1.081367E-3,   5.310059E-3,   1.578177E+3,   7.822455E-3,   3.540039E-2,   2.526428E+1,   5.342940E-3,   1.498065E+3,   1.035315E-3,   6.799594E+0,   2.048830E-5,   100,1,1,1
        276,2026-08-27,14:20:15.906,        110,          4,   1.398400E+2,   1.291300E+3,   4.005000E+1,   3.088000E+1,   3.370000E+0,   0.000000E+0,   0.000000E+0,   1.000000E+2,   1.004214E+3,   8.207405E-4,   4.272461E-3,   1.578169E+3,   8.649745E-3,   4.614258E-2,   2.528482E+1,   5.052790E-3,   1.498069E+3,   9.930265E-4,   6.799619E+0,   2.249808E-5,   100,1,1,1
        277,2026-08-27,14:22:15.908,        111,          4,   1.398400E+2,   1.291300E+3,   4.005000E+1,   3.088000E+1,   3.370000E+0,   0.000000E+0,   0.000000E+0,   1.000000E+2,   1.004213E+3,   1.003242E-3,   4.577637E-3,   1.578162E+3,   7.517869E-3,   3.613281E-2,   2.530532E+1,   5.010620E-3,   1.498073E+3,   9.528872E-4,   6.799644E+0,   1.943710E-5,   100,1,1,1
        278,2026-08-27,14:24:15.909,        112,          4,   1.398400E+2,   1.291300E+3,   4.005000E+1,   3.088000E+1,   3.370000E+0,   0.000000E+0,   0.000000E+0,   1.000000E+2,   1.004211E+3,   1.021508E-3,   5.126953E-3,   1.578157E+3,   6.913732E-3,   3.149414E-2,   2.532588E+1,   5.326676E-3,   1.498077E+3,   9.964968E-4,   6.799662E+0,   1.787039E-5,   100,1,1,1
        279,2026-08-27,14:26:15.911,        113,          4,   1.398400E+2,   1.291300E+3,   4.005000E+1,   3.088000E+1,   3.370000E+0,   0.000000E+0,   0.000000E+0,   1.000000E+2,   1.004208E+3,   7.647563E-4,   3.967285E-3,   1.578154E+3,   6.161806E-3,   2.539063E-2,   2.534710E+1,   5.209036E-3,   1.498080E+3,   9.474481E-4,   6.799675E+0,   1.622449E-5,   100,1,1,1
        280,2026-08-28,09:24:47.478,          1,        100,   0.000000E+0,   1.000000E+2,   0.000000E+0,   0.000000E+0,   0.000000E+0,   0.000000E+0,   0.000000E+0,   1.000000E+2,   9.971459E+2,   1.029862E-3,   4.516602E-3,   1.495130E+3,   1.033392E-2,   3.552246E-2,   2.441928E+1,   3.673789E-3,   1.496188E+3,   5.354408E-4,   7.023179E+0,   2.841405E-5,   100,1,1,1
        281,2026-08-28,09:26:47.480,          2,        100,   0.000000E+0,   1.000000E+2,   0.000000E+0,   0.000000E+0,   0.000000E+0,   0.000000E+0,   0.000000E+0,   1.000000E+2,   9.971419E+2,   1.120339E-3,   4.577637E-3,   1.495168E+3,   1.056075E-2,   4.296875E-2,   2.443292E+1,   3.660773E-3,   1.496190E+3,   5.346095E-4,   7.023075E+0,   2.906131E-5,   100,1,1,1
        282,2026-08-28,09:28:47.482,          3,        100,   0.000000E+0,   1.000000E+2,   0.000000E+0,   0.000000E+0,   0.000000E+0,   0.000000E+0,   0.000000E+0,   1.000000E+2,   9.971376E+2,   1.096816E-3,   4.516602E-3,   1.495212E+3,   1.071971E-2,   4.187012E-2,   2.444825E+1,   3.885302E-3,   1.496192E+3,   5.715027E-4,   7.022954E+0,   2.942699E-5,   100,1,1,1
        283,2026-08-28,09:30:47.484,          4,        100,   0.000000E+0,   1.000000E+2,   0.000000E+0,   0.000000E+0,   0.000000E+0,   0.000000E+0,   0.000000E+0,   1.000000E+2,   9.971336E+2,   1.262005E-3,   4.638672E-3,   1.495251E+3,   1.343475E-2,   4.382324E-2,   2.446218E+1,   4.403960E-3,   1.496194E+3,   6.816390E-4,   7.022845E+0,   3.700981E-5,   100,1,1,1
        284,2026-08-28,09:32:47.486,          5,        100,   0.000000E+0,   1.000000E+2,   0.000000E+0,   0.000000E+0,   0.000000E+0,   0.000000E+0,   0.000000E+0,   1.000000E+2,   9.971296E+2,   1.268975E-3,   4.577637E-3,   1.495288E+3,   9.735289E-3,   3.930664E-2,   2.447622E+1,   3.547772E-3,   1.496196E+3,   5.012110E-4,   7.022744E+0,   2.671767E-5,   100,1,1,1
        285,2026-08-28,10:00:20.392,          6,        101,   0.000000E+0,   0.000000E+0,   0.000000E+0,   0.000000E+0,   0.000000E+0,   0.000000E+0,   0.000000E+0,   1.000000E+2,   9.971259E+2,   1.191923E-3,   5.310059E-3,   1.495330E+3,   2.838921E-2,   2.703857E-1,   2.448933E+1,   4.228312E-3,   1.496198E+3,   6.390525E-4,   7.022629E+0,   7.999863E-5,   100,1,0,0
        286,2026-08-28,10:02:20.394,          7,        101,   0.000000E+0,   0.000000E+0,   0.000000E+0,   0.000000E+0,   0.000000E+0,   0.000000E+0,   0.000000E+0,   1.000000E+2,   9.971259E+2,   1.191923E-3,   5.310059E-3,   1.495330E+3,   2.838921E-2,   2.703857E-1,   2.448933E+1,   4.228312E-3,   1.496198E+3,   6.390525E-4,   7.022629E+0,   7.999863E-5,   100,1,0,0
        287,2026-08-28,10:11:02.995,          8,          5,   9.053000E+1,   9.095000E+2,   0.000000E+0,   0.000000E+0,   0.000000E+0,   0.000000E+0,   0.000000E+0,   1.000000E+2,   1.004247E+3,   3.263978E-3,   1.312256E-2,   1.545125E+3,   1.317991E-2,   6.323242E-2,   2.495557E+1,   3.110597E-3,   1.498007E+3,   1.360134E-3,   6.885703E+0,   3.508912E-5,   100,0,1,0
        288,2026-08-28,10:13:02.997,          9,          5,   9.053000E+1,   9.095000E+2,   0.000000E+0,   0.000000E+0,   0.000000E+0,   0.000000E+0,   0.000000E+0,   1.000000E+2,   1.004254E+3,   1.395056E-3,   5.981445E-3,   1.545125E+3,   1.136028E-2,   5.310059E-2,   2.496773E+1,   3.027856E-3,   1.498012E+3,   8.076932E-4,   6.885708E+0,   3.031487E-5,   100,1,1,1
        289,2026-08-28,10:15:02.999,         10,          5,   9.053000E+1,   9.095000E+2,   0.000000E+0,   0.000000E+0,   0.000000E+0,   0.000000E+0,   0.000000E+0,   1.000000E+2,   1.004257E+3,   1.117127E-3,   5.187988E-3,   1.545133E+3,   1.245403E-2,   6.982422E-2,   2.498028E+1,   3.771347E-3,   1.498015E+3,   9.243626E-4,   6.885691E+0,   3.270728E-5,   100,1,1,1
        290,2026-08-28,10:17:03.001,         11,          5,   9.053000E+1,   9.095000E+2,   0.000000E+0,   0.000000E+0,   0.000000E+0,   0.000000E+0,   0.000000E+0,   1.000000E+2,   1.004258E+3,   1.036132E-3,   4.882812E-3,   1.545173E+3,   2.380729E-2,   9.643555E-2,   2.499618E+1,   4.499258E-3,   1.498019E+3,   1.078029E-3,   6.885589E+0,   6.237440E-5,   100,1,1,1
        291,2026-08-28,10:19:03.003,         12,          5,   9.053000E+1,   9.095000E+2,   0.000000E+0,   0.000000E+0,   0.000000E+0,   0.000000E+0,   0.000000E+0,   1.000000E+2,   1.004260E+3,   1.331343E-3,   7.690430E-3,   1.545201E+3,   1.395706E-2,   7.250977E-2,   2.501133E+1,   3.429224E-3,   1.498022E+3,   7.736919E-4,   6.885518E+0,   3.703267E-5,   100,1,1,1
        292,2026-08-28,10:21:03.005,         13,          5,   9.053000E+1,   9.095000E+2,   0.000000E+0,   0.000000E+0,   0.000000E+0,   0.000000E+0,   0.000000E+0,   1.000000E+2,   1.004262E+3,   7.749931E-4,   4.760742E-3,   1.545200E+3,   1.173072E-2,   5.017090E-2,   2.502415E+1,   3.021710E-3,   1.498025E+3,   6.998827E-4,   6.885524E+0,   3.141189E-5,   100,1,1,1
        293,2026-08-28,10:23:03.007,         14,          5,   9.053000E+1,   9.095000E+2,   0.000000E+0,   0.000000E+0,   0.000000E+0,   0.000000E+0,   0.000000E+0,   1.000000E+2,   1.004263E+3,   9.880165E-4,   4.272461E-3,   1.545202E+3,   1.263011E-2,   6.188965E-2,   2.503624E+1,   3.199688E-3,   1.498028E+3,   7.485321E-4,   6.885522E+0,   3.362369E-5,   100,1,1,1
        294,2026-08-28,10:25:03.009,         15,          5,   9.053000E+1,   9.095000E+2,   0.000000E+0,   0.000000E+0,   0.000000E+0,   0.000000E+0,   0.000000E+0,   1.000000E+2,   1.004262E+3,   1.029109E-3,   5.432129E-3,   1.545206E+3,   1.141117E-2,   5.786133E-2,   2.505002E+1,   3.411956E-3,   1.498031E+3,   6.759770E-4,   6.885513E+0,   3.033450E-5,   100,1,1,1
        295,2026-08-28,10:27:03.011,         16,          5,   9.053000E+1,   9.095000E+2,   0.000000E+0,   0.000000E+0,   0.000000E+0,   0.000000E+0,   0.000000E+0,   1.000000E+2,   1.004263E+3,   9.137811E-4,   4.638672E-3,   1.545215E+3,   1.215453E-2,   5.969238E-2,   2.506360E+1,   3.342895E-3,   1.498034E+3,   6.568820E-4,   6.885495E+0,   3.243927E-5,   100,1,1,1
        296,2026-08-28,10:29:03.013,         17,          5,   9.053000E+1,   9.095000E+2,   0.000000E+0,   0.000000E+0,   0.000000E+0,   0.000000E+0,   0.000000E+0,   1.000000E+2,   1.004265E+3,   9.237159E-4,   5.004883E-3,   1.545203E+3,   1.077309E-2,   5.224609E-2,   2.507430E+1,   2.720046E-3,   1.498036E+3,   6.616548E-4,   6.885529E+0,   2.874068E-5,   100,1,1,1
        297,2026-08-28,10:31:03.015,         18,          5,   9.053000E+1,   9.095000E+2,   0.000000E+0,   0.000000E+0,   0.000000E+0,   0.000000E+0,   0.000000E+0,   1.000000E+2,   1.004264E+3,   8.123144E-4,   4.455566E-3,   1.545211E+3,   1.349023E-2,   6.323242E-2,   2.508686E+1,   3.406729E-3,   1.498039E+3,   7.367851E-4,   6.885511E+0,   3.557325E-5,   100,1,1,1
        298,2026-08-28,10:33:03.017,         19,          5,   9.053000E+1,   9.095000E+2,   0.000000E+0,   0.000000E+0,   0.000000E+0,   0.000000E+0,   0.000000E+0,   1.000000E+2,   1.004264E+3,   1.330817E-3,   6.103516E-3,   1.545218E+3,   1.154376E-2,   5.334473E-2,   2.509972E+1,   3.459717E-3,   1.498041E+3,   6.237373E-4,   6.885496E+0,   3.075450E-5,   100,1,1,1
        299,2026-08-28,10:35:03.019,         20,          5,   9.053000E+1,   9.095000E+2,   0.000000E+0,   0.000000E+0,   0.000000E+0,   0.000000E+0,   0.000000E+0,   1.000000E+2,   1.004264E+3,   6.981351E-4,   3.112793E-3,   1.545222E+3,   1.064679E-2,   5.346680E-2,   2.511229E+1,   2.675061E-3,   1.498044E+3,   5.662215E-4,   6.885489E+0,   2.823062E-5,   100,1,1,1
        300,2026-08-28,10:37:03.021,         21,          5,   9.053000E+1,   9.095000E+2,   0.000000E+0,   0.000000E+0,   0.000000E+0,   0.000000E+0,   0.000000E+0,   1.000000E+2,   1.004265E+3,   8.900638E-4,   4.211426E-3,   1.545230E+3,   1.118492E-2,   5.346680E-2,   2.512297E+1,   3.214425E-3,   1.498046E+3,   8.155794E-4,   6.885471E+0,   2.948482E-5,   100,1,1,1
        301,2026-08-28,10:39:03.023,         22,          5,   9.053000E+1,   9.095000E+2,   0.000000E+0,   0.000000E+0,   0.000000E+0,   0.000000E+0,   0.000000E+0,   1.000000E+2,   1.004265E+3,   7.572800E-4,   3.479004E-3,   1.545233E+3,   1.201355E-2,   6.311035E-2,   2.513546E+1,   3.348095E-3,   1.498049E+3,   6.707419E-4,   6.885466E+0,   3.169859E-5,   100,1,1,1
        302,2026-08-28,10:53:56.908,         23,          5,   9.053000E+1,   9.095000E+2,   0.000000E+0,   0.000000E+0,   2.390000E+0,   0.000000E+0,   0.000000E+0,   1.000000E+2,   1.005051E+3,   1.529480E-3,   7.568359E-3,   1.545469E+3,   1.159750E-2,   5.285645E-2,   2.508747E+1,   2.813718E-3,   1.498228E+3,   1.161256E-3,   6.884825E+0,   3.063132E-5,   100,1,1,1
        303,2026-08-28,10:55:56.910,         24,          5,   9.053000E+1,   9.095000E+2,   0.000000E+0,   0.000000E+0,   2.390000E+0,   0.000000E+0,   0.000000E+0,   1.000000E+2,   1.005051E+3,   2.276278E-3,   1.049805E-2,   1.545493E+3,   1.100849E-2,   5.480957E-2,   2.510681E+1,   6.021285E-3,   1.498233E+3,   1.464985E-3,   6.884765E+0,   2.836717E-5,   100,0,1,0
        304,2026-08-28,10:57:56.912,         25,          5,   9.053000E+1,   9.095000E+2,   0.000000E+0,   0.000000E+0,   2.390000E+0,   0.000000E+0,   0.000000E+0,   1.000000E+2,   1.005049E+3,   2.057339E-3,   9.338379E-3,   1.545523E+3,   1.292374E-2,   7.592773E-2,   2.513180E+1,   5.969288E-3,   1.498238E+3,   1.303550E-3,   6.884694E+0,   3.348734E-5,   100,1,1,1
        305,2026-08-28,10:59:56.914,         26,          5,   9.053000E+1,   9.095000E+2,   0.000000E+0,   0.000000E+0,   2.390000E+0,   0.000000E+0,   0.000000E+0,   1.000000E+2,   1.005047E+3,   1.772671E-3,   9.155273E-3,   1.545552E+3,   1.248956E-2,   5.480957E-2,   2.515436E+1,   5.062710E-3,   1.498242E+3,   1.236830E-3,   6.884620E+0,   3.239745E-5,   100,1,1,1
        306,2026-08-28,11:01:56.916,         27,          5,   9.053000E+1,   9.095000E+2,   0.000000E+0,   0.000000E+0,   2.390000E+0,   0.000000E+0,   0.000000E+0,   1.000000E+2,   1.005043E+3,   1.451048E-3,   7.934570E-3,   1.545575E+3,   1.015994E-2,   4.736328E-2,   2.517431E+1,   4.392270E-3,   1.498245E+3,   8.592490E-4,   6.884567E+0,   2.668911E-5,   100,1,1,1
        307,2026-08-28,11:03:56.918,         28,          5,   9.053000E+1,   9.095000E+2,   0.000000E+0,   0.000000E+0,   2.390000E+0,   0.000000E+0,   0.000000E+0,   1.000000E+2,   1.005040E+3,   2.557887E-3,   1.104736E-2,   1.545592E+3,   9.731820E-3,   5.578613E-2,   2.519112E+1,   3.606149E-3,   1.498248E+3,   5.620472E-4,   6.884524E+0,   2.567186E-5,   100,0,1,0
        308,2026-08-28,11:05:56.920,         29,          5,   9.053000E+1,   9.095000E+2,   0.000000E+0,   0.000000E+0,   2.390000E+0,   0.000000E+0,   0.000000E+0,   1.000000E+2,   1.005039E+3,   2.327606E-3,   9.338379E-3,   1.545612E+3,   1.127870E-2,   5.822754E-2,   2.520688E+1,   4.572446E-3,   1.498252E+3,   8.147956E-4,   6.884476E+0,   2.926938E-5,   100,1,1,1
        309,2026-08-28,11:07:56.922,         30,          5,   9.053000E+1,   9.095000E+2,   0.000000E+0,   0.000000E+0,   2.390000E+0,   0.000000E+0,   0.000000E+0,   1.000000E+2,   1.005036E+3,   3.631212E-3,   2.014160E-2,   1.545630E+3,   1.147116E-2,   5.786133E-2,   2.522342E+1,   3.493756E-3,   1.498255E+3,   8.684619E-4,   6.884433E+0,   3.031245E-5,   100,0,1,0
        310,2026-08-28,11:09:56.924,         31,          5,   9.053000E+1,   9.095000E+2,   0.000000E+0,   0.000000E+0,   2.390000E+0,   0.000000E+0,   0.000000E+0,   1.000000E+2,   1.005034E+3,   2.216371E-3,   1.092529E-2,   1.545653E+3,   1.238933E-2,   6.188965E-2,   2.524018E+1,   4.482643E-3,   1.498258E+3,   1.020968E-3,   6.884377E+0,   3.238330E-5,   100,0,1,0
        311,2026-08-28,11:11:56.926,         32,          5,   9.053000E+1,   9.095000E+2,   0.000000E+0,   0.000000E+0,   2.390000E+0,   0.000000E+0,   0.000000E+0,   1.000000E+2,   1.005033E+3,   2.788489E-3,   1.153564E-2,   1.545700E+3,   3.013474E-2,   1.097412E-1,   2.525892E+1,   5.132464E-3,   1.498261E+3,   9.367566E-4,   6.884256E+0,   7.887610E-5,   100,0,1,0
        312,2026-08-28,11:13:56.928,         33,          5,   9.053000E+1,   9.095000E+2,   0.000000E+0,   0.000000E+0,   2.390000E+0,   0.000000E+0,   0.000000E+0,   1.000000E+2,   1.005025E+3,   4.053538E-3,   2.032471E-2,   1.545768E+3,   1.927193E-2,   9.228516E-2,   2.527788E+1,   4.381686E-3,   1.498263E+3,   9.962891E-4,   6.884080E+0,   5.054508E-5,   100,0,1,0
        313,2026-08-28,11:15:56.930,         34,          5,   9.053000E+1,   9.095000E+2,   0.000000E+0,   0.000000E+0,   2.390000E+0,   0.000000E+0,   0.000000E+0,   1.000000E+2,   1.005022E+3,   4.005397E-3,   1.745605E-2,   1.545799E+3,   1.775384E-2,   1.195068E-1,   2.529475E+1,   3.889924E-3,   1.498266E+3,   1.168119E-3,   6.884003E+0,   4.721256E-5,   100,0,1,0
        314,2026-08-28,11:17:56.932,         35,          5,   9.053000E+1,   9.095000E+2,   0.000000E+0,   0.000000E+0,   2.390000E+0,   0.000000E+0,   0.000000E+0,   1.000000E+2,   1.005016E+3,   4.883116E-3,   2.239990E-2,   1.545821E+3,   1.892981E-2,   1.071777E-1,   2.531048E+1,   3.929927E-3,   1.498267E+3,   1.249208E-3,   6.883950E+0,   5.007778E-5,   100,0,1,0
        315,2026-08-28,11:19:56.934,         36,          5,   9.053000E+1,   9.095000E+2,   0.000000E+0,   0.000000E+0,   2.390000E+0,   0.000000E+0,   0.000000E+0,   1.000000E+2,   1.005018E+3,   5.439193E-3,   2.557373E-2,   1.545839E+3,   1.591908E-2,   8.874512E-2,   2.532706E+1,   3.882853E-3,   1.498271E+3,   1.896607E-3,   6.883905E+0,   4.245298E-5,   100,0,1,0
        316,2026-08-28,11:21:56.936,         37,          5,   9.053000E+1,   9.095000E+2,   0.000000E+0,   0.000000E+0,   2.390000E+0,   0.000000E+0,   0.000000E+0,   1.000000E+2,   1.005018E+3,   5.237775E-3,   2.465820E-2,   1.545853E+3,   2.152560E-2,   9.802246E-2,   2.534261E+1,   3.673527E-3,   1.498275E+3,   1.448881E-3,   6.883872E+0,   5.678336E-5,   100,0,1,0
        317,2026-08-28,11:32:52.830,         38,          5,   9.053000E+1,   9.095000E+2,   0.000000E+0,   0.000000E+0,   2.390000E+0,   0.000000E+0,   0.000000E+0,   1.000000E+2,   1.005024E+3,   4.063435E-3,   1.403809E-2,   1.545916E+3,   1.336237E-2,   7.336426E-2,   2.545109E+1,   1.500529E-3,   1.498298E+3,   1.829015E-3,   6.883733E+0,   3.565923E-5,   100,0,1,0
        318,2026-08-28,11:34:52.832,         39,          5,   9.053000E+1,   9.095000E+2,   0.000000E+0,   0.000000E+0,   2.390000E+0,   0.000000E+0,   0.000000E+0,   1.000000E+2,   1.005033E+3,   1.162051E-3,   5.187988E-3,   1.545898E+3,   7.212135E-3,   3.405762E-2,   2.546560E+1,   4.943701E-3,   1.498304E+3,   1.339966E-3,   6.883786E+0,   1.935669E-5,   100,1,1,1
        319,2026-08-28,11:36:52.834,         40,          5,   9.053000E+1,   9.095000E+2,   0.000000E+0,   0.000000E+0,   2.390000E+0,   0.000000E+0,   0.000000E+0,   1.000000E+2,   1.005034E+3,   1.035308E-3,   6.042480E-3,   1.545901E+3,   9.056441E-3,   4.309082E-2,   2.548853E+1,   6.357840E-3,   1.498309E+3,   1.229962E-3,   6.883784E+0,   2.357145E-5,   100,1,1,1
        320,2026-08-28,11:38:52.836,         41,          5,   9.053000E+1,   9.095000E+2,   0.000000E+0,   0.000000E+0,   2.390000E+0,   0.000000E+0,   0.000000E+0,   1.000000E+2,   1.005034E+3,   5.940743E-4,   3.417969E-3,   1.545902E+3,   7.156111E-3,   3.308105E-2,   2.551250E+1,   5.184858E-3,   1.498314E+3,   9.843734E-4,   6.883788E+0,   1.910536E-5,   100,1,1,1
        321,2026-08-28,11:40:52.838,         42,          5,   9.053000E+1,   9.095000E+2,   0.000000E+0,   0.000000E+0,   2.390000E+0,   0.000000E+0,   0.000000E+0,   1.000000E+2,   1.005037E+3,   1.055459E-3,   4.577637E-3,   1.545891E+3,   8.296777E-3,   3.942871E-2,   2.552825E+1,   3.216523E-3,   1.498318E+3,   8.489068E-4,   6.883822E+0,   2.253482E-5,   100,1,1,1
        322,2026-08-28,11:42:52.840,         43,          5,   9.053000E+1,   9.095000E+2,   0.000000E+0,   0.000000E+0,   2.390000E+0,   0.000000E+0,   0.000000E+0,   1.000000E+2,   1.005039E+3,   9.588094E-4,   4.211426E-3,   1.545882E+3,   8.122541E-3,   4.003906E-2,   2.554063E+1,   3.368303E-3,   1.498321E+3,   8.594794E-4,   6.883850E+0,   2.204337E-5,   100,1,1,1
        323,2026-08-28,11:44:52.842,         44,          5,   9.053000E+1,   9.095000E+2,   0.000000E+0,   0.000000E+0,   2.390000E+0,   0.000000E+0,   0.000000E+0,   1.000000E+2,   1.005042E+3,   1.029537E-3,   4.272461E-3,   1.545870E+3,   8.325790E-3,   4.504395E-2,   2.555180E+1,   2.816250E-3,   1.498324E+3,   7.878611E-4,   6.883883E+0,   2.266628E-5,   100,1,1,1
        324,2026-08-28,11:46:52.844,         45,          5,   9.053000E+1,   9.095000E+2,   0.000000E+0,   0.000000E+0,   2.390000E+0,   0.000000E+0,   0.000000E+0,   1.000000E+2,   1.005046E+3,   1.005605E-3,   5.310059E-3,   1.545850E+3,   6.785906E-3,   3.308105E-2,   2.556060E+1,   2.277022E-3,   1.498326E+3,   6.601460E-4,   6.883939E+0,   1.840103E-5,   100,1,1,1
        325,2026-08-28,11:48:52.846,         46,          5,   9.053000E+1,   9.095000E+2,   0.000000E+0,   0.000000E+0,   2.390000E+0,   0.000000E+0,   0.000000E+0,   1.000000E+2,   1.005048E+3,   7.606436E-4,   3.601074E-3,   1.545844E+3,   5.651202E-3,   3.173828E-2,   2.557199E+1,   3.160551E-3,   1.498329E+3,   7.675982E-4,   6.883960E+0,   1.519170E-5,   100,1,1,1
        326,2026-08-28,11:50:52.848,         47,          5,   9.053000E+1,   9.095000E+2,   0.000000E+0,   0.000000E+0,   2.390000E+0,   0.000000E+0,   0.000000E+0,   1.000000E+2,   1.005051E+3,   7.041590E-4,   3.173828E-3,   1.545838E+3,   4.919784E-3,   2.648926E-2,   2.558386E+1,   3.093128E-3,   1.498332E+3,   7.436904E-4,   6.883979E+0,   1.329568E-5,   100,1,1,1
        327,2026-08-28,11:52:52.850,         48,          5,   9.053000E+1,   9.095000E+2,   0.000000E+0,   0.000000E+0,   2.390000E+0,   0.000000E+0,   0.000000E+0,   1.000000E+2,   1.005052E+3,   6.011942E-4,   2.807617E-3,   1.545831E+3,   4.671712E-3,   2.307129E-2,   2.559562E+1,   3.147927E-3,   1.498335E+3,   7.477353E-4,   6.884000E+0,   1.253731E-5,   100,1,1,1
        328,2026-08-28,11:54:52.852,         49,          5,   9.053000E+1,   9.095000E+2,   0.000000E+0,   0.000000E+0,   2.390000E+0,   0.000000E+0,   0.000000E+0,   1.000000E+2,   1.005054E+3,   1.007838E-3,   3.967285E-3,   1.545826E+3,   4.922561E-3,   2.233887E-2,   2.560689E+1,   2.798665E-3,   1.498338E+3,   7.464429E-4,   6.884017E+0,   1.340849E-5,   100,1,1,1
        329,2026-08-28,11:56:52.854,         50,          5,   9.053000E+1,   9.095000E+2,   0.000000E+0,   0.000000E+0,   2.390000E+0,   0.000000E+0,   0.000000E+0,   1.000000E+2,   1.005058E+3,   8.874090E-4,   3.906250E-3,   1.545814E+3,   5.046059E-3,   2.880859E-2,   2.561628E+1,   2.342357E-3,   1.498341E+3,   6.611405E-4,   6.884051E+0,   1.369216E-5,   100,1,1,1
        330,2026-08-28,11:58:52.856,         51,          5,   9.053000E+1,   9.095000E+2,   0.000000E+0,   0.000000E+0,   2.390000E+0,   0.000000E+0,   0.000000E+0,   1.000000E+2,   1.005062E+3,   1.188007E-3,   4.638672E-3,   1.545803E+3,   7.009277E-3,   3.369141E-2,   2.562479E+1,   1.900322E-3,   1.498343E+3,   6.104489E-4,   6.884081E+0,   1.899977E-5,   100,1,1,1
        331,2026-08-28,12:00:52.858,         52,          5,   9.053000E+1,   9.095000E+2,   0.000000E+0,   0.000000E+0,   2.390000E+0,   0.000000E+0,   0.000000E+0,   1.000000E+2,   1.005064E+3,   7.369505E-4,   3.662109E-3,   1.545791E+3,   5.137174E-3,   2.844238E-2,   2.563198E+1,   2.085764E-3,   1.498345E+3,   4.000819E-4,   6.884118E+0,   1.397703E-5,   100,1,1,1
        332,2026-08-28,12:02:52.860,         53,          5,   9.053000E+1,   9.095000E+2,   0.000000E+0,   0.000000E+0,   2.390000E+0,   0.000000E+0,   0.000000E+0,   1.000000E+2,   1.005067E+3,   1.100907E-3,   4.577637E-3,   1.545779E+3,   5.067661E-3,   2.612305E-2,   2.563885E+1,   1.849376E-3,   1.498347E+3,   6.063632E-4,   6.884150E+0,   1.370300E-5,   100,1,1,1
        333,2026-08-28,12:04:52.862,         54,          5,   9.053000E+1,   9.095000E+2,   0.000000E+0,   0.000000E+0,   2.390000E+0,   0.000000E+0,   0.000000E+0,   1.000000E+2,   1.005069E+3,   7.146341E-4,   3.112793E-3,   1.545771E+3,   4.832407E-3,   2.368164E-2,   2.564665E+1,   2.078291E-3,   1.498350E+3,   5.741501E-4,   6.884173E+0,   1.309126E-5,   100,1,1,1
        334,2026-08-28,12:06:52.865,         55,          5,   9.053000E+1,   9.095000E+2,   0.000000E+0,   0.000000E+0,   2.390000E+0,   0.000000E+0,   0.000000E+0,   1.000000E+2,   1.005072E+3,   8.482449E-4,   3.417969E-3,   1.545762E+3,   4.962006E-3,   2.551270E-2,   2.565470E+1,   1.906848E-3,   1.498352E+3,   5.770957E-4,   6.884200E+0,   1.347696E-5,   100,1,1,1
        335,2026-08-28,12:08:52.867,         56,          5,   9.053000E+1,   9.095000E+2,   0.000000E+0,   0.000000E+0,   2.390000E+0,   0.000000E+0,   0.000000E+0,   1.000000E+2,   1.005075E+3,   7.504780E-4,   3.051758E-3,   1.545756E+3,   3.818199E-3,   2.282715E-2,   2.566302E+1,   2.446544E-3,   1.498354E+3,   6.401527E-4,   6.884218E+0,   1.039063E-5,   100,1,1,1
        336,2026-08-28,12:10:52.870,         57,          5,   9.053000E+1,   9.095000E+2,   0.000000E+0,   0.000000E+0,   2.390000E+0,   0.000000E+0,   0.000000E+0,   1.000000E+2,   1.005077E+3,   1.014733E-3,   4.333496E-3,   1.545749E+3,   4.536958E-3,   1.953125E-2,   2.567109E+1,   2.091517E-3,   1.498356E+3,   6.100050E-4,   6.884239E+0,   1.234753E-5,   100,1,1,1
        337,2026-08-28,12:12:52.872,         58,          5,   9.053000E+1,   9.095000E+2,   0.000000E+0,   0.000000E+0,   2.390000E+0,   0.000000E+0,   0.000000E+0,   1.000000E+2,   1.005080E+3,   1.041628E-3,   4.211426E-3,   1.545741E+3,   4.967978E-3,   2.416992E-2,   2.567885E+1,   2.126761E-3,   1.498359E+3,   6.113064E-4,   6.884261E+0,   1.361389E-5,   100,1,1,1
        338,2026-08-28,12:20:30.996,         59,          5,   9.053000E+1,   9.095000E+2,   0.000000E+0,   0.000000E+0,   2.390000E+0,   0.000000E+0,   0.000000E+0,   1.000000E+2,   1.005061E+3,   3.752827E-3,   1.525879E-2,   1.545920E+3,   1.354154E-2,   6.750488E-2,   2.573970E+1,   1.421583E-2,   1.498363E+3,   8.141719E-4,   6.883801E+0,   3.779314E-5,   100,0,1,0
        339,2026-08-28,12:22:30.998,         60,          5,   9.053000E+1,   9.095000E+2,   0.000000E+0,   0.000000E+0,   2.390000E+0,   0.000000E+0,   0.000000E+0,   1.000000E+2,   1.005064E+3,   9.012190E-4,   4.150391E-3,   1.545969E+3,   1.721108E-2,   8.386230E-2,   2.572339E+1,   1.860938E-3,   1.498363E+3,   5.842705E-4,   6.883667E+0,   4.548316E-5,   100,1,1,1
        340,2026-08-28,12:24:31.000,         61,          5,   9.053000E+1,   9.095000E+2,   0.000000E+0,   0.000000E+0,   2.390000E+0,   0.000000E+0,   0.000000E+0,   1.000000E+2,   1.005061E+3,   1.347792E-3,   5.371094E-3,   1.546006E+3,   1.353708E-2,   7.092285E-2,   2.573298E+1,   2.127378E-3,   1.498365E+3,   3.028389E-4,   6.883572E+0,   3.572309E-5,   100,1,1,1
        341,2026-08-28,12:26:31.002,         62,          5,   9.053000E+1,   9.095000E+2,   0.000000E+0,   0.000000E+0,   2.390000E+0,   0.000000E+0,   0.000000E+0,   1.000000E+2,   1.005056E+3,   1.713589E-3,   8.422852E-3,   1.546026E+3,   1.106873E-2,   5.908203E-2,   2.574219E+1,   2.248323E-3,   1.498366E+3,   2.616851E-4,   6.883520E+0,   2.931518E-5,   100,1,1,1
        342,2026-08-28,12:28:31.004,         63,          5,   9.053000E+1,   9.095000E+2,   0.000000E+0,   0.000000E+0,   2.390000E+0,   0.000000E+0,   0.000000E+0,   1.000000E+2,   1.005049E+3,   3.204098E-3,   1.373291E-2,   1.546036E+3,   1.116911E-2,   5.822754E-2,   2.575011E+1,   1.594862E-3,   1.498365E+3,   5.153643E-4,   6.883496E+0,   2.968196E-5,   100,0,1,0
        343,2026-08-28,12:30:31.006,         64,          5,   9.053000E+1,   9.095000E+2,   0.000000E+0,   0.000000E+0,   2.390000E+0,   0.000000E+0,   0.000000E+0,   1.000000E+2,   1.005037E+3,   3.574759E-3,   1.580811E-2,   1.546046E+3,   1.303141E-2,   6.286621E-2,   2.575630E+1,   1.789926E-3,   1.498364E+3,   6.832359E-4,   6.883472E+0,   3.456356E-5,   100,0,1,0
        344,2026-08-28,12:32:31.008,         65,          5,   9.053000E+1,   9.095000E+2,   0.000000E+0,   0.000000E+0,   2.390000E+0,   0.000000E+0,   0.000000E+0,   1.000000E+2,   1.005030E+3,   2.800859E-3,   1.275635E-2,   1.546050E+3,   1.223082E-2,   7.250977E-2,   2.576324E+1,   1.454654E-3,   1.498364E+3,   5.973387E-4,   6.883463E+0,   3.252430E-5,   100,0,1,0
        345,2026-08-28,12:34:31.010,         66,          5,   9.053000E+1,   9.095000E+2,   0.000000E+0,   0.000000E+0,   2.390000E+0,   0.000000E+0,   0.000000E+0,   1.000000E+2,   1.005024E+3,   3.248648E-3,   1.708984E-2,   1.546056E+3,   1.372472E-2,   7.336426E-2,   2.577018E+1,   1.637017E-3,   1.498364E+3,   5.671338E-4,   6.883448E+0,   3.655965E-5,   100,0,1,0
        346,2026-08-28,12:36:31.012,         67,          5,   9.053000E+1,   9.095000E+2,   0.000000E+0,   0.000000E+0,   2.390000E+0,   0.000000E+0,   0.000000E+0,   1.000000E+2,   1.005017E+3,   2.911563E-3,   1.391602E-2,   1.546056E+3,   1.393132E-2,   7.824707E-2,   2.577654E+1,   1.487310E-3,   1.498363E+3,   6.076019E-4,   6.883450E+0,   3.704991E-5,   100,0,1,0
        347,2026-08-28,12:38:31.014,         68,          5,   9.053000E+1,   9.095000E+2,   0.000000E+0,   0.000000E+0,   2.390000E+0,   0.000000E+0,   0.000000E+0,   1.000000E+2,   1.005012E+3,   2.008473E-3,   9.948730E-3,   1.546053E+3,   1.300698E-2,   6.494141E-2,   2.578128E+1,   7.049057E-4,   1.498363E+3,   4.300972E-4,   6.883460E+0,   3.460244E-5,   100,1,1,1
        348,2026-08-28,12:40:31.016,         69,          5,   9.053000E+1,   9.095000E+2,   0.000000E+0,   0.000000E+0,   2.390000E+0,   0.000000E+0,   0.000000E+0,   1.000000E+2,   1.005008E+3,   2.194639E-3,   1.068115E-2,   1.546045E+3,   1.414564E-2,   5.920410E-2,   2.578273E+1,   3.097506E-4,   1.498362E+3,   5.249712E-4,   6.883482E+0,   3.764889E-5,   100,0,1,0
        349,2026-08-28,12:42:31.018,         70,          5,   9.053000E+1,   9.095000E+2,   0.000000E+0,   0.000000E+0,   2.390000E+0,   0.000000E+0,   0.000000E+0,   1.000000E+2,   1.004999E+3,   3.688811E-3,   1.336670E-2,   1.546042E+3,   1.402622E-2,   6.347656E-2,   2.578538E+1,   9.774868E-4,   1.498361E+3,   7.550190E-4,   6.883490E+0,   3.729409E-5,   100,0,1,0
        350,2026-08-28,12:44:31.020,         71,          5,   9.053000E+1,   9.095000E+2,   0.000000E+0,   0.000000E+0,   2.390000E+0,   0.000000E+0,   0.000000E+0,   1.000000E+2,   1.004994E+3,   3.618272E-3,   1.477051E-2,   1.546033E+3,   1.510162E-2,   8.471680E-2,   2.578932E+1,   9.234902E-4,   1.498361E+3,   7.297980E-4,   6.883515E+0,   4.019887E-5,   100,0,1,0
        351,2026-08-28,12:46:31.022,         72,          5,   9.053000E+1,   9.095000E+2,   0.000000E+0,   0.000000E+0,   2.390000E+0,   0.000000E+0,   0.000000E+0,   1.000000E+2,   1.004990E+3,   3.565602E-3,   1.483154E-2,   1.546025E+3,   1.261340E-2,   6.542969E-2,   2.579142E+1,   5.312429E-4,   1.498360E+3,   8.032757E-4,   6.883536E+0,   3.352909E-5,   100,0,1,0
        352,2026-08-28,12:48:31.024,         73,          5,   9.053000E+1,   9.095000E+2,   0.000000E+0,   0.000000E+0,   2.390000E+0,   0.000000E+0,   0.000000E+0,   1.000000E+2,   1.004986E+3,   2.155142E-3,   1.153564E-2,   1.546014E+3,   1.441113E-2,   6.811523E-2,   2.579284E+1,   6.431143E-4,   1.498359E+3,   5.133232E-4,   6.883567E+0,   3.835947E-5,   100,0,1,0
        353,2026-08-28,12:50:31.026,         74,          5,   9.053000E+1,   9.095000E+2,   0.000000E+0,   0.000000E+0,   2.390000E+0,   0.000000E+0,   0.000000E+0,   1.000000E+2,   1.004982E+3,   2.859887E-3,   1.422119E-2,   1.545998E+3,   1.287197E-2,   5.969238E-2,   2.579568E+1,   7.763177E-4,   1.498359E+3,   7.008369E-4,   6.883609E+0,   3.428546E-5,   100,0,1,0
        354,2026-08-28,12:52:31.028,         75,          5,   9.053000E+1,   9.095000E+2,   0.000000E+0,   0.000000E+0,   2.390000E+0,   0.000000E+0,   0.000000E+0,   1.000000E+2,   1.004978E+3,   2.516789E-3,   1.342773E-2,   1.545996E+3,   1.565283E-2,   8.325195E-2,   2.579884E+1,   1.070570E-3,   1.498359E+3,   6.193784E-4,   6.883616E+0,   4.148107E-5,   100,0,1,0
        355,2026-08-28,12:54:31.030,         76,          5,   9.053000E+1,   9.095000E+2,   0.000000E+0,   0.000000E+0,   2.390000E+0,   0.000000E+0,   0.000000E+0,   1.000000E+2,   1.004935E+3,   3.595435E-2,   1.109619E-1,   1.546123E+3,   4.714227E-2,   1.905518E-1,   2.580366E+1,   1.204215E-3,   1.498349E+3,   8.341204E-3,   6.883279E+0,   1.251222E-4,   100,0,1,0
        356,2026-08-28,13:04:03.379,         77,          5,   9.053000E+1,   9.095000E+2,   0.000000E+0,   0.000000E+0,   2.390000E+0,   0.000000E+0,   0.000000E+0,   1.000000E+2,   1.005038E+3,   6.943153E-3,   2.624512E-2,   1.545995E+3,   4.422731E-2,   1.912842E-1,   2.581736E+1,   4.157808E-3,   1.498375E+3,   1.323939E-3,   6.883625E+0,   1.166902E-4,   100,0,1,0
        357,2026-08-28,13:06:03.381,         78,          5,   9.053000E+1,   9.095000E+2,   0.000000E+0,   0.000000E+0,   2.390000E+0,   0.000000E+0,   0.000000E+0,   1.000000E+2,   1.005060E+3,   6.020199E-3,   2.484131E-2,   1.545881E+3,   3.131517E-2,   1.311035E-1,   2.581133E+1,   5.239681E-4,   1.498380E+3,   1.581738E-3,   6.883926E+0,   8.332483E-5,   100,0,1,0
        358,2026-08-28,13:08:03.383,         79,          5,   9.053000E+1,   9.095000E+2,   0.000000E+0,   0.000000E+0,   2.390000E+0,   0.000000E+0,   0.000000E+0,   1.000000E+2,   1.005081E+3,   4.650342E-3,   1.910400E-2,   1.545804E+3,   2.124900E-2,   9.643555E-2,   2.581446E+1,   9.081893E-4,   1.498386E+3,   1.267126E-3,   6.884131E+0,   5.671373E-5,   100,0,1,0
        359,2026-08-28,13:10:03.385,         80,          5,   9.053000E+1,   9.095000E+2,   0.000000E+0,   0.000000E+0,   2.390000E+0,   0.000000E+0,   0.000000E+0,   1.000000E+2,   1.005097E+3,   4.126018E-3,   1.446533E-2,   1.545732E+3,   1.820726E-2,   8.825684E-2,   2.581217E+1,   1.300797E-3,   1.498390E+3,   7.576589E-4,   6.884322E+0,   4.821052E-5,   100,0,1,0
        360,2026-08-28,13:12:03.387,         81,          5,   9.053000E+1,   9.095000E+2,   0.000000E+0,   0.000000E+0,   2.390000E+0,   0.000000E+0,   0.000000E+0,   1.000000E+2,   1.005109E+3,   3.669155E-3,   1.519775E-2,   1.545666E+3,   2.039392E-2,   9.301758E-2,   2.580706E+1,   1.392140E-3,   1.498392E+3,   7.227767E-4,   6.884496E+0,   5.398913E-5,   100,0,1,0
        361,2026-08-28,13:14:03.389,         82,          5,   9.053000E+1,   9.095000E+2,   0.000000E+0,   0.000000E+0,   2.390000E+0,   0.000000E+0,   0.000000E+0,   1.000000E+2,   1.005110E+3,   5.956835E-3,   3.070068E-2,   1.545583E+3,   4.465628E-2,   1.652832E-1,   2.580281E+1,   9.382368E-4,   1.498391E+3,   1.440795E-3,   6.884716E+0,   1.186578E-4,   100,0,1,0
        362,2026-08-28,13:16:03.391,         83,          5,   9.053000E+1,   9.095000E+2,   0.000000E+0,   0.000000E+0,   2.390000E+0,   0.000000E+0,   0.000000E+0,   1.000000E+2,   1.005070E+3,   5.378237E-2,   1.883545E-1,   1.545489E+3,   2.243744E-2,   1.065674E-1,   2.579944E+1,   1.336979E-3,   1.498380E+3,   1.306478E-2,   6.884967E+0,   5.989644E-5,   100,0,1,0
        363,2026-08-28,13:18:03.393,         84,          5,   9.053000E+1,   9.095000E+2,   0.000000E+0,   0.000000E+0,   2.390000E+0,   0.000000E+0,   0.000000E+0,   1.000000E+2,   1.005055E+3,   5.917418E-2,   2.338867E-1,   1.545492E+3,   1.638719E-2,   9.753418E-2,   2.579367E+1,   2.006314E-3,   1.498375E+3,   1.399287E-2,   6.884956E+0,   4.339008E-5,   100,0,1,0
        364,2026-08-28,13:20:03.395,         85,          5,   9.053000E+1,   9.095000E+2,   0.000000E+0,   0.000000E+0,   2.390000E+0,   0.000000E+0,   0.000000E+0,   1.000000E+2,   1.005111E+3,   4.990106E-2,   2.405396E-1,   1.545438E+3,   2.194420E-2,   9.570313E-2,   2.578573E+1,   1.700763E-3,   1.498388E+3,   1.211422E-2,   6.885099E+0,   5.806618E-5,   100,0,1,0
        365,2026-08-28,13:22:03.397,         86,          5,   9.053000E+1,   9.095000E+2,   0.000000E+0,   0.000000E+0,   2.390000E+0,   0.000000E+0,   0.000000E+0,   1.000000E+2,   1.005161E+3,   1.059556E-2,   4.968262E-2,   1.545388E+3,   1.994911E-2,   7.116699E-2,   2.577891E+1,   1.775878E-3,   1.498398E+3,   2.485176E-3,   6.885229E+0,   5.271347E-5,   100,0,1,0
        366,2026-08-28,13:24:03.399,         87,          5,   9.053000E+1,   9.095000E+2,   0.000000E+0,   0.000000E+0,   2.390000E+0,   0.000000E+0,   0.000000E+0,   1.000000E+2,   1.005153E+3,   3.095129E-2,   1.362305E-1,   1.545323E+3,   1.663794E-2,   6.311035E-2,   2.577173E+1,   1.695542E-3,   1.498395E+3,   7.532858E-3,   6.885400E+0,   4.394384E-5,   100,0,1,0
        367,2026-08-28,13:26:03.401,         88,          5,   9.053000E+1,   9.095000E+2,   0.000000E+0,   0.000000E+0,   2.390000E+0,   0.000000E+0,   0.000000E+0,   1.000000E+2,   1.005181E+3,   9.782459E-3,   4.394531E-2,   1.545286E+3,   1.279271E-2,   6.091309E-2,   2.576564E+1,   1.777432E-3,   1.498400E+3,   2.335130E-3,   6.885498E+0,   3.369102E-5,   100,0,1,0
        368,2026-08-28,13:28:03.403,         89,          5,   9.053000E+1,   9.095000E+2,   0.000000E+0,   0.000000E+0,   2.390000E+0,   0.000000E+0,   0.000000E+0,   1.000000E+2,   1.005177E+3,   4.247353E-2,   2.043457E-1,   1.545239E+3,   1.711027E-2,   6.298828E-2,   2.575680E+1,   2.778592E-3,   1.498397E+3,   1.034855E-2,   6.885619E+0,   4.488917E-5,   100,0,1,0
        369,2026-08-28,13:30:03.405,         90,          5,   9.053000E+1,   9.095000E+2,   0.000000E+0,   0.000000E+0,   2.390000E+0,   0.000000E+0,   0.000000E+0,   1.000000E+2,   1.005189E+3,   3.169972E-2,   1.256714E-1,   1.545186E+3,   1.594904E-2,   6.872559E-2,   2.574635E+1,   2.423292E-3,   1.498398E+3,   7.703210E-3,   6.885758E+0,   4.195081E-5,   100,0,1,0
        370,2026-08-28,13:32:03.407,         91,          5,   9.053000E+1,   9.095000E+2,   0.000000E+0,   0.000000E+0,   2.390000E+0,   0.000000E+0,   0.000000E+0,   1.000000E+2,   1.005197E+3,   3.268224E-2,   1.209717E-1,   1.545134E+3,   1.868056E-2,   7.592773E-2,   2.573853E+1,   1.896827E-3,   1.498399E+3,   7.733035E-3,   6.885894E+0,   4.929146E-5,   100,0,1,0
        371,2026-08-28,13:34:03.409,         92,          5,   9.053000E+1,   9.095000E+2,   0.000000E+0,   0.000000E+0,   2.390000E+0,   0.000000E+0,   0.000000E+0,   1.000000E+2,   1.005219E+3,   1.506926E-2,   6.787109E-2,   1.545082E+3,   9.085338E-3,   4.711914E-2,   2.572878E+1,   2.813428E-3,   1.498402E+3,   3.509876E-3,   6.886030E+0,   2.366271E-5,   100,0,1,0
        372,2026-08-28,13:36:03.411,         93,          5,   9.053000E+1,   9.095000E+2,   0.000000E+0,   0.000000E+0,   2.390000E+0,   0.000000E+0,   0.000000E+0,   1.000000E+2,   1.005225E+3,   3.136409E-2,   1.624756E-1,   1.545031E+3,   1.938874E-2,   6.494141E-2,   2.572014E+1,   2.263668E-3,   1.498401E+3,   7.531350E-3,   6.886165E+0,   5.113649E-5,   100,0,1,0
        373,2026-08-28,13:38:03.413,         94,          5,   9.053000E+1,   9.095000E+2,   0.000000E+0,   0.000000E+0,   2.390000E+0,   0.000000E+0,   0.000000E+0,   1.000000E+2,   1.005244E+3,   2.201158E-3,   8.361816E-3,   1.544996E+3,   1.079422E-2,   4.687500E-2,   2.571253E+1,   1.397742E-3,   1.498405E+3,   2.850315E-4,   6.886256E+0,   2.844483E-5,   100,1,1,1
        374,2026-08-28,13:40:03.415,         95,          5,   9.053000E+1,   9.095000E+2,   0.000000E+0,   0.000000E+0,   2.390000E+0,   0.000000E+0,   0.000000E+0,   1.000000E+2,   1.005251E+3,   2.617538E-3,   1.367188E-2,   1.544962E+3,   1.013741E-2,   4.699707E-2,   2.570763E+1,   1.102506E-3,   1.498405E+3,   4.106770E-4,   6.886345E+0,   2.675242E-5,   100,0,1,0
        375,2026-08-28,13:42:03.417,         96,          5,   9.053000E+1,   9.095000E+2,   0.000000E+0,   0.000000E+0,   2.390000E+0,   0.000000E+0,   0.000000E+0,   1.000000E+2,   1.005157E+3,   2.785758E-1,   1.398621E+0,   1.544919E+3,   2.038733E-2,   6.738281E-2,   2.570182E+1,   1.695196E-3,   1.498381E+3,   6.754921E-2,   6.886458E+0,   5.391043E-5,   100,0,1,0
        376,2026-08-28,13:44:03.419,         97,          5,   9.053000E+1,   9.095000E+2,   0.000000E+0,   0.000000E+0,   2.390000E+0,   0.000000E+0,   0.000000E+0,   1.000000E+2,   1.005238E+3,   1.081350E-1,   5.971680E-1,   1.544871E+3,   1.103791E-2,   4.675293E-2,   2.569540E+1,   2.204384E-3,   1.498399E+3,   2.573276E-2,   6.886583E+0,   2.887254E-5,   100,0,1,0
        377,2026-08-28,13:46:03.421,         98,          5,   9.053000E+1,   9.095000E+2,   0.000000E+0,   0.000000E+0,   2.390000E+0,   0.000000E+0,   0.000000E+0,   1.000000E+2,   1.005273E+3,   2.626776E-3,   1.037598E-2,   1.544839E+3,   8.589580E-3,   3.430176E-2,   2.568570E+1,   2.301951E-3,   1.498406E+3,   6.719514E-4,   6.886665E+0,   2.239764E-5,   100,0,1,0
        378,2026-08-28,13:48:03.423,         99,          5,   9.053000E+1,   9.095000E+2,   0.000000E+0,   0.000000E+0,   2.390000E+0,   0.000000E+0,   0.000000E+0,   1.000000E+2,   1.005283E+3,   5.446029E-3,   2.435303E-2,   1.544815E+3,   8.812963E-3,   4.467773E-2,   2.567759E+1,   1.821336E-3,   1.498407E+3,   1.029658E-3,   6.886727E+0,   2.312421E-5,   100,0,1,0
        379,2026-08-28,13:57:43.139,        100,          5,   9.053000E+1,   9.095000E+2,   0.000000E+0,   0.000000E+0,   2.390000E+0,   0.000000E+0,   0.000000E+0,   1.000000E+2,   1.005270E+3,   4.611318E-3,   2.124023E-2,   1.544830E+3,   1.485040E-2,   6.872559E-2,   2.569677E+1,   5.559029E-3,   1.498407E+3,   1.029547E-3,   6.886693E+0,   3.841159E-5,   100,0,1,0
        380,2026-08-28,13:59:43.141,        101,          5,   9.053000E+1,   9.095000E+2,   0.000000E+0,   0.000000E+0,   2.390000E+0,   0.000000E+0,   0.000000E+0,   1.000000E+2,   1.005285E+3,   3.314579E-3,   1.318359E-2,   1.544793E+3,   9.757817E-3,   4.846191E-2,   2.568940E+1,   5.887411E-4,   1.498410E+3,   8.694873E-4,   6.886789E+0,   2.603524E-5,   100,0,1,0
        381,2026-08-28,14:01:43.143,        102,          5,   9.053000E+1,   9.095000E+2,   0.000000E+0,   0.000000E+0,   2.390000E+0,   0.000000E+0,   0.000000E+0,   1.000000E+2,   1.005295E+3,   3.297294E-3,   2.044678E-2,   1.544773E+3,   9.567900E-3,   5.383301E-2,   2.569311E+1,   1.476682E-3,   1.498414E+3,   1.008339E-3,   6.886845E+0,   2.564100E-5,   100,0,1,0
        382,2026-08-28,14:03:43.145,        103,          5,   9.053000E+1,   9.095000E+2,   0.000000E+0,   0.000000E+0,   2.390000E+0,   0.000000E+0,   0.000000E+0,   1.000000E+2,   1.005296E+3,   2.261775E-2,   1.121826E-1,   1.544761E+3,   1.074965E-2,   5.261230E-2,   2.569817E+1,   9.673203E-4,   1.498415E+3,   5.499321E-3,   6.886878E+0,   2.876896E-5,   100,0,1,0
        383,2026-08-28,14:05:43.147,        104,          5,   9.053000E+1,   9.095000E+2,   0.000000E+0,   0.000000E+0,   2.390000E+0,   0.000000E+0,   0.000000E+0,   1.000000E+2,   1.005304E+3,   3.049586E-3,   1.214600E-2,   1.544749E+3,   8.901481E-3,   4.589844E-2,   2.570342E+1,   1.942087E-3,   1.498418E+3,   7.569791E-4,   6.886911E+0,   2.371845E-5,   100,0,1,0
        384,2026-08-28,14:07:43.149,        105,          5,   9.053000E+1,   9.095000E+2,   0.000000E+0,   0.000000E+0,   2.390000E+0,   0.000000E+0,   0.000000E+0,   1.000000E+2,   1.005309E+3,   2.051466E-3,   1.239014E-2,   1.544738E+3,   7.508379E-3,   4.101562E-2,   2.571000E+1,   1.584894E-3,   1.498420E+3,   7.399570E-4,   6.886942E+0,   2.009360E-5,   100,0,1,0
        385,2026-09-01,08:01:44.879,          1,        101,   0.000000E+0,   0.000000E+0,   0.000000E+0,   0.000000E+0,   0.000000E+0,   0.000000E+0,   0.000000E+0,   0.000000E+0,   9.976160E+2,   3.734187E-3,   1.354980E-2,   1.489358E+3,   1.629458E-1,   1.604736E+0,   2.233502E+1,   1.510141E-2,   1.495873E+3,   2.411427E-3,   7.039091E+0,   4.645038E-4,   100,0,0,0
        386,2026-09-01,08:03:44.881,          2,        101,   0.000000E+0,   0.000000E+0,   0.000000E+0,   0.000000E+0,   0.000000E+0,   0.000000E+0,   0.000000E+0,   0.000000E+0,   9.976160E+2,   3.734187E-3,   1.354980E-2,   1.489358E+3,   1.629458E-1,   1.604736E+0,   2.233502E+1,   1.510141E-2,   1.495873E+3,   2.411427E-3,   7.039091E+0,   4.645038E-4,   100,0,0,0
        387,2026-09-01,08:05:44.883,          3,        101,   0.000000E+0,   0.000000E+0,   0.000000E+0,   0.000000E+0,   0.000000E+0,   0.000000E+0,   0.000000E+0,   0.000000E+0,   9.976160E+2,   3.734187E-3,   1.354980E-2,   1.489358E+3,   1.629458E-1,   1.604736E+0,   2.233502E+1,   1.510141E-2,   1.495873E+3,   2.411427E-3,   7.039091E+0,   4.645038E-4,   100,0,0,0
        388,2026-09-01,08:07:44.885,          4,        101,   0.000000E+0,   0.000000E+0,   0.000000E+0,   0.000000E+0,   0.000000E+0,   0.000000E+0,   0.000000E+0,   0.000000E+0,   9.976160E+2,   3.734187E-3,   1.354980E-2,   1.489358E+3,   1.629458E-1,   1.604736E+0,   2.233502E+1,   1.510141E-2,   1.495873E+3,   2.411427E-3,   7.039091E+0,   4.645038E-4,   100,0,0,0
        389,2026-09-01,08:09:44.887,          5,        101,   0.000000E+0,   0.000000E+0,   0.000000E+0,   0.000000E+0,   0.000000E+0,   0.000000E+0,   0.000000E+0,   0.000000E+0,   9.976160E+2,   3.734187E-3,   1.354980E-2,   1.489358E+3,   1.629458E-1,   1.604736E+0,   2.233502E+1,   1.510141E-2,   1.495873E+3,   2.411427E-3,   7.039091E+0,   4.645038E-4,   100,0,0,0
        390,2026-09-01,08:15:11.260,          6,        100,   0.000000E+0,   0.000000E+0,   0.000000E+0,   0.000000E+0,   0.000000E+0,   0.000000E+0,   0.000000E+0,   1.000000E+2,   9.974391E+2,   2.393119E-3,   9.277344E-3,   1.491627E+3,   3.032678E-2,   1.113281E-1,   2.313396E+1,   1.117135E-2,   1.495994E+3,   1.868475E-3,   7.032815E+0,   8.364710E-5,   100,1,1,1
        391,2026-09-01,08:17:11.262,          7,        100,   0.000000E+0,   0.000000E+0,   0.000000E+0,   0.000000E+0,   0.000000E+0,   0.000000E+0,   0.000000E+0,   1.000000E+2,   9.974286E+2,   2.555996E-3,   9.338379E-3,   1.491749E+3,   2.680100E-2,   9.533691E-2,   2.317803E+1,   9.981547E-3,   1.496001E+3,   1.516305E-3,   7.032478E+0,   7.388161E-5,   100,1,1,1
        392,2026-09-01,08:19:11.264,          8,        100,   0.000000E+0,   0.000000E+0,   0.000000E+0,   0.000000E+0,   0.000000E+0,   0.000000E+0,   0.000000E+0,   1.000000E+2,   9.974194E+2,   2.189088E-3,   7.873535E-3,   1.491854E+3,   2.146482E-2,   7.775879E-2,   2.321642E+1,   7.986450E-3,   1.496007E+3,   1.233792E-3,   7.032189E+0,   5.915583E-5,   100,1,1,1
        393,2026-09-01,08:21:11.266,          9,        100,   0.000000E+0,   0.000000E+0,   0.000000E+0,   0.000000E+0,   0.000000E+0,   0.000000E+0,   0.000000E+0,   1.000000E+2,   9.974102E+2,   2.475621E-3,   8.972168E-3,   1.491956E+3,   3.039878E-2,   1.098633E-1,   2.325202E+1,   1.051234E-2,   1.496012E+3,   1.616735E-3,   7.031907E+0,   8.396674E-5,   100,1,1,1
        394,2026-09-01,08:23:11.268,         10,        100,   0.000000E+0,   0.000000E+0,   0.000000E+0,   0.000000E+0,   0.000000E+0,   0.000000E+0,   0.000000E+0,   1.000000E+2,   9.974000E+2,   2.681235E-3,   1.019287E-2,   1.492075E+3,   2.999005E-2,   9.521484E-2,   2.329420E+1,   1.066899E-2,   1.496019E+3,   1.630976E-3,   7.031577E+0,   8.275856E-5,   100,0,1,0
        395,2026-09-01,08:25:11.270,         11,        100,   0.000000E+0,   0.000000E+0,   0.000000E+0,   0.000000E+0,   0.000000E+0,   0.000000E+0,   0.000000E+0,   1.000000E+2,   9.973908E+2,   2.387480E-3,   9.399414E-3,   1.492179E+3,   2.363995E-2,   8.508301E-2,   2.333234E+1,   8.775051E-3,   1.496024E+3,   1.311686E-3,   7.031291E+0,   6.511560E-5,   100,1,1,1
        396,2026-09-01,08:27:11.272,         12,        100,   0.000000E+0,   0.000000E+0,   0.000000E+0,   0.000000E+0,   0.000000E+0,   0.000000E+0,   0.000000E+0,   1.000000E+2,   9.973810E+2,   2.470092E-3,   8.972168E-3,   1.492292E+3,   2.921252E-2,   1.107178E-1,   2.337208E+1,   1.030270E-2,   1.496030E+3,   1.549713E-3,   7.030980E+0,   8.061754E-5,   100,1,1,1
        397,2026-09-01,08:29:11.274,         13,        100,   0.000000E+0,   0.000000E+0,   0.000000E+0,   0.000000E+0,   0.000000E+0,   0.000000E+0,   0.000000E+0,   1.000000E+2,   9.973712E+2,   2.583930E-3,   9.216309E-3,   1.492405E+3,   2.942051E-2,   1.015625E-1,   2.341265E+1,   1.028802E-2,   1.496036E+3,   1.570728E-3,   7.030667E+0,   8.116679E-5,   100,1,1,1
        398,2026-09-01,08:31:11.276,         14,        100,   0.000000E+0,   0.000000E+0,   0.000000E+0,   0.000000E+0,   0.000000E+0,   0.000000E+0,   0.000000E+0,   1.000000E+2,   9.973607E+2,   2.622142E-3,   9.460449E-3,   1.492524E+3,   2.893003E-2,   1.003418E-1,   2.345549E+1,   1.059763E-2,   1.496043E+3,   1.578972E-3,   7.030339E+0,   7.972567E-5,   100,1,1,1
        399,2026-09-01,08:33:11.278,         15,        100,   0.000000E+0,   0.000000E+0,   0.000000E+0,   0.000000E+0,   0.000000E+0,   0.000000E+0,   0.000000E+0,   1.000000E+2,   9.973512E+2,   2.358934E-3,   8.483887E-3,   1.492632E+3,   2.394076E-2,   8.679199E-2,   2.349536E+1,   8.356588E-3,   1.496049E+3,   1.302644E-3,   7.030044E+0,   6.609782E-5,   100,1,1,1
        400,2026-09-01,08:35:11.280,         16,        100,   0.000000E+0,   0.000000E+0,   0.000000E+0,   0.000000E+0,   0.000000E+0,   0.000000E+0,   0.000000E+0,   1.000000E+2,   9.973429E+2,   1.855782E-3,   6.835937E-3,   1.492718E+3,   1.820664E-2,   6.726074E-2,   2.352681E+1,   6.660895E-3,   1.496053E+3,   9.727047E-4,   7.029807E+0,   5.014889E-5,   100,1,1,1
        401,2026-09-01,08:37:11.282,         17,        100,   0.000000E+0,   0.000000E+0,   0.000000E+0,   0.000000E+0,   0.000000E+0,   0.000000E+0,   0.000000E+0,   1.000000E+2,   9.973348E+2,   2.166089E-3,   7.934570E-3,   1.492809E+3,   2.330683E-2,   8.410645E-2,   2.355857E+1,   8.723790E-3,   1.496058E+3,   1.284191E-3,   7.029554E+0,   6.412456E-5,   100,1,1,1
        402,2026-09-01,08:39:11.284,         18,        100,   0.000000E+0,   0.000000E+0,   0.000000E+0,   0.000000E+0,   0.000000E+0,   0.000000E+0,   0.000000E+0,   1.000000E+2,   9.973271E+2,   1.882587E-3,   7.019043E-3,   1.492891E+3,   2.173160E-2,   7.592773E-2,   2.358931E+1,   7.691031E-3,   1.496063E+3,   1.149712E-3,   7.029328E+0,   5.989366E-5,   100,1,1,1
        403,2026-09-01,08:41:11.286,         19,        100,   0.000000E+0,   0.000000E+0,   0.000000E+0,   0.000000E+0,   0.000000E+0,   0.000000E+0,   0.000000E+0,   1.000000E+2,   9.973193E+2,   1.880095E-3,   7.202148E-3,   1.492975E+3,   2.063889E-2,   7.104492E-2,   2.361991E+1,   7.161796E-3,   1.496067E+3,   1.076268E-3,   7.029096E+0,   5.693007E-5,   100,1,1,1
        404,2026-09-01,08:43:11.288,         20,        100,   0.000000E+0,   0.000000E+0,   0.000000E+0,   0.000000E+0,   0.000000E+0,   0.000000E+0,   0.000000E+0,   1.000000E+2,   9.973122E+2,   1.667143E-3,   5.981445E-3,   1.493048E+3,   1.560044E-2,   5.651855E-2,   2.364684E+1,   5.976821E-3,   1.496071E+3,   8.518317E-4,   7.028897E+0,   4.287095E-5,   100,1,1,1
        405,2026-09-01,08:45:11.291,         21,        100,   0.000000E+0,   0.000000E+0,   0.000000E+0,   0.000000E+0,   0.000000E+0,   0.000000E+0,   0.000000E+0,   1.000000E+2,   9.973062E+2,   1.456520E-3,   5.615234E-3,   1.493111E+3,   1.505381E-2,   5.871582E-2,   2.367021E+1,   5.716173E-3,   1.496074E+3,   8.314551E-4,   7.028723E+0,   4.139135E-5,   100,1,1,1
        406,2026-09-01,08:47:11.292,         22,        100,   0.000000E+0,   0.000000E+0,   0.000000E+0,   0.000000E+0,   0.000000E+0,   0.000000E+0,   0.000000E+0,   1.000000E+2,   9.973006E+2,   1.648201E-3,   6.164551E-3,   1.493168E+3,   1.728368E-2,   5.834961E-2,   2.369086E+1,   5.885762E-3,   1.496078E+3,   9.052636E-4,   7.028567E+0,   4.769077E-5,   100,1,1,1
        407,2026-09-01,08:49:11.294,         23,        100,   0.000000E+0,   0.000000E+0,   0.000000E+0,   0.000000E+0,   0.000000E+0,   0.000000E+0,   0.000000E+0,   1.000000E+2,   9.972950E+2,   1.430464E-3,   5.554199E-3,   1.493227E+3,   1.443833E-2,   5.114746E-2,   2.371239E+1,   5.084777E-3,   1.496081E+3,   7.426220E-4,   7.028404E+0,   3.978728E-5,   100,1,1,1
        408,2026-09-01,08:51:11.297,         24,        100,   0.000000E+0,   0.000000E+0,   0.000000E+0,   0.000000E+0,   0.000000E+0,   0.000000E+0,   0.000000E+0,   1.000000E+2,   9.972900E+2,   1.331743E-3,   5.310059E-3,   1.493277E+3,   1.292154E-2,   4.760742E-2,   2.373102E+1,   4.537912E-3,   1.496083E+3,   6.789840E-4,   7.028266E+0,   3.562422E-5,   100,1,1,1
        409,2026-09-01,08:53:11.299,         25,        100,   0.000000E+0,   0.000000E+0,   0.000000E+0,   0.000000E+0,   0.000000E+0,   0.000000E+0,   0.000000E+0,   1.000000E+2,   9.972844E+2,   1.440366E-3,   5.981445E-3,   1.493336E+3,   1.550644E-2,   5.700684E-2,   2.375169E+1,   5.521527E-3,   1.496087E+3,   8.024443E-4,   7.028105E+0,   4.274127E-5,   100,1,1,1
        410,2026-09-01,08:55:11.301,         26,        100,   0.000000E+0,   0.000000E+0,   0.000000E+0,   0.000000E+0,   0.000000E+0,   0.000000E+0,   0.000000E+0,   1.000000E+2,   9.972787E+2,   1.413370E-3,   5.432129E-3,   1.493395E+3,   1.380229E-2,   5.029297E-2,   2.377310E+1,   5.172334E-3,   1.496090E+3,   7.612609E-4,   7.027941E+0,   3.796849E-5,   100,1,1,1
        411,2026-09-01,08:57:11.303,         27,        100,   0.000000E+0,   0.000000E+0,   0.000000E+0,   0.000000E+0,   0.000000E+0,   0.000000E+0,   0.000000E+0,   1.000000E+2,   9.972745E+2,   1.064929E-3,   3.906250E-3,   1.493436E+3,   1.109398E-2,   3.918457E-2,   2.378895E+1,   3.829734E-3,   1.496092E+3,   5.948453E-4,   7.027830E+0,   3.060923E-5,   100,1,1,1
        412,2026-09-01,08:59:11.305,         28,        100,   0.000000E+0,   0.000000E+0,   0.000000E+0,   0.000000E+0,   0.000000E+0,   0.000000E+0,   0.000000E+0,   1.000000E+2,   9.972701E+2,   1.268325E-3,   4.577637E-3,   1.493485E+3,   1.444969E-2,   5.102539E-2,   2.380584E+1,   4.809075E-3,   1.496094E+3,   7.257164E-4,   7.027694E+0,   3.988418E-5,   100,1,1,1
        413,2026-09-01,09:01:11.307,         29,        100,   0.000000E+0,   0.000000E+0,   0.000000E+0,   0.000000E+0,   0.000000E+0,   0.000000E+0,   0.000000E+0,   1.000000E+2,   9.972648E+2,   1.250748E-3,   4.638672E-3,   1.493545E+3,   1.380727E-2,   5.017090E-2,   2.382664E+1,   5.268521E-3,   1.496098E+3,   7.596824E-4,   7.027530E+0,   3.791673E-5,   100,1,1,1
        414,2026-09-01,09:03:11.309,         30,        100,   0.000000E+0,   0.000000E+0,   0.000000E+0,   0.000000E+0,   0.000000E+0,   0.000000E+0,   0.000000E+0,   1.000000E+2,   9.972604E+2,   1.131958E-3,   4.943848E-3,   1.493585E+3,   9.832221E-3,   3.723145E-2,   2.384272E+1,   3.665409E-3,   1.496100E+3,   5.285444E-4,   7.027420E+0,   2.705102E-5,   100,1,1,1
        415,2026-09-01,09:05:11.311,         31,        100,   0.000000E+0,   0.000000E+0,   0.000000E+0,   0.000000E+0,   0.000000E+0,   0.000000E+0,   0.000000E+0,   1.000000E+2,   9.972559E+2,   1.336355E-3,   5.493164E-3,   1.493632E+3,   1.263989E-2,   4.296875E-2,   2.385933E+1,   4.514559E-3,   1.496103E+3,   6.702918E-4,   7.027289E+0,   3.483606E-5,   100,1,1,1
        416,2026-09-01,09:07:11.313,         32,        100,   0.000000E+0,   0.000000E+0,   0.000000E+0,   0.000000E+0,   0.000000E+0,   0.000000E+0,   0.000000E+0,   1.000000E+2,   9.972523E+2,   1.032690E-3,   4.699707E-3,   1.493668E+3,   9.671413E-3,   3.674316E-2,   2.387328E+1,   3.427436E-3,   1.496104E+3,   5.092533E-4,   7.027191E+0,   2.665667E-5,   100,1,1,1
        417,2026-09-01,09:09:11.315,         33,        100,   0.000000E+0,   0.000000E+0,   0.000000E+0,   0.000000E+0,   0.000000E+0,   0.000000E+0,   0.000000E+0,   1.000000E+2,   9.972495E+2,   6.989950E-4,   3.356934E-3,   1.493693E+3,   6.051077E-3,   2.355957E-2,   2.388321E+1,   1.821873E-3,   1.496106E+3,   2.716752E-4,   7.027123E+0,   1.677635E-5,   100,1,1,1
        418,2026-09-01,09:11:11.317,         34,        100,   0.000000E+0,   0.000000E+0,   0.000000E+0,   0.000000E+0,   0.000000E+0,   0.000000E+0,   0.000000E+0,   1.000000E+2,   9.972473E+2,   7.788235E-4,   3.417969E-3,   1.493710E+3,   5.812441E-3,   2.197266E-2,   2.388987E+1,   1.767922E-3,   1.496107E+3,   2.847356E-4,   7.027077E+0,   1.612691E-5,   100,1,1,1
        419,2026-09-01,09:13:11.319,         35,        100,   0.000000E+0,   0.000000E+0,   0.000000E+0,   0.000000E+0,   0.000000E+0,   0.000000E+0,   0.000000E+0,   1.000000E+2,   9.972444E+2,   1.107927E-3,   4.211426E-3,   1.493740E+3,   1.179563E-2,   4.089355E-2,   2.389998E+1,   3.547121E-3,   1.496108E+3,   5.615663E-4,   7.026993E+0,   3.266960E-5,   100,1,1,1
        420,2026-09-01,09:15:11.321,         36,        100,   0.000000E+0,   0.000000E+0,   0.000000E+0,   0.000000E+0,   0.000000E+0,   0.000000E+0,   0.000000E+0,   1.000000E+2,   9.972407E+2,   9.539952E-4,   4.089355E-3,   1.493783E+3,   7.709469E-3,   3.100586E-2,   2.391487E+1,   3.087674E-3,   1.496111E+3,   4.211144E-4,   7.026876E+0,   2.117996E-5,   100,1,1,1
        421,2026-09-01,09:17:11.322,         37,        100,   0.000000E+0,   0.000000E+0,   0.000000E+0,   0.000000E+0,   0.000000E+0,   0.000000E+0,   0.000000E+0,   1.000000E+2,   9.972375E+2,   7.111578E-4,   3.173828E-3,   1.493810E+3,   5.497479E-3,   2.185059E-2,   2.392613E+1,   2.204564E-3,   1.496112E+3,   2.961649E-4,   7.026800E+0,   1.512887E-5,   100,1,1,1
        422,2026-09-01,09:19:11.325,         38,        100,   0.000000E+0,   0.000000E+0,   0.000000E+0,   0.000000E+0,   0.000000E+0,   0.000000E+0,   0.000000E+0,   1.000000E+2,   9.972351E+2,   7.672500E-4,   3.356934E-3,   1.493837E+3,   7.733298E-3,   2.587891E-2,   2.393521E+1,   2.634914E-3,   1.496114E+3,   3.857296E-4,   7.026727E+0,   2.136809E-5,   100,1,1,1
        423,2026-09-01,09:21:11.327,         39,        100,   0.000000E+0,   0.000000E+0,   0.000000E+0,   0.000000E+0,   0.000000E+0,   0.000000E+0,   0.000000E+0,   1.000000E+2,   9.972314E+2,   1.127474E-3,   4.455566E-3,   1.493876E+3,   1.001392E-2,   3.479004E-2,   2.394863E+1,   4.031416E-3,   1.496116E+3,   5.750197E-4,   7.026620E+0,   2.746814E-5,   100,1,1,1
        424,2026-09-01,09:23:11.329,         40,        100,   0.000000E+0,   0.000000E+0,   0.000000E+0,   0.000000E+0,   0.000000E+0,   0.000000E+0,   0.000000E+0,   1.000000E+2,   9.972286E+2,   7.517763E-4,   2.929688E-3,   1.493901E+3,   6.377747E-3,   2.343750E-2,   2.395904E+1,   2.388080E-3,   1.496117E+3,   3.428960E-4,   7.026551E+0,   1.754232E-5,   100,1,1,1
        425,2026-09-01,09:25:11.331,         41,        100,   0.000000E+0,   0.000000E+0,   0.000000E+0,   0.000000E+0,   0.000000E+0,   0.000000E+0,   0.000000E+0,   1.000000E+2,   9.972271E+2,   5.306674E-4,   2.319336E-3,   1.493908E+3,   3.078500E-3,   1.342773E-2,   2.396324E+1,   5.962605E-4,   1.496118E+3,   1.206752E-4,   7.026531E+0,   8.701935E-6,   100,1,1,1
        426,2026-09-01,09:36:05.691,         42,        102,   3.955000E+1,   3.997300E+2,   0.000000E+0,   0.000000E+0,   0.000000E+0,   0.000000E+0,   0.000000E+0,   1.000000E+2,   1.004923E+3,   2.603775E-3,   8.789063E-3,   1.540622E+3,   2.795822E-2,   1.201172E-1,   2.353102E+1,   1.462812E-2,   1.497876E+3,   3.341186E-3,   6.897344E+0,   7.198627E-5,   100,0,1,0
        427,2026-09-01,09:38:05.693,         43,        102,   3.955000E+1,   3.997300E+2,   0.000000E+0,   0.000000E+0,   0.000000E+0,   0.000000E+0,   0.000000E+0,   1.000000E+2,   1.004927E+3,   1.254763E-3,   5.859375E-3,   1.540634E+3,   1.073637E-2,   6.970215E-2,   2.358362E+1,   1.033977E-2,   1.497888E+3,   2.290530E-3,   6.897328E+0,   3.072231E-5,   100,1,1,1
        428,2026-09-01,11:54:36.679,         44,          7,   9.096000E+1,   9.096100E+2,   0.000000E+0,   0.000000E+0,   0.000000E+0,   0.000000E+0,   0.000000E+0,   1.000000E+2,   1.003682E+3,   3.015087E-2,   1.056519E-1,   1.544889E+3,   4.644810E-2,   2.731934E-1,   2.430361E+1,   2.922506E-3,   1.497738E+3,   7.199551E-3,   6.886155E+0,   1.237687E-4,   100,0,1,0
        429,2026-09-01,11:56:36.681,         45,          7,   9.096000E+1,   9.096100E+2,   0.000000E+0,   0.000000E+0,   0.000000E+0,   0.000000E+0,   0.000000E+0,   1.000000E+2,   1.003790E+3,   3.317066E-2,   1.207275E-1,   1.544873E+3,   3.324280E-2,   1.569824E-1,   2.431574E+1,   2.576994E-3,   1.497767E+3,   8.219400E-3,   6.886201E+0,   8.872463E-5,   100,0,1,0
        430,2026-09-01,12:08:19.932,         46,          6,   9.095000E+1,   9.094900E+2,   0.000000E+0,   0.000000E+0,   0.000000E+0,   0.000000E+0,   0.000000E+0,   1.000000E+2,   1.004229E+3,   1.155522E-2,   4.467773E-2,   1.544000E+3,   3.321865E-2,   1.766357E-1,   2.398922E+1,   1.371457E-2,   1.497804E+3,   6.175502E-3,   6.888441E+0,   8.784659E-5,   100,0,1,0
        431,2026-09-01,12:10:19.934,         47,          6,   9.095000E+1,   9.094900E+2,   0.000000E+0,   0.000000E+0,   0.000000E+0,   0.000000E+0,   0.000000E+0,   1.000000E+2,   1.004254E+3,   7.983460E-3,   3.356934E-2,   1.544002E+3,   2.007694E-2,   1.148682E-1,   2.403339E+1,   9.619438E-3,   1.497820E+3,   3.376426E-3,   6.888446E+0,   5.394283E-5,   100,0,1,0
        432,2026-09-01,12:12:19.936,         48,          6,   9.095000E+1,   9.094900E+2,   0.000000E+0,   0.000000E+0,   0.000000E+0,   0.000000E+0,   0.000000E+0,   1.000000E+2,   1.004269E+3,   6.956404E-3,   2.697754E-2,   1.544011E+3,   1.551007E-2,   8.142090E-2,   2.407062E+1,   8.526980E-3,   1.497832E+3,   3.287320E-3,   6.888432E+0,   4.101183E-5,   100,0,1,0
        433,2026-09-01,12:14:19.939,         49,          6,   9.095000E+1,   9.094900E+2,   0.000000E+0,   0.000000E+0,   0.000000E+0,   0.000000E+0,   0.000000E+0,   1.000000E+2,   1.004279E+3,   4.098218E-3,   1.977539E-2,   1.544041E+3,   1.744394E-2,   8.361816E-2,   2.411127E+1,   1.069086E-2,   1.497843E+3,   2.737907E-3,   6.888364E+0,   4.583244E-5,   100,0,1,0
        434,2026-09-01,12:16:19.942,         50,          6,   9.095000E+1,   9.094900E+2,   0.000000E+0,   0.000000E+0,   0.000000E+0,   0.000000E+0,   0.000000E+0,   1.000000E+2,   1.004283E+3,   4.732710E-3,   2.117920E-2,   1.544062E+3,   1.728144E-2,   9.216309E-2,   2.414861E+1,   8.559790E-3,   1.497852E+3,   2.074252E-3,   6.888317E+0,   4.516677E-5,   100,0,1,0
        435,2026-09-01,12:18:19.944,         51,          6,   9.095000E+1,   9.094900E+2,   0.000000E+0,   0.000000E+0,   0.000000E+0,   0.000000E+0,   0.000000E+0,   1.000000E+2,   1.004283E+3,   4.903788E-3,   2.215576E-2,   1.544087E+3,   1.464900E-2,   6.591797E-2,   2.418376E+1,   8.351907E-3,   1.497859E+3,   2.487094E-3,   6.888262E+0,   3.852226E-5,   100,0,1,0
        436,2026-09-01,12:20:19.946,         52,          6,   9.095000E+1,   9.094900E+2,   0.000000E+0,   0.000000E+0,   0.000000E+0,   0.000000E+0,   0.000000E+0,   1.000000E+2,   1.004288E+3,   4.510963E-3,   1.995850E-2,   1.544102E+3,   1.524868E-2,   6.958008E-2,   2.421793E+1,   8.013417E-3,   1.497868E+3,   1.589908E-3,   6.888229E+0,   4.010139E-5,   100,0,1,0
        437,2026-09-01,12:22:19.948,         53,          6,   9.095000E+1,   9.094900E+2,   0.000000E+0,   0.000000E+0,   0.000000E+0,   0.000000E+0,   0.000000E+0,   1.000000E+2,   1.004287E+3,   4.565504E-3,   1.898193E-2,   1.544124E+3,   1.557702E-2,   8.312988E-2,   2.425018E+1,   7.752515E-3,   1.497874E+3,   2.301145E-3,   6.888180E+0,   4.074918E-5,   100,0,1,0
        438,2026-09-01,12:33:18.784,         54,        102,   3.955000E+1,   3.997300E+2,   0.000000E+0,   0.000000E+0,   0.000000E+0,   0.000000E+0,   0.000000E+0,   1.000000E+2,   1.003713E+3,   4.417967E-2,   1.530762E-1,   1.541760E+3,   1.201319E-2,   5.395508E-2,   2.426578E+1,   2.091949E-2,   1.497742E+3,   1.437610E-2,   6.894500E+0,   2.907734E-5,   100,0,1,0
        439,2026-09-01,12:35:18.787,         55,        102,   3.955000E+1,   3.997300E+2,   0.000000E+0,   0.000000E+0,   0.000000E+0,   0.000000E+0,   0.000000E+0,   1.000000E+2,   1.003848E+3,   2.293929E-2,   8.135986E-2,   1.541792E+3,   1.329895E-2,   6.787109E-2,   2.433680E+1,   1.443377E-2,   1.497788E+3,   8.378972E-3,   6.894434E+0,   3.289528E-5,   100,0,1,0
        440,2026-09-01,12:37:18.788,         56,        102,   3.955000E+1,   3.997300E+2,   0.000000E+0,   0.000000E+0,   0.000000E+0,   0.000000E+0,   0.000000E+0,   1.000000E+2,   1.003926E+3,   1.537376E-2,   5.401611E-2,   1.541825E+3,   1.216866E-2,   5.810547E-2,   2.439132E+1,   1.252264E-2,   1.497818E+3,   6.183714E-3,   6.894360E+0,   3.059874E-5,   100,0,1,0
        441,2026-09-01,12:39:18.790,         57,        102,   3.955000E+1,   3.997300E+2,   0.000000E+0,   0.000000E+0,   0.000000E+0,   0.000000E+0,   0.000000E+0,   1.000000E+2,   1.003984E+3,   1.451895E-2,   4.949951E-2,   1.541841E+3,   9.742208E-3,   5.310059E-2,   2.443360E+1,   8.541428E-3,   1.497840E+3,   5.063407E-3,   6.894328E+0,   2.572721E-5,   100,0,1,0
        442,2026-09-01,12:41:18.792,         58,        102,   3.955000E+1,   3.997300E+2,   0.000000E+0,   0.000000E+0,   0.000000E+0,   0.000000E+0,   0.000000E+0,   1.000000E+2,   1.004038E+3,   1.199303E-2,   4.095459E-2,   1.541846E+3,   1.013472E-2,   4.785156E-2,   2.446672E+1,   7.837113E-3,   1.497859E+3,   4.457091E-3,   6.894324E+0,   2.646847E-5,   100,0,1,0
        443,2026-09-01,12:43:18.794,         59,        102,   3.955000E+1,   3.997300E+2,   0.000000E+0,   0.000000E+0,   0.000000E+0,   0.000000E+0,   0.000000E+0,   1.000000E+2,   1.004084E+3,   1.115807E-2,   3.826904E-2,   1.541858E+3,   8.964416E-3,   3.942871E-2,   2.449839E+1,   7.988399E-3,   1.497877E+3,   4.244269E-3,   6.894301E+0,   2.359140E-5,   100,0,1,0
        444,2026-09-01,12:45:18.797,         60,        102,   3.955000E+1,   3.997300E+2,   0.000000E+0,   0.000000E+0,   0.000000E+0,   0.000000E+0,   0.000000E+0,   1.000000E+2,   1.004128E+3,   9.876520E-3,   3.289795E-2,   1.541872E+3,   9.528783E-3,   4.626465E-2,   2.453000E+1,   8.475078E-3,   1.497894E+3,   4.023927E-3,   6.894272E+0,   2.481455E-5,   100,0,1,0
        445,2026-09-01,12:47:18.799,         61,        102,   3.955000E+1,   3.997300E+2,   0.000000E+0,   0.000000E+0,   0.000000E+0,   0.000000E+0,   0.000000E+0,   1.000000E+2,   1.004167E+3,   9.999688E-3,   3.436279E-2,   1.541879E+3,   8.542486E-3,   4.138184E-2,   2.455848E+1,   6.497399E-3,   1.497909E+3,   3.689865E-3,   6.894261E+0,   2.276123E-5,   100,0,1,0
        446,2026-09-01,12:49:18.801,         62,        102,   3.955000E+1,   3.997300E+2,   0.000000E+0,   0.000000E+0,   0.000000E+0,   0.000000E+0,   0.000000E+0,   1.000000E+2,   1.004209E+3,   9.274328E-3,   3.308105E-2,   1.541872E+3,   1.062791E-2,   4.553223E-2,   2.458060E+1,   5.785411E-3,   1.497923E+3,   3.442680E-3,   6.894285E+0,   2.845074E-5,   100,0,1,0
        447,2026-09-01,12:51:18.803,         63,        102,   3.955000E+1,   3.997300E+2,   0.000000E+0,   0.000000E+0,   0.000000E+0,   0.000000E+0,   0.000000E+0,   1.000000E+2,   1.004247E+3,   9.160400E-3,   3.161621E-2,   1.541871E+3,   1.022221E-2,   4.956055E-2,   2.460173E+1,   5.442195E-3,   1.497937E+3,   3.359293E-3,   6.894294E+0,   2.736893E-5,   100,0,1,0
//END