ratio_Water_IPA,loss_g_per100g,C_m_s,delta_C_m_s,Rho_kg_m3,Al_wt_pct,IPA_wt_pct,PG_wt_pct,MG_wt_pct,Water_wt_pct,dc_dE_grid_m_s_g
1.0,0.0,1543.7664821842166,0.0,1005.6348872124258,1.81,3.63,3.63,0.22,90.71,-3.83005086402045
1.0,0.0241758,1543.673871487356,-0.0926106968606745,1005.6571973831434,1.810437687794526,3.618786970700463,3.630877793753663,0.2200531996214341,90.71984434812993,-3.831387174090196
1.0,0.0483516,1543.5812284841295,-0.1852537000868324,1005.6795263628758,1.810875587320479,3.6075685170991134,3.631756012139966,0.2201064249781797,90.72969345846226,-3.83272033763933
1.0,0.0725274,1543.4885533266786,-0.2779288575379723,1005.701874177233,1.811313698731534,3.596344635258993,3.63263465546711,0.2201596760889157,90.73954733445343,-3.8340472282543487
1.0,0.0967032,1543.3958461661684,-0.3706360180481169,1005.7242408517787,1.8117520221815144,3.5851153212393285,3.6335137240435897,0.2202129529723387,90.74940597956324,-3.835367886593304
1.0,0.120879,1543.3031071527732,-0.46337503144332,1005.746626412035,1.8121905578243929,3.573880571095534,3.6343932181782015,0.2202662556471637,90.7592693972547,-3.836682354041841
1.0,0.1450548,1543.2103364356587,-0.5561457485578103,1005.769030883479,1.8126293058142904,3.562640380879204,3.635273138180041,0.2203195841321236,90.76913759099432,-3.8379906726149775
1.0,0.1692306,1543.117534162967,-0.6489480212494527,1005.791454291542,1.8130682663054785,3.5513947466381044,3.636153484358501,0.2203729384459697,90.77901056425196,-3.839292885080795
1.0,0.1934064,1543.0247004817966,-0.7417817024199849,1005.8138966616076,1.8135074394523767,3.5401436644161755,3.637034257023275,0.2204263186074712,90.7888883205007,-3.840589034851291
1.0,0.2175822,1542.9318355381895,-0.8346466460270676,1005.8363580190124,1.8139468254095563,3.5288871302535227,3.637915456484359,0.2204797246354157,90.79877086321714,-3.8418791660624265
1.0,0.241758,1542.838939477111,-0.9275427071058856,1005.8588383890448,1.814386424331736,3.517625140186412,3.638797083052045,0.2205331565486088,90.8086581958812,-3.843163323610497
1.0,0.2659338,1542.7460124424315,-1.0204697417848363,1005.8813377969442,1.8148262363737857,3.506357690247267,3.6396791370369295,0.2205866143658745,90.81855032197612,-3.8444415530575498
1.0,0.2901096,1542.6530545769135,-1.1134276073028104,1005.9038562678963,1.815266261690726,3.495084776464662,3.640561618749909,0.2206400981060551,90.82844724498864,-3.845713900747796
1.0,0.3142854,1542.5600660221885,-1.206416162028063,1005.9263938270376,1.8157065004377269,3.483806394863322,3.6414445285021815,0.2206936077880109,90.83834896840877,-3.8469804137312167
1.0,0.3384612,1542.467046918741,-1.2994352654754948,1005.948950499451,1.8161469527701093,3.47252254146411,3.642327866605247,0.220747143430621,90.84825549572992,-3.848241139854508
1.0,0.362637,1542.3739974058908,-1.392484778325752,1005.9715263101652,1.816587618843345,3.4612332122840304,3.643211633370908,0.2208007050527822,90.85816683044892,-3.849496127670136
1.0,0.3868128,1542.2809176217745,-1.4855645624422775,1005.9941212841538,1.8170284988130567,3.44993840333622,3.6440958291112686,0.2208542926734102,90.86808297606603,-3.850745426567301
1.0,0.4109886,1542.1878077033236,-1.5786744808929143,1006.0167354463346,1.8174695928350184,3.4386381106299453,3.644980454138739,0.2209079063114387,90.87800393608488,-3.85198908665916
1.0,0.4351644,1542.094667786252,-1.6718143979646811,1006.039368821568,1.8179109010651548,3.427332330170593,3.645865508766029,0.2209615459858199,90.88792971401242,-3.8532271588555886
1.0,0.4593402,1542.0014980050294,-1.764984179187195,1006.0620214346552,1.8183524236595427,3.4160210579596746,3.646750993306155,0.2210152117155245,90.89786031335908,-3.854459694921388
1.0,0.483516,1541.908298492867,-1.858183691349496,1006.0846933103396,1.8187941607744105,3.404704289994812,3.647636908072436,0.2210689035195415,90.9077957376388,-3.855686747356231
1.0,0.5076918,1541.8150693816958,-1.951412802520736,1006.1073844733024,1.8192361125661367,3.393382022269737,3.648523253378496,0.2211226214168785,90.91773599036874,-3.856908369514713
1.0,0.5318676,1541.721810802148,-2.0446713820686,1006.1300949481632,1.819678279191256,3.382054250774291,3.649410029538264,0.2211763654265614,90.92768107506964,-3.8581246155554254
1.0,0.5560434,1541.6285228835343,-2.137959300682269,1006.1528247594792,1.8201206608064509,3.370720971494411,3.650297236865976,0.2212301355676349,90.93763099526552,-3.859335540520988
1.0,0.5802192,1541.535205753827,-2.231276430389471,1006.1755739317422,1.8205632575685584,3.3593821804121298,3.651184875676169,0.2212839318591618,90.94758575448398,-3.8605412002216326
1.0,0.604395,1541.441859539637,-2.3246226445792217,1006.1983424893808,1.821006069634568,3.3480378735055742,3.652072946283692,0.2213377543202237,90.95754535625592,-3.861741651424381
1.0,0.6285708,1541.348484366194,-2.417997818022513,1006.2211304567531,1.8214490971616213,3.3366880467489546,3.652961449003694,0.2213916029699208,90.9675098041158,-3.8629369517075247
1.0,0.6527466000000001,1541.255080357323,-2.511401826893234,1006.2439378581532,1.8218923403070144,3.325332696112563,3.653850384151637,0.2214454778273719,90.9774791016014,-3.864127159504278
1.0,0.6769224,1541.1616476354284,-2.604834548788176,1006.266764717804,1.8223357992281948,3.313971817562769,3.6547397520432856,0.2214993789117142,90.98745325225404,-3.865312334186456
1.0,0.7010982,1541.0681863214656,-2.6982958627509106,1006.2896110598576,1.822779474082764,3.3026054070620146,3.655629552994714,0.2215533062421039,90.9974322596184,-3.8664925359953486
1.0,0.725274,1540.974696534925,-2.791785649291569,1006.3124769083964,1.8232233650284768,3.2912334605688067,3.656519787322305,0.2216072598377154,91.00741612724268,-3.867667826081744
1.0,0.7494498,1540.8811783938063,-2.885303790410262,1006.3353622874264,1.8236674722232424,3.279855974037714,3.657410455342746,0.2216612397177421,91.01740485867856,-3.868838266524108
1.0,0.7736256,1540.7876320145972,-2.9788501696193634,1006.3582672208836,1.824111795825123,3.268472943419366,3.658301557373037,0.2217152459013961,91.02739845748108,-3.870003920357704
1.0,0.7978014,1540.6940575122508,-3.072424671965792,1006.3811917326242,1.824556335992336,3.2570843646604417,3.659193093730485,0.2217692784079082,91.03739692720882,-3.8711648515236448
1.0,0.8219772000000001,1540.6004550001624,-3.166027184054201,1006.4041358464302,1.8250010928832512,3.245690233703672,3.660085064732708,0.2218233372565277,91.04740027142384,-3.872321124927112
1.0,0.846153,1540.5068245901466,-3.259657594069949,1006.4270995860032,1.8254460666563952,3.234290546487823,3.660977470697632,0.2218774224665231,91.05740849369164,-3.873472806422797
1.0,0.8703288,1540.4131663924154,-3.353315791801151,1006.4500829749664,1.825891257470448,3.222885298947708,3.661870311943495,0.2219315340571814,91.06742159758116,-3.87461996287675
1.0,0.8945046,1540.3194805155497,-3.447001668667099,1006.4730860368612,1.8263366654842432,3.211474487014168,3.662763588788841,0.2219856720478085,91.07743958666494,-3.8757626621700174
1.0,0.9186804,1540.2257670664794,-3.540715117737136,1006.4961087951476,1.826782290856772,3.2000581066140743,3.663657301552532,0.2220398364577292,91.08746246451888,-3.876900973071315
1.0,0.9428562,1540.1320261504598,-3.6344560337568055,1006.519151273199,1.82722813374718,3.1886361536703225,3.664551450553736,0.222094027306287,91.09749023472249,-3.878034965477127
1.0,0.967032,1540.0382578710426,-3.728224313173996,1006.542213494306,1.827674194314766,3.1772086241018243,3.665446036111934,0.2221482446128445,91.10752290085864,-3.8791647102807474
1.0,0.9912078,1539.9444623300544,-3.822019854162136,1006.5652954816704,1.828120472718988,3.165775513823509,3.66634105854692,0.222202488396783,91.1175604665138,-3.880290279346809
1.0,1.0153836,1539.8506396275716,-3.915842556644975,1006.5883972584068,1.828566969119456,3.154336818746312,3.667236518178799,0.2222567586775029,91.12760293527792,-3.881411745685909
1.0,1.0395594,1539.756789861892,-4.009692322324554,1006.6115188475396,1.82901368367594,3.1428925347771743,3.668132415327989,0.2223110554744236,91.13765031074448,-3.8825291833054494
1.0,1.0637352,1539.6629131295122,-4.103569054704394,1006.6346602720012,1.8294606165483625,3.131442657819037,3.669028750315224,0.2223653788069832,91.1477025965104,-3.8836426673260576
1.0,1.087911,1539.5690095250984,-4.197472659118148,1006.6578215546313,1.829907767896804,3.1199871837708333,3.6699255234615458,0.2224197286946391,91.15775979617617,-3.884752273941558
1.0,1.1120868,1539.4750791414635,-4.291403042753018,1006.6810027181753,1.830355137881502,3.108526108527488,3.670822735088316,0.2224741051568676,91.16782191334585,-3.885858080422622
1.0,1.1362626,1539.381122069537,-4.385360114679543,1006.7042037852824,1.8308027266628504,3.09705942797991,3.671720385517208,0.2225285082131641,91.17788895162688,-3.8869601652149854
1.0,1.1604384,1539.287138398339,-4.479343785877518,1006.727424778504,1.8312505344013992,3.085587138014987,3.672618475070209,0.2225829378830429,91.18796091463037,-3.8880586078375927
1.0,1.1846142,1539.1931282149544,-4.573353969262143,1006.7506657202928,1.831698561257856,3.0741092345155825,3.6735170040696232,0.2226373941860377,91.1980378059709,-3.88915348896262
1.0,1.20879,1539.099091604502,-4.667390579714493,1006.773926632999,1.832146807393087,3.062625713360531,3.674415972838069,0.2226918771417012,91.20811962926662,-3.8902448904627818
1.0,1.2329658,1539.005028650109,-4.761453534107886,1006.797207538872,1.8325952729681128,3.0511365704246285,3.675315381698482,0.2227463867696049,91.21820638813918,-3.891332895331289
1.0,1.2571416,1538.9109394328802,-4.855542751336316,1006.8205084600564,1.8330439581441165,3.039641801578635,3.676215230974112,0.2228009230893401,91.2282980862138,-3.892417587754608
1.0,1.2813174,1538.8168240318726,-4.949658152344,1006.843829418589,1.8334928630824328,3.0281414026892617,3.677115520988527,0.2228554861205167,91.23839472711926,-3.893499053130654
1.0,1.3054932,1538.722682524063,-5.0437996601535815,1006.8671704364024,1.833941987944561,3.016635369619173,3.678016252065611,0.2229100758827643,91.24849631448788,-3.8945773780760646
1.0,1.329669,1538.6285149843188,-5.13796719989773,1006.8905315353172,1.834391332892154,3.005123698226978,3.6789174245295686,0.2229646923957314,91.2586028519556,-3.895652650429838
1.0,1.3538448,1538.5343214853706,-5.2321606988459735,1006.9139127370428,1.8348408980870248,2.993606384367224,3.679819038704917,0.2230193356790858,91.26871434316176,-3.89672495924242
1.0,1.3780206000000002,1538.4401020977796,-5.326380086436984,1006.9373140631772,1.835290683691145,2.9820834238903955,3.6807210949164952,0.2230740057525148,91.27883079174946,-3.8977943948702887
1.0,1.4021964,1538.3458568899075,-5.420625294309048,1006.9607355352024,1.8357406898666453,2.9705548126429058,3.68162359348946,0.2231287026357248,91.28895220136526,-3.8988610489432176
1.0,1.4263722,1538.2515859278851,-5.5148962563312125,1006.9841771744854,1.836190916775816,2.9590205464670944,3.6825265347492873,0.2231834263484416,91.29907857565937,-3.899925014364271
1.0,1.450548,1538.157289275583,-5.609192908633531,1007.0076390022722,1.836641364581104,2.9474806212012217,3.683429919021772,0.2232381769104104,91.30920991828548,-3.900986385306169
1.0,1.4747238,1538.0629669945774,-5.70351518963912,1007.0311210396904,1.8370920334451195,2.9359350326794624,3.684333746633029,0.2232929543413957,91.319346232901,-3.90204525730951
1.0,1.4988996,1537.9686191441197,-5.7978630400969,1007.0546233077462,1.8375429235306289,2.9243837767318994,3.6852380179094935,0.2233477586611814,91.3294875231668,-3.903101727293688
1.0,1.5230754,1537.8742457811002,-5.892236403116385,1007.0781458273188,1.837994035000561,2.912826849184525,3.686142733177921,0.2234025898895709,91.33963379274742,-3.9041558934513887
1.0,1.5472512,1537.7798469600218,-5.986635224194743,1007.1016886191644,1.838445368018003,2.9012642458592275,3.687047892765388,0.2234574480463871,91.34978504531098,-3.905207855346816
1.0,1.571427,1537.6854227329616,-6.081059451254987,1007.1252517039096,1.8388969227462029,2.8896959625737946,3.687953496999291,0.2235123331514721,91.35994128452924,-3.9062577139993664
1.0,1.5956028,1537.5909731495376,-6.175509034678953,1007.148835102052,1.8393486993485693,2.8781219951419,3.688859546207352,0.223567245224688,91.37010251407747,-3.9073055717854
1.0,1.6197786,1537.4964982568767,-6.269983927339808,1007.172438833956,1.8398006979886712,2.8665423393731047,3.689766040717611,0.2236221842859158,91.38026873763472,-3.908351532529196
1.0,1.6439544,1537.4019980995774,-6.364484084639116,1007.1960629198528,1.8402529188302383,2.85495699107285,3.6906729808584338,0.2236771503550566,91.39043995888342,-3.909395701492031
1.0,1.6681302,1537.3074727196763,-6.459009464540031,1007.2197073798384,1.8407053620371607,2.8433659460424496,3.691580366958506,0.2237321434520306,91.40061618150985,-3.9104381853430814
1.0,1.692306,1537.212922156615,-6.553560027601634,1007.2433722338692,1.8411580277734925,2.83176920007909,3.692488199346839,0.223787163596778,91.4107974092038,-3.911479092297668
1.0,1.7164818,1537.1183464471974,-6.648135737019175,1007.2670575017617,1.8416109162034453,2.8201667489758218,3.693396478352767,0.2238422108092586,91.42098364565872,-3.912518532037211
1.0,1.7406576,1537.023745625561,-6.742736558655224,1007.2907632031904,1.842064027491395,2.808558588521553,3.694305204305947,0.2238972851094513,91.43117489457164,-3.913556615760172
1.0,1.7648334,1536.9291197231348,-6.837362461081739,1007.314489357686,1.8425173618018784,2.7969447145010484,3.695214377536364,0.2239523865173553,91.44137115964335,-3.9145934561856848
1.0,1.7890092,1536.8344687686051,-6.932013415611436,1007.3382359846312,1.8429709192995944,2.7853251226949234,3.696123998374325,0.2240075150529893,91.45157244457816,-3.915629167589941
1.0,1.813185,1536.739792787875,-7.026689396341226,1007.3620031032596,1.843424700149404,2.7736998088796345,3.6970340671504633,0.2240626707363916,91.4617787530841,-3.916663865824376
1.0,1.8373608,1536.6450918040302,-7.1213903801863125,1007.3857907326546,1.843878704516331,2.7620687688274788,3.697944584195736,0.2241178535876203,91.4719900888728,-3.917697668326582
1.0,1.8615366,1536.5503658372952,-7.216116346921353,1007.4095988917464,1.8443329325655613,2.7504319983065884,3.6988555498414297,0.2241730636267533,91.48220645565968,-3.918730694156693
1.0,1.8857124,1536.4556149049988,-7.310867279217746,1007.4334275993086,1.844787384462444,2.738789493080924,3.699766964419156,0.2242283008738882,91.4924278571636,-3.919763063982828
1.0,1.9098882,1536.3608390215306,-7.405643162685919,1007.457276873957,1.8452420603724915,2.72714124891027,3.7006788282608527,0.2242835653491426,91.50265429710724,-3.920794900124747
1.0,1.934064,1536.2660381983058,-7.500443985910806,1007.4811467341468,1.845696960461377,2.715487261550229,3.701591141698785,0.2243388570726536,91.51288577921694,-3.921826326601149
1.0,1.9582398,1536.1712124437174,-7.595269740499134,1007.5050371981712,1.8461520848949424,2.7038275267522174,3.702503905065548,0.2243941760645786,91.5231223072227,-3.9228574691005633
1.0,1.9824156,1536.0763617631028,-7.690120421113761,1007.5289482841569,1.846607433839188,2.692162040263461,3.703417118694062,0.2244495223450946,91.5333638848582,-3.923888455014094
1.0,2.0065914,1535.9814861586958,-7.784996025520741,1007.5528800100644,1.84706300746028,2.680490797826988,3.704330782917577,0.2245048959343986,91.54361051586076,-3.924919413508178
1.0,2.0307672,1535.8865856295888,-7.879896554627749,1007.5768323936828,1.8475188059245475,2.668813795181624,3.705244898069673,0.2245602968527074,91.55386220397146,-3.925950475466379
1.0,2.054943,1535.7916601716863,-7.97482201253024,1007.6008054526292,1.8479748293984863,2.6571310280619884,3.706159464484257,0.224615725120258,91.564118952935,-3.9269817735621473
1.0,2.0791188000000003,1535.6967097776662,-8.069772406550328,1007.6247992043452,1.8484310780487545,2.645442492198488,3.707074482495568,0.2246711807573071,91.57438076649989,-3.928013442273368
1.0,2.1032946,1535.6017344369309,-8.164747747285674,1007.6488136660952,1.848887552042176,2.633748183317311,3.707989952438176,0.2247266637841318,91.5846476484182,-3.929045617918746
1.0,2.1274704,1535.5067341355668,-8.259748048649726,1007.6728488549622,1.8493442515457368,2.6220480971404263,3.708905874646976,0.2247821742210288,91.59491960244584,-3.930078438621422
1.0,2.1516462,1535.411708856298,-8.354773327918565,1007.6969047878474,1.8498011767265927,2.61034222938557,3.7098222494572006,0.2248377120883151,91.60519663234231,-3.93111204442539
1.0,2.175822,1535.3166585784395,-8.449823605776828,1007.720981481466,1.8502583277520617,2.598630575766249,3.710739077204411,0.2248932774063279,91.61547874187096,-3.9321465772445663
1.0,2.1999978,1535.2215832778538,-8.544898906362732,1007.745078952344,1.8507157047896263,2.586913131991729,3.7116563582245,0.2249488701954242,91.62576593479872,-3.933182180906442
1.0,2.2241736,1535.1264829269014,-8.63999925731514,1007.769197216817,1.851173308006937,2.575189893767034,3.712574092853691,0.2250044904759812,91.63605821489637,-3.934219001177553
1.0,2.2483494,1535.0313574943964,-8.735124689820168,1007.7933362910268,1.851631137571809,2.563460856792939,3.713492281428546,0.2250601382683967,91.64635558593832,-3.935257185807132
1.0,2.2725252,1534.936206945556,-8.830275238660533,1007.817496190918,1.852089193652224,2.5517260167659623,3.7144109242859513,0.2251158135930879,91.65665805170276,-3.936296884552576
1.0,2.296701,1534.8410312419533,-8.925450942263296,1007.8416769322369,1.8525474764163288,2.5399853693783667,3.715330021763135,0.225171516470493,91.66696561597168,-3.937338323183212
1.0,2.3208768,1534.745830337889,-9.02065184632761,1007.8658798649624,1.8530059860324384,2.528238910318146,3.716249574197653,0.2252272469210698,91.6772782825307,-3.938381872259925
1.0,2.3450526000000003,1534.6506041770183,-9.115878007198036,1007.890108927468,1.853464722669033,2.5164866352690285,3.7171695819273975,0.2252830049652968,91.68759605516924,-3.939605125240632
1.0,2.3692284,1534.5553441267157,-9.211138057501104,1007.914364298864,1.8539236864947608,2.504728539910464,3.7180900452905976,0.2253387906236725,91.69791893768053,-3.941289799411608
1.0,2.3934042,1534.4600365091533,-9.306445675063287,1007.938645892715,1.8543828776784368,2.4929646199176227,3.719010964625815,0.225394603916716,91.70824693386142,-3.943260731321061
1.0,2.41758,1534.3646811611388,-9.401801023077724,1007.9629536224362,1.8548422963890423,2.481194870961388,3.719932340271946,0.2254504448649664,91.71858004751265,-3.945234807662928
1.0,2.4417558,1534.269278093827,-9.49720409038946,1007.9872874012945,1.855301942795728,2.469419288708356,3.720854172568227,0.2255063134889834,91.7289182824387,-3.9472084459011967
1.0,2.4659316,1534.1738273172462,-9.592654866970406,1008.0116471424096,1.8557618170678087,2.457637868820819,3.721776461854225,0.225562209809347,91.7392616424478,-3.949181693093124
1.0,2.4901074,1534.0783288402752,-9.688153343941394,1008.036032758756,1.856221919374773,2.445850606956776,3.722699208469849,0.2256181338466575,91.74961013135191,-3.951154597074492
1.0,2.5142832,1533.9827826706305,-9.78369951358627,1008.0604441631648,1.8566822498862727,2.434057498769912,3.723622412755343,0.2256740856215359,91.75996375296695,-3.9531272062704375
1.0,2.538459,1533.8871888148483,-9.879293369368042,1008.0848812683234,1.857142808772129,2.422258539909604,3.724546075051286,0.2257300651546234,91.77032251111235,-3.9550995699028135
1.0,2.5626348,1533.7915472782663,-9.97493490595025,1008.10934398678,1.8576035962023327,2.410453726020909,3.725470195698601,0.2257860724665818,91.78068640961158,-3.957071737906517
1.0,2.5868106,1533.695858065006,-10.070624119210606,1008.1338322309444,1.8580646123470423,2.39864305274456,3.726394775038544,0.2258421075780935,91.79105545229176,-3.959043760933128
1.0,2.6109864000000003,1533.600121177955,-10.166361006261468,1008.1583459130874,1.8585258573765864,2.386826515716964,3.727319813412712,0.2258981705098613,91.80142964298388,-3.961015690390923
1.0,2.6351622,1533.5043366187504,-10.2621455654662,1008.182884945344,1.858987331461461,2.375004110570192,3.728245311163042,0.2259542612826085,91.8118089855227,-3.962987578419416
1.0,2.659338,1533.4085043877585,-10.357977796458044,1008.207449239718,1.859449034772334,2.3631758329319767,3.729171268631808,0.2260103799170792,91.82219348374682,-3.964959477973025
1.0,2.6835138,1533.3126244840553,-10.45385770016128,1008.2320387080788,1.8599109674800405,2.351341678425705,3.730097686161628,0.226066526434038,91.8325831414986,-3.9669314427592326
1.0,2.7076896,1533.2166969054108,-10.549785278805755,1008.2566532621656,1.8603731297555868,2.339501642670416,3.7310245640954585,0.2261227008542702,91.84297796262427,-3.968903527253133
1.0,2.7318654,1533.120721648267,-10.645760535949648,1008.2812928135904,1.860835521770148,2.3276557212807902,3.731951902776596,0.2261789031985815,91.85337795097388,-3.970875786737452
1.0,2.7560412000000003,1533.0246987077207,-10.741783476495812,1008.3059572738376,1.8612981436950715,2.315803909867149,3.732879702548679,0.2262351334877987,91.8637831104013,-3.9728482772952702
1.0,2.780217,1532.9286280775025,-10.837854106714303,1008.3306465542688,1.8617609957018728,2.303946204035448,3.73380796375569,0.226291391742769,91.87419344476422,-3.974821055875509
1.0,2.8043928,1532.8325097499555,-10.933972434261022,1008.35536056612,1.86222407796224,2.2920825993872693,3.73473668674195,0.2263476779843606,91.8846089579242,-3.976794180172874
1.0,2.8285686,1532.7363437160202,-11.030138468196355,1008.3800992205084,1.8626873906480297,2.2802130915198187,3.735665871852126,0.2264039922334621,91.89502965374656,-3.978767708780651
1.0,2.8527444,1532.6401299652075,-11.126352219008822,1008.4048624284326,1.863150933931272,2.268337676025919,3.7365955194312255,0.2264603345109833,91.9054555361006,-3.9807417011506914
1.0,2.8769202000000003,1532.5438684855828,-11.222613698633722,1008.429650100773,1.863614707984168,2.256456348494006,3.737525629824601,0.2265167048378546,91.91588660885937,-3.982716217549751
1.0,2.901096,1532.4475592637432,-11.31892292047337,1008.4544621482976,1.864078712979088,2.244569104508121,3.73845620337795,0.2265731032350272,91.92632287589984,-3.984691319132253
1.0,2.9252718,1532.3512022847967,-11.41527989941983,1008.4792984816606,1.8645429490885763,2.232675939647905,3.739387240437311,0.2266295297234734,91.93676434110272,-3.986667067991221
1.0,2.9494476,1532.2547975323384,-11.511684651878111,1008.5041590114056,1.8650074164853487,2.220776849488597,3.740318741349071,0.2266859843241861,91.9472110083528,-3.988643527063687
1.0,2.9736234,1532.1583449884336,-11.608137195783002,1008.5290436479686,1.8654721153422933,2.208871829601024,3.741250706459959,0.2267424670581793,91.95766288153854,-3.9906207601925416
1.0,2.9977992,1532.06184463359,-11.704637550626558,1008.5539523016802,1.8659370458324696,2.1969608755515986,3.742183136117052,0.226798977946488,91.9681199645524,-3.992598832170188
1.0,3.0219750000000003,1531.96529644674,-11.801185737476544,1008.578884882767,1.8664022081291096,2.1850439829023123,3.743116030667773,0.226855517010168,91.97858226129064,-3.9945778087167128
1.0,3.0461508,1531.868700405214,-11.897781779002573,1008.603841301354,1.86686760240562,2.173121147210729,3.744049390459889,0.2269120842702963,91.98904977565348,-3.996557756508992
1.0,3.0703266,1531.7720564847205,-11.994425699496103,1008.628821467468,1.8673332288355773,2.161192364029981,3.7449832158415175,0.2269686797479707,91.99952251154497,-3.9985387431624986
1.0,3.0945024,1531.6753646593202,-12.09111752489639,1008.6538252910372,1.8677990875927355,2.149257628908765,3.7459175071611215,0.2270253034643103,92.01000047287307,-4.0005208372786
1.0,3.1186782,1531.5786249014047,-12.18785728281182,1008.6788526818996,1.8682651788510176,2.1373169373913314,3.746852264767511,0.2270819554404552,92.02048366354968,-4.002504108448193
1.0,3.1428540000000003,1531.48183718167,-12.28464500254654,1008.7039035497972,1.8687315027845235,2.125370285017484,3.747787489009845,0.2271386356975664,92.03097208749058,-4.004488627258979
1.0,3.1670298,1531.385001469095,-12.381480715121596,1008.728977804386,1.8691980595675253,2.11341766732257,3.7487231802376337,0.2271953442568263,92.04146574861544,-4.006474465313659
1.0,3.1912056,1531.288117730913,-12.478364453303584,1008.7540753552344,1.8696648493744696,2.101459079837482,3.749659338800732,0.2272520811394383,92.05196465084788,-4.00846169524084
1.0,3.2153814,1531.1911859325917,-12.575296251625105,1008.7791961118272,1.8701318723799776,2.089494518088642,3.750595965049348,0.2273088463666271,92.0624687981154,-4.010450390705955
1.0,3.2395572,1531.0942060378018,-12.672276146414788,1008.8043399835672,1.8705991287588448,2.0775239775980023,3.751533059334036,0.2273656399596385,92.07297819434947,-4.01244062646947
1.0,3.263733,1530.9971780083963,-12.769304175820023,1008.829506879779,1.8710666186860403,2.0655474538830405,3.752470622005706,0.2274224619397397,92.08349284348546,-4.014432478303206
1.0,3.2879088000000003,1530.900101804384,-12.866380379832664,1008.8546967097118,1.871534342336711,2.05356494245675,3.753408653415614,0.227479312328219,92.09401274946272,-4.016426023084932
1.0,3.3120846,1530.802977383899,-12.963504800317878,1008.8799093825417,1.872002299886176,2.0415764388276387,3.7543471539153694,0.227536191146386,92.10453791622444,-4.018421338831104
1.0,3.3362604,1530.7058047031771,-13.06067748103942,1008.905144807374,1.8724704915099315,2.0295819384997182,3.755286123856934,0.2275930984155717,92.11506834771784,-4.020418504635018
1.0,3.3604362,1530.60858371653,-13.157898467686664,1008.9304028932468,1.8729389173836484,2.017581436972504,3.7562255635926207,0.2276500341571285,92.12560404789409,-4.022417600721383
1.0,3.384612,1530.511314376314,-13.25516780790258,1008.9556835491348,1.873407577683174,2.0055749297410057,3.757165473475095,0.22770699839243,92.1361450207083,-4.024418708486337
1.0,3.4087878000000003,1530.4139966329046,-13.35248555131193,1008.9809866839504,1.873876472584532,1.9935624122957216,3.758105853857376,0.2277639911428712,92.14669127011948,-4.026421910468343
1.0,3.4329636,1530.3166304346678,-13.44985174954877,1009.0063122065488,1.874345602263921,1.981543880122638,3.7590467050928367,0.2278210124298688,92.15724280009074,-4.028427290377294
1.0,3.4571394,1530.2192157279312,-13.547266456285342,1009.031660025728,1.874814966897718,1.9695193287032144,3.7599880275352016,0.2278780622748607,92.167799614589,-4.030434933167271
1.0,3.4813152,1530.1217524569531,-13.644729727263211,1009.057030050236,1.8752845666624751,1.957488753514387,3.760929821538555,0.2279351406993063,92.17836171758528,-4.032444924945594
1.0,3.505491,1530.0242405638985,-13.742241620318282,1009.082422188771,1.8757544017349217,1.945452150028557,3.761872087457329,0.2279922477246866,92.18892911305451,-4.03445735306741
1.0,3.5296668,1529.9266799888007,-13.839802195415814,1009.1078363499856,1.8762244722919648,1.9334095137135896,3.762814825646316,0.228049383372504,92.19950180497564,-4.036472306179348
1.0,3.5538426000000003,1529.8290706695389,-13.937411514677706,1009.13327244249,1.8766947785106889,1.921360840032804,3.763758036460663,0.2281065476642826,92.21007979733156,-4.0384898741140205
1.0,3.5780184,1529.7314125418036,-14.035069642412964,1009.1587303748566,1.8771653205683547,1.909306124444968,3.764701720255872,0.228163740621568,92.22066309410924,-4.040510148042813
1.0,3.6021942,1529.633705539065,-14.13277664515158,1009.1842100556208,1.8776360986424032,1.8972453624042969,3.765645877387803,0.2282209622659274,92.23125169929958,-4.042533220432233
1.0,3.62637,1529.5359495925427,-14.230532591673864,1009.2097113932872,1.878107112910451,1.885178549360442,3.766590508212672,0.2282782126189498,92.24184561689748,-4.044559185032995
1.0,3.6505458,1529.438144631174,-14.328337553042502,1009.2352342963306,1.878578363550294,1.8731056807584905,3.7675356130870536,0.2283354917022456,92.25244485090192,-4.046588136952778
1.0,3.6747216,1529.34029058158,-14.426191602636663,1009.2607786732028,1.879049850739908,1.8610267520389536,3.7684811923678807,0.2283927995374473,92.2630494053158,-4.048620172692608
1.0,3.6988974,1529.242387368032,-14.524094816184515,1009.286344432333,1.879521574657444,1.8489417586377663,3.769427246412442,0.2284501361462086,92.27365928414616,-4.050655390059546
1.0,3.7230732,1529.1444349124215,-14.622047271794829,1009.3119314821332,1.8799935354812345,1.8368506959862787,3.770373775578387,0.2285075015502052,92.28427449140388,-4.052693888312206
1.0,3.747249,1529.046433134222,-14.720049049994486,1009.337539731002,1.880465733389792,1.8247535595112496,3.7713207802237263,0.2285648957711349,92.2948950311041,-4.054735768080718
1.0,3.7714248,1528.9483819504578,-14.818100233758742,1009.363169087328,1.8809381685618056,1.812650344634844,3.7722682607068254,0.2286223188307167,92.3055209072658,-4.056781131457683
1.0,3.7956006,1528.8502812756662,-14.916200908550309,1009.3888194594942,1.881410841176147,1.800541046774624,3.773216217386416,0.2286797707506918,92.31615212391212,-4.058830081969063
1.0,3.8197764,1528.7521310218665,-15.014351162350067,1009.4144907558816,1.8818837514118647,1.7884256613435443,3.774164650621586,0.2287372515528234,92.32678868507018,-4.060882724639669
1.0,3.8439522,1528.6539310985174,-15.112551085699124,1009.4401828848728,1.8823568994481903,1.7763041837499485,3.7751135607717856,0.228794761258896,92.3374305947712,-4.062939166007709
1.0,3.868128,1528.5556814124875,-15.210800771729057,1009.4658957548576,1.8828302854645336,1.7641766093975575,3.7760629481968273,0.2288522998907168,92.34807785705036,-4.064999514044757
1.0,3.8923038,1528.4573818680142,-15.309100316202375,1009.4916292742364,1.883303909640485,1.752042933685471,3.777012813256885,0.2289098674701142,92.35873047594704,-4.067063878352201
1.0,3.9164796,1528.359032366667,-15.407449817549605,1009.5173833514232,1.883777772155817,1.7399031520081565,3.777963156312495,0.228967464018939,92.36938845550458,-4.06913237007393
1.0,3.9406554,1528.260632807309,-15.505849376907236,1009.5431578948512,1.884251873190482,1.727757259755445,3.778913977724558,0.2290250895590641,92.38005179977048,-4.071205101907253
1.0,3.9648312,1528.1621830860615,-15.604299098155025,1009.5689528129784,1.8847262129246136,1.7156052523125256,3.779865277854336,0.2290827441123839,92.39072051279614,-4.0732821881829295
1.0,3.989007,1528.0636830962592,-15.702799087957374,1009.5947680142898,1.885200791538528,1.7034471250599397,3.780817057063455,0.2291404277008154,92.40139459863728,-4.07536374483243
1.0,4.0131828,1527.9651327284168,-15.80134945579971,1009.6206034073024,1.8856756092127205,1.691282873373574,3.781769315713909,0.2291981403462974,92.4120740613535,-4.077449889482523
1.0,4.0373586,1527.8665318701828,-15.899950314033733,1009.6464589005724,1.886150666127871,1.6791124926246557,3.78272205416805,0.2292558820707909,92.42275890500864,-4.0795407414589135
1.0,4.0615344,1527.767880406302,-15.998601777914471,1009.6723344026948,1.8866259624648405,1.6669359781797466,3.783675272788603,0.2293136528962789,92.43344913367052,-4.0816364216807415
1.0,4.0857102,1527.6691782185762,-16.09730396564032,1009.6982298223138,1.8871014984046728,1.6547533254007372,3.7846289719386528,0.2293714528447668,92.4441447514112,-4.083737052893412
1.0,4.109886,1527.570425185815,-16.196056998401218,1009.7241450681248,1.8875772741285928,1.6425645296448388,3.785583151981653,0.229429281938282,92.45484576230665,-4.085842759588559
1.0,4.1340618000000005,1527.4716211838015,-16.294861000414812,1009.7500800488784,1.8880532898180096,1.630369586264582,3.786537813281423,0.2294871401988741,92.4655521704371,-4.08795366798222
1.0,4.1582376000000005,1527.3727660852426,-16.393716098973982,1009.7760346733888,1.888529545654516,1.6181684906078062,3.7874929562021498,0.2295450276486151,92.47626397988692,-4.090069906153076
1.0,4.1824134,1527.2738597597272,-16.492622424489355,1009.8020088505344,1.8890060418198844,1.6059612380176564,3.788448581108387,0.2296029443095992,92.48698119474447,-4.092191603966057
1.0,4.2065892,1527.1749020736845,-16.591580110532277,1009.8280024892674,1.889482778496076,1.5937478238325762,3.7894046883650585,0.2296608902039429,92.49770381910236,-4.094318893166928
1.0,4.230765,1527.0758928903324,-16.69058929388416,1009.854015498616,1.889959755865232,1.5815282433863025,3.790361278337454,0.229718865353785,92.50843185705725,-4.096451907393202
1.0,4.2549408,1526.9768320696387,-16.789650114577853,1009.8800477876928,1.8904369741096785,1.569302492007859,3.7913183513912334,0.2297768697812869,92.51916531270992,-4.098590782166866
1.0,4.2791166,1526.877719468269,-16.888762715947223,1009.9060992656958,1.8909144334119257,1.5570705650215508,3.7922759078924257,0.2298349035086318,92.52990419016548,-4.1007356549671385
1.0,4.3032924,1526.778554939544,-16.98792724467262,1009.9321698419188,1.891392133954669,1.544832457746958,3.793233948207431,0.229892966558026,92.5406484935329,-4.102886665263213
1.0,4.3274682,1526.6793383333852,-17.087143850831353,1009.9582594257536,1.8918700759207885,1.5325881654989293,3.7941924727030174,0.229951058951698,92.55139822692558,-4.10504395451062
1.0,4.351644,1526.5800694962732,-17.186412687943402,1009.9843679266976,1.8923482594933467,1.5203376835875777,3.795151481746325,0.2300091807118985,92.56215339446084,-4.10720766614395
1.0,4.3758198,1526.480748271195,-17.28573391302166,1010.0104952543592,1.8928266848555948,1.5080810073182722,3.7961109757048654,0.230067331860901,92.57291400026035,-4.109377945740562
1.0,4.3999956000000005,1526.381374497592,-17.38510768662468,1010.0366413184638,1.8933053521909675,1.4958181319916335,3.7970709549465256,0.2301255124210015,92.58368004844986,-4.111554940925998
1.0,4.4241714000000005,1526.2819480113133,-17.484534172903295,1010.0628060288592,1.893784261683084,1.4835490529035285,3.798031419839556,0.2301837224145185,92.59445154315932,-4.113738801432191
1.0,4.4483472,1526.182468644561,-17.58401353965587,1010.0889892955228,1.8942634135157523,1.4712737653450616,3.798992370752586,0.2302419618637931,92.6052284885228,-4.115929679162946
1.0,4.472523,1526.0829362258382,-17.683545958378318,1010.1151910285666,1.894742807872964,1.458992264602571,3.799953808054619,0.230300230791189,92.61601088867867,-4.118127728197578
1.0,4.4966988,1525.983350579898,-17.78313160431867,1010.1414111382456,1.895222444938898,1.4467045459576218,3.800915732115028,0.2303585292190925,92.62679874776936,-4.120333104863676
1.0,4.5208746,1525.8837115276851,-17.88277065653142,1010.167649534962,1.89570232489792,1.434410604687001,3.801878143303562,0.2304168571699129,92.6375920699416,-4.122545967711631
1.0,4.5450504,1525.7840188862856,-17.982463297930963,1010.1939061292728,1.8961824479345808,1.42211043606271,3.802841041990346,0.2304752146660816,92.64839085934626,-4.12476647755102
1.0,4.5692262,1525.684272468869,-18.08220971534752,1010.2201808318972,1.89666281423362,1.4098040353519588,3.803804428545879,0.2305336017300532,92.65919512013848,-4.126994797581574
1.0,4.593402,1525.5844720846308,-18.1820100995858,1010.246473553722,1.8971434239799645,1.3974913978171617,3.804768303341033,0.230592018384305,92.67000485647752,-4.1292310933131375
1.0,4.6175778,1525.4846175387377,-18.28186464547889,1010.2727842058104,1.897624277358727,1.3851725187159274,3.805732666747061,0.230650464651337,92.68082007252696,-4.131475532620243
1.0,4.6417536,1525.3847086322678,-18.38177355194876,1010.299112699406,1.89810537455521,1.3728473933010577,3.8066975191355854,0.2307089405536719,92.69164077245446,-4.133728285854886
1.0,4.6659294,1525.2847451621512,-18.48173702206532,1010.3254589459434,1.8985867157549023,1.3605160168205384,3.807662860878617,0.2307674461138555,92.70246696043208,-4.135989525831974
1.0,4.6901052000000005,1525.1847269211105,-18.58175526310606,1010.3518228570535,1.899068301143482,1.3481783845175324,3.80862869234853,0.2308259813544564,92.71329864063598,-4.138259427843877
1.0,4.714281,1525.0846536975998,-18.681828486616723,1010.3782043445716,1.899550130906815,1.3358344916303777,3.809595013918088,0.2308845462980659,92.72413581724663,-4.140538169718639
1.0,4.7384568,1524.9845252757436,-18.78195690847292,1010.404603320544,1.9000322052309564,1.3234843333925752,3.810561825960426,0.2309431409672985,92.73497849444874,-4.142825931881816
1.0,4.7626326,1524.8843414352718,-18.88214074894472,1010.4310196972376,1.900514524302149,1.3111279050327886,3.811529128849061,0.2310017653847916,92.7458266764312,-4.145122897367401
1.0,4.7868084,1524.7841019514592,-18.98238023275735,1010.4574533871448,1.9009970883068268,1.2987652017748348,3.8124969229578896,0.2310604195732054,92.75668036738725,-4.147429251879657
1.0,4.8109842,1524.6838065950567,-19.082675589159862,1010.4839043029942,1.9014798974316112,1.286396218837678,3.813465208661187,0.2311191035552234,92.76753957151428,-4.149745183818595
1.0,4.83516,1524.5834551322291,-19.18302705198721,1010.5103723577588,1.9019629518633143,1.274020951435425,3.814433986333608,0.231177817353552,92.77840429301408,-4.152070884298155
1.0,4.8593358,1524.4830473244874,-19.28343485972914,1010.5368574646602,1.9024462517889384,1.2616393947773177,3.815403256350191,0.2312365609909206,92.78927453609263,-4.154406547273538
1.0,4.8835116,1524.382582928618,-19.383899255598408,1010.563359537181,1.9029297973956745,1.2492515440677263,3.816373019086353,0.2312953344900819,92.80015030496016,-4.1567523694830015
1.0,4.9076874,1524.2820616966192,-19.48442048759739,1010.589878489073,1.9034135888709056,1.2368573945061463,3.8173432749178935,0.2313541378738117,92.81103160383124,-4.159108550538804
1.0,4.9318632,1524.181483375626,-19.584998808590623,1010.6164142343634,1.903897626402204,1.2244569412871882,3.8183140242209945,0.2314129711649087,92.8219184369247,-4.161475293007243
1.0,4.9560390000000005,1524.0808477078417,-19.685634476374844,1010.6429666873662,1.9043819101773336,1.2120501796005745,3.819285267372222,0.2314718343861952,92.83281080846366,-4.163852802375914
1.0,4.9802148,1523.9801544304669,-19.7863277537499,1010.6695357626892,1.9048664403842488,1.1996371046311312,3.820257004748522,0.2315307275605165,92.8437087226756,-4.166241287133744
1.0,5.0043906,1523.8794032756227,-19.88707890859382,1010.6961213752436,1.905351217211098,1.187217711558783,3.8212292367272296,0.2315896507107412,92.85461218379216,-4.1686409588837705
1.0,5.0285664,1523.7785939702792,-19.987888213937367,1010.722723440254,1.905836240846216,1.1747919955585466,3.822201963686058,0.231648603859761,92.8655211960494,-4.1710520322703815
1.0,5.0527422,1523.6777262361793,-20.08875594803726,1010.7493418732678,1.9063215114781336,1.1623599518005248,3.823175186003108,0.2317075870304913,92.87643576368774,-4.173474725117558
1.0,5.076918,1523.57679978976,-20.18968239445644,1010.7759765901624,1.9068070292955723,1.1499215754498997,3.824148904056866,0.2317666002458706,92.8873558909518,-4.175909258468892
1.0,5.1010938,1523.4758143420777,-20.2906678421391,1010.8026275071592,1.9072927944874456,1.137476861666926,3.825123118226204,0.2318256435288608,92.89828158209056,-4.178355856580311
1.0,5.1252696,1523.3747695987252,-20.391712585491405,1010.8292945408294,1.9077788072428608,1.1250258056069269,3.826097828890379,0.2318847169024472,92.9092128413574,-4.180814747036493
1.0,5.1494454,1523.2736652597546,-20.492816924461977,1010.8559776081064,1.9082650677511168,1.1125684024202849,3.8270730364290353,0.2319438203896385,92.92014967300992,-4.183286160787247
1.0,5.1736212,1523.1725010195933,-20.5939811646233,1010.8826766262948,1.908751576201705,1.1001046472524372,3.8280487412222057,0.232002954013467,92.93109208131018,-4.185770332194807
1.0,5.197797,1523.0712765669605,-20.69520561725608,1010.9093915130818,1.9092383327843128,1.0876345352438694,3.829024943650308,0.2320621177969883,92.94204007052453,-4.188267499059293
1.0,5.2219728000000005,1522.9699915847857,-20.796490599430854,1010.9361221865482,1.9097253376888184,1.0751580615301093,3.830001644094149,0.2321213117632818,92.95299364492364,-4.190777902727859
1.0,5.246148600000001,1522.868645750119,-20.8978364340976,1010.962868565176,1.9102125911052945,1.062675221241719,3.830978842934927,0.2321805359354501,92.9639528087826,-4.193301788098324
1.0,5.2703244,1522.7672387340483,-20.99924345016825,1010.9896305678644,1.910700093224008,1.050186009504291,3.831956540554225,0.2322397903366197,92.97491756638088,-4.195839403731952
1.0,5.2945002,1522.6657702016057,-21.10071198261108,1011.016408113937,1.91118784423542,1.037690421438439,3.832934737334019,0.2322990749899405,92.98588792200218,-4.198391001904383
1.0,5.318676,1522.5642398116806,-21.20224237253592,1011.0432011231544,1.911675844330188,1.0251884521597945,3.833913433656674,0.2323583899185863,92.99686387993476,-4.200956838576531
1.0,5.3428518,1522.462647216929,-21.30383496728723,1011.0700095157256,1.9121640936991595,1.0126800967789984,3.834892629904944,0.2324177351457541,93.00784544447112,-4.2035371735655644
1.0,5.3670276,1522.3609920636793,-21.40549012053725,1011.0968332123211,1.9126525925333824,1.0001653504016954,3.835872326461976,0.2324771106946652,93.01883261990828,-4.206132270563103
1.0,5.3912034,1522.259273991836,-21.50720819238063,1011.1236721340828,1.913141341024097,0.987644208128528,3.8368525237113102,0.2325365165885642,93.0298254105475,-4.2087423972079705
1.0,5.4153792,1522.1574926347864,-21.60898954943013,1011.1505262026368,1.9136303393627392,0.975116665055129,3.837833222036875,0.2325959528507196,93.04082382069454,-4.211367825111665
1.0,5.439555,1522.0556476193033,-21.710834564913284,1011.1773953401066,1.914119587740942,0.9625827162721156,3.8388144218229945,0.2326554195044239,93.05182785465952,-4.214008829992963
1.0,5.4637308,1521.953738565442,-21.812743618774448,1011.2042794691256,1.9146090863505327,0.9500423568650832,3.839796123454384,0.2327149165729929,93.062837516757,-4.216665691692469
1.0,5.4879066000000005,1521.8517650864449,-21.9147170977717,1011.2311785128488,1.9150988353835363,0.9374955819145996,3.8407783273161527,0.2327744440797668,93.07385281130594,-4.219338694219914
1.0,5.512082400000001,1521.7497267886347,-22.016755395581868,1011.2580923949664,1.9155888350321737,0.9249423864961964,3.841761033793807,0.2328340020481095,93.08487374262972,-4.222028125921497
1.0,5.5362582,1521.6476232713117,-22.11885891290489,1011.285021039718,1.9160790854888623,0.912382765680366,3.842744243273243,0.2328935905014086,93.09590031505611,-4.224734279432596
1.0,5.560434,1521.5454541266492,-22.22102805756731,1011.3119643719044,1.916569586946217,0.8998167145325509,3.843727956140756,0.2329532094630761,93.1069325329174,-4.22745745181237
1.0,5.5846098,1521.4432189395843,-22.323263244632017,1011.3389223169032,1.9170603395970505,0.8872442281131409,3.8447121727830345,0.2330128589565475,93.11797040055022,-4.230197944638348
1.0,5.6087856,1521.340917287709,-22.42556489650724,1011.365894800681,1.9175513436343712,0.8746653014774646,3.845696893587165,0.2330725390052827,93.12901392229573,-4.232956064046448
1.0,5.6329614,1521.2385487411582,-22.527933443058373,1011.3928817498092,1.918042599251388,0.8620799296757838,3.846682118940628,0.2331322496327653,93.14006310249944,-4.235732120778266
1.0,5.6571372,1521.1361128624983,-22.630369321718263,1011.4198830914778,1.9185341066415045,0.8494881077532871,3.847667849231304,0.2331919908625033,93.15111794551142,-4.238526430304773
1.0,5.681313,1521.033609206611,-22.732872977605894,1011.4468987535088,1.9190258659983253,0.8368898307500823,3.848654084847471,0.2332517627180285,93.16217845568607,-4.24133931290271
1.0,5.7054888,1520.9310373205765,-22.83544486364008,1011.4739286643752,1.9195178775156536,0.8242850937011907,3.8496408261778026,0.2333115652228971,93.17324463738244,-4.244171093730984
1.0,5.7296646,1520.828396743555,-22.93808544066156,1011.5009727532112,1.920010141387489,0.8116738916365409,3.850628073611373,0.2333713984006892,93.1843164949639,-4.247022102907067
1.0,5.7538404000000005,1520.7256870066656,-23.04079517755099,1011.5280309498312,1.9205026578080324,0.7990562195809616,3.851615827537656,0.2334312622750094,93.19539403279832,-4.249892675539741
1.0,5.778016200000001,1520.6229076328643,-23.14357455135223,1011.5551031847456,1.9209954269716831,0.7864320725541758,3.852604088346525,0.2334911568694863,93.20647725525814,-4.252783151921904
1.0,5.802192,1520.520058136817,-23.24642404739961,1011.5821893891743,1.92148844907304,0.7738014455707929,3.853592856428252,0.2335510822077728,93.21756616672016,-4.255693877563317
1.0,5.8263678,1520.417138024774,-23.34934415944258,1011.6092894950656,1.9219817243069024,0.7611643336403031,3.854582132173511,0.2336110383135461,93.22866077156571,-4.258625203241536
1.0,5.8505436,1520.31414679444,-23.45233538977664,1011.6364034351118,1.9224752528682685,0.7485207317670715,3.8555719159733775,0.2336710252105077,93.23976107418078,-4.261577485125599
1.0,5.8747194,1520.2110839348445,-23.55539824937228,1011.6635311427676,1.9229690349523376,0.7358706349503301,3.8565622082193296,0.2337310429223836,93.2508670789556,-4.26455108490336
1.0,5.8988952,1520.107948926203,-23.65853325801345,1011.6906725522653,1.9234630707545104,0.7232140381841722,3.857553009303245,0.2337910914729239,93.26197879028516,-4.267546369810589
1.0,5.923071,1520.0047412397896,-23.761740944426947,1011.7178275986332,1.923957360470387,0.7105509364575451,3.858544319617406,0.2338511708859034,93.27309621256876,-4.270563712761941
1.0,5.9472468,1519.901460337789,-23.865021846427453,1011.7449962177154,1.9244519042957693,0.6978813247542442,3.8595361395544985,0.2339112811851211,93.28421935021038,-4.273603492481925
1.0,5.9714226,1519.7981056731626,-23.96837651105397,1011.7721783461868,1.9249467024266609,0.6852051980529058,3.860528469507612,0.2339714223944007,93.29534820761845,-4.276666093501262
1.0,5.9955984,1519.6946766895026,-24.071805494714,1011.7993739215734,1.9254417550592653,0.6725225513270006,3.86152130987024,0.2340315945375902,93.3064827892059,-4.279751906378806
1.0,6.0197742000000005,1519.5911728208862,-24.17530936333037,1011.8265828822732,1.9259370623899903,0.6598333795448272,3.86251466103628,0.2340917976385624,93.31762309939032,-4.282861327716091
1.0,6.043950000000001,1519.4875934917293,-24.27888869248727,1011.8538051675716,1.9264326246154453,0.6471376776695057,3.863508523400037,0.2341520317212143,93.3287691425938,-4.285994760324684
1.0,6.0681258,1519.3839381166329,-24.38254406758369,1011.8810407176642,1.9269284419324408,0.6344354406589707,3.86450289735622,0.2342122968094679,93.3399209232429,-4.2891526132807485
1.0,6.0923016,1519.280206100233,-24.486276083983512,1011.908289473674,1.9274245145379905,0.6217266634659635,3.865497783299948,0.2342725929272695,93.35107844576883,-4.292335302063293
1.0,6.1164774,1519.1763968370417,-24.59008534717509,1011.9355513776752,1.9279208426293115,0.6090113410380279,3.866493181626741,0.2343329200985903,93.36224171460734,-4.295543248703325
1.0,6.1406532,1519.072509711289,-24.6939724729275,1011.962826372712,1.928417426403824,0.5962894683175015,3.8674890927325314,0.2343932783474261,93.37341073419871,-4.298776881809317
1.0,6.164829,1518.968544096763,-24.79793808745353,1011.9901144028184,1.928914266059152,0.5835610402415102,3.8684855170136574,0.2344536676977975,93.38458550898788,-4.302036636741832
1.0,6.1890048,1518.864499356644,-24.90198282757251,1012.0174154130422,1.929411361793122,0.5708260517419602,3.8694824548668687,0.2345140881737496,93.3957660434243,-4.305322955737211
1.0,6.2131806,1518.7603748433364,-25.00610734088013,1012.0447293494666,1.9299087138037647,0.5580844977455327,3.870479906689319,0.2345745397993526,93.40695234196204,-4.308636288027628
1.0,6.2373564,1518.6561698982998,-25.11031228591673,1012.0720561592302,1.9304063222893173,0.5453363731736759,3.871477872878576,0.2346350225987016,93.41814440905972,-4.311977089935681
1.0,6.2615322,1518.551883851875,-25.214598332341893,1012.0993957905532,1.930904187448219,0.5325816729425993,3.872476353832616,0.234695536595916,93.42934224918064,-4.315345824994438
1.0,6.2857080000000005,1518.447516023108,-25.31896616110862,1012.1267481927572,1.9314023094791133,0.519820391963266,3.873475349949824,0.2347560818151408,93.44054586679265,-4.31874296415117
1.0,6.309883800000001,1518.3430657195693,-25.42341646464729,1012.1541133162916,1.931900688580852,0.507052525141387,3.874474861629001,0.2348166582805455,93.4517552663682,-4.322168985814642
1.0,6.3340596,1518.238532237173,-25.527949947043226,1012.1814911127556,1.9323993249524885,0.4942780673774136,3.875474889269355,0.2348772660163245,93.46297045238444,-4.3256243760406505
1.0,6.3582354,1518.1339148599889,-25.632567324227693,1012.2088815349238,1.9328982187932844,0.4814970135665299,3.876475433270509,0.2349379050466975,93.474191429323,-4.329109628648439
1.0,6.3824112,1518.029212860053,-25.73726932416389,1012.2362845367716,1.9333973703027048,0.4687093585986482,3.8774764940324977,0.2349985753959089,93.48541820167024,-4.3326252453516645
1.0,6.406587,1517.9244254971757,-25.84205668704089,1012.2637000734989,1.9338967796804247,0.4559150973584005,3.878478071955769,0.2350592770882284,93.49665077391718,-4.3361717359111935
1.0,6.4307628,1517.819552018747,-25.94693016546989,1012.2911281015574,1.9343964471263213,0.4431142247251321,3.879480167441186,0.2351200101479506,93.50788915055942,-4.3397496183315525
1.0,6.4549386,1517.71459165953,-26.05189052468654,1012.3185685786768,1.93489637284048,0.4303067355728945,3.880482780890024,0.2351807745993953,93.5191333360972,-4.3433594188936695
1.0,6.4791144,1517.609543641468,-26.15693854274855,1012.3460214638916,1.935396557023194,0.4174926247704392,3.881485912703975,0.2352415704669075,93.53038333503548,-4.347001672424085
1.0,6.5032902,1517.5044071734656,-26.262075010751005,1012.373486717568,1.9358969998749629,0.4046718871812104,3.882489563285146,0.2353023977748573,93.54163915188384,-4.350676922425919
1.0,6.527466,1517.3991814511858,-26.36730073303079,1012.4009643014324,1.9363977015964928,0.3918445176633381,3.88349373303606,0.2353632565476399,93.55290079115646,-4.35438572113344
1.0,6.5516418000000005,1517.2938656568317,-26.472616527384844,1012.4284541786006,1.9368986623886992,0.3790105110696313,3.884498422359656,0.2354241468096761,93.56416825737236,-4.3581286298140185
1.0,6.575817600000001,1517.1884589589283,-26.578023225288234,1012.4559563136052,1.9373998824527043,0.3661698622475711,3.885503631659291,0.2354850685854115,93.57544155505502,-4.361906218877266
1.0,6.5999934,1517.0829605120991,-26.683521672117426,1012.4834706724256,1.9379013619898395,0.3533225660393047,3.886509361338739,0.2355460218993175,93.5867206887328,-4.365719068016915
1.0,6.6241692,1516.9773694568391,-26.78911272737741,1012.510997222519,1.9384031012016445,0.340468617281636,3.887515611802193,0.2356070067758904,93.59800566293865,-4.369567766418186
1.0,6.648345,1516.8716849192845,-26.89479726493209,1012.5385359328518,1.9389051002898663,0.3276080108060215,3.888522383454263,0.2356680232396522,93.6092964822102,-4.373452912928769
1.0,6.6725208,1516.7659060109745,-27.00057617324228,1012.5660867739268,1.939407359456464,0.3147407414385622,3.8895296766999774,0.2357290713151502,93.62059315108984,-4.377375116251642
1.0,6.6966966,1516.6600318286137,-27.1064503556031,1012.5936497178204,1.9399098789036016,0.3018668039999962,3.8905374919447926,0.2357901510269571,93.63189567412466,-4.381334995065117
1.0,6.7208724,1516.554061453827,-27.212420730389567,1012.621224738212,1.9404126588336568,0.2889861933056928,3.891545829594573,0.235851262399671,93.6432040558664,-4.385333178284782
1.0,6.7450482,1516.4479939529103,-27.31848823130622,1012.6488118104188,1.9409156994492167,0.2760989041656443,3.892554690055612,0.2359124054579159,93.65451830087162,-4.389370305256307
1.0,6.769224,1516.3418283765752,-27.42465380764133,1012.6764109114274,1.941419000953076,0.2632049313844601,3.893564073734622,0.2359735802263407,93.6658384137015,-4.3934470259118825
1.0,6.7933998,1516.2355637596922,-27.53091842452432,1012.7040220199308,1.941922563548241,0.2503042697613593,3.8945739810387376,0.2360347867296204,93.67716439892205,-4.397564000941202
1.0,6.8175756000000005,1516.129199121027,-27.637283063189216,1012.7316451163616,1.94242638743793,0.2373969140901636,3.895584412375517,0.2360960249924555,93.68849626110394,-4.4017219020825
1.0,6.841751400000001,1516.0227334629717,-27.743748721245083,1012.7592801829284,1.9429304728255703,0.2244828591592903,3.8965953681529393,0.236157295039572,93.69983400482263,-4.405921412286261
1.0,6.8659272,1515.9161657712689,-27.85031641294768,1012.7869272036554,1.9434348199148013,0.2115620997517462,3.897606848779408,0.2362185968957217,93.71117763465833,-4.410163225915312
1.0,6.890103,1515.8094950147374,-27.95698716947913,1012.8145861644132,1.943939428909475,0.1986346306451182,3.8986188546637535,0.236279930585682,93.72252715519598,-4.414448048995837
1.0,6.9142788,1515.702720144983,-28.063762039233552,1012.8422570529634,1.9444443000136524,0.1857004466115689,3.899631386215226,0.2363412961342561,93.73388257102528,-4.418776599442936
1.0,6.9384546,1515.595840096112,-28.17064208810461,1012.8699398589912,1.9449494334316093,0.1727595424178286,3.900644443843504,0.2364026935662729,93.74524388674078,-4.423149607217056
1.0,6.9626304,1515.4888537844347,-28.27762839978186,1012.8976345741528,1.945454829367833,0.1598119128251879,3.901658027958693,0.2364641229065874,93.7566111069417,-4.427567814651411
1.0,6.9868062,1515.381760108165,-28.384722076051503,1012.9253411921082,1.9459604880270225,0.1468575525894906,3.902672138971321,0.23652558418008,93.7679842362321,-4.43203197667026
1.0,7.010982,1515.2745579471116,-28.491924237104968,1012.9530597085652,1.9464664096140905,0.1338964564611272,3.903686777292347,0.2365870774116574,93.77936327922076,-4.436542861007183
1.0,7.0351578,1515.1672461623666,-28.599236021849947,1012.9807901213228,1.9469725943341625,0.1209286191850274,3.9047019433331545,0.2366486026262517,93.7907482405214,-4.441101248427003
1.0,7.0593336,1515.059823595988,-28.706658588228493,1013.0085324303126,1.9474790423925767,0.1079540355006532,3.905717637505556,0.2367101598488215,93.80213912475236,-4.445707933045924
1.0,7.0835094000000005,1514.9522890706712,-28.814193113545343,1013.036286637642,1.947985753994889,0.0949727001419914,3.906733860221794,0.2367717491043511,93.81353593653698,-4.450363722593465
1.0,7.107685200000001,1514.8446413894187,-28.921840794797845,1013.0640527476404,1.9484927293468632,0.0819846078375469,3.9077506118945378,0.2368333704178507,93.8249386805032,-4.455069438612554
1.0,7.131861,1514.7368793352032,-29.02960284901337,1013.0918307669016,1.9489999686544808,0.068989753310336,3.908767892936888,0.2368950238143568,93.83634736128394,-4.459825916808768
1.0,7.1560368,1514.6290016706196,-29.137480513596984,1013.1196207043348,1.949507472123939,0.0559881312778771,3.909785703762375,0.2369567093189318,93.84776198351686,-4.46463400727589
1.0,7.1802126,1514.521007137537,-29.24547504667953,1013.1474225712084,1.9500152399616464,0.0429797364521866,3.91080404478496,0.2370184269566642,93.85918255184454,-4.469494574757846
1.0,7.2043884,1514.4128944567387,-29.353587727477816,1013.175236381198,1.9505232723742287,0.0299645635397696,3.911822916419035,0.2370801767526687,93.87060907091428,-4.474678171314736
1.0,7.2285642,1514.304649288469,-29.461832895747648,1013.2030621243428,1.951031569568529,0.0169426072416137,3.9128423190794255,0.2371419587320863,93.88204154537836,-4.482867015107331
1.0,7.25274,1514.1961406639712,-29.5703415202454,1013.2308986001688,1.9515401317516008,0.0039138622531811,3.913862253181388,0.2372037729200841,93.89347997989374,-4.493764533603098
4.0,0.0,1543.7664821842166,0.0,1005.6348872124258,1.81,3.63,3.63,0.22,90.71,-1.25709673723577
4.0,0.0604395,1543.6904612151477,-0.0760209690690771,1005.6605765114904,1.8110946165307584,3.620100070382039,3.632195280666659,0.2201330473131308,90.71647698510742,-1.2585087548341107
4.0,0.120879,1543.614354904441,-0.152127279775641,1005.6863027737824,1.8121905578243929,3.6101881593451344,3.6343932181782015,0.2202662556471637,90.72296180900511,-1.2599212238546895
4.0,0.1813185,1543.5381631975292,-0.2283189866873272,1005.7120660795264,1.813287826287307,3.600264245125297,3.636593817360732,0.2203996252945897,90.72945448593208,-1.2613345978570578
4.0,0.241758,1543.4618860395865,-0.304596144630068,1005.7378665091454,1.814386424331736,3.590328305905792,3.638797083052045,0.2205331565486088,90.73595503016182,-1.2627488812249794
4.0,0.3021975,1543.3855233755155,-0.3809588087008251,1005.763704143262,1.8154863543757649,3.5803803198169786,3.641003020101672,0.2206668497031316,90.74246345600244,-1.2641640784549963
4.0,0.362637,1543.309075149947,-0.4574070342696359,1005.789579062694,1.816587618843345,3.5704202649361565,3.643211633370908,0.2208007050527822,90.74897977779682,-1.2655801941582467
4.0,0.4230765,1543.2325413072258,-0.533940876990755,1005.8154913484592,1.8176902201643137,3.5604481192873974,3.64542292773285,0.2209347228929,90.75550400992256,-1.266997233085931
4.0,0.483516,1543.155921791409,-0.6105603928076562,1005.8414410817742,1.8187941607744105,3.5504638608413863,3.647636908072436,0.2210689035195415,90.76203616679224,-1.2684152000947506
4.0,0.5439555,1543.0792165462533,-0.6872656379632645,1005.8674283440524,1.8198994431152955,3.54046746751526,3.649853579286476,0.2212032472294834,90.76857626285349,-1.2698341002105735
4.0,0.604395,1543.0024255152098,-0.7640566690067772,1005.8934532169086,1.821006069634568,3.5304589171724445,3.6520729462836914,0.2213377543202237,90.77512431258909,-1.2712539385502168
4.0,0.6648345,1542.9255486414154,-0.8409335428011673,1005.9195157821543,1.8221140427857847,3.5204381876224886,3.654295013984751,0.2214724250899848,90.78168033051698,-1.2726747203923878
4.0,0.725274,1542.8485858676836,-0.9178963165329606,1005.945616121802,1.8232233650284768,3.510405256620905,3.656519787322305,0.2216072598377154,90.7882443311906,-1.274096451144942
4.0,0.7857135,1542.7715371364973,-0.994945047719284,1005.9717543180626,1.8243340388281684,3.500360101868999,3.658747271241023,0.2217422588630923,90.79481632919872,-1.275519136353978
4.0,0.846153,1542.6944023899998,-1.0720797942167335,1005.9979304533472,1.8254460666563952,3.490302701013708,3.660977470697632,0.2218774224665231,90.80139633916572,-1.2769427817165706
4.0,0.9065925,1542.6171815699868,-1.1493006142297872,1006.024144610267,1.826559450990723,3.480233031647438,3.6632103906609528,0.2220127509491486,90.80798437575172,-1.27836739304621
4.0,0.967032,1542.5398746178955,-1.2266075663208085,1006.0503968716316,1.827674194314766,3.4701510713078902,3.665446036111934,0.2221482446128445,90.81458045365255,-1.2797929763419231
4.0,1.0274715,1542.462481474799,-1.3040007094175508,1006.0766873204518,1.8287902991182048,3.460056797477899,3.667684412043692,0.2222839037602237,90.82118458759996,-1.2812195377391618
4.0,1.087911,1542.3850020813938,-1.3814801028227066,1006.1030160399388,1.829907767896804,3.449950187585261,3.6699255234615458,0.2224197286946391,90.82779679236177,-1.2826470834934298
4.0,1.1483505,1542.307436377993,-1.45904580622323,1006.129383113504,1.831026603152434,3.4398312190025724,3.672169375383058,0.2225557197201853,90.83441708274174,-1.284075620060321
4.0,1.20879,1542.2297843045164,-1.5366978797001138,1006.155788624759,1.832146807393087,3.429699869047054,3.674415972838069,0.2226918771417012,90.84104547358008,-1.2855051540245768
4.0,1.2692295,1542.15204580048,-1.6144363837365745,1006.1822326575168,1.833268383132896,3.4195561149803853,3.676665320868736,0.2228282012647718,90.84768197975322,-1.286935692138286
4.0,1.329669,1542.0742208049865,-1.6922613792301036,1006.20871529579,1.8343913328921533,3.4093999340085315,3.678917424529568,0.2229646923957313,90.854326616174,-1.2883672413172462
4.0,1.3901085,1541.9963092567168,-1.7701729274997433,1006.2352366237928,1.8355156591973327,3.3992313032815784,3.6811722888874696,0.2231013508416648,90.86097939779197,-1.2897998086318694
4.0,1.450548,1541.9183110939189,-1.848171090297683,1006.2617967259404,1.836641364581104,3.389050199893552,3.683429919021772,0.2232381769104104,90.86764033959317,-1.2912334013326472
4.0,1.5109875,1541.8402262543973,-1.9262559298192627,1006.2883956868496,1.837768451582353,3.378856600882256,3.685690320024277,0.2233751709105622,90.87430945660054,-1.2926680268355994
4.0,1.571427,1541.7620546755031,-2.004427508713434,1006.3150335913364,1.8388969227462029,3.3686504832290924,3.687953496999291,0.2235123331514721,90.88098676387396,-1.294103692724093
4.0,1.6318665,1541.6837962941247,-2.0826858900918523,1006.3417105244206,1.840026780624032,3.358431823858892,3.690219455063666,0.2236496639432525,90.88767227651016,-1.2955404067542986
4.0,1.692306,1541.605451046675,-2.161031137541613,1006.3684265713216,1.8411580277734927,3.3482005996397395,3.692488199346839,0.2237871635967781,90.89436600964316,-1.296978176886114
4.0,1.7527455,1541.5270188690808,-2.2394633151357084,1006.3951818174604,1.84229066675853,3.3379567873827964,3.694759734990865,0.2239248324236887,90.90106797844412,-1.2984170112376887
4.0,1.813185,1541.4484996967735,-2.3179824874430324,1006.4219763484608,1.843424700149404,3.327700363842131,3.6970340671504633,0.2240626707363916,90.90777819812162,-1.2998569181108903
4.0,1.8736245,1541.3698934646766,-2.3965887195399773,1006.4488102501472,1.8445601305227053,3.3174313057145377,3.6993112009930496,0.2242006788480636,90.91449668392164,-1.301297905993124
4.0,1.934064,1541.291200107195,-2.475282077021575,1006.4756836085444,1.845696960461377,3.3071495896393626,3.701591141698785,0.2243388570726536,90.92122345112782,-1.3027399835864344
4.0,1.9945035,1541.2124195582005,-2.554062626016048,1006.5025965098806,1.846835192554736,3.296855192198328,3.703873894460603,0.224477205724885,90.92795851506146,-1.304183159772947
4.0,2.054943,1541.133551751025,-2.632930433191632,1006.5295490405856,1.8479748293984863,3.2865480899153496,3.706159464484257,0.224615725120258,90.93470189108166,-1.30562744360941
4.0,2.1153825,1541.0545966184443,-2.711885565772264,1006.5565412872884,1.8491158735947453,3.276228259256364,3.708447856988357,0.2247544155750519,90.94145359458548,-1.3070728443854025
4.0,2.175822,1540.9755540926687,-2.790928091547812,1006.5835733368234,1.8502583277520617,3.2658956766291456,3.710739077204411,0.2248932774063279,90.94821364100804,-1.3085193715687635
4.0,2.2362615,1540.8964241053282,-2.8700580788884054,1006.6106452762236,1.8514021944854329,3.255550318383129,3.7130331303768624,0.225032310931931,90.95498204582265,-1.3099670348728978
4.0,2.296701,1540.8172065874603,-2.949275596756024,1006.6377571927252,1.8525474764163288,3.2451921608092267,3.715330021763134,0.2251715164704929,90.9617588245408,-1.311415844162184
4.0,2.3571405,1540.7379014695016,-3.0285807147149626,1006.664909173766,1.8536941761727088,3.23482118013965,3.717629756633664,0.2253108943414342,90.96854399271254,-1.3128658095592982
4.0,2.41758,1540.658508681267,-3.1079735029495623,1006.6921013069835,1.8548422963890423,3.2244373525477235,3.719932340271947,0.2254504448649665,90.97533756592632,-1.3143169413906437
4.0,2.4780195,1540.579028151943,-3.187454032273536,1006.71933368022,1.855991839706332,3.214040654147708,3.722237777974577,0.2255901683620955,90.98213955980928,-1.3157692502045393
4.0,2.538459,1540.4994598100718,-3.2670223741447444,1006.7466063815168,1.857142808772129,3.203631060994613,3.724546075051286,0.2257300651546234,90.98894999002734,-1.317222746763946
4.0,2.5988985,1540.419803583537,-3.3466786006795246,1006.773919499118,1.8582952062405576,3.1932085490840163,3.726857236824986,0.2258701355651506,90.99576887228528,-1.3186774420701113
4.0,2.659338,1540.3400593995516,-3.4264227846649646,1006.801273121468,1.8594490347723345,3.182773094351876,3.729171268631808,0.2260103799170793,91.0025962223269,-1.320133347355295
4.0,2.7197775,1540.2602271846424,-3.506254999574139,1006.8286673372128,1.8606042970347847,3.1723246726743457,3.731488175821144,0.2261507985346148,91.00943205593512,-1.3215904740773112
4.0,2.780217,1540.1803068646354,-3.586175319581116,1006.856102235201,1.8617609957018728,3.161863259867593,3.73380796375569,0.226291391742769,91.01627638893208,-1.3230488339413569
4.0,2.8406565,1540.1002983646445,-3.6661838195720975,1006.8835779044804,1.8629191334542108,3.1513888316876084,3.736130637811484,0.2264321598673626,91.02312923717932,-1.3245084388818211
4.0,2.901096,1540.0202016090518,-3.7462805751647466,1006.9110944343004,1.864078712979088,3.1409013638300176,3.738456203377949,0.2265731032350272,91.0299906165779,-1.3259693011113995
4.0,2.9615355,1539.9400165214954,-3.826465662721148,1006.9386519141126,1.865239736970488,3.1304008319298986,3.740784665857939,0.2267142221732084,91.03686054306846,-1.327431433048332
4.0,3.021975,1539.859743024856,-3.9067391593605407,1006.966250433567,1.8664022081291096,3.1198872115615885,3.743116030667773,0.226855517010168,91.04373903263136,-1.328894847403717
4.0,3.0824145,1539.779381041236,-3.987101142980464,1006.993890082517,1.8675661291623904,3.109360478238493,3.745450303237281,0.2269969880749867,91.05062610128684,-1.3303595571269398
4.0,3.142854,1539.69893049195,-4.067551692266534,1007.0215709510136,1.8687315027845235,3.0988206074129008,3.747787489009845,0.2271386356975664,91.05752176509516,-1.3318255754293205
4.0,3.2032935,1539.618391297504,-4.14809088671268,1007.04929312931,1.8698983317164823,3.0882675744757906,3.750127593442449,0.2272804602086332,91.06442604015665,-1.3332929157986655
4.0,3.263733,1539.537763377581,-4.22871880663547,1007.0770567078592,1.8710666186860403,3.07770135475664,3.752470622005706,0.2274224619397397,91.07133894261187,-1.3347615919847158
4.0,3.3241725,1539.457046651026,-4.309435533190481,1007.1048617773132,1.872236366427792,3.0671219235232305,3.7548165801839146,0.2275646412232675,91.0782604886418,-1.3362316180246123
4.0,3.384612,1539.376241035826,-4.390241148390487,1007.1327084285252,1.873407577683174,3.056529255981459,3.757165473475095,0.22770699839243,91.08519069446784,-1.3377030082283454
4.0,3.4450515,1539.2953464490945,-4.471135735122289,1007.1605967525464,1.8745802552004884,3.0459233272751423,3.759517307391034,0.2278495337812748,91.09212957635206,-1.3391757771842094
4.0,3.505491,1539.214362807056,-4.55211937716058,1007.188526840628,1.8757544017349217,3.03530411248582,3.761872087457329,0.2279922477246866,91.09907715059724,-1.340649939769719
4.0,3.5659305,1539.1332900250247,-4.633192159191822,1007.21649878422,1.876930020048568,3.024671586632565,3.764229819213426,0.2281351405583895,91.10603343354704,-1.342125511180711
4.0,3.62637,1539.0521280173905,-4.714354166826297,1007.2445126749716,1.8781071129104503,3.01402572467178,3.766590508212672,0.2282782126189498,91.11299844158614,-1.3436025068622257
4.0,3.6868095,1538.9708766975978,-4.795605486618797,1007.272568604729,1.879285683096544,3.00336650149701,3.7689541600223495,0.2284214642437787,91.11997219114032,-1.345080942610366
4.0,3.747249,1538.8895359781286,-4.876946206087951,1007.3006666655398,1.880465733389792,2.992693891938736,3.7713207802237263,0.2285648957711349,91.1269546986766,-1.3465608345049986
4.0,3.8076885,1538.8081057704835,-4.958376413733049,1007.328806949644,1.8816472665801365,2.982007870764183,3.7736903744120966,0.2287085075401271,91.13394598070346,-1.348042198947951
4.0,3.868128,1538.726585985162,-5.03989619905451,1007.3569895494852,1.8828302854645336,2.9713084126771188,3.776062948196827,0.2288522998907168,91.1409460537708,-1.3495250526520977
4.0,3.9285675,1538.644976531644,-5.121505652572523,1007.3852145577008,1.8840147928469788,2.9605954923176565,3.7784385072014,0.2289962731637211,91.14795493447023,-1.3510094126540937
4.0,3.989007,1538.5632773183695,-5.203204865846828,1007.4134820671244,1.885200791538528,2.9498690842620494,3.780817057063456,0.2291404277008155,91.15497263943516,-1.3524952963161925
4.0,4.0494465,1538.4814882527207,-5.284993931495819,1007.4417921707894,1.8863882843573168,2.939129163022493,3.783198603434841,0.2292847638445358,91.16199918534082,-1.353982721329885
4.0,4.109886,1538.399609240998,-5.366872943218596,1007.4701449619216,1.8875772741285928,2.928375703046928,3.785583151981653,0.229429281938282,91.16903458890454,-1.3554717057540984
4.0,4.1703255,1538.317640188401,-5.448841995815656,1007.4985405339448,1.888767763684724,2.917608678718824,3.7879707083842806,0.22957398232632,91.17607886688585,-1.3569622679442546
4.0,4.230765,1538.235580999011,-5.530901185205494,1007.5269789804776,1.889959755865232,2.9068280643569926,3.790361278337454,0.229718865353785,91.18313203608652,-1.3584544266414014
4.0,4.2912045,1538.1534315757629,-5.613050608453705,1007.5554603953332,1.8911532535168096,2.896033834215373,3.792754867550287,0.229863931366684,91.19019411335086,-1.3599482009376516
4.0,4.351644,1538.07119182043,-5.695290363786626,1007.5839848725196,1.8923482594933467,2.885225962482826,3.795151481746325,0.2300091807118985,91.1972651155656,-1.361443610257993
4.0,4.4120835,1537.9888616335984,-5.777620550618167,1007.6125525062388,1.8935447766559488,2.874404423282937,3.797551126663589,0.2301546137371871,91.20434505966033,-1.3629406744239532
4.0,4.472523,1537.9064409146465,-5.860041269570274,1007.6411633908856,1.894742807872964,2.8635691906737994,3.799953808054619,0.230300230791189,91.21143396260742,-1.3644394136172195
4.0,4.5329625,1537.8239295617198,-5.942552622496805,1007.6698176210476,1.8959423560200035,2.852720238647816,3.8023595316865255,0.2304460322234258,91.21853184142222,-1.365939848401467
4.0,4.593402,1537.7413274717114,-6.025154712505128,1007.6985152915069,1.897143423979964,2.841857541131484,3.804768303341033,0.230592018384305,91.2256387131632,-1.3674419997059886
4.0,4.6538415,1537.6586345402372,-6.107847643979312,1007.7272564972352,1.8983460146430549,2.830981071985192,3.807180128814524,0.2307381896251226,91.23275459493212,-1.368945888874805
4.0,4.714281,1537.5758506616105,-6.190631522606282,1007.7560413333964,1.899550130906816,2.820090805003004,3.809595013918088,0.2308845462980659,91.23987950387404,-1.370451537635745
4.0,4.7747205,1537.4929757288191,-6.27350645539741,1007.7848698953452,1.9007557756761428,2.809186713912454,3.812012964477568,0.2310310887562162,91.24701345717762,-1.3719589681222717
4.0,4.83516,1537.4100096335028,-6.356472550713761,1007.813742278627,1.9019629518633143,2.7982687723743345,3.814433986333608,0.231177817353552,91.2541564720752,-1.3734682028680254
4.0,4.8955995,1537.3269522659248,-6.439529918291783,1007.8426585789764,1.903171662388009,2.7873369539824817,3.816858085341698,0.2313247324449514,91.26130856584288,-1.374979264832291
4.0,4.956039,1537.243803514949,-6.522678669267634,1007.8716188923164,1.904381910177334,2.776391232263564,3.8192852673722224,0.2314718343861952,91.2684697558007,-1.3764921773945389
4.0,5.0164785,1537.1605632680137,-6.6059189162028815,1007.9006233147584,1.9055936981658448,2.765431580676865,3.821715538310506,0.23161912353397,91.27564005931282,-1.3780069643507886
4.0,5.076918,1537.077231411105,-6.689250773111553,1007.9296719426028,1.9068070292955723,2.7544579726140794,3.824148904056866,0.2317666002458706,91.2828194937876,-1.3795236499518069
4.0,5.1373575,1536.9938078287312,-6.772674355485378,1007.9587648723348,1.908021906516045,2.743470381399085,3.826585370526654,0.2319142648804033,91.2900080766778,-1.3810422588794609
4.0,5.197797,1536.910292403894,-6.856189780322666,1007.9879022006272,1.9092383327843128,2.7324687802877325,3.829024943650308,0.2320621177969883,91.29720582548066,-1.3825628162558132
4.0,5.2582365,1536.8266850180648,-6.93979716615172,1008.0170840243388,1.910456311064972,2.7214531424676296,3.831467629373397,0.2322101593559634,91.30441275773804,-1.384085347674045
4.0,5.318676,1536.7429855511523,-7.023496633064042,1008.0463104405112,1.911675844330188,2.710423441057922,3.833913433656674,0.2323583899185863,91.31162889103663,-1.385609879185722
4.0,5.3791155,1536.6591938814786,-7.10728830273797,1008.0755815463712,1.912896935559718,2.699379649109072,3.83636236247612,0.2325068098470375,91.31885424300806,-1.387136437313529
4.0,5.439555,1536.5753098857465,-7.191172298470065,1008.1048974393274,1.914119587740942,2.6883217396026424,3.8388144218229945,0.2326554195044239,91.326088831329,-1.3886650490603645
4.0,5.4999945,1536.4913334390133,-7.275148745203296,1008.1342582169732,1.915343803868879,2.677249685451076,3.841269617703885,0.2328042192547809,91.33333267372136,-1.390195741902062
4.0,5.560434,1536.4072644146613,-7.359217769555244,1008.1636639770816,1.9165695869462167,2.666163459497474,3.843727956140756,0.2329532094630761,91.34058578795248,-1.391728543821955
4.0,5.6208735,1536.3231026843646,-7.443379499851972,1008.1931148176056,1.9177969399833343,2.6550630345153703,3.8461894431709966,0.2331023904952119,91.34784819183508,-1.39326348330178
4.0,5.681313,1536.2388481180633,-7.527634066153269,1008.222610836679,1.9190258659983253,2.643948383208515,3.848654084847471,0.2332517627180285,91.35511990322766,-1.394800589330771
4.0,5.7417525,1536.1545005839268,-7.61198160028971,1008.2521521326142,1.9202563680170268,2.632819478210647,3.851121887238568,0.2334013264993071,91.36240094003443,-1.3963398914183929
4.0,5.802192,1536.070059948329,-7.696422235887894,1008.2817388039002,1.92148844907304,2.6216762920852683,3.853592856428252,0.2335510822077728,91.36969132020566,-1.3978814195925224
4.0,5.8626315,1535.985526075808,-7.780956108408645,1008.311370949204,1.922722112207757,2.6105187973254216,3.8560669985161113,0.2337010302130976,91.3769910617376,-1.3994252044176392
4.0,5.923071,1535.900898829044,-7.865583355172703,1008.341048667368,1.9239573604703868,2.5993469663534614,3.8585443196174056,0.2338511708859033,91.38430018267285,-1.4009712770057376
4.0,5.9835105,1535.816178068815,-7.95030411540165,1008.3707720574088,1.925194196917978,2.58816077152083,3.8610248258631272,0.2340015045977652,91.3916187011003,-1.4025196690181474
4.0,6.04395,1535.7313636539725,-8.035118530244063,1008.4005412185168,1.9264326246154453,2.5769601851078243,3.863508523400037,0.2341520317212143,91.39894663515548,-1.4040704126655328
4.0,6.1043895,1535.6464554414024,-8.120026742814161,1008.4303562500554,1.927672646635596,2.5657451793233723,3.865995418390725,0.2343027526297409,91.40628400302056,-1.4056235407388158
4.0,6.164829,1535.5614532859915,-8.20502889822501,1008.4602172515588,1.928914266059152,2.5545157263047984,3.868485517013658,0.2344536676977974,91.4136308229246,-1.4071790866019
4.0,6.2252685,1535.476357040593,-8.290125143623527,1008.490124322732,1.93015748597478,2.543271798117598,3.870978825463233,0.2346047773008019,91.42098711314355,-1.4087370842062228
4.0,6.285708,1535.3911665559897,-8.375315628226872,1008.5200775634486,1.9314023094791133,2.5320133667552014,3.8734753499498247,0.2347560818151408,91.42835289200072,-1.4102975681053067
4.0,6.3461475,1535.3058816808582,-8.460600503358364,1008.5500770737495,1.93264873967678,2.520740404138741,3.87597509669984,0.2349075816181721,91.43572817786648,-1.411860573432932
4.0,6.406587,1535.2205022617338,-8.54597992248273,1008.5801229538442,1.9338967796804247,2.509452882116822,3.878478071955769,0.2350592770882284,91.44311298915876,-1.4134261359668017
4.0,6.4670265,1535.1350281429686,-8.631454041247935,1008.610215304106,1.9351464326107413,2.498150772465285,3.880984281976238,0.2352111686046205,91.45050734434312,-1.4149942921048932
4.0,6.527466,1535.0494591666984,-8.717023017518159,1008.6403542250716,1.9363977015964928,2.486834046886971,3.88349373303606,0.2353632565476399,91.45791126193284,-1.4165650788600033
4.0,6.5879055,1534.963795172801,-8.802687011415628,1008.670539817442,1.93765058977454,2.4755026770114874,3.886006431426287,0.2355155412985628,91.46532476048914,-1.4181385339106782
4.0,6.648345,1534.8780359988575,-8.888446185358816,1008.7007721820788,1.9389051002898663,2.464156634394966,3.888522383454263,0.2356680232396522,91.47274785862126,-1.41971469557393
4.0,6.7087845,1534.7921814801146,-8.974300704102006,1008.7310514200036,1.940161236295608,2.452795890519832,3.8910415954436783,0.2358207027541623,91.48018057498672,-1.421293602854348
4.0,6.769224,1534.7062314494383,-9.060250734778265,1008.761377632396,1.941419000953076,2.441420416794557,3.893564073734622,0.2359735802263407,91.4876229282914,-1.4228752954095398
4.0,6.8296635,1534.6201857372807,-9.14629644693582,1008.7917509205936,1.942678397431784,2.430030184553428,3.896089824683632,0.2361266560414322,91.49507493728971,-1.424459813590147
4.0,6.890103,1534.5340441716314,-9.232438012585137,1008.822171386088,1.943939428909475,2.418625165056299,3.8986188546637535,0.236279930585682,91.5025366207848,-1.426047198452579
4.0,6.9505425,1534.447806577979,-9.318675606237548,1008.8526391305264,1.9452020985721488,2.407205329488353,3.901151170064587,0.2364334042463386,91.51000799762858,-1.4276374917462815
4.0,7.010982,1534.3614727792667,-9.405009404949851,1008.8831542557076,1.9464664096140905,2.395770648959859,3.903686777292347,0.2365870774116574,91.51748908672204,-1.4292307359537515
4.0,7.0714215,1534.2750425958477,-9.491439588369076,1008.9137168635816,1.9477323652378904,2.3843210945059274,3.9062256827699136,0.2367409504709038,91.52497990701536,-1.4308269742941775
4.0,7.131861,1534.188515845441,-9.577966338775468,1008.9443270562466,1.9489999686544808,2.372856637086268,3.908767892936888,0.2368950238143568,91.532480477508,-1.432426250714343
4.0,7.1923005,1534.1018923430872,-9.664589841129327,1008.9749849359484,1.950269223083156,2.361377247584937,3.911313414249644,0.2370492978333117,91.53999081724896,-1.434028609915913
4.0,7.25274,1534.015171901103,-9.751310283113526,1009.0056906050796,1.9515401317516008,2.3498828968101058,3.9138622531813887,0.2372037729200841,91.54751094533682,-1.4356340973736224
4.0,7.3131795,1533.928354329031,-9.838127855185576,1009.0364441661756,1.9528126978959213,2.338373555493793,3.916414416222208,0.2373584494680125,91.55504088092007,-1.4372427593480095
4.0,7.373619,1533.8414394335955,-9.925042750620833,1009.067245721914,1.9540869247606685,2.326849194291635,3.918969909879131,0.2375133278714624,91.56258064319712,-1.4388546809259424
4.0,7.4340585,1533.7544270140554,-10.012055170161148,1009.0980970015144,1.955362815598867,2.315309783782624,3.9215287406761807,0.2376684085258291,91.57013025141649,-1.4404699522456212
4.0,7.494498,1533.6673168662385,-10.099165317978304,1009.1289999237748,1.956640373672044,2.303755294468863,3.924090915154431,0.2378236918275412,91.5776897248771,-1.442122532707799
4.0,7.5549375,1533.5801046844242,-10.186377499792345,1009.1599545388884,1.957919602250256,2.2921856967753147,3.92665643987206,0.2379791781740642,91.58525908292832,-1.4438910151129676
4.0,7.615377,1533.4927807642223,-10.27370141999404,1009.1909608950108,1.959200504612115,2.2806009610495463,3.929225321404408,0.2381348679639034,91.59283834497003,-1.4457443074134062
4.0,7.6758165,1533.4053445582883,-10.361137625928222,1009.2220190401708,1.9604830840448213,2.269001057561479,3.9317975663440334,0.2382907615966081,91.60042753045305,-1.4476034678355063
4.0,7.736256,1533.317795904634,-10.448686279582487,1009.2531290222764,1.9617673438441867,2.257385956503131,3.934373181300773,0.238446859472774,91.60802665887913,-1.4494653159090376
4.0,7.7966955,1533.2301346403665,-10.53634754385007,1009.2842908891092,1.9630532873146644,2.2457556279883657,3.9369521729017856,0.2386031619940476,91.61563574980111,-1.45132986675344
4.0,7.857135,1533.1423606016708,-10.62412158254574,1009.3155046883256,1.9643409177693791,2.2341100420526323,3.939534547791628,0.2387596695631289,91.6232548228232,-1.453197135742812
4.0,7.9175745,1533.054473623795,-10.71200856042151,1009.3467704674592,1.965630238530153,2.2224491686527093,3.942120312632296,0.2389163825837754,91.63088389760108,-1.4550671385168243
4.0,7.978014,1532.9664735410342,-10.80000864318231,1009.378088273914,1.9669212529275344,2.210772977666446,3.944709474103287,0.2390733014608052,91.63852299384192,-1.4569398909497977
4.0,8.0384535,1532.878360186717,-10.888121997499638,1009.40945815497,1.9682139643008287,2.199081438892505,3.947302038901662,0.2392304266001007,91.6461721313049,-1.4588154092161858
4.0,8.098893,1532.7901333931836,-10.976348791032931,1009.4408801577804,1.969508375998126,2.187374522050099,3.949898013742098,0.239387758408612,91.65383132980106,-1.460693709736006
4.0,8.1593325,1532.7017929917777,-11.064689192438893,1009.4723543293712,1.9708044913763283,2.175652196778731,3.9524974053569455,0.2395452972943604,91.66150060919364,-1.462574809202124
4.0,8.219772,1532.613338812822,-11.153143371394435,1009.5038807166404,1.9721023138011824,2.163914432637932,3.9551002204962935,0.239703043666442,91.66917998939816,-1.464458724600263
4.0,8.2802115,1532.5247706856069,-11.241711498609902,1009.5354593663596,1.9734018466473024,2.152161199106996,3.9577064659280152,0.2398609979350312,91.67686949038269,-1.4663454731944512
4.0,8.340651,1532.436088438368,-11.330393745848596,1009.567090325171,1.974703093298208,2.1403924655847164,3.960316148437842,0.2400191605113844,91.68456913216784,-1.4682350725233846
4.0,8.4010905,1532.3472918982752,-11.41919028594134,1009.5987736395896,1.9760060571463465,2.1286082013891225,3.962929274829413,0.2401775318078432,91.69227893482729,-1.4701275404313492
4.0,8.46153,1532.2583808914085,-11.508101292808306,1009.6305093560012,1.9773107415931248,2.1168083757572087,3.965545851924333,0.2403361122378383,91.6999989184875,-1.4720228950754972
4.0,8.5219695,1532.1693552427414,-11.597126941475151,1009.6622975206628,1.97861715004894,2.1049929578446704,3.968165886562239,0.2404949022158932,91.70772910332826,-1.473921154882191
4.0,8.582409,1532.0802147761271,-11.686267408089408,1009.6941381797028,1.9799252859332075,2.093161916725633,3.970789385600853,0.2406539021576274,91.71546950958268,-1.4758223386179452
4.0,8.6428485,1531.9909593142715,-11.775522869945007,1009.7260313791194,1.981235152674392,2.081315221392384,3.973416355916045,0.2408131124797603,91.72322015753744,-1.4777264653494058
4.0,8.703288,1531.9015886787222,-11.864893505494363,1009.7579771647822,1.982546753710035,2.0694528407550976,3.976046804401893,0.2409725336001147,91.73098106753288,-1.4796335544415342
4.0,8.7637275,1531.8121026898443,-11.954379494372231,1009.7899755824312,1.9838600924867904,2.057574743641571,3.978680737970745,0.2411321659376209,91.73875225996328,-1.4815436256358223
4.0,8.824167,1531.7225011667988,-12.043981017417764,1009.8220266776764,1.985175172460448,2.0456808987969435,3.981318163553274,0.2412920099123196,91.746533755277,-1.483456698961163
4.0,8.8846065,1531.632783927531,-12.133698256685877,1009.8541304959972,1.986491997095969,2.033771274883426,3.983959088098545,0.2414520659453663,91.7543255739767,-1.4853727947793232
4.0,8.945046,1531.5429507887384,-12.223531395478176,1009.886287082744,1.987810569867511,2.021845840480025,3.986603518574069,0.2416123344590345,91.76212773661936,-1.487291933837696
4.0,9.0054855,1531.4530015658606,-12.313480618355923,1009.9184964831376,1.989130894258467,2.0099045640822664,3.989251461965875,0.2417728158767197,91.76994026381666,-1.489214137174713
4.0,9.065925,1531.3629360730506,-12.403546111165952,1009.9507587422672,1.9904529737614864,1.99794741410192,3.991902925278561,0.241933510622943,91.77776317623508,-1.4911394262380782
4.0,9.1263645,1531.2727541231563,-12.49372806106021,1009.9830739050932,1.991776811878512,1.9859743588667145,3.994557915535359,0.242094419123355,91.78559649459604,-1.4930678227901808
4.0,9.186804,1531.1824555276996,-12.584026656516926,1010.015442016446,1.993102412120812,1.973985366620067,3.9972164397782017,0.2422555418047395,91.7934402396762,-1.494999348975398
4.0,9.2472435,1531.0920400968514,-12.67444208736515,1010.047863121025,1.994429778009002,1.961980405520796,3.9998785050677776,0.2424168790950168,91.8012944323074,-1.4969340273182752
4.0,9.307683,1531.0015076394116,-12.764974544805,1010.0803372634005,1.9957589130730888,1.9499594436428391,4.002544118483598,0.2425784314232483,91.80915909337722,-1.4988718807107944
4.0,9.3681225,1530.910857962783,-12.855624221433573,1010.1128644880132,1.9970898208524923,1.937922448974976,4.005213287124059,0.2427401992196399,91.81703424382884,-1.5008129324396575
4.0,9.428562,1530.8200908729511,-12.946391311265415,1010.1454448391734,1.99842250489608,1.9258693894205368,4.007886018106503,0.2429021829155456,91.82491990466131,-1.5027572061771934
4.0,9.4890015,1530.7292061744577,-13.037276009758898,1010.1780783610628,1.9997569687622,1.9138002327971224,4.010562318567285,0.2430643829434718,91.8328160969299,-1.5047047259904502
4.0,9.549441,1530.638203670378,-13.128278513838495,1010.2107650977332,2.0010932160187096,1.901714946836316,4.013242195661832,0.2432267997370807,91.84072284174606,-1.5066555163539306
4.0,9.6098805,1530.5470831622963,-13.219399021920252,1010.2435050931076,2.002431250243009,1.8896134991833928,4.0159256565647095,0.2433894337311944,91.8486401602777,-1.5086096021623234
4.0,9.67032,1530.4558444502784,-13.310637733938163,1010.2762983909804,2.0037710750220747,1.877495857397037,4.018612708469686,0.2435522853617991,91.8565680737494,-1.5105670087268663
4.0,9.7307595,1530.3644873328485,-13.401994851368272,1010.3091450350184,2.005112693952488,1.8653619889490487,4.021303358589796,0.2437153550660482,91.86450660344262,-1.5125277617826214
4.0,9.791199,1530.273011606962,-13.493470577254584,1010.3420450687586,2.0064561106404684,1.853211861224051,4.023997614157404,0.2438786432822669,91.8724557706958,-1.5144918874884752
4.0,9.8516385,1530.1814170679804,-13.585065116236136,1010.3749985356112,2.007801328701909,1.8410454415192008,4.0266954824242704,0.2440421504499557,91.88041559690468,-1.5164594124616997
4.0,9.912078,1530.089703509643,-13.676778674573598,1010.4080054788589,2.009148351762404,1.8288626970438948,4.029396970661617,0.2442058770097949,91.88838610352232,-1.5184303637670382
4.0,9.9725175,1529.9978707240389,-13.76861146017768,1010.4410659416592,2.010497183457285,1.8166635949194736,4.03210208616019,0.2443698234036479,91.8963673120594,-1.5204047689057916
4.0,10.032957,1529.9059185015822,-13.860563682634393,1010.4741799670408,2.011847827431652,1.804448102178928,4.03481083623033,0.2445339900745654,91.90435924408452,-1.5223826558794826
4.0,10.0933965,1529.813846630979,-13.952635553237542,1010.507347597909,2.0132002873404065,1.792216185766599,4.037523228202031,0.2446983774667897,91.91236192122416,-1.5243640531371057
4.0,10.153836,1529.7216548992028,-14.044827285013753,1010.5405688770423,2.0145545668482856,1.7799678125378842,4.040239269425014,0.2448629860257584,91.92037536516308,-1.526348989607868
4.0,10.2142755,1529.629343091464,-14.137139092752475,1010.5738438470948,2.0159106696298923,1.767702949258933,4.042958967268789,0.2450278161981084,91.92839959764429,-1.5283374947211996
4.0,10.274715,1529.5369109911785,-14.229571193038057,1010.6071725505984,2.017268599369732,1.7554215626063487,4.045682329122722,0.2451928684316801,91.93643464046951,-1.5303295983994758
4.0,10.3351545,1529.444358379939,-14.322123804277451,1010.6405550299608,2.018628359762244,1.74312361916689,4.048409362396102,0.2453581431755213,91.94448051549924,-1.5323253310743894
4.0,10.395594,1529.3516850374835,-14.414797146733008,1010.6739913274672,2.019989954511835,1.73080908543716,4.0511400745182105,0.2455236408798915,91.9525372446529,-1.534324723694226
4.0,10.4560335,1529.2588907416637,-14.507591442552894,1010.7074814852816,2.021353387332914,1.718477927823311,4.053874472938387,0.2456893619962658,91.96060484990912,-1.5363278077311406
4.0,10.516473,1529.165975268413,-14.600506915803637,1010.7410255454472,2.022718661949926,1.7061301126407324,4.056612565126094,0.245855306977339,91.96868335330592,-1.5383346151847943
4.0,10.5769125,1529.0729383917148,-14.693543792501714,1010.7746235498878,2.0240857820973805,1.6937656061137456,4.05935435857099,0.2460214762770297,91.97677277694086,-1.5403451785914513
4.0,10.637352,1528.9797798835698,-14.786702300646766,1010.8082755404084,2.025454751519897,1.6813843743752983,4.062099860782998,0.2461878703504847,91.98487314297132,-1.542359531067632
4.0,10.6977915,1528.886499513959,-14.879982670257505,1010.841981558696,2.026825573972227,1.668986383466653,4.064849079292367,0.2463544896540828,91.99298447361468,-1.5443777062646404
4.0,10.758231,1528.7930970508144,-14.97338513340219,1010.875741646321,2.028198253219297,1.656571599337077,4.0676020216497495,0.2465213346454393,92.00110679114844,-1.5463997384231334
4.0,10.8186705,1528.699572259978,-15.066909924238416,1010.909555844739,2.029572793036237,1.6441399878435317,4.0703586954262665,0.2466884057834101,92.00924011791057,-1.54842566235493
4.0,10.87911,1528.6059249051746,-15.160557279041996,1010.94342419529,2.0309491972084213,1.6316915147503577,4.073119108213574,0.2468557035280954,92.01738447629955,-1.550455513457564
4.0,10.9395495,1528.5121547479669,-15.254327436249696,1010.9773467392018,2.0323274695314955,1.6192261457289618,4.075883267623939,0.2470232283408447,92.02553988877476,-1.5524893277579397
4.0,10.999989,1528.4182615477246,-15.348220636491988,1011.0113235175908,2.0337076138114183,1.6067438463575023,4.078651181290304,0.2471909806842608,92.0337063778565,-1.5545271418650373
4.0,11.0604285,1528.324245061585,-15.44223712263124,1011.0453545714616,2.0350896338644944,1.5942445821205689,4.081422856866361,0.2473589610222037,92.04188396612638,-1.5565689930317603
4.0,11.120868,1528.230105044416,-15.536377139800608,1011.0794399417114,2.0364735335174067,1.5817283184088702,4.084198302026622,0.2475271698197952,92.0500726762273,-1.558614919127649
4.0,11.1813075,1528.135841248776,-15.630640935440624,1011.1135796691282,2.037859316607256,1.569195020518907,4.086977524466486,0.2476956075434234,92.05827253086392,-1.5606649587007269
4.0,11.241747,1528.0414534248732,-15.725028759343331,1011.1477737943956,2.0392469869815937,1.556644653652658,4.0897605319023125,0.2478642746607462,92.0664835528027,-1.5627191509211116
4.0,11.3021865,1527.9469413205318,-15.81954086368478,1011.1820223580924,2.0406365484984588,1.5440771829172542,4.092547332071495,0.2480331716406966,92.07470576487208,-1.564777535639223
4.0,11.362626,1527.8523046811429,-15.914177503073688,1011.2163254006944,2.042028005026413,1.5314925733246565,4.095337932732529,0.2482022989534866,92.08293918996291,-1.566840153398516
4.0,11.4230655,1527.757543249629,-16.008938934587604,1011.2506829625764,2.043421360444575,1.5188907897913309,4.098132341665087,0.2483716570706113,92.0911838510284,-1.5689070454172906
4.0,11.483505,1527.6626567664,-16.10382541781655,1011.2850950840152,2.044816618642661,1.5062717971379236,4.100930566670089,0.2485412464648538,92.09943977108448,-1.5709782536214334
4.0,11.5439445,1527.5676449693096,-16.198837214906916,1011.3195618051884,2.0462137835210163,1.4936355600889302,4.103732615569774,0.2487110676102893,92.10770697321,-1.573053820669884
4.0,11.604384,1527.4725075936112,-16.29397459060533,1011.3540831661808,2.047612858990654,1.4809820432723726,4.106538496207776,0.2488811209822894,92.11598548054693,-1.5751337899419011
4.0,11.6648235,1527.3772443719156,-16.389237812300962,1011.3886592069828,2.049013848973291,1.4683112112194625,4.109348216449197,0.2490514070575271,92.12427531630053,-1.577218205542522
4.0,11.725263,1527.2818550341433,-16.484627150073266,1011.4232899674934,2.050416757401384,1.455623028364276,4.112161784180676,0.2492219263139804,92.13257650373968,-1.579307112366223
4.0,11.7857025,1527.18633930748,-16.580142876736545,1011.457975487524,2.0518215882181683,1.4429174590434164,4.11497920731047,0.2493926792309375,92.140889066197,-1.5814005560569058
4.0,11.846142,1527.090696916328,-16.675785267888614,1011.4927158067989,2.053228345377692,1.4301944674956826,4.117800493768521,0.2495636662890012,92.14921302706912,-1.5834985830351798
4.0,11.9065815,1526.9949275822612,-16.77155460195536,1011.5275109649576,2.0546370328448544,1.4174540178617316,4.120625651506531,0.2497348879700928,92.1575484098168,-1.5856012405329238
4.0,11.967021,1526.8990310239735,-16.86745116024281,1011.5623610015592,2.0560476545954445,1.4046960741837442,4.123454688498046,0.2499063447574573,92.16589523796532,-1.587708576593286
4.0,12.0274605,1526.8030069572312,-16.963475226985338,1011.597265956083,2.057460214616176,1.391920600405084,4.126287612738518,0.2500780371356678,92.17425353510455,-1.589820640068865
4.0,12.0879,1526.706855094823,-17.059627089393643,1011.6322258679324,2.0588747169047266,1.3791275603699604,4.129124432245391,0.2502499655906297,92.18262332488928,-1.591937480667184
4.0,12.1483395,1526.6105751465057,-17.155907037710904,1011.6672407764356,2.0602911654697755,1.3663169178230845,4.131965155058168,0.2504221306095859,92.1910046310394,-1.5940591489579674
4.0,12.208779,1526.5141668189558,-17.252315365260756,1011.7023107208508,2.06170956433104,1.3534886364093284,4.134809789238494,0.2505945326811208,92.19939747734004,-1.5961856963622267
4.0,12.2692185,1526.4176298157151,-17.34885236850141,1011.7374357403684,2.0631299175193147,1.340642679673382,4.137658342870227,0.2507671722951653,92.2078018876419,-1.5983171751995542
4.0,12.329658,1526.3209638371347,-17.445518347081816,1011.772615874114,2.0645522290765106,1.3277790110594068,4.140510824059521,0.2509400499430013,92.21621788586155,-1.6004536386953987
4.0,12.3900975,1526.2241685803233,-17.542313603893263,1011.80785116115,2.0659765030556905,1.3148975939106884,4.143367240934893,0.2511131661172662,92.22464549598146,-1.602595140975609
4.0,12.450537,1526.1272437390887,-17.63923844512783,1011.8431416404824,2.067402743521112,1.3019983914692883,4.146227601647311,0.2512865213119583,92.23308474205034,-1.6047417371137271
4.0,12.5109765,1526.0301890038825,-17.736293180334087,1011.8784873510592,2.0688309545482584,1.2890813668756973,4.149091914370264,0.2514601160224403,92.24153564818334,-1.6068934831473598
4.0,12.571416,1525.9330040617394,-17.833478122477118,1011.9138883317784,2.070261140223889,1.2761464831684797,4.151960187299843,0.251633950745445,92.24999823856236,-1.609050436059988
4.0,12.6318555,1525.835688596222,-17.930793587994458,1011.9493446214886,2.071693304646066,1.263193703283924,4.154832428654817,0.2518080259790798,92.2584725374361,-1.611212653826442
4.0,12.692295,1525.7382422873577,-18.02823989685908,1011.9848562589953,2.073127451924203,1.2502229900556885,4.157708646676717,0.2519823422228313,92.26695856912056,-1.613380195443824
4.0,12.7527345,1525.6406648115772,-18.125817372639403,1012.0204232830604,2.0745635861790994,1.237234306214445,4.160588849629907,0.25215689997757,92.27545635799898,-1.6155531209042238
4.0,12.813174,1525.5429558416556,-18.223526342560945,1012.0560457324108,2.0760017115429807,1.2242276143875224,4.163473045801668,0.2523316997455556,92.28396592852228,-1.6177314912620204
4.0,12.8736135,1525.4451150466448,-18.32136713757177,1012.0917236457396,2.0774418321595376,1.2112028770985472,4.166361243502277,0.252506742030441,92.2924873052092,-1.6199153686229693
4.0,12.934053,1525.347142091812,-18.419340092404585,1012.1274570617117,2.0788839521839693,1.1981600567670845,4.169253451065088,0.252682027337278,92.3010205126466,-1.6221048161714862
4.0,12.9944925,1525.2490366385707,-18.51744554564584,1012.1632460189657,2.0803280757830187,1.1850991157082786,4.172149676846606,0.2528575561725216,92.30956557548956,-1.6242998981961136
4.0,13.054932,1525.1507983444178,-18.61568383979875,1012.1990905561212,2.081774207135016,1.1720200161324847,4.175049929226578,0.253033329044035,92.31812251846188,-1.6265006800877018
4.0,13.1153715,1525.0524268628624,-18.71405532135418,1012.2349907117838,2.0832223504299154,1.1589227201449104,4.177954216608063,0.2532093464610947,92.32669136635604,-1.6287072283957968
4.0,13.175811,1524.9539218433565,-18.812560340860045,1012.270946524543,2.084672509869341,1.1458071897452449,4.180862547417518,0.253385608934395,92.33527214403352,-1.6309196108268225
4.0,13.2362505,1524.8552829312252,-18.91119925299131,1012.3069580329868,2.086124689666622,1.132673386827295,4.1837749301048826,0.2535621169760535,92.34386487642514,-1.6331378962458984
4.0,13.29669,1524.756509767596,-19.009972416620485,1012.3430252756998,2.0875788940468367,1.1195212731786135,4.186691373143655,0.2537388710996155,92.35246958853128,-1.6353621547459625
4.0,13.3571295,1524.6576019893216,-19.108880194894937,1012.379148291269,2.089035127246852,1.1063508104801305,4.189611885030979,0.2539158718200593,92.36108630542198,-1.6375924576386751
4.0,13.417569,1524.5585592289092,-19.207922955307367,1012.4153271182936,2.0904933935153656,1.0931619603057805,4.1925364742877225,0.2540931196538014,92.36971505223732,-1.6398288774707908
4.0,13.4780085,1524.4593811144418,-19.30710106977472,1012.4515617953842,2.0919536971129475,1.0799546841221286,4.195465149458563,0.2542706151187008,92.37835585418767,-1.6420714880750893
4.0,13.538448,1524.3600672695022,-19.406414914714333,1012.487852361172,2.0934160423120787,1.0667289432879945,4.19839791911207,0.2544483587340648,92.3870087365538,-1.6443203645576432
4.0,13.5988875,1524.2606173130944,-19.505864871122185,1012.524198854315,2.094880433397197,1.0534846990540774,4.201334791840788,0.2546263510206538,92.39567372468728,-1.6465755833596631
4.0,13.659327,1524.1610308595614,-19.60545132465517,1012.5606013134998,2.0963468746647367,1.0402219125625765,4.204275776261323,0.2548045925006862,92.40435084401068,-1.648837222262955
4.0,13.7197665,1524.0613075185047,-19.705174665711866,1012.5970597774534,2.097815370423169,1.02694054484681,4.207220881014422,0.2549830836978437,92.41304012001775,-1.651105360391739
4.0,13.780206,1523.9614468947025,-19.80503528951408,1012.633574284944,2.099285924993048,1.0136405568308364,4.210170114765062,0.2551618251372765,92.42174157827378,-1.6533800782908656
4.0,13.8406455,1523.8614485880212,-19.90503359619538,1012.670144874791,2.100758542707049,1.0003219093290672,4.213123486202535,0.2553408173456081,92.43045524441574,-1.6556614579058078
4.0,13.901085,1523.761312193332,-20.005169990884497,1012.7067715858692,2.102233227910016,0.9869845630458872,4.216081004040528,0.2555200608509411,92.43918114415264,-1.6579495826317725
4.0,13.9615245,1523.661037300422,-20.105444883794465,1012.7434544571174,2.103709984958997,0.9736284785752626,4.219042677017215,0.2556995561828615,92.44791930326566,-1.6602445373264345
4.0,14.021964,1523.5606234939048,-20.205858690311743,1012.7801935275438,2.105188818223296,0.960253616400356,4.222008513895339,0.2558793038724448,92.45666974760856,-1.6625464083426778
4.0,14.0824035,1523.4600703531278,-20.30641183108878,1012.8169888362336,2.1066697320845096,0.9468599368931366,4.224978523462304,0.2560593044522608,92.46543250310778,-1.664855283584984
4.0,14.142843,1523.3593774520805,-20.407104732136304,1012.8538404223576,2.108152730936572,0.9334474003139892,4.227952714530252,0.2562395584563789,92.4742075957628,-1.6671712524766915
4.0,14.2032825,1523.2585443592998,-20.50793782491678,1012.8907483251776,2.1096378191857985,0.9200159668113176,4.23093109593616,0.2564200664203733,92.48299505164636,-1.669494406034573
4.0,14.263722,1523.157570637773,-20.60891154644355,1012.9277125840543,2.111125001250929,0.9065655964211558,4.233913676541919,0.2566008288813284,92.49179489690466,-1.6718248369052162
4.0,14.3241615,1523.0564558448395,-20.71002633937701,1012.964733238457,2.112614281563174,0.8930962490667654,4.236900465234432,0.2567818463778443,92.50060715775778,-1.6741626393486513
4.0,14.384601,1522.955199532091,-20.81128265212556,1013.0018103279692,2.114105664566254,0.8796078845582442,4.239891470925692,0.2569631194500419,92.50943186049976,-1.6765079093293025
4.0,14.4450405,1522.8538012452675,-20.912680938948824,1013.0389438923,2.115599154716449,0.8661004625921193,4.242886702552879,0.2571446486395684,92.518269031499,-1.678860744497797
4.0,14.50548,1522.752260524157,-21.014221660059548,1013.0761339712892,2.1170947564826377,0.8525739427509507,4.24588616907844,0.2573264344896024,92.52711869719838,-1.681221244221888
4.0,14.5659195,1522.6505769024873,-21.115905281729283,1013.113380604919,2.118592474346347,0.8390282845029273,4.248889879490188,0.2575084775448599,92.53598088411567,-1.6835895096883178
4.0,14.626359,1522.5487499078156,-21.21773227640097,1013.1506838333212,2.120092312801793,0.825463447201461,4.2518978428013865,0.2576907783515992,92.54485561884375,-1.685965643850068
4.0,14.6867985,1522.4467790614242,-21.31970312279236,1013.1880436967862,2.1215942763559283,0.8118793900847806,4.254910068050839,0.2578733374576266,92.55374292805082,-1.6883497515082126
4.0,14.747238,1522.344663878203,-21.42181830601362,1013.2254602357754,2.1230983695284853,0.7982760722755233,4.257926564302984,0.2580561554123021,92.56264283848073,-1.6907419393355667
4.0,14.8076775,1522.2424038665392,-21.52407831767732,1013.2629334909263,2.124604596852023,0.7846534527803252,4.26094734064798,0.2582392327665442,92.57155537695311,-1.6931423159076076
4.0,14.868117,1522.1399985281982,-21.62648365601831,1013.3004635030678,2.1261129628719715,0.7710114904894091,4.263972406201799,0.2584225700728363,92.58048057036396,-1.6955509917552265
4.0,14.9285565,1522.037447358207,-21.72903482600964,1013.3380503132244,2.127623472146679,0.757350144176171,4.267001770106323,0.2586061678852317,92.5894184456856,-1.6979680793774603
4.0,14.988996,1521.934749844731,-21.8317323394856,1013.3756939626328,2.129136129247456,0.7436693724967649,4.270035441529428,0.2587900267593593,92.598369029967,-1.70039369330334
4.0,15.0494355,1521.831905468954,-21.93457671526244,1013.413394492748,2.1306509387586234,0.7299691339896865,4.273073429665085,0.2589741472524294,92.60733235033418,-1.702827950110077
4.0,15.109875,1521.7289137049495,-22.03756847926684,1013.4511519452574,2.1321679052775577,0.7162493870753515,4.2761157437334445,0.259158529923239,92.6163084339904,-1.7052709684739966
4.0,15.1703145,1521.6257740195558,-22.140708164660737,1013.48896636209,2.1336870334147355,0.7025100900556799,4.2791623929809335,0.2593431753321778,92.62529730821647,-1.7077228692087374
4.0,15.230754,1521.522485872243,-22.243996311973888,1013.5268377854298,2.135208327793785,0.688751201113668,4.282213386680354,0.2595280840412335,92.63429900037096,-1.7101837753107247
4.0,15.2911935,1521.41904871498,-22.34743346923642,1013.5647662577264,2.136731793051529,0.6749726783129685,4.285268734130967,0.259713256613998,92.64331353789052,-1.7126538119955512
4.0,15.351633,1521.3154619921024,-22.45102019211413,1013.6027518217084,2.138257433838033,0.6611744795974622,4.288328444658596,0.2598986936156724,92.65234094829025,-1.7151331067343565
4.0,15.4120725,1521.2117251401712,-22.554757044045346,1013.6407945203944,2.1397852548166525,0.6473565627908308,4.291392527615717,0.2600843956130738,92.66138125916372,-1.71762178930112
4.0,15.472512,1521.1078375878335,-22.658644596383056,1013.678894397108,2.141315260664081,0.6335188855961268,4.294460992381556,0.2602703631746397,92.6704344981836,-1.7201199918436032
4.0,15.5329515,1521.003798755677,-22.762683428539503,1013.7170514954888,2.142847456070399,0.6196614055953432,4.297533848362182,0.2604565968704352,92.67950069310164,-1.7226278488888056
4.0,15.593391,1520.8996080560876,-22.866874128128984,1013.7552658595082,2.144381845739117,0.6057840802489765,4.300611104990606,0.2606430972721579,92.68857987174914,-1.7251454974066291
4.0,15.6538305,1520.795264893096,-22.97121729112041,1013.793537533481,2.14591843438723,0.5918868668955976,4.303692771726877,0.2608298649531441,92.69767206203714,-1.7276730768644484
4.0,15.71427,1520.6907686622294,-23.075713521987154,1013.8318665620814,2.1474572267452627,0.5779697227514071,4.306778858058179,0.2610169004883745,92.70677729195675,-1.730210729265309
4.0,15.7747095,1520.5861187503533,-23.18036343386325,1013.870252990356,2.148998227557316,0.5640326049098046,4.309869373498926,0.2612042044544804,92.71589558957947,-1.732758599202498
4.0,15.835149,1520.4813145355165,-23.28516764870028,1013.908696863742,2.150541441581118,0.5500754703409384,4.312964327590861,0.2613917774297492,92.72502698305732,-1.73531683391775
4.0,15.8955885,1520.3763553867864,-23.390126797430185,1013.9471982280772,2.152086873588076,0.5360982758912711,4.316063729903157,0.2615796199941307,92.73417150062336,-1.7378855833285345
4.0,15.956028,1520.271240664089,-23.4952415201276,1013.985757129622,2.153634528363319,0.5221009782831301,4.319167590032513,0.2617677327292432,92.7433291705918,-1.740465000113545
4.0,16.0164675,1520.1659697180378,-23.60051246617877,1014.0243736150696,2.1551844107057536,0.5080835341142621,4.322275917603252,0.2619561162183789,92.75250002135834,-1.74305523973635
4.0,16.076907,1520.060541889765,-23.705940294451462,1014.0630477315664,2.156736525428109,0.4940458998573853,4.325388722267422,0.2621447710465104,92.7616840814006,-1.7456564605181484
4.0,16.1373465,1519.9549565107466,-23.811525673469987,1014.1017795267288,2.158290877356987,0.4799880318597357,4.328506013704897,0.2623336978002968,92.7708813792781,-1.7482688237032562
4.0,16.197786,1519.849212902625,-23.91726928159187,1014.1405690486584,2.1598474713329177,0.4659098863426207,4.331627801623475,0.2625228970680894,92.7800919436329,-1.7508924934900278
4.0,16.2582255,1519.743310377026,-24.023171807190465,1014.1794163459618,2.161406312210401,0.4518114194009583,4.334754095758981,0.2627123694399382,92.78931580318972,-1.753527637112711
4.0,16.318665,1519.6372482353784,-24.12923394883819,1014.2183214677668,2.162967404857965,0.4376925870028246,4.337884905875367,0.2629021155075979,92.79855298675623,-1.7561744248760078
4.0,16.3791045,1519.531025768721,-24.23545641549549,1014.257284463744,2.164530754158212,0.4235533449889922,4.341020241764812,0.263092135864534,92.80780352322346,-1.7588330302642134
4.0,16.439544,1519.424642257513,-24.34183992670364,1014.2963053841244,2.1660963650078697,0.4093936490724746,4.344160113247827,0.2632824311059289,92.8170674415659,-1.7615036299466738
4.0,16.4999835,1519.318096971437,-24.448385212779613,1014.3353842797176,2.1676642423178447,0.3952134548380598,4.347304530173357,0.2634730018286883,92.82634477084204,-1.7641864038760104
4.0,16.560423,1519.2113891691986,-24.55509301501797,1014.3745212019346,2.169234391013272,0.3810127177418456,4.350453502418882,0.2636638486314474,92.83563554019456,-1.766881535357243
4.0,16.6208625,1519.1045180983244,-24.661964085892123,1014.4137162028068,2.170806816033567,0.366791393110776,4.353607039890524,0.2638549721145772,92.84493977885056,-1.7695892111005378
4.0,16.681302,1518.99748299495,-24.768999189266424,1014.4529693350077,2.1723815223324783,0.3525494361421734,4.356765152523147,0.2640463728801907,92.854257516122,-1.772309621281238
4.0,16.7417415,1518.8902830836134,-24.87619910060312,1014.4922806518748,2.1739585148781373,0.3382868019032609,4.359927850280463,0.2642380515321492,92.863588781406,-1.7750429596308095
4.0,16.802181,1518.7829175770328,-24.98356460718378,1014.5316502074304,2.1755377986531115,0.3240034453307001,4.363095143155135,0.2644300086760688,92.872933604185,-1.7777894235205167
4.0,16.8626205,1518.6753856758878,-25.091096508328743,1014.571078056408,2.17711937865446,0.3096993212301095,4.366267041168888,0.2646222449193265,92.8822920140272,-1.7805492139796115
4.0,16.92306,1518.567686568596,-25.19879561562061,1014.6105642542703,2.1787032598937808,0.2953743842755886,4.36944355437261,0.2648147608710672,92.89166404058696,-1.7833225358299387
4.0,16.9834995,1518.4598194310793,-25.30666275313729,1014.6501088572376,2.180289447397268,0.2810285890092412,4.372624692846454,0.2650075571422093,92.90104971360482,-1.7861095977350487
4.0,17.043939,1518.3517834265313,-25.4146987576853,1014.6897119223092,2.181877946205763,0.2666618898406949,4.375810466699956,0.2652006343454519,92.91044906290814,-1.7889106122875091
4.0,17.1043785,1518.243577705177,-25.522904479039653,1014.7293735072932,2.1834687613748094,0.2522742410466155,4.379000886072132,0.2653939930952807,92.91986211841116,-1.7917257960580173
4.0,17.164818,1518.1352014040294,-25.63128078018713,1014.7690936708248,2.185061897974704,0.2378655967702226,4.382195961131588,0.265587634007975,92.92928891011552,-1.7945553697391006
4.0,17.2252575,1518.0266536466384,-25.739828537578205,1014.8088724723996,2.186657361090553,0.2234359110208038,4.385395702076633,0.2657815577016141,92.9387294681104,-1.79739955817422
4.0,17.285697,1517.917933542837,-25.848548641379463,1014.8487099723976,2.188255155822325,0.2089851376732267,4.388600119135381,0.2659757647960837,92.94818382257296,-1.8002585904596344
4.0,17.3461365,1517.809040188482,-25.9574419957346,1014.8886062321104,2.189855287284907,0.1945132304674419,4.391809222565864,0.2661702559130826,92.9576520037687,-1.8031327000571764
4.0,17.406576,1517.6999726651868,-26.06650951902975,1014.9285613137704,2.191457760608157,0.1800201430079952,4.395023022656138,0.2663650316761296,92.96713404205158,-1.8060221248488235
4.0,17.4670155,1517.5907300400524,-26.175752144164107,1014.9685752805808,2.193062580936959,0.1655058287635293,4.398241529724398,0.2665600927105696,92.97662996786454,-1.808927107222189
4.0,17.527455,1517.481311365393,-26.285170818823644,1015.008648196744,2.1946697534312785,0.1509702410662842,4.4014647541190834,0.2667554396435808,92.98613981173978,-1.8118478942287768
4.0,17.5878945,1517.371715678446,-26.394766505770576,1015.048780127492,2.196279283266219,0.1364133331116018,4.404692706218992,0.2669510731041813,92.995663604299,-1.8147847376185384
4.0,17.648334,1517.2619420010944,-26.50454018312212,1015.0889711391184,2.197891175632076,0.121835057957419,4.407925396433389,0.2671469937232357,93.00520137625388,-1.8177378939253688
4.0,17.7087735,1517.1519893395662,-26.614492844650385,1015.1292212990116,2.1995054357343915,0.1072353685237637,4.411162835202123,0.2673432021334619,93.01475315840628,-1.8207076246526408
4.0,17.769213,1517.041856684134,-26.72462550008254,1015.1695306756844,2.201122068794015,0.0926142175922499,4.414405032995733,0.2675396989694383,93.02431898164858,-1.8236941962932176
4.0,17.8296525,1516.9315430088125,-26.834939175404088,1015.2098993388106,2.2027410800471547,0.0779715578055691,4.417652000315565,0.26773648486761,93.0338988769641,-1.826697880465872
4.0,17.890092,1516.8210472710414,-26.945434913175177,1015.250327359259,2.204362474745436,0.0633073416669763,4.420903747693885,0.267933560466296,93.0434928754274,-1.829718954029886
4.0,17.9505315,1516.710368411368,-27.056113772848448,1015.2908148091276,2.205986258155956,0.0486215215397768,4.424160285693989,0.2681309264056963,93.05310100820458,-1.832757699190552
4.0,18.010971,1516.599505353121,-27.16697683109556,1015.33136176178,2.2076124355613485,0.0339140496468124,4.427421624910329,0.2683285833278987,93.06272330655362,-1.8358144036028528
4.0,18.0714105,1516.4884570020752,-27.27802518214139,1015.3719682918849,2.2092410122598296,0.0191848780699444,4.430687775968608,0.2685265318768853,93.07235980182472,-1.838889360495159
4.0,18.13185,1516.3772222461134,-27.389259938103123,1015.4126344754492,2.2108719935652634,0.0044339587495256,4.433958749525916,0.2687247726985403,93.08201052546076,-1.841973517643055
10.0,0.0,1543.7664821842166,0.0,1005.6348872124258,1.81,3.63,3.63,0.22,90.71,-0.3214779490754154
10.0,0.0666666666666666,1543.7450360230878,-0.0214461611287788,1005.6511485882288,1.8112074716477653,3.6263569652495606,3.632421614409607,0.2201467645096731,90.7098671841834,-0.3219068847847666
10.0,0.1333333333333333,1543.7235612662453,-0.042920917971287,1005.6674324447928,1.8124165554072096,3.6227090666343,3.634846461949266,0.2202937249666221,90.7097341910426,-0.3223362429198459
10.0,0.2,1543.702057857365,-0.064424326851622,1005.6837388287582,1.8136272545090184,3.6190562944069966,3.637274549098197,0.220440881763527,90.70960102022228,-0.3227664470105083
10.0,0.2666666666666666,1543.6805257399772,-0.0859564442394003,1005.7000677868962,1.8148395721925137,3.615398638794361,3.6397058823529416,0.2205882352941176,90.70946767136606,-0.3231974992559117
10.0,0.3333333333333333,1543.6589648574643,-0.1075173267522586,1005.7164193661052,1.8160535117056853,3.6117360899969593,3.6421404682274248,0.2207357859531772,90.70933414411677,-0.3236294018624903
10.0,0.4,1543.6373751530618,-0.1291070311547173,1005.732793613416,1.817269076305221,3.608068638189121,3.644578313253012,0.2208835341365461,90.70920043811611,-0.3240621570530493
10.0,0.4666666666666667,1543.6157565698577,-0.150725614358862,1005.749190575987,1.8184862692565305,3.6043962735188457,3.647019423978567,0.2210314802411252,90.70906655300492,-0.3244957670322037
10.0,0.5333333333333333,1543.5941090507908,-0.1723731334257081,1005.76561030111,1.81970509383378,3.600718986107726,3.649463806970509,0.2211796246648793,90.70893248842307,-0.3249302340391296
10.0,0.6,1543.5724325386525,-0.1940496455640641,1005.7820528362068,1.82092555331992,3.5970367660508504,3.6519114688128775,0.221327967806841,90.7087982440095,-0.3253655603057268
10.0,0.6666666666666666,1543.5507269760835,-0.2157552081330322,1005.7985182288304,1.822147651006712,3.593349603416718,3.654362416107383,0.2214765100671141,90.70866381940206,-0.3258017480766284
10.0,0.7333333333333333,1543.5289923055757,-0.2374898786410995,1005.8150065266672,1.823371390194762,3.589657488247146,3.656816655473473,0.2216252518468771,90.70852921423774,-0.3262387996073812
10.0,0.8,1543.5072284694693,-0.259253714747274,1005.831517777536,1.8245967741935485,3.5859604105571847,3.659274193548388,0.2217741935483871,90.70839442815247,-0.3266767171444371
10.0,0.8666666666666667,1543.485435409956,-0.2810467742606306,1005.8480520293878,1.8258238063214525,3.5822583603350244,3.6617350369872224,0.2219233355749831,90.70825946078132,-0.3271155029615329
10.0,0.9333333333333332,1543.4636130690744,-0.3028691151421299,1005.8646093303084,1.827052489905788,3.578551327541906,3.664199192462988,0.2220726783310901,90.70812431175824,-0.3275551593287673
10.0,1.0,1543.4417613887122,-0.3247207955043905,1005.8811897285174,1.8282828282828285,3.574839302112029,3.6666666666666665,0.2222222222222222,90.70798898071624,-0.3279956885216961
10.0,1.0666666666666669,1543.4198803106049,-0.3466018736116893,1005.8977932723676,1.829514824797844,3.5711222739524624,3.669137466307278,0.2223719676549865,90.70785346728744,-0.328437092828608
10.0,1.1333333333333333,1543.397969776335,-0.3685124078815533,1005.914420010348,1.8307484828051248,3.567400232943052,3.671611598111936,0.222521915037087,90.7077177711028,-0.3288793745468865
10.0,1.2,1543.376029727332,-0.3904524568845318,1005.9310699910832,1.831983805668016,3.5636731689363272,3.674089068825911,0.2226720647773279,90.70758189179242,-0.3293225359830103
10.0,1.2666666666666666,1543.3540601048703,-0.4124220793460154,1005.947743263333,1.833220796758947,3.5599410717574123,3.6765698852126953,0.2228224172856178,90.70744582898531,-0.3297665794398199
10.0,1.3333333333333333,1543.3320608500733,-0.4344213341432805,1005.964439875994,1.83445945945946,3.556203931203932,3.6790540540540544,0.222972972972973,90.70730958230958,-0.3302115072328888
10.0,1.4,1543.3100319039063,-0.4564502803102641,1005.9811598781,1.835699797160244,3.5524617370459155,3.6815415821501016,0.2231237322515213,90.7071731513922,-0.3306573216905235
10.0,1.4666666666666666,1543.2879732071813,-0.4785089770352897,1005.9979033188208,1.836941813261164,3.5487144790257106,3.6840324763193504,0.2232746955345061,90.70703653585926,-0.3311040251446684
10.0,1.5333333333333332,1543.2658847005537,-0.5005974836628866,1006.0146702474656,1.838185511171293,3.5449621468578814,3.686526743398781,0.2234258632362897,90.70689973533575,-0.3315516199363628
10.0,1.6,1543.2437663245232,-0.522715859693335,1006.0314607134804,1.8394308943089432,3.5412047302291207,3.689024390243903,0.2235772357723577,90.70676274944567,-0.3320001084102841
10.0,1.6666666666666667,1543.2216180194323,-0.5448641647842578,1006.0482747664524,1.840677966101695,3.537442218798152,3.6915254237288138,0.223728813559322,90.70662557781202,-0.3324494929256616
10.0,1.7333333333333334,1543.1994397254664,-0.5670424587501657,1006.0651124561048,1.841926729986432,3.5336746021956333,3.694029850746269,0.2238805970149254,90.70648822005676,-0.3328997758453624
10.0,1.8,1543.177231382653,-0.589250801563594,1006.081973832304,1.843177189409369,3.52990187002407,3.69653767820774,0.2240325865580448,90.7063506758008,-0.3333509595377109
10.0,1.8666666666666667,1543.1549929308617,-0.6114892533551028,1006.0988589450536,1.8444293478260871,3.5261240118577075,3.69904891304348,0.2241847826086956,90.70621294466402,-0.333803046381945
10.0,1.933333333333333,1543.132724309802,-0.6337578744146413,1006.1157678444991,1.8456832087015635,3.522341017242445,3.7015635622025833,0.2243371855880353,90.70607502626538,-0.3342560387682169
10.0,2.0,1543.1104254590257,-0.6560567251908651,1006.1327005809296,1.846938775510204,3.518552875695733,3.704081632653061,0.2244897959183673,90.70593692022264,-0.3347099390848598
10.0,2.0666666666666664,1543.0880963179238,-0.6783858662927287,1006.1496572047714,1.8481960517358744,3.514759576706479,3.706603131381892,0.2246426140231449,90.7057986261526,-0.3351647497383965
10.0,2.1333333333333333,1543.0657368257273,-0.7007453584892573,1006.1666377665968,1.8494550408719348,3.510961109734952,3.709128065395096,0.2247956403269755,90.70566014367104,-0.335620473140807
10.0,2.2,1543.043346921505,-0.7231352627115939,1006.1836423171188,1.850715746421268,3.507157464212679,3.7116564417177913,0.2249488752556237,90.70552147239265,-0.3360771117058903
10.0,2.2666666666666666,1543.0209265441663,-0.7455556400502701,1006.2006709071952,1.8519781718963169,3.503348629542354,3.714188267394271,0.2251023192360164,90.70538261193106,-0.3365346678601781
10.0,2.333333333333333,1542.998475632457,-0.7680065517595267,1006.2177235878258,1.8532423208191129,3.499534595097736,3.716723549488055,0.2252559726962457,90.70524356189884,-0.3369931440447544
10.0,2.4,1542.9759941249604,-0.7904880592561767,1006.2348004101556,1.8545081967213115,3.495715350223547,3.719262295081968,0.2254098360655737,90.70510432190758,-0.3374525426970649
10.0,2.466666666666667,1542.9534819600974,-0.8130002241191505,1006.2519014254754,1.8557758031442244,3.4918908842353824,3.721804511278196,0.2255639097744361,90.70496489156776,-0.3379128662600124
10.0,2.533333333333333,1542.9309390761257,-0.8355431080908602,1006.2690266852188,1.8570451436388509,3.4880611864195994,3.724350205198358,0.2257181942544459,90.70482527048874,-0.3383741172019654
10.0,2.6,1542.908365411137,-0.8581167730794732,1006.2861762409674,1.858316221765914,3.484226246033228,3.726899383983573,0.2258726899383983,90.7046854582789,-0.3388362979967496
10.0,2.6666666666666665,1542.8857609030597,-0.8807212811570935,1006.3033501444484,1.8595890410958904,3.480386052303861,3.7294520547945207,0.226027397260274,90.70454545454548,-0.3392994110981817
10.0,2.7333333333333334,1542.8631254896573,-0.9033566945593066,1006.320548447536,1.860863605209048,3.47654059442956,3.7320082248115134,0.2261823166552433,90.70440525889462,-0.3397634590073721
10.0,2.8,1542.8404591085252,-0.9260230756913188,1006.3377712022506,1.8621399176954727,3.472689861578751,3.734567901234569,0.2263374485596708,90.70426487093154,-0.3402284442072414
10.0,2.8666666666666667,1542.8177616970963,-0.9487204871202266,1006.3550184607624,1.863417982155113,3.468833842890123,3.73713109128346,0.2264927934111187,90.70412429026018,-0.340694369193443
10.0,2.933333333333333,1542.795033192633,-0.971448991583884,1006.3722902753884,1.8646978021978025,3.464972527472528,3.7396978021978025,0.2266483516483516,90.7039835164835,-0.3411612364925531
10.0,3.0,1542.7722735322309,-0.9942086519859004,1006.3895866985956,1.8659793814432992,3.461105904404874,3.742268041237114,0.2268041237113402,90.70384254920336,-0.3416290486002253
10.0,3.0666666666666664,1542.749482652819,-1.0169995313972322,1006.4069077829996,1.8672627235213204,3.457233962736026,3.74484181568088,0.2269601100412654,90.7037013880205,-0.3420978080503118
10.0,3.1333333333333333,1542.7266604911574,-1.0398216930591389,1006.424253581366,1.8685478320715765,3.4533566914847027,3.747419132828631,0.227116311080523,90.70356003253455,-0.3425675173766649
10.0,3.2,1542.703806983836,-1.0626752003806814,1006.4416241466124,1.8698347107438016,3.449474079639369,3.75,0.2272727272727273,90.70341848234408,-0.3430381791149557
10.0,3.2666666666666666,1542.680922067275,-1.085560116941224,1006.4590195318056,1.8711233631977944,3.445586116158136,3.752584424534804,0.2274293590627153,90.70327673704654,-0.3435097958208644
10.0,3.333333333333333,1542.6580056777264,-1.1084765064902058,1006.4764397901648,1.8724137931034484,3.4416927899686525,3.755172413793104,0.2275862068965517,90.70313479623825,-0.343982370053709
10.0,3.4,1542.635057751268,-1.1314244329485064,1006.4938849750616,1.873706004140787,3.437794089968003,3.75776397515528,0.2277432712215321,90.7029926595144,-0.3444559043800836
10.0,3.466666666666667,1542.612078223809,-1.1544039604075351,1006.5113551400198,1.875,3.4338900050226018,3.7603591160221,0.2279005524861878,90.70285032646912,-0.3449304013720393
10.0,3.533333333333333,1542.589067031085,-1.1774151531315056,1006.5288503387168,1.8762957843814791,3.429980523968085,3.7629578438147897,0.2280580511402903,90.70270779669536,-0.3454058636198169
10.0,3.6,1542.5660241086598,-1.200458075556753,1006.5463706249836,1.8775933609958504,3.426065635609204,3.765560165975104,0.2282157676348547,90.70256506978498,-0.3458822937154764
10.0,3.6666666666666665,1542.542949391923,-1.223532792293554,1006.5639160528052,1.878892733564014,3.422145328719723,3.768166089965398,0.2283737024221453,90.70242214532873,-0.3463596942510776
10.0,3.733333333333333,1542.519842816093,-1.246639368123624,1006.5814866763228,1.8801939058171744,3.418219592042307,3.770775623268698,0.2285318559556786,90.70227902291612,-0.3468380678386893
10.0,3.8,1542.4967043162112,-1.2697778680053489,1006.5990825498304,1.881496881496881,3.4142884142884147,3.7733887733887737,0.2286902286902287,90.7021357021357,-0.3473174171140272
10.0,3.866666666666666,1542.4735338271444,-1.2929483570721914,1006.6167037277812,1.8828016643550625,3.410351784138192,3.776005547850208,0.2288488210818308,90.70199218257471,-0.34779774468916
10.0,3.933333333333333,1542.450331283586,-1.316150900630646,1006.634350264782,1.88410825815406,3.406409690240364,3.7786259541984735,0.2290076335877862,90.70184846381932,-0.3482790532107174
10.0,4.0,1542.4270966200495,-1.3393855641668324,1006.6520222155996,1.885416666666667,3.402462121212121,3.78125,0.2291666666666667,90.70170454545456,-0.3487613453198719
10.0,4.066666666666666,1542.4038297708769,-1.3626524133399016,1006.6697196351562,1.8867268936761643,3.398509065639017,3.783877692842252,0.2293259207783183,90.70156042706424,-0.3492446236668911
10.0,4.133333333333333,1542.3805306702277,-1.3859515139890846,1006.6874425785336,1.888038942976356,3.3945505120748507,3.786509040333797,0.2294853963838664,90.70141610823111,-0.3497288909238705
10.0,4.2,1542.357199252087,-1.4092829321295994,1006.7051911009708,1.8893528183716075,3.390586449041564,3.789144050104384,0.2296450939457202,90.70127158853671,-0.3502141497538105
10.0,4.266666666666667,1542.33383545026,-1.432646733956517,1006.722965257868,1.89066852367688,3.3866168650291217,3.7917827298050137,0.2298050139275766,90.7011268675614,-0.3507004028506344
10.0,4.333333333333333,1542.3104391983734,-1.456042985843169,1006.7407651047844,1.8919860627177705,3.382641748495407,3.794425087108016,0.2299651567944251,90.7009819448844,-0.3511876528991706
10.0,4.4,1542.2870104298736,-1.479471754342967,1006.7585906974406,1.893305439330544,3.378661087866109,3.797071129707114,0.2301255230125523,90.7008368200837,-0.3516759025969804
10.0,4.466666666666667,1542.263549078027,-1.50293310618963,1006.7764420917164,1.8946266573621773,3.3746748715346064,3.799720865317516,0.2302861130495464,90.70069149273615,-0.352165154656177
10.0,4.533333333333333,1542.2400550759194,-1.5264271082971843,1006.794319343656,1.8959497206703912,3.3706830878618588,3.8023743016759775,0.2304469273743017,90.70054596241746,-0.3526554117906926
10.0,4.6,1542.2165283564548,-1.549953827761783,1006.8122225094634,1.8972746331236896,3.3666857251762914,3.8050314465408808,0.230607966457023,90.70040022870212,-0.3531466767308302
10.0,4.666666666666667,1542.1929688523555,-1.5735133318610224,1006.8301516455068,1.898601398601399,3.3626827717736814,3.807692307692309,0.2307692307692308,90.7002542911634,-0.3536389522141689
10.0,4.733333333333333,1542.1693764961594,-1.5971056880571268,1006.8481068083184,1.899930020993702,3.3586742159170435,3.81035689293212,0.2309307207837648,90.70010814937338,-0.3541322409892018
10.0,4.8,1542.1457512202237,-1.620730963992855,1006.866088054592,1.9012605042016808,3.354660045836516,3.8130252100840334,0.2310924369747899,90.69996180290298,-0.3546265458062407
10.0,4.866666666666666,1542.1220929567187,-1.644389227497868,1006.8840954411892,1.9025928521373512,3.350640249729248,3.8156972669936935,0.2312543798177996,90.69981525132192,-0.3551218694337876
10.0,4.933333333333334,1542.0984016376326,-1.6680805465839512,1006.9021290251352,1.9039270687237029,3.3466148157592763,3.818373071528752,0.2314165497896213,90.69966849419863,-0.3556182146367064
10.0,5.0,1542.074677194767,-1.6918049894495653,1006.9201888636204,1.9052631578947368,3.342583732057416,3.8210526315789473,0.231578947368421,90.69952153110046,-0.3561155842089647
10.0,5.066666666666666,1542.0509195597383,-1.7155626244782525,1006.9382750140028,1.9066011235955056,3.3385469867211444,3.82373595505618,0.2317415730337079,90.69937436159346,-0.3566139809372544
10.0,5.133333333333333,1542.0271286639754,-1.7393535202411383,1006.9563875338074,1.9079409697821503,3.3345045678144767,3.826423049894589,0.2319044272663387,90.69922698524245,-0.357113407631914
10.0,5.2,1542.0033044387208,-1.7631777454957955,1006.974526480726,1.9092827004219413,3.3304564633678564,3.8291139240506338,0.2320675105485232,90.69907940161104,-0.3576138670978253
10.0,5.266666666666667,1541.979446815029,-1.7870353691876062,1006.9926919126204,1.9106263194933144,3.326402661378031,3.831808585503167,0.2322308233638282,90.69893161026168,-0.3581153621580597
10.0,5.333333333333333,1541.9555557237663,-1.8109264604502189,1007.0108838875192,1.9119718309859155,3.322343149807938,3.834507042253521,0.2323943661971831,90.69878361075544,-0.3586178956411459
10.0,5.4,1541.9316310956103,-1.8348510886062288,1007.0291024636214,1.9133192389006344,3.318277916586585,3.8372093023255816,0.2325581395348837,90.69863540265231,-0.3591214703901642
10.0,5.466666666666667,1541.9076728610476,-1.8588093231689984,1007.047347699296,1.914668547249648,3.314206949608924,3.839915373765868,0.232722143864598,90.69848698551095,-0.3596260892663849
10.0,5.533333333333333,1541.8836809503748,-1.8828012338417464,1007.0656196530836,1.9160197600564568,3.3101302367357417,3.8426252646436136,0.2328863796753705,90.69833835888882,-0.3601317551128886
10.0,5.6,1541.8596552936992,-1.906826890517323,1007.0839183836946,1.9173728813559323,3.306047765793529,3.845338983050848,0.2330508474576271,90.69818952234206,-0.3606384708109544
10.0,5.666666666666667,1541.8355958209331,-1.9308863632832072,1007.1022439500132,1.9187279151943464,3.301959524574366,3.8480565371024738,0.2332155477031802,90.69804047542564,-0.3611462392364046
10.0,5.733333333333333,1541.811502461801,-1.954979722415601,1007.120596411094,1.9200848656294205,3.297865500835797,3.8507779349363513,0.2333804809052334,90.6978912176932,-0.3616550632777944
10.0,5.8,1541.78737514583,-1.9791070383867009,1007.1389758261682,1.921443736730361,3.2937656823007138,3.853503184713376,0.2335456475583864,90.69774174869715,-0.3621649458382308
10.0,5.866666666666666,1541.763213802356,-2.0032683818606074,1007.1573822546362,1.922804532577904,3.2896600566572243,3.856232294617564,0.2337110481586402,90.69759206798868,-0.3626758898280968
10.0,5.933333333333334,1541.7390183605194,-2.0274638236971896,1007.1758157560772,1.924167257264352,3.285548611558534,3.8589652728561306,0.2338766832034018,90.6974421751176,-0.3631878981686895
10.0,6.0,1541.7147887492667,-2.0516934349498115,1007.1942763902435,1.925531914893617,3.281431334622824,3.861702127659575,0.2340425531914893,90.6972920696325,-0.3637009737831249
10.0,6.066666666666666,1541.6905248973485,-2.075957286868288,1007.2127642170636,1.926898509581264,3.2773082134331246,3.864442867281761,0.234208658623137,90.69714175108072,-0.3642151196163468
10.0,6.133333333333333,1541.666226733318,-2.1002554508986577,1007.2312792966424,1.9282670454545456,3.2731792355371905,3.8671875,0.234375,90.69699121900828,-0.3647303386169369
10.0,6.2,1541.6418941855327,-2.1245879986838645,1007.2498216892624,1.929637526652452,3.269044388447373,3.8699360341151374,0.2345415778251599,90.69684047295988,-0.3652466337480291
10.0,6.266666666666667,1541.6175271821514,-2.1489550020651222,1007.268391455382,1.931009957325747,3.264903659640502,3.872688477951636,0.2347083926031294,90.69668951247898,-0.365764007978214
10.0,6.333333333333333,1541.5931256511356,-2.173356533081005,1007.2869886556416,1.9323843416370103,3.2607570365577483,3.875444839857651,0.2348754448398576,90.69653833710773,-0.3662824642906344
10.0,6.4,1541.5686895202462,-2.197792663970404,1007.3056133508564,1.933760683760684,3.2566045066045066,3.8782051282051286,0.235042735042735,90.69638694638697,-0.3668020056684327
10.0,6.466666666666667,1541.5442187170463,-2.222263467170251,1007.3242656020252,1.935138987883108,3.2524460571502622,3.880969351389879,0.2352102637205987,90.69623533985616,-0.3673226351220364
10.0,6.533333333333333,1541.5197131688967,-2.246769015319842,1007.3429454703236,1.936519258202568,3.248281675528466,3.883737517831669,0.2353780313837375,90.69608351705357,-0.3678443556564161
10.0,6.6,1541.495172802959,-2.271309381257879,1007.3616530171114,1.9379014989293364,3.244111349036403,3.886509635974305,0.2355460385438972,90.69593147751608,-0.3683671703001892
10.0,6.666666666666667,1541.47059754619,-2.295884638026564,1007.3803883039288,1.9392857142857145,3.239935064935065,3.889285714285714,0.2357142857142857,90.69577922077924,-0.3688910820819728
10.0,6.733333333333333,1541.4459873253477,-2.3204948588688694,1007.3991513924976,1.940671908506076,3.2357528104490223,3.892065761258042,0.2358827734095783,90.69562674637729,-0.3694160940467554
10.0,6.8,1541.4213420669837,-2.3451401172328588,1007.4179423447232,1.94206008583691,3.23156457276629,3.8948497854077258,0.2360515021459227,90.69547405384314,-0.3699422092522582
10.0,6.866666666666666,1541.3966616974474,-2.3698204867691857,1007.4367612226964,1.9434502505368645,3.2273703390381985,3.8976377952755903,0.2362204724409448,90.6953211427084,-0.3704694307598402
10.0,6.933333333333334,1541.3719461428825,-2.394536041334049,1007.45560808869,1.9448424068767909,3.223170096379265,3.9004297994269344,0.2363896848137535,90.69516801250326,-0.3709977616363176
10.0,7.0,1541.347195329229,-2.419286854987604,1007.4744830051634,1.946236559139785,3.218963831867058,3.903225806451613,0.2365591397849462,90.6950146627566,-0.3715272049776104
10.0,7.066666666666666,1541.3224091822187,-2.444073001997822,1007.493386034761,1.947632711621234,3.2147515325420635,3.9060258249641326,0.236728837876614,90.69486109299596,-0.3720577638814575
10.0,7.133333333333333,1541.297587627378,-2.4688945568384497,1007.5123172403144,1.9490308686288589,3.210533185407557,3.908829863603733,0.2368987796123474,90.69470730274747,-0.3725894414474169
10.0,7.2,1541.272730590026,-2.4937515941905986,1007.5312766848418,1.950431034482759,3.2063087774294674,3.911637931034483,0.2370689655172413,90.69455329153604,-0.3731222407986934
10.0,7.266666666666667,1541.2478379952715,-2.518644188945018,1007.5502644315496,1.9518332135154568,3.20207829553624,3.914450035945364,0.2372393961179008,90.69439905888504,-0.3736561650675867
10.0,7.333333333333333,1541.222909768017,-2.543572416199595,1007.569280543833,1.9532374100719427,3.197841726618705,3.91726618705036,0.237410071942446,90.69424460431654,-0.3741912173882156
10.0,7.399999999999999,1541.197945832953,-2.5685363512634467,1007.5883250852756,1.9546436285097195,3.193599057529943,3.920086393088553,0.2375809935205183,90.69408992735126,-0.3747274009128887
10.0,7.466666666666667,1541.172946114562,-2.593536069654647,1007.607398119652,1.9560518731988472,3.189350275085145,3.922910662824208,0.2377521613832853,90.69393502750852,-0.3752647188030096
10.0,7.533333333333333,1541.1479105371127,-2.618571647103863,1007.626499710927,1.9574621485219896,3.18509536606148,3.925739005046864,0.2379235760634462,90.6937799043062,-0.3758031742363528
10.0,7.6,1541.1228390246638,-2.6436431595527665,1007.6456299232572,1.958874458874459,3.1808343171979536,3.928571428571429,0.2380952380952381,90.69362455726092,-0.3763427703943307
10.0,7.666666666666667,1541.09773150106,-2.6687506831565315,1007.6647888209908,1.96028880866426,3.1765671151952737,3.931407942238268,0.2382671480144404,90.69346898588776,-0.3768835104710888
10.0,7.733333333333333,1541.0725878899343,-2.693894294282245,1007.6839764686688,1.9617052023121389,3.172293746715712,3.934248554913295,0.2384393063583815,90.69331318970046,-0.3774253976771433
10.0,7.8,1541.047408114703,-2.7190740695134537,1007.703192931026,1.963123644251627,3.168014198382962,3.93709327548807,0.2386117136659436,90.6931571682114,-0.3779684352284675
10.0,7.866666666666666,1541.0221920985705,-2.744290085646071,1007.7224382729926,1.9645441389290883,3.1637284567820028,3.939942112879885,0.2387843704775687,90.69300092093144,-0.3785126263501297
10.0,7.933333333333334,1540.9969397645232,-2.76954241969338,1007.7417125596916,1.9659666908037656,3.1594365084589566,3.9427950760318615,0.2389572773352643,90.69284444737016,-0.3790579742944828
10.0,8.0,1540.9716510353312,-2.7948311488853506,1007.7610158564436,1.9673913043478264,3.1551383399209483,3.945652173913044,0.2391304347826087,90.69268774703556,-0.3796044822975091
10.0,8.066666666666666,1540.94632583355,-2.820156350666593,1007.7803482287646,1.9688179840464104,3.1508339376359675,3.9485134155184913,0.239303843364757,90.69253081943435,-0.3801521536279324
10.0,8.133333333333333,1540.920964081514,-2.845518102702499,1007.799709742368,1.970246734397678,3.1465232880327223,3.951378809869376,0.239477503628447,90.69237366407178,-0.3807009915726667
10.0,8.2,1540.8955657013405,-2.8709164828762823,1007.819100463166,1.971677559912854,3.142206377500496,3.954248366013072,0.2396514161220043,90.69221628045158,-0.3812509994113497
10.0,8.266666666666666,1540.870130614926,-2.896351569290573,1007.8385204572692,1.97311046511628,3.1378831923890065,3.957122093023256,0.2398255813953488,90.69205866807611,-0.3818021804345335
10.0,8.333333333333334,1540.844658743949,-2.9218234402676444,1007.8579697909862,1.9745454545454548,3.133553719008264,3.96,0.24,90.69190082644629,-0.3823545379673305
10.0,8.4,1540.819150009864,-2.947332174352596,1007.8774485308276,1.975982532751092,3.129217943628424,3.962882096069869,0.2401746724890829,90.69174275506154,-0.3829080753130256
10.0,8.466666666666667,1540.793604333907,-2.972877850309488,1007.8969567435048,1.97742170429716,3.1248758524796405,3.9657683903860166,0.2403495994173343,90.69158445341984,-0.3834627958112833
10.0,8.533333333333333,1540.768021637089,-2.998460547127479,1007.91649449593,1.978862973760933,3.120527431751921,3.96865889212828,0.2405247813411078,90.69142592101775,-0.384018702819958
10.0,8.6,1540.7424018401978,-3.0240803440187847,1007.9360618552182,1.9803063457330408,3.116172667594987,3.971553610503282,0.2407002188183807,90.6912671573503,-0.3845757996859902
10.0,8.666666666666666,1540.7167448637977,-3.049737320418899,1007.9556588886882,1.9817518248175183,3.1118115461181155,3.9744525547445257,0.2408759124087591,90.69110816191107,-0.3851340897763293
10.0,8.733333333333333,1540.6910506282277,-3.075431555988871,1007.9752856638618,1.983199415631848,3.10744405339,3.977355734112491,0.2410518626734843,90.69094893419218,-0.3856935764688387
10.0,8.8,1540.6653190536017,-3.101163130615077,1007.9949422484672,1.9846491228070176,3.1030701754385968,3.980263157894737,0.2412280701754386,90.69078947368422,-0.3862542631723045
10.0,8.866666666666667,1540.6395500598048,-3.126932124411724,1008.0146287104366,1.986100950987564,3.098689898250981,3.983174835405999,0.2414045354791514,90.69062977987632,-0.3868161532773229
10.0,8.933333333333334,1540.6137435664978,-3.1527386177187964,1008.034345117909,1.9875549048316248,3.0943032077731933,3.9860907759882873,0.2415812591508052,90.69046985225609,-0.3873792502072319
10.0,9.0,1540.5878994931106,-3.1785826911059303,1008.0540915392312,1.9890109890109893,3.0899100899100898,3.9890109890109895,0.2417582417582418,90.69030969030968,-0.3879435573926457
10.0,9.066666666666666,1540.5620177588455,-3.204464425371043,1008.0738680429566,1.990469208211144,3.085510530525193,3.991935483870968,0.2419354838709677,90.69014929352171,-0.3885090782641782
10.0,9.133333333333333,1540.5360982826753,-3.230383901541245,1008.0936746978488,1.991929567131328,3.0811045154405394,3.994864269992664,0.2421129860601614,90.68998866137532,-0.3890758162870043
10.0,9.2,1540.5101409833403,-3.2563412008760224,1008.1135115728798,1.9933920704845816,3.076692030436524,3.997797356828194,0.2422907488986784,90.68982779335202,-0.3896437749281176
10.0,9.266666666666666,1540.4841457793516,-3.282336404864964,1008.1333787372324,1.994856722997796,3.072273061251753,4.000734753857458,0.242468772961058,90.68966668893194,-0.3902129576617881
10.0,9.333333333333334,1540.4581125889856,-3.3083695952309427,1008.1532762603008,1.996323529411765,3.067847593582888,4.003676470588236,0.2426470588235294,90.68950534759358,-0.3907833679786563
10.0,9.4,1540.4320413302878,-3.3344408539287542,1008.1732042116896,1.9977924944812364,3.063415613084488,4.006622516556291,0.2428256070640176,90.68934376881396,-0.3913550093820959
10.0,9.466666666666669,1540.405931921068,-3.360550263148525,1008.1931626612186,1.9992636229749632,3.058977105368858,4.009572901325479,0.2430044182621502,90.68918195206854,-0.3919278853900323
10.0,9.533333333333331,1540.3797842789024,-3.386697905314122,1008.2131516789184,2.0007369196757554,3.0545320560058955,4.012527634487841,0.2431834929992631,90.68901989683124,-0.392501999538581
10.0,9.6,1540.3535983211295,-3.4128838630870177,1008.233171335036,2.002212389380531,3.050080450522929,4.015486725663717,0.2433628318584071,90.68885760257442,-0.3930773553602193
10.0,9.666666666666666,1540.3273739648544,-3.439108219362197,1008.2532217000324,2.003690036900369,3.0456222744045625,4.018450184501845,0.2435424354243542,90.68869506876888,-0.3936539564001577
10.0,9.733333333333333,1540.301111126943,-3.4653710572736145,1008.2733028445851,2.005169867060561,3.04115751309252,4.0214180206794685,0.2437223042836041,90.68853229488384,-0.3942318062399863
10.0,9.8,1540.2748097240224,-3.491672460194195,1008.2934148395884,2.006651884700665,3.0366861519854864,4.024390243902439,0.2439024390243902,90.68836928038702,-0.3948109084631142
10.0,9.866666666666667,1540.2484696724812,-3.518012511735378,1008.3135577561544,2.008136094674557,3.032208176438946,4.027366863905326,0.2440828402366864,90.68820602474447,-0.3953912666511314
10.0,9.933333333333334,1540.222090888469,-3.544391295747573,1008.3337316656128,2.0096225018504814,3.027723571765022,4.030347890451518,0.2442635085122131,90.68804252742076,-0.3959728844074561
10.0,10.0,1540.1956732878934,-3.570808896323115,1008.3539366395132,2.0111111111111115,3.023232323232324,4.033333333333334,0.2444444444444445,90.6878787878788,-0.3965557653627911
10.0,10.066666666666666,1540.1692167864203,-3.5972653977960363,1008.3741727496256,2.012601927353596,3.018734416065773,4.036323202372128,0.2446256486286138,90.68771480557989,-0.3971399131442013
10.0,10.133333333333333,1540.1427212994745,-3.623760884742296,1008.3944400679404,2.014094955489614,3.0142298354464523,4.039317507418398,0.244807121661721,90.6875505799838,-0.3977253313896653
10.0,10.2,1540.1161867422354,-3.650295441981143,1008.4147386666704,2.0155902004454345,3.0097185665114394,4.042316258351893,0.2449888641425389,90.6873861105487,-0.398312023766266
10.0,10.266666666666666,1540.0896130296387,-3.676869154577844,1008.4350686182512,2.0170876671619613,3.0052005943536404,4.045319465081724,0.2451708766716196,90.68722139673103,-0.398899993941086
10.0,10.333333333333334,1540.0630000763765,-3.7034821078400455,1008.455429995341,2.018587360594796,3.0006759040216293,4.048327137546469,0.2453531598513011,90.6870564379858,-0.3994892455975787
10.0,10.4,1540.0363477968924,-3.730134387324142,1008.4758228708232,2.020089285714286,2.9961444805194803,4.051339285714286,0.2455357142857143,90.68689123376625,-0.4000797824392066
10.0,10.466666666666669,1540.0096561053847,-3.756826078831864,1008.4962473178064,2.0215934475055843,2.9916063088066065,4.054355919583023,0.2457185405807893,90.686725783524,-0.4006716081730701
10.0,10.533333333333331,1539.9829249158026,-3.783557268413915,1008.5167034096248,2.023099850968704,2.987061373797589,4.057377049180328,0.2459016393442623,90.68656008670912,-0.4012647265226405
10.0,10.6,1539.9561541418482,-3.810328042368383,1008.5371912198408,2.0246085011185686,2.9825096603620094,4.060402684563758,0.2460850111856823,90.68639414276996,-0.4018591412295791
10.0,10.666666666666666,1539.929343696972,-3.8371384872446015,1008.5577108222438,2.026119402985074,2.9779511533242875,4.063432835820896,0.2462686567164179,90.68622795115331,-0.4024548560482799
10.0,10.733333333333333,1539.9024934943752,-3.863988689841335,1008.578262290852,2.0276325616131445,2.973385837463508,4.066467513069456,0.2464525765496639,90.68606151130425,-0.403051874740413
10.0,10.8,1539.8756034470066,-3.89087873720996,1008.598845699914,2.02914798206278,2.968813697513249,4.069506726457399,0.2466367713004484,90.68589482266611,-0.4036502010876575
10.0,10.866666666666667,1539.8486734675637,-3.9178087166528712,1008.619461123907,2.030665669409125,2.96423471816142,4.072550486163052,0.2468212415856395,90.68572788468076,-0.4042498388753301
10.0,10.933333333333334,1539.82170346849,-3.9447787157266703,1008.640108637542,2.032185628742515,2.959648884050081,4.07559880239521,0.2470059880239521,90.68556069678824,-0.4048507919251278
10.0,11.0,1539.7946933619735,-3.971788822242843,1008.660788315761,2.033707865168539,2.955056179775281,4.078651685393258,0.247191011235955,90.68539325842696,-0.4054530640460143
10.0,11.066666666666666,1539.7676430599504,-3.998839124266169,1008.68150023374,2.035232383808096,2.950456589886875,4.081709145427287,0.247376311844078,90.68522556903366,-0.4060566590796952
10.0,11.133333333333333,1539.7405524740964,-4.025929710120181,1008.7022444668888,2.0367591897974493,2.945850098888359,4.0847711927982,0.2475618904726181,90.68505762804335,-0.4066615808715141
10.0,11.2,1539.7134215158344,-4.053060668382159,1008.7230210908522,2.038288288288289,2.941236691236692,4.087837837837839,0.2477477477477478,90.68488943488944,-0.4072678332777286
10.0,11.266666666666666,1539.686250096326,-4.080232087890636,1008.7438301815106,2.0398196844477834,2.936616351342121,4.090909090909091,0.2479338842975206,90.68472098900348,-0.4078754201964329
10.0,11.333333333333334,1539.6590381264746,-4.107444057741986,1008.7646718149824,2.0413533834586466,2.9319890635680106,4.093984962406015,0.2481203007518796,90.68455228981544,-0.4084843455057125
10.0,11.4,1539.6317855169252,-4.134696667291337,1008.7855460676222,2.0428893905191874,2.927354812230659,4.0970654627539504,0.2483069977426636,90.68438333675354,-0.4090946131054807
10.0,11.466666666666669,1539.6044921780606,-4.161990006155975,1008.8064530160252,2.0444277108433737,2.922713581599124,4.100150602409639,0.2484939759036144,90.68421412924424,-0.4097062269229354
10.0,11.533333333333331,1539.577158020002,-4.18932416421444,1008.8273927370252,2.0459683496608894,2.918065355895047,4.103240391861342,0.2486812358703843,90.68404466671234,-0.4103191908943699
10.0,11.6,1539.549782952608,-4.2166992316085725,1008.8483653076968,2.047511312217195,2.913410119292472,4.10633484162896,0.248868778280543,90.68387494858084,-0.4109335089688102
10.0,11.666666666666666,1539.522366885473,-4.244115298743509,1008.8693708053556,2.049056603773585,2.9087478559176674,4.109433962264151,0.2490566037735849,90.683704974271,-0.4115491851080151
10.0,11.733333333333333,1539.4949097279268,-4.271572456289732,1008.8904093075612,2.050604229607252,2.9040785498489434,4.112537764350454,0.2492447129909366,90.68353474320242,-0.4121662232864764
10.0,11.8,1539.4674113890346,-4.299070795181933,1008.9114808921148,2.052154195011338,2.899402185116472,4.115646258503402,0.2494331065759637,90.68336425479282,-0.412784627505971
10.0,11.866666666666667,1539.4398717775928,-4.326610406623786,1008.932585637064,2.053706505295008,2.894718745702104,4.118759455370651,0.2496217851739788,90.68319350845826,-0.4134044017682754
10.0,11.933333333333334,1539.4122908021322,-4.354191382084309,1008.9537236206992,2.0552611657834974,2.890028215539192,4.1218773656320975,0.2498107494322483,90.68302250361296,-0.4140255500897183
10.0,12.0,1539.384668370914,-4.381813813302415,1008.9748949215602,2.0568181818181817,2.885330578512397,4.125,0.25,90.68285123966942,-0.414648076523008
10.0,12.066666666666666,1539.357004391929,-4.409477792287589,1008.9960996184312,2.058377558756634,2.880625818457509,4.128127369219106,0.2501895375284306,90.68267971603832,-0.4152719851117581
10.0,12.133333333333333,1539.3292987728992,-4.437183411317392,1009.0173377903476,2.059939301972686,2.875913919161264,4.131259484066768,0.2503793626707132,90.68250793212856,-0.4158972799214098
10.0,12.2,1539.301551421273,-4.464930762943595,1009.0386095165904,2.0615034168564925,2.871194864361152,4.134396355353076,0.2505694760820046,90.68233588734728,-0.4165239650374133
10.0,12.266666666666666,1539.2737622442276,-4.492719939989001,1009.0599148766944,2.06306990881459,2.8664686377452337,4.137537993920973,0.2507598784194529,90.68216358109976,-0.4171520445561327
10.0,12.333333333333334,1539.2459311486652,-4.520551035551307,1009.0812539504436,2.064638783269962,2.8617352229519533,4.140684410646388,0.2509505703422053,90.68199101278948,-0.4177815225993981
10.0,12.4,1539.2180580412146,-4.548424143001967,1009.1026268178751,2.0662100456621006,2.8569946035699463,4.1438356164383565,0.2511415525114155,90.6818181818182,-0.4184124032799445
10.0,12.466666666666669,1539.190142828228,-4.576339355988694,1009.1240335592776,2.067783701447068,2.852246763137852,4.146991622239147,0.2513328255902513,90.68164508758568,-0.4190446907523437
10.0,12.533333333333331,1539.1621854157809,-4.604296768435688,1009.145474255196,2.069359756097561,2.847491685144124,4.150152439024391,0.2515243902439024,90.68147172949,-0.4196783891729865
10.0,12.6,1539.1341857096716,-4.632296474545001,1009.1669489864302,2.070938215102975,2.842729353026836,4.153318077803204,0.2517162471395881,90.6812981069274,-0.4203135027146345
10.0,12.666666666666666,1539.106143615419,-4.66033856879767,1009.1884578340342,2.072519083969466,2.8379597501734906,4.156488549618321,0.2519083969465649,90.68112421929216,-0.4209500355700584
10.0,12.733333333333333,1539.0780590382622,-4.688423145954403,1009.210000879322,2.074102368220016,2.833182859920828,4.159663865546219,0.2521008403361345,90.68095006597682,-0.4215879919429426
10.0,12.8,1539.0499318831596,-4.716550301056941,1009.2315782038644,2.075688073394496,2.8283986655546287,4.162844036697249,0.2522935779816514,90.68077564637196,-0.4222273760551616
10.0,12.866666666666667,1539.0217620547885,-4.744720129428288,1009.25318988949,2.077276205049732,2.823607150309522,4.1660290742157615,0.252486610558531,90.68060095986644,-0.4228681921467796
10.0,12.933333333333334,1538.99354945754,-4.772932726676572,1009.2748360182916,2.078866768759572,2.818808297368788,4.169218989280246,0.2526799387442573,90.68042600584714,-0.4235104444742319
10.0,13.0,1538.9652939955251,-4.8011881886914125,1009.2965166726196,2.0804597701149423,2.8140020898641587,4.172413793103448,0.2528735632183908,90.68025078369904,-0.4241541372903157
10.0,13.066666666666666,1538.936995572568,-4.82948661164869,1009.3182319350884,2.082055214723926,2.809188510875628,4.175613496932515,0.2530674846625766,90.68007529280536,-0.4247992749005789
10.0,13.133333333333333,1538.908654092205,-4.857828092011459,1009.3399818885764,2.083653108211819,2.8043675434312427,4.178818112049118,0.2532617037605525,90.67989953254728,-0.4254458615960175
10.0,13.2,1538.8802694576884,-4.886212726528129,1009.3617666162248,2.0852534562211984,2.7995391705069124,4.182027649769585,0.2534562211981567,90.67972350230414,-0.4260939016894554
10.0,13.266666666666666,1538.8518415719798,-4.914640612236781,1009.3835862014412,2.086856264411991,2.794703375026204,4.185242121445043,0.2536510376633359,90.67954720145345,-0.4267433995264582
10.0,13.333333333333334,1538.8233703377516,-4.943111846464944,1009.4054407279008,2.0884615384615386,2.7898601398601404,4.188461538461539,0.2538461538461539,90.67937062937062,-0.4273943594544107
10.0,13.4,1538.794855657386,-4.971626526830505,1009.4273302795438,2.0900692840646653,2.785009447827,4.191685912240185,0.2540415704387991,90.67919378542936,-0.4280467858352494
10.0,13.466666666666669,1538.7662974329735,-5.000184751242841,1009.4492549405824,2.0916795069337444,2.780151281692113,4.194915254237288,0.2542372881355932,90.67901666900129,-0.4287006830491009
10.0,13.533333333333331,1538.7376955663128,-5.028786617903734,1009.4712147954954,2.0932922127987665,2.775285624167659,4.198149575944488,0.2544333076329992,90.67883927945608,-0.4293560555015574
10.0,13.6,1538.7090499589067,-5.057432225309867,1009.4932099290346,2.0949074074074074,2.770412457912458,4.201388888888889,0.2546296296296296,90.67866161616162,-0.4300129076164012
10.0,13.666666666666666,1538.680360511964,-5.086121672252602,1009.515240426223,2.096525096525097,2.7655317655317657,4.204633204633205,0.2548262548262548,90.67848367848369,-0.4306712438119575
10.0,13.733333333333333,1538.6516271263986,-5.114855057817977,1009.5373063723564,2.098145285935085,2.7606435295770693,4.207882534775889,0.2550231839258114,90.67830546578614,-0.4313310685374745
10.0,13.8,1538.6228497028258,-5.143632481390796,1009.5594078530056,2.099767981438516,2.755747732545877,4.211136890951277,0.2552204176334107,90.67812697743094,-0.431992386267666
10.0,13.866666666666667,1538.5940281415626,-5.172454042653953,1009.5815449540152,2.101393188854489,2.7508443568815086,4.214396284829721,0.2554179566563467,90.67794821277792,-0.4326552014954359
10.0,13.933333333333334,1538.5651623426263,-5.201319841590021,1009.6037177615078,2.1030209140201395,2.745933384972889,4.217660728117738,0.2556158017041053,90.67776917118512,-0.4333195187009551
10.0,14.0,1538.5362522057358,-5.230229978480793,1009.6259263618828,2.104651162790698,2.7410147991543345,4.22093023255814,0.2558139534883721,90.67758985200844,-0.4339853424153261
10.0,14.066666666666666,1538.5072976303045,-5.259184553912064,1009.6481708418162,2.1062839410395653,2.736088581705338,4.224204809930178,0.2560124127230411,90.67741025460188,-0.4346526771660137
10.0,14.133333333333333,1538.478298515447,-5.288183668769534,1009.6704512882666,2.1079192546583854,2.7311547148503665,4.22748447204969,0.2562111801242236,90.67723037831736,-0.4353215275095863
10.0,14.2,1538.4492547599698,-5.317227424246767,1009.692767788472,2.1095571095571097,2.726213180758635,4.230769230769231,0.2564102564102564,90.67705022250476,-0.4359918980189832
10.0,14.266666666666666,1538.4201662623775,-5.346315921838823,1009.715120429953,2.111197511664075,2.7212639615439,4.234059097978228,0.2566096423017108,90.67686978651209,-0.4366637932707817
10.0,14.333333333333334,1538.391032920867,-5.375449263349537,1009.7375093005126,2.11284046692607,2.716307039264238,4.237354085603113,0.2568093385214008,90.67668906968518,-0.437337217885215
10.0,14.4,1538.3618546333266,-5.404627550889927,1009.7599344882376,2.114485981308411,2.7113423959218355,4.240654205607477,0.2570093457943925,90.67650807136788,-0.4380121764661453
10.0,14.466666666666669,1538.3326312973384,-5.43385088687819,1009.7823960815005,2.116134060795012,2.706370013462765,4.243959469992206,0.2572096648480125,90.676326790902,-0.4386886736610904
10.0,14.533333333333331,1538.3033628101718,-5.463119374044709,1009.8048941689616,2.117784711388456,2.701389873776769,4.247269890795632,0.2574102964118565,90.67614522762727,-0.4393667141357582
10.0,14.6,1538.2740490687868,-5.492433115429776,1009.8274288395676,2.11943793911007,2.6964019586970407,4.250585480093677,0.2576112412177986,90.6759633808814,-0.4400463025576755
10.0,14.666666666666666,1538.2446899698307,-5.521792214385869,1009.8500001825536,2.12109375,2.6914062500000004,4.25390625,0.2578125,90.67578125,-0.4407274436198349
10.0,14.733333333333333,1538.2152854096375,-5.551196774579012,1009.872608287445,2.1227521501172792,2.686402729405075,4.257232212666145,0.2580140734949179,90.67559883431656,-0.4414101420334191
10.0,14.8,1538.1858352842264,-5.580646899990143,1009.8952532440604,2.1244131455399065,2.681391378574477,4.260563380281691,0.2582159624413145,90.6754161331626,-0.4420944025296194
10.0,14.866666666666667,1538.1563394893,-5.610142694916476,1009.9179351425076,2.126076742364918,2.676372179112978,4.2638997650743935,0.2584181675802662,90.67523314586744,-0.4427802298614551
10.0,14.933333333333334,1538.126797920245,-5.639684263971503,1009.94065407319,2.127742946708464,2.671345112567684,4.267241379310345,0.2586206896551724,90.67504987175832,-0.4434676287874026
10.0,15.0,1538.0972104721284,-5.669271712088175,1009.9634101268048,2.129411764705883,2.666310160427808,4.270588235294119,0.2588235294117647,90.67486631016044,-0.444156604096861
10.0,15.066666666666666,1538.0675770396988,-5.698905144517767,1009.986203394346,2.1310832025117743,2.6612673041244475,4.273940345368917,0.2590266875981162,90.67468246039674,-0.4448471605828672
10.0,15.133333333333333,1538.037897517384,-5.728584666832603,1010.0090339671042,2.1327572663000782,2.65621652503035,4.277297721916732,0.2592301649646504,90.67449832178818,-0.4455393030802952
10.0,15.2,1538.0081717992882,-5.758310384928336,1010.0319019366676,2.134433962264151,2.651157804459692,4.28066037735849,0.2594339622641509,90.67431389365352,-0.4462330364221998
10.0,15.266666666666666,1537.9783997791944,-5.788082405022124,1010.0548073949252,2.136113296616837,2.646091123667835,4.284028324154209,0.2596380802517702,90.67412917530936,-0.4469283654671017
10.0,15.333333333333334,1537.948581350559,-5.817900833657632,1010.077750434067,2.1377952755905514,2.6410164638511096,4.28740157480315,0.2598425196850394,90.67394416607016,-0.4476252951008064
10.0,15.4,1537.9187164065145,-5.84776577770208,1010.1007311465836,2.1394799054373523,2.635933806146572,4.290780141843972,0.2600472813238771,90.67375886524822,-0.4483238302073005
10.0,15.466666666666669,1537.8888048398646,-5.877677344351923,1010.1237496252696,2.1411671924290223,2.630843131631775,4.294164037854889,0.2602523659305993,90.6735732721537,-0.4490239757105883
10.0,15.533333333333331,1537.8588465430864,-5.907635641130128,1010.1468059632246,2.1428571428571432,2.625744421324532,4.297553275453828,0.260457774269929,90.67338738609456,-0.449725736545588
10.0,15.6,1537.8288414083252,-5.937640775891396,1010.1699002538534,2.144549763033176,2.62063765618268,4.300947867298579,0.2606635071090047,90.67320120637656,-0.4504291176654078
10.0,15.666666666666666,1537.7987893273976,-5.967692856818985,1010.1930325908672,2.1462450592885376,2.615522817103845,4.304347826086957,0.2608695652173913,90.67301473230329,-0.4511341240377078
10.0,15.733333333333333,1537.7686901917868,-5.997791992429711,1010.2162030682867,2.147943037974684,2.6103998849252013,4.307753164556962,0.2610759493670886,90.67282796317608,-0.4518407606610708
10.0,15.8,1537.7385438926428,-6.027938291573719,1010.2394117804416,2.1496437054631827,2.6052688404232343,4.311163895486936,0.2612826603325415,90.67264089829408,-0.4525490325449937
10.0,15.866666666666667,1537.7083503207807,-6.058131863435847,1010.262658821972,2.1513470681458005,2.6001296643135,4.314580031695722,0.2614896988906497,90.67245353695434,-0.453258944724439
10.0,15.933333333333334,1537.67810936668,-6.088372817536538,1010.285944287831,2.153053132434576,2.594982337250378,4.318001586042823,0.2616970658207772,90.67226587845144,-0.4539705022416456
10.0,16.0,1537.6478209204818,-6.1186612637347935,1010.309268273283,2.154761904761905,2.58982683982684,4.321428571428572,0.261904761904762,90.67207792207792,-0.4546837101843266
10.0,16.066666666666666,1537.6174848719888,-6.148997312227721,1010.3326308739098,2.15647339158062,2.584663152574193,4.324861000794281,0.2621127879269261,90.67188966712398,-0.4553985736292816
10.0,16.133333333333333,1537.5871011106644,-6.179381073552122,1010.3560321856075,2.1581875993640702,2.579491255961844,4.328298887122417,0.2623211446740858,90.67170111287756,-0.4561150976969657
10.0,16.2,1537.556669525629,-6.209812658587225,1010.3794723045894,2.1599045346062056,2.57431113039705,4.331742243436755,0.2625298329355609,90.67151225862445,-0.456833287507834
10.0,16.266666666666666,1537.5261900056637,-6.240292178553091,1010.4029513273882,2.161624203821656,2.569122756224667,4.335191082802548,0.2627388535031847,90.67132310364794,-0.4575531482169026
10.0,16.333333333333332,1537.4956624392005,-6.270819745016297,1010.4264693508552,2.1633466135458166,2.563926113726911,4.338645418326693,0.2629482071713147,90.67113364722924,-0.4582746850046533
10.0,16.4,1537.4650867143296,-6.301395469886984,1010.450026472165,2.1650717703349285,2.558721183123097,4.342105263157895,0.2631578947368421,90.67094388864724,-0.4589979030515678
10.0,16.466666666666665,1537.4344627187934,-6.332019465423173,1010.4736227888118,2.1667996807661614,2.553507944569397,4.345570630486832,0.2633679169992019,90.6707538271784,-0.4597228075726889
10.0,16.53333333333333,1537.4037903399865,-6.362691844230085,1010.4972583986164,2.1685303514377,2.5482863781585827,4.349041533546327,0.2635782747603834,90.670563462097,-0.460449403803068
10.0,16.6,1537.3730694649528,-6.393412719263779,1010.5209333997224,2.170263788968825,2.543056463919773,4.352517985611511,0.2637889688249401,90.67037279267495,-0.4611776970014034
10.0,16.666666666666668,1537.3422999803863,-6.424182203830242,1010.5446478906022,2.172,2.537818181818181,4.356,0.264,90.67018181818182,-0.4619076924354885
10.0,16.733333333333334,1537.311481772628,-6.455000411588571,1010.5684019700544,2.1737389911929546,2.5325715117548584,4.359487590072058,0.2642113690952762,90.66999053788486,-0.4626393953931256
10.0,16.8,1537.2806147276672,-6.485867456549386,1010.5921957372086,2.175480769230769,2.5273164335664333,4.362980769230769,0.2644230769230769,90.66979895104896,-0.4633728111984965
10.0,16.866666666666667,1537.249698731135,-6.516783453081644,1010.6160292915224,2.177225340817963,2.52205292702486,4.366479550922214,0.264635124298316,90.66960705693666,-0.4641079451939731
10.0,16.933333333333334,1537.218733668308,-6.547748515908552,1010.6399027327872,2.178972712680578,2.516780971837152,4.369983948635634,0.2648475120385233,90.66941485480812,-0.4648448027364793
10.0,17.0,1537.1877194241035,-6.578762760113023,1010.6638161611284,2.180722891566265,2.511500547645126,4.373493975903615,0.2650602409638554,90.66922234392112,-0.4655833891974907
10.0,17.066666666666666,1537.1566558830816,-6.6098263011349445,1010.6877696770044,2.182475884244373,2.5062116340251386,4.377009646302251,0.2652733118971061,90.66902952353114,-0.4663237099830439
10.0,17.133333333333333,1537.125542929439,-6.64093925477755,1010.7117633812117,2.184231697506034,2.5009142104878226,4.380530973451328,0.2654867256637168,90.66883639289112,-0.4670657705137273
10.0,17.2,1537.0943804470132,-6.67210173720332,1010.7357973748816,2.185990338164252,2.495608256477822,4.384057971014494,0.2657004830917875,90.66864295125166,-0.4678095762301382
10.0,17.266666666666666,1537.063168319275,-6.703313864941492,1010.7598717594876,2.187751813053989,2.4902937513735264,4.387590652699437,0.2659145850120871,90.66844919786097,-0.4685551326074346
10.0,17.333333333333332,1537.031906429332,-6.734575754884418,1010.7839866368416,2.189516129032258,2.484970674486803,4.391129032258064,0.2661290322580645,90.6682551319648,-0.4693024451298697
10.0,17.4,1537.0005946599244,-6.765887524292111,1010.8081421090972,2.191283292978208,2.479639005062733,4.394673123486683,0.2663438256658595,90.66806075280653,-0.4700515193071624
10.0,17.466666666666665,1536.9692328934243,-6.797249290792024,1010.8323382787534,2.1930533117932147,2.474298722279336,4.398222940226171,0.2665589660743134,90.66786605962696,-0.4708023606690403
10.0,17.53333333333333,1536.9378210118352,-6.828661172381317,1010.8565752486506,2.19482619240097,2.4689498052473,4.401778496362167,0.2667744543249797,90.66767105166458,-0.4715549747743353
10.0,17.6,1536.906358896788,-6.860123287428451,1010.8808531219786,2.196601941747573,2.4635922330097086,4.405339805825244,0.2669902912621359,90.66747572815534,-0.4723093671891547
10.0,17.666666666666668,1536.8748464295434,-6.891635754673189,1010.9051720022716,2.19838056680162,2.458225984541773,4.4089068825910935,0.2672064777327935,90.66728008833272,-0.473065543515986
10.0,17.733333333333334,1536.843283490986,-6.923198693230461,1010.9295319934156,2.200162074554296,2.4528510387505524,4.412479740680714,0.2674230145867099,90.66708413142774,-0.4738235093809635
10.0,17.8,1536.8116699616255,-6.954812222590817,1010.9539331996468,2.201946472019465,2.447467374474674,4.416058394160585,0.2676399026763991,90.66688785666888,-0.4745832704320492
10.0,17.866666666666667,1536.7800057215952,-6.98647646262134,1010.9783757255512,2.2037337662337664,2.442074970484062,4.419642857142858,0.2678571428571429,90.66669126328216,-0.4753448323208431
10.0,17.933333333333334,1536.7482906506498,-7.018191533566778,1011.0028596760704,2.205523964256702,2.436673805479654,4.4232331437855406,0.2680747359870024,90.6664943504911,-0.4761082007389632
10.0,18.0,1536.7165246281634,-7.049957556053187,1011.0273851565004,2.207317073170732,2.4312638580931263,4.426829268292683,0.2682926829268293,90.66629711751662,-0.476873381412588
10.0,18.066666666666663,1536.684707533128,-7.081774651088608,1011.0519522724932,2.209113100081367,2.4258451068866043,4.4304312449145655,0.2685109845402766,90.6660995635772,-0.4776403800678963
10.0,18.133333333333333,1536.6528392441542,-7.113642940062391,1011.076561130059,2.210912052117264,2.420417530352384,4.434039087947883,0.2687296416938111,90.66590168788866,-0.4784092024528945
10.0,18.2,1536.6209196394675,-7.145562544749055,1011.1012118355684,2.212713936430318,2.4149811069126472,4.4376528117359415,0.2689486552567237,90.66570348966437,-0.4791798543665209
10.0,18.266666666666666,1536.5889485969053,-7.177533587311245,1011.1259044957512,2.2145187601957588,2.409535814919176,4.4412724306688425,0.269168026101142,90.66550496811509,-0.4799523416113516
10.0,18.33333333333333,1536.556925993919,-7.209556190297235,1011.1506392177014,2.2163265306122453,2.4040816326530616,4.444897959183674,0.2693877551020408,90.66530612244898,-0.4807266700045147
10.0,18.4,1536.524851707571,-7.241630476645241,1011.175416108876,2.218137254901961,2.398618538324421,4.4485294117647065,0.2696078431372549,90.66510695187164,-0.4815028454104322
10.0,18.466666666666665,1536.4927256145313,-7.273756569685247,1011.200235277098,2.2199509403107114,2.393146510072103,4.452166802943581,0.2698282910874898,90.66490745558612,-0.4822808736989827
10.0,18.53333333333333,1536.4605475910782,-7.305934593138318,1011.2250968305578,2.2217675941080195,2.3876655259633983,4.455810147299509,0.2700490998363338,90.66470763279274,-0.48306076076733
10.0,18.6,1536.4283175130956,-7.338164671120921,1011.2500008778144,2.223587223587224,2.3821755639937456,4.45945945945946,0.2702702702702703,90.6645074826893,-0.4838425125526555
10.0,18.666666666666668,1536.3960352560712,-7.370446928145384,1011.2749475277964,2.225409836065574,2.376676602086438,4.463114754098361,0.2704918032786885,90.66430700447091,-0.4846261349866836
10.0,18.73333333333333,1536.3637006950976,-7.402781489118979,1011.2999368898056,2.2272354388843314,2.371168618092326,4.4667760459392944,0.2707136997538966,90.66410619733014,-0.4854116340466134
10.0,18.8,1536.331313704865,-7.43516847935166,1011.3249690735151,2.2290640394088674,2.365651589789521,4.470443349753695,0.270935960591133,90.66390506045678,-0.4861990157423861
10.0,18.866666666666667,1536.2988741596653,-7.467608024551282,1011.3500441889756,2.23089564502876,2.3601254948830954,4.474116680361545,0.2711585866885785,90.66370359303802,-0.4869882860803045
10.0,18.933333333333334,1536.2663819333875,-7.500100250829064,1011.3751623466128,2.232730263157895,2.354590311004785,4.47779605263158,0.2713815789473685,90.66350179425838,-0.4877794511103275
10.0,19.0,1536.2338368995172,-7.532645284699356,1011.4003236572312,2.234567901234568,2.3490460157126822,4.481481481481482,0.2716049382716049,90.66329966329968,-0.4885725169115176
10.0,19.066666666666663,1536.2012389311328,-7.565243253083736,1011.425528232015,2.2364085667215816,2.343492586490939,4.4851729818780885,0.271828665568369,90.663097199341,-0.4893674895702133
10.0,19.133333333333333,1536.1685879009078,-7.597894283308733,1011.4507761825296,2.2382522671063483,2.337930000749457,4.488870568837593,0.2720527617477329,90.66289440155887,-0.4901643752073141
10.0,19.2,1536.135883681105,-7.630598503111514,1011.4760676207236,2.24009900990099,2.332358235823582,4.492574257425742,0.2722772277227723,90.66269126912692,-0.4909631799728231
10.0,19.266666666666666,1536.103126143578,-7.663356040638519,1011.5014026589308,2.241948802642445,2.326777268973801,4.496284062758052,0.2725020644095789,90.66248780121612,-0.4917639100403903
10.0,19.33333333333333,1536.0703151597663,-7.696167024450233,1011.5267814098712,2.243801652892562,2.3211870773854244,4.500000000000001,0.2727272727272727,90.66228399699474,-0.4925665716036747
10.0,19.4,1536.0374506006976,-7.729031583518918,1011.5522039866528,2.2456575682382134,2.315587638168284,4.503722084367246,0.2729528535980149,90.66207985562824,-0.4933711708799819
10.0,19.466666666666665,1536.0045323369825,-7.761949847234291,1011.5776705027732,2.2475165562913912,2.3099789283564123,4.5074503311258285,0.2731788079470199,90.66187537627935,-0.4941777141302736
10.0,19.53333333333333,1535.9715602388137,-7.794921945403075,1011.6031810721216,2.2493786246893124,2.304360924907736,4.511184755592378,0.2734051367025683,90.661670558108,-0.4949862076191493
10.0,19.6,1535.9385341759664,-7.827948008250132,1011.6287358089796,2.2512437810945274,2.298733604703753,4.514925373134328,0.2736318407960199,90.66146540027135,-0.4957966576439503
10.0,19.666666666666668,1535.9054540177942,-7.861028166422329,1011.6543348280244,2.2531120331950207,2.293096944549226,4.518672199170124,0.2738589211618257,90.6612599019238,-0.4966090705402166
10.0,19.73333333333333,1535.8723196332278,-7.894162550988767,1011.67997824433,2.254983388704319,2.2874509211718514,4.5224252491694354,0.2740863787375415,90.66105406221683,-0.4974234526544023
10.0,19.8,1535.8391308907735,-7.927351293443053,1011.7056661733671,2.2568578553615963,2.281795511221945,4.526184538653367,0.2743142144638404,90.66084788029926,-0.4982398103675223
10.0,19.866666666666667,1535.805887658512,-7.960594525704437,1011.7313987310082,2.2587354409317806,2.2761306912721224,4.529950083194676,0.2745424292845258,90.6606413553169,-0.4990581500824191
10.0,19.933333333333334,1535.7725898040958,-7.993892380120769,1011.7571760335248,2.260616153205662,2.2704564378169705,4.533721898417985,0.2747710241465446,90.66043448641284,-0.4998784782346774
10.0,20.0,1535.7392371947476,-8.027244989468954,1011.7829981975946,2.2625000000000006,2.264772727272728,4.5375000000000005,0.275,90.66022727272728,-0.5006998022145126
17.0,0.0,1543.7664821842166,0.0,1005.6348872124258,1.81,3.63,3.63,0.22,90.71,-0.0182684206283738
17.0,0.0666666666666666,1543.7652635359643,-0.0012186482522338,1005.6472355570016,1.811207471647765,3.628715439922911,3.632421614409606,0.2201467645096731,90.70750870951004,-0.0182910269340936
17.0,0.1333333333333333,1543.7640433806257,-0.002438803591076,1005.6596006053408,1.8124165554072096,3.6274291648123422,3.634846461949266,0.2202937249666221,90.70501409286456,-0.0183136496816587
17.0,0.2,1543.7628217160068,-0.0036604682097731,1005.6719823913204,1.8136272545090184,3.626141171231352,3.637274549098197,0.220440881763527,90.70251614339792,-0.018336305329285
17.0,0.2666666666666666,1543.7615985399148,-0.0048836443017989,1005.6843809489106,1.8148395721925137,3.6248514557338094,3.6397058823529416,0.2205882352941176,90.70001485442664,-0.0183589938969817
17.0,0.3333333333333333,1543.7603738501537,-0.0061083340629011,1005.696796312173,1.8160535117056853,3.6235600148643625,3.6421404682274248,0.2207357859531772,90.69751021924934,-0.0183817154011194
17.0,0.4,1543.7591476445275,-0.0073345396890545,1005.7092285152604,1.817269076305221,3.622266845158412,3.644578313253012,0.2208835341365461,90.6950022311468,-0.0184044698689831
17.0,0.4666666666666667,1543.757919920838,-0.0085622633785078,1005.7216775924207,1.8184862692565305,3.62097194314207,3.647019423978567,0.2210314802411252,90.69249088338172,-0.0184272573060297
17.0,0.5333333333333333,1543.7566906768868,-0.0097915073297372,1005.7341435779924,1.8197050938337804,3.6196753053321418,3.64946380697051,0.2211796246648794,90.6899761691987,-0.0184500777304492
17.0,0.6,1543.755459910474,-0.0110222737425829,1005.7466265064076,1.82092555331992,3.618376928236084,3.6519114688128775,0.221327967806841,90.68745808182427,-0.0184729311640694
17.0,0.6666666666666666,1543.7542276193983,-0.0122545648182494,1005.759126412192,1.822147651006712,3.617076808351976,3.654362416107383,0.2214765100671141,90.68493661446682,-0.0184958176268992
17.0,0.7333333333333333,1543.7529938014573,-0.0134883827593057,1005.7716433299656,1.8233713901947617,3.615774942168495,3.656816655473472,0.2216252518468771,90.6824117603164,-0.0185187371225765
17.0,0.8,1543.7517584544487,-0.0147237297678657,1005.7841772944424,1.8245967741935485,3.614471326164874,3.659274193548388,0.2217741935483871,90.6798835125448,-0.0185416896711103
17.0,0.8666666666666667,1543.7505215761676,-0.0159606080489993,1005.79672834043,1.8258238063214527,3.61316595681088,3.661735036987223,0.2219233355749832,90.67735186430546,-0.0185646752961474
17.0,0.9333333333333332,1543.749283164409,-0.0171990198075491,1005.8092965028322,1.827052489905788,3.611858830566771,3.664199192462988,0.2220726783310901,90.67481680873335,-0.0185876940122398
17.0,1.0,1543.748043216966,-0.0184389672506313,1005.8218818166469,1.8282828282828285,3.6105499438832775,3.6666666666666665,0.2222222222222222,90.672278338945,-0.0186107458248443
17.0,1.0666666666666669,1543.7468017316323,-0.0196804525842253,1005.8344843169676,1.829514824797844,3.609239293201558,3.669137466307278,0.2223719676549865,90.66973644803832,-0.0186338307503319
17.0,1.1333333333333333,1543.7455587061993,-0.0209234780172664,1005.8471040389834,1.8307484828051248,3.607926874953173,3.671611598111936,0.222521915037087,90.66719112909269,-0.0186569488105305
17.0,1.2,1543.7443141384576,-0.0221680457589172,1005.8597410179794,1.8319838056680164,3.606612685560054,3.674089068825912,0.2226720647773279,90.6646423751687,-0.0186801000108971
17.0,1.2666666666666666,1543.7430680261978,-0.0234141580187952,1005.8723952893378,1.833220796758947,3.605296721434466,3.676569885212694,0.2228224172856178,90.66209017930828,-0.0187032843678025
17.0,1.3333333333333333,1543.741820367209,-0.0246618170078818,1005.885066888536,1.83445945945946,3.603978978978979,3.679054054054054,0.2229729729729729,90.65953453453454,-0.0187265018957987
17.0,1.4,1543.7405711592785,-0.0259110249380682,1005.8977558511511,1.835699797160244,3.602659454586432,3.6815415821501016,0.2231237322515213,90.6569754338517,-0.0187497526057995
17.0,1.4666666666666666,1543.7393204001946,-0.0271617840219278,1005.9104622128552,1.836941813261164,3.601338144639904,3.6840324763193504,0.2232746955345061,90.65441287024508,-0.0187730365069
17.0,1.5333333333333332,1543.738068087744,-0.0284140964724883,1005.9231860094188,1.8381855111712933,3.6000150455126763,3.686526743398782,0.2234258632362898,90.65184683668096,-0.0187963536154711
17.0,1.6,1543.7368142197126,-0.0296679645039148,1005.9359272767106,1.839430894308943,3.598690153568202,3.6890243902439024,0.2235772357723577,90.64927732610658,-0.0188197039424267
17.0,1.6666666666666667,1543.735558793885,-0.0309233903315089,1005.9486860506976,1.840677966101695,3.597363465160076,3.6915254237288138,0.223728813559322,90.64670433145008,-0.0188430874968617
17.0,1.7333333333333334,1543.7343018080464,-0.0321803761701176,1005.9614623674456,1.841926729986432,3.596034976631992,3.694029850746269,0.2238805970149253,90.64412784562036,-0.0188665042824141
17.0,1.8,1543.7330432599806,-0.033438924235952,1005.9742562631192,1.843177189409369,3.5947046843177195,3.69653767820774,0.2240325865580448,90.64154786150714,-0.0188899543245497
17.0,1.8666666666666667,1543.73178314747,-0.0346990367465878,1005.9870677739837,1.8444293478260871,3.593372584541063,3.69904891304348,0.2241847826086956,90.63896437198068,-0.0189134376214497
17.0,1.933333333333333,1543.730521468298,-0.0359607159186907,1005.9998969364016,1.8456832087015635,3.592038673615832,3.7015635622025833,0.2243371855880353,90.636377369892,-0.0189369541840278
17.0,2.0,1543.7292582202454,-0.0372239639712006,1006.012743786838,1.846938775510204,3.590702947845805,3.704081632653061,0.2244897959183673,90.63378684807256,-0.0189605040286551
17.0,2.0666666666666664,1543.7279934010942,-0.038488783122375,1006.0256083618568,1.8481960517358749,3.589365403524696,3.706603131381893,0.224642614023145,90.6311927993344,-0.0189840871498745
17.0,2.1333333333333333,1543.7267270086254,-0.0397551755911536,1006.0384906981242,1.8494550408719348,3.5880260369361183,3.709128065395096,0.2247956403269755,90.62859521646988,-0.019007703565876
17.0,2.2,1543.725459040619,-0.0410231435976129,1006.0513908324056,1.850715746421268,3.5866848443535564,3.711656441717792,0.2249488752556237,90.62599409225176,-0.0190313532875734
17.0,2.2666666666666666,1543.7241894948538,-0.0422926893627391,1006.0643088015692,1.8519781718963164,3.5853418220403213,3.71418826739427,0.2251023192360163,90.62338941943308,-0.0190550363095098
17.0,2.333333333333333,1543.722918369111,-0.0435638151054718,1006.077244642585,1.8532423208191129,3.583996966249526,3.716723549488055,0.2252559726962457,90.62078119074704,-0.0190787526389613
17.0,2.4,1543.7216456611684,-0.0448365230481613,1006.0901983925252,1.8545081967213115,3.582650273224044,3.719262295081968,0.2254098360655737,90.6181693989071,-0.0191025022977555
17.0,2.466666666666667,1543.7203713688048,-0.0461108154117937,1006.1031700885636,1.8557758031442244,3.5813017391964768,3.721804511278196,0.2255639097744361,90.61555403660668,-0.0191262852804356
17.0,2.533333333333333,1543.7190954897976,-0.0473866944189467,1006.116159767978,1.857045143638851,3.579951360389117,3.724350205198359,0.225718194254446,90.61293509651924,-0.0191501015906396
17.0,2.6,1543.717818021926,-0.0486641622906063,1006.1291674681488,1.858316221765914,3.5785991330139177,3.726899383983573,0.2258726899383983,90.6103125712982,-0.0191739512338244
17.0,2.6666666666666665,1543.7165389629663,-0.0499432212502597,1006.1421932265596,1.8595890410958904,3.577245053272451,3.7294520547945207,0.226027397260274,90.60768645357686,-0.019197834224542
17.0,2.7333333333333334,1543.715258310696,-0.0512238735204846,1006.1552370807996,1.860863605209048,3.575889117355875,3.7320082248115134,0.2261823166552433,90.60505673596832,-0.0192217505500593
17.0,2.8,1543.713976062893,-0.0525061213236313,1006.1682990685604,1.8621399176954727,3.574531321444902,3.734567901234569,0.2263374485596708,90.6024234110654,-0.0192457002231094
17.0,2.8666666666666667,1543.712692217333,-0.0537899668836416,1006.18137922764,1.863417982155113,3.573171661709753,3.73713109128346,0.2264927934111187,90.59978647144057,-0.0192696832491492
17.0,2.933333333333333,1543.711406771793,-0.0550754124235481,1006.1944775959396,1.8646978021978025,3.5718101343101343,3.7396978021978025,0.2266483516483516,90.5971459096459,-0.0192936996281787
17.0,3.0,1543.7101197240493,-0.0563624601672927,1006.2075942114676,1.865979381443299,3.5704467353951888,3.7422680412371134,0.2268041237113402,90.59450171821304,-0.0193177493565599
17.0,3.0666666666666664,1543.7088310718786,-0.0576511123379077,1006.2207291123376,1.8672627235213208,3.5690814611034694,3.7448418156808807,0.2269601100412655,90.59185388965304,-0.0193418324397498
17.0,3.1333333333333333,1543.7075408130572,-0.0589413711593351,1006.2338823367678,1.8685478320715765,3.567714307562897,3.747419132828631,0.227116311080523,90.58920241645636,-0.0193659488777484
17.0,3.2,1543.7062489453615,-0.0602332388548347,1006.2470539230854,1.8698347107438016,3.566345270890725,3.75,0.2272727272727273,90.58654729109274,-0.0193900986723747
17.0,3.2666666666666666,1543.7049554665675,-0.0615267176490306,1006.2602439097232,1.8711233631977944,3.5649743471935063,3.752584424534804,0.2274293590627153,90.58388850601118,-0.0194142818218097
17.0,3.333333333333333,1543.703660374452,-0.0628218097645003,1006.273452335221,1.8724137931034484,3.56360153256705,3.755172413793104,0.2275862068965517,90.58122605363984,-0.0194384983260533
17.0,3.4,1543.7023636667907,-0.064118517425868,1006.2866792382272,1.873706004140787,3.5622268230963883,3.75776397515528,0.2277432712215321,90.57855992638602,-0.0194627481905627
17.0,3.466666666666667,1543.7010653413602,-0.0654168428563934,1006.2999246574966,1.875,3.56085021485574,3.7603591160221,0.2279005524861878,90.57589011663596,-0.0194870313989667
17.0,3.533333333333333,1543.6997653959374,-0.0667167882791091,1006.3131886318948,1.876295784381479,3.5594717039084696,3.762957843814789,0.2280580511402902,90.57321661675496,-0.0195113479603605
17.0,3.6,1543.6984638282988,-0.0680183559177294,1006.3264712003938,1.8775933609958508,3.558091286307054,3.765560165975104,0.2282157676348548,90.57053941908713,-0.0195356978656491
17.0,3.6666666666666665,1543.697160636222,-0.0693215479946047,1006.3397724020762,1.878892733564014,3.5567089580930413,3.768166089965398,0.2283737024221453,90.5678585159554,-0.0195600811148324
17.0,3.733333333333333,1543.6958558174836,-0.0706263667329949,1006.3530922761336,1.8801939058171748,3.5553247152970147,3.770775623268699,0.2285318559556787,90.56517389966145,-0.0195844977006345
17.0,3.8,1543.6945493698618,-0.0719328143547954,1006.3664308618672,1.881496881496881,3.553938553938554,3.7733887733887737,0.2286902286902287,90.56248556248558,-0.0196089476230554
17.0,3.866666666666666,1543.6932412911335,-0.0732408930828114,1006.3797881986897,1.8828016643550625,3.552550470026198,3.776005547850208,0.2288488210818307,90.55979349668672,-0.0196334308748191
17.0,3.933333333333333,1543.6919315790783,-0.0745506051380289,1006.3931643261226,1.88410825815406,3.5511604595574062,3.7786259541984735,0.2290076335877862,90.55709769450227,-0.0196579474504687
17.0,4.0,1543.6906202314738,-0.0758619527427981,1006.4065592838004,1.8854166666666667,3.5497685185185186,3.78125,0.2291666666666666,90.55439814814817,-0.0196824973445473
17.0,4.066666666666666,1543.6893072460991,-0.0771749381174231,1006.419973111468,1.8867268936761643,3.54837464288472,3.783877692842252,0.2293259207783183,90.55169484981856,-0.0197070805497787
17.0,4.133333333333333,1543.6879926207337,-0.0784895634828899,1006.433405848982,1.888038942976356,3.546978828619997,3.786509040333797,0.2294853963838665,90.548987791686,-0.0197316970516112
17.0,4.2,1543.6866763531589,-0.0798058310576834,1006.446857536312,1.8893528183716075,3.545581071677105,3.789144050104384,0.2296450939457202,90.54627696590116,-0.0197563468518637
17.0,4.266666666666667,1543.6853584411535,-0.0811237430630171,1006.4603282135404,1.89066852367688,3.544181367997524,3.7917827298050137,0.2298050139275766,90.543562364593,-0.0197810299432603
17.0,4.333333333333333,1543.6840388825,-0.0824433017166939,1006.4738179208608,1.8919860627177705,3.542779713511421,3.794425087108016,0.2299651567944251,90.54084397986836,-0.0198057463003351
17.0,4.4,1543.68271767498,-0.0837645092365164,1006.487326698582,1.893305439330544,3.5413761041376106,3.797071129707114,0.2301255230125523,90.53812180381216,-0.0198304959340021
17.0,4.466666666666667,1543.6813948163754,-0.0850873678411971,1006.500854587127,1.8946266573621773,3.539970535783515,3.799720865317516,0.2302861130495464,90.53539582848724,-0.0198552788260713
17.0,4.533333333333333,1543.68007030447,-0.0864118797464925,1006.5144016270314,1.895949720670391,3.538563004345127,3.8023743016759775,0.2304469273743016,90.5326660459342,-0.0198800949510769
17.0,4.6,1543.6787441370486,-0.0877380471679316,1006.5279678589468,1.8972746331236896,3.537153505706965,3.8050314465408808,0.230607966457023,90.52993244817144,-0.0199049443144758
17.0,4.666666666666667,1543.6774163118946,-0.089065872321953,1006.541553323639,1.8986013986013988,3.5357420357420355,3.807692307692308,0.2307692307692307,90.52719502719503,-0.0199298269089922
17.0,4.733333333333333,1543.6760868267943,-0.0903953574222669,1006.5551580619896,1.8999300209937025,3.534328590311796,3.8103568929321208,0.2309307207837649,90.52445377497862,-0.0199547426982462
17.0,4.8,1543.6747556795349,-0.0917265046816737,1006.5687821149962,1.9012605042016808,3.5329131652661063,3.8130252100840334,0.2310924369747899,90.52170868347338,-0.0199796916858758
17.0,4.866666666666666,1543.673422867903,-0.0930593163136563,1006.5824255237724,1.9025928521373512,3.531495756443199,3.8156972669936935,0.2312543798177996,90.51895974460794,-0.0200046738536912
17.0,4.933333333333334,1543.6720883896876,-0.094393794528969,1006.5960883295488,1.9039270687237029,3.530076359669627,3.818373071528752,0.2314165497896213,90.51620695028828,-0.0200296891907783
17.0,5.0,1543.6707522426775,-0.095729941539048,1006.6097705736728,1.9052631578947368,3.5286549707602344,3.821052631578948,0.231578947368421,90.51345029239766,-0.0200547376716713
17.0,5.066666666666666,1543.6694144246646,-0.0970677595519191,1006.6234722976102,1.9066011235955056,3.527231585518103,3.82373595505618,0.2317415730337079,90.51068976279652,-0.0200798192854563
17.0,5.133333333333333,1543.6680749334396,-0.0984072507769724,1006.6371935429426,1.9079409697821503,3.52580619973452,3.8264230498945886,0.2319044272663387,90.5079253533224,-0.0201049340157624
17.0,5.2,1543.666733766796,-0.099748417420642,1006.6509343513724,1.909282700421941,3.5243788091889354,3.829113924050633,0.2320675105485232,90.50515705578997,-0.0201300818407617
17.0,5.266666666666667,1543.6653909225276,-0.1010912616889072,1006.6646947647196,1.9106263194933144,3.5229494096489167,3.831808585503167,0.2322308233638282,90.50238486199078,-0.0201552627440833
17.0,5.333333333333333,1543.66404639843,-0.1024357857866107,1006.6784748249236,1.911971830985916,3.52151799687011,3.8345070422535215,0.2323943661971831,90.49960876369327,-0.0201804767129942
17.0,5.4,1543.662700192299,-0.103781991917458,1006.6922745740428,1.9133192389006344,3.5200845665961946,3.8372093023255816,0.2325581395348837,90.49682875264271,-0.0202057237202097
17.0,5.466666666666667,1543.661352301934,-0.1051298822826538,1006.7060940542572,1.914668547249648,3.5186491145588463,3.839915373765868,0.232722143864598,90.49404482056104,-0.0202310037402639
17.0,5.533333333333333,1543.6600027251336,-0.1064794590829478,1006.7199333078656,1.9160197600564568,3.517211636477691,3.842625264643613,0.2328863796753705,90.49125695914688,-0.0202563167676999
17.0,5.6,1543.6586514596984,-0.1078307245181804,1006.733792377289,1.9173728813559323,3.5157721280602643,3.845338983050848,0.2330508474576271,90.48846516007532,-0.0202816627715947
17.0,5.666666666666667,1543.6572985034306,-0.1091836807859181,1006.7476713050684,1.9187279151943464,3.5143305850019626,3.8480565371024738,0.2332155477031802,90.48566941499804,-0.0203070417246635
17.0,5.733333333333333,1543.655943854135,-0.1105383300812263,1006.761570133868,1.9200848656294205,3.5128870029860133,3.8507779349363513,0.2333804809052334,90.482869715543,-0.0203324535978026
17.0,5.8,1543.6545875096174,-0.1118946745991706,1006.7754889064736,1.921443736730361,3.511441377683416,3.853503184713376,0.2335456475583864,90.48006605331446,-0.020357898387374
17.0,5.866666666666666,1543.6532294676836,-0.1132527165329975,1006.7894276657934,1.922804532577904,3.509993704752912,3.856232294617564,0.2337110481586402,90.47725841989298,-0.0203833760588167
17.0,5.933333333333334,1543.6518697261429,-0.1146124580736795,1006.8033864548588,1.924167257264352,3.508543979840933,3.8589652728561306,0.2338766832034018,90.4744468068352,-0.0204088865793892
17.0,6.0,1543.6505082828064,-0.1159739014101433,1006.8173653168252,1.9255319148936167,3.5070921985815606,3.861702127659575,0.2340425531914894,90.47163120567376,-0.0204344299236254
17.0,6.066666666666666,1543.6491451354866,-0.1173370487299507,1006.8313642949718,1.926898509581264,3.505638356596484,3.864442867281761,0.234208658623137,90.46881160791736,-0.0204600060696975
17.0,6.133333333333333,1543.647780281997,-0.1187019022195272,1006.8453834327012,1.9282670454545456,3.50418244949495,3.8671875,0.234375,90.46598800505048,-0.0204856149921397
17.0,6.2,1543.6464137201542,-0.1200684640623421,1006.8594227735427,1.929637526652452,3.5027244728737266,3.8699360341151374,0.2345415778251599,90.46316038853352,-0.0205112566527532
17.0,6.266666666666667,1543.6450454477767,-0.1214367364398185,1006.87348236115,1.931009957325747,3.501264422317054,3.872688477951636,0.2347083926031294,90.46032874980244,-0.0205369310278911
17.0,6.333333333333333,1543.643675462684,-0.1228067215326973,1006.8875622393018,1.9323843416370108,3.4998022933966,3.875444839857652,0.2348754448398576,90.45749308026888,-0.0205626380866306
17.0,6.4,1543.6423037626985,-0.1241784215180814,1006.9016624519048,1.933760683760684,3.498338081671415,3.8782051282051286,0.235042735042735,90.45465337132003,-0.0205883777907729
17.0,6.466666666666667,1543.640930345645,-0.1255518385714822,1006.91578304299,1.935138987883108,3.496871782687891,3.880969351389879,0.2352102637205987,90.45180961431852,-0.0206141501130332
17.0,6.533333333333333,1543.63955520935,-0.126926974866592,1006.929924056718,1.936519258202568,3.4954033919797114,3.883737517831669,0.2353780313837375,90.44896180060232,-0.0206399550279456
17.0,6.6,1543.6381783516413,-0.1283038325752841,1006.9440855373756,1.9379014989293364,3.4939329050678087,3.886509635974305,0.2355460385438972,90.44610992148466,-0.0206657924863975
17.0,6.666666666666667,1543.6367997703517,-0.1296824138648844,1006.958267529378,1.9392857142857145,3.492460317460318,3.889285714285714,0.2357142857142857,90.44325396825396,-0.0206916624611039
17.0,6.733333333333333,1543.6354194633132,-0.131062720903401,1006.9724700772684,1.940671908506076,3.490985624652529,3.8920657612580416,0.2358827734095782,90.44039393217376,-0.0207175649229611
17.0,6.8,1543.6340374283618,-0.132444755854749,1006.9866932257198,1.94206008583691,3.489508822126848,3.894849785407725,0.2360515021459227,90.4375298044826,-0.0207434998228563
17.0,6.866666666666666,1543.632653663337,-0.1338285208796605,1007.0009370195348,1.943450250536865,3.4880299053527404,3.897637795275591,0.2362204724409449,90.43466157639384,-0.0207694671262288
17.0,6.933333333333334,1543.6312681660784,-0.1352140181381855,1007.0152015036444,1.9448424068767909,3.486548869786692,3.9004297994269344,0.2363896848137535,90.43178923909582,-0.0207954668039747
17.0,7.0,1543.6298809344298,-0.1366012497867359,1007.0294867231122,1.9462365591397848,3.4850657108721625,3.903225806451613,0.2365591397849462,90.4289127837515,-0.0208214988051622
17.0,7.066666666666666,1543.6284919662378,-0.1379902179787677,1007.0437927231308,1.9476327116212333,3.4835804240395345,3.906025824964132,0.236728837876614,90.42603220149849,-0.0208475630934117
17.0,7.133333333333333,1543.6271012593506,-0.1393809248659181,1007.0581195490248,1.9490308686288589,3.4820930047060696,3.908829863603733,0.2368987796123474,90.423147483449,-0.0208736596305243
17.0,7.2,1543.62570881162,-0.1407733725964135,1007.0724672462508,1.950431034482759,3.480603448275862,3.911637931034483,0.2370689655172413,90.42025862068964,-0.0208997883746633
17.0,7.266666666666667,1543.6243146209008,-0.1421675633157519,1007.086835860398,1.9518332135154568,3.479111750139788,3.914450035945364,0.2372393961179008,90.4173656042815,-0.0209259492748969
17.0,7.333333333333333,1543.62291868505,-0.1435634991664756,1007.1012254371872,1.9532374100719427,3.47761790567546,3.91726618705036,0.237410071942446,90.4144684252598,-0.0209521422948455
17.0,7.399999999999999,1543.6215210019282,-0.144961182288398,1007.1156360224738,1.9546436285097195,3.4761219102471808,3.920086393088553,0.2375809935205183,90.41156707463402,-0.0209783673890342
17.0,7.466666666666667,1543.6201215693982,-0.1463606148183771,1007.130067662246,1.9560518731988472,3.474623759205892,3.922910662824208,0.2377521613832853,90.40866154338777,-0.0210046245083503
17.0,7.533333333333333,1543.618720385327,-0.1477617988896327,1007.1445204026264,1.95746214852199,3.473123447889129,3.925739005046864,0.2379235760634463,90.40575182247856,-0.0210309136127762
17.0,7.6,1543.6173174475832,-0.1491647366333381,1007.1589942898732,1.958874458874459,3.471620971620972,3.928571428571429,0.2380952380952381,90.4028379028379,-0.021057234647742
17.0,7.666666666666667,1543.615912754041,-0.1505694301758922,1007.1734893703784,1.9602888086642605,3.4701163257119942,3.931407942238268,0.2382671480144405,90.39991977537105,-0.021083587564135
17.0,7.733333333333333,1543.614506302575,-0.151975881641647,1007.1880056906712,1.9617052023121389,3.468609505459216,3.934248554913295,0.2384393063583815,90.39699743095696,-0.0211099723164807
17.0,7.8,1543.6130980910652,-0.1533840931513168,1007.2025432974156,1.9631236442516269,3.4671005061460587,3.937093275488069,0.2386117136659435,90.39407086044832,-0.0211363888447522
17.0,7.866666666666666,1543.6116881173955,-0.1547940668210685,1007.217102237414,1.9645441389290883,3.4655893230422903,3.939942112879885,0.2387843704775687,90.39114005467115,-0.0211628371071128
17.0,7.933333333333334,1543.6102763794509,-0.1562058047657046,1007.2316825576038,1.9659666908037647,3.4640759514039745,3.942795076031861,0.2389572773352643,90.38820500442516,-0.0211893170526309
17.0,8.0,1543.608862875122,-0.1576193090945707,1007.2462843050616,1.9673913043478264,3.4625603864734305,3.945652173913044,0.2391304347826087,90.38526570048307,-0.0212158286176418
17.0,8.066666666666666,1543.6074476023018,-0.1590345819147387,1007.2609075270024,1.9688179840464104,3.461042623479172,3.9485134155184913,0.239303843364757,90.38232213359116,-0.0212423717530327
17.0,8.133333333333333,1543.606030558888,-0.1604516253285055,1007.2755522707796,1.970246734397678,3.459522657635865,3.951378809869376,0.239477503628447,90.37937429446862,-0.0212689464005961
17.0,8.2,1543.6046117427818,-0.1618704414347576,1007.290218583885,1.971677559912854,3.458000484144274,3.954248366013072,0.2396514161220043,90.37642217380778,-0.0212955525057623
17.0,8.266666666666666,1543.6031911518874,-0.163291032329198,1007.304906513951,1.97311046511628,3.456476098191215,3.957122093023256,0.2398255813953488,90.37346576227392,-0.0213221900066855
17.0,8.333333333333334,1543.601768784114,-0.1647134001025278,1007.31961610875,1.9745454545454544,3.4549494949494948,3.96,0.24,90.37050505050505,-0.0213488588487962
17.0,8.4,1543.6003446373743,-0.1661375468422647,1007.3343474161962,1.975982532751092,3.453420669577875,3.962882096069869,0.2401746724890829,90.36754002911208,-0.0213755589647917
17.0,8.466666666666667,1543.5989187095854,-0.1675634746311516,1007.3491004843432,1.97742170429716,3.451889617221008,3.965768390386016,0.2403495994173343,90.36457068867848,-0.0214022903001023
17.0,8.533333333333333,1543.5974909986676,-0.1689911855489754,1007.3638753613876,1.978862973760933,3.450356333009395,3.9686588921282806,0.2405247813411079,90.36159701976028,-0.0214290527910634
17.0,8.6,1543.5960615025465,-0.1704206816700662,1007.3786720956684,1.9803063457330417,3.4488208120593247,3.971553610503282,0.2407002188183807,90.35861901288598,-0.0214558463703724
17.0,8.666666666666666,1543.5946302191514,-0.171851965065116,1007.3934907356668,1.981751824817518,3.44728304947283,3.974452554744525,0.2408759124087591,90.35563665855636,-0.0214826709798217
17.0,8.733333333333333,1543.5931971464158,-0.1732850378007242,1007.4083313300088,1.983199415631848,3.4457430403376352,3.977355734112491,0.2410518626734843,90.35264994724452,-0.0215095265411946
17.0,8.8,1543.5917622822792,-0.1747199019373511,1007.423193927462,1.9846491228070176,3.444200779727096,3.980263157894737,0.2412280701754386,90.3496588693957,-0.0215364129981026
17.0,8.866666666666667,1543.590325624683,-0.1761565595336378,1007.4380785769404,1.986100950987564,3.442656262700155,3.983174835405999,0.2414045354791514,90.34666341542712,-0.0215633302832429
17.0,8.933333333333334,1543.588887171575,-0.1775950126416319,1007.4529853275023,1.9875549048316248,3.441109484301285,3.9860907759882873,0.2415812591508052,90.343663575728,-0.0215902783147612
17.0,9.0,1543.5874469209075,-0.1790352633088332,1007.4679142283518,1.989010989010989,3.43956043956044,3.989010989010989,0.2417582417582417,90.34065934065934,-0.0216172570362687
17.0,9.066666666666666,1543.5860048706368,-0.1804773135797859,1007.4828653288392,1.990469208211144,3.4380091234929946,3.991935483870968,0.2419354838709677,90.33765070055392,-0.0216442663659108
17.0,9.133333333333333,1543.5845610187257,-0.1819211654910759,1007.4978386784604,1.991929567131328,3.4364555310996985,3.994864269992664,0.2421129860601614,90.33463764571616,-0.0216713062327471
17.0,9.2,1543.583115363139,-0.1833668210774703,1007.51283432686,1.9933920704845816,3.4348996573666173,3.997797356828194,0.2422907488986784,90.33162016642191,-0.0216983765694749
17.0,9.266666666666666,1543.5816679018496,-0.184814282366915,1007.5278523238284,1.994856722997796,3.433341497265084,4.000734753857459,0.2424687729610581,90.3285982529186,-0.0217254772906017
17.0,9.333333333333334,1543.5802186328335,-0.1862635513830355,1007.5428927193065,1.996323529411765,3.4317810457516345,4.003676470588236,0.2426470588235294,90.32557189542484,-0.0217526083233678
17.0,9.4,1543.5787675540737,-0.1877146301430912,1007.5579555633818,1.9977924944812364,3.4302182977679667,4.006622516556291,0.2428256070640176,90.32254108413048,-0.0217797695859189
17.0,9.466666666666669,1543.5773146635554,-0.189167520661158,1007.5730409062932,1.9992636229749632,3.428653248240877,4.009572901325479,0.2430044182621502,90.31950580919651,-0.0218069610091333
17.0,9.533333333333331,1543.5758599592723,-0.1906222249442635,1007.5881487984276,2.0007369196757554,3.427085892082208,4.012527634487841,0.2431834929992631,90.31646606075492,-0.0218341825056995
17.0,9.6,1543.5744034392214,-0.1920787449951149,1007.6032792903234,2.002212389380531,3.425516224188791,4.015486725663717,0.2433628318584071,90.31342182890856,-0.021861433988306
17.0,9.666666666666666,1543.5729451014072,-0.1935370828093709,1007.6184324326704,2.003690036900369,3.423944239442394,4.018450184501845,0.2435424354243542,90.31037310373104,-0.0218887153787363
17.0,9.733333333333333,1543.5714849438375,-0.1949972403790525,1007.6336082763096,2.005169867060561,3.422369932709667,4.0214180206794685,0.2437223042836041,90.3073198752667,-0.0219160265987738
17.0,9.8,1543.5700229645272,-0.1964592196893591,1007.648806872234,2.0066518847006654,3.42079329884208,4.02439024390244,0.2439024390243902,90.30426213353044,-0.0219433675501932
17.0,9.866666666666667,1543.5685591614977,-0.1979230227188964,1007.6640282715894,2.008136094674557,3.419214332675871,4.027366863905326,0.2440828402366864,90.30119986850757,-0.0219707381511398
17.0,9.933333333333334,1543.5670935327737,-0.1993886514428595,1007.6792725256754,2.0096225018504814,3.4176330290319927,4.030347890451518,0.2442635085122131,90.29813307015378,-0.0219981383197591
17.0,10.0,1543.5656260763883,-0.2008561078280308,1007.6945396859436,2.011111111111111,3.4160493827160496,4.033333333333333,0.2444444444444444,90.29506172839504,-0.0220255679541878
17.0,10.066666666666666,1543.56415679038,-0.2023253938366451,1007.7098298040032,2.012601927353596,3.414463388518244,4.036323202372127,0.2446256486286137,90.2919858331274,-0.0220530269671144
17.0,10.133333333333333,1543.562685672793,-0.2037965114236613,1007.7251429316163,2.0140949554896146,3.4128750412133204,4.039317507418398,0.244807121661721,90.28890537421697,-0.0220805152657703
17.0,10.2,1543.5612127216775,-0.2052694625388085,1007.7404791207006,2.0155902004454345,3.411284335560506,4.042316258351894,0.244988864142539,90.28582034149964,-0.0221080327573872
17.0,10.266666666666666,1543.5597379350918,-0.2067442491247675,1007.7558384233312,2.0170876671619613,3.40969126630345,4.045319465081724,0.2451708766716196,90.28273072478125,-0.0221355793491966
17.0,10.333333333333334,1543.5582613110978,-0.208220873118762,1007.7712208917388,2.0185873605947955,3.4080958281701776,4.048327137546468,0.2453531598513011,90.27963651383725,-0.022163154941154
17.0,10.4,1543.5567828477665,-0.209699336450285,1007.7866265783128,2.020089285714286,3.406498015873016,4.051339285714286,0.2455357142857143,90.2765376984127,-0.0221907594277581
17.0,10.466666666666669,1543.555302543174,-0.2111796410426905,1007.8020555355988,2.021593447505585,3.404897824108547,4.054355919583024,0.2457185405807893,90.27343426822206,-0.0222183927235164
17.0,10.533333333333331,1543.5538203954034,-0.2126617888131932,1007.817507816303,2.023099850968704,3.403295247557543,4.057377049180328,0.2459016393442623,90.27032621294916,-0.0222460547120135
17.0,10.6,1543.5523364025455,-0.2141457816708225,1007.8329834732888,2.024608501118568,3.401690280884911,4.060402684563758,0.2460850111856823,90.26721352224708,-0.0222737452950241
17.0,10.666666666666666,1543.5508505626972,-0.2156316215193783,1007.8484825595816,2.026119402985074,3.400082918739636,4.063432835820896,0.2462686567164179,90.26409618573798,-0.0223014643761416
17.0,10.733333333333333,1543.5493628739623,-0.2171193102542474,1007.8640051283644,2.027632561613144,3.398473155754709,4.066467513069455,0.2464525765496639,90.26097419301304,-0.0223292118334939
17.0,10.8,1543.5478733344526,-0.2186088497639957,1007.879551232984,2.0291479820627805,3.3968609865470856,4.0695067264574,0.2466367713004484,90.25784753363229,-0.0223569875743123
17.0,10.866666666666667,1543.5463819422855,-0.2201002419308224,1007.8951209269472,2.030665669409125,3.39524640571761,4.072550486163052,0.2468212415856395,90.25471619712458,-0.0223847914858197
17.0,10.933333333333334,1543.5448886955878,-0.2215934886287414,1007.9107142639224,2.032185628742515,3.393629407850965,4.07559880239521,0.2470059880239521,90.25158017298736,-0.0224126234516006
17.0,11.0,1543.543393592492,-0.2230885917244904,1007.9263312977428,2.033707865168539,3.392009987515605,4.078651685393258,0.247191011235955,90.24843945068665,-0.0224404833661537
17.0,11.066666666666666,1543.541896631139,-0.2245855530775315,1007.9419720824048,2.035232383808096,3.390388139263702,4.081709145427287,0.247376311844078,90.24529401965684,-0.0224683711076068
17.0,11.133333333333333,1543.540397809678,-0.2260843745386864,1007.9576366720668,2.0367591897974493,3.388763857631074,4.0847711927982,0.2475618904726181,90.24214386930066,-0.0224962865631823
17.0,11.2,1543.538897126264,-0.2275850579526377,1007.973325121053,2.0382882882882885,3.3871371371371373,4.087837837837838,0.2477477477477477,90.238988988989,-0.0225242296201031
17.0,11.266666666666666,1543.5373945790618,-0.2290876051547457,1007.989037483854,2.0398196844477834,3.385507972284832,4.090909090909091,0.2479338842975206,90.23582936806076,-0.0225522001619538
17.0,11.333333333333334,1543.535890166242,-0.2305920179744589,1008.0047738151252,2.041353383458647,3.383876357560568,4.093984962406015,0.2481203007518797,90.23266499582289,-0.022580198065043
17.0,11.4,1543.5343838859867,-0.2320982982298574,1008.0205341696886,2.0428893905191874,3.3822422874341616,4.0970654627539504,0.2483069977426636,90.22949586155003,-0.0226082231911277
17.0,11.466666666666669,1543.5328757364832,-0.2336064477333366,1008.0363186025338,2.0444277108433737,3.3806057563587686,4.100150602409639,0.2484939759036144,90.22632195448462,-0.0226362754401634
17.0,11.533333333333331,1543.531365715928,-0.2351164682886519,1008.0521271688184,2.0459683496608894,3.3789667587708285,4.103240391861342,0.2486812358703843,90.22314326383656,-0.0226643546775449
17.0,11.6,1543.529853822526,-0.2366283616904638,1008.0679599238676,2.047511312217195,3.377325289089995,4.10633484162896,0.248868778280543,90.2199597787833,-0.0226924607741239
17.0,11.666666666666666,1543.5283400544913,-0.2381421297252473,1008.0838169231764,2.049056603773585,3.375681341719078,4.109433962264151,0.2490566037735849,90.2167714884696,-0.0227205936043901
17.0,11.733333333333333,1543.5268244100455,-0.239657774170837,1008.0996982224102,2.050604229607251,3.374034911043974,4.112537764350453,0.2492447129909365,90.21357838200738,-0.0227487530301004
17.0,11.8,1543.5253068874206,-0.2411752967959728,1008.1156038774031,2.052154195011338,3.372385991433611,4.115646258503402,0.2494331065759637,90.21038044847568,-0.0227769389293825
17.0,11.866666666666667,1543.5237874848551,-0.2426946993614365,1008.1315339441628,2.053706505295008,3.370734577239872,4.118759455370651,0.2496217851739788,90.20717767692048,-0.0228051511603553
17.0,11.933333333333334,1543.522266200599,-0.2442159836175506,1008.147488478866,2.0552611657834974,3.369080662797544,4.1218773656320975,0.2498107494322483,90.2039700563546,-0.0228333895902324
17.0,12.0,1543.5207430329096,-0.2457391513069069,1008.1634675378632,2.0568181818181817,3.367424242424242,4.125,0.25,90.20075757575756,-0.0228616540825896
17.0,12.066666666666666,1543.5192179800547,-0.2472642041618655,1008.1794711776784,2.058377558756634,3.365765310420352,4.128127369219106,0.2501895375284306,90.19754022407548,-0.0228899444937269
17.0,12.133333333333333,1543.5176910403104,-0.2487911439061463,1008.1954994550084,2.059939301972686,3.36410386106896,4.131259484066768,0.2503793626707132,90.19431799022088,-0.022918260685401
17.0,12.2,1543.516162211963,-0.2503199722532372,1008.211552426725,2.061503416856492,3.3624398886357887,4.134396355353076,0.2505694760820046,90.19109086307265,-0.0229466025084548
17.0,12.266666666666666,1543.5146314933097,-0.2518506909070765,1008.2276301498744,2.06306990881459,3.360773387369132,4.137537993920972,0.2507598784194529,90.18785883147584,-0.022974969822826
17.0,12.333333333333334,1543.5130988826536,-0.2533833015629625,1008.2437326816796,2.064638783269962,3.359104351499789,4.140684410646388,0.2509505703422053,90.18462188424164,-0.0230033624829957
17.0,12.4,1543.5115643783115,-0.2549178059048245,1008.2598600795388,2.0662100456621006,3.3574327752409943,4.1438356164383565,0.2511415525114155,90.18138001014714,-0.0230317803361685
17.0,12.466666666666669,1543.5100279786088,-0.2564542056077243,1008.2760124010276,2.0677837014470684,3.355758652788356,4.146991622239148,0.2513328255902514,90.17813319793518,-0.0230602232277306
17.0,12.533333333333331,1543.5084896818812,-0.2579925023353553,1008.2921897039012,2.069359756097561,3.354081978319784,4.150152439024391,0.2515243902439024,90.17488143631437,-0.0230886910121626
17.0,12.6,1543.5069494864738,-0.2595326977427703,1008.30839204609,2.0709382151029745,3.352402745995424,4.153318077803204,0.251716247139588,90.1716247139588,-0.0231171835384884
17.0,12.666666666666666,1543.505407390743,-0.2610747934736537,1008.3246194857064,2.072519083969466,3.350720949957591,4.156488549618321,0.2519083969465649,90.16836301950806,-0.0231457006375421
17.0,12.733333333333333,1543.5038633930556,-0.2626187911610032,1008.3408720810404,2.074102368220016,3.3490365843307024,4.159663865546219,0.2521008403361345,90.16509634156694,-0.0231742421492526
17.0,12.8,1543.5023174917897,-0.2641646924269025,1008.357149890565,2.075688073394496,3.347349643221203,4.162844036697249,0.2522935779816514,90.1618246687054,-0.0232028079244628
17.0,12.866666666666667,1543.5007696853324,-0.2657124988841133,1008.373452972932,2.077276205049732,3.345660120717504,4.166029074215761,0.2524866105585309,90.15854798945848,-0.0232313977921876
17.0,12.933333333333334,1543.499219972084,-0.267262212132664,1008.3897813869768,2.078866768759571,3.34396801088991,4.169218989280245,0.2526799387442572,90.15526629232602,-0.023260011590537
17.0,13.0,1543.4976683504538,-0.2688138337628061,1008.4061351917172,2.0804597701149428,3.342273307790549,4.172413793103449,0.2528735632183908,90.15197956577266,-0.023288649146707
17.0,13.066666666666666,1543.4961148188645,-0.2703673653522855,1008.4225144463531,2.082055214723926,3.3405760054533062,4.175613496932516,0.2530674846625767,90.14868779822768,-0.0233173103042645
17.0,13.133333333333333,1543.4945593757466,-0.2719228084699807,1008.4389192102708,2.083653108211819,3.33887609789375,4.178818112049118,0.2532617037605525,90.14539097808476,-0.0233459948849485
17.0,13.2,1543.4930020195463,-0.2734801646702181,1008.4553495430392,2.0852534562211984,3.337173579109063,4.182027649769585,0.2534562211981567,90.14208909370198,-0.0233747027050412
17.0,13.266666666666666,1543.4914427487192,-0.2750394354973196,1008.4718055044136,2.0868562644119906,3.3354684430779744,4.185242121445042,0.2536510376633359,90.13878213340163,-0.0234034335971955
17.0,13.333333333333334,1543.4898815617332,-0.276600622483329,1008.4882871543356,2.0884615384615386,3.333760683760684,4.188461538461539,0.2538461538461539,90.13547008547008,-0.0234321873940643
17.0,13.4,1543.488318457067,-0.2781637271496038,1008.5047945529336,2.0900692840646653,3.332050295098794,4.191685912240185,0.2540415704387991,90.13215293815756,-0.0234609638991969
17.0,13.466666666666669,1543.4867534332134,-0.2797287510031765,1008.5213277605238,2.0916795069337444,3.330337271015237,4.194915254237288,0.2542372881355932,90.12883067967812,-0.0234897629325132
17.0,13.533333333333331,1543.485186488676,-0.2812956955406207,1008.5378868376108,2.0932922127987665,3.328621605414204,4.198149575944488,0.2544333076329992,90.12550329820954,-0.0235185843175713
17.0,13.6,1543.483617621971,-0.2828645622455497,1008.5544718448882,2.0949074074074074,3.3269032921810706,4.201388888888889,0.2546296296296296,90.122170781893,-0.0235474278633773
17.0,13.666666666666666,1543.4820468316277,-0.284435352589071,1008.57108284324,2.096525096525097,3.3251823251823254,4.204633204633205,0.2548262548262548,90.11883311883312,-0.0235762933789374
17.0,13.733333333333333,1543.480474116187,-0.2860080680295596,1008.5877198937396,2.098145285935085,3.323458698265499,4.207882534775889,0.2550231839258114,90.11549029709772,-0.0236051806750765
17.0,13.8,1543.478899474204,-0.2875827100124297,1008.6043830576534,2.099767981438515,3.321732405259087,4.211136890951276,0.2552204176334107,90.11214230471772,-0.0236340895589819
17.0,13.866666666666667,1543.4773229042455,-0.2891592799708178,1008.6210723964392,2.101393188854489,3.32000343997248,4.214396284829721,0.2554179566563467,90.10878912968695,-0.0236630198360217
17.0,13.933333333333334,1543.4757444048928,-0.2907377793237629,1008.6377879717476,2.1030209140201395,3.318271796195886,4.217660728117738,0.2556158017041053,90.10543075996212,-0.023691971298831
17.0,14.0,1543.4741639747392,-0.2923182094773437,1008.6545298454222,2.104651162790698,3.3165374677002584,4.22093023255814,0.2558139534883721,90.10206718346254,-0.0237209437527781
17.0,14.066666666666666,1543.4725816123926,-0.2939005718239968,1008.6712980795024,2.1062839410395657,3.314800448237221,4.224204809930179,0.2560124127230411,90.09869838807,-0.023749936995955
17.0,14.133333333333333,1543.470997316473,-0.295484867743653,1008.688092736222,2.1079192546583854,3.3130607315389926,4.22748447204969,0.2562111801242236,90.09532436162873,-0.023778950828273
17.0,14.2,1543.469411085615,-0.2970710986012363,1008.7049138780106,2.1095571095571097,3.311318311318311,4.230769230769231,0.2564102564102564,90.09194509194508,-0.0238079850278154
17.0,14.266666666666666,1543.4678229184692,-0.2986592657473466,1008.7217615674952,2.1111975116640744,3.30957318126836,4.234059097978227,0.2566096423017107,90.08856056678763,-0.0238370393872173
17.0,14.333333333333334,1543.466232813697,-0.3002493705196229,1008.7386358674996,2.11284046692607,3.30782533506269,4.237354085603113,0.2568093385214008,90.08517077388672,-0.023866113704571
17.0,14.4,1543.4646407699754,-0.3018414142411529,1008.7555368410464,2.114485981308412,3.306074766355141,4.240654205607478,0.2570093457943926,90.0817757009346,-0.0238952077525027
17.0,14.466666666666669,1543.4630467859963,-0.3034353982200173,1008.7724645513558,2.116134060795012,3.304321468779769,4.243959469992206,0.2572096648480125,90.078375335585,-0.0239243213163717
17.0,14.533333333333331,1543.4614508604666,-0.3050313237499722,1008.7894190618508,2.117784711388456,3.302565435950771,4.247269890795632,0.2574102964118565,90.07496966545328,-0.0239534541778994
17.0,14.6,1543.459852992106,-0.3066291921104493,1008.806400436152,2.1194379391100706,3.3008066614624,4.250585480093677,0.2576112412177986,90.07155867811606,-0.0239826061169878
17.0,14.666666666666666,1543.458253179651,-0.3082290045656464,1008.8234087380824,2.12109375,3.2990451388888884,4.25390625,0.2578125,90.06814236111111,-0.0240117768989875
17.0,14.733333333333333,1543.456651421853,-0.3098307623636174,1008.8404440316684,2.12275215011728,3.297280861784381,4.257232212666146,0.2580140734949179,90.06472070193728,-0.0240409662910678
17.0,14.8,1543.4550477174787,-0.3114344667378645,1008.857506381138,2.124413145539906,3.2955138236828376,4.26056338028169,0.2582159624413145,90.06129368805425,-0.024070174073131
17.0,14.866666666666667,1543.4534420653097,-0.3130401189068834,1008.8745958509234,2.126076742364918,3.2937440180979727,4.2638997650743935,0.2584181675802662,90.05786130688244,-0.0240994000178034
17.0,14.933333333333334,1543.451834464143,-0.3146477200734807,1008.8917125056616,2.127742946708464,3.291971438523164,4.267241379310345,0.2586206896551724,90.05442354580286,-0.0241286438722454
17.0,15.0,1543.4502249127934,-0.3162572714231828,1008.9088564101947,2.129411764705883,3.290196078431373,4.270588235294119,0.2588235294117647,90.05098039215686,-0.0241579053999885
17.0,15.066666666666666,1543.4486134100898,-0.3178687741267367,1008.9260276295728,2.1310832025117743,3.2884179312750748,4.273940345368917,0.2590266875981162,90.04753183324613,-0.024187184366383
17.0,15.133333333333333,1543.4469999548778,-0.319482229338746,1008.9432262290494,2.1327572663000782,3.286636990486165,4.277297721916732,0.2592301649646504,90.04407785633236,-0.0242164805222273
17.0,15.2,1543.44538454602,-0.3210976381965338,1008.9604522740896,2.134433962264151,3.284853249475891,4.28066037735849,0.2594339622641509,90.04061844863732,-0.024245793616501
17.0,15.266666666666666,1543.4437671823955,-0.3227150018210523,1008.9777058303656,2.1361132966168377,3.2830667016347586,4.28402832415421,0.2596380802517703,90.03715359734242,-0.0242751234036404
17.0,15.333333333333334,1543.4421478628994,-0.3243343213171101,1008.9949869637588,2.1377952755905514,3.2812773403324584,4.28740157480315,0.2598425196850394,90.03368328958881,-0.0243044696344441
17.0,15.4,1543.4405265864443,-0.3259555977722357,1009.0122957403617,2.1394799054373523,3.2794851589177827,4.290780141843972,0.2600472813238771,90.03020751247702,-0.0243338320451584
17.0,15.466666666666669,1543.43890335196,-0.3275788322564494,1009.0296322264784,2.1411671924290223,3.277690150718542,4.294164037854889,0.2602523659305993,90.02672625306694,-0.0243632103738491
17.0,15.533333333333331,1543.4372781583943,-0.3292040258220368,1009.0469964886234,2.1428571428571432,3.2758923090414807,4.297553275453828,0.260457774269929,90.02323949837762,-0.0243926043604005
17.0,15.6,1543.435651004712,-0.3308311795046847,1009.0643885935272,2.144549763033176,3.274091627172196,4.300947867298579,0.2606635071090047,90.01974723538704,-0.0244220137483353
17.0,15.666666666666666,1543.434021889895,-0.3324602943218906,1009.0818086081306,2.1462450592885376,3.272288098375056,4.304347826086957,0.2608695652173913,90.01624945103207,-0.0244514382629859
17.0,15.733333333333333,1543.4323908129436,-0.3340913712729616,1009.0992565995912,2.147943037974684,3.270481715893108,4.307753164556962,0.2610759493670886,90.01274613220815,-0.0244808776315039
17.0,15.8,1543.430757772877,-0.3357244113392426,1009.1167326352816,2.1496437054631827,3.2686724729480074,4.311163895486936,0.2612826603325415,90.00923726576933,-0.02451033158286
17.0,15.866666666666667,1543.4291227687324,-0.3373594154841157,1009.1342367827908,2.1513470681458005,3.26686036273992,4.314580031695722,0.2614896988906497,90.00572283852792,-0.0245397998369298
17.0,15.933333333333334,1543.4274857995658,-0.3389963846507271,1009.1517691099244,2.153053132434576,3.26504537844744,4.318001586042823,0.2616970658207772,90.00220283725439,-0.024569282109951
17.0,16.0,1543.4258468644512,-0.340635319765397,1009.1693296847076,2.154761904761905,3.263227513227513,4.321428571428572,0.261904761904762,89.99867724867725,-0.024598778129075
17.0,16.066666666666666,1543.424205962482,-0.3422762217346644,1009.1869185753832,2.15647339158062,3.2614067602153387,4.324861000794281,0.2621127879269261,89.99514605948282,-0.0246282876014447
17.0,16.133333333333333,1543.422563092771,-0.3439190914455139,1009.2045358504142,2.1581875993640702,3.2595831125242887,4.328298887122417,0.2623211446740858,89.99160925631514,-0.0246578102360217
17.0,16.2,1543.4209182544505,-0.3455639297660582,1009.2221815784848,2.159904534606205,3.2577565632458234,4.3317422434367545,0.2625298329355608,89.98806682577566,-0.0246873457344918
17.0,16.266666666666666,1543.419271446673,-0.3472107375434916,1009.2398558285008,2.161624203821656,3.2559271054493983,4.335191082802548,0.2627388535031847,89.98451875442322,-0.0247168938149116
17.0,16.333333333333332,1543.4176226686086,-0.3488595156079555,1009.2575586695898,2.163346613545817,3.2540947321823817,4.338645418326694,0.2629482071713148,89.9809650287738,-0.0247464541735098
17.0,16.4,1543.41597191945,-0.3505102647666263,1009.2752901711042,2.1650717703349285,3.252259436469964,4.342105263157895,0.2631578947368421,89.97740563530036,-0.0247760264974203
17.0,16.466666666666665,1543.414319198409,-0.3521629858075812,1009.2930504026184,2.1667996807661614,3.250421211315066,4.345570630486832,0.2633679169992019,89.97384056043273,-0.024805610481053
17.0,16.53333333333333,1543.412664504719,-0.3538176794975243,1009.3108394339354,2.1685303514376995,3.2485800496982606,4.349041533546326,0.2635782747603833,89.97026979055732,-0.0248352058279124
17.0,16.6,1543.411007837632,-0.3554743465845149,1009.3286573350812,2.170263788968825,3.246735944577671,4.352517985611511,0.2637889688249401,89.96669331201706,-0.0248648122123995
17.0,16.666666666666668,1543.409349196424,-0.3571329877925109,1009.3465041763114,2.1720000000000006,3.2448888888888896,4.356000000000001,0.264,89.96311111111112,-0.0248944293234671
17.0,16.733333333333334,1543.4076885803888,-0.3587936038277348,1009.3643800281076,2.1737389911929546,3.24303887554488,4.3594875900720576,0.2642113690952762,89.95952317409483,-0.0249240568446111
17.0,16.8,1543.406025988845,-0.3604561953716256,1009.3822849611817,2.175480769230769,3.241185897435897,4.362980769230769,0.2644230769230769,89.95592948717947,-0.0249536944447754
17.0,16.866666666666667,1543.4043614211296,-0.3621207630869776,1009.400219046474,2.177225340817963,3.239329947429386,4.366479550922214,0.264635124298316,89.95233003653212,-0.0249833417965419
17.0,16.933333333333334,1543.4026948766052,-0.3637873076113465,1009.4181823551578,2.1789727126805785,3.237471018369896,4.369983948635635,0.2648475120385233,89.94872480827537,-0.0250129985706735
17.0,17.0,1543.4010263546536,-0.3654558295629613,1009.4361749586362,2.180722891566265,3.235609103078983,4.373493975903616,0.2650602409638554,89.94511378848729,-0.0250426644415711
17.0,17.066666666666666,1543.3993558546797,-0.367126329536859,1009.4541969285456,2.182475884244373,3.2337441943551264,4.377009646302251,0.2652733118971061,89.94149696320113,-0.0250723390636267
17.0,17.133333333333333,1543.3976833761117,-0.3687988081048843,1009.4722483367564,2.184231697506034,3.2318762849736307,4.380530973451328,0.2654867256637168,89.93787431840529,-0.0251020220948703
17.0,17.2,1543.3960089184004,-0.3704732658161447,1009.4903292553738,2.185990338164251,3.230005367686527,4.384057971014493,0.2657004830917874,89.93424584004295,-0.0251317131896939
17.0,17.266666666666666,1543.3943324810198,-0.3721497031967828,1009.5084397567366,2.187751813053989,3.2281314352224912,4.387590652699437,0.2659145850120871,89.930611514012,-0.0251614120006706
17.0,17.333333333333332,1543.392654063467,-0.373828120749522,1009.526579913423,2.189516129032258,3.226254480286738,4.391129032258064,0.2661290322580645,89.92697132616486,-0.0251911181785544
17.0,17.4,1543.390973665263,-0.3755085189538931,1009.544749798246,2.191283292978208,3.2243744955609355,4.394673123486682,0.2663438256658595,89.92332526230831,-0.0252208313650044
17.0,17.466666666666665,1543.3892912859517,-0.377190898264871,1009.5629494842598,2.1930533117932147,3.222491473703105,4.398222940226171,0.2665589660743134,89.9196733082032,-0.0252505511962226
17.0,17.53333333333333,1543.3876069251032,-0.3788752591133288,1009.5811790447548,2.19482619240097,3.220605407347526,4.401778496362168,0.2667744543249798,89.91601544956436,-0.0252802773102303
17.0,17.6,1543.3859205823103,-0.3805616019062654,1009.5994385532642,2.196601941747573,3.218716289104639,4.405339805825244,0.2669902912621359,89.91235167206041,-0.0253100093432294
17.0,17.666666666666668,1543.384232257191,-0.3822499270256685,1009.617728083562,2.19838056680162,3.2168241115609537,4.4089068825910935,0.2672064777327935,89.90868196131353,-0.0253397469095943
17.0,17.733333333333334,1543.382541949389,-0.3839402348276053,1009.6360477096642,2.200162074554295,3.214928867278948,4.4124797406807135,0.2674230145867099,89.90500630289932,-0.0253694896509841
17.0,17.8,1543.3808496585707,-0.3856325256458603,1009.654397505831,2.201946472019465,3.213030548796972,4.416058394160585,0.2676399026763991,89.90132468234658,-0.025399237179954
17.0,17.866666666666667,1543.3791553844317,-0.387326799784887,1009.6727775465652,2.2037337662337664,3.211129148629149,4.419642857142858,0.2678571428571429,89.89763708513709,-0.0254289891072403
17.0,17.933333333333334,1543.37745912669,-0.3890230575266287,1009.6911879066172,2.205523964256702,3.2092246592652764,4.4232331437855406,0.2680747359870024,89.89394349670549,-0.0254587450526742
17.0,18.0,1543.3757608850915,-0.3907212991250617,1009.7096286609816,2.207317073170732,3.207317073170732,4.426829268292683,0.2682926829268293,89.89024390243901,-0.025488504608802
17.0,18.066666666666663,1543.3740606594083,-0.3924215248080145,1009.7280998849034,2.209113100081367,3.205406382786366,4.4304312449145655,0.2685109845402766,89.88653828767742,-0.0255182674045499
17.0,18.133333333333333,1543.3723584494371,-0.3941237347792139,1009.7466016538727,2.210912052117264,3.203492580528412,4.434039087947883,0.2687296416938111,89.88282663771264,-0.0255480330251884
17.0,18.2,1543.370654255005,-0.3958279292112365,1009.7651340436316,2.212713936430318,3.2015756587883724,4.4376528117359415,0.2689486552567237,89.87910893778864,-0.0255778010578069
17.0,18.266666666666666,1543.368948075963,-0.3975341082534669,1009.7836971301706,2.2145187601957588,3.1996556099329347,4.4412724306688425,0.269168026101142,89.87538517310132,-0.0256075711095036
17.0,18.33333333333333,1543.3672399121906,-0.3992422720259583,1009.8022909897336,2.216326530612245,3.1977324263038547,4.444897959183673,0.2693877551020408,89.87165532879818,-0.025637342754635
17.0,18.4,1543.3655297635958,-0.400952420620797,1009.8209156988158,2.218137254901961,3.1958061002178653,4.4485294117647065,0.2696078431372549,89.86791938997821,-0.0256671155857475
17.0,18.466666666666665,1543.3638176301126,-0.4026645541039215,1009.8395713341664,2.2199509403107114,3.193876623966567,4.452166802943581,0.2698282910874898,89.86417734169166,-0.0256968891699216
17.0,18.53333333333333,1543.3621035117064,-0.4043786725101199,1009.8582579727891,2.2217675941080195,3.1919439898163304,4.455810147299509,0.2700490998363338,89.86042916893982,-0.0257266630851518
17.0,18.6,1543.3603874083678,-0.4060947758487145,1009.8769756919452,2.223587223587224,3.190008190008191,4.4594594594594605,0.2702702702702703,89.85667485667487,-0.0257564369021565
17.0,18.666666666666668,1543.3586693201194,-0.4078128640971954,1009.8957245691488,2.225409836065574,3.188069216757741,4.463114754098361,0.2704918032786885,89.85291438979964,-0.0257862101843784
17.0,18.73333333333333,1543.35694924701,-0.4095329372064498,1009.9145046821756,2.2272354388843314,3.186127062255036,4.4667760459392944,0.2707136997538966,89.84914775316744,-0.0258159824898029
17.0,18.8,1543.3552271891206,-0.4112549950959874,1009.9333161090582,2.2290640394088674,3.1841817186644774,4.470443349753695,0.270935960591133,89.84537493158183,-0.0258457533727778
17.0,18.866666666666667,1543.3535031465603,-0.4129790376562141,1009.9521589280904,2.23089564502876,3.182233178124714,4.474116680361545,0.2711585866885785,89.84159590979641,-0.0258755223894695
17.0,18.933333333333334,1543.3517771194686,-0.4147050647479773,1009.9710332178254,2.2327302631578947,3.180281432748538,4.477796052631579,0.2713815789473684,89.8378106725146,-0.0259052890851307
17.0,19.0,1543.3500491080156,-0.416433076200974,1009.9899390570808,2.234567901234568,3.178326474622771,4.481481481481482,0.2716049382716049,89.83401920438956,-0.0259350529959192
17.0,19.066666666666663,1543.3483191124026,-0.4181630718139786,1010.008876524936,2.2364085667215816,3.176368295808164,4.4851729818780885,0.271828665568369,89.83022149002379,-0.0259648136579926
17.0,19.133333333333333,1543.3465871328613,-0.4198950513552972,1010.0278457007346,2.2382522671063483,3.174406888339288,4.488870568837593,0.2720527617477329,89.82641751396905,-0.0259945706111466
17.0,19.2,1543.3448531696545,-0.421629014562086,1010.0468466640864,2.2400990099009905,3.172442244224424,4.492574257425743,0.2722772277227723,89.82260726072607,-0.026024323369711
17.0,19.266666666666666,1543.3431172230785,-0.423364961138077,1010.0658794948678,2.241948802642445,3.170474355445454,4.496284062758052,0.2725020644095789,89.81879071474448,-0.0260540714643866
17.0,19.33333333333333,1543.341379293459,-0.4251028907574437,1010.0849442732232,2.2438016528925617,3.168503213957759,4.5,0.2727272727272727,89.8149678604224,-0.0260838144167792
17.0,19.4,1543.3396393811563,-0.4268428030602536,1010.1040410795634,2.2456575682382134,3.1665288116901023,4.503722084367246,0.2729528535980149,89.81113868210643,-0.0261135517266666
17.0,19.466666666666665,1543.3378974865625,-0.4285846976542871,1010.1231699945732,2.247516556291391,3.164551140544518,4.507450331125828,0.2731788079470199,89.80730316409125,-0.0261432829065597
17.0,19.53333333333333,1543.3361536101022,-0.4303285741143554,1010.1423310992052,2.249378624689313,3.162570192396208,4.511184755592378,0.2734051367025684,89.80346129061954,-0.0261730074635124
17.0,19.6,1543.3344077522338,-0.4320744319827554,1010.1615244746856,2.2512437810945274,3.1605859590934213,4.514925373134328,0.2736318407960199,89.7996130458817,-0.0262027248845697
17.0,19.666666666666668,1543.3326599134507,-0.4338222707658588,1010.1807502025137,2.2531120331950207,3.158598432457353,4.518672199170124,0.2738589211618257,89.79575841401568,-0.0262324346622335
17.0,19.73333333333333,1543.3309100942788,-0.4355720899377502,1010.2000083644632,2.25498338870432,3.156607604282023,4.522425249169436,0.2740863787375416,89.79189737910667,-0.0262621362926438
17.0,19.8,1543.3291582952784,-0.4373238889381809,1010.219299042584,2.2568578553615963,3.1546134663341645,4.526184538653367,0.2743142144638404,89.78802992518703,-0.0262918292519316
17.0,19.866666666666667,1543.3274045170454,-0.4390776671712046,1010.2386223192016,2.2587354409317806,3.152616010353116,4.529950083194676,0.2745424292845258,89.78415603623591,-0.026321513007133
17.0,19.933333333333334,1543.3256487602107,-0.4408334240058593,1010.2579782769212,2.260616153205662,3.1506152280506985,4.533721898417985,0.2747710241465446,89.7802756961791,-0.0263511870343791
17.0,20.0,1543.3238910254406,-0.4425911587759401,1010.2773669986262,2.2625,3.1486111111111112,4.5375,0.275,89.77638888888887,-0.0263808560630423
17.5,0.0,1543.7664821842166,0.0,1005.6348872124258,1.81,3.63,3.63,0.22,90.71,-0.005390796895881
17.5,0.0666666666666666,1543.766122633944,-0.0003595502726057,1005.6470693746688,1.8112074716477653,3.6288156068009294,3.632421614409607,0.2201467645096731,90.70740854263202,-0.0053957112813805
17.5,0.1333333333333333,1543.765762756046,-0.0007194281706688,1005.6592680117242,1.8124165554072096,3.6276296323025297,3.634846461949266,0.2202937249666221,90.70481362537436,-0.0054006233222025
17.5,0.2,1543.765402550834,-0.00107963338246,1005.6714831569916,1.8136272545090184,3.626442073335861,3.637274549098197,0.220440881763527,90.7022152412934,-0.0054055306318332
17.5,0.2666666666666666,1543.765042018628,-0.0014401655885194,1005.6837148439575,1.8148395721925128,3.625252926723515,3.639705882352941,0.2205882352941176,90.69961338343693,-0.005410433115685
17.5,0.3333333333333333,1543.764681159752,-0.001801024464612,1005.6959631062024,1.8160535117056853,3.624062189279581,3.642140468227425,0.2207357859531772,90.69700804483412,-0.0054153306773514
17.5,0.4,1543.764319974537,-0.002162209679227,1005.708227977395,1.817269076305221,3.622869857809617,3.644578313253012,0.2208835341365461,90.6943992184956,-0.005420223229521
17.5,0.4666666666666667,1543.7639584633216,-0.002523720894942,1005.7205094912968,1.8184862692565305,3.621675929110624,3.647019423978567,0.2210314802411252,90.69178689741317,-0.0054251106648735
17.5,0.5333333333333333,1543.7635966264486,-0.0028855577679678,1005.7328076817602,1.8197050938337804,3.620480399971017,3.64946380697051,0.2211796246648794,90.68917107455982,-0.0054299928924592
17.5,0.6,1543.763234464269,-0.0032477199472396,1005.7451225827294,1.82092555331992,3.619283267170591,3.6519114688128775,0.221327967806841,90.68655174288978,-0.0054348698176909
17.5,0.6666666666666666,1543.7628719771396,-0.0036102070769175,1005.7574542282408,1.822147651006712,3.6180845274805007,3.654362416107383,0.2214765100671141,90.68392889533828,-0.005439741338705
17.5,0.7333333333333333,1543.7625091654245,-0.0039730187922941,1005.7698026524226,1.8233713901947617,3.616884177663224,3.656816655473472,0.2216252518468771,90.68130252482166,-0.0054446073536382
17.5,0.8,1543.762146029493,-0.0043361547238873,1005.7821678894974,1.8245967741935485,3.6156822144725376,3.659274193548388,0.2217741935483871,90.67867262423714,-0.0054494677624461
17.5,0.8666666666666667,1543.7617825697223,-0.0046996144942568,1005.794549973779,1.8258238063214525,3.614478634653483,3.6617350369872224,0.2219233355749831,90.67603918646284,-0.0054543224723602
17.5,0.9333333333333332,1543.7614187864965,-0.0050633977202778,1005.8069489396752,1.827052489905788,3.6132734349423448,3.664199192462988,0.2220726783310901,90.6734022043578,-0.0054591713724221
17.5,1.0,1543.761054680206,-0.0054275040106404,1005.8193648216886,1.8282828282828285,3.612066612066613,3.6666666666666674,0.2222222222222222,90.67076167076168,-0.0054640143662254
17.5,1.0666666666666669,1543.7606902512475,-0.0057919329690321,1005.8317976544142,1.829514824797844,3.610858162744955,3.669137466307277,0.2223719676549865,90.66811757849494,-0.0054688513519067
17.5,1.1333333333333333,1543.7603255000256,-0.0061566841909552,1005.8442474725416,1.8307484828051248,3.609648083687194,3.671611598111936,0.222521915037087,90.66546992035866,-0.0054736822166887
17.5,1.2,1543.759960426952,-0.0065217572646361,1005.8567143108564,1.831983805668016,3.608436371594266,3.674089068825911,0.2226720647773279,90.66281868913448,-0.0054785068623459
17.5,1.2666666666666666,1543.759595032444,-0.0068871517726165,1005.8691982042374,1.833220796758947,3.6072230231582014,3.6765698852126953,0.2228224172856178,90.66016387758454,-0.0054833251870149
17.5,1.3333333333333333,1543.759229316927,-0.0072528672894804,1005.8816991876598,1.83445945945946,3.606008035062089,3.6790540540540544,0.222972972972973,90.6575054784514,-0.0054881370724615
17.5,1.4,1543.7588632808345,-0.007618903382081,1005.8942172961938,1.835699797160244,3.6047914039800446,3.6815415821501016,0.2231237322515213,90.65484348445808,-0.0054929424168221
17.5,1.4666666666666666,1543.7584969246047,-0.0079852596118144,1005.9067525650064,1.836941813261164,3.6035731265771855,3.6840324763193513,0.2232746955345061,90.6521778883078,-0.0054977411164145
17.5,1.5333333333333332,1543.7581302486856,-0.0083519355309817,1005.9193050293596,1.838185511171293,3.6023531995095976,3.686526743398781,0.2234258632362897,90.64950868268404,-0.0055025330511853
17.5,1.6,1543.7577632535313,-0.0087189306852906,1005.9318747246132,1.8394308943089432,3.6011316194243026,3.689024390243903,0.2235772357723577,90.6468358602505,-0.005507318124728
17.5,1.6666666666666667,1543.7573959396022,-0.0090862446143091,1005.944461686224,1.840677966101695,3.5999083829592307,3.6915254237288138,0.223728813559322,90.64415941365095,-0.0055120962151704
17.5,1.7333333333333334,1543.7570283073692,-0.0094538768473739,1005.957065949744,1.841926729986432,3.598683486743188,3.694029850746269,0.2238805970149253,90.6414793355092,-0.0055168672115541
17.5,1.8,1543.7566603573073,-0.009821826909274,1005.9696875508264,1.843177189409369,3.597456927395828,3.69653767820774,0.2240325865580448,90.638795618429,-0.0055216310120158
17.5,1.8666666666666667,1543.756292089901,-0.010190094315476,1005.9823265252186,1.8444293478260871,3.596228701527615,3.69904891304348,0.2241847826086956,90.63610825499411,-0.0055263874855882
17.5,1.933333333333333,1543.7559235056426,-0.0105586785739433,1005.994982908768,1.8456832087015635,3.594998805739799,3.7015635622025833,0.2243371855880353,90.633417237768,-0.0055311365285888
17.5,2.0,1543.7555546050305,-0.0109275791860454,1006.0076567374218,1.846938775510204,3.59376723662438,3.704081632653061,0.2244897959183673,90.630722559294,-0.0055358780264214
17.5,2.0666666666666664,1543.7551853885725,-0.0112967956442844,1006.0203480472238,1.8481960517358749,3.59253399076408,3.706603131381893,0.224642614023145,90.628024212095,-0.0055406118535756
17.5,2.1333333333333333,1543.7548158567834,-0.011666327433204,1006.0330568743188,1.8494550408719344,3.5912990647323064,3.709128065395095,0.2247956403269754,90.62532218867368,-0.0055453379027312
17.5,2.2,1543.7544460101851,-0.0120361740312091,1006.0457832549504,1.850715746421268,3.590062455093129,3.7116564417177913,0.2249488752556237,90.62261648151218,-0.0055500560520158
17.5,2.2666666666666666,1543.75407584931,-0.0124063349067,1006.0585272254629,1.8519781718963169,3.588824158401239,3.714188267394271,0.2251023192360164,90.61990708307216,-0.0055547661795571
17.5,2.333333333333333,1543.7537053746948,-0.0127768095217106,1006.0712888222994,1.8532423208191129,3.587584171201919,3.716723549488055,0.2252559726962457,90.61719398579469,-0.0055594681616639
17.5,2.4,1543.7533345868885,-0.0131475973282704,1006.0840680820056,1.8545081967213115,3.586342490031015,3.719262295081968,0.2254098360655737,90.61447718210012,-0.0055641618819208
17.5,2.466666666666667,1543.7529634864438,-0.0135186977727244,1006.0968650412268,1.855775803144224,3.5850991114149013,3.721804511278195,0.2255639097744361,90.61175666438824,-0.0055688472239125
17.5,2.533333333333333,1543.752592073925,-0.0138901102916406,1006.1096797367106,1.857045143638851,3.583854031870448,3.724350205198359,0.225718194254446,90.6090324250379,-0.0055735240584908
17.5,2.6,1543.7522203499027,-0.0142618343138565,1006.122512205306,1.858316221765914,3.5826072479049893,3.726899383983573,0.2258726899383983,90.60630445640712,-0.0055781922546884
17.5,2.6666666666666665,1543.7518483149574,-0.0146338692591143,1006.135362483963,1.8595890410958904,3.5813587560162903,3.7294520547945207,0.226027397260274,90.60357275083302,-0.005582851697909
17.5,2.7333333333333334,1543.7514759696764,-0.0150062145401079,1006.1482306097364,1.860863605209048,3.580108552692515,3.732008224811515,0.2261823166552433,90.60083730063168,-0.0055875022553664
17.5,2.8,1543.7511033146568,-0.015378869559754,1006.1611166197816,1.8621399176954727,3.5788566344121904,3.734567901234568,0.2263374485596707,90.59809809809808,-0.0055921438051882
17.5,2.8666666666666667,1543.7507303505024,-0.0157518337141482,1006.1740205513576,1.863417982155113,3.5776029976441786,3.73713109128346,0.2264927934111187,90.59535513550613,-0.0055967762164073
17.5,2.933333333333333,1543.750357077828,-0.0161251063886993,1006.1869424418276,1.8646978021978025,3.5763476388476385,3.7396978021978025,0.2266483516483516,90.5926084051084,-0.0056013993544183
17.5,3.0,1543.749983497255,-0.0164986869615404,1006.1998823286582,1.865979381443299,3.575090554471997,3.7422680412371134,0.2268041237113402,90.58985789913623,-0.0056060130973492
17.5,3.0666666666666664,1543.7496096094148,-0.0168725748017095,1006.2128402494204,1.8672627235213208,3.573831740956913,3.7448418156808807,0.2269601100412655,90.58710360979964,-0.0056106173087755
17.5,3.1333333333333333,1543.7492354149474,-0.0172467692691498,1006.2258162417892,1.8685478320715765,3.572571194732241,3.747419132828631,0.227116311080523,90.58434552928703,-0.0056152118522732
17.5,3.2,1543.7488609145012,-0.0176212697153914,1006.2388103435458,1.869834710743802,3.571308912218004,3.75,0.2272727272727273,90.58158364976548,-0.0056197966059698
17.5,3.2666666666666666,1543.7484861087332,-0.0179960754833246,1006.251822592575,1.8711233631977944,3.5700448898243526,3.752584424534804,0.2274293590627153,90.57881796338032,-0.0056243714316224
17.5,3.333333333333333,1543.7481109983105,-0.0183711859062896,1006.264853026868,1.8724137931034484,3.568779123951538,3.755172413793104,0.2275862068965517,90.57604846225536,-0.0056289361873496
17.5,3.4,1543.747735583908,-0.0187466003085319,1006.2779016845232,1.873706004140787,3.567511610989872,3.75776397515528,0.2277432712215321,90.57327513849252,-0.0056334907385462
17.5,3.466666666666667,1543.7473598662118,-0.0191223180047472,1006.2909686037436,1.875,3.566242347319696,3.7603591160221,0.2279005524861878,90.570497984172,-0.0056380349469691
17.5,3.533333333333333,1543.7469838459149,-0.0194983383016733,1006.30405382284,1.8762957843814791,3.564971329311344,3.7629578438147897,0.2280580511402903,90.56771699135209,-0.005642568676194
17.5,3.6,1543.7466075237217,-0.0198746604949064,1006.3171573802296,1.8775933609958508,3.56369855332511,3.765560165975104,0.2282157676348548,90.56493215206908,-0.0056470917861588
17.5,3.6666666666666665,1543.746230900343,-0.0202512838732218,1006.3302793144388,1.878892733564014,3.5624240157112133,3.768166089965398,0.2283737024221453,90.56214345833725,-0.0056516041368013
17.5,3.733333333333333,1543.7458539765034,-0.0206282077131163,1006.3434196641,1.8801939058171744,3.5611477128097624,3.770775623268698,0.2285318559556786,90.5593509021487,-0.0056561055826023
17.5,3.8,1543.7454767529323,-0.0210054312842657,1006.356578467954,1.881496881496881,3.5598696409507222,3.7733887733887737,0.2286902286902287,90.5565544754734,-0.0056605959871376
17.5,3.866666666666666,1543.745099230372,-0.0213829538445224,1006.369755764852,1.8828016643550625,3.558589796453873,3.776005547850208,0.2288488210818307,90.55375417025904,-0.0056650751885172
17.5,3.933333333333333,1543.7447214095737,-0.0217607746428711,1006.3829515937524,1.88410825815406,3.5573081756287865,3.7786259541984735,0.2290076335877862,90.55094997843088,-0.0056695430521358
17.5,4.0,1543.7443432912985,-0.0221388929182921,1006.3961659937246,1.885416666666667,3.556024774774776,3.78125,0.2291666666666667,90.54814189189187,-0.0056739994415693
17.5,4.066666666666666,1543.743964876315,-0.0225173079015803,1006.409399003946,1.886726893676164,3.5547395901808683,3.783877692842252,0.2293259207783182,90.54532990252238,-0.0056784441967465
17.5,4.133333333333333,1543.7435861654053,-0.0228960188112523,1006.4226506637052,1.888038942976356,3.5534526181257755,3.786509040333797,0.2294853963838665,90.5425140021802,-0.0056828771630534
17.5,4.2,1543.7432071593598,-0.0232750248567299,1006.4359210124026,1.8893528183716075,3.5521638548778425,3.789144050104384,0.2296450939457202,90.53969418270046,-0.0056872982022468
17.5,4.266666666666667,1543.7428278589784,-0.0236543252381125,1006.4492100895473,1.8906685236768803,3.5508732966950243,3.791782729805015,0.2298050139275766,90.53687043589552,-0.0056917071578936
17.5,4.333333333333333,1543.742448265072,-0.0240339191445855,1006.4625179347604,1.89198606271777,3.549580939824842,3.7944250871080136,0.229965156794425,90.53404275355496,-0.0056961038771987
17.5,4.4,1543.7420683784617,-0.0244138057551026,1006.4758445877758,1.893305439330544,3.5482867805043536,3.797071129707114,0.2301255230125523,90.53121112744545,-0.005700488205548
17.5,4.466666666666667,1543.741688199978,-0.0247939842386131,1006.4891900884388,1.8946266573621773,3.5469908149601106,3.799720865317517,0.2302861130495464,90.52837554931064,-0.0057048599846893
17.5,4.533333333333333,1543.7413077304634,-0.0251744537531521,1006.5025544767076,1.895949720670391,3.5456930394081225,3.8023743016759775,0.2304469273743016,90.5255360108712,-0.0057092190654657
17.5,4.6,1543.7409269707694,-0.0255552134472054,1006.515937792653,1.8972746331236896,3.5443934500538274,3.8050314465408808,0.230607966457023,90.52269250382456,-0.0057135652841679
17.5,4.666666666666667,1543.740545921759,-0.0259362624576624,1006.529340076458,1.8986013986013988,3.543092043092043,3.807692307692308,0.2307692307692307,90.51984501984502,-0.0057178984825441
17.5,4.733333333333333,1543.7401645843051,-0.0263175999114082,1006.5427613684226,1.899930020993702,3.541788814706939,3.81035689293212,0.2309307207837648,90.51699355058348,-0.005722218500523
17.5,4.8,1543.739782959292,-0.026699224924414,1006.5562017089576,1.9012605042016808,3.540483761071996,3.8130252100840334,0.2310924369747899,90.5141380876675,-0.0057265251834905
17.5,4.866666666666666,1543.739401047614,-0.0270811366026464,1006.569661138589,1.9025928521373512,3.5391768783499686,3.8156972669936935,0.2312543798177996,90.5112786227012,-0.0057308183604618
17.5,4.933333333333334,1543.7390188501774,-0.0274633340391119,1006.5831396979604,1.9039270687237029,3.537868162692847,3.818373071528752,0.2314165497896213,90.50841514726508,-0.0057350978659087
17.5,5.0,1543.7386363678986,-0.0278458163179493,1006.5966374278272,1.9052631578947368,3.536557610241821,3.8210526315789473,0.231578947368421,90.50554765291606,-0.0057393635433982
17.5,5.066666666666666,1543.738253601705,-0.028228582511474,1006.6101543690633,1.9066011235955056,3.53524521712724,3.82373595505618,0.2317415730337079,90.50267613118736,-0.0057436152164882
17.5,5.133333333333333,1543.7378705525364,-0.0286116316801781,1006.6236905626562,1.9079409697821503,3.5339309794685767,3.826423049894589,0.2319044272663387,90.49980057358836,-0.0057478527160128
17.5,5.2,1543.7374872213427,-0.0289949628738668,1006.6372460497128,1.909282700421941,3.532614893374387,3.829113924050633,0.2320675105485232,90.4969209716045,-0.0057520758891769
17.5,5.266666666666667,1543.7371036090844,-0.0293785751321138,1006.650820871455,1.9106263194933149,3.531296954942276,3.831808585503168,0.2322308233638283,90.49403731669742,-0.0057562845540815
17.5,5.333333333333333,1543.7367197167357,-0.0297624674810776,1006.6644150692229,1.911971830985916,3.5299771602588503,3.8345070422535215,0.2323943661971831,90.49114960030454,-0.0057604785306466
17.5,5.4,1543.7363355452803,-0.0301466389362303,1006.6780286844744,1.9133192389006344,3.5286555053996915,3.8372093023255816,0.2325581395348837,90.4882578138392,-0.0057646576533443
17.5,5.466666666666667,1543.735951095715,-0.0305310885012204,1006.6916617587852,1.914668547249648,3.5273319864293065,3.839915373765868,0.232722143864598,90.48536194869058,-0.0057688217511895
17.5,5.533333333333333,1543.7355663690469,-0.0309158151696919,1006.7053143338508,1.9160197600564568,3.526006599401095,3.8426252646436136,0.2328863796753705,90.48246199622346,-0.0057729706477402
17.5,5.6,1543.7351813662956,-0.0313008179209646,1006.7189864514844,1.917372881355932,3.5246793403573062,3.8453389830508473,0.2330508474576271,90.47955794777828,-0.0057771041556407
17.5,5.666666666666667,1543.7347960884929,-0.0316860957238986,1006.73267815362,1.9187279151943464,3.523350205329004,3.8480565371024738,0.2332155477031802,90.476649794671,-0.0057812221093627
17.5,5.733333333333333,1543.7344105366813,-0.0320716475353037,1006.74638948231,1.9200848656294205,3.5220191903360223,3.8507779349363513,0.2333804809052334,90.47373752819298,-0.0057853243124554
17.5,5.8,1543.7340247119175,-0.0324574722990291,1006.7601204797294,1.921443736730361,3.5206862913869283,3.853503184713376,0.2335456475583864,90.47082113961096,-0.0057894105975719
17.5,5.866666666666666,1543.733638615268,-0.0328435689484649,1006.7738711881726,1.922804532577904,3.519351504478984,3.856232294617564,0.2337110481586402,90.46790062016692,-0.0057934807755373
17.5,5.933333333333334,1543.733252247814,-0.0332299364024493,1006.787641650055,1.924167257264352,3.5180148255981,3.8589652728561306,0.2338766832034018,90.46497596107804,-0.0057975346608145
17.5,6.0,1543.7328656106467,-0.0336165735698159,1006.8014319079142,1.9255319148936167,3.5166762507188043,3.861702127659575,0.2340425531914894,90.46204715353652,-0.0058015720696857
17.5,6.066666666666666,1543.7324787048717,-0.034003479345074,1006.8152420044104,1.9268985095812632,3.5153357758041923,3.86444286728176,0.2342086586231369,90.45911418870963,-0.0058055928093381
17.5,6.133333333333333,1543.7320915316054,-0.0343906526111368,1006.829071982326,1.9282670454545456,3.5139933968058967,3.8671875,0.234375,90.45617705773957,-0.0058095967015106
17.5,6.2,1543.731704091978,-0.0347780922386391,1006.8429218845652,1.9296375266524524,3.512649109664036,3.869936034115139,0.2345415778251599,90.4532357517432,-0.0058135835442953
17.5,6.266666666666667,1543.731316387133,-0.035165797083664,1006.8567917541576,1.9310099573257469,3.5113029103071773,3.872688477951636,0.2347083926031294,90.4502902618123,-0.0058175531466986
17.5,6.333333333333333,1543.7309284182252,-0.0355537659913807,1006.8706816342556,1.9323843416370108,3.509954794652304,3.875444839857652,0.2348754448398576,90.4473405790132,-0.0058215053231833
17.5,6.4,1543.730540186423,-0.0359419977935431,1006.884591568136,1.933760683760684,3.508604758604759,3.8782051282051286,0.235042735042735,90.44438669438672,-0.0058254398754797
17.5,6.466666666666667,1543.7301516929083,-0.0363304913080355,1006.8985215992014,1.935138987883108,3.507252798058215,3.880969351389879,0.2352102637205987,90.4414285989482,-0.005829356599861
17.5,6.533333333333333,1543.7297629388763,-0.0367192453402367,1006.9124717709778,1.936519258202568,3.505898908894629,3.8837375178316695,0.2353780313837375,90.4384662836874,-0.0058332553071522
17.5,6.6,1543.7293739255344,-0.0371082586821103,1006.9264421271188,1.9379014989293364,3.5045430869842007,3.886509635974305,0.2355460385438972,90.43549973956826,-0.0058371357863507
17.5,6.666666666666667,1543.7289846541046,-0.0374975301119775,1006.9404327114022,1.9392857142857145,3.5031853281853285,3.889285714285714,0.2357142857142857,90.43252895752894,-0.0058409978555573
17.5,6.733333333333333,1543.7285951258204,-0.0378870583961088,1006.9544435677342,1.940671908506076,3.501825628344571,3.8920657612580416,0.2358827734095782,90.42955392848172,-0.0058448412910365
17.5,6.8,1543.7282053419324,-0.0382768422841763,1006.968474740147,1.94206008583691,3.500463983296602,3.8948497854077258,0.2360515021459227,90.42657464331285,-0.0058486658963374
17.5,6.866666666666666,1543.727815303701,-0.0386668805156205,1006.9825262728004,1.9434502505368645,3.4991003888641683,3.8976377952755903,0.2362204724409448,90.42359109288245,-0.0058524714750092
17.5,6.933333333333334,1543.7274250124024,-0.0390571718141927,1006.9965982099832,1.9448424068767909,3.4977348408580498,3.9004297994269344,0.2363896848137535,90.42060326802448,-0.0058562577996781
17.5,7.0,1543.7270344693277,-0.0394477148888654,1007.0106905961118,1.9462365591397848,3.4963673350770126,3.903225806451613,0.2365591397849462,90.41761115954664,-0.0058600246720743
17.5,7.066666666666666,1543.726643675779,-0.0398385084372421,1007.02480347573,1.947632711621234,3.494997867307767,3.9060258249641326,0.236728837876614,90.41461475823026,-0.005863771888471
17.5,7.133333333333333,1543.726252633076,-0.0402295511405554,1007.0389368935143,1.9490308686288589,3.493626433324926,3.908829863603733,0.2368987796123474,90.41161405483012,-0.0058674992196756
17.5,7.2,1543.72586134255,-0.0406208416666231,1007.0530908942688,1.950431034482759,3.49225302889096,3.911637931034483,0.2370689655172413,90.40860904007457,-0.0058712064655992
17.5,7.266666666666667,1543.7254698055474,-0.0410123786691656,1007.0672655229282,1.9518332135154568,3.4908776497561544,3.914450035945364,0.2372393961179008,90.40559970466512,-0.0058748933988681
17.5,7.333333333333333,1543.72507802343,-0.0414041607864419,1007.0814608245582,1.9532374100719423,3.489500291658565,3.9172661870503593,0.237410071942446,90.40258603927668,-0.0058785598066606
17.5,7.399999999999999,1543.7246859975733,-0.041796186643296,1007.0956768443556,1.9546436285097195,3.4881209503239745,3.920086393088553,0.2375809935205183,90.39956803455723,-0.0058822054706979
17.5,7.466666666666667,1543.7242937293672,-0.042188454849338,1007.1099136276498,1.956051873198848,3.486739621465847,3.922910662824208,0.2377521613832853,90.39654568112782,-0.0058858301727013
17.5,7.533333333333333,1543.7239012202172,-0.0425809639993985,1007.1241712199017,1.9574621485219896,3.485356300785285,3.925739005046864,0.2379235760634462,90.39351896958242,-0.0058894336798402
17.5,7.6,1543.7235084715433,-0.0429737126733016,1007.1384496667038,1.958874458874459,3.483970983970984,3.928571428571429,0.2380952380952381,90.39048789048788,-0.0058930157756549
17.5,7.666666666666667,1543.7231154847802,-0.0433666994363193,1007.1527490137836,1.96028880866426,3.4825836666991896,3.931407942238268,0.2382671480144404,90.38745243438385,-0.0058965762345906
17.5,7.733333333333333,1543.7227222613787,-0.0437599228378076,1007.1670693070024,1.9617052023121389,3.4811943446336504,3.934248554913295,0.2384393063583815,90.38441259178252,-0.0059001148183597
17.5,7.8,1543.7223288028044,-0.0441533814121157,1007.181410592354,1.9631236442516269,3.4798030134255726,3.937093275488069,0.2386117136659435,90.38136835316878,-0.0059036313050455
17.5,7.866666666666666,1543.721935110538,-0.0445470736785864,1007.1957729159686,1.9645441389290883,3.478409668713576,3.939942112879885,0.2387843704775687,90.3783197089999,-0.0059071254654554
17.5,7.933333333333334,1543.7215411860757,-0.0449409981408734,1007.21015632411,1.9659666908037656,3.477014306123648,3.9427950760318615,0.2389572773352643,90.37526664970548,-0.0059105970576638
17.5,8.0,1543.7211470309303,-0.0453351532862598,1007.2245608631785,1.9673913043478264,3.475616921269096,3.945652173913044,0.2391304347826087,90.37220916568742,-0.005914045847021
17.5,8.066666666666666,1543.7207526466293,-0.045729537587249,1007.2389865797102,1.9688179840464104,3.474217509750505,3.948513415518492,0.2393038433647571,90.36914724731984,-0.0059174716025154
17.5,8.133333333333333,1543.7203580347166,-0.046124149499974,1007.2534335203792,1.970246734397678,3.47281606715569,3.951378809869376,0.239477503628447,90.3660808849488,-0.0059208740804024
17.5,8.2,1543.719963196752,-0.0465189874646512,1007.2679017319944,1.971677559912854,3.471412589059648,3.954248366013072,0.2396514161220043,90.3630100688924,-0.0059242530442134
17.5,8.266666666666666,1543.7195681343107,-0.0469140499058085,1007.282391261504,1.973110465116279,3.470007071024513,3.957122093023256,0.2398255813953488,90.3599347894406,-0.0059276082411088
17.5,8.333333333333334,1543.7191728489863,-0.0473093352302385,1007.2969021559938,1.9745454545454548,3.4685995085995094,3.96,0.24,90.35685503685504,-0.005930939440077
17.5,8.4,1543.7187773423857,-0.0477048418308641,1007.311434462689,1.975982532751092,3.467189897320902,3.962882096069869,0.2401746724890829,90.35377080136904,-0.0059342463810025
17.5,8.466666666666667,1543.7183816161355,-0.0481005680808266,1007.325988228953,1.97742170429716,3.4657782327119544,3.965768390386016,0.2403495994173343,90.35068207318754,-0.0059375288128649
17.5,8.533333333333333,1543.7179856718774,-0.0484965123391702,1007.340563502289,1.978862973760933,3.464364510282877,3.9686588921282806,0.2405247813411079,90.3475888424868,-0.0059407865046523
17.5,8.6,1543.7175895112684,-0.0488926729481136,1007.3551603303408,1.9803063457330408,3.462948725530782,3.971553610503282,0.2407002188183807,90.34449109941453,-0.0059440191871544
17.5,8.666666666666666,1543.7171931359858,-0.0492890482307757,1007.3697787608932,1.9817518248175183,3.4615308739396333,3.9744525547445257,0.2408759124087591,90.34138883408956,-0.0059472266038937
17.5,8.733333333333333,1543.716796547721,-0.0496856364954965,1007.3844188418716,1.983199415631848,3.460110950980199,3.977355734112491,0.2410518626734843,90.33828203660198,-0.0059504085129447
17.5,8.8,1543.716399748184,-0.0500824360326532,1007.3990806213436,1.9846491228070176,3.4586889521100046,3.980263157894737,0.2412280701754386,90.3351706970128,-0.0059535646450967
17.5,8.866666666666667,1543.7160027391017,-0.0504794451148882,1007.4137641475184,1.986100950987564,3.457264872773285,3.983174835405999,0.2414045354791514,90.332054805354,-0.0059566947365965
17.5,8.933333333333334,1543.715605522219,-0.0508766619975631,1007.4284694687492,1.9875549048316248,3.455838708400934,3.9860907759882873,0.2415812591508052,90.32893435162836,-0.0059597985291475
17.5,9.0,1543.7152080992976,-0.0512740849189867,1007.4431966335318,1.9890109890109893,3.454410454410455,3.9890109890109895,0.2417582417582418,90.32580932580932,-0.0059628757644532
17.5,9.066666666666666,1543.714810472117,-0.0516717120995053,1007.4579456905052,1.990469208211144,3.4529801062059127,3.991935483870968,0.2419354838709677,90.322679717841,-0.0059659261642082
17.5,9.133333333333333,1543.7144126424755,-0.0520695417408205,1007.4727166884544,1.991929567131328,3.451547659177887,3.994864269992664,0.2421129860601614,90.31954551763796,-0.005968949464659
17.5,9.2,1543.7140146121883,-0.0524675720280356,1007.4875096763084,1.9933920704845816,3.450113108703418,3.9977973568281935,0.2422907488986784,90.31640671508512,-0.0059719453947764
17.5,9.266666666666666,1543.71361638309,-0.0528658011266998,1007.5023247031412,1.994856722997796,3.4486764501459573,4.000734753857458,0.242468772961058,90.31326330003772,-0.0059749136780737
17.5,9.333333333333334,1543.7132179570312,-0.0532642271853092,1007.517161818174,1.996323529411765,3.447237678855326,4.003676470588236,0.2426470588235294,90.31011526232116,-0.0059778540471597
17.5,9.4,1543.7128193358838,-0.0536628483328058,1007.5320210707736,1.9977924944812364,3.445796790167651,4.006622516556291,0.2428256070640176,90.3069625917308,-0.005980766212815
17.5,9.466666666666669,1543.7124205215362,-0.0540616626803966,1007.5469025104549,1.9992636229749632,3.4443537794053256,4.009572901325479,0.2430044182621502,90.30380527803209,-0.0059836499040102
17.5,9.533333333333331,1543.7120215158966,-0.0544606683199617,1007.5618061868792,2.0007369196757554,3.442908641876955,4.012527634487841,0.2431834929992631,90.30064331096018,-0.0059865048351639
17.5,9.6,1543.7116223208914,-0.0548598633251913,1007.5767321498574,2.002212389380531,3.441461372877302,4.015486725663717,0.2433628318584071,90.29747668022004,-0.0059893307243328
17.5,9.666666666666666,1543.7112229384666,-0.055259245749994,1007.5916804493484,2.003690036900369,3.4400119676872443,4.018450184501845,0.2435424354243542,90.29430537548618,-0.0059921272859355
17.5,9.733333333333333,1543.7108233705867,-0.0556588136298614,1007.6066511354596,2.005169867060561,3.438560421573716,4.0214180206794685,0.2437223042836041,90.29112938640264,-0.0059948942234768
17.5,9.8,1543.7104236192367,-0.0560585649798213,1007.6216442584504,2.0066518847006654,3.437106729789657,4.02439024390244,0.2439024390243902,90.28794870258284,-0.0059976312550134
17.5,9.866666666666667,1543.7100236864196,-0.0564584977969389,1007.6366598687284,2.008136094674557,3.435650887573965,4.027366863905326,0.2440828402366864,90.28476331360947,-0.0060003380785929
17.5,9.933333333333334,1543.7096235741594,-0.0568586100571337,1007.651698016854,2.0096225018504814,3.434192890151439,4.030347890451518,0.2442635085122131,90.28157320903436,-0.006003014410453
17.5,10.0,1543.7092232844982,-0.0572588997183629,1007.666758753538,2.0111111111111115,3.4327327327327333,4.033333333333334,0.2444444444444445,90.27837837837838,-0.0060056599504605
17.5,10.066666666666666,1543.7088228194991,-0.0576593647172103,1007.6818421296437,2.012601927353596,3.4312704105142955,4.036323202372128,0.2446256486286138,90.27517881113135,-0.0060082743875682
17.5,10.133333333333333,1543.7084221812463,-0.0580600029700235,1007.696948196187,2.0140949554896146,3.4298059186783227,4.039317507418398,0.244807121661721,90.27197449675194,-0.0060108574234618
17.5,10.2,1543.708021371843,-0.0584608123735961,1007.712077004338,2.0155902004454345,3.428339252392705,4.042316258351893,0.2449888641425389,90.26876542466744,-0.0060134087634651
17.5,10.266666666666666,1543.7076203934114,-0.0588617908051674,1007.7272286054192,2.0170876671619618,3.426870406810972,4.045319465081724,0.2451708766716196,90.26555158427372,-0.0060159280892548
17.5,10.333333333333334,1543.7072192480975,-0.059262936119012,1007.7424030509088,2.0185873605947955,3.42539937707224,4.048327137546468,0.2453531598513011,90.26233296493518,-0.0060184150934219
17.5,10.4,1543.7068179380658,-0.0596642461507599,1007.7576003924388,2.020089285714286,3.423926158301158,4.051339285714286,0.2455357142857143,90.25910955598457,-0.006020869464919
17.5,10.466666666666669,1543.706416465502,-0.0600657187144406,1007.772820681798,2.021593447505585,3.422450745607857,4.054355919583024,0.2457185405807893,90.25588134672276,-0.0060232908926991
17.5,10.533333333333331,1543.7060148326134,-0.0604673516031653,1007.7880639709308,2.023099850968704,3.420973134087888,4.057377049180328,0.2459016393442623,90.2526483264188,-0.006025679052982
17.5,10.6,1543.7056130416283,-0.060869142588217,1007.8033303119378,2.0246085011185686,3.419493318822178,4.060402684563758,0.2460850111856823,90.24941048430982,-0.0060280336292635
17.5,10.666666666666666,1543.705211094796,-0.0612710894204155,1007.8186197570786,2.026119402985074,3.4180112948769668,4.063432835820896,0.2462686567164179,90.24616780960064,-0.0060303543050395
17.5,10.733333333333333,1543.7048089943878,-0.0616731898287525,1007.8339323587692,2.0276325616131445,3.4165270573037567,4.066467513069456,0.2464525765496639,90.242920291464,-0.0060326407492539
17.5,10.8,1543.7044067426962,-0.0620754415203919,1007.849268169585,2.02914798206278,3.415040601139255,4.069506726457399,0.2466367713004484,90.23966791904012,-0.0060348926326696
17.5,10.866666666666667,1543.704004342037,-0.0624778421795326,1007.8646272422602,2.030665669409125,3.4135519214053245,4.072550486163052,0.2468212415856395,90.23641068143684,-0.0060371096224116
17.5,10.933333333333334,1543.7036017947464,-0.0628803894701377,1007.8800096296884,2.0321856287425155,3.412061013108917,4.07559880239521,0.2470059880239521,90.23314856772942,-0.0060392914037947
17.5,11.0,1543.7031991031831,-0.0632830810334326,1007.8954153849252,2.033707865168539,3.410567871242028,4.078651685393258,0.247191011235955,90.22988156696022,-0.006041437631211
17.5,11.066666666666666,1543.7027962697289,-0.063685914487678,1007.9108445611852,2.035232383808096,3.4090724907816363,4.081709145427287,0.247376311844078,90.2266096681389,-0.0060435479608713
17.5,11.133333333333333,1543.7023932967884,-0.0640888874281699,1007.9262972118456,2.0367591897974493,3.4075748666896457,4.0847711927982,0.2475618904726181,90.2233328602421,-0.0060456220635387
17.5,11.2,1543.701990186787,-0.0644919974295135,1007.9417733904452,2.0382882882882885,3.4060749939128314,4.087837837837838,0.2477477477477477,90.22005113221329,-0.0060476595917862
17.5,11.266666666666666,1543.7015869421762,-0.0648952420403929,1007.9572731506868,2.0398196844477834,3.4045728673827846,4.090909090909091,0.2479338842975206,90.21676447296282,-0.0060496601963677
17.5,11.333333333333334,1543.7011835654275,-0.0652986187890292,1007.9727965464356,2.041353383458647,3.4030684820158505,4.093984962406015,0.2481203007518797,90.2134728713676,-0.0060516235371324
17.5,11.4,1543.700780059038,-0.0657021251786318,1007.9883436317212,2.0428893905191874,3.4015618327130746,4.0970654627539504,0.2483069977426636,90.21017631627112,-0.0060535492557391
17.5,11.466666666666669,1543.7003764255269,-0.0661057586896731,1008.0039144607376,2.0444277108433737,3.400052914360144,4.100150602409639,0.2484939759036144,90.20687479648323,-0.0060554369974852
17.5,11.533333333333331,1543.6999726674385,-0.0665095167782965,1008.019509087845,2.0459683496608894,3.398541721827329,4.103240391861342,0.2486812358703843,90.20356830078006,-0.0060572864131245
17.5,11.6,1543.6995687873384,-0.0669133968781352,1008.035127567568,2.0475113122171944,3.397028249969426,4.106334841628959,0.2488687782805429,90.20025681790386,-0.0060590971479541
17.5,11.666666666666666,1543.6991647878183,-0.0673173963980389,1008.0507699545988,2.049056603773585,3.3955124936257013,4.109433962264151,0.2490566037735849,90.19694033656296,-0.0060608688254433
17.5,11.733333333333333,1543.6987606714952,-0.0677215127213912,1008.0664363037974,2.050604229607251,3.3939944476198254,4.112537764350453,0.2492447129909365,90.19361884543154,-0.0060626010817941
17.5,11.8,1543.6983564410075,-0.068125743209066,1008.082126670191,2.052154195011338,3.3924741067598214,4.115646258503402,0.2494331065759637,90.19029233314949,-0.0060642935623036
17.5,11.866666666666667,1543.6979520990203,-0.0685300851962438,1008.0978411089744,2.053706505295008,3.3909514658380018,4.118759455370651,0.2496217851739788,90.18696078832237,-0.006065945888622
17.5,11.933333333333334,1543.6975476482223,-0.0689345359942308,1008.1135796755132,2.0552611657834974,3.3894265196309106,4.1218773656320975,0.2498107494322483,90.18362419952123,-0.0060675576896755
17.5,12.0,1543.6971430913284,-0.0693390928881854,1008.1293424253412,2.056818181818182,3.3878992628992632,4.125000000000001,0.25,90.18028255528256,-0.0060691285816574
17.5,12.066666666666666,1543.696738431078,-0.0697437531384821,1008.1451294141634,2.058377558756633,3.3863696903878857,4.128127369219105,0.2501895375284306,90.17693584410794,-0.0060706581880367
17.5,12.133333333333333,1543.6963336702363,-0.0701485139800297,1008.1609406978578,2.059939301972686,3.3848377968256576,4.131259484066768,0.2503793626707132,90.17358405446416,-0.0060721461322827
17.5,12.2,1543.6959288115938,-0.0705533726227258,1008.1767763324698,2.061503416856492,3.383303576925445,4.134396355353076,0.2505694760820046,90.17022717478298,-0.0060735920287697
17.5,12.266666666666666,1543.695523857966,-0.0709583262505475,1008.192636374221,2.06306990881459,3.381767025384047,4.137537993920972,0.2507598784194529,90.16686519346094,-0.006074995475501
17.5,12.333333333333334,1543.6951188121968,-0.0713633720197322,1008.2085208795046,2.064638783269962,3.3802281368821294,4.140684410646388,0.2509505703422053,90.16349809885932,-0.0060763560977648
17.5,12.4,1543.694713677153,-0.0717685070635525,1008.224429904888,2.0662100456621006,3.378686906084166,4.1438356164383565,0.2511415525114155,90.16012587930396,-0.0060776734990213
17.5,12.466666666666669,1543.6943084557304,-0.0721737284861774,1008.2403635071124,2.067783701447068,3.3771433276383767,4.146991622239147,0.2513328255902513,90.15674852308516,-0.006078947269998
17.5,12.533333333333331,1543.6939031508505,-0.0725790333660825,1008.2563217430942,2.069359756097561,3.375597396176664,4.150152439024391,0.2515243902439024,90.15336601845748,-0.0060801770123362
17.5,12.6,1543.693497765462,-0.0729844187544586,1008.2723046699264,2.070938215102975,3.374049106314553,4.153318077803204,0.2517162471395881,90.14997835363968,-0.0060813623331341
17.5,12.666666666666666,1543.6930923025393,-0.073389881677258,1008.2883123448772,2.072519083969466,3.3724984526511244,4.156488549618321,0.2519083969465649,90.14658551681453,-0.0060825028176623
17.5,12.733333333333333,1543.6926867650864,-0.0737954191301923,1008.304344825393,2.074102368220016,3.3709454297689594,4.159663865546219,0.2521008403361344,90.14318749612866,-0.00608359805301
17.5,12.8,1543.692281156132,-0.0742010280844169,1008.3204021690972,2.075688073394496,3.369390032234069,4.162844036697249,0.2522935779816514,90.13978427969252,-0.0060846476299047
17.5,12.866666666666667,1543.691875478736,-0.0746067054806189,1008.3364844337927,2.077276205049732,3.3678322545958355,4.1660290742157615,0.252486610558531,90.13637585558014,-0.0060856511281599
17.5,12.933333333333334,1543.6914697359816,-0.0750124482349292,1008.3525916774604,2.078866768759571,3.366272091386946,4.169218989280245,0.2526799387442572,90.13296221182895,-0.0060866081385029
17.5,13.0,1543.6910639309842,-0.0754182532323284,1008.3687239582616,2.0804597701149423,3.36470953712333,4.172413793103448,0.2528735632183908,90.12954333643988,-0.0060875182243762
17.5,13.066666666666666,1543.6906580668851,-0.0758241173314218,1008.3848813345386,2.082055214723926,3.363144586304096,4.175613496932516,0.2530674846625767,90.1261192173769,-0.0060883809601364
17.5,13.133333333333333,1543.6902521468562,-0.0762300373603466,1008.401063864814,2.0836531082118186,3.3615772334114618,4.178818112049117,0.2532617037605525,90.12268984256704,-0.0060891959201399
17.5,13.2,1543.6898461740957,-0.0766360101208647,1008.4172716077936,2.0852534562211984,3.360007472910699,4.182027649769585,0.2534562211981567,90.11925519990037,-0.0060899626751051
17.5,13.266666666666666,1543.6894401518327,-0.0770420323838152,1008.4335046223651,2.086856264411991,3.3584352992500577,4.185242121445043,0.2536510376633359,90.1158152772296,-0.0060906807793799
17.5,13.333333333333334,1543.689034083325,-0.0774481008916154,1008.4497629675996,2.088461538461538,3.356860706860706,4.188461538461538,0.2538461538461538,90.11237006237006,-0.0060913497964065
17.5,13.4,1543.68862797186,-0.077854212356442,1008.466046702753,2.0900692840646653,3.3552836901566696,4.191685912240185,0.2540415704387991,90.10891954309967,-0.0060919692805327
17.5,13.466666666666669,1543.688221820754,-0.0782603634625047,1008.4823558872648,2.0916795069337444,3.353704243534752,4.194915254237288,0.2542372881355932,90.10546370715862,-0.0060925387915631
17.5,13.533333333333331,1543.6878156333546,-0.0786665508619535,1008.4986905807614,2.0932922127987665,3.352122361374481,4.198149575944488,0.2544333076329992,90.10200254224924,-0.0060930578729312
17.5,13.6,1543.6874094130378,-0.079072771178744,1008.5150508430548,2.0949074074074074,3.350538038038038,4.201388888888889,0.2546296296296296,90.09853603603604,-0.0060935260680707
17.5,13.666666666666666,1543.6870031632122,-0.0794790210043174,1008.5314367341437,2.096525096525097,3.348951267870187,4.204633204633205,0.2548262548262548,90.09506417614526,-0.0060939429222344
17.5,13.733333333333333,1543.6865968873149,-0.0798852969016934,1008.5478483142152,2.098145285935085,3.3473620451982127,4.207882534775889,0.2550231839258114,90.091586950165,-0.0060943079733988
17.5,13.8,1543.6861905888156,-0.0802915954009222,1008.5642856436448,2.099767981438515,3.345770364331849,4.211136890951276,0.2552204176334107,90.08810434564494,-0.0060946207595407
17.5,13.866666666666667,1543.6857842712136,-0.0806979130029503,1008.5807487829968,2.101393188854489,3.344176219563217,4.214396284829721,0.2554179566563467,90.08461635009624,-0.0060948808077228
17.5,13.933333333333334,1543.6853779380413,-0.0811042461753004,1008.5972377930256,2.10302091402014,3.342579605166748,4.217660728117739,0.2556158017041054,90.08112295099129,-0.0060950876468268
17.5,14.0,1543.6849715928608,-0.081510591355709,1008.6137527346772,2.104651162790698,3.3409805153991194,4.22093023255814,0.2558139534883721,90.07762413576366,-0.0060952407984586
17.5,14.066666666666666,1543.684565239268,-0.0819169449484888,1008.6302936690876,2.1062839410395657,3.3393789444991926,4.224204809930179,0.2560124127230411,90.07411989180802,-0.006095339786043
17.5,14.133333333333333,1543.6841588808893,-0.0823233033272572,1008.6468606575852,2.1079192546583854,3.33777488668793,4.22748447204969,0.2562111801242236,90.07061020647978,-0.0060953841239097
17.5,14.2,1543.6837525213848,-0.0827296628317526,1008.663453761692,2.1095571095571097,3.336168336168336,4.230769230769231,0.2564102564102564,90.06709506709505,-0.0060953733245696
17.5,14.266666666666666,1543.683346164446,-0.0831360197705635,1008.6800730431248,2.1111975116640744,3.3345592871253835,4.234059097978227,0.2566096423017107,90.0635744609306,-0.0060953068987146
17.5,14.333333333333334,1543.6829398137982,-0.0835423704183995,1008.6967185637918,2.11284046692607,3.332947733725944,4.237354085603113,0.2568093385214008,90.06004837522347,-0.0060951843497605
17.5,14.4,1543.682533473199,-0.0839487110172285,1008.7133903858,2.114485981308411,3.331333670118717,4.240654205607477,0.2570093457943925,90.056516797171,-0.0060950051793042
17.5,14.466666666666669,1543.6821271464407,-0.0843550377758219,1008.7300885714492,2.116134060795012,3.32971709043416,4.243959469992206,0.2572096648480125,90.05297971393061,-0.0060947688853048
17.5,14.533333333333331,1543.6817208373482,-0.0847613468683903,1008.7468131832384,2.117784711388456,3.3280979887844166,4.247269890795632,0.2574102964118565,90.04943711261964,-0.006094474952988
17.5,14.6,1543.6813145497804,-0.0851676344361749,1008.763564283863,2.1194379391100706,3.326476359263245,4.250585480093677,0.2576112412177986,90.04588898031521,-0.0060941228766751
17.5,14.666666666666666,1543.6809082876312,-0.0855738965854016,1008.7803419362168,2.12109375,3.3248521959459456,4.25390625,0.2578125,90.04233530405405,-0.0060937121452298
17.5,14.733333333333333,1543.6805020548277,-0.0859801293888722,1008.7971462033934,2.1227521501172792,3.323225492889293,4.257232212666145,0.2580140734949179,90.03877607083237,-0.0060932422384212
17.5,14.8,1543.6800958553326,-0.0863863288839184,1008.8139771486856,2.1244131455399065,3.321596244131456,4.260563380281691,0.2582159624413145,90.03521126760563,-0.0060927126251044
17.5,14.866666666666667,1543.6796896931442,-0.0867924910724013,1008.8308348355868,2.126076742364918,3.3199644436919304,4.2638997650743935,0.2584181675802662,90.0316408812885,-0.0060921227832295
17.5,14.933333333333334,1543.679283572295,-0.0871986119216217,1008.8477193277928,2.127742946708464,3.318330085571465,4.267241379310345,0.2586206896551724,90.02806489875455,-0.0060914721834706
17.5,15.0,1543.6788774968531,-0.0876046873634095,1008.864630689201,2.129411764705883,3.316693163751988,4.270588235294119,0.2588235294117647,90.02448330683625,-0.0060907602874067
17.5,15.066666666666666,1543.6784714709231,-0.0880107132932153,1008.8815689839124,2.131083202511774,3.3150536721965294,4.273940345368916,0.2590266875981161,90.02089609232466,-0.006089986554798
17.5,15.133333333333333,1543.6780654986458,-0.0884166855707917,1008.8985342762315,2.1327572663000787,3.3134116048491538,4.2772977219167325,0.2592301649646504,90.01730324196939,-0.0060891504472238
17.5,15.2,1543.677659584197,-0.0888226000195118,1008.9155266306676,2.134433962264151,3.31176695563488,4.28066037735849,0.2594339622641509,90.01370474247834,-0.0060882514044351
17.5,15.266666666666666,1543.6772537317918,-0.089228452424777,1008.9325461119358,2.136113296616837,3.310119718459608,4.284028324154209,0.2596380802517702,90.01010058051757,-0.0060872888752783
17.5,15.333333333333334,1543.67684794568,-0.0896342385365187,1008.9495927849574,2.1377952755905514,3.308469887210045,4.28740157480315,0.2598425196850394,90.00649074271122,-0.0060862623176944
17.5,15.4,1543.6764422301496,-0.0900399540669241,1008.9666667148608,2.1394799054373523,3.3068174557536265,4.290780141843972,0.2600472813238771,90.00287521564118,-0.006085171153245
17.5,15.466666666666669,1543.6760365895263,-0.0904455946902089,1008.9837679669822,2.1411671924290223,3.305162417938443,4.294164037854889,0.2602523659305993,89.99925398584703,-0.0060840148307761
17.5,15.533333333333331,1543.6756310281723,-0.0908511560442093,1009.0008966068676,2.142857142857143,3.303504767593165,4.297553275453828,0.2604577742699289,89.99562703982593,-0.0060827927645732
17.5,15.6,1543.675225550491,-0.0912566337256066,1009.0180527002722,2.144549763033176,3.301844498526964,4.300947867298579,0.2606635071090047,89.99199436403228,-0.0060815043798356
17.5,15.666666666666666,1543.6748201609216,-0.0916620232949299,1009.0352363131608,2.1462450592885376,3.3001816045294303,4.304347826086957,0.2608695652173913,89.98835594487768,-0.0060801491163147
17.5,15.733333333333333,1543.6744148639425,-0.0920673202742818,1009.0524475117112,2.147943037974684,3.298516079370509,4.307753164556962,0.2610759493670886,89.98471176873075,-0.0060787263701058
17.5,15.8,1543.6740096640722,-0.0924725201443834,1009.0696863623118,2.149643705463183,3.2968479168004112,4.311163895486937,0.2612826603325416,89.98106182191692,-0.0060772355573135
17.5,15.866666666666667,1543.673604565868,-0.0928776183486661,1009.0869529315656,2.1513470681458005,3.2951771105495355,4.314580031695722,0.2614896988906497,89.97740609071829,-0.0060756760904041
17.5,15.933333333333334,1543.673199573927,-0.0932826102896342,1009.1042472862886,2.153053132434576,3.293503654328396,4.318001586042823,0.2616970658207772,89.97374456137342,-0.0060740473636542
17.5,16.0,1543.672794692886,-0.0936874913304564,1009.1215694935114,2.1547619047619047,3.2918275418275416,4.321428571428571,0.2619047619047619,89.97007722007723,-0.0060723487767972
17.5,16.066666666666666,1543.6723899274234,-0.0940922567931465,1009.1389196204808,2.15647339158062,3.2901487667174725,4.324861000794281,0.2621127879269261,89.9664040529807,-0.0060705797222908
17.5,16.133333333333333,1543.6719852822564,-0.0944969019601558,1009.1562977346596,2.15818759936407,3.2884673226485623,4.328298887122416,0.2623211446740858,89.96272504619085,-0.0060687395889544
17.5,16.2,1543.671580762145,-0.0949014220718709,1009.173703903729,2.159904534606205,3.286783203250984,4.3317422434367545,0.2625298329355608,89.9590401857705,-0.0060668277565127
17.5,16.266666666666666,1543.6711763718888,-0.0953058123277514,1009.1911381955878,2.161624203821656,3.2850964021346187,4.335191082802549,0.2627388535031847,89.955349457738,-0.0060648436119663
17.5,16.333333333333332,1543.6707721163298,-0.0957100678867846,1009.2086006783532,2.1633466135458166,3.283406912888984,4.338645418326693,0.2629482071713147,89.95165284806718,-0.0060627865168498
17.5,16.4,1543.6703680003532,-0.0961141838633921,1009.226091420364,2.1650717703349285,3.2817147290831503,4.342105263157895,0.2631578947368421,89.94795034268718,-0.006060655841793
17.5,16.466666666666665,1543.6699640288844,-0.0965181553322054,1009.243610490178,2.1667996807661614,3.2800198442656545,4.345570630486832,0.2633679169992019,89.94424192748215,-0.0060584509519685
17.5,16.53333333333333,1543.669560206893,-0.0969219773235181,1009.2611579565768,2.1685303514377,3.278322251964425,4.349041533546327,0.2635782747603834,89.94052758829118,-0.0060561712034541
17.5,16.6,1543.6691565393908,-0.0973256448257871,1009.2787338885638,2.170263788968825,3.2766219456866943,4.352517985611511,0.2637889688249401,89.93680731090802,-0.0060538159486895
17.5,16.666666666666668,1543.6687530314332,-0.0977291527833585,1009.2963383553652,2.172,3.274918918918919,4.356,0.264,89.93308108108108,-0.0060513845310197
17.5,16.733333333333334,1543.66834968812,-0.0981324960966958,1009.3139714264336,2.1737389911929546,3.273213165126696,4.359487590072058,0.2642113690952762,89.92934888451302,-0.0060488763028843
17.5,16.8,1543.6679465145928,-0.0985356696237431,1009.3316331714448,2.175480769230769,3.271504677754677,4.362980769230769,0.2644230769230769,89.92561070686071,-0.0060462905967142
17.5,16.866666666666667,1543.6675435160405,-0.098938668176288,1009.3493236603028,2.177225340817963,3.26979345022649,4.366479550922214,0.264635124298316,89.92186653373501,-0.0060436267413024
17.5,16.933333333333334,1543.667140697694,-0.0993414865226895,1009.367042963138,2.1789727126805785,3.268079475944645,4.369983948635635,0.2648475120385233,89.91811635070063,-0.0060408840708987
17.5,17.0,1543.666738064831,-0.0997441193856047,1009.3847911503092,2.180722891566265,3.26636274829046,4.373493975903615,0.2650602409638554,89.9143601432758,-0.0060380618924682
17.5,17.066666666666666,1543.666335622775,-0.1001465614415337,1009.402568292404,2.182475884244373,3.264643260623968,4.377009646302251,0.2652733118971061,89.9105978969323,-0.0060351595329848
17.5,17.133333333333333,1543.6659333768932,-0.1005488073233209,1009.420374460241,2.184231697506034,3.2629210062838383,4.380530973451328,0.2654867256637168,89.90682959709508,-0.0060321763066895
17.5,17.2,1543.6655313326007,-0.1009508516158348,1009.4382097248684,2.185990338164251,3.261195978587283,4.384057971014493,0.2657004830917874,89.90305522914217,-0.0060291115059953
17.5,17.266666666666666,1543.665129495359,-0.1013526888575597,1009.4560741575672,2.1877518130539886,3.259468170829976,4.387590652699436,0.265914585012087,89.8992747784045,-0.0060259644415054
17.5,17.333333333333332,1543.6647278706753,-0.1017543135412779,1009.4739678298512,2.1895161290322585,3.2577375762859635,4.391129032258065,0.2661290322580645,89.89548823016565,-0.0060227344001759
17.5,17.4,1543.6643264641057,-0.1021557201108862,1009.4918908134678,2.1912832929782087,3.2560041882075788,4.394673123486684,0.2663438256658596,89.89169556966168,-0.0060194206707819
17.5,17.466666666666665,1543.6639252812524,-0.1025569029641246,1009.5098431803992,2.1930533117932147,3.2542679998253505,4.398222940226171,0.2665589660743134,89.88789678208094,-0.0060160225366416
17.5,17.53333333333333,1543.6635243277674,-0.1029578564491657,1009.527825002864,2.19482619240097,3.2525290043479207,4.401778496362167,0.2667744543249797,89.88409185256396,-0.0060125392719783
17.5,17.6,1543.6631236093494,-0.1033585748671157,1009.5458363533164,2.196601941747573,3.250787194961952,4.405339805825244,0.2669902912621359,89.8802807662031,-0.006008970156472
17.5,17.666666666666668,1543.6627231317466,-0.103759052469968,1009.5638773044489,2.19838056680162,3.2490425648320387,4.4089068825910935,0.2672064777327935,89.87646350804245,-0.0060053144534322
17.5,17.733333333333334,1543.6623229007555,-0.1041592834608309,1009.581947929193,2.200162074554295,3.247295107100617,4.4124797406807135,0.2674230145867099,89.87264006307767,-0.0060015714116161
17.5,17.8,1543.6619229222251,-0.1045592619914259,1009.6000483007192,2.201946472019465,3.2455448148878814,4.416058394160585,0.2676399026763991,89.86881041625568,-0.0059977402870572
17.5,17.866666666666667,1543.6615232020508,-0.1049589821657264,1009.6181784924388,2.2037337662337664,3.243791681291681,4.419642857142858,0.2678571428571429,89.86497455247455,-0.0059938203376077
17.5,17.933333333333334,1543.66112374618,-0.1053584380365464,1009.6363385780048,2.205523964256702,3.242035699387446,4.4232331437855406,0.2680747359870024,89.8611324565833,-0.0059898107956541
17.5,18.0,1543.6607245606112,-0.1057576236053137,1009.6545286313128,2.207317073170732,3.2402768622280824,4.426829268292684,0.2682926829268293,89.85728411338168,-0.0059857109008589
17.5,18.066666666666663,1543.6603256513934,-0.1061565328232063,1009.6727487265024,2.209113100081367,3.238515162843885,4.430431244914565,0.2685109845402766,89.85342950761991,-0.0059815198837895
17.5,18.133333333333333,1543.6599270246268,-0.1065551595897886,1009.690998937957,2.210912052117264,3.2367505942424515,4.434039087947883,0.2687296416938111,89.8495686239986,-0.0059772369640995
17.5,18.2,1543.659528686465,-0.1069534977518742,1009.7092793403064,2.212713936430318,3.234983149408577,4.4376528117359415,0.2689486552567237,89.84570144716844,-0.0059728613578045
17.5,18.266666666666666,1543.6591306431126,-0.1073515411039807,1009.7275900084258,2.2145187601957583,3.233212821304176,4.441272430668842,0.2691680261011419,89.84182796173008,-0.0059683922718249
17.5,18.33333333333333,1543.6587329008285,-0.1077492833881024,1009.7459310174404,2.2163265306122453,3.2314396028681744,4.444897959183674,0.2693877551020408,89.83794815223386,-0.0059638289221766
17.5,18.4,1543.6583354659228,-0.1081467182937103,1009.7643024427206,2.218137254901961,3.229663487016428,4.4485294117647065,0.2696078431372549,89.83406200317965,-0.005959170503047
17.5,18.466666666666665,1543.6579383447613,-0.1085438394552511,1009.7827043598902,2.2199509403107114,3.2278844666416213,4.452166802943581,0.2698282910874898,89.8301694990166,-0.005954416199529
17.5,18.53333333333333,1543.6575415437628,-0.1089406404537385,1009.8011368448218,2.2217675941080195,3.226102534613173,4.455810147299509,0.2700490998363338,89.82627062414295,-0.0059495652076293
17.5,18.6,1543.6571450694005,-0.1093371148160713,1009.8195999736392,2.223587223587224,3.224317683777143,4.45945945945946,0.2702702702702703,89.8223653629059,-0.0059446166906127
17.5,18.666666666666668,1543.656748928204,-0.1097332560125323,1009.8380938227208,2.225409836065574,3.2225299069561366,4.463114754098361,0.2704918032786885,89.81845369960125,-0.005939569829934
17.5,18.73333333333333,1543.6563531267564,-0.1101290574601989,1009.856618468698,2.2272354388843314,3.2207391969492045,4.4667760459392944,0.2707136997538966,89.81453561847326,-0.005934423799772
17.5,18.8,1543.6559576716973,-0.110524512519305,1009.875173988456,2.2290640394088674,3.2189455465317534,4.470443349753695,0.270935960591133,89.81061110371455,-0.0059291777433827
17.5,18.866666666666667,1543.655562569724,-0.110919614492559,1009.8937604591382,2.23089564502876,3.21714894845544,4.474116680361545,0.2711585866885785,89.80668013946568,-0.005923830822212
17.5,18.933333333333334,1543.6551678275878,-0.1113143566287817,1009.9123779581428,2.2327302631578947,3.2153493954480794,4.477796052631579,0.2713815789473684,89.80274270981506,-0.0059183821776969
17.5,19.0,1543.6547734521002,-0.1117087321163126,1009.931026563129,2.234567901234568,3.213546880213547,4.481481481481482,0.2716049382716049,89.7987987987988,-0.0059128309421794
17.5,19.066666666666663,1543.6543794501288,-0.1121027340877844,1009.9497063520124,2.236408566721582,3.211741395431676,4.485172981878089,0.271828665568369,89.79484839040029,-0.0059071762625535
17.5,19.133333333333333,1543.6539858285985,-0.1124963556180773,1009.9684174029696,2.238252267106348,3.20993293375816,4.4888705688375925,0.2720527617477328,89.79089146855016,-0.0059014172511524
17.5,19.2,1543.6535925944952,-0.1128895897213624,1009.98715979444,2.24009900990099,3.208121487824458,4.492574257425742,0.2722772277227723,89.78692801712603,-0.0058955530294042
17.5,19.266666666666666,1543.6531997548614,-0.1132824293551948,1010.005933605124,2.241948802642445,3.2063070502376867,4.496284062758052,0.2725020644095789,89.78295801995223,-0.0058895827096421
17.5,19.33333333333333,1543.6528073168006,-0.1136748674159662,1010.0247389139864,2.243801652892562,3.204489613580523,4.500000000000001,0.2727272727272727,89.77898146079964,-0.0058835053896473
17.5,19.4,1543.652415287476,-0.1140668967404963,1010.0435758002552,2.2456575682382134,3.202669170411106,4.503722084367246,0.2729528535980149,89.77499832338542,-0.0058773201672011
17.5,19.466666666666665,1543.6520236741117,-0.114458510104896,1010.0624443434268,2.247516556291391,3.2008457132629315,4.507450331125828,0.2731788079470199,89.77100859137283,-0.0058710261382657
17.5,19.53333333333333,1543.6516324839909,-0.1148497002257045,1010.081344623262,2.249378624689313,3.199019234644753,4.511184755592378,0.2734051367025684,89.76701224837099,-0.0058646223806135
17.5,19.6,1543.651241724461,-0.1152404597555687,1010.1002767197906,2.2512437810945274,3.197189727040473,4.514925373134328,0.2736318407960199,89.76300927793464,-0.0058581079574651
17.5,19.666666666666668,1543.65085140293,-0.1156307812866543,1010.119240713313,2.2531120331950207,3.1953571829090506,4.518672199170124,0.2738589211618257,89.75899966356398,-0.0058514819465926
17.5,19.73333333333333,1543.650461526868,-0.1160206573485993,1010.1382366843964,2.25498338870432,3.1935215946843867,4.522425249169436,0.2740863787375416,89.75498338870432,-0.0058447434093977
17.5,19.8,1543.6500721038087,-0.1164100804078316,1010.157264713883,2.256857855361596,3.1916829547752243,4.526184538653366,0.2743142144638404,89.75096043674597,-0.0058378913909109
17.5,19.866666666666667,1543.6496831413492,-0.116799042867342,1010.176324882886,2.2587354409317806,3.189841255565049,4.529950083194676,0.2745424292845258,89.74693079102397,-0.0058309249398007
17.5,19.933333333333334,1543.64929464715,-0.1171875370664565,1010.1954172727908,2.260616153205662,3.1879964894119763,4.533721898417985,0.2747710241465446,89.74289443481784,-0.0058238430865458
17.5,20.0,1543.6489066289378,-0.1175755552787904,1010.2145419652616,2.2625,3.1861486486486483,4.5375,0.275,89.73885135135134,-0.0058167032839264
17.65,0.0,1543.7664821842166,0.0,1005.6348872124258,1.81,3.63,3.63,0.22,90.71,-0.0016621551840216
17.65,0.0666666666666666,1543.7663713810311,-0.0001108031854073,1005.6470212576564,1.8112074716477653,3.628844609543092,3.632421614409607,0.2201467645096731,90.70737953988989,-0.001661940379563
17.65,0.1333333333333333,1543.766260592166,-0.0002215920505932,1005.6591717116584,1.8124165554072096,3.627687676508804,3.634846461949266,0.2202937249666221,90.7047555811681,-0.0016617177807347
17.65,0.2,1543.76614981866,-0.0003323655564599,1005.6713386076914,1.8136272545090184,3.6265291978058,3.637274549098197,0.220440881763527,90.70212811682346,-0.0016614795240457
17.65,0.2666666666666666,1543.7660390615629,-0.0004431226539054,1005.6835219791068,1.8148395721925128,3.625369170334475,3.639705882352941,0.2205882352941176,90.69949713982597,-0.0016612254858046
17.65,0.3333333333333333,1543.7659283219286,-0.0005538622879157,1005.6957218593424,1.8160535117056853,3.624207590986937,3.642140468227425,0.2207357859531772,90.69686264312678,-0.0016609555368631
17.65,0.4,1543.765817600824,-0.0006645833925631,1005.70793828193,1.817269076305221,3.623044456646964,3.644578313253012,0.2208835341365461,90.69422461965824,-0.0016606695498921
17.65,0.4666666666666667,1543.765706899322,-0.0007752848944164,1005.7201712804912,1.8184862692565305,3.621879764189991,3.647019423978567,0.2210314802411252,90.69158306233378,-0.0016603673921053
17.65,0.5333333333333333,1543.765596218505,-0.0008859657116317,1005.732420888738,1.8197050938337804,3.620713510483077,3.64946380697051,0.2211796246648794,90.68893796404777,-0.0016600489416305
17.65,0.6,1543.7654855594633,-0.0009966247532702,1005.7446871404744,1.82092555331992,3.619545692384873,3.6519114688128775,0.221327967806841,90.6862893176755,-0.0016597140620433
17.65,0.6666666666666666,1543.7653749232966,-0.00110726091998,1005.756970069596,1.822147651006712,3.618376306745596,3.654362416107383,0.2214765100671141,90.6836371160732,-0.0016593626241956
17.65,0.7333333333333333,1543.7652643111137,-0.0012178731030871,1005.769269710089,1.8233713901947617,3.6172053504070063,3.656816655473472,0.2216252518468771,90.68098135207788,-0.0016589944880252
17.65,0.8,1543.7651537240315,-0.0013284601848226,1005.7815860960357,1.8245967741935485,3.616032820202369,3.659274193548387,0.2217741935483871,90.67832201850732,-0.0016586095243837
17.65,0.8666666666666667,1543.7650431631766,-0.0014390210399142,1005.793919261607,1.8258238063214527,3.614858712956436,3.661735036987223,0.2219233355749832,90.6756591081599,-0.0016582076077611
17.65,0.9333333333333332,1543.7649326296842,-0.0015495545324029,1005.806269241069,1.827052489905788,3.613683025485406,3.664199192462988,0.2220726783310901,90.67299261381471,-0.0016577885871811
17.65,1.0,1543.7648221246984,-0.0016600595181444,1005.8186360687804,1.8282828282828285,3.612505754596908,3.6666666666666674,0.2222222222222222,90.67032252823137,-0.0016573523316765
17.65,1.0666666666666669,1543.764711649373,-0.0017705348432173,1005.8310197791936,1.829514824797844,3.611326897089961,3.669137466307278,0.2223719676549865,90.66764884414994,-0.001656898708461
17.65,1.1333333333333333,1543.7646012048706,-0.0018809793459695,1005.8434204068546,1.8307484828051248,3.610146449754953,3.671611598111936,0.222521915037087,90.6649715542909,-0.0016564275756536
17.65,1.2,1543.7644907923632,-0.0019913918533802,1005.8558379864048,1.831983805668016,3.608964409373609,3.674089068825911,0.2226720647773279,90.66229065135514,-0.001655938791373
17.65,1.2666666666666666,1543.7643804130316,-0.0021017711849253,1005.8682725525792,1.833220796758947,3.6077807727189617,3.676569885212694,0.2228224172856178,90.65960612802375,-0.001655432219195
17.65,1.3333333333333333,1543.7642700680672,-0.0022121161493942,1005.8807241402068,1.83445945945946,3.606595536555322,3.679054054054054,0.2229729729729729,90.65691797695818,-0.0016549077172385
17.65,1.4,1543.7641597586694,-0.0023224255471632,1005.893192784214,1.835699797160244,3.605408697638249,3.6815415821501016,0.2231237322515213,90.65422619079987,-0.0016543651436222
17.65,1.4666666666666666,1543.7640494860482,-0.0024326981683771,1005.905678519621,1.836941813261164,3.604220252714523,3.6840324763193513,0.2232746955345061,90.65153076217044,-0.0016538043455511
17.65,1.5333333333333332,1543.7639392514234,-0.002542932793176,1005.9181813815449,1.8381855111712933,3.603030198522112,3.686526743398782,0.2234258632362898,90.64883168367152,-0.001653225190239
17.65,1.6,1543.7638290560228,-0.0026531281937423,1005.9307014051976,1.8394308943089432,3.601838531790144,3.689024390243903,0.2235772357723577,90.64612894788466,-0.0016526275285286
17.65,1.6666666666666667,1543.763718901086,-0.0027632831304345,1005.9432386258896,1.840677966101695,3.600645249238878,3.6915254237288138,0.223728813559322,90.64342254737127,-0.001652011209444
17.65,1.7333333333333334,1543.7636087878616,-0.0028733963549711,1005.9557930790262,1.841926729986432,3.599450347579674,3.694029850746269,0.2238805970149253,90.6407124746727,-0.0016513760929228
17.65,1.8,1543.763498717607,-0.0029834666095212,1005.9683648001115,1.8431771894093685,3.5982538235149577,3.696537678207739,0.2240325865580448,90.63799872230987,-0.0016507220261701
17.65,1.8666666666666667,1543.7633886915914,-0.003093492625112,1005.980953824746,1.8444293478260871,3.597055673738198,3.69904891304348,0.2241847826086956,90.63528128278354,-0.0016500488582096
17.65,1.933333333333333,1543.7632787110929,-0.0032034731239036,1005.9935601886278,1.845683208701564,3.595855894933869,3.701563562202584,0.2243371855880354,90.63256014857396,-0.0016493564380652
17.65,2.0,1543.7631687773996,-0.0033134068169147,1006.006183927555,1.846938775510204,3.594654483777425,3.704081632653062,0.2244897959183673,90.62983531214094,-0.0016486446183989
17.65,2.0666666666666664,1543.7630588918105,-0.0034232924062962,1006.0188250774228,1.8481960517358749,3.5934514369352684,3.706603131381893,0.224642614023145,90.6271067659238,-0.0016479132409585
17.65,2.1333333333333333,1543.7629490556342,-0.0035331285823758,1006.0314836742252,1.8494550408719348,3.592246751064716,3.709128065395096,0.2247956403269755,90.62437450234128,-0.0016471621584059
17.65,2.2,1543.7628392701893,-0.0036429140272957,1006.0441597540556,1.850715746421268,3.5910404228139714,3.7116564417177913,0.2249488752556237,90.62163851379134,-0.0016463912070321
17.65,2.2666666666666666,1543.7627295368063,-0.0037526474100104,1006.0568533531072,1.8519781718963164,3.589832448822094,3.71418826739427,0.2251023192360163,90.6188987926513,-0.0016456002322229
17.65,2.333333333333333,1543.7626198568248,-0.0038623273917437,1006.0695645076728,1.8532423208191129,3.588622825718965,3.716723549488055,0.2252559726962457,90.61615533127762,-0.0016447890866402
17.65,2.4,1543.7625102315951,-0.0039719526214412,1006.0822932541462,1.8545081967213115,3.5874115501252586,3.719262295081968,0.2254098360655737,90.61340812200588,-0.001643957601118
17.65,2.466666666666667,1543.762400662478,-0.0040815217384988,1006.0950396290208,1.855775803144224,3.586198618652407,3.721804511278195,0.2255639097744361,90.61065715715074,-0.0016431056228611
17.65,2.533333333333333,1543.7622911508454,-0.0041910333711712,1006.107803668891,1.857045143638851,3.584984027902576,3.724350205198359,0.225718194254446,90.60790242900576,-0.0016422329845227
17.65,2.6,1543.7621816980802,-0.0043004861363442,1006.1205854104534,1.858316221765914,3.5837677744686243,3.726899383983573,0.2258726899383983,90.60514392984348,-0.0016413395242125
17.65,2.6666666666666665,1543.7620723055754,-0.0044098786411268,1006.1333848905048,1.8595890410958904,3.582549854934077,3.7294520547945207,0.226027397260274,90.60238165191522,-0.0016404250873165
17.65,2.7333333333333334,1543.7619629747353,-0.0045192094812591,1006.1462021459456,1.860863605209048,3.5813302658730963,3.7320082248115134,0.2261823166552433,90.5996155874511,-0.0016394895010307
17.65,2.8,1543.7618537069752,-0.00462847724134,1006.1590372137774,1.8621399176954727,3.58010900385044,3.734567901234569,0.2263374485596708,90.59684572865986,-0.0016385326052841
17.65,2.8666666666666667,1543.7617445037215,-0.0047376804950545,1006.1718901311048,1.863417982155113,3.5788860654214383,3.73713109128346,0.2264927934111187,90.59407206772887,-0.0016375542290916
17.65,2.933333333333333,1543.7616353664114,-0.0048468178051734,1006.1847609351352,1.8646978021978025,3.5776614471319568,3.7396978021978025,0.2266483516483516,90.59129459682408,-0.0016365542160201
17.65,3.0,1543.7615262964928,-0.0049558877237814,1006.19764966318,1.865979381443299,3.576435145518366,3.7422680412371134,0.2268041237113402,90.58851330808989,-0.0016355323841708
17.65,3.0666666666666664,1543.7614172954268,-0.005064888789775,1006.210556352654,1.8672627235213208,3.5752071571075086,3.7448418156808807,0.2269601100412655,90.58572819364902,-0.0016344885643775
17.65,3.1333333333333333,1543.7613083646845,-0.0051738195322741,1006.2234810410756,1.8685478320715765,3.5739774784166625,3.747419132828631,0.227116311080523,90.5829392456026,-0.0016334225892933
17.65,3.2,1543.7611995057482,-0.0052826784683475,1006.2364237660688,1.8698347107438016,3.572746105953516,3.75,0.2272727272727273,90.58014645602994,-0.0016323342879331
17.65,3.2666666666666666,1543.7610907201124,-0.0053914641041501,1006.249384565362,1.8711233631977948,3.571513036216126,3.752584424534804,0.2274293590627153,90.57734981698856,-0.0016312234838551
17.65,3.333333333333333,1543.7609820092837,-0.0055001749328766,1006.262363476788,1.8724137931034484,3.570278265692892,3.755172413793104,0.2275862068965517,90.574549320514,-0.0016300900060741
17.65,3.4,1543.7608733747784,-0.0056088094381721,1006.2753605382863,1.873706004140787,3.569041790862516,3.75776397515528,0.2277432712215321,90.57174495861987,-0.0016289336745103
17.65,3.466666666666667,1543.7607648181272,-0.0057173660893568,1006.288375787902,1.875,3.567803608193978,3.7603591160221,0.2279005524861878,90.56893672329772,-0.0016277543072646
17.65,3.533333333333333,1543.7606563408708,-0.0058258433457467,1006.3014092637864,1.876295784381479,3.566563714146492,3.762957843814789,0.2280580511402902,90.56612460651696,-0.0016265517351712
17.65,3.6,1543.7605479445624,-0.0059342396541524,1006.3144610041966,1.8775933609958508,3.5653221051694794,3.765560165975104,0.2282157676348548,90.5633086002247,-0.001625325772693
17.65,3.6666666666666665,1543.7604396307677,-0.0060425534488786,1006.3275310474992,1.878892733564014,3.564078777702534,3.768166089965398,0.2283737024221453,90.5604886963459,-0.0016240762397501
17.65,3.733333333333333,1543.760331401064,-0.0061507831526341,1006.3406194321656,1.8801939058171748,3.562833728175385,3.770775623268699,0.2285318559556787,90.55766488678306,-0.0016228029508056
17.65,3.8,1543.760223257041,-0.0062589271756223,1006.353726196776,1.881496881496881,3.5615869530078648,3.7733887733887737,0.2286902286902287,90.55483716341628,-0.0016215057221415
17.65,3.866666666666666,1543.760115200301,-0.0063669839155409,1006.36685138002,1.8828016643550625,3.560338448609877,3.776005547850208,0.2288488210818308,90.55200551810304,-0.001620184377316
17.65,3.933333333333333,1543.7600072324572,-0.0064749517594009,1006.379995020694,1.88410825815406,3.559088211381358,3.7786259541984735,0.2290076335877862,90.54916994267832,-0.001618838728973
17.65,4.0,1543.7598993551371,-0.0065828290792069,1006.393157157704,1.8854166666666667,3.5578362377122428,3.78125,0.2291666666666666,90.54633042895442,-0.0016174685679288
17.65,4.066666666666666,1543.7597915699812,-0.0066906142353673,1006.406337830066,1.886726893676164,3.556582523982435,3.783877692842252,0.2293259207783182,90.54348696872084,-0.0016160737322934
17.65,4.133333333333333,1543.75968387864,-0.0067983055766944,1006.4195370769038,1.888038942976356,3.555327066561764,3.786509040333797,0.2294853963838664,90.5406395537442,-0.0016146540147019
17.65,4.2,1543.759576282779,-0.0069059014374488,1006.4327549374544,1.889352818371608,3.5540698618099595,3.789144050104385,0.2296450939457203,90.53778817576833,-0.0016132092314364
17.65,4.266666666666667,1543.7594687840758,-0.0070134001407495,1006.4459914510616,1.8906685236768803,3.5528109060766058,3.791782729805015,0.2298050139275766,90.53493282651392,-0.0016117391824082
17.65,4.333333333333333,1543.7593613842214,-0.0071207999951639,1006.4592466571831,1.8919860627177705,3.551550195701114,3.794425087108016,0.2299651567944251,90.53207349767868,-0.0016102436802611
17.65,4.4,1543.7592540849184,-0.0072280992981177,1006.4725205953866,1.893305439330544,3.550287727012687,3.797071129707114,0.2301255230125523,90.5292101809371,-0.0016087225249066
17.65,4.466666666666667,1543.7591468878848,-0.0073352963318029,1006.4858133053516,1.8946266573621773,3.549023496330277,3.799720865317516,0.2302861130495464,90.52634286794049,-0.0016071755162556
17.65,4.533333333333333,1543.7590397948495,-0.0074423893668154,1006.4991248268695,1.895949720670391,3.547757499962556,3.8023743016759775,0.2304469273743016,90.52347155031676,-0.0016056024651334
17.65,4.6,1543.758932807556,-0.0075493766605632,1006.5124551998445,1.8972746331236896,3.5464897342078783,3.80503144654088,0.230607966457023,90.52059621967054,-0.0016040031605371
17.65,4.666666666666667,1543.7588259277616,-0.0076562564549931,1006.5258044642936,1.8986013986013988,3.545220195354244,3.807692307692308,0.2307692307692307,90.51771686758283,-0.0016023774060158
17.65,4.733333333333333,1543.7587191572352,-0.0077630269813653,1006.5391726603466,1.8999300209937025,3.54394887967926,3.8103568929321208,0.2309307207837649,90.51483348561116,-0.0016007249923859
17.65,4.8,1543.758612497763,-0.0078696864538869,1006.552559828247,1.9012605042016808,3.5426757834501093,3.8130252100840334,0.2310924369747899,90.51194606528938,-0.0015990457213774
17.65,4.866666666666666,1543.758505951139,-0.0079762330774428,1006.565966008353,1.9025928521373512,3.541400902923511,3.8156972669936935,0.2312543798177996,90.50905459812763,-0.0015973393947206
17.65,4.933333333333334,1543.7583995191765,-0.0080826650400922,1006.5793912411376,1.9039270687237029,3.5401242343456825,3.818373071528752,0.2314165497896213,90.50615907561225,-0.0015956057886796
17.65,5.0,1543.7582932037008,-0.008188980515797,1006.5928355671872,1.9052631578947368,3.5388457739523065,3.8210526315789473,0.231578947368421,90.50325948920558,-0.0015938446958898
17.65,5.066666666666666,1543.7581870065503,-0.0082951776662412,1006.6062990272038,1.9066011235955056,3.537565517968491,3.82373595505618,0.2317415730337078,90.50035583034612,-0.0015920559217192
17.65,5.133333333333333,1543.758080929578,-0.0084012546385565,1006.6197816620062,1.9079409697821503,3.5362834626087314,3.826423049894589,0.2319044272663387,90.4974480904482,-0.0015902392387943
17.65,5.2,1543.7579749746517,-0.0085072095648683,1006.6332835125284,1.909282700421941,3.5349996040768765,3.829113924050633,0.2320675105485232,90.49453626090204,-0.0015883944342931
17.65,5.266666666666667,1543.7578691436536,-0.0086130405629774,1006.6468046198214,1.9106263194933149,3.5337139385660894,3.831808585503168,0.2322308233638283,90.4916203330736,-0.001586521297213
17.65,5.333333333333333,1543.7577634384788,-0.008718745737724,1006.6603450250524,1.911971830985916,3.532426462258808,3.8345070422535215,0.2323943661971831,90.48870029830456,-0.0015846196183701
17.65,5.4,1543.7576578610378,-0.0088243231787146,1006.6739047695062,1.9133192389006344,3.531137171326709,3.8372093023255816,0.2325581395348837,90.4857761479122,-0.0015826891667529
17.65,5.466666666666667,1543.7575524132567,-0.0089297709598668,1006.687483894586,1.914668547249648,3.529846061930673,3.839915373765868,0.232722143864598,90.4828478731892,-0.0015807297277206
17.65,5.533333333333333,1543.7574470970742,-0.0090350871423652,1006.7010824418128,1.9160197600564568,3.528553130220739,3.842625264643613,0.2328863796753705,90.4799154654038,-0.0015787410793564
17.65,5.6,1543.757341914446,-0.0091402697705689,1006.7147004528258,1.9173728813559323,3.527258372336075,3.845338983050848,0.2330508474576271,90.47697891579952,-0.0015767229979246
17.65,5.666666666666667,1543.757236867341,-0.0092453168756492,1006.7283379693828,1.9187279151943464,3.52596178440493,3.8480565371024738,0.2332155477031802,90.47403821559506,-0.0015746752687846
17.65,5.733333333333333,1543.7571319577437,-0.0093502264730886,1006.7419950333632,1.92008486562942,3.524663362544604,3.850777934936351,0.2333804809052334,90.4710933559844,-0.0015725976500107
17.65,5.8,1543.757027187654,-0.0094549965624537,1006.7556716867638,1.921443736730361,3.523363102861404,3.853503184713376,0.2335456475583864,90.46814432813647,-0.0015704899196862
17.65,5.866666666666666,1543.7569225590876,-0.0095596251289862,1006.7693679717026,1.922804532577904,3.522061001450608,3.856232294617564,0.2337110481586402,90.46519112319528,-0.0015683518558944
17.65,5.933333333333334,1543.7568180740732,-0.009664110143376,1006.7830839304196,1.924167257264352,3.520757054396422,3.8589652728561306,0.2338766832034018,90.4622337322797,-0.0015661832239857
17.65,6.0,1543.756713734658,-0.0097684495585781,1006.7968196052736,1.9255319148936167,3.519451257771947,3.861702127659575,0.2340425531914894,90.4592721464834,-0.0015639837765775
17.65,6.066666666666666,1543.7566095429029,-0.0098726413136773,1006.8105750387466,1.926898509581264,3.518143607639134,3.864442867281761,0.234208658623137,90.4563063568747,-0.001561753302667
17.65,6.133333333333333,1543.7565055008845,-0.0099766833322973,1006.8243502734426,1.9282670454545456,3.516834100048745,3.8671875,0.234375,90.45333635449671,-0.0015594915566907
17.65,6.2,1543.756401610695,-0.0100805735212361,1006.8381453520878,1.929637526652452,3.515522731040317,3.8699360341151374,0.2345415778251599,90.45036213036693,-0.001557198294904
17.65,6.266666666666667,1543.7562978744452,-0.0101843097713754,1006.8519603175304,1.9310099573257469,3.51420949664212,3.872688477951636,0.2347083926031294,90.44738367547735,-0.0015548732772003
17.65,6.333333333333333,1543.7561942942584,-0.0102878899581355,1006.8657952127438,1.9323843416370103,3.512894392871113,3.875444839857651,0.2348754448398576,90.44440098079436,-0.001552516272568
17.65,6.4,1543.7560908722753,-0.0103913119412482,1006.8796500808228,1.933760683760684,3.511577415732912,3.8782051282051286,0.235042735042735,90.44141403725853,-0.0015501270354434
17.65,6.466666666666667,1543.7559876106536,-0.0104945735629371,1006.8935249649898,1.935138987883108,3.5102585612217414,3.8809693513898793,0.2352102637205987,90.43842283578466,-0.001547705322082
17.65,6.533333333333333,1543.7558845115657,-0.0105976726508743,1006.9074199085888,1.936519258202568,3.508937825320397,3.8837375178316695,0.2353780313837375,90.43542736726164,-0.0015452508796442
17.65,6.6,1543.7557815772032,-0.0107006070134048,1006.9213349550896,1.9379014989293364,3.507615204000207,3.886509635974305,0.2355460385438972,90.43242762255224,-0.0015427634571096
17.65,6.666666666666667,1543.755678809771,-0.0108033744452313,1006.9352701480896,1.9392857142857145,3.5062906932209885,3.889285714285714,0.2357142857142857,90.4294235924933,-0.0015402428216475
17.65,6.733333333333333,1543.7555762114937,-0.0109059727228668,1006.9492255313096,1.940671908506076,3.504964288931006,3.8920657612580416,0.2358827734095782,90.4264152678953,-0.0015376887058664
17.65,6.8,1543.7554737846106,-0.0110083996059984,1006.9632011485984,1.94206008583691,3.503635987066932,3.894849785407725,0.2360515021459227,90.42340263954252,-0.0015351008623838
17.65,6.866666666666666,1543.7553715313788,-0.0111106528377149,1006.9771970439308,1.9434502505368645,3.5023057835538043,3.8976377952755903,0.2362204724409448,90.4203856981928,-0.0015324790292652
17.65,6.933333333333334,1543.7552694540732,-0.0112127301433702,1006.9912132614104,1.944842406876791,3.5009736743049853,3.900429799426935,0.2363896848137536,90.41736443457754,-0.001529822957309
17.65,7.0,1543.7551675549846,-0.011314629231947,1007.0052498452684,1.9462365591397848,3.4996396552221167,3.903225806451613,0.2365591397849462,90.41433883940154,-0.0015271323900378
17.65,7.066666666666666,1543.7550658364212,-0.0114163477953752,1007.0193068398628,1.947632711621234,3.498303722195084,3.9060258249641326,0.236728837876614,90.41130890334294,-0.0015244070600601
17.65,7.133333333333333,1543.75496430071,-0.0115178835064853,1007.0333842896816,1.9490308686288589,3.496965871101968,3.908829863603733,0.2368987796123474,90.4082746170531,-0.0015216466999845
17.65,7.2,1543.7548629501944,-0.0116192340221914,1007.0474822393423,1.950431034482759,3.495626097809004,3.911637931034483,0.2370689655172413,90.40523597115651,-0.0015188510533334
17.65,7.266666666666667,1543.7547617872365,-0.0117203969800812,1007.061600733592,1.9518332135154568,3.494284398170545,3.914450035945363,0.2372393961179008,90.40219295625072,-0.0015160198527155
17.65,7.333333333333333,1543.754660814214,-0.011821370002508,1007.0757398173076,1.9532374100719423,3.492940768029008,3.9172661870503593,0.237410071942446,90.39914556290624,-0.0015131528325582
17.65,7.399999999999999,1543.7545600335254,-0.0119221506911344,1007.0898995354968,1.9546436285097195,3.4915952032148425,3.920086393088553,0.2375809935205183,90.39609378166638,-0.0015102497072803
17.65,7.466666666666667,1543.7544594475862,-0.0120227366303424,1007.1040799332986,1.956051873198848,3.490247699546477,3.922910662824208,0.2377521613832853,90.39303760304718,-0.0015073102185851
17.65,7.533333333333333,1543.7543590588298,-0.012123125386779,1007.1182810559848,1.95746214852199,3.488898252830284,3.925739005046864,0.2379235760634463,90.3899770175374,-0.0015043340881675
17.65,7.6,1543.7542588697077,-0.0122233145089012,1007.132502948956,1.958874458874459,3.487546858860532,3.928571428571429,0.2380952380952381,90.38691201559834,-0.0015013210468168
17.65,7.666666666666667,1543.75415888269,-0.0123233015265213,1007.14674565775,1.96028880866426,3.486193513419344,3.931407942238268,0.2382671480144404,90.3838425876637,-0.0014982708053139
17.65,7.733333333333333,1543.754059100267,-0.012423083949443,1007.1610092280335,1.9617052023121389,3.4848382122766504,3.934248554913295,0.2384393063583815,90.38076872413951,-0.0014951830798963
17.65,7.8,1543.753959524946,-0.0125226592704166,1007.1752937056092,1.9631236442516269,3.4834809511901508,3.937093275488069,0.2386117136659435,90.3776904154042,-0.0014920576031727
17.65,7.866666666666666,1543.7538601592532,-0.0126220249633206,1007.1895991364144,1.9645441389290883,3.4821217259052624,3.939942112879885,0.2387843704775687,90.3746076518082,-0.0014888940822856
17.65,7.933333333333334,1543.753761005735,-0.0127211784815699,1007.2039255665184,1.9659666908037647,3.48076053215508,3.942795076031861,0.2389572773352643,90.37152042367404,-0.0014856922316539
17.65,8.0,1543.7536620669557,-0.0128201172608442,1007.2182730421272,1.9673913043478264,3.479397365660334,3.945652173913044,0.2391304347826087,90.36842872129618,-0.0014824517620581
17.65,8.066666666666666,1543.7535633455,-0.0129188387165868,1007.2326416095824,1.9688179840464104,3.478032222129336,3.948513415518492,0.2393038433647571,90.365332534941,-0.001479172384279
17.65,8.133333333333333,1543.7534648439712,-0.0130173402453692,1007.2470313153618,1.970246734397678,3.4766650972579445,3.951378809869376,0.239477503628447,90.36223185484656,-0.0014758538018213
17.65,8.2,1543.753366564993,-0.0131156192235266,1007.2614422060792,1.971677559912854,3.4752959867295146,3.954248366013072,0.2396514161220043,90.35912667122255,-0.0014724957272846
17.65,8.266666666666666,1543.7532685112076,-0.0132136730089769,1007.2758743284847,1.973110465116279,3.473924886214851,3.957122093023256,0.2398255813953488,90.35601697425024,-0.0014690978532598
17.65,8.333333333333334,1543.753170685279,-0.0133114989375826,1007.2903277294682,1.9745454545454548,3.472551791372166,3.96,0.24,90.35290275408238,-0.0014656598905276
17.65,8.4,1543.753073089889,-0.0134090943274713,1007.3048024560557,1.975982532751092,3.4711766978470324,3.962882096069869,0.2401746724890829,90.34978400084292,-0.0014621815371356
17.65,8.466666666666667,1543.7529757277407,-0.0135064564758522,1007.3192985554124,1.97742170429716,3.469799601272336,3.965768390386016,0.2403495994173343,90.34666070462715,-0.0014586624783987
17.65,8.533333333333333,1543.7528786015585,-0.0136035826581064,1007.3338160748426,1.978862973760933,3.468420497268229,3.96865889212828,0.2405247813411078,90.34353285550144,-0.0014551024214597
17.65,8.6,1543.7527817140844,-0.0137004701321075,1007.3483550617904,1.9803063457330417,3.4670393814420897,3.971553610503282,0.2407002188183807,90.3404004435032,-0.0014515010534523
17.65,8.666666666666666,1543.7526850680847,-0.0137971161318546,1007.3629155638396,1.9817518248175183,3.465656249388466,3.9744525547445257,0.2408759124087591,90.33726345864072,-0.0014478580578725
17.65,8.733333333333333,1543.7525886663434,-0.0138935178731571,1007.377497628714,1.9831994156318484,3.4642710966890373,3.977355734112491,0.2410518626734843,90.33412189089314,-0.0014441731382248
17.65,8.8,1543.752492511666,-0.0139896725504513,1007.392101304281,1.9846491228070176,3.462883918912563,3.980263157894737,0.2412280701754386,90.33097573021024,-0.0014404459689103
17.65,8.866666666666667,1543.752396606881,-0.0140855773356634,1007.4067266385474,1.986100950987564,3.461494711614835,3.983174835405999,0.2414045354791514,90.32782496651244,-0.0014366762261488
17.65,8.933333333333334,1543.7523009548358,-0.0141812293807106,1007.4213736796625,1.9875549048316248,3.460103470338634,3.9860907759882873,0.2415812591508052,90.32466958969064,-0.0014328636025311
17.65,9.0,1543.7522055584006,-0.0142766258159099,1007.436042475919,1.989010989010989,3.4587101906136755,3.989010989010989,0.2417582417582417,90.32150958960612,-0.0014290077760961
17.65,9.066666666666666,1543.752110420466,-0.0143717637506597,1007.4507330757516,1.990469208211144,3.457314867956569,3.991935483870968,0.2419354838709677,90.31834495609034,-0.0014251084176066
17.65,9.133333333333333,1543.752015543945,-0.0144666402716211,1007.4654455277412,1.991929567131328,3.455917497870767,3.994864269992664,0.2421129860601614,90.31517567894508,-0.0014211652014637
17.65,9.2,1543.7519209317722,-0.0145612524443095,1007.4801798806104,1.9933920704845816,3.454518075846512,3.9977973568281935,0.2422907488986784,90.31200174794203,-0.0014171778038871
17.65,9.266666666666666,1543.7518265869044,-0.0146555973121849,1007.4949361832278,1.994856722997796,3.4531165973607965,4.000734753857459,0.2424687729610581,90.3088231528229,-0.0014131458883639
17.65,9.333333333333334,1543.7517325123204,-0.0147496718961974,1007.509714484608,1.996323529411765,3.4517130578773068,4.003676470588236,0.2426470588235294,90.30563988329916,-0.0014090691256569
17.65,9.4,1543.751638711021,-0.0148434731954694,1007.52451483391,1.9977924944812364,3.4503074528463804,4.006622516556291,0.2428256070640176,90.30245192905208,-0.0014049471774342
17.65,9.466666666666669,1543.75154518603,-0.0149369981866129,1007.5393372804408,1.9992636229749632,3.448899777704952,4.009572901325479,0.2430044182621502,90.29925927973244,-0.0014007797035446
17.65,9.533333333333331,1543.751451940394,-0.0150302438225935,1007.5541818736536,2.0007369196757554,3.4474900278765053,4.01252763448784,0.243183492999263,90.29606192496064,-0.0013965663674753
17.65,9.6,1543.7513589771809,-0.0151232070356854,1007.5690486631488,2.002212389380531,3.4460781987710267,4.015486725663717,0.243362831858407,90.29285985432632,-0.0013923068272561
17.65,9.666666666666666,1543.7512662994836,-0.0152158847329246,1007.5839376986764,2.0036900369003696,3.44466428578495,4.018450184501845,0.2435424354243543,90.28965305738848,-0.0013880007300031
17.65,9.733333333333333,1543.751173910417,-0.0153082737995191,1007.5988490301332,2.0051698670605616,3.4432482843011085,4.0214180206794685,0.2437223042836041,90.28644152367526,-0.0013836477301083
17.65,9.8,1543.7510818131193,-0.0154003710972574,1007.6137827075668,2.0066518847006654,3.441830189688687,4.02439024390244,0.2439024390243902,90.28322524268384,-0.0013792474874207
17.65,9.866666666666667,1543.750990010752,-0.0154921734645085,1007.6287387811732,2.008136094674557,3.4404099973031714,4.027366863905326,0.2440828402366864,90.28000420388028,-0.0013747996308666
17.65,9.933333333333334,1543.750898506502,-0.0155836777146305,1007.6437173013004,2.0096225018504814,3.4389877024862923,4.030347890451518,0.2442635085122131,90.27677839669948,-0.0013703038148378
17.65,10.0,1543.7508073035767,-0.0156748806398354,1007.6587183184456,2.011111111111111,3.437563300565982,4.033333333333333,0.2444444444444444,90.27354781054513,-0.0013657596864504
17.65,10.066666666666666,1543.7507164052104,-0.0157657790061875,1007.6737418832588,2.012601927353596,3.436136786856314,4.036323202372127,0.2446256486286137,90.27031243478936,-0.0013611668691737
17.65,10.133333333333333,1543.750625814661,-0.0158563695558768,1007.6887880465406,2.0140949554896146,3.4347081566574653,4.039317507418398,0.244807121661721,90.2670722587728,-0.0013565250101237
17.65,10.2,1543.750535535209,-0.0159466490074464,1007.7038568592458,2.0155902004454345,3.433277405255647,4.042316258351893,0.2449888641425389,90.26382727180447,-0.0013518337418645
17.65,10.266666666666666,1543.750445570162,-0.0160366140546557,1007.718948372482,2.0170876671619618,3.431844527923069,4.045319465081724,0.2451708766716196,90.26057746316162,-0.0013470926915033
17.65,10.333333333333334,1543.7503559228503,-0.0161262613662529,1007.7340626375096,2.018587360594796,3.430409519917877,4.048327137546469,0.2453531598513011,90.25732282208956,-0.0013423014934232
17.65,10.4,1543.7502665966294,-0.0162155875871121,1007.7491997057444,2.020089285714286,3.428972376484106,4.051339285714286,0.2455357142857143,90.2540633378016,-0.0013374597710935
17.65,10.466666666666669,1543.7501775948808,-0.016304589335732,1007.7643596287562,2.0215934475055843,3.427533092851625,4.054355919583023,0.2457185405807893,90.25079899947896,-0.0013325671407073
17.65,10.533333333333331,1543.7500889210105,-0.016393263206055,1007.779542458272,2.023099850968704,3.426091664236085,4.057377049180328,0.2459016393442623,90.2475297962706,-0.0013276232275529
17.65,10.6,1543.7500005784505,-0.0164816057661028,1007.7947482461718,2.0246085011185686,3.4246480858388666,4.060402684563758,0.2460850111856823,90.24425571729311,-0.0013226276532805
17.65,10.666666666666666,1543.7499125706568,-0.0165696135597954,1007.809977044496,2.026119402985074,3.423202352847025,4.063432835820896,0.2462686567164179,90.2409767516306,-0.0013175800249882
17.65,10.733333333333333,1543.749824901114,-0.0166572831026314,1007.82522890544,2.027632561613144,3.4217544604332395,4.066467513069455,0.2464525765496639,90.2376928883345,-0.0013124799479555
17.65,10.8,1543.7497375733303,-0.016744610886235,1007.8405038813568,2.0291479820627805,3.420304403755756,4.0695067264574,0.2466367713004484,90.23440411642362,-0.0013073270583845
17.65,10.866666666666667,1543.7496505908396,-0.0168315933769918,1007.8558020247596,2.030665669409125,3.418852177958336,4.072550486163052,0.2468212415856395,90.23111042488384,-0.0013021209397265
17.65,10.933333333333334,1543.749563957205,-0.0169182270115015,1007.8711233883184,2.032185628742515,3.4173977781702014,4.07559880239521,0.2470059880239521,90.22781180266811,-0.001296861188166
17.65,11.0,1543.7494776760143,-0.0170045082020351,1007.8864680248656,2.033707865168539,3.4159411995059794,4.078651685393258,0.247191011235955,90.22450823869626,-0.0012915474253532
17.65,11.066666666666666,1543.7493917508818,-0.0170904333347152,1007.9018359873912,2.035232383808096,3.414482437065649,4.081709145427287,0.247376311844078,90.2211997218549,-0.0012861792347393
17.65,11.133333333333333,1543.74930618545,-0.0171759987665609,1007.9172273290486,2.0367591897974493,3.4130214859344865,4.0847711927982,0.2475618904726181,90.21788624099725,-0.00128075621069
17.65,11.2,1543.749220983387,-0.01726120082958,1007.9326421031498,2.0382882882882885,3.411558341183006,4.087837837837838,0.2477477477477477,90.21456778494311,-0.0012752779548463
17.65,11.266666666666666,1543.7491361483894,-0.0173460358271313,1007.9480803631716,2.0398196844477834,3.41009299786691,4.090909090909091,0.2479338842975206,90.2112443424787,-0.0012697440452029
17.65,11.333333333333334,1543.7490516841808,-0.0174305000357435,1007.9635421627522,2.041353383458647,3.408625451027032,4.093984962406015,0.2481203007518797,90.20791590235642,-0.0012641540724871
17.65,11.4,1543.7489675945133,-0.0175145897032962,1007.9790275556936,2.0428893905191874,3.4071556956892746,4.0970654627539504,0.2483069977426636,90.20458245329492,-0.0012585076128743
17.65,11.466666666666669,1543.7488838831655,-0.0175983010508389,1007.9945365959608,2.0444277108433737,3.4056837268645626,4.100150602409639,0.2484939759036144,90.2012439839788,-0.001252804253454
17.65,11.533333333333331,1543.748800553946,-0.0176816302705447,1008.010069337684,2.0459683496608894,3.404209539548782,4.103240391861342,0.2486812358703843,90.1979004830586,-0.0012470435685827
17.65,11.6,1543.74871761069,-0.0177645735266196,1008.02562583516,2.047511312217195,3.4027331287227205,4.10633484162896,0.248868778280543,90.1945519391506,-0.0012412251235218
17.65,11.666666666666666,1543.748635057263,-0.0178471269534838,1008.041206142849,2.049056603773585,3.401254489352016,4.109433962264151,0.2490566037735849,90.19119834083666,-0.0012353484962659
17.65,11.733333333333333,1543.7485528975571,-0.0179292866594096,1008.056810315379,2.050604229607251,3.399773616387096,4.112537764350453,0.2492447129909365,90.18783967666428,-0.0012294132538954
17.65,11.8,1543.7484711354955,-0.0180110487208366,1008.0724384075454,2.052154195011338,3.3982905047631204,4.115646258503401,0.2494331065759637,90.18447593514615,-0.001223418954396
17.65,11.866666666666667,1543.74838977503,-0.0180924091864653,1008.0880904743108,2.053706505295008,3.396805149399926,4.118759455370651,0.2496217851739788,90.18110710476044,-0.0012173651575722
17.65,11.933333333333334,1543.7483088201411,-0.0181733640752099,1008.103766570806,2.0552611657834974,3.3953175452019653,4.1218773656320975,0.2498107494322483,90.1777331739502,-0.0012112514268665
17.65,12.0,1543.7482282748397,-0.0182539093768809,1008.1194667523316,2.056818181818182,3.39382768705825,4.125000000000001,0.25,90.17435413112358,-0.0012050773166265
17.65,12.066666666666666,1543.748148143166,-0.0183340410505934,1008.1351910743568,2.058377558756634,3.392335569842293,4.128127369219106,0.2501895375284306,90.17096996465354,-0.001198842368467
17.65,12.133333333333333,1543.7480684291909,-0.0184137550259038,1008.150939592523,2.059939301972686,3.390841188412047,4.131259484066768,0.2503793626707132,90.1675806628778,-0.0011925461330974
17.65,12.2,1543.7479891370149,-0.0184930472016731,1008.16671236264,2.061503416856492,3.389344537609849,4.134396355353076,0.2505694760820046,90.16418621409858,-0.0011861881594086
17.65,12.266666666666666,1543.7479102707694,-0.0185719134472037,1008.1825094406915,2.06306990881459,3.38784561226236,4.137537993920972,0.2507598784194529,90.16078660658262,-0.0011797679853771
17.65,12.333333333333334,1543.7478318346168,-0.0186503495997385,1008.1983308828326,2.0646387832699618,3.386344407180501,4.140684410646387,0.2509505703422053,90.15738182856094,-0.0011732851435226
17.65,12.4,1543.7477538327505,-0.0187283514660521,1008.2141767453912,2.0662100456621006,3.384840917159401,4.1438356164383565,0.2511415525114155,90.15397186822872,-0.0011667391736409
17.65,12.466666666666669,1543.7476762693937,-0.0188059148229058,1008.230047084869,2.0677837014470684,3.38333513697833,4.146991622239148,0.2513328255902514,90.1505567137452,-0.0011601296046137
17.65,12.533333333333331,1543.7475991488031,-0.0188830354134097,1008.2459419579424,2.0693597560975614,3.381827061400641,4.150152439024391,0.2515243902439025,90.1471363532335,-0.0011534559598658
17.65,12.6,1543.7475224752657,-0.0189597089508879,1008.2618614214624,2.070938215102975,3.380316685173711,4.153318077803204,0.2517162471395881,90.14371077478052,-0.0011467177664599
17.65,12.666666666666666,1543.747446253101,-0.0190359311154679,1008.277805532456,2.072519083969466,3.378804003028877,4.156488549618321,0.2519083969465649,90.14027996643676,-0.0011399145387258
17.65,12.733333333333333,1543.7473704866604,-0.0191116975561271,1008.293774348126,2.074102368220016,3.377289009681377,4.159663865546219,0.2521008403361344,90.13684391621624,-0.0011330458000884
17.65,12.8,1543.7472951803277,-0.0191870038891011,1008.3097679258526,2.075688073394496,3.375771699830288,4.162844036697248,0.2522935779816513,90.1334026120963,-0.0011261110612394
17.65,12.866666666666667,1543.7472203385191,-0.0192618456974287,1008.3257863231936,2.077276205049732,3.3742520681584622,4.1660290742157615,0.252486610558531,90.12995604201753,-0.0011191098292329
17.65,12.933333333333334,1543.7471459656836,-0.0193362185329988,1008.3418295978848,2.078866768759571,3.372730109332469,4.169218989280245,0.2526799387442572,90.12650419388346,-0.0011120416111225
17.65,13.0,1543.7470720663043,-0.0194101179122299,1008.3578978078424,2.0804597701149428,3.371205818002528,4.172413793103449,0.2528735632183908,90.12304705556068,-0.0011049058994103
17.65,13.066666666666666,1543.7469986448968,-0.0194835393197081,1008.3739910111613,2.082055214723926,3.3696791888024475,4.175613496932516,0.2530674846625767,90.11958461487852,-0.0010977022084261
17.65,13.133333333333333,1543.74692570601,-0.0195564782065957,1008.3901092661164,2.083653108211819,3.368150216349567,4.178818112049118,0.2532617037605525,90.11611685962896,-0.001090430025215
17.65,13.2,1543.7468532542268,-0.0196289299897216,1008.4062526311648,2.0852534562211984,3.3666188952446845,4.182027649769585,0.2534562211981567,90.11264377756636,-0.0010830888368218
17.65,13.266666666666666,1543.746781294165,-0.0197008900515811,1008.4224211649456,2.0868562644119906,3.3650852200720003,4.185242121445042,0.2536510376633359,90.10916535640764,-0.0010756781339296
17.65,13.333333333333334,1543.7467098304755,-0.0197723537410183,1008.4386149262796,2.0884615384615386,3.363549185399052,4.188461538461539,0.2538461538461539,90.10568158383172,-0.0010681973963073
17.65,13.4,1543.7466388678456,-0.0198433163709523,1008.4548339741716,2.0900692840646653,3.3620107857766444,4.191685912240185,0.2540415704387991,90.10219244747972,-0.0010606461073621
17.65,13.466666666666669,1543.7465684109943,-0.0199137732220151,1008.4710783678104,2.0916795069337444,3.3604700157387937,4.194915254237288,0.2542372881355932,90.0986979349546,-0.0010530237414059
17.65,13.533333333333331,1543.74649846468,-0.0199837195366399,1008.4873481665688,2.0932922127987665,3.358926869802659,4.198149575944488,0.2544333076329992,90.09519803382108,-0.0010453297636559
17.65,13.6,1543.7464290336927,-0.0200531505238359,1008.5036434300052,2.0949074074074074,3.357381342468474,4.201388888888889,0.2546296296296296,90.0916927316056,-0.001037563653881
17.65,13.666666666666666,1543.7463601228594,-0.0201220613571422,1008.519964217866,2.096525096525097,3.355833428219487,4.204633204633205,0.2548262548262548,90.08818201579597,-0.0010297248645656
17.65,13.733333333333333,1543.746291737044,-0.0201904471725811,1008.5363105900816,2.098145285935085,3.354283121521893,4.207882534775889,0.2550231839258114,90.08466587384132,-0.0010218128609267
17.65,13.8,1543.7462238811447,-0.0202583030718415,1008.5526826067728,2.099767981438516,3.352730416824768,4.211136890951277,0.2552204176334107,90.08114429315204,-0.0010138270918105
17.65,13.866666666666667,1543.7461565600984,-0.0203256241181861,1008.5690803282464,2.101393188854489,3.351175308559998,4.214396284829721,0.2554179566563467,90.07761726109943,-0.0010057670224341
17.65,13.933333333333334,1543.746089778875,-0.0203924053412265,1008.5855038149998,2.1030209140201395,3.3496177911422245,4.217660728117738,0.2556158017041053,90.0740847650158,-0.0009976320889109
17.65,14.0,1543.7460235424865,-0.0204586417301015,1008.6019531277204,2.104651162790698,3.3480578589687635,4.22093023255814,0.2558139534883721,90.07054679219402,-0.000989421730992
17.65,14.066666666666666,1543.7459578559778,-0.0205243282387073,1008.6184283272848,2.1062839410395657,3.3464955064195494,4.224204809930179,0.2560124127230411,90.06700332988765,-0.0009811353938857
17.65,14.133333333333333,1543.7458927244338,-0.0205894597827409,1008.6349294747624,2.1079192546583854,3.34493072785706,4.22748447204969,0.2562111801242236,90.06345436531063,-0.0009727725191623
17.65,14.2,1543.7458281529753,-0.0206540312412926,1008.6514566314144,2.1095571095571097,3.343363517626252,4.230769230769231,0.2564102564102564,90.05989988563715,-0.0009643325302022
17.65,14.266666666666666,1543.7457641467631,-0.0207180374534345,1008.6680098586936,2.111197511664075,3.341793870054495,4.234059097978228,0.2566096423017108,90.0563398780015,-0.0009558148503856
17.65,14.333333333333334,1543.745700710995,-0.020781473221632,1008.6845892182486,2.11284046692607,3.3402217794514977,4.237354085603113,0.2568093385214008,90.05277432949792,-0.0009472189140069
17.65,14.4,1543.745637850908,-0.0208443333085597,1008.7011947719202,2.114485981308411,3.338647240109243,4.240654205607477,0.2570093457943925,90.04920322718047,-0.0009385441207996
17.65,14.466666666666669,1543.7455755717788,-0.0209066124377841,1008.7178265817464,2.116134060795012,3.3370702463019186,4.243959469992206,0.2572096648480125,90.04562655806285,-0.000929789895963
17.65,14.533333333333331,1543.745513878922,-0.0209683052946729,1008.7344847099596,2.117784711388456,3.3354907922858468,4.247269890795632,0.2574102964118565,90.04204430911821,-0.0009209556537825
17.65,14.6,1543.7454527776918,-0.0210294065248035,1008.7511692189886,2.1194379391100706,3.333908872299414,4.250585480093677,0.2576112412177986,90.03845646727903,-0.0009120407885347
17.65,14.666666666666666,1543.7453922734833,-0.0210899107332807,1008.7678801714616,2.12109375,3.332324480563002,4.25390625,0.2578125,90.03486301943698,-0.0009030447054101
17.65,14.733333333333333,1543.745332371731,-0.0211498124856461,1008.7846176302036,2.12275215011728,3.3307376112789195,4.257232212666146,0.2580140734949179,90.03126395244274,-0.0008939668005041
17.65,14.8,1543.74527307791,-0.0212091063065145,1008.801381658238,2.1244131455399065,3.3291482586313235,4.260563380281691,0.2582159624413145,90.02765925310577,-0.0008848064608173
17.65,14.866666666666667,1543.745214397536,-0.0212677866804824,1008.8181723187904,2.126076742364918,3.3275564167861584,4.2638997650743935,0.2584181675802662,90.02404890819427,-0.0008755630769883
17.65,14.933333333333334,1543.7451563361665,-0.0213258480500826,1008.8349896752852,2.127742946708464,3.3259620798910805,4.267241379310345,0.2586206896551724,90.02043290443494,-0.0008662360341986
17.65,15.0,1543.7450988993985,-0.0213832848182846,1008.8518337913476,2.1294117647058823,3.324365242075382,4.270588235294118,0.2588235294117647,90.01681122851285,-0.000856824703078
17.65,15.066666666666666,1543.7450420928726,-0.0214400913439476,1008.8687047308074,2.131083202511774,3.322765897449926,4.273940345368916,0.2590266875981161,90.01318386707126,-0.000847328459713
17.65,15.133333333333333,1543.7449859222704,-0.0214962619461402,1008.8856025576948,2.1327572663000782,3.3211640401070697,4.277297721916732,0.2592301649646504,90.00955080671146,-0.0008377466729143
17.65,15.2,1543.7449303933165,-0.0215517909002755,1008.9025273362467,2.134433962264151,3.3195596641205927,4.28066037735849,0.2594339622641509,90.00591203399262,-0.0008280787060357
17.65,15.266666666666666,1543.7448755117762,-0.0216066724403845,1008.9194791309015,2.1361132966168377,3.317952763545624,4.28402832415421,0.2596380802517703,90.00226753543157,-0.0008183239169738
17.65,15.333333333333334,1543.7448212834604,-0.0216609007561601,1008.936458006305,2.1377952755905514,3.3163433324185685,4.28740157480315,0.2598425196850394,89.99861729750269,-0.0008084816654445
17.65,15.4,1543.744767714221,-0.0217144699954587,1008.953464027309,2.1394799054373523,3.314731364757033,4.290780141843972,0.2600472813238771,89.99496130663776,-0.0007985512929735
17.65,15.466666666666669,1543.7447148099548,-0.0217673742617989,1008.970497258972,2.1411671924290223,3.3131168545597545,4.294164037854889,0.2602523659305993,89.99129954922573,-0.0007885321447247
17.65,15.533333333333331,1543.7446625766015,-0.021819607614816,1008.987557766561,2.142857142857143,3.311499795806521,4.297553275453828,0.2604577742699289,89.98763201161258,-0.0007784235604049
17.65,15.6,1543.7446110201467,-0.0218711640698074,1009.004645615551,2.144549763033176,3.309880182458101,4.300947867298578,0.2606635071090047,89.98395868010114,-0.0007682248706259
17.65,15.666666666666666,1543.744560146619,-0.0219220375975055,1009.0217608716276,2.1462450592885376,3.308258008456167,4.304347826086957,0.2608695652173913,89.98027954095095,-0.0007579354114568
17.65,15.733333333333333,1543.7445099620918,-0.0219722221247593,1009.038903600686,2.147943037974684,3.306633267723216,4.307753164556962,0.2610759493670886,89.97659458037805,-0.0007475545116903
17.65,15.8,1543.744460472684,-0.0220217115324885,1009.0560738688324,2.1496437054631827,3.305005954162501,4.311163895486936,0.2612826603325415,89.97290378455483,-0.0007370814801106
17.65,15.866666666666667,1543.7444116845609,-0.0220704996556833,1009.0732717423869,2.1513470681458005,3.30337606165795,4.314580031695722,0.2614896988906497,89.96920713960988,-0.0007265156345965
17.65,15.933333333333334,1543.744363603933,-0.0221185802836316,1009.0904972878798,2.153053132434576,3.3017435840740887,4.318001586042823,0.2616970658207772,89.96550463162774,-0.0007158562821132
17.65,16.0,1543.7443162370566,-0.0221659471599195,1009.1077505720574,2.1547619047619047,3.3001085152559684,4.321428571428571,0.2619047619047619,89.96179624664879,-0.0007051027259876
17.65,16.066666666666666,1543.744269590236,-0.0222125939806119,1009.1250316618804,2.15647339158062,3.2984708490290817,4.324861000794281,0.2621127879269261,89.9580819706691,-0.0006942542659089
17.65,16.133333333333333,1543.7442236698212,-0.0222585143953892,1009.142340624524,2.1581875993640702,3.296830579199291,4.328298887122417,0.2623211446740858,89.95436178964015,-0.0006833102052041
17.65,16.2,1543.7441784822086,-0.0223037020080028,1009.1596775273806,2.159904534606205,3.295187699552746,4.3317422434367545,0.2625298329355608,89.95063568946873,-0.0006722698144585
17.65,16.266666666666666,1543.7441340338455,-0.0223481503708171,1009.1770424380608,2.161624203821656,3.293542203855808,4.335191082802548,0.2627388535031847,89.9469036560168,-0.0006611323824472
17.65,16.333333333333332,1543.7440903312242,-0.0223918529923139,1009.1944354243911,2.163346613545817,3.291894085854972,4.338645418326694,0.2629482071713148,89.9431656751012,-0.0006498971924884
17.65,16.4,1543.744047380887,-0.0224348033295882,1009.2118565544184,2.1650717703349285,3.2902433392767807,4.342105263157895,0.2631578947368421,89.93942173249354,-0.0006385635024344
17.65,16.466666666666665,1543.744005189424,-0.0224769947926688,1009.2293058964106,2.1667996807661614,3.288589957827756,4.345570630486832,0.2633679169992019,89.93567181392004,-0.0006271305919653
17.65,16.53333333333333,1543.7439637634743,-0.022518420742017,1009.2467835188542,2.1685303514377,3.2869339351943063,4.349041533546327,0.2635782747603834,89.93191590506129,-0.0006155977189337
17.65,16.6,1543.7439231097285,-0.0225590744882993,1009.2642894904589,2.170263788968825,3.285275265042657,4.352517985611511,0.2637889688249401,89.92815399155207,-0.0006039641320967
17.65,16.666666666666668,1543.7438832349235,-0.0225989492930693,1009.2818238801558,2.172,3.2836139410187664,4.356,0.264,89.92438605898124,-0.0005922290838498
17.65,16.733333333333334,1543.7438441458503,-0.0226380383662672,1009.2993867571016,2.1737389911929546,3.2819499567482406,4.3594875900720576,0.2642113690952762,89.92061209289147,-0.0005803918138553
17.65,16.8,1543.7438058493483,-0.0226763348682652,1009.3169781906754,2.1754807692307696,3.280283305836256,4.36298076923077,0.264423076923077,89.91683207877912,-0.0005684515745087
17.65,16.866666666666667,1543.7437683523071,-0.0227138319094137,1009.3345982504828,2.177225340817963,3.278613981867473,4.366479550922214,0.264635124298316,89.91304600209403,-0.0005564075854636
17.65,16.933333333333334,1543.7437316616702,-0.0227505225464028,1009.3522470063548,2.178972712680578,3.2769419784059663,4.369983948635634,0.2648475120385233,89.90925384823929,-0.0005442590663733
17.65,17.0,1543.7436957844316,-0.0227863997849908,1009.3699245283497,2.180722891566265,3.275267288995123,4.373493975903616,0.2650602409638554,89.90545560257114,-0.0005320052532624
17.65,17.066666666666666,1543.7436607276363,-0.0228214565802318,1009.3876308867544,2.182475884244373,3.2735899071575734,4.377009646302251,0.2652733118971061,89.9016512503987,-0.0005196453512326
17.65,17.133333333333333,1543.7436264983846,-0.0228556858319279,1009.4053661520854,2.184231697506034,3.271909826395105,4.380530973451328,0.2654867256637168,89.89784077698381,-0.0005071785708423
17.65,17.2,1543.743593103827,-0.022889080389632,1009.4231303950876,2.185990338164251,3.270227040188574,4.384057971014493,0.2657004830917874,89.89402416754089,-0.0004946041171933
17.65,17.266666666666666,1543.7435605511691,-0.0229216330474173,1009.4409236867376,2.1877518130539886,3.268541541997827,4.387590652699436,0.265914585012087,89.89020140723666,-0.0004819211771973
17.65,17.333333333333332,1543.74352884767,-0.0229533365466068,1009.458746098244,2.189516129032258,3.26685332526161,4.391129032258064,0.2661290322580645,89.88637248119001,-0.0004691289559559
17.65,17.4,1543.7434980006417,-0.0229841835748629,1009.4765977010476,2.191283292978208,3.2651623833974908,4.394673123486683,0.2663438256658595,89.88253737447175,-0.0004562266294669
17.65,17.466666666666665,1543.7434680174526,-0.0230141667639145,1009.494478566824,2.193053311793215,3.2634687098017654,4.398222940226172,0.2665589660743134,89.87869607210455,-0.0004432133719092
17.65,17.53333333333333,1543.7434389055254,-0.0230432786911478,1009.5123887674824,2.19482619240097,3.2617722978493764,4.401778496362168,0.2667744543249798,89.8748485590625,-0.0004300883610994
17.65,17.6,1543.743410672338,-0.0230715118786974,1009.5303283751676,2.196601941747573,3.2600731408938284,4.405339805825244,0.2669902912621359,89.87099482027122,-0.0004168507584836
17.65,17.666666666666668,1543.743383325424,-0.0230988587925367,1009.5482974622624,2.19838056680162,3.258371232267097,4.4089068825910935,0.2672064777327935,89.86713484060739,-0.0004034997255075
17.65,17.733333333333334,1543.7433568723743,-0.0231253118420227,1009.5662961013855,2.200162074554295,3.256666565279546,4.4124797406807135,0.2674230145867099,89.86326860489874,-0.0003900344145222
17.65,17.8,1543.7433313208353,-0.0231508633812609,1009.584324365396,2.201946472019465,3.254959133219832,4.416058394160584,0.267639902676399,89.8593960979237,-0.0003764539760595
17.65,17.866666666666667,1543.743306678511,-0.023175505705467,1009.60238232739,2.2037337662337664,3.253248929354827,4.419642857142858,0.2678571428571429,89.85551730441139,-0.0003627575406426
17.65,17.933333333333334,1543.743282953163,-0.0231992310532405,1009.6204700607066,2.205523964256702,3.251535946929521,4.4232331437855406,0.2680747359870024,89.85163220904124,-0.0003489442460704
17.65,18.0,1543.7432601526116,-0.0232220316049733,1009.6385876389252,2.207317073170732,3.249820179166939,4.426829268292684,0.2682926829268293,89.84774079644282,-0.0003350132155901
17.65,18.066666666666663,1543.7432382847346,-0.0232438994819403,1009.6567351358684,2.209113100081367,3.2481016192680467,4.4304312449145655,0.2685109845402766,89.84384305119575,-0.0003209635724488
17.65,18.133333333333333,1543.743217357469,-0.0232648267478907,1009.6749126256016,2.210912052117264,3.246380260411664,4.434039087947883,0.2687296416938111,89.83993895782937,-0.0003067944344365
17.65,18.2,1543.74319737881,-0.023284805406547,1009.6931201824344,2.212713936430318,3.244656095754374,4.4376528117359415,0.2689486552567237,89.83602850082264,-0.0002925049011537
17.65,18.266666666666666,1543.7431783568152,-0.0233038274013779,1009.7113578809232,2.2145187601957583,3.2429291184304323,4.441272430668842,0.2691680261011419,89.83211166460383,-0.0002780940667435
17.65,18.33333333333333,1543.743160299601,-0.0233218846155978,1009.72962579587,2.216326530612245,3.2411993215516763,4.444897959183673,0.2693877551020408,89.82818843355035,-0.0002635610362631
17.65,18.4,1543.7431432153437,-0.0233389688730767,1009.7479240023246,2.218137254901961,3.2394666982074334,4.4485294117647065,0.2696078431372549,89.82425879198864,-0.0002489048838469
17.65,18.466666666666665,1543.7431271122832,-0.0233550719333379,1009.7662525755856,2.219950940310712,3.237731241464425,4.452166802943582,0.2698282910874898,89.82032272419379,-0.0002341246981814
17.65,18.53333333333333,1543.743111998717,-0.023370185499516,1009.7846115912016,2.2217675941080195,3.2359929443666817,4.455810147299509,0.2700490998363338,89.81638021438945,-0.0002192195534007
17.65,18.6,1543.743097883009,-0.0233843012072156,1009.803001124971,2.223587223587224,3.234251799935446,4.45945945945946,0.2702702702702703,89.8124312467476,-0.0002041884908976
17.65,18.666666666666668,1543.7430847735848,-0.0233974106317873,1009.8214212529432,2.225409836065574,3.2325078011690764,4.463114754098361,0.2704918032786885,89.8084758053883,-0.0001890305957203
17.65,18.73333333333333,1543.74307267893,-0.0234095052865086,1009.8398720514226,2.2272354388843314,3.2307609410429587,4.4667760459392944,0.2707136997538966,89.80451387437951,-0.0001737449019856
17.65,18.8,1543.7430616075978,-0.0234205766187187,1009.8583535969658,2.229064039408867,3.229011212509409,4.470443349753695,0.270935960591133,89.80054543773689,-0.0001583304474479
17.65,18.866666666666667,1543.7430515682036,-0.0234306160130017,1009.8768659663846,2.23089564502876,3.2272586084975803,4.474116680361545,0.2711585866885785,89.79657047942354,-0.0001427862880518
17.65,18.933333333333334,1543.743042569426,-0.0234396147905044,1009.8954092367468,2.2327302631578947,3.2255031219133623,4.477796052631579,0.2713815789473684,89.79258898334979,-0.0001271114379051
17.65,19.0,1543.743034620012,-0.0234475642046163,1009.913983485377,2.234567901234568,3.2237447456392943,4.481481481481482,0.2716049382716049,89.78860093337305,-0.0001113049183913
17.65,19.066666666666663,1543.7430277287704,-0.023454455446199,1009.9325887898578,2.236408566721582,3.2219834725344616,4.485172981878089,0.271828665568369,89.7846063132975,-9.536574361845852e-05
17.65,19.133333333333333,1543.743021904579,-0.02346027963722,1009.9512252280314,2.2382522671063483,3.220219295434403,4.488870568837593,0.2720527617477329,89.78060510687392,-7.929291132313665e-05
17.65,19.2,1543.7430171563822,-0.0234650278343906,1009.9698928779997,2.24009900990099,3.2184522071510098,4.492574257425742,0.2722772277227723,89.77659729779948,-6.308543015620671e-05
17.65,19.266666666666666,1543.7430134931888,-0.0234686910278014,1009.988591818126,2.241948802642445,3.2166822004724342,4.496284062758052,0.2725020644095789,89.7725828697175,-4.674229057854973e-05
17.65,19.33333333333333,1543.7430109240768,-0.0234712601397859,1010.0073221270362,2.243801652892562,3.214909268162985,4.500000000000001,0.2727272727272727,89.76856180621719,-3.0262470318120904e-05
17.65,19.4,1543.7430094581928,-0.0234727260237832,1010.02608388362,2.2456575682382134,3.213133402963032,4.503722084367246,0.2729528535980149,89.7645340908335,-1.3644941645907238e-05
17.65,19.466666666666665,1543.7430091047513,-0.0234730794652477,1010.0448771670308,2.247516556291391,3.211354597588908,4.507450331125828,0.2731788079470199,89.76049970704685,3.1113286240724847e-06
17.65,19.53333333333333,1543.7430098730365,-0.0234723111800576,1010.063702056688,2.2493786246893124,3.209572844732803,4.511184755592378,0.2734051367025683,89.75645863828294,2.000737913476769e-05
17.65,19.6,1543.743011772402,-0.0234704118145145,1010.0825586322786,2.2512437810945274,3.207788137062676,4.514925373134329,0.2736318407960199,89.75241086791245,3.704426671902184e-05
17.65,19.666666666666668,1543.743014812272,-0.0234673719446618,1010.1014469737564,2.2531120331950207,3.2060004672221414,4.518672199170124,0.2738589211618257,89.74835637925088,5.422303365776315e-05
17.65,19.73333333333333,1543.7430190021398,-0.023463182076739,1010.1203671613451,2.25498338870432,3.204209827830378,4.522425249169436,0.2740863787375416,89.74429515555833,7.154475315473974e-05
17.65,19.8,1543.7430243515723,-0.023457832644226,1010.1393192755384,2.2568578553615963,3.20241621148202,4.526184538653367,0.2743142144638404,89.74022718003918,8.90105075086467e-05
17.65,19.866666666666667,1543.7430308702076,-0.0234513140089802,1010.1583033971008,2.2587354409317806,3.2006196107470566,4.529950083194676,0.2745424292845258,89.73615243584196,0.0001066213808371
17.65,19.933333333333334,1543.7430385677565,-0.0234436164600992,1010.17731960707,2.260616153205662,3.198820018170738,4.533721898417985,0.2747710241465446,89.73207090605908,0.000124378451801
17.65,20.0,1543.743047454001,-0.0234347302155129,1010.1963679867577,2.2625000000000006,3.197017426273459,4.5375000000000005,0.275,89.72798257372654,0.0001422088898834
17.7,0.0,1543.7664821842166,0.0,1005.6348872124258,1.81,3.63,3.63,0.22,90.71,-0.0004325674399296
17.7,0.0666666666666666,1543.76645340995,-2.877426663872029e-05,1005.6470053902046,1.8112074716477653,3.6288541737272255,3.632421614409607,0.2201467645096731,90.70736997570576,-0.0004306605569581
17.7,0.1333333333333333,1543.766424762809,-5.7421407518631895e-05,1005.659139955001,1.8124165554072096,3.6277068176463447,3.634846461949266,0.2202937249666221,90.70473644003054,-0.0004287440660846
17.7,0.2,1543.7663962440745,-8.594014229856839e-05,1005.6712909400296,1.8136272545090184,3.626557928691608,3.637274549098197,0.220440881763527,90.70209938593764,-0.0004268083139322
17.7,0.2666666666666666,1543.766367855034,-0.0001143291826792,1005.6834583785944,1.8148395721925128,3.62540750378907,3.639705882352941,0.2205882352941176,90.69945880637135,-0.0004248531622579
17.7,0.3333333333333333,1543.766339596986,-0.0001425872305844,1005.69564230409,1.8160535117056853,3.624255539856563,3.642140468227425,0.2207357859531772,90.69681469425716,-0.0004228784709994
17.7,0.4,1543.7663114712375,-0.0001707129790702,1005.7078427500016,1.817269076305221,3.623102033803664,3.644578313253012,0.2208835341365461,90.69416704250156,-0.0004208841091895
17.7,0.4666666666666667,1543.766283479105,-0.0001987051116429,1005.7200597499032,1.8184862692565305,3.621946982531672,3.647019423978567,0.2210314802411252,90.69151584399212,-0.000418869924033
17.7,0.5333333333333333,1543.7662556219143,-0.0002265623022594,1005.7322933374626,1.81970509383378,3.6207903829335777,3.649463806970509,0.2211796246648793,90.68886109159726,-0.0004168357845628
17.7,0.6,1543.7662279010003,-0.0002542832162362,1005.744543546437,1.82092555331992,3.6196322318940375,3.651911468812877,0.221327967806841,90.68620277816632,-0.0004147815507167
17.7,0.6666666666666666,1543.7662003177077,-0.0002818665088852,1005.7568104106748,1.822147651006712,3.6184725262893447,3.654362416107383,0.2214765100671141,90.68354089652944,-0.0004127070715185
17.7,0.7333333333333333,1543.7661728733908,-0.0003093108257417,1005.7690939641182,1.8233713901947617,3.6173112629873976,3.656816655473472,0.2216252518468771,90.68087543949748,-0.000410612206906
17.7,0.8,1543.7661455694135,-0.0003366148030181,1005.7813942407994,1.8245967741935485,3.61614843884768,3.659274193548387,0.2217741935483871,90.678206399862,-0.0004084968095412
17.7,0.8666666666666667,1543.7661184071494,-0.0003637770671502,1005.7937112748452,1.8258238063214527,3.614984050721224,3.661735036987223,0.2219233355749832,90.6755337703951,-0.0004063607339048
17.7,0.9333333333333332,1543.7660913879824,-0.0003907962341145,1005.8060451004736,1.827052489905788,3.613818095450588,3.6641991924629886,0.2220726783310902,90.67285754384956,-0.0004042038362968
17.7,1.0,1543.7660645133044,-0.0004176709121566,1005.8183957519972,1.8282828282828285,3.6126505698698215,3.6666666666666674,0.2222222222222222,90.67017771295846,-0.0004020259711978
17.7,1.0666666666666669,1543.7660377845195,-0.0004443996970167,1005.8307632638206,1.829514824797844,3.611481470804445,3.669137466307278,0.2223719676549865,90.66749427043544,-0.0003998269839939
17.7,1.1333333333333333,1543.76601120304,-0.0004709811764769,1005.8431476704426,1.8307484828051248,3.610310795071416,3.671611598111936,0.222521915037087,90.66480720897444,-0.000397606727347
17.7,1.2,1543.7659847702892,-0.0004974139274054,1005.8555490064568,1.8319838056680164,3.609138539479097,3.674089068825912,0.2226720647773279,90.66211652124966,-0.0003953650484618
17.7,1.2666666666666666,1543.7659584877,-0.0005236965164385,1005.8679673065516,1.833220796758947,3.6079647008272335,3.6765698852126953,0.2228224172856178,90.65942219991553,-0.0003931017981813
17.7,1.3333333333333333,1543.765932356716,-0.0005498275004356,1005.8804026055076,1.83445945945946,3.606789275906924,3.6790540540540544,0.222972972972973,90.65672423760658,-0.0003908168218913
17.7,1.4,1543.7659063787903,-0.000575805426024,1005.8928549382038,1.835699797160244,3.605612261500581,3.6815415821501016,0.2231237322515213,90.65402262693756,-0.0003885099649778
17.7,1.4666666666666666,1543.7658805553874,-0.0006016288291448,1005.9053243396124,1.836941813261164,3.604433654381915,3.6840324763193504,0.2232746955345061,90.65131736050306,-0.0003861810728267
17.7,1.5333333333333332,1543.7658548879808,-0.0006272962357343,1005.917810844802,1.8381855111712933,3.6032534513159,3.686526743398782,0.2234258632362898,90.64860843087774,-0.0003838299926428
17.7,1.6,1543.765829378055,-0.0006528061614972,1005.9303144889373,1.8394308943089432,3.602071649058737,3.689024390243903,0.2235772357723577,90.64589583061608,-0.0003814565607171
17.7,1.6666666666666667,1543.765804027106,-0.000678157110542,1005.9428353072788,1.840677966101695,3.600888244357836,3.6915254237288138,0.223728813559322,90.64317955225232,-0.0003790606224356
17.7,1.7333333333333334,1543.765778836639,-0.0007033475776552,1005.9553733351848,1.841926729986432,3.599703233951777,3.694029850746269,0.2238805970149253,90.6404595883006,-0.0003766420231841
17.7,1.8,1543.7657538081696,-0.0007283760469363,1005.96792860811,1.843177189409369,3.598516614570287,3.69653767820774,0.2240325865580448,90.63773593125455,-0.0003742005883395
17.7,1.8666666666666667,1543.765728943227,-0.0007532409895247,1005.9805011616064,1.8444293478260871,3.5973283829342013,3.69904891304348,0.2241847826086956,90.63500857358753,-0.0003717361723829
17.7,1.933333333333333,1543.7657042433468,-0.0007779408697388,1005.993091031323,1.8456832087015635,3.596138535755443,3.7015635622025833,0.2243371855880353,90.63227750775236,-0.0003692486043291
17.7,2.0,1543.7656797100797,-0.0008024741368899,1006.0056982530092,1.846938775510204,3.594947069736986,3.704081632653061,0.2244897959183673,90.62954272618136,-0.0003667377168312
17.7,2.0666666666666664,1543.765655344985,-0.0008268392318768,1006.0183228625104,1.8481960517358744,3.5937539815728257,3.706603131381892,0.2246426140231449,90.62680422128624,-0.000364203357094
17.7,2.1333333333333333,1543.765631149632,-0.000851034584457,1006.0309648957716,1.8494550408719348,3.592559267947952,3.709128065395096,0.2247956403269755,90.62406198545804,-0.0003616453486756
17.7,2.2,1543.765607125605,-0.0008750586116548,1006.0436243888372,1.850715746421268,3.5913629255383137,3.7116564417177913,0.2249488752556237,90.621316011067,-0.0003590635296859
17.7,2.2666666666666666,1543.765583274495,-0.0008989097216272,1006.0563013778504,1.8519781718963164,3.59016495101079,3.71418826739427,0.2251023192360163,90.6185662904626,-0.0003564577255019
17.7,2.333333333333333,1543.765559597908,-0.0009225863084338,1006.068995899054,1.8532423208191124,3.5889653410231603,3.716723549488055,0.2252559726962457,90.61581281597344,-0.0003538277687766
17.7,2.4,1543.765536097459,-0.0009460867574944,1006.081707988792,1.8545081967213115,3.5877640922240728,3.719262295081968,0.2254098360655737,90.61305557990708,-0.00035117349762
17.7,2.466666666666667,1543.7655127747753,-0.0009694094412679,1006.094437683508,1.855775803144224,3.586561201253012,3.721804511278195,0.2255639097744361,90.61029457455012,-0.0003484947283141
17.7,2.533333333333333,1543.7654896314953,-0.0009925527212999,1006.1071850197462,1.8570451436388509,3.5853566647402646,3.724350205198358,0.2257181942544459,90.60752979216808,-0.0003457912916928
17.7,2.6,1543.76546666927,-0.0010155149466299,1006.1199500341525,1.858316221765914,3.5841504793068992,3.726899383983573,0.2258726899383983,90.6047612250052,-0.0003430630131333
17.7,2.6666666666666665,1543.7654438897605,-0.0010382944562934,1006.1327327634737,1.8595890410958908,3.5829426415647214,3.729452054794521,0.226027397260274,90.6019888652846,-0.0003403097234695
17.7,2.7333333333333334,1543.7654212946402,-0.0010608895763652,1006.1455332445591,1.860863605209048,3.5817331481162475,3.732008224811515,0.2261823166552433,90.59921270520796,-0.0003375312371645
17.7,2.8,1543.7653988855952,-0.0010832986213245,1006.1583515143598,1.8621399176954727,3.580521995554676,3.734567901234569,0.2263374485596708,90.59643273695562,-0.0003347273832332
17.7,2.8666666666666667,1543.7653766643225,-0.0011055198940539,1006.1711876099296,1.863417982155113,3.579309180463849,3.73713109128346,0.2264927934111187,90.59364895268646,-0.0003318979761388
17.7,2.933333333333333,1543.7653546325316,-0.0011275516849309,1006.1840415684248,1.8646978021978025,3.5780946994182288,3.7396978021978025,0.2266483516483516,90.5908613445378,-0.0003290428430773
17.7,3.0,1543.7653327919436,-0.0011493922729641,1006.1969134271052,1.8659793814432992,3.576878548982855,3.742268041237114,0.2268041237113402,90.5880699046254,-0.0003261617875978
17.7,3.0666666666666664,1543.7653111442933,-0.0011710399232924,1006.2098032233348,1.8672627235213208,3.575660725713319,3.7448418156808807,0.2269601100412655,90.5852746250432,-0.0003232546441722
17.7,3.1333333333333333,1543.7652896913246,-0.0011924928919597,1006.22271099458,1.8685478320715765,3.574441226155732,3.747419132828631,0.227116311080523,90.58247549786353,-0.0003203212236257
17.7,3.2,1543.7652684347968,-0.0012137494197759,1006.235636778414,1.8698347107438016,3.5732200468466875,3.75,0.2272727272727273,90.57967251513678,-0.0003173613386024
17.7,3.2666666666666666,1543.7652473764792,-0.0012348077373189,1006.2485806125125,1.8711233631977948,3.571997184313234,3.752584424534804,0.2274293590627153,90.57686566889146,-0.0003143747999274
17.7,3.333333333333333,1543.7652265181566,-0.0012556660599329,1006.2615425346564,1.8724137931034484,3.5707726350728386,3.755172413793104,0.2275862068965517,90.57405495113406,-0.0003113614220637
17.7,3.4,1543.7652058616231,-0.0012763225934122,1006.2745225827332,1.873706004140787,3.569546395633352,3.75776397515528,0.2277432712215321,90.57124035384903,-0.0003083210176555
17.7,3.466666666666667,1543.7651854086878,-0.0012967755287718,1006.2875207947357,1.875,3.568318462492983,3.7603591160221,0.2279005524861878,90.56842186899873,-0.0003052533902518
17.7,3.533333333333333,1543.765165161171,-0.001317023045658,1006.3005372087632,1.876295784381479,3.5670888321402567,3.762957843814789,0.2280580511402902,90.56559948852316,-0.0003021583615918
17.7,3.6,1543.7651451209065,-0.0013370633100748,1006.3135718630208,1.8775933609958508,3.5658575010539866,3.765560165975104,0.2282157676348548,90.5627732043402,-0.0002990357170347
17.7,3.6666666666666665,1543.7651252897415,-0.0013568944748385,1006.3266247958206,1.878892733564014,3.564624465703236,3.768166089965398,0.2283737024221453,90.5599430083452,-0.0002958852801384
17.7,3.733333333333333,1543.765105669536,-0.0013765146804871,1006.3396960455832,1.8801939058171744,3.5633897225472912,3.770775623268698,0.2285318559556786,90.55710889241116,-0.0002927068489952
17.7,3.8,1543.7650862621615,-0.0013959220548258,1006.352785650834,1.881496881496881,3.562153268035621,3.773388773388773,0.2286902286902286,90.55427084838848,-0.0002895002253353
17.7,3.866666666666666,1543.765067069506,-0.0014151147104257,1006.3658936502102,1.8828016643550625,3.560915098607846,3.776005547850208,0.2288488210818308,90.55142886810506,-0.0002862652090698
17.7,3.933333333333333,1543.7650480934672,-0.0014340907493988,1006.379020082455,1.88410825815406,3.5596752106937024,3.7786259541984735,0.2290076335877862,90.548582943366,-0.0002830016073858
17.7,4.0,1543.7650293359586,-0.0014528482579407,1006.3921649864204,1.8854166666666667,3.5584336007130126,3.78125,0.2291666666666666,90.54573306595366,-0.0002797092074615
17.7,4.066666666666666,1543.765010798906,-0.001471385310424,1006.405328401069,1.886726893676164,3.5571902650756426,3.783877692842252,0.2293259207783182,90.5428792276276,-0.0002763878164842
17.7,4.133333333333333,1543.76499248425,-0.0014896999666689,1006.4185103654715,1.888038942976356,3.555945200181476,3.786509040333797,0.2294853963838665,90.5400214201245,-0.0002730372234509
17.7,4.2,1543.764974393943,-0.0015077902735356,1006.4317109188096,1.8893528183716075,3.554698402420372,3.789144050104384,0.2296450939457202,90.53715963515792,-0.0002696572319109
17.7,4.266666666666667,1543.7649565299523,-0.0015256542640145,1006.4449301003744,1.89066852367688,3.553449868172136,3.7917827298050137,0.2298050139275766,90.5342938644184,-0.0002662476217665
17.7,4.333333333333333,1543.76493889426,-0.0015432899565439,1006.4581679495684,1.8919860627177705,3.5521995938064808,3.794425087108016,0.2299651567944251,90.5314240995733,-0.0002628081947477
17.7,4.4,1543.7649214888595,-0.0015606953568294,1006.4714245059052,1.893305439330544,3.5509475756829927,3.797071129707114,0.2301255230125523,90.5285503322668,-0.0002593387398519
17.7,4.466666666666667,1543.7649043157614,-0.001577868455115,1006.4846998090096,1.8946266573621773,3.549693810151099,3.799720865317517,0.2302861130495464,90.52567255411968,-0.0002558390388003
17.7,4.533333333333333,1543.764887376988,-0.0015948072284572,1006.4979938986182,1.8959497206703912,3.5484382935500256,3.8023743016759775,0.2304469273743017,90.52279075672932,-0.000252308887866
17.7,4.6,1543.7648706745763,-0.0016115096400426,1006.5113068145804,1.8972746331236896,3.547181022208769,3.8050314465408808,0.230607966457023,90.51990493166964,-0.0002487480669515
17.7,4.666666666666667,1543.764854210579,-0.0016279736375963,1006.524638596858,1.8986013986013988,3.5459219924460568,3.807692307692308,0.2307692307692307,90.517015070491,-0.0002451563614158
17.7,4.733333333333333,1543.7648379870618,-0.0016441971547465,1006.537989285526,1.8999300209937025,3.54466120057031,3.8103568929321208,0.2309307207837649,90.5141211647201,-0.0002415335529803
17.7,4.8,1543.7648220061053,-0.0016601781112512,1006.551358920772,1.9012605042016808,3.543398642879612,3.8130252100840334,0.2310924369747899,90.51122320585988,-0.0002378794233663
17.7,4.866666666666666,1543.7648062698054,-0.0016759144111802,1006.5647475428988,1.9025928521373512,3.5421343156616665,3.8156972669936935,0.2312543798177996,90.50832118538948,-0.0002341937524761
17.7,4.933333333333334,1543.7647907802716,-0.0016914039449602,1006.5781551923236,1.9039270687237029,3.540868215193766,3.818373071528752,0.2314165497896213,90.50541509476416,-0.0002304763202118
17.7,5.0,1543.7647755396292,-0.0017066445873297,1006.5915819095768,1.9052631578947368,3.539600337742753,3.821052631578948,0.231578947368421,90.50250492541517,-0.0002267269010189
17.7,5.066666666666666,1543.7647605500183,-0.0017216341982475,1006.6050277353048,1.9066011235955056,3.5383306795649823,3.82373595505618,0.2317415730337079,90.49959066874963,-0.0002229452693427
17.7,5.133333333333333,1543.7647458135934,-0.0017363706231208,1006.6184927102702,1.9079409697821503,3.537059236906288,3.826423049894589,0.2319044272663387,90.49667231615064,-0.0002191311978094
17.7,5.2,1543.7647313325251,-0.0017508516914404,1006.6319768753503,1.909282700421941,3.53578600600194,3.829113924050633,0.2320675105485232,90.49374985897695,-0.0002152844681404
17.7,5.266666666666667,1543.7647171089975,-0.0017650752188274,1006.6454802715392,1.9106263194933144,3.534510983076616,3.831808585503167,0.2322308233638282,90.49082328856306,-0.0002114048365911
17.7,5.333333333333333,1543.7647031452136,-0.0017790390029404,1006.6590029399476,1.911971830985916,3.533234164344356,3.8345070422535215,0.2323943661971831,90.48789259621904,-0.0002074920703307
17.7,5.4,1543.764689443388,-0.0017927408284776,1006.6725449218042,1.9133192389006344,3.531955546008524,3.8372093023255816,0.2325581395348837,90.48495777323038,-0.0002035459583566
17.7,5.466666666666667,1543.7646760057526,-0.001806178463994,1006.6861062584546,1.914668547249648,3.530675124261783,3.839915373765868,0.232722143864598,90.4820188108581,-0.0001995662423723
17.7,5.533333333333333,1543.7646628345558,-0.0018193496607636,1006.6996869913615,1.9160197600564568,3.529392895286041,3.842625264643613,0.2328863796753705,90.47907570033853,-0.0001955526968231
17.7,5.6,1543.7646499320597,-0.0018322521568734,1006.7132871621084,1.9173728813559323,3.528108855252425,3.845338983050848,0.2330508474576271,90.47612843288316,-0.0001915050834213
17.7,5.666666666666667,1543.7646373005446,-0.0018448836719926,1006.7269068123952,1.9187279151943464,3.526823000321233,3.8480565371024738,0.2332155477031802,90.47317699967876,-0.0001874231602414
17.7,5.733333333333333,1543.764624942305,-0.0018572419114661,1006.7405459840425,1.92008486562942,3.525535326641908,3.850777934936351,0.2333804809052334,90.4702213918871,-0.0001833066871768
17.7,5.8,1543.764612859653,-0.0018693245635859,1006.75420471899,1.921443736730361,3.5242458303529864,3.853503184713376,0.2335456475583864,90.46726160064487,-0.0001791554223018
17.7,5.866666666666666,1543.7646010549156,-0.0018811293009548,1006.767883059298,1.9228045325779035,3.522954507582069,3.856232294617564,0.2337110481586402,90.4642976170638,-0.0001749691200529
17.7,5.933333333333334,1543.764589530437,-0.0018926537795778,1006.781581047147,1.924167257264352,3.52166135444578,3.8589652728561306,0.2338766832034018,90.46132943223034,-0.0001707475385046
17.7,6.0,1543.7645782885772,-0.001903895639316,1006.795298724838,1.925531914893617,3.5203663670497214,3.861702127659575,0.2340425531914893,90.4583570372056,-0.0001664904211793
17.7,6.066666666666666,1543.7645673317145,-0.0019148525022956,1006.8090361347956,1.9268985095812632,3.519069541488445,3.86444286728176,0.2342086586231369,90.4553804230254,-0.0001621975152374
17.7,6.133333333333333,1543.7645566622418,-0.0019255219747265,1006.8227933195632,1.9282670454545447,3.517770873845405,3.8671875,0.2343749999999999,90.45239958070005,-0.0001578685805725
17.7,6.2,1543.76454628257,-0.0019359016466751,1006.8365703218084,1.9296375266524524,3.5164703601929244,3.869936034115139,0.2345415778251599,90.44941450121432,-0.0001535033661639
17.7,6.266666666666667,1543.7645361951263,-0.0019459890902453,1006.8503671843208,1.931009957325747,3.5151679965921456,3.872688477951636,0.2347083926031294,90.44642517552737,-0.0001491016028012
17.7,6.333333333333333,1543.764526402356,-0.001955781860488,1006.8641839500144,1.9323843416370108,3.5138637790930027,3.875444839857652,0.2348754448398576,90.44343159457247,-0.0001446630467398
17.7,6.4,1543.76451690672,-0.0019652774965379,1006.8780206619256,1.933760683760684,3.512557703734174,3.8782051282051286,0.235042735042735,90.44043374925728,-0.0001401874324074
17.7,6.466666666666667,1543.7645077106984,-0.001974473518203,1006.8918773632148,1.935138987883108,3.5112497665430467,3.8809693513898793,0.2352102637205987,90.43743163046337,-0.0001356745015073
17.7,6.533333333333333,1543.7644988167865,-0.0019833674300571,1006.9057540971672,1.936519258202568,3.509939963535667,3.8837375178316695,0.2353780313837375,90.43442522904635,-0.0001311239957431
17.7,6.6,1543.764490227499,-0.0019919567175747,1006.9196509071932,1.9379014989293364,3.508628290716715,3.886509635974305,0.2355460385438972,90.43141453583574,-0.0001265356295334
17.7,6.666666666666667,1543.764481945369,-0.0020002388475859,1006.9335678368294,1.9392857142857145,3.5073147440794505,3.889285714285714,0.2357142857142857,90.42839954163485,-0.0001219091645907
17.7,6.733333333333333,1543.7644739729435,-0.0020082112728232,1006.9475049297358,1.940671908506076,3.5059993196056767,3.8920657612580416,0.2358827734095782,90.42538023722062,-0.0001172443280665
17.7,6.8,1543.764466312792,-0.0020158714246463,1006.961462229702,1.94206008583691,3.5046820132657044,3.8948497854077258,0.2360515021459227,90.42235661334377,-0.0001125408343796
17.7,6.866666666666666,1543.7644589674992,-0.0020232167173617,1006.9754397806408,1.943450250536865,3.503362821018301,3.897637795275591,0.2362204724409449,90.41932866072833,-0.0001077984234143
17.7,6.933333333333334,1543.7644519396686,-0.0020302445479956,1006.9894376265952,1.9448424068767909,3.5020417388106586,3.9004297994269344,0.2363896848137535,90.41629637007188,-0.0001030168259603
17.7,7.0,1543.7644452319223,-0.0020369522942473,1007.0034558117352,1.946236559139785,3.500718762578345,3.903225806451613,0.2365591397849462,90.41325973204528,-9.81957546173362e-05
17.7,7.066666666666666,1543.7644388469012,-0.0020433373153991,1007.0174943803572,1.947632711621234,3.4993938882452684,3.9060258249641326,0.236728837876614,90.41021873729277,-9.333494199381676e-05
17.7,7.133333333333333,1543.764432787263,-0.0020493969532253,1007.0315533768888,1.9490308686288589,3.49806711172363,3.908829863603733,0.2368987796123474,90.40717337643144,-8.843410250847228e-05
17.7,7.2,1543.7644270556875,-0.0020551285290366,1007.0456328458854,1.950431034482759,3.496738428913885,3.911637931034483,0.2370689655172413,90.40412364005164,-8.349295603693463e-05
17.7,7.266666666666667,1543.7644216548692,-0.0020605293473181,1007.0597328320314,1.9518332135154568,3.495407835704702,3.914450035945363,0.2372393961179008,90.40106951871655,-7.851122427382506e-05
17.7,7.333333333333333,1543.7644165875242,-0.0020655966923186,1007.0738533801426,1.9532374100719427,3.494075327972916,3.91726618705036,0.237410071942446,90.39801100296236,-7.348861618083902e-05
17.7,7.399999999999999,1543.7644118563871,-0.0020703278294149,1007.087994535164,1.9546436285097195,3.4927409015834887,3.920086393088553,0.2375809935205183,90.39494808329772,-6.842484435765073e-05
17.7,7.466666666666667,1543.7644074642117,-0.0020747200048845,1007.1021563421727,1.9560518731988472,3.491404552389465,3.922910662824208,0.2377521613832853,90.3918807502042,-6.331962140393443e-05
17.7,7.533333333333333,1543.7644034137709,-0.0020787704456779,1007.1163388463764,1.9574621485219896,3.490066276231932,3.925739005046864,0.2379235760634462,90.38880899413576,-5.8172658100374974e-05
17.7,7.6,1543.7643997078574,-0.0020824763591917,1007.1305420931152,1.9588744588744589,3.4887260689399726,3.928571428571429,0.238095238095238,90.38573280551888,-5.298365795169957e-05
17.7,7.666666666666667,1543.764396349283,-0.0020858349334957,1007.144766127862,1.96028880866426,3.487383926330624,3.931407942238268,0.2382671480144404,90.3826521747524,-4.7752326281624846e-05
17.7,7.733333333333333,1543.7643933408806,-0.0020888433359687,1007.1590109962216,1.961705202312139,3.4860398442088347,3.934248554913296,0.2384393063583815,90.37956709220737,-4.247836477588862e-05
17.7,7.8,1543.764390685501,-0.002091498715572,1007.1732767439324,1.963123644251627,3.4846938183674188,3.93709327548807,0.2386117136659436,90.37647754822692,-3.716147693921812e-05
17.7,7.866666666666666,1543.7643883860171,-0.0020937981994393,1007.187563416868,1.9645441389290883,3.483345844587012,3.939942112879885,0.2387843704775687,90.37338353312644,-3.180135536240414e-05
17.7,7.933333333333334,1543.7643864453205,-0.002095738896287,1007.2018710610342,1.9659666908037656,3.481995918636035,3.9427950760318615,0.2389572773352643,90.37028503719309,-2.639770900714211e-05
17.7,8.0,1543.7643848663229,-0.0020973178936856,1007.2161997225742,1.9673913043478264,3.480644036270635,3.945652173913044,0.2391304347826087,90.3671820506859,-2.095021227432881e-05
17.7,8.066666666666666,1543.7643836519587,-0.0020985322578326,1007.2305494477642,1.9688179840464104,3.4792901932346543,3.948513415518492,0.2393038433647571,90.36407456383569,-1.545856321172323e-05
17.7,8.133333333333333,1543.764382805181,-0.0020993790355987,1007.2449202830176,1.970246734397678,3.47793438525958,3.951378809869376,0.239477503628447,90.3609625668449,-9.92246532405261e-06
17.7,8.2,1543.7643823289634,-0.0020998552531636,1007.2593122748834,1.971677559912854,3.476576608064497,3.954248366013072,0.2396514161220043,90.35784604988756,-4.3415893742349e-06
17.7,8.266666666666666,1543.7643822263024,-0.0020999579141971,1007.2737254700484,1.97311046511628,3.475216857356051,3.957122093023256,0.2398255813953488,90.35472500310908,1.2843720469390971e-06
17.7,8.333333333333334,1543.764382500213,-0.0020996840034968,1007.2881599153362,1.9745454545454548,3.4738551288283914,3.96,0.24,90.35159941662616,6.955733624636196e-06
17.7,8.4,1543.7643831537334,-0.0020990304831229,1007.3026156577084,1.975982532751092,3.472491418163137,3.962882096069869,0.2401746724890829,90.3484692805268,1.2672819138970226e-05
17.7,8.466666666666667,1543.7643841899223,-0.0020979942942176,1007.3170927442644,1.97742170429716,3.4711257210293245,3.965768390386016,0.2403495994173343,90.34533458487016,1.843595237005502e-05
17.7,8.533333333333333,1543.7643856118602,-0.0020965723563222,1007.3315912222436,1.978862973760933,3.469758033083364,3.9686588921282806,0.2405247813411079,90.34219531968633,2.424544800305739e-05
17.7,8.6,1543.7643874226487,-0.0020947615678323,1007.3461111390228,1.9803063457330417,3.468388349968991,3.971553610503282,0.2407002188183807,90.33905147497632,3.01016461889958e-05
17.7,8.666666666666666,1543.764389625413,-0.002092558803497,1007.360652542122,1.9817518248175183,3.4670166673172256,3.9744525547445257,0.2408759124087591,90.33590304071198,3.600486343202647e-05
17.7,8.733333333333333,1543.7643922232971,-0.0020899609194202,1007.3752154791975,1.983199415631848,3.46564298074632,3.977355734112491,0.2410518626734843,90.33275000683584,4.195543078822084e-05
17.7,8.8,1543.7643952194703,-0.0020869647462404,1007.3897999980504,1.9846491228070176,3.4642672858617134,3.980263157894737,0.2412280701754386,90.3295923632611,4.795368658960797e-05
17.7,8.866666666666667,1543.764398617122,-0.0020835670945871,1007.4044061466212,1.986100950987564,3.462889578255988,3.983174835405999,0.2414045354791514,90.3264300998713,5.3999965530238114e-05
17.7,8.933333333333334,1543.7644024194658,-0.0020797647507606,1007.419033972992,1.9875549048316248,3.4615098535088205,3.9860907759882873,0.2415812591508052,90.32326320652048,6.009460776112974e-05
17.7,9.0,1543.7644066297362,-0.0020755544803705,1007.433683525389,1.989010989010989,3.4601281071869305,3.989010989010989,0.2417582417582417,90.32009167303283,6.623794433835428e-05
17.7,9.066666666666666,1543.7644112511916,-0.0020709330249246,1007.4483548521802,1.990469208211144,3.458744334844041,3.991935483870968,0.2419354838709677,90.31691548920288,7.243032996484544e-05
17.7,9.133333333333333,1543.7644162871136,-0.0020658971029661,1007.463048001878,1.991929567131328,3.4573585320208258,3.994864269992664,0.2421129860601614,90.31373464479503,7.867210115364287e-05
17.7,9.2,1543.7644217408051,-0.0020604434114375,1007.4777630231382,1.9933920704845816,3.4559706942448583,3.997797356828194,0.2422907488986784,90.31054912954367,8.496360169374384e-05
17.7,9.266666666666666,1543.7644276155938,-0.0020545686227251,1007.4924999647616,1.994856722997796,3.4545808170305725,4.000734753857458,0.242468772961058,90.30735893315313,9.130519174505024e-05
17.7,9.333333333333334,1543.7644339148303,-0.002048269386023,1007.507258875694,1.9963235294117645,3.4531888958792067,4.003676470588236,0.2426470588235294,90.30416404529726,9.76972241915064e-05
17.7,9.4,1543.7644406418906,-0.0020415423259692,1007.5220398050272,1.9977924944812364,3.4517949262787595,4.006622516556291,0.2428256070640176,90.30096445561968,0.000104140053736
17.7,9.466666666666669,1543.764447800171,-0.0020343840456007,1007.5368428019992,1.9992636229749632,3.4503989037039373,4.009572901325479,0.2430044182621502,90.29776015373348,0.0001106340205296
17.7,9.533333333333331,1543.7644553930934,-0.0020267911231712,1007.5516679159936,2.0007369196757554,3.449000823616108,4.01252763448784,0.243183492999263,90.29455112922103,0.0001171795065602
17.7,9.6,1543.764463424105,-0.0020187601114685,1007.5665151965444,2.002212389380531,3.4476006814632525,4.015486725663717,0.243362831858407,90.2913373716341,0.0001237768701685
17.7,9.666666666666666,1543.764471896676,-0.0020102875405427,1007.5813846933296,2.0036900369003696,3.446198472679914,4.018450184501845,0.2435424354243543,90.28811887049352,0.0001304264642385
17.7,9.733333333333333,1543.7644808143004,-0.0020013699161154,1007.5962764561792,2.005169867060561,3.444794192687146,4.0214180206794685,0.2437223042836041,90.28489561528924,0.000137128672577
17.7,9.8,1543.7644901804988,-0.0019920037177598,1007.61119053507,2.0066518847006654,3.443387836892468,4.02439024390244,0.2439024390243902,90.28166759548004,0.000143883849887
17.7,9.866666666666667,1543.764499998814,-0.0019821854025394,1007.6261269801286,2.008136094674557,3.441979400689808,4.027366863905326,0.2440828402366864,90.2784348004936,0.0001506923872511
17.7,9.933333333333334,1543.764510272817,-0.0019719113995506,1007.6410858416328,2.0096225018504814,3.440568879459461,4.030347890451518,0.2442635085122131,90.27519721972632,0.0001575546521053
17.7,10.0,1543.764521006101,-0.0019611781156072,1007.6560671700096,2.0111111111111115,3.4391562685680337,4.033333333333334,0.2444444444444445,90.27195484254308,0.0001644710137043
17.7,10.066666666666666,1543.7645322022856,-0.0019499819309203,1007.6710710158392,2.012601927353596,3.43774156336839,4.036323202372128,0.2446256486286138,90.26870765827728,0.0001714418631308
17.7,10.133333333333333,1543.764543865016,-0.0019383192004625,1007.6860974298514,2.0140949554896146,3.4363247591996067,4.039317507418398,0.244807121661721,90.26545565623066,0.0001784675823728
17.7,10.2,1543.7645559979633,-0.0019261862532857,1007.7011464629296,2.0155902004454345,3.43490585138692,4.042316258351893,0.2449888641425389,90.2621988256732,0.0001855485661508
17.7,10.266666666666666,1543.7645686048247,-0.0019135793918394,1007.716218166111,2.0170876671619618,3.433484835241676,4.045319465081724,0.2451708766716196,90.258937155843,0.0001926851891767
17.7,10.333333333333334,1543.7645816893216,-0.0019004948949259,1007.7313125905844,2.018587360594796,3.4320617060612686,4.048327137546469,0.2453531598513011,90.25567063594616,0.0001998778461711
17.7,10.4,1543.7645952552043,-0.0018869290122438,1007.7464297876948,2.020089285714286,3.430636459129106,4.051339285714286,0.2455357142857143,90.2523992551566,0.0002071269464067
17.7,10.466666666666669,1543.7646093062476,-0.0018728779689354,1007.761569808939,2.0215934475055843,3.429209089714542,4.054355919583023,0.2457185405807893,90.24912300261606,0.0002144328718713
17.7,10.533333333333331,1543.764623846254,-0.0018583379626306,1007.7767327059726,2.023099850968704,3.4277795930728336,4.057377049180328,0.2459016393442623,90.24584186743388,0.0002217960354755
17.7,10.6,1543.7646388790524,-0.0018433051641295,1007.791918530604,2.0246085011185686,3.4263479644450827,4.060402684563758,0.2460850111856823,90.24255583868693,0.000229216828302
17.7,10.666666666666666,1543.7646544084978,-0.0018277757187661,1007.8071273348006,2.026119402985074,3.424914199058185,4.063432835820896,0.2462686567164179,90.23926490541945,0.0002366956650803
17.7,10.733333333333333,1543.7646704384745,-0.0018117457420885,1007.8223591706852,2.027632561613144,3.42347829212478,4.066467513069455,0.2464525765496639,90.23596905664296,0.0002442329605401
17.7,10.8,1543.7646869728924,-0.001795211324179,1007.8376140905384,2.02914798206278,3.422040238843193,4.069506726457399,0.2466367713004484,90.23266828133616,0.000251829109402
17.7,10.866666666666667,1543.7647040156892,-0.0017781685273803,1007.8528921467996,2.030665669409125,3.420600034397386,4.072550486163052,0.2468212415856395,90.2293625684448,0.0002594845445855
17.7,10.933333333333334,1543.7647215708316,-0.0017606133849312,1007.8681933920668,2.032185628742515,3.419157673956899,4.07559880239521,0.2470059880239521,90.22605190688142,0.0002671996753633
17.7,11.0,1543.7647396423126,-0.0017425419039227,1007.883517879097,2.033707865168539,3.4177131526768005,4.078651685393258,0.247191011235955,90.22273628552544,0.0002749749219219
17.7,11.066666666666666,1543.764758234155,-0.001723950061887,1007.8988656608084,2.035232383808096,3.4162664656976323,4.081709145427286,0.2473763118440779,90.2194156932229,0.0002828107189998
17.7,11.133333333333333,1543.7647773504086,-0.0017048338079348,1007.914236790278,2.0367591897974493,3.414817608145351,4.0847711927982,0.2475618904726181,90.21609011878635,0.0002907074849645
17.7,11.2,1543.764796995153,-0.0016851890638918,1007.9296313207458,2.0382882882882885,3.413366575131281,4.087837837837838,0.2477477477477477,90.21275955099485,0.0002986656509165
17.7,11.266666666666666,1543.7648171724952,-0.001665011721343,1007.9450493056132,2.039819684447784,3.4119133617520507,4.090909090909092,0.2479338842975207,90.20942397859356,0.0003066856534132
17.7,11.333333333333334,1543.7648378865729,-0.0016442976436792,1007.9604907984434,2.041353383458647,3.4104579630895424,4.093984962406015,0.2481203007518797,90.20608339029393,0.0003147679180983
17.7,11.4,1543.7648591415511,-0.0016230426654146,1007.9759558529636,2.0428893905191874,3.409000374210838,4.0970654627539504,0.2483069977426636,90.20273777477335,0.000322912899719
17.7,11.466666666666669,1543.7648809416262,-0.0016012425903682,1007.9914445230644,2.0444277108433737,3.40754059016816,4.10015060240964,0.2484939759036145,90.1993871206752,0.0003311210402898
17.7,11.533333333333331,1543.764903291023,-0.0015788931934821,1008.0069568628,2.0459683496608894,3.4060786059988155,4.103240391861342,0.2486812358703843,90.19603141660856,0.0003393927781871
17.7,11.6,1543.7649261939966,-0.0015559902199129,1008.0224929263908,2.047511312217195,3.404614416725144,4.10633484162896,0.248868778280543,90.19267065114816,0.0003477285681583
17.7,11.666666666666666,1543.7649496548322,-0.0015325293843488,1008.0380527682222,2.049056603773585,3.403148017354454,4.109433962264151,0.2490566037735849,90.18930481283422,0.0003561288594937
17.7,11.733333333333333,1543.7649736778444,-0.0015085063721471,1008.0536364428456,2.050604229607252,3.401679402878977,4.112537764350454,0.2492447129909366,90.18593389017238,0.0003645941069407
17.7,11.8,1543.7649982673795,-0.0014839168370599,1008.06924400498,2.052154195011338,3.4002085682757954,4.115646258503402,0.2494331065759637,90.1825578716335,0.0003731247743417
17.7,11.866666666666667,1543.7650234278144,-0.0014587564021439,1008.0848755095116,2.053706505295008,3.3987355085068,4.118759455370651,0.2496217851739788,90.17917674565356,0.0003817213182628
17.7,11.933333333333334,1543.7650491635554,-0.0014330206611248,1008.1005310114934,2.0552611657834974,3.397260218518624,4.1218773656320975,0.2498107494322483,90.17579050063354,0.0003903842098225
17.7,12.0,1543.7650754790425,-0.0014067051740767,1008.1162105661496,2.0568181818181817,3.395782693242586,4.125,0.25,90.17239912493922,0.0003991139201389
17.7,12.066666666666666,1543.7651023787446,-0.00137980547197,1008.1319142288723,2.058377558756634,3.3943029275946373,4.128127369219106,0.2501895375284306,90.1690026069012,0.0004079109166923
17.7,12.133333333333333,1543.765129867165,-0.0013523170518965,1008.1476420552252,2.059939301972686,3.392820916475295,4.131259484066768,0.2503793626707132,90.16560093481452,0.000416775679696
17.7,12.2,1543.7651579488354,-0.0013242353811619,1008.16339410094,2.061503416856492,3.3913366547695905,4.134396355353076,0.2505694760820046,90.16219409693883,0.0004257086857251
17.7,12.266666666666666,1543.765186628323,-0.0012955558938756,1008.179170421921,2.06306990881459,3.389850137347009,4.137537993920972,0.2507598784194529,90.15878208149796,0.0004347104168118
17.7,12.333333333333334,1543.7652159102242,-0.0012662739923143,1008.1949710742468,2.064638783269962,3.388361359061426,4.140684410646388,0.2509505703422053,90.15536487668004,0.0004437813568074
17.7,12.4,1543.7652457991703,-0.0012363850460133,1008.2107961141668,2.0662100456621006,3.3868703147510564,4.1438356164383565,0.2511415525114155,90.15194247063708,0.0004529220059339
17.7,12.466666666666669,1543.765276299825,-0.0012058843915383,1008.2266455981024,2.067783701447068,3.3853769992383853,4.146991622239147,0.2513328255902513,90.14851485148516,0.0004621328516805
17.7,12.533333333333331,1543.765307416884,-0.0011747673324862,1008.2425195826514,2.069359756097561,3.383881407330116,4.150152439024391,0.2515243902439024,90.14508200730404,0.0004714143888122
17.7,12.6,1543.7653391550768,-0.0011430291397118,1008.2584181245858,2.070938215102975,3.382383533817105,4.153318077803204,0.2517162471395881,90.14164392613714,0.0004807671193702
17.7,12.666666666666666,1543.7653715191666,-0.0011106650499641,1008.2743412808524,2.072519083969466,3.380883373474303,4.156488549618321,0.2519083969465649,90.13820059599136,0.0004901915563095
17.7,12.733333333333333,1543.765404513951,-0.0010776702656585,1008.2902891085744,2.074102368220016,3.379380921060695,4.159663865546219,0.2521008403361344,90.13475200483694,0.0004996881962142
17.7,12.8,1543.7654381442594,-0.0010440399571507,1008.3062616650518,2.075688073394496,3.377876171319236,4.162844036697248,0.2522935779816513,90.13129814060736,0.0005092575520393
17.7,12.866666666666667,1543.765472414958,-0.0010097692586441,1008.3222590077615,2.077276205049732,3.376369118976797,4.166029074215761,0.2524866105585309,90.12783899119916,0.0005189001440157
17.7,12.933333333333334,1543.7655073309454,-0.0009748532711455,1008.33828119436,2.078866768759571,3.374859758744094,4.169218989280245,0.2526799387442572,90.12437454447183,0.0005286164887365
17.7,13.0,1543.7655428971564,-0.0009392870601914,1008.354328282681,2.0804597701149423,3.3733480853156306,4.172413793103448,0.2528735632183908,90.1209047882476,0.0005384071118896
17.7,13.066666666666666,1543.7655791185605,-0.0009030656563027,1008.370400330739,2.082055214723926,3.37183409336964,4.175613496932515,0.2530674846625766,90.11742971031134,0.000548272539163
17.7,13.133333333333333,1543.7656160001616,-0.0008661840549848,1008.3864973967276,2.0836531082118186,3.370317777568014,4.178818112049117,0.2532617037605525,90.11394929841047,0.0005582132962445
17.7,13.2,1543.7656535469998,-0.0008286372167276,1008.402619539022,2.0852534562211984,3.3687991325562487,4.182027649769586,0.2534562211981567,90.1104635402548,0.000568229925193
17.7,13.266666666666666,1543.7656917641516,-0.0007904200649591,1008.4187668161788,2.086856264411991,3.367278152963373,4.185242121445043,0.2536510376633359,90.10697242351624,0.0005783229626104
17.7,13.333333333333334,1543.765730656728,-0.0007515274885463,1008.4349392869368,2.0884615384615386,3.3657548334018923,4.188461538461539,0.2538461538461539,90.10347593582888,0.0005884929469175
17.7,13.4,1543.765770229878,-0.0007119543386124,1008.4511370102184,2.0900692840646653,3.364229168467723,4.191685912240185,0.2540415704387991,90.09997406478864,0.0005987404238112
17.7,13.466666666666669,1543.7658104887846,-0.0006716954319472,1008.4673600451292,2.0916795069337444,3.3627011527401263,4.194915254237288,0.2542372881355932,90.09646679795324,0.0006090659480832
17.7,13.533333333333331,1543.765851438671,-0.0006307455455498,1008.48360845096,2.0932922127987665,3.361170780781648,4.198149575944488,0.2544333076329992,90.0929541228421,0.0006194700799824
17.7,13.6,1543.7658930847954,-0.0005890994211767,1008.4998822871844,2.0949074074074074,3.359638047138047,4.201388888888889,0.2546296296296296,90.08943602693604,0.0006299533615674
17.7,13.666666666666666,1543.7659354324526,-0.0005467517639772,1008.5161816134662,2.096525096525097,3.3581029463382404,4.204633204633205,0.2548262548262548,90.0859124976772,0.000640516367639
17.7,13.733333333333333,1543.7659784869777,-0.0005036972388552,1008.5325064896516,2.098145285935085,3.3565654728942302,4.207882534775889,0.2550231839258114,90.08238352246896,0.0006511596639029
17.7,13.8,1543.766022253741,-0.0004599304754719,1008.5488569757772,2.099767981438516,3.355025621301041,4.211136890951277,0.2552204176334107,90.07884908867575,0.0006618838160648
17.7,13.866666666666667,1543.7660667381529,-0.0004154460636982,1008.5652331320656,2.101393188854489,3.353483386036655,4.214396284829721,0.2554179566563467,90.0753091836228,0.0006726893934683
17.7,13.933333333333334,1543.7661119456604,-0.0003702385561155,1008.5816350189295,2.1030209140201395,3.351938761561945,4.217660728117738,0.2556158017041053,90.07176379459608,0.000683576992742
17.7,14.0,1543.766157881752,-0.0003243024646053,1008.5980626969708,2.104651162790698,3.350391742320607,4.22093023255814,0.2558139534883721,90.06821290884217,0.0006945471868675
17.7,14.066666666666666,1543.766204551952,-0.0002776322644422,1008.6145162269818,2.1062839410395657,3.348842322739097,4.224204809930179,0.2560124127230411,90.06465651356812,0.0007056005597405
17.7,14.133333333333333,1543.7662519618266,-0.0002302223899732,1008.630995669945,2.1079192546583854,3.3472904972265582,4.22748447204969,0.2562111801242236,90.06109459594114,0.0007167377116275
17.7,14.2,1543.7663001169803,-0.00018206723621,1008.6475010870364,2.1095571095571097,3.345736260174763,4.230769230769231,0.2564102564102564,90.05752714308865,0.0007279592336999
17.7,14.266666666666666,1543.7663490230575,-0.0001331611588284,1008.6640325396236,2.1111975116640744,3.344179605958035,4.234059097978227,0.2566096423017107,90.05395414209795,0.0007392657262244
17.7,14.333333333333334,1543.7663986857438,-8.349847280442191e-05,1008.6805900892672,2.11284046692607,3.342620528933186,4.237354085603113,0.2568093385214007,90.05037558001622,0.0007506577949243
17.7,14.4,1543.766449110764,-3.307345264147443e-05,1008.6971737977228,2.114485981308411,3.3410590234394526,4.240654205607477,0.2570093457943925,90.04679144385027,0.0007621360546181
17.7,14.466666666666669,1543.7665003038844,1.811966785680852e-05,1008.7137837269396,2.116134060795012,3.339495083798417,4.243959469992206,0.2572096648480125,90.04320172056636,0.0007737011110293
17.7,14.533333333333331,1543.766552270912,7.008669558672409e-05,1008.7304199390647,2.117784711388456,3.3379287043139483,4.247269890795632,0.2574102964118565,90.03960639709011,0.0007853535826143
17.7,14.6,1543.7666050176954,0.0001228334788265,1008.7470824964388,2.11943793911007,3.336359879272126,4.250585480093677,0.2576112412177986,90.03600546030633,0.0007970940987434
17.7,14.666666666666666,1543.7666585501252,0.0001763659086009,1008.7637714616016,2.12109375,3.3347886029411766,4.25390625,0.2578125,90.03239889705883,0.0008089232851489
17.7,14.733333333333333,1543.7667128741334,0.0002306899168615,1008.78048689729,2.12275215011728,3.3332148695713983,4.257232212666146,0.2580140734949179,90.02878669415026,0.0008208417748392
17.7,14.8,1543.766767995695,0.0002858114787613,1008.7972288664408,2.1244131455399065,3.3316386733950942,4.260563380281691,0.2582159624413145,90.025168838342,0.0008328502080985
17.7,14.866666666666667,1543.7668239208276,0.0003417366110625,1008.8139974321884,2.126076742364918,3.330060008626502,4.2638997650743935,0.2584181675802662,90.02154531635392,0.0008449492106592
17.7,14.933333333333334,1543.76688065559,0.0003984713735007,1008.8307926578692,2.1277429467084645,3.328478869461721,4.267241379310346,0.2586206896551725,90.0179161148643,0.0008571394409955
17.7,15.0,1543.7669382060865,0.0004560218699225,1008.8476146070196,2.129411764705883,3.3268952500786413,4.270588235294119,0.2588235294117647,90.0142812205096,0.0008694215539435
17.7,15.066666666666666,1543.766996578464,0.000514394247375,1008.8644633433792,2.1310832025117743,3.325309144636876,4.273940345368917,0.2590266875981162,90.01064061988431,0.0008817961952445
17.7,15.133333333333333,1543.7670557789124,0.0005735946958793,1008.8813389308892,2.1327572663000787,3.323720547277684,4.2772977219167325,0.2592301649646504,90.00699429954085,0.0008942640379245
17.7,15.2,1543.7671158136689,0.0006336294522952,1008.8982414336948,2.134433962264151,3.322129452123902,4.28066037735849,0.2594339622641509,90.00334224598929,0.0009068257331819
17.7,15.266666666666666,1543.7671766890105,0.0006945047937279,1008.9151709161446,2.1361132966168377,3.320535853279872,4.28402832415421,0.2596380802517703,89.99968444569731,0.0009194819594995
17.7,15.333333333333334,1543.7672384112634,0.0007562270468497,1008.9321274427942,2.1377952755905514,3.318939744831361,4.28740157480315,0.2598425196850394,89.9960208850899,0.0009322333953605
17.7,15.4,1543.7673009867965,0.0008188025799427,1008.949111078404,2.1394799054373523,3.317341120845501,4.290780141843972,0.2600472813238771,89.9923515505493,0.0009450807101529
17.7,15.466666666666669,1543.767364422025,0.000882237808355,1008.9661218879407,2.1411671924290223,3.3157399753707044,4.294164037854889,0.2602523659305993,89.98867642841478,0.0009580246041878
17.7,15.533333333333331,1543.7674287234104,0.0009465391938192,1008.9831599365806,2.1428571428571432,3.314136302436596,4.297553275453828,0.260457774269929,89.9849955049825,0.000971065759586
17.7,15.6,1543.7674938974594,0.0010117132428604,1009.0002252897056,2.144549763033176,3.312530096053932,4.300947867298579,0.2606635071090047,89.98130876650531,0.0009842048693826
17.7,15.666666666666666,1543.7675599507263,0.0010777665097521,1009.017318012909,2.1462450592885376,3.310921350214538,4.304347826086957,0.2608695652173913,89.97761619919257,0.0009974426429835
17.7,15.733333333333333,1543.767626889812,0.0011447055953794,1009.0344381719938,2.147943037974684,3.3093100588912208,4.307753164556962,0.2610759493670886,89.97391778921003,0.0010107797770615
17.7,15.8,1543.7676947213631,0.0012125371465572,1009.051585832974,2.1496437054631827,3.3076962160377,4.311163895486936,0.2612826603325415,89.97021352267963,0.0010242169846605
17.7,15.866666666666667,1543.7677634520765,0.0012812678598947,1009.0687610620744,2.1513470681458005,3.306079815588532,4.314580031695722,0.2614896988906497,89.9665033856793,0.0010377549861004
17.7,15.933333333333334,1543.7678330886947,0.0013509044781585,1009.0859639257342,2.153053132434576,3.3044608514590323,4.318001586042823,0.2616970658207772,89.9627873642428,0.0010513945089769
17.7,16.0,1543.767903638011,0.0014214537943644,1009.103194490604,2.1547619047619047,3.3028393175452,4.321428571428571,0.2619047619047619,89.95906544435955,0.0010651362717908
17.7,16.066666666666666,1543.7679751068642,0.0014929226476851,1009.1204528235507,2.15647339158062,3.301215207723641,4.324861000794281,0.2621127879269261,89.95533761197453,0.0010789810039568
17.7,16.133333333333333,1543.7680475021448,0.0015653179282253,1009.137738991656,2.1581875993640702,3.299588515851492,4.328298887122417,0.2623211446740858,89.95160385298794,0.0010929294476227
17.7,16.2,1543.7681208307906,0.0016386465740652,1009.1550530622168,2.159904534606205,3.29795923576634,4.3317422434367545,0.2625298329355608,89.94786415325514,0.001106982350393
17.7,16.266666666666666,1543.7681950997917,0.0017129155751263,1009.1723951027478,2.161624203821656,3.296327361286147,4.335191082802548,0.2627388535031847,89.94411849858646,0.0011211404635105
17.7,16.333333333333332,1543.768270316186,0.001788131969306,1009.1897651809812,2.1633466135458166,3.2946928862091736,4.338645418326693,0.2629482071713147,89.940366874747,0.0011354045309417
17.7,16.4,1543.7683464870624,0.0018643028458882,1009.2071633648684,2.1650717703349285,3.293055804313896,4.342105263157895,0.2631578947368421,89.93660926745645,0.0011497753184812
17.7,16.466666666666665,1543.7684236195616,0.0019414353450883,1009.2245897225794,2.1667996807661614,3.291416109358929,4.345570630486832,0.2633679169992019,89.93284566238889,0.0011642535973805
17.7,16.53333333333333,1543.7685017208753,0.0020195366587358,1009.2420443225054,2.1685303514376995,3.289773795082948,4.349041533546326,0.2635782747603833,89.92907604517264,0.0011788401316152
17.7,16.6,1543.768580798246,0.0020986140293643,1009.2595272332592,2.170263788968825,3.288128855204607,4.352517985611511,0.2637889688249401,89.9253004013901,0.0011935357015318
17.7,16.666666666666668,1543.7686608589688,0.0021786747522583,1009.2770385236756,2.172,3.2864812834224595,4.356,0.264,89.92151871657752,0.0012083410874765
17.7,16.733333333333334,1543.768741910391,0.0022597261745431,1009.2945782628128,2.1737389911929546,3.2848310734148822,4.359487590072058,0.2642113690952762,89.91773097622483,0.001223257082529
17.7,16.8,1543.768823959913,0.0023417756967774,1009.3121465199526,2.1754807692307696,3.2831782188399834,4.36298076923077,0.264423076923077,89.91393716577541,0.0012382844852254
17.7,16.866666666666667,1543.768907014989,0.0024248307724974,1009.329743364602,2.177225340817963,3.281522713335535,4.366479550922214,0.264635124298316,89.91013727062597,0.0012534240886452
17.7,16.933333333333334,1543.768991083125,0.0025088989084451,1009.3473688664944,2.178972712680578,3.27986455051888,4.369983948635634,0.2648475120385233,89.90633127612638,0.0012686767040577
17.7,17.0,1543.769076171883,0.0025939876663869,1009.3650230955892,2.180722891566265,3.2782037239868567,4.373493975903616,0.2650602409638554,89.90251916757941,0.0012840431409131
17.7,17.066666666666666,1543.7691622888772,0.0026801046606124,1009.3827061220746,2.182475884244373,3.276540227315715,4.377009646302251,0.2652733118971061,89.89870093024057,0.0012995242177566
17.7,17.133333333333333,1543.7692494417786,0.0027672575620272,1009.4004180163658,2.184231697506034,3.274874054061031,4.380530973451328,0.2654867256637168,89.89487654931789,0.0013151207695045
17.7,17.2,1543.7693376383131,0.0028554540965615,1009.41815884911,2.185990338164251,3.273205197757627,4.384057971014493,0.2657004830917874,89.89104600997183,0.0013308336237969
17.7,17.266666666666666,1543.7694268862615,0.0029447020451698,1009.4359286911828,2.187751813053989,3.271533651919489,4.387590652699437,0.2659145850120871,89.88720929731501,0.0013466636100929
17.7,17.333333333333332,1543.769517193461,0.0030350092445132,1009.4537276136924,2.1895161290322585,3.2698594100396763,4.391129032258065,0.2661290322580645,89.88336639641194,0.0013626115705847
17.7,17.4,1543.7696085678044,0.0031263835878689,1009.4715556879794,2.191283292978208,3.2681824655902423,4.394673123486683,0.2663438256658595,89.879517292279,0.0013786783711111
17.7,17.466666666666665,1543.769701017244,0.0032188330274038,1009.4894129856178,2.1930533117932147,3.2665028120221504,4.398222940226171,0.2665589660743134,89.87566196988415,0.0013948648629593
17.7,17.53333333333333,1543.7697945497862,0.0033123655696272,1009.5072995784146,2.19482619240097,3.2648204427651857,4.401778496362167,0.2667744543249797,89.87180041414669,0.0014111718955973
17.7,17.6,1543.769889173497,0.0034069892803927,1009.5252155384148,2.196601941747573,3.26313535122787,4.405339805825244,0.2669902912621359,89.86793260993718,0.0014276003585109
17.7,17.666666666666668,1543.7699848965003,0.0035027122839892,1009.5431609378968,2.19838056680162,3.261447530797376,4.4089068825910935,0.2672064777327935,89.86405854207712,0.0014441511157201
17.7,17.733333333333334,1543.770081726979,0.0035995427624584,1009.561135849378,2.200162074554295,3.2597569748394424,4.4124797406807135,0.2674230145867099,89.86017819533883,0.0014608250530727
17.7,17.8,1543.7701796731742,0.0036974889576413,1009.5791403456138,2.201946472019465,3.258063676698283,4.416058394160584,0.267639902676399,89.85629155444526,0.0014776230564166
17.7,17.866666666666667,1543.7702787433866,0.0037965591700412,1009.5971744995986,2.203733766233767,3.2563676296965074,4.4196428571428585,0.2678571428571429,89.85239860406973,0.0014945460261515
17.7,17.933333333333334,1543.7703789459777,0.0038967617610978,1009.6152383845664,2.2055239642567024,3.25466882713502,4.423233143785541,0.2680747359870025,89.84849932883574,0.0015115948608581
17.7,18.0,1543.770480289368,0.0039981051513677,1009.633332073994,2.207317073170732,3.252967262292944,4.426829268292683,0.2682926829268293,89.84459371331681,0.0015287704773072
17.7,18.066666666666663,1543.7705827820414,0.0041005978248449,1009.651455641598,2.209113100081367,3.251262928427529,4.4304312449145655,0.2685109845402766,89.84068174203625,0.0015460737904504
17.7,18.133333333333333,1543.77068643254,0.0042042483235036,1009.6696091613402,2.210912052117264,3.24955581877406,4.434039087947883,0.2687296416938111,89.83676339946697,0.0015635057134204
17.7,18.2,1543.7707912494698,0.00430906525321,1009.6877927074252,2.212713936430318,3.2478459265457693,4.437652811735942,0.2689486552567238,89.83283867003125,0.0015810671866347
17.7,18.266666666666666,1543.7708972414982,0.0044150572816761,1009.706006354304,2.2145187601957588,3.2461332449337443,4.4412724306688425,0.269168026101142,89.82890753810052,0.0015987591486918
17.7,18.33333333333333,1543.7710044173564,0.0045222331398235,1009.7242501766729,2.2163265306122453,3.244417767106843,4.444897959183674,0.2693877551020408,89.82496998799519,0.0016165825381904
17.7,18.4,1543.7711127858367,0.0046306016201924,1009.7425242494757,2.218137254901961,3.242699486211597,4.4485294117647065,0.2696078431372549,89.82102600398447,0.0016345383028237
17.7,18.466666666666665,1543.771222355797,0.0047401715801242,1009.760828647904,2.219950940310712,3.240978395372124,4.452166802943582,0.2698282910874898,89.8170755702861,0.0016526274157513
17.7,18.53333333333333,1543.7713331361588,0.0048509519422168,1009.7791634473994,2.22176759410802,3.239254487690032,4.45581014729951,0.2700490998363339,89.8131186710661,0.0016708508319425
17.7,18.6,1543.7714451359077,0.0049629516911409,1009.7975287236532,2.223587223587224,3.237527756244334,4.45945945945946,0.2702702702702703,89.80915529043871,0.0016892095245566
17.7,18.666666666666668,1543.7715583640952,0.0050761798786425,1009.8159245526087,2.225409836065574,3.235798194091348,4.463114754098361,0.2704918032786885,89.80518541246602,0.0017077044813049
17.7,18.73333333333333,1543.7716728298385,0.0051906456219512,1009.8343510104612,2.227235438884332,3.234065794264608,4.466776045939295,0.2707136997538967,89.80120902115787,0.0017263366880797
17.7,18.8,1543.77178854232,0.005306358103553,1009.8528081736578,2.2290640394088674,3.232330549774769,4.470443349753695,0.270935960591133,89.79722610047155,0.0017451071325922
17.7,18.866666666666667,1543.7719055107896,0.005423326573009,1009.8712961189032,2.23089564502876,3.2305924536095163,4.474116680361545,0.2711585866885785,89.7932366343116,0.0017640168280195
17.7,18.933333333333334,1543.772023744564,0.0055415603474102,1009.8898149231557,2.2327302631578947,3.228851498733465,4.477796052631579,0.2713815789473684,89.78924060652969,0.0017830667875387
17.7,19.0,1543.7721432530277,0.0056610688111504,1009.9083646636302,2.234567901234568,3.22710767808807,4.481481481481482,0.2716049382716049,89.78523800092427,0.0018022580170509
17.7,19.066666666666663,1543.772264045633,0.0057818614163807,1009.9269454178,2.236408566721582,3.2253609845915308,4.485172981878089,0.271828665568369,89.78122880124045,0.0018215915461041
17.7,19.133333333333333,1543.7723861319007,0.0059039476841462,1009.9455572633964,2.2382522671063483,3.223611411138689,4.488870568837593,0.2720527617477329,89.77721299116963,0.0018410684224363
17.7,19.2,1543.7725095214223,0.0060273372059782,1009.9642002784104,2.24009900990099,3.2218589506009425,4.492574257425742,0.2722772277227723,89.77319055434955,0.0018606896737765
17.7,19.266666666666666,1543.772634223857,0.006152039640483,1009.9828745410956,2.2419488026424443,3.2201035958261386,4.496284062758051,0.2725020644095788,89.76916147436378,0.0018804563551384
17.7,19.33333333333333,1543.7727602489365,0.006278064719936,1010.0015801299656,2.243801652892562,3.2183453396384847,4.500000000000001,0.2727272727272727,89.76512573474169,0.001900369525174
17.7,19.4,1543.7728876064605,0.0064054222439153,1010.0203171237978,2.2456575682382134,3.2165841748384443,4.503722084367246,0.2729528535980149,89.76108331895809,0.001920430242535
17.7,19.466666666666665,1543.7730163063022,0.006534122085668,1010.0390856016342,2.247516556291391,3.2148200942026417,4.507450331125828,0.2731788079470199,89.75703421043312,0.0019406395913392
17.7,19.53333333333333,1543.773146358406,0.0066641741893818,1010.0578856427824,2.2493786246893124,3.2130530904837644,4.511184755592378,0.2734051367025683,89.75297839253197,0.0019609986502473
17.7,19.6,1543.773277772789,0.0067955885724586,1010.0767173268144,2.2512437810945274,3.21128315641046,4.514925373134328,0.2736318407960199,89.74891584856466,0.0019815085124719
17.7,19.666666666666668,1543.773410559541,0.006928375324378,1010.095580733572,2.2531120331950207,3.2095102846872434,4.518672199170124,0.2738589211618257,89.74484656178579,0.0020021702694066
17.7,19.73333333333333,1543.7735447288248,0.0070625446082885,1010.1144759431648,2.254983388704319,3.2077344679943853,4.5224252491694354,0.2740863787375415,89.74077051539432,0.0020229850379109
17.7,19.8,1543.7736802908794,0.0071981066628268,1010.1334030359724,2.256857855361596,3.2059556989878244,4.526184538653366,0.2743142144638404,89.73668769253337,0.0020439539275685
17.7,19.866666666666667,1543.7738172560153,0.0073350717987068,1010.1523620926454,2.25873544093178,3.204173970299056,4.529950083194676,0.2745424292845257,89.73259807628996,0.0020650780570576
17.7,19.933333333333334,1543.7739556346205,0.0074734504037223,1010.171353194105,2.260616153205662,3.202389274535036,4.533721898417985,0.2747710241465446,89.72850164969478,0.0020863585759798
17.7,20.0,1543.7740954371586,0.0076132529420647,1010.1903764215484,2.2625,3.200601604278075,4.5375,0.275,89.72439839572192,0.0021077175770187
17.71,0.0,1543.7664821842166,0.0,1005.6348872124258,1.81,3.63,3.63,0.22,90.71,-0.0001874385179689
17.71,0.0666666666666666,1543.766469763124,-1.2421092606018648e-05,1005.647002226892,1.8112074716477653,3.628856080429889,3.632421614409607,0.2201467645096731,90.70736806900308,-0.0001851942561188
17.71,0.1333333333333333,1543.7664574916491,-2.4692567421880085e-05,1005.65913362404,1.8124165554072096,3.627710633597336,3.634846461949266,0.2202937249666221,90.70473262407955,-0.0001829400353017
17.71,0.2,1543.766445371119,-3.681309749481443e-05,1005.6712814370763,1.8136272545090184,3.626563656441691,3.637274549098197,0.220440881763527,90.70209365818756,-0.0001806658365239
17.71,0.2666666666666666,1543.766433402871,-4.87813456402364e-05,1005.6834456992948,1.8148395721925128,3.625415145894128,3.639705882352941,0.2205882352941176,90.69945116426628,-0.0001783715106284
17.71,0.3333333333333333,1543.766421588251,-6.0595965578613686e-05,1005.6956264440826,1.8160535117056853,3.6242650988776055,3.642140468227425,0.2207357859531772,90.69680513523612,-0.000176056924829
17.71,0.4,1543.7664099286142,-7.225560239021434e-05,1005.707823704913,1.817269076305221,3.623113512306844,3.644578313253012,0.2208835341365461,90.69415556399836,-0.0001737219499773
17.71,0.4666666666666667,1543.7663984253247,-8.375889183298568e-05,1005.720037515354,1.8184862692565305,3.6219603830882976,3.647019423978567,0.2210314802411252,90.69150244343548,-0.0001713664205453
17.71,0.5333333333333333,1543.766387079758,-9.510445852356496e-05,1005.732267909062,1.81970509383378,3.620805708120129,3.649463806970509,0.2211796246648793,90.6888457664107,-0.0001689902001089
17.71,0.6,1543.766375893298,-0.0001062909186657,1005.7445149197856,1.82092555331992,3.619649484292178,3.6519114688128775,0.221327967806841,90.68618552576818,-0.0001665931540628
17.71,0.6666666666666666,1543.7663648673374,-0.000117316879141,1005.7567785813642,1.822147651006712,3.6184917084859336,3.654362416107383,0.2214765100671141,90.68352171433284,-0.0001641751350689
17.71,0.7333333333333333,1543.76635400328,-0.0001281809365991,1005.7690589277308,1.8233713901947617,3.6173323775745096,3.656816655473472,0.2216252518468771,90.68085432491038,-0.000161735992151
17.71,0.8,1543.7663433025389,-0.0001388816776852,1005.781355992908,1.8245967741935485,3.6161714884226135,3.659274193548387,0.2217741935483871,90.67818335028709,-0.0001592755743331
17.71,0.8666666666666667,1543.7663327665364,-0.000149417680177,1005.7936698110136,1.8258238063214527,3.61500903788652,3.661735036987223,0.2219233355749832,90.67550878322982,-0.0001567937433719
17.71,0.9333333333333332,1543.7663223967063,-0.0001597875102561,1005.806000416256,1.827052489905788,3.613845022814036,3.664199192462988,0.2220726783310901,90.6728306164861,-0.0001542903464724
17.71,1.0,1543.7663121944902,-0.0001699897263733,1005.8183478429384,1.8282828282828285,3.6126794400444857,3.6666666666666674,0.2222222222222222,90.6701488427838,-0.0001517652344773
17.71,1.0666666666666669,1543.766302161342,-0.0001800228747015,1005.8307121254558,1.829514824797844,3.611512286408669,3.669137466307277,0.2223719676549865,90.66746345483122,-0.0001492182491347
17.71,1.1333333333333333,1543.7662922987238,-0.0001898854927731,1005.8430932982988,1.8307484828051248,3.61034355872884,3.671611598111936,0.222521915037087,90.664774445317,-0.0001466492503823
17.71,1.2,1543.7662826081084,-0.0001995761081161,1005.8554913960502,1.831983805668016,3.609173253818673,3.674089068825911,0.2226720647773279,90.66208180691008,-0.0001440580763301
17.71,1.2666666666666666,1543.76627309098,-0.0002090932364353,1005.8679064533892,1.833220796758947,3.60800136848324,3.6765698852126953,0.2228224172856178,90.6593855322595,-0.0001414445741829
17.71,1.3333333333333333,1543.7662637488318,-0.0002184353847951,1005.8803385050876,1.83445945945946,3.6068278995189735,3.679054054054054,0.2229729729729729,90.65668561399454,-0.0001388085929647
17.71,1.4,1543.766254583168,-0.0002276010486639,1005.8927875860136,1.835699797160244,3.605652843713648,3.6815415821501016,0.2231237322515213,90.65398204472449,-0.0001361499671475
17.71,1.4666666666666666,1543.7662455955028,-0.0002365887137329,1005.9052537311312,1.836941813261164,3.604476197846339,3.6840324763193504,0.2232746955345061,90.65127481703864,-0.000133468549393
17.71,1.5333333333333332,1543.766236787361,-0.0002453968552345,1005.9177369754984,1.8381855111712933,3.6032979586874014,3.686526743398782,0.2234258632362898,90.64856392350625,-0.0001307641778112
17.71,1.6,1543.766228160279,-0.0002540239374866,1005.9302373542708,1.839430894308943,3.60211812299844,3.6890243902439024,0.2235772357723577,90.64584935667637,-0.0001280366886931
17.71,1.6666666666666667,1543.766219715803,-0.0002624684138936,1005.9427549026996,1.840677966101695,3.6009366875322724,3.6915254237288138,0.223728813559322,90.6431311090779,-0.0001252859274245
17.71,1.7333333333333334,1543.766211455489,-0.000270728727628,1005.9552896561328,1.841926729986432,3.599753649032907,3.694029850746269,0.2238805970149253,90.64040917321948,-0.0001225117266585
17.71,1.8,1543.7662033809058,-0.0002788033107208,1005.9678416500155,1.843177189409369,3.5985690042355127,3.69653767820774,0.2240325865580448,90.63768354158933,-0.000119713928143
17.71,1.8666666666666667,1543.7661954936318,-0.000286690584744,1005.9804109198902,1.8444293478260871,3.597382749866381,3.69904891304348,0.2241847826086956,90.63495420665537,-0.0001168923663499
17.71,1.933333333333333,1543.766187795257,-0.0002943889594462,1005.9929975013966,1.8456832087015635,3.596194882642908,3.7015635622025833,0.2243371855880353,90.6322211608649,-0.0001140468739322
17.71,2.0,1543.7661802873818,-0.0003018968347987,1006.0056014302728,1.846938775510204,3.595005399273552,3.704081632653061,0.2244897959183673,90.6294843966448,-0.0001111772908188
17.71,2.0666666666666664,1543.7661729716183,-0.0003092125982675,1006.018222742356,1.8481960517358749,3.5938142964578126,3.706603131381893,0.224642614023145,90.62674390640127,-0.0001082834442058
17.71,2.1333333333333333,1543.7661658495892,-0.000316334627314,1006.0308614735812,1.8494550408719348,3.5926215708861924,3.709128065395096,0.2247956403269755,90.6239996825198,-0.0001053651631082
17.71,2.2,1543.76615892293,-0.0003232612866668,1006.0435176599818,1.850715746421268,3.591427219240173,3.7116564417177913,0.2249488752556237,90.62125171736515,-0.0001024222856358
17.71,2.2666666666666666,1543.7661521932844,-0.0003299909321867,1006.0561913376916,1.8519781718963164,3.5902312381921813,3.71418826739427,0.2251023192360163,90.6185000032812,-9.945464262273164e-05
17.71,2.333333333333333,1543.766145662311,-0.0003365219056377,1006.0688825429448,1.8532423208191129,3.589033624405558,3.716723549488055,0.2252559726962457,90.61574453259104,-9.64620467129862e-05
17.71,2.4,1543.766139331678,-0.0003428525385515,1006.0815913120736,1.8545081967213115,3.587834374534526,3.719262295081968,0.2254098360655737,90.6129852975966,-9.34443341975566e-05
17.71,2.466666666666667,1543.7661332030664,-0.0003489811501822,1006.094317681513,1.855775803144224,3.586633485224163,3.721804511278195,0.2255639097744361,90.610222290579,-9.040133227244952e-05
17.71,2.533333333333333,1543.7661272781668,-0.0003549060497789,1006.107061687796,1.8570451436388509,3.585430953110365,3.724350205198358,0.2257181942544459,90.60745550379796,-8.733287359063979e-05
17.71,2.6,1543.7661215586834,-0.000360625533176,1006.119823367559,1.858316221765914,3.5842267748198213,3.726899383983573,0.2258726899383983,90.6046849294923,-8.423876352026127e-05
17.71,2.6666666666666665,1543.7661160463315,-0.0003661378850665,1006.132602757539,1.8595890410958904,3.5830209469699743,3.7294520547945207,0.226027397260274,90.60191055987934,-8.111883653327823e-05
17.71,2.7333333333333334,1543.7661107428385,-0.0003714413780926,1006.1453998945752,1.860863605209048,3.581813466168997,3.732008224811515,0.2261823166552433,90.5991323871552,-7.797290709277149e-05
17.71,2.8,1543.766105649944,-0.0003765342726183,1006.1582148156084,1.8621399176954727,3.5806043290157548,3.734567901234568,0.2263374485596707,90.59635040349454,-7.480079693777952e-05
17.71,2.8666666666666667,1543.766100769399,-0.0003814148176388,1006.1710475576822,1.863417982155113,3.5793935320997767,3.73713109128346,0.2264927934111187,90.59356460105052,-7.160232235037256e-05
17.71,2.933333333333333,1543.7660961029676,-0.000386081248962,1006.1838981579424,1.8646978021978025,3.5781810720012217,3.7396978021978025,0.2266483516483516,90.5907749719548,-6.837730688857846e-05
17.71,3.0,1543.7660916524246,-0.0003905317919361,1006.1967666536398,1.8659793814432992,3.5769669452908475,3.742268041237114,0.2268041237113402,90.5879815083174,-6.512556501547806e-05
17.71,3.0666666666666664,1543.766087419559,-0.0003947646575852,1006.2096530821268,1.8672627235213204,3.575751148529977,3.74484181568088,0.2269601100412654,90.58518420222656,-6.184690391819458e-05
17.71,3.1333333333333333,1543.7660834061708,-0.0003987780457919,1006.2225574808608,1.8685478320715765,3.5745336782704684,3.747419132828631,0.227116311080523,90.5823830457488,-5.854114351677708e-05
17.71,3.2,1543.766079614073,-0.0004025701434784,1006.2354798874028,1.8698347107438016,3.57331453105468,3.75,0.2272727272727273,90.5795780309288,-5.520809281733818e-05
17.71,3.2666666666666666,1543.7660760450915,-0.0004061391248342,1006.24842033942,1.8711233631977948,3.572093703415437,3.752584424534804,0.2274293590627153,90.57676914978926,-5.184756264497992e-05
17.71,3.333333333333333,1543.7660727010648,-0.0004094831517704,1006.2613788746826,1.872413793103448,3.5708711918760017,3.7551724137931033,0.2275862068965517,90.57395639433088,-4.845936200581491e-05
17.71,3.4,1543.7660695838435,-0.0004126003730107,1006.2743555310678,1.873706004140787,3.569646992950039,3.75776397515528,0.2277432712215321,90.57113975653236,-4.5043305362924e-05
17.71,3.466666666666667,1543.7660666952909,-0.0004154889256824,1006.287350346557,1.875,3.5684211031415822,3.7603591160221,0.2279005524861878,90.56831922835012,-4.159919626545161e-05
17.71,3.533333333333333,1543.766064037284,-0.0004181469325885,1006.3003633592402,1.8762957843814791,3.567193518945,3.7629578438147897,0.2280580511402903,90.56549480171844,-3.812683280557394e-05
17.71,3.6,1543.7660616117132,-0.0004205725033443,1006.3133946073108,1.8775933609958508,3.565964236844965,3.765560165975104,0.2282157676348548,90.56266646854922,-3.4626025808393024e-05
17.71,3.6666666666666665,1543.7660594204806,-0.000422763735969,1006.3264441290715,1.878892733564014,3.564733253316417,3.768166089965398,0.2283737024221453,90.55983422073204,-3.109657882305328e-05
17.71,3.733333333333333,1543.7660574655029,-0.0004247187137025,1006.339511962932,1.8801939058171744,3.5635005648245346,3.770775623268698,0.2285318559556786,90.55699805013391,-2.753828994173091e-05
17.71,3.8,1543.7660557487086,-0.0004264355079612,1006.3525981474072,1.881496881496881,3.562266167824693,3.7733887733887737,0.2286902286902287,90.5541579485994,-2.395096089458093e-05
17.71,3.866666666666666,1543.7660542720414,-0.0004279121751551,1006.3657027211236,1.8828016643550625,3.5610300587624386,3.776005547850208,0.2288488210818308,90.55131390795046,-2.033438977377955e-05
17.71,3.933333333333333,1543.7660530374565,-0.0004291467600978,1006.3788257228136,1.88410825815406,3.559792234073449,3.7786259541984735,0.2290076335877862,90.54846591998624,-1.6688378309481777e-05
17.71,4.0,1543.7660520469242,-0.0004301372923691,1006.3919671913196,1.8854166666666667,3.5585526901835025,3.78125,0.2291666666666666,90.54561397648315,-1.30127136799274e-05
17.71,4.066666666666666,1543.7660513024275,-0.0004308817888158,1006.405127165592,1.8867268936761643,3.557311423508442,3.783877692842252,0.2293259207783183,90.54275806919485,-9.307199434260838e-06
17.71,4.133333333333333,1543.766050805964,-0.000431378252415,1006.4183056846914,1.888038942976356,3.5560684304541392,3.786509040333797,0.2294853963838665,90.53989818985184,-5.571622750721872e-06
17.71,4.2,1543.7660505595447,-0.000431624671819,1006.431502787789,1.8893528183716075,3.5548237074164617,3.789144050104384,0.2296450939457202,90.53703433016184,-1.805774445529096e-06
17.71,4.266666666666667,1543.7660505651943,-0.0004316190222652,1006.444718514165,1.89066852367688,3.5535772507812395,3.7917827298050137,0.2298050139275766,90.53416648180928,1.990551027120091e-06
17.71,4.333333333333333,1543.7660508249517,-0.0004313592648941,1006.4579529032104,1.8919860627177705,3.5523290569242256,3.794425087108016,0.2299651567944251,90.53129463645556,5.817566488985904e-06
17.71,4.4,1543.7660513408698,-0.0004308433467485,1006.4712059944294,1.893305439330544,3.551079122211066,3.797071129707114,0.2301255230125523,90.52841878573872,9.675484761828557e-06
17.71,4.466666666666667,1543.7660521150165,-0.0004300692000924,1006.4844778274344,1.8946266573621773,3.54982744299726,3.799720865317517,0.2302861130495464,90.5255389212735,1.3564520486397669e-05
17.71,4.533333333333333,1543.7660531494726,-0.0004290347440019,1006.4977684419524,1.895949720670391,3.5485740156281254,3.8023743016759775,0.2304469273743016,90.5226550346512,1.7484886484453455e-05
17.71,4.6,1543.7660544463347,-0.0004277378818642,1006.5110778778212,1.8972746331236896,3.5473188364387704,3.8050314465408808,0.230607966457023,90.51976711743964,2.143681012967136e-05
17.71,4.666666666666667,1543.7660560077138,-0.0004261765027422,1006.5244061749916,1.8986013986013988,3.5460619017540456,3.807692307692308,0.2307692307692307,90.516875161183,2.542049332987517e-05
17.71,4.733333333333333,1543.766057835734,-0.000424348482511,1006.5377533735272,1.8999300209937025,3.544803207888516,3.8103568929321208,0.2309307207837649,90.5139791574019,2.943616891570855e-05
17.71,4.8,1543.7660599325363,-0.0004222516802201,1006.5511195136054,1.9012605042016808,3.543542751146423,3.8130252100840334,0.2310924369747899,90.51107909759308,3.3484058803878725e-05
17.71,4.866666666666666,1543.766062300275,-0.0004198839415039,1006.5645046355176,1.9025928521373512,3.542280527821652,3.8156972669936935,0.2312543798177996,90.50817497322952,3.756437945412472e-05
17.71,4.933333333333334,1543.7660649411202,-0.000417243096308,1006.5779087796698,1.9039270687237029,3.5410165341976865,3.818373071528752,0.2314165497896213,90.50526677576023,4.167735460214317e-05
17.71,5.0,1543.7660678572558,-0.0004143269607084,1006.5913319865816,1.9052631578947368,3.5397507665475825,3.821052631578948,0.231578947368421,90.50235449661032,4.582321707857773e-05
17.71,5.066666666666666,1543.7660710508826,-0.0004111333339551,1006.6047742968876,1.9066011235955056,3.538483221133924,3.82373595505618,0.2317415730337078,90.49943812718068,5.000219425710384e-05
17.71,5.133333333333333,1543.7660745242151,-0.0004076600014286,1006.6182357513394,1.9079409697821503,3.537213894208793,3.826423049894589,0.2319044272663387,90.49651765884812,5.421451533038635e-05
17.71,5.2,1543.7660782794846,-0.000403904731911,1006.6317163908031,1.909282700421941,3.535942782013725,3.829113924050633,0.2320675105485232,90.49359308296516,5.84604076721007e-05
17.71,5.266666666666667,1543.7660823189362,-0.0003998652803147,1006.6452162562624,1.9106263194933149,3.5346698807796777,3.831808585503168,0.2322308233638283,90.49066439086002,6.274010411289055e-05
17.71,5.333333333333333,1543.7660866448318,-0.0003955393847263,1006.6587353888156,1.9119718309859155,3.533395186726989,3.834507042253521,0.2323943661971831,90.48773157383638,6.705384294036776e-05
17.71,5.4,1543.7660912594486,-0.0003909247679985,1006.6722738296804,1.9133192389006344,3.532118696065349,3.8372093023255816,0.2325581395348837,90.48479462317356,7.140185516618658e-05
17.71,5.466666666666667,1543.7660961650793,-0.000386019137295,1006.6858316201908,1.914668547249648,3.530840404993747,3.839915373765868,0.232722143864598,90.48185353012614,7.578438271593768e-05
17.71,5.533333333333333,1543.7661013640331,-0.000380820183409,1006.6994088017988,1.9160197600564568,3.52956030970045,3.8426252646436136,0.2328863796753705,90.4789082859241,8.020166205824353e-05
17.71,5.6,1543.7661068586342,-0.0003753255823539,1006.7130054160756,1.9173728813559323,3.528278406362953,3.845338983050848,0.2330508474576271,90.47595888177264,8.46539387566736e-05
17.71,5.666666666666667,1543.7661126512248,-0.0003695329917263,1006.7266215047104,1.9187279151943464,3.5269946911479475,3.8480565371024738,0.2332155477031802,90.47300530885204,8.914145655580796e-05
17.71,5.733333333333333,1543.7661187441618,-0.000363440054798,1006.7402571095114,1.92008486562942,3.52570916021128,3.850777934936351,0.2333804809052334,90.47004755831772,9.366444646730088e-05
17.71,5.8,1543.7661251398176,-0.0003570443989246,1006.753912272408,1.9214437367303607,3.524421809697915,3.853503184713376,0.2335456475583864,90.46708562129996,9.822315769270062e-05
17.71,5.866666666666666,1543.7661318405828,-0.0003503436337268,1006.767587035448,1.922804532577904,3.523132635741896,3.856232294617564,0.2337110481586402,90.464119488904,0.0001028178539854
17.71,5.933333333333334,1543.7661388488648,-0.0003433353517721,1006.7812814408002,1.924167257264352,3.5218416344663086,3.8589652728561306,0.2338766832034018,90.4611491522098,0.0001074487718142
17.71,6.0,1543.766146167086,-0.0003360171306212,1006.7949955307548,1.925531914893617,3.5205488019832383,3.861702127659575,0.2340425531914893,90.45817460227208,0.0001121161621995
17.71,6.066666666666666,1543.7661537976862,-0.0003283865303274,1006.8087293477236,1.926898509581264,3.5192541343937336,3.864442867281761,0.234208658623137,90.45519583012012,0.0001168202816188
17.71,6.133333333333333,1543.7661617431231,-0.0003204410932085,1006.8224829342388,1.9282670454545456,3.5179576277877658,3.8671875,0.234375,90.45221282675767,0.0001215613774547
17.71,6.2,1543.76617000587,-0.0003121783465758,1006.836256332957,1.9296375266524524,3.5166592782441928,3.869936034115139,0.2345415778251599,90.44922558316306,0.0001263397170987
17.71,6.266666666666667,1543.766178588419,-0.0003035957975043,1006.8500495866556,1.9310099573257469,3.515359081830713,3.872688477951636,0.2347083926031294,90.44623409028878,0.0001311555588472
17.71,6.333333333333333,1543.7661874932778,-0.0002946909387446,1006.8638627382362,1.9323843416370108,3.514057034603834,3.875444839857652,0.2348754448398576,90.44323833906164,0.0001360091446258
17.71,6.4,1543.7661967229717,-0.0002854612448572,1006.8776958307226,1.933760683760684,3.512753132608825,3.8782051282051286,0.235042735042735,90.44023832038263,0.0001409007563779
17.71,6.466666666666667,1543.7662062800453,-0.0002759041713034,1006.8915489072654,1.935138987883108,3.511447371879683,3.8809693513898793,0.2352102637205987,90.43723402512671,0.000145830650581
17.71,6.533333333333333,1543.7662161670585,-0.0002660171580828,1006.9054220111371,1.936519258202568,3.510139748439085,3.883737517831669,0.2353780313837375,90.43422544414294,0.0001507990873506
17.71,6.6,1543.7662263865902,-0.0002557976263233,1006.9193151857356,1.9379014989293364,3.50883025829836,3.886509635974305,0.2355460385438972,90.43121256825413,0.0001558063486299
17.71,6.666666666666667,1543.766236941238,-0.000245242978508,1006.933228474586,1.9392857142857145,3.507518897457433,3.889285714285714,0.2357142857142857,90.42819538825684,0.0001608526872587
17.71,6.733333333333333,1543.7662478336154,-0.0002343506012039,1006.947161921336,1.940671908506076,3.506205661904797,3.892065761258042,0.2358827734095783,90.42517389492151,0.0001659383797232
17.71,6.8,1543.7662590663554,-0.0002231178611964,1006.9611155697634,1.94206008583691,3.5048905476174634,3.894849785407725,0.2360515021459227,90.42214807899197,0.0001710637025098
17.71,6.866666666666666,1543.766270642109,-0.0002115421075359,1006.9750894637684,1.943450250536865,3.5035735505609296,3.897637795275591,0.2362204724409449,90.41911793118568,0.000176228926648
17.71,6.933333333333334,1543.7662825635457,-0.0001996206710828,1006.9890836473824,1.9448424068767909,3.502254666689128,3.9004297994269344,0.2363896848137535,90.41608344219338,0.0001814343304431
17.71,7.0,1543.7662948333532,-0.0001873508633707,1007.0030981647628,1.9462365591397848,3.500933891944392,3.903225806451613,0.2365591397849462,90.41304460267926,0.0001866801958385
17.71,7.066666666666666,1543.7663074542384,-0.0001747299781982,1007.0171330601949,1.9476327116212333,3.4996112222574105,3.906025824964132,0.236728837876614,90.4100014032806,0.0001919667975016
17.71,7.133333333333333,1543.7663204289263,-0.0001617552902644,1007.0311883780918,1.9490308686288589,3.498286653547189,3.908829863603733,0.2368987796123474,90.40695383460788,0.0001972944246517
17.71,7.2,1543.7663337601614,-0.000148424055169,1007.0452641629988,1.950431034482759,3.496960181721005,3.911637931034483,0.2370689655172413,90.40390188724452,0.0002026633537752
17.71,7.266666666666667,1543.766347450707,-0.0001347335096397,1007.059360459587,1.9518332135154568,3.495631802674366,3.914450035945364,0.2372393961179008,90.40084555174693,0.0002080738777294
17.71,7.333333333333333,1543.766361503345,-0.0001206808715323,1007.0734773126596,1.9532374100719427,3.4943015122909693,3.91726618705036,0.237410071942446,90.39778481864428,0.0002135262839146
17.71,7.399999999999999,1543.766375920878,-0.0001062633384663,1007.0876147671502,1.9546436285097195,3.492969306442657,3.920086393088553,0.2375809935205183,90.39471967843856,0.0002190208615502
17.71,7.466666666666667,1543.7663907061265,-9.147809009846242e-05,1007.1017728681225,1.9560518731988472,3.491635180989377,3.922910662824208,0.2377521613832853,90.39165012160429,0.0002245579053123
17.71,7.533333333333333,1543.7664058619323,-7.632228425791254e-05,1007.115951660772,1.95746214852199,3.490299131779134,3.925739005046864,0.2379235760634463,90.38857613858858,0.0002301377062394
17.71,7.6,1543.766421391154,-6.079306263018225e-05,1007.1301511904262,1.958874458874459,3.4889611546479538,3.928571428571429,0.2380952380952381,90.38549771981091,0.0002357605644647
17.71,7.666666666666667,1543.766437296674,-4.4887542571814265e-05,1007.1443715025456,1.96028880866426,3.487621245419832,3.931407942238268,0.2382671480144404,90.3824148556632,0.0002414267819403
17.71,7.733333333333333,1543.7664535813915,-2.8602824841073016e-05,1007.158612642723,1.9617052023121389,3.486279399906699,3.934248554913295,0.2384393063583815,90.37932753650948,0.0002471366551617
17.71,7.8,1543.766470248228,-1.1935988595723757e-05,1007.172874656683,1.963123644251627,3.48493561390837,3.93709327548807,0.2386117136659436,90.376235752686,0.000252890484262
17.71,7.866666666666666,1543.766487300123,5.115906333230669e-06,1007.1871575902873,1.9645441389290883,3.483589883212504,3.939942112879885,0.2387843704775687,90.37313949450096,0.0002586885748314
17.71,7.933333333333334,1543.7665047400378,2.255582126053924e-05,1007.2014614895288,1.9659666908037656,3.482242203594557,3.9427950760318615,0.2389572773352643,90.37003875223456,0.0002645312470122
17.71,8.0,1543.766522570956,4.038673932882375e-05,1007.215786400538,1.9673913043478264,3.4808925708177445,3.945652173913044,0.2391304347826087,90.3669335161388,0.0002704187991184
17.71,8.066666666666666,1543.7665407958775,5.861166118847905e-05,1007.2301323695784,1.9688179840464104,3.479540980632989,3.948513415518492,0.2393038433647571,90.36382377643736,0.0002763515367405
17.71,8.133333333333333,1543.7665594178277,7.723361090938852e-05,1007.2444994430508,1.970246734397678,3.47818742877888,3.951378809869376,0.239477503628447,90.36070952332562,0.0002823297909344
17.71,8.2,1543.7665784398498,9.625563325244002e-05,1007.2588876674904,1.9716775599128544,3.476831910981627,3.954248366013073,0.2396514161220044,90.35759074697044,0.0002883538636524
17.71,8.266666666666666,1543.766597865009,0.00011568079276,1007.273297089572,1.973110465116279,3.475474422955017,3.957122093023256,0.2398255813953488,90.3544674375101,0.0002944240823126
17.71,8.333333333333334,1543.766617696394,0.000135512177394,1007.2877277561058,1.9745454545454548,3.474114960400369,3.96,0.24,90.35133958505418,0.0003005407597811
17.71,8.4,1543.7666379371108,0.0001557528942157,1007.3021797140402,1.975982532751092,3.472753519006486,3.962882096069869,0.2401746724890829,90.34820717968348,0.0003067042252951
17.71,8.466666666666667,1543.7666585902907,0.0001764060741606,1007.3166530104623,1.97742170429716,3.471390094449611,3.9657683903860166,0.2403495994173343,90.3450702114499,0.0003129148008156
17.71,8.533333333333333,1543.7666796590845,0.0001974748677184,1007.3311476925984,1.978862973760933,3.4700246823933822,3.9686588921282806,0.2405247813411079,90.34192867037628,0.0003191728119418
17.71,8.6,1543.7667011466656,0.0002189624490256,1007.345663807812,1.9803063457330417,3.468657278488785,3.971553610503282,0.2407002188183807,90.33878254645651,0.0003254785951867
17.71,8.666666666666666,1543.76672305623,0.0002408720135917,1007.3602014036092,1.9817518248175183,3.467287878374108,3.9744525547445257,0.2408759124087591,90.33563182965509,0.0003318324743304
17.71,8.733333333333333,1543.7667453909955,0.0002632067789818,1007.3747605276344,1.9831994156318484,3.465916477674896,3.977355734112491,0.2410518626734843,90.33247650990728,0.0003382347949809
17.71,8.8,1543.7667681542027,0.0002859699861801,1007.3893412276744,1.9846491228070176,3.464543072003901,3.980263157894737,0.2412280701754386,90.32931657711892,0.0003446858809184
17.71,8.866666666666667,1543.7667913491132,0.0003091648966346,1007.4039435516568,1.986100950987564,3.4631676569610392,3.983174835405999,0.2414045354791514,90.32615202116624,0.0003511860759317
17.71,8.933333333333334,1543.766814979013,0.0003327947961224,1007.4185675476512,1.9875549048316248,3.4617902281333413,3.9860907759882873,0.2415812591508052,90.32298283189594,0.000357735725629
17.71,9.0,1543.76683904721,0.0003568629933852,1007.4332132638696,1.9890109890109893,3.460410781094908,3.9890109890109895,0.2417582417582418,90.31980899912487,0.0003643351683422
17.71,9.066666666666666,1543.766863557035,0.0003813728187651,1007.4478807486666,1.990469208211144,3.4590293114068564,3.991935483870968,0.2419354838709677,90.31663051264006,0.0003709847605932
17.71,9.133333333333333,1543.7668885118446,0.0004063276280703,1007.4625700505416,1.991929567131328,3.457645814617283,3.994864269992664,0.2421129860601614,90.31344736219856,0.0003776848407142
17.71,9.2,1543.766913915014,0.0004317307973451,1007.4772812181366,1.9933920704845816,3.456260286261205,3.997797356828194,0.2422907488986784,90.31025953752734,0.0003844357579509
17.71,9.266666666666666,1543.7669397699458,0.0004575857292365,1007.4920143002386,1.994856722997796,3.4548727218605184,4.000734753857459,0.2424687729610581,90.3070670283232,0.0003912378815584
17.71,9.333333333333334,1543.7669660800648,0.0004838958482196,1007.5067693457802,1.996323529411765,3.453483116923948,4.003676470588236,0.2426470588235294,90.30386982425252,0.0003980915498686
17.71,9.4,1543.7669928488192,0.0005106646026433,1007.5215464038396,1.9977924944812364,3.4520914669470004,4.006622516556291,0.2428256070640176,90.30066791495146,0.0004049971339554
17.71,9.466666666666669,1543.7670200796829,0.0005378954660955,1007.5363455236412,1.9992636229749632,3.450697767411912,4.009572901325479,0.2430044182621502,90.2974612900255,0.0004119549903407
17.71,9.533333333333331,1543.7670477761512,0.0005655919346736,1007.5511667545557,2.0007369196757554,3.4493020137876065,4.012527634487841,0.2431834929992631,90.29424993904956,0.0004189654810033
17.71,9.6,1543.767075941747,0.000593757530396,1007.566010146102,2.002212389380531,3.447904201529635,4.015486725663717,0.2433628318584071,90.2910338515677,0.0004260289842932
17.71,9.666666666666666,1543.7671045800157,0.0006223957991551,1007.5808757479456,2.0036900369003696,3.44650432608014,4.018450184501845,0.2435424354243543,90.2878130170933,0.0004331458567321
17.71,9.733333333333333,1543.7671336945275,0.0006515103111723,1007.5957636099008,2.005169867060561,3.445102382867794,4.0214180206794685,0.2437223042836041,90.28458742510855,0.000440316469394
17.71,9.8,1543.767163288878,0.0006811046614529,1007.6106737819327,2.0066518847006654,3.443698367307759,4.02439024390244,0.2439024390243902,90.28135706506475,0.0004475411988096
17.71,9.866666666666667,1543.7671933666877,0.00071118247115,1007.6256063141526,2.008136094674557,3.442292274801628,4.027366863905326,0.2440828402366864,90.2781219263818,0.0004548204360617
17.71,9.933333333333334,1543.7672239316028,0.0007417473862005,1007.6405612568252,2.0096225018504814,3.4408841007373843,4.030347890451518,0.2442635085122132,90.2748819984484,0.0004621545449481
17.71,10.0,1543.7672549872937,0.0007728030770977,1007.6555386603634,2.011111111111111,3.43947384048934,4.033333333333333,0.2444444444444444,90.27163727062178,0.0004695439074566
17.71,10.066666666666666,1543.7672865374573,0.00080435324071,1007.6705385753328,2.012601927353596,3.4380614894180974,4.036323202372128,0.2446256486286138,90.26838773222758,0.000476988918308
17.71,10.133333333333333,1543.7673185858162,0.0008364015995994,1007.6855610524492,2.0140949554896146,3.4366470428704883,4.039317507418398,0.244807121661721,90.26513337255976,0.0004844899649469
17.71,10.2,1543.7673511361193,0.0008689519027029,1007.7006061425828,2.0155902004454345,3.4352304961795266,4.042316258351894,0.244988864142539,90.2618741808806,0.0004920474293612
17.71,10.266666666666666,1543.76738419214,0.0009020079235142,1007.7156738967556,2.0170876671619613,3.433811844664358,4.045319465081724,0.2451708766716196,90.25861014642034,0.0004996617080905
17.71,10.333333333333334,1543.76741775768,0.0009355734634937,1007.7307643661428,2.018587360594796,3.432391083630208,4.048327137546469,0.2453531598513011,90.25534125837724,0.0005073332031315
17.71,10.4,1543.7674518365673,0.0009696523507045,1007.7458776020746,2.020089285714286,3.430968208368329,4.051339285714286,0.2455357142857143,90.2520675059174,0.0005150623110239
17.71,10.466666666666669,1543.7674864326548,0.0010042484382211,1007.7610136560344,2.0215934475055843,3.4295432141559474,4.054355919583023,0.2457185405807893,90.24878887817464,0.0005228494283073
17.71,10.533333333333331,1543.7675215498243,0.0010393656077667,1007.776172579663,2.023099850968704,3.428116096256216,4.057377049180328,0.2459016393442623,90.24550536425048,0.0005306949678924
17.71,10.6,1543.7675571919838,0.0010750077672128,1007.7913544247546,2.024608501118568,3.426686849918154,4.060402684563758,0.2460850111856823,90.24221695321384,0.0005385993299569
17.71,10.666666666666666,1543.7675933630685,0.0011111788517155,1007.8065592432614,2.026119402985074,3.4252554703766043,4.063432835820896,0.2462686567164179,90.238923634101,0.0005465629346872
17.71,10.733333333333333,1543.767630067042,0.0011478828253075,1007.8217870872924,2.027632561613144,3.423821952852169,4.066467513069455,0.2464525765496639,90.23562539591556,0.000554586189537
17.71,10.8,1543.7676673078934,0.0011851236768052,1007.8370380091136,2.0291479820627805,3.422386292551165,4.0695067264574,0.2466367713004484,90.23232222762822,0.000562669500141
17.71,10.866666666666667,1543.767705089642,0.001222905425493,1007.85231206115,2.030665669409125,3.4209484846655664,4.072550486163052,0.2468212415856395,90.2290141181766,0.0005708133139705
17.71,10.933333333333334,1543.7677434163352,0.0012612321186225,1007.8676092959842,2.032185628742515,3.419508524372954,4.07559880239521,0.2470059880239521,90.22570105646535,0.0005790180330222
17.71,11.0,1543.7677822920466,0.0013001078300476,1007.8829297663594,2.033707865168539,3.418066406836457,4.078651685393258,0.247191011235955,90.22238303136578,0.0005872840793017
17.71,11.066666666666666,1543.7678217208793,0.0013395366627264,1007.8982735251792,2.035232383808096,3.416622127204704,4.081709145427287,0.247376311844078,90.21906003171584,0.0005956118966423
17.71,11.133333333333333,1543.767861706966,0.0013795227494028,1007.9136406255056,2.0367591897974493,3.415175680611761,4.0847711927982,0.2475618904726181,90.21573204631996,0.0006040019088686
17.71,11.2,1543.7679022544671,0.0014200702505604,1007.9290311205638,2.0382882882882885,3.413727062177089,4.087837837837838,0.2477477477477477,90.21239906394904,0.0006124545489001
17.71,11.266666666666666,1543.7679433675726,0.0014611833560138,1007.9444450637396,2.0398196844477834,3.412276267005474,4.090909090909091,0.2479338842975206,90.20906107334012,0.0006209702569321
17.71,11.333333333333334,1543.7679850505012,0.0015028662846816,1007.9598825085824,2.041353383458647,3.4108232901869857,4.093984962406015,0.2481203007518797,90.20571806319649,0.0006295494713413
17.71,11.4,1543.7680273075025,0.001545123285723,1007.9753435088044,2.0428893905191874,3.409368126796911,4.0970654627539504,0.2483069977426636,90.20237002218728,0.0006381926468748
17.71,11.466666666666669,1543.7680701428542,0.0015879586376286,1007.99082811828,2.0444277108433737,3.4079107718957067,4.100150602409639,0.2484939759036144,90.19901693894766,0.0006469002200901
17.71,11.533333333333331,1543.768113560865,0.0016313766484472,1008.0063363910504,2.0459683496608894,3.406451220528939,4.103240391861341,0.2486812358703843,90.19565880207844,0.0006556726457347
17.71,11.6,1543.7681575658737,0.0016753816571508,1008.0218683813188,2.047511312217195,3.40498946772723,4.10633484162896,0.248868778280543,90.19229560014608,0.0006645103712799
17.71,11.666666666666666,1543.768202162248,0.0017199780313603,1008.0374241434566,2.049056603773585,3.4035255085061964,4.109433962264151,0.2490566037735849,90.18892732168248,0.0006734138660249
17.71,11.733333333333333,1543.7682473543891,0.0017651701725753,1008.0530037320004,2.050604229607251,3.402059337866401,4.112537764350453,0.2492447129909365,90.18555395518496,0.0006823835883551
17.71,11.8,1543.768293146726,0.0018109625095803,1008.0686072016532,2.052154195011338,3.4005909507932865,4.115646258503401,0.2494331065759637,90.182175489116,0.0006914199821039
17.71,11.866666666666667,1543.7683395437202,0.0018573595036741,1008.0842346072862,2.053706505295008,3.3991203422571283,4.118759455370651,0.2496217851739788,90.17879191190325,0.0007005235383985
17.71,11.933333333333334,1543.7683865498643,0.001904365647988,1008.0998860039374,2.0552611657834974,3.397647507212965,4.1218773656320975,0.2498107494322483,90.17540321193918,0.0007096947192621
17.71,12.0,1543.768434169683,0.0019519854663485,1008.1155614468151,2.056818181818182,3.3961724406005547,4.125000000000001,0.25,90.17200937758126,0.0007189339976321
17.71,12.066666666666666,1543.768482407731,0.0020002235144147,1008.1312609912962,2.058377558756633,3.3946951373443026,4.128127369219105,0.2501895375284306,90.16861039715153,0.0007282418555405
17.71,12.133333333333333,1543.768531268597,0.00204908438036,1008.1469846929284,2.059939301972686,3.393215592353217,4.131259484066768,0.2503793626707132,90.1652062589366,0.0007376187713816
17.71,12.2,1543.7685807569003,0.0020985726837352,1008.162732607428,2.061503416856492,3.391733800520837,4.134396355353076,0.2505694760820046,90.16179695118758,0.0007470652162737
17.71,12.266666666666666,1543.7686308772925,0.0021486930759238,1008.1785047906864,2.06306990881459,3.390249756725188,4.137537993920972,0.2507598784194529,90.1583824621198,0.0007565816922578
17.71,12.333333333333334,1543.7686816344592,0.0021994502426423,1008.1943012987628,2.0646387832699618,3.388763455828708,4.140684410646387,0.2509505703422053,90.15496277991274,0.0007661686959181
17.71,12.4,1543.768733033119,0.002250848902122,1008.210122187892,2.0662100456621006,3.387274892678201,4.1438356164383565,0.2511415525114155,90.15153789270992,0.0007758267092867
17.71,12.466666666666669,1543.7687850780203,0.0023028938037441,1008.2259675144808,2.067783701447068,3.385784062104768,4.146991622239147,0.2513328255902513,90.14810778861876,0.0007855562289478
17.71,12.533333333333331,1543.7688377739491,0.0023555897325877,1008.2418373351107,2.0693597560975614,3.3842909589237533,4.150152439024391,0.2515243902439025,90.1446724557104,0.0007953577678563
17.71,12.6,1543.7688911257228,0.0024089415062462,1008.257731706538,2.0709382151029745,3.3827955779346817,4.153318077803204,0.251716247139588,90.14123188201954,0.0008052318298723
17.71,12.666666666666666,1543.768945138193,0.0024629539764191,1008.2736506856928,2.072519083969466,3.3812979139212,4.156488549618321,0.2519083969465649,90.13778605554444,0.0008151789152179
17.71,12.733333333333333,1543.7689998162448,0.0025176320282298,1008.2895943296832,2.074102368220016,3.379797961651013,4.159663865546219,0.2521008403361344,90.13433496424662,0.0008251995441241
17.71,12.8,1543.7690551647988,0.002572980582272,1008.3055626957928,2.075688073394496,3.3782957158758258,4.162844036697249,0.2522935779816514,90.13087859605078,0.0008352942386409
17.71,12.866666666666667,1543.76911118881,0.0026290045934729,1008.3215558414834,2.077276205049732,3.3767911713312806,4.166029074215761,0.2524866105585309,90.12741693884468,0.0008454635044472
17.71,12.933333333333334,1543.769167893266,0.0026857090495013,1008.3375738243942,2.078866768759571,3.3752843227368974,4.169218989280245,0.2526799387442572,90.12394998047904,0.0008557078672311
17.71,13.0,1543.7692252831923,0.0027430989757704,1008.353616702344,2.0804597701149423,3.373775164796009,4.172413793103448,0.2528735632183908,90.1204777087672,0.0008660278745082
17.71,13.066666666666666,1543.7692833636493,0.0028011794327085,1008.369684533329,2.082055214723926,3.3722636921957023,4.175613496932516,0.2530674846625767,90.11700011148528,0.0008764240392338
17.71,13.133333333333333,1543.769342139731,0.0028599555143955,1008.3857773755284,2.083653108211819,3.370749899606754,4.178818112049118,0.2532617037605525,90.11351717637174,0.0008868968980095
17.71,13.2,1543.769401616569,0.0029194323524279,1008.401895287301,2.0852534562211984,3.3692337816835667,4.182027649769585,0.2534562211981567,90.1100288911275,0.0008974469983513
17.71,13.266666666666666,1543.7694617993309,0.0029796151143273,1008.4180383271868,2.0868562644119906,3.3677153330641114,4.185242121445042,0.2536510376633359,90.10653524341552,0.000908074880499
17.71,13.333333333333334,1543.7695226932196,0.0030405090030853,1008.4342065539084,2.0884615384615386,3.3661945483698554,4.188461538461539,0.2538461538461539,90.10303622086091,0.0009187810901494
17.71,13.4,1543.7695843034764,0.0031021192598927,1008.4504000263714,2.0900692840646653,3.36467142220571,4.191685912240185,0.2540415704387991,90.09953181105062,0.0009295661839132
17.71,13.466666666666669,1543.7696466353775,0.0031644511609556,1008.466618803665,2.0916795069337444,3.363145949159954,4.194915254237288,0.2542372881355932,90.0960220015334,0.0009404307056684
17.71,13.533333333333331,1543.7697096942372,0.0032275100206788,1008.4828629450632,2.0932922127987665,3.3616181238041825,4.198149575944488,0.2544333076329992,90.09250677981956,0.0009513752320344
17.71,13.6,1543.7697734854085,0.0032913011918935,1008.499132510024,2.0949074074074074,3.360087940693232,4.201388888888889,0.2546296296296296,90.08898613338084,0.0009624003123462
17.71,13.666666666666666,1543.7698380142788,0.0033558300622189,1008.5154275581932,2.096525096525097,3.3585553943651223,4.204633204633205,0.2548262548262548,90.08546004965032,0.0009735065123095
17.71,13.733333333333333,1543.7699032862768,0.0034211020602015,1008.5317481494012,2.098145285935085,3.3570204793409864,4.207882534775889,0.2550231839258114,90.08192851602224,0.0009846944176388
17.71,13.8,1543.7699693068678,0.0034871226512223,1008.5480943436676,2.099767981438515,3.355483190125012,4.211136890951276,0.2552204176334107,90.07839151985178,0.0009959645976778
17.71,13.866666666666667,1543.7700360815563,0.0035538973397706,1008.5644662011975,2.101393188854489,3.353943521204369,4.214396284829721,0.2554179566563467,90.07484904845506,0.0010073176272271
17.71,13.933333333333334,1543.7701036158849,0.0036214316683071,1008.580863782388,2.1030209140201395,3.352401467049148,4.217660728117738,0.2556158017041053,90.07130108910887,0.0010187540992774
17.71,14.0,1543.770171915436,0.0036897312195378,1008.5972871478232,2.104651162790698,3.3508570221122893,4.22093023255814,0.2558139534883721,90.0677476290505,0.0010302745959052
17.71,14.066666666666666,1543.770240985831,0.0037588016143672,1008.6137363582784,2.1062839410395653,3.3493101808295243,4.224204809930178,0.2560124127230411,90.0641886554777,0.001041879710101
17.71,14.133333333333333,1543.7703108327307,0.0038286485141725,1008.6302114747195,2.1079192546583854,3.3477609376193027,4.22748447204969,0.2562111801242236,90.0606241555484,0.0010535700421314
17.71,14.2,1543.7703814618365,0.0038992776198938,1008.6467125583054,2.1095571095571097,3.346209286882724,4.230769230769231,0.2564102564102564,90.05705411638067,0.0010653461940819
17.71,14.266666666666666,1543.77045287889,0.0039706946733986,1008.663239670386,2.111197511664075,3.344655223003476,4.234059097978228,0.2566096423017108,90.05347852505251,0.0010772087734949
17.71,14.333333333333334,1543.770525089673,0.0040429054561172,1008.6797928725052,2.11284046692607,3.3430987403477617,4.237354085603113,0.2568093385214008,90.04989736860165,0.0010891583879129
17.71,14.4,1543.7705981000083,0.0041159157917718,1008.6963722264012,2.114485981308411,3.341539833264235,4.240654205607477,0.2570093457943925,90.04631063402549,0.0011011956466973
17.71,14.466666666666669,1543.7706719157588,0.0041897315422829,1008.7129777940064,2.116134060795012,3.339978496083929,4.243959469992206,0.2572096648480125,90.04271830828084,0.0011133211755804
17.71,14.533333333333331,1543.7707465428318,0.0042643586152735,1008.7296096374488,2.117784711388456,3.338414723120192,4.247269890795632,0.2574102964118565,90.03912037828387,0.0011255356057517
17.71,14.6,1543.7708219871731,0.0043398029565651,1008.7462678190536,2.11943793911007,3.3368485086686093,4.250585480093677,0.2576112412177986,90.03551683090984,0.0011378395520296
17.71,14.666666666666666,1543.7708982547722,0.004416070555635,1008.7629524013416,2.12109375,3.335279847006948,4.25390625,0.2578125,90.03190765299306,0.0011502336546982
17.71,14.733333333333333,1543.7709753516604,0.0044931674437975,1008.7796634470332,2.1227521501172792,3.333708732395072,4.257232212666145,0.2580140734949179,90.02829283132658,0.0011627185522229
17.71,14.8,1543.7710532839124,0.004571099695795,1008.7964010190472,2.1244131455399065,3.3321351590748844,4.260563380281691,0.2582159624413145,90.02467235266221,0.0011752948867069
17.71,14.866666666666667,1543.771132057645,0.0046498734284341,1008.8131651805002,2.126076742364918,3.3305591212702472,4.2638997650743935,0.2584181675802662,90.02104620371017,0.0011879632984346
17.71,14.933333333333334,1543.7712116790187,0.0047294948021772,1008.8299559947104,2.127742946708464,3.32898061318692,4.267241379310345,0.2586206896551724,90.01741437113911,0.001200724449518
17.71,15.0,1543.7712921542384,0.0048099700218244,1008.8467735251984,2.1294117647058823,3.327399629012481,4.270588235294118,0.2588235294117647,90.01377684157575,0.0012135789911553
17.71,15.066666666666666,1543.7713734895508,0.0048913053342403,1008.8636178356832,2.1310832025117743,3.325816162916263,4.273940345368917,0.2590266875981162,90.01013360160493,0.0012265275836398
17.71,15.133333333333333,1543.7714556912497,0.0049735070329006,1008.8804889900896,2.1327572663000782,3.324230209049271,4.277297721916732,0.2592301649646504,90.00648463776926,0.0012395709036354
17.71,15.2,1543.7715387656713,0.0050565814547098,1008.8973870525444,2.134433962264151,3.3226417615441246,4.28066037735849,0.2594339622641509,90.00282993656909,0.0012527096096164
17.71,15.266666666666666,1543.7716227191977,0.0051405349809101,1008.9143120873796,2.136113296616837,3.3210508145149724,4.284028324154209,0.2596380802517702,89.9991694844622,0.0012659443855227
17.71,15.333333333333334,1543.771707558256,0.0052253740393553,1008.9312641591308,2.1377952755905514,3.319457362057429,4.28740157480315,0.2598425196850394,89.99550326786384,0.0012792759025614
17.71,15.4,1543.771793289318,0.0053111051013274,1008.9482433325404,2.1394799054373523,3.317861398248493,4.290780141843972,0.2600472813238771,89.9918312731463,0.0012927048574056
17.71,15.466666666666669,1543.7718799189038,0.0053977346872216,1008.9652496725583,2.1411671924290223,3.316262917146485,4.29416403785489,0.2602523659305994,89.988153486639,0.001306231950366
17.71,15.533333333333331,1543.771967453578,0.005485269361543,1008.9822832443408,2.142857142857143,3.31466191279096,4.297553275453828,0.2604577742699289,89.98446989462813,0.0013198578617448
17.71,15.6,1543.772055899952,0.0055737157354087,1008.999344113253,2.144549763033176,3.313058379202647,4.300947867298579,0.2606635071090047,89.9807804833566,0.0013335832882148
17.71,15.666666666666666,1543.772145264683,0.0056630804665473,1009.0164323448688,2.1462450592885376,3.3114523103833635,4.304347826086957,0.2608695652173913,89.97708523902374,0.0013474089537339
17.71,15.733333333333333,1543.772235554479,0.0057533702624823,1009.033548004974,2.147943037974684,3.309843700315948,4.307753164556962,0.2610759493670886,89.97338414778532,0.0013613355713459
17.71,15.8,1543.7723267760923,0.0058445918759844,1009.050691159562,2.1496437054631827,3.308232542964183,4.311163895486936,0.2612826603325415,89.96967719575316,0.0013753638377238
17.71,15.866666666666667,1543.772418936324,0.0059367521073454,1009.0678618748412,2.1513470681458005,3.3066188322727155,4.314580031695722,0.2614896988906497,89.96596436899512,0.0013894944895582
17.71,15.933333333333334,1543.7725120420246,0.0060298578080164,1009.0850602172304,2.153053132434576,3.305002562166987,4.318001586042823,0.2616970658207772,89.96224565353484,0.0014037282580829
17.71,16.0,1543.7726061000917,0.0061239158751504,1009.1022862533632,2.154761904761905,3.3033837265531547,4.321428571428572,0.261904761904762,89.95852103535161,0.0014180658672557
17.71,16.066666666666666,1543.7727011174736,0.0062189332570596,1009.1195400500868,2.15647339158062,3.301762319318013,4.324861000794281,0.2621127879269261,89.95479050038016,0.0014325080683192
17.71,16.133333333333333,1543.7727971011673,0.0063149169507141,1009.1368216744632,2.1581875993640702,3.300138334328921,4.328298887122417,0.2623211446740858,89.9510540345105,0.0014470555906882
17.71,16.2,1543.772894058219,0.0064118740024241,1009.1541311937716,2.159904534606205,3.298511765433721,4.3317422434367545,0.2625298329355608,89.94731162358775,0.0014617091928812
17.71,16.266666666666666,1543.7729919957264,0.0065098115098862,1009.171468675508,2.161624203821656,3.296882606460662,4.335191082802549,0.2627388535031847,89.94356325341195,0.0014764696315978
17.71,16.333333333333332,1543.7730909208365,0.0066087366199099,1009.1888341873848,2.1633466135458166,3.2952508512183223,4.338645418326693,0.2629482071713147,89.93980890973785,0.0014913376617187
17.71,16.4,1543.773190840748,0.0067086565313729,1009.206227797334,2.1650717703349285,3.293616493495533,4.342105263157895,0.2631578947368421,89.93604857827481,0.0015063140599522
17.71,16.466666666666665,1543.773291762711,0.0068095784945398,1009.2236495735078,2.1667996807661614,3.291979527061296,4.345570630486832,0.2633679169992019,89.9322822446865,0.0015213995848171
17.71,16.53333333333333,1543.773393694026,0.0069115098094698,1009.2410995842772,2.1685303514377,3.290339945664703,4.349041533546327,0.2635782747603834,89.92850989459089,0.0015365950257546
17.71,16.6,1543.773496642048,0.0070144578314739,1009.258577898236,2.170263788968825,3.288697743034861,4.352517985611511,0.2637889688249401,89.92473151355986,0.0015519011649303
17.71,16.666666666666668,1543.773600614181,0.007118429964521,1009.2760845841996,2.172,3.287052912880812,4.356,0.264,89.92094708711919,0.0015673187845095
17.71,16.733333333333334,1543.7737056178858,0.0072234336691963,1009.2936197112068,2.1737389911929546,3.2854054488914493,4.3594875900720576,0.2642113690952762,89.91715660074826,0.0015828486884856
17.71,16.8,1543.773811660673,0.0073294764563343,1009.3111833485196,2.1754807692307696,3.283755344735436,4.36298076923077,0.264423076923077,89.91336003987995,0.001598491671757
17.71,16.866666666666667,1543.7739187501088,0.0074365658922488,1009.328775565626,2.177225340817963,3.2821025940611293,4.366479550922214,0.264635124298316,89.90955738990037,0.0016142485528689
17.71,16.933333333333334,1543.7740268938132,0.0075447095966865,1009.3463964322392,2.178972712680578,3.2804471904964942,4.369983948635634,0.2648475120385233,89.90574863614877,0.0016301201339956
17.71,17.0,1543.7741360994598,0.0076539152432815,1009.3640460182996,2.180722891566265,3.278789127649025,4.373493975903615,0.2650602409638554,89.90193376391723,0.0016461072391393
17.71,17.066666666666666,1543.7742463747784,0.0077641905618293,1009.3817243939756,2.182475884244373,3.277128399105659,4.377009646302251,0.2652733118971061,89.89811275845062,0.0016622106959403
17.71,17.133333333333333,1543.7743577275528,0.0078755433362402,1009.3994316296622,2.184231697506034,3.2754649984326987,4.380530973451328,0.2654867256637168,89.89428560494622,0.0016784313284006
17.71,17.2,1543.7744701656222,0.0079879814056766,1009.4171677959864,2.185990338164252,3.273798919175724,4.384057971014494,0.2657004830917875,89.89045228855375,0.0016947699823504
17.71,17.266666666666666,1543.7745836968838,0.0081015126672809,1009.4349329638056,2.1877518130539886,3.2721301548595108,4.387590652699436,0.265914585012087,89.88661279437497,0.0017112275072577
17.71,17.333333333333332,1543.7746983292898,0.0082161450732201,1009.4527272042056,2.1895161290322585,3.270458698987949,4.391129032258065,0.2661290322580645,89.88276710746366,0.0017278047453146
17.71,17.4,1543.7748140708495,0.0083318866331865,1009.4705505885082,2.191283292978208,3.268784545043955,4.394673123486683,0.2663438256658595,89.87891521282529,0.0017445025514462
17.71,17.466666666666665,1543.77493092963,0.0084487454134887,1009.4884031882674,2.1930533117932147,3.267107686489389,4.398222940226171,0.2665589660743134,89.8750570954169,0.0017613217933103
17.71,17.53333333333333,1543.7750489137557,0.0085667295390976,1009.5062850752696,2.19482619240097,3.2654281167649706,4.401778496362167,0.2667744543249797,89.87119274014691,0.0017782633440219
17.71,17.6,1543.7751680314093,0.0086858471927371,1009.5241963215396,2.196601941747573,3.263745829290188,4.405339805825244,0.2669902912621359,89.86732213187487,0.001795328074877
17.71,17.666666666666668,1543.775288290832,0.008806106615566,1009.5421369993354,2.19838056680162,3.26206081746322,4.4089068825910935,0.2672064777327935,89.86344525541126,0.0018125168680853
17.71,17.733333333333334,1543.775409700325,0.0089275161085424,1009.5601071811544,2.200162074554296,3.260373074660844,4.412479740680714,0.2674230145867099,89.85956209551745,0.0018298306204087
17.71,17.8,1543.7755322682483,0.0090500840317417,1009.5781069397302,2.201946472019465,3.258682594238349,4.416058394160584,0.267639902676399,89.8556726369052,0.0018472702267899
17.71,17.866666666666667,1543.7756560030218,0.0091738188052659,1009.5961363480384,2.2037337662337664,3.256989369529455,4.419642857142858,0.2678571428571429,89.85177686423678,0.0018648365803528
17.71,17.933333333333334,1543.7757809131256,0.009298728909016,1009.6141954792917,2.205523964256702,3.255293393846216,4.4232331437855406,0.2680747359870024,89.84787476212453,0.001882530599687
17.71,18.0,1543.7759070071018,0.0094248228851938,1009.6322844069452,2.207317073170732,3.2535946604789405,4.426829268292684,0.2682926829268293,89.84396631513083,0.001900353208839
17.71,18.066666666666663,1543.7760342935535,0.009552109336937,1009.6504032046964,2.209113100081367,3.2518931626960947,4.430431244914565,0.2685109845402766,89.84005150776768,0.0019183053173037
17.71,18.133333333333333,1543.7761627811442,0.0096805969276374,1009.668551946485,2.210912052117264,3.2501888937442227,4.434039087947883,0.2687296416938111,89.83613032449682,0.0019363878582225
17.71,18.2,1543.7762924786011,0.0098102943845788,1009.6867307064956,2.212713936430318,3.248481846847848,4.4376528117359415,0.2689486552567237,89.83220274972916,0.00195460177747
17.71,18.266666666666666,1543.7764233947146,0.0099412104980274,1009.7049395591572,2.2145187601957588,3.2467720152093915,4.4412724306688425,0.269168026101142,89.82826876782487,0.0019729480154637
17.71,18.33333333333333,1543.7765555383369,0.0100733541200952,1009.7231785791458,2.2163265306122453,3.245059392009076,4.444897959183674,0.2693877551020408,89.82432836309296,0.001991427525354
17.71,18.4,1543.7766889183845,0.010206734167923,1009.7414478413832,2.218137254901961,3.2433439704048377,4.4485294117647065,0.2696078431372549,89.82038151979124,0.0020100412584724
17.71,18.466666666666665,1543.7768235438375,0.0103413596211794,1009.7597474210409,2.2199509403107114,3.241625743532236,4.452166802943581,0.2698282910874898,89.81642822212598,0.0020287901807023
17.71,18.53333333333333,1543.776959423742,0.0104772395254713,1009.7780773935388,2.22176759410802,3.2399047045043616,4.45581014729951,0.2700490998363339,89.81246845425179,0.0020476752833928
17.71,18.6,1543.777096567209,0.0106143829923439,1009.796437834547,2.223587223587224,3.2381808464117388,4.45945945945946,0.2702702702702703,89.8085022002713,0.0020666975397034
17.71,18.666666666666668,1543.7772349834138,0.0107527991972347,1009.8148288199866,2.225409836065574,3.236454162322244,4.463114754098361,0.2704918032786885,89.80452944423514,0.0020858579246123
17.71,18.73333333333333,1543.7773746815988,0.0108924973822013,1009.8332504260314,2.2272354388843314,3.234724645281001,4.4667760459392944,0.2707136997538966,89.80055017014148,0.0021051574458397
17.71,18.8,1543.7775156710732,0.0110334868566042,1009.8517027291088,2.2290640394088674,3.2329922883103013,4.470443349753695,0.270935960591133,89.796564361936,0.0021245971056487
17.71,18.866666666666667,1543.777657961213,0.0111757769964242,1009.8701858058994,2.23089564502876,3.2312570844094908,4.474116680361545,0.2711585866885785,89.79257200351162,0.0021441779153974
17.71,18.933333333333334,1543.777801561462,0.0113193772453996,1009.8886997333412,2.232730263157895,3.229519026554897,4.47779605263158,0.2713815789473685,89.78857307870827,0.002163900888263
17.71,19.0,1543.7779464813314,0.0114642971147986,1009.9072445886268,2.234567901234568,3.2277781076997183,4.481481481481482,0.2716049382716049,89.78456757131262,0.0021837670537934
17.71,19.066666666666663,1543.7780927304022,0.0116105461856932,1009.9258204492072,2.236408566721582,3.22603432077394,4.485172981878089,0.271828665568369,89.78055546505803,0.0022037774542695
17.71,19.133333333333333,1543.7782403183253,0.0117581341087316,1009.9444273927934,2.2382522671063483,3.224287658684226,4.488870568837593,0.2720527617477329,89.77653674362409,0.0022239331246964
17.71,19.2,1543.7783892548189,0.0119070706023194,1009.9630654973524,2.24009900990099,3.2225381143138367,4.492574257425742,0.2722772277227723,89.77251139063667,0.002244235110993
17.71,19.266666666666666,1543.7785395496733,0.0120573654567124,1009.981734841117,2.2419488026424443,3.2207856805225217,4.496284062758051,0.2725020644095788,89.76847938966739,0.002264684469992
17.71,19.33333333333333,1543.7786912127483,0.0122090285317426,1010.0004355025778,2.243801652892562,3.219030350146429,4.500000000000001,0.2727272727272727,89.76444072423374,0.0022852822748973
17.71,19.4,1543.7788442539768,0.0123620697602291,1010.0191675604904,2.2456575682382134,3.217272115998,4.503722084367246,0.2729528535980149,89.76039537779853,0.0023060296043695
17.71,19.466666666666665,1543.7789986833625,0.012516499145704,1010.0379310938744,2.2475165562913912,3.215510970865884,4.5074503311258285,0.2731788079470199,89.75634333376988,0.0023269275243364
17.71,19.53333333333333,1543.77915451098,0.0126723267633224,1010.0567261820146,2.2493786246893124,3.213746907514821,4.511184755592378,0.2734051367025683,89.75228457550092,0.0023479771371057
17.71,19.6,1543.7793117469805,0.0128295627639545,1010.0755529044612,2.2512437810945274,3.2119799186855675,4.514925373134329,0.2736318407960199,89.74821908628957,0.0023691795449849
17.71,19.666666666666668,1543.779470401586,0.0129882173694113,1010.0944113410328,2.2531120331950207,3.21020999709477,4.518672199170124,0.2738589211618257,89.74414684937825,0.0023905358466436
17.71,19.73333333333333,1543.779630485093,0.0131483008767645,1010.1133015718168,2.25498338870432,3.2084371354348864,4.522425249169436,0.2740863787375416,89.74006784795382,0.0024120471571222
17.71,19.8,1543.7797920078735,0.0133098236569821,1010.13222367717,2.256857855361596,3.206661326374069,4.526184538653366,0.2743142144638404,89.73598206514713,0.0024337146023754
17.71,19.866666666666667,1543.7799549803738,0.0134727961572025,1010.1511777377184,2.2587354409317806,3.204882562556082,4.529950083194676,0.2745424292845258,89.73188948403295,0.0024555393174523
17.71,19.933333333333334,1543.780119413116,0.0136372288993698,1010.1701638343634,2.260616153205662,3.203100836600179,4.533721898417985,0.2747710241465446,89.72779008762963,0.0024775224428594
17.71,20.0,1543.7802853166995,0.0138031324829626,1010.1891820482772,2.2625000000000006,3.201316141101016,4.5375000000000005,0.275,89.723683858899,0.0024995850617415
17.72,0.0,1543.7664821842166,0.0,1005.6348872124258,1.81,3.63,3.63,0.22,90.71,5.7428514992352575e-05
17.72,0.0666666666666666,1543.766486098827,3.914610488209291e-06,1005.6469990669592,1.8112074716477653,3.6288579850954767,3.632421614409607,0.2201467645096731,90.70736616433749,6.000980283715762e-05
17.72,0.1333333333333333,1543.7664901855237,8.001307151062065e-06,1005.6591272998444,1.8124165554072096,3.627714445471456,3.634846461949266,0.2202937249666221,90.70472881220546,6.260141162783839e-05
17.72,0.2,1543.7664944456817,1.22614651445474e-05,1005.6712719442776,1.8136272545090184,3.626569378072384,3.637274549098197,0.220440881763527,90.70208793655686,6.521371324197389e-05
17.72,0.2666666666666666,1543.7664988806853,1.66964687196014e-05,1005.6834330335462,1.8148395721925128,3.625422779834544,3.639705882352941,0.2205882352941176,90.69944353032588,6.784685137972701e-05
17.72,0.3333333333333333,1543.7665034919287,2.1307712131601875e-05,1005.6956106010248,1.8160535117056853,3.6242746476860193,3.642140468227425,0.2207357859531772,90.6967955864277,7.050098247418646e-05
17.72,0.4,1543.766508280816,2.609659941299469e-05,1005.7078046801812,1.817269076305221,3.6231249785466657,3.644578313253012,0.2208835341365461,90.69414409775855,7.317623385461047e-05
17.72,0.4666666666666667,1543.76651324876,3.1064543463799055e-05,1005.7200153045708,1.8184862692565305,3.62197376932809,3.647019423978567,0.2210314802411252,90.6914890571957,7.587275467813015e-05
17.72,0.5333333333333333,1543.7665183971833,3.6212966733728535e-05,1005.7322425078436,1.8197050938337804,3.6208210169336175,3.64946380697051,0.2211796246648794,90.68883045759722,7.859069228288718e-05
17.72,0.6,1543.7665237275191,4.154330258643313e-05,1005.744486323738,1.82092555331992,3.619666718258268,3.6519114688128775,0.221327967806841,90.68616829180208,8.133019582601264e-05
17.72,0.6666666666666666,1543.7665292412094,4.705699279838882e-05,1005.756746786084,1.822147651006712,3.6185108701887225,3.654362416107383,0.2214765100671141,90.68350255263007,8.409140718868002e-05
17.72,0.7333333333333333,1543.7665349397066,5.2755490060008015e-05,1005.7690239288048,1.823371390194762,3.617353469603302,3.656816655473473,0.2216252518468771,90.68083323288158,8.687447734700982e-05
17.72,0.8,1543.7665408244732,5.864025661139749e-05,1005.7813177859152,1.8245967741935485,3.6161945133719327,3.659274193548387,0.2217741935483871,90.67816032533774,8.96795518201543e-05
17.72,0.8666666666666667,1543.76654689698,6.471276356023736e-05,1005.793628391522,1.8258238063214527,3.615033998356124,3.661735036987223,0.2219233355749832,90.6754838227602,9.250678522221278e-05
17.72,0.9333333333333332,1543.766553158711,7.09744945197599e-05,1005.805955779826,1.827052489905788,3.613871921408933,3.664199192462988,0.2220726783310901,90.6728037178912,9.535632671031637e-05
17.72,1.0,1543.766559611157,7.742694037915498e-05,1005.8182999851192,1.8282828282828285,3.6127082793749454,3.6666666666666665,0.2222222222222222,90.67012000345336,9.82283290795749e-05
17.72,1.0666666666666669,1543.7665662558215,8.4071604987912e-05,1005.8306610417892,1.829514824797844,3.611543069090239,3.669137466307278,0.2223719676549865,90.66743267214966,0.000101122950582
17.72,1.1333333333333333,1543.766573094217,9.091000038097265e-05,1005.8430389843156,1.8307484828051248,3.610376287382356,3.671611598111936,0.222521915037087,90.66474171666349,0.0001040403312799
17.72,1.2,1543.7665801278658,9.794364927984134e-05,1005.8554338472728,1.831983805668016,3.609207931070279,3.674089068825911,0.2226720647773279,90.66204712965846,0.0001069806403393
17.72,1.2666666666666666,1543.7665873583023,0.0001051740857747,1005.8678456653298,1.833220796758947,3.6080379969644,3.6765698852126953,0.2228224172856178,90.65934890377834,0.0001099440378311
17.72,1.3333333333333333,1543.7665947870707,0.0001126028541875,1005.8802744732492,1.83445945945946,3.6068664818664815,3.679054054054054,0.2229729729729729,90.65664703164704,0.0001129306674556
17.72,1.4,1543.7666024157247,0.0001202315081627,1005.8927203058898,1.835699797160244,3.60569338256965,3.6815415821501016,0.2231237322515213,90.65394150586847,0.0001159406856459
17.72,1.4666666666666666,1543.766610245829,0.0001280616124859,1005.905183198206,1.836941813261164,3.604518695858344,3.6840324763193513,0.2232746955345061,90.65123231902663,0.0001189742761198
17.72,1.5333333333333332,1543.7666182789617,0.0001360947449029,1005.9176631852462,1.838185511171293,3.603342418508295,3.686526743398781,0.2234258632362897,90.64851946368536,0.0001220315771206
17.72,1.6,1543.766626516706,0.0001443324895262,1005.9301603021562,1.8394308943089432,3.602164547286499,3.689024390243903,0.2235772357723577,90.64580293238828,0.0001251127541763
17.72,1.6666666666666667,1543.766634960662,0.0001527764454749,1005.942674584178,1.840677966101695,3.600985078951181,3.6915254237288138,0.223728813559322,90.643082717659,0.000128217978272
17.72,1.7333333333333334,1543.7666436124366,0.0001614282200534,1005.9552060666496,1.841926729986432,3.599804010251772,3.694029850746269,0.2238805970149253,90.6403588120006,0.0001313474076596
17.72,1.8,1543.7666524736496,0.0001702894330719,1005.9677547850068,1.843177189409369,3.598621337928874,3.69653767820774,0.2240325865580448,90.63763120789596,0.0001345012096862
17.72,1.8666666666666667,1543.7666615459311,0.0001793617145722,1005.9803207747816,1.8444293478260871,3.597437058714233,3.69904891304348,0.2241847826086956,90.6348998978075,0.0001376795480609
17.72,1.933333333333333,1543.7666708309227,0.0001886467061922,1005.9929040716048,1.8456832087015635,3.596251169330708,3.7015635622025833,0.2243371855880353,90.63216487417712,0.0001408825937687
17.72,2.0,1543.766680330277,0.0001981460604838,1006.0055047112048,1.846938775510204,3.5950636664922384,3.704081632653062,0.2244897959183673,90.62942612942614,0.0001441105086996
17.72,2.0666666666666664,1543.7666900456572,0.0002078614406855,1006.0181227294082,1.8481960517358744,3.593874546903818,3.706603131381892,0.2246426140231449,90.62668365595526,0.0001473634729336
17.72,2.1333333333333333,1543.7666999787402,0.000217794523678,1006.0307581621404,1.8494550408719348,3.5926838072614644,3.709128065395096,0.2247956403269755,90.62393744614452,0.0001506416501797
17.72,2.2,1543.7667101312106,0.0002279469940731,1006.0434110454262,1.850715746421268,3.5914914442521804,3.7116564417177913,0.2249488752556237,90.62118749235314,0.0001539452114229
17.72,2.2666666666666666,1543.7667205047685,0.0002383205517162,1006.0560814153876,1.8519781718963164,3.5902974545539346,3.71418826739427,0.2251023192360163,90.61843378691944,0.0001572743367432
17.72,2.333333333333333,1543.7667311011223,0.0002489169057753,1006.06876930825,1.8532423208191129,3.589101834835624,3.716723549488055,0.2252559726962457,90.61567632216097,0.0001606291971256
17.72,2.4,1543.7667419219945,0.0002597377779238,1006.081474760336,1.8545081967213115,3.587904581757041,3.719262295081968,0.2254098360655737,90.6129150903741,0.0001640099635551
17.72,2.466666666666667,1543.7667529691175,0.0002707849009766,1006.0941978080692,1.855775803144224,3.5867056919688496,3.721804511278195,0.2255639097744361,90.6101500838343,0.0001674168179306
17.72,2.533333333333333,1543.7667642442368,0.0002820600202539,1006.1069384879744,1.857045143638851,3.58550516211255,3.724350205198359,0.225718194254446,90.6073812947958,0.0001708499385131
17.72,2.6,1543.7667757491097,0.0002935648928996,1006.119696836677,1.858316221765914,3.5843029888204425,3.726899383983573,0.2258726899383983,90.60460871549168,0.0001743095035635
17.72,2.6666666666666665,1543.7667874855038,0.0003053012871987,1006.132472890904,1.8595890410958904,3.583099168715607,3.7294520547945207,0.226027397260274,90.6018323381337,0.0001777956931618
17.72,2.7333333333333334,1543.766799455202,0.000317270985306,1006.1452666874846,1.860863605209048,3.5818936984118617,3.7320082248115134,0.2261823166552433,90.59905215491231,0.000181308694664
17.72,2.8,1543.7668116599962,0.0003294757796084,1006.1580782633496,1.8621399176954727,3.580686574513736,3.734567901234569,0.2263374485596708,90.59626815799656,0.000184848673598
17.72,2.8666666666666667,1543.7668241016918,0.0003419174752252,1006.170907655532,1.863417982155113,3.579477793616435,3.73713109128346,0.2264927934111187,90.59348033953388,0.0001884158264147
17.72,2.933333333333333,1543.7668367821063,0.0003545978897818,1006.1837549011688,1.8646978021978025,3.5782673523058137,3.7396978021978025,0.2266483516483516,90.59068869165024,0.0001920103441079
17.72,3.0,1543.7668497030709,0.0003675188543184,1006.1966200374984,1.865979381443299,3.57705524715834,3.7422680412371134,0.2268041237113402,90.5878932064499,0.0001956324085767
17.72,3.0666666666666664,1543.7668628664271,0.000380682210789,1006.2095031018648,1.8672627235213208,3.5758414747410625,3.7448418156808807,0.2269601100412655,90.58509387601546,0.00019928220172
17.72,3.1333333333333333,1543.7668762740311,0.0003940898145629,1006.2224041317144,1.8685478320715765,3.574626031611579,3.747419132828631,0.227116311080523,90.5822906924077,0.0002029599236266
17.72,3.2,1543.7668899277503,0.0004077435339695,1006.2353231645988,1.8698347107438016,3.573408914318005,3.75,0.2272727272727273,90.57948364766546,0.0002066657543764
17.72,3.2666666666666666,1543.766903829465,0.0004216452484797,1006.2482602381732,1.8711233631977944,3.572190119398941,3.752584424534804,0.2274293590627153,90.57667273380574,0.0002103998886013
17.72,3.333333333333333,1543.766917981069,0.0004357968523436,1006.2612153901988,1.8724137931034484,3.5709696433834366,3.755172413793104,0.2275862068965517,90.57385794282344,0.0002141625245712
17.72,3.4,1543.7669323844682,0.0004502002516346,1006.2741886585422,1.873706004140787,3.569747482790961,3.75776397515528,0.2277432712215321,90.57103926669144,0.000217953846004
17.72,3.466666666666667,1543.7669470415815,0.0004648573651593,1006.2871800811746,1.875,3.5685236341313686,3.7603591160221,0.2279005524861878,90.56821669736036,0.0002217740584455
17.72,3.533333333333333,1543.7669619543426,0.0004797701260486,1006.3001896961744,1.8762957843814791,3.567298093904867,3.7629578438147897,0.2280580511402903,90.56539022675858,0.0002256233619846
17.72,3.6,1543.7669771246967,0.0004949404801664,1006.313217541726,1.8775933609958504,3.5660708586019783,3.765560165975104,0.2282157676348547,90.5625598467922,0.000229501954891
17.72,3.6666666666666665,1543.7669925546031,0.0005103703865643,1006.3262636561212,1.878892733564014,3.564841924703517,3.768166089965398,0.2283737024221453,90.55972554934492,0.0002334100190637
17.72,3.733333333333333,1543.767008246033,0.0005260618161173,1006.3393280777582,1.8801939058171748,3.563611288680541,3.770775623268699,0.2285318559556787,90.5568873262779,0.0002373477655055
17.72,3.8,1543.767024200972,0.0005420167553893,1006.3524108451433,1.881496881496881,3.562378946994331,3.773388773388773,0.2286902286902286,90.55404516942976,0.0002413154161331
17.72,3.866666666666666,1543.7670404214214,0.0005582372048138,1006.36551199689,1.8828016643550625,3.5611448960963523,3.776005547850208,0.2288488210818308,90.55119907061656,0.0002453131528454
17.72,3.933333333333333,1543.7670569093923,0.0005747251757384,1006.3786315717218,1.88410825815406,3.559909132428217,3.778625954198474,0.2290076335877863,90.54834902163148,0.0002493411775503
17.72,4.0,1543.7670736669118,0.0005914826951993,1006.3917696084706,1.8854166666666667,3.5586716524216526,3.78125,0.2291666666666666,90.54549501424502,0.0002533997121645
17.72,4.066666666666666,1543.767090696021,0.0006085118041028,1006.4049261460746,1.8867268936761643,3.557432452498471,3.783877692842252,0.2293259207783183,90.5426370402048,0.0002574889622337
17.72,4.133333333333333,1543.767107998773,0.0006258145567699,1006.4181012235856,1.888038942976356,3.556191529070527,3.786509040333797,0.2294853963838664,90.53977509123544,0.0002616091296658
17.72,4.2,1543.7671255772375,0.0006433930211642,1006.431294880162,1.8893528183716075,3.5549488785396925,3.789144050104384,0.2296450939457202,90.5369091590386,0.0002657604272826
17.72,4.266666666666667,1543.767143433497,0.0006612492804833,1006.4445071550748,1.8906685236768803,3.5537044972978125,3.791782729805015,0.2298050139275766,90.53403923529272,0.0002699430770007
17.72,4.333333333333333,1543.767161569648,0.0006793854315674,1006.4577380877048,1.89198606271777,3.5524583817266744,3.7944250871080136,0.229965156794425,90.5311653116531,0.000274157288004
17.72,4.4,1543.767179987802,0.0006978035853535,1006.470987717542,1.893305439330544,3.551210528197976,3.797071129707114,0.2301255230125523,90.52828737975182,0.0002784032676572
17.72,4.466666666666667,1543.767198690084,0.0007165058673308,1006.4842560841918,1.8946266573621773,3.549960933073285,3.799720865317517,0.2302861130495464,90.52540543119748,0.000282681241515
17.72,4.533333333333333,1543.7672176786343,0.0007354944177677,1006.4975432273684,1.895949720670391,3.5487095927040064,3.8023743016759775,0.2304469273743016,90.52251945757531,0.0002869914278562
17.72,4.6,1543.7672369556076,0.0007547713910298,1006.510849186899,1.8972746331236896,3.5474565034313463,3.8050314465408808,0.230607966457023,90.51962945044706,0.0002913340431405
17.72,4.666666666666667,1543.7672565231733,0.0007743389567167,1006.5241740027232,1.8986013986013988,3.546201661586277,3.807692307692308,0.2307692307692307,90.5167354013508,0.0002957093074655
17.72,4.733333333333333,1543.7672763835153,0.0007941992987525,1006.5375177148944,1.899930020993702,3.5449450634895,3.81035689293212,0.2309307207837648,90.5138373018009,0.0003001174463861
17.72,4.8,1543.7672965388329,0.0008143546162955,1006.5508803635784,1.9012605042016808,3.543686705451412,3.8130252100840334,0.2310924369747899,90.51093514328808,0.0003045586890948
17.72,4.866666666666666,1543.7673169913403,0.0008348071239652,1006.5642619890552,1.9025928521373512,3.5424265837720634,3.8156972669936935,0.2312543798177996,90.50802891727908,0.0003090332538704
17.72,4.933333333333334,1543.7673377432666,0.0008555590500236,1006.57766263172,1.9039270687237029,3.541164694741132,3.818373071528752,0.2314165497896213,90.5051186152168,0.0003135413735435
17.72,5.0,1543.767358796857,0.000876612640468,1006.5910823320814,1.9052631578947368,3.539901034637877,3.821052631578948,0.231578947368421,90.50220422852,0.0003180832791258
17.72,5.066666666666666,1543.7673801543706,0.0008979701540283,1006.6045211307631,1.9066011235955056,3.5386355997311054,3.82373595505618,0.2317415730337079,90.4992857485835,0.000322659188896
17.72,5.133333333333333,1543.7674018180824,0.0009196338658057,1006.6179790685052,1.9079409697821503,3.5373683862791383,3.826423049894589,0.2319044272663387,90.49636316677778,0.0003272693520557
17.72,5.2,1543.767423790284,0.0009416060674993,1006.6314561861628,1.909282700421941,3.5360993905297704,3.829113924050633,0.2320675105485232,90.49343647444913,0.0003319139923405
17.72,5.266666666666667,1543.7674460732817,0.0009638890649057,1006.6449525247076,1.9106263194933149,3.5348286087202343,3.831808585503168,0.2322308233638283,90.49050566291946,0.0003365933480381
17.72,5.333333333333333,1543.7674686693972,0.0009864851806469,1006.6584681252276,1.911971830985916,3.533556037077164,3.8345070422535215,0.2323943661971831,90.4875707234862,0.0003413076556171
17.72,5.4,1543.767491580969,0.0010093967523516,1006.6720030289282,1.9133192389006344,3.5322816718165555,3.8372093023255816,0.2325581395348837,90.48463164742236,0.0003460571497271
17.72,5.466666666666667,1543.7675148103506,0.0010326261340196,1006.685557277133,1.914668547249648,3.531005509143732,3.839915373765868,0.232722143864598,90.48168842597616,0.0003508420832076
17.72,5.533333333333333,1543.7675383599133,0.0010561756967035,1006.6991309112824,1.9160197600564568,3.529727545253304,3.842625264643613,0.2328863796753705,90.47874105037126,0.0003556626907084
17.72,5.6,1543.7675622320426,0.001080047826008,1006.712723972936,1.9173728813559323,3.528447776329133,3.845338983050848,0.2330508474576271,90.47578951180648,0.0003605192050599
17.72,5.666666666666667,1543.7675864291407,0.0011042449241358,1006.7263365037708,1.9187279151943464,3.5271661985442906,3.8480565371024738,0.2332155477031802,90.47283380145568,0.0003654118900158
17.72,5.733333333333333,1543.767610953628,0.0011287694114798,1006.7399685455848,1.92008486562942,3.5258828080610254,3.850777934936351,0.2333804809052334,90.46987391046795,0.0003703409911395
17.72,5.8,1543.7676358079395,0.0011536237229847,1006.7536201402952,1.9214437367303607,3.524597601030723,3.853503184713376,0.2335456475583864,90.46690982996716,0.0003753067430807
17.72,5.866666666666666,1543.767660994527,0.0011788103104208,1006.7672913299382,1.922804532577904,3.52331057359386,3.856232294617564,0.2337110481586402,90.46394155105205,0.0003803094059549
17.72,5.933333333333334,1543.7676865158603,0.0012043316437484,1006.7809821566716,1.924167257264352,3.5220217218799785,3.8589652728561306,0.2338766832034018,90.46096906479616,0.0003853492344205
17.72,6.0,1543.767712374425,0.0012301902083891,1006.7946926627736,1.9255319148936167,3.520731042007638,3.861702127659575,0.2340425531914894,90.4579923622477,0.0003904264776792
17.72,6.066666666666666,1543.767738572724,0.0012563885074996,1006.8084228906438,1.9268985095812632,3.5194385300843782,3.86444286728176,0.2342086586231369,90.45501143442948,0.0003955413958465
17.72,6.133333333333333,1543.7677651132778,0.0012829290612899,1006.8221728828038,1.9282670454545456,3.518144182206682,3.8671875,0.234375,90.45202627233876,0.0004006942417618
17.72,6.2,1543.767791998623,0.0013098144063405,1006.8359426818972,1.9296375266524524,3.516847994459935,3.869936034115139,0.2345415778251599,90.44903686694732,0.0004058852809976
17.72,6.266666666666667,1543.7678192313151,0.0013370470987865,1006.8497323306904,1.9310099573257469,3.515549962918384,3.872688477951636,0.2347083926031294,90.4460432092011,0.0004111147682124
17.72,6.333333333333333,1543.7678468139254,0.0013646297088598,1006.8635418720733,1.9323843416370108,3.5142500836451016,3.875444839857652,0.2348754448398576,90.4430452900204,0.0004163829671597
17.72,6.4,1543.7678747490445,0.0013925648277108,1006.877371349058,1.933760683760684,3.512948352691942,3.8782051282051286,0.235042735042735,90.4400431002995,0.0004216901506879
17.72,6.466666666666667,1543.767903039279,0.0014208550624061,1006.8912208047822,1.935138987883108,3.5116447660995056,3.880969351389879,0.2352102637205987,90.43703663090692,0.0004270365807315
17.72,6.533333333333333,1543.767931687255,0.0014495030384296,1006.9050902825076,1.936519258202568,3.5103393198970947,3.8837375178316695,0.2353780313837375,90.43402587268493,0.0004324225228629
17.72,6.6,1543.767960695615,0.0014785113987727,1006.9189798256195,1.937901498929336,3.5090320101026733,3.886509635974304,0.2355460385438972,90.43101081644978,0.0004378482517495
17.72,6.666666666666667,1543.7679900670216,0.0015078828050718,1006.9328894776312,1.9392857142857145,3.5077228327228327,3.889285714285714,0.2357142857142857,90.42799145299144,0.0004433140329638
17.72,6.733333333333333,1543.768019804153,0.0015376199364709,1006.9468192821784,1.940671908506076,3.506411783752742,3.892065761258042,0.2358827734095783,90.42496777307356,0.0004488201502681
17.72,6.8,1543.7680499097082,0.0015677254916681,1006.9607692830264,1.94206008583691,3.5050988591761123,3.894849785407725,0.2360515021459227,90.42193976743332,0.0004543668765109
17.72,6.866666666666666,1543.7680803864032,0.001598202186642,1006.9747395240648,1.943450250536865,3.5037840549651573,3.897637795275591,0.2362204724409449,90.41890742678144,0.0004599544827215
17.72,6.933333333333334,1543.7681112369726,0.0016290527560158,1006.9887300493116,1.944842406876791,3.5024673670805484,3.900429799426935,0.2363896848137536,90.41587074180198,0.0004655832563003
17.72,7.0,1543.7681424641708,0.0016602799541942,1007.002740902912,1.946236559139785,3.501148791471372,3.903225806451613,0.2365591397849462,90.41282970315228,0.0004712534864665
17.72,7.066666666666666,1543.7681740707708,0.0016918865542265,1007.0167721291392,1.947632711621234,3.499828324075096,3.9060258249641326,0.236728837876614,90.40978430146292,0.0004769654406118
17.72,7.133333333333333,1543.768206059563,0.0017238753464425,1007.030823772395,1.9490308686288589,3.498505960817518,3.908829863603733,0.2368987796123474,90.40673452733756,0.0004827194152312
17.72,7.2,1543.7682384333596,0.0017562491429998,1007.0448958772108,1.950431034482759,3.4971816976127323,3.911637931034483,0.2370689655172413,90.40368037135278,0.0004885156959062
17.72,7.266666666666667,1543.7682711949892,0.0017890107726543,1007.058988488247,1.9518332135154568,3.495855530363079,3.914450035945364,0.2372393961179008,90.4006218240582,0.0004943545682181
17.72,7.333333333333333,1543.768304347302,0.0018221630853076,1007.073101650294,1.9532374100719427,3.49452745495911,3.91726618705036,0.237410071942446,90.39755887597616,0.0005002363323001
17.72,7.399999999999999,1543.768337893167,0.0018557089504156,1007.0872354082716,1.9546436285097195,3.4931974672795407,3.920086393088553,0.2375809935205183,90.39449151760168,0.0005061612846475
17.72,7.466666666666667,1543.768371835473,0.0018896512565333,1007.1013898072332,1.9560518731988472,3.491865563191212,3.922910662824208,0.2377521613832853,90.39141973940244,0.0005121297090227
17.72,7.533333333333333,1543.7684061771283,0.0019239929117702,1007.1155648923605,1.9574621485219896,3.4905317385490413,3.925739005046864,0.2379235760634462,90.38834353181863,0.0005181419037398
17.72,7.6,1543.76844092106,0.0019587368435622,1007.1297607089696,1.958874458874459,3.4891959891959896,3.928571428571429,0.2380952380952381,90.38526288526288,0.0005241981816652
17.72,7.666666666666667,1543.768476070219,0.0019938860025376,1007.1439773025066,1.96028880866426,3.487858310963004,3.931407942238268,0.2382671480144404,90.38217779012002,0.0005302988411131
17.72,7.733333333333333,1543.7685116275725,0.0020294433556955,1007.1582147185532,1.9617052023121389,3.4865186996689883,3.934248554913295,0.2384393063583815,90.37908823674718,0.0005364441731217
17.72,7.8,1543.7685475961086,0.0020654118920901,1007.1724730028218,1.963123644251627,3.485177151120752,3.93709327548807,0.2386117136659436,90.3759942154736,0.0005426344978332
17.72,7.866666666666666,1543.7685839788387,0.0021017946221491,1007.1867522011596,1.9645441389290883,3.4838336611129668,3.939942112879885,0.2387843704775687,90.3728957166005,0.0005488701262947
17.72,7.933333333333334,1543.7686207787922,0.0021385945756264,1007.2010523595492,1.9659666908037647,3.482488225428124,3.942795076031861,0.2389572773352643,90.369792730401,0.0005551513640966
17.72,8.0,1543.768657999021,0.0021758148041044,1007.2153735241056,1.9673913043478264,3.481140839836492,3.945652173913044,0.2391304347826087,90.36668524712005,0.000561478518648
17.72,8.066666666666666,1543.7686956425948,0.0022134583782644,1007.2297157410816,1.9688179840464104,3.479791500096069,3.948513415518492,0.2393038433647571,90.36357325697428,0.0005678519100911
17.72,8.133333333333333,1543.7687337126083,0.0022515283919801,1007.2440790568646,1.970246734397678,3.4784402019525387,3.951378809869376,0.239477503628447,90.36045675015195,0.0005742718603869
17.72,8.2,1543.768772212176,0.0022900279595887,1007.2584635179778,1.971677559912854,3.4770869411392287,3.954248366013072,0.2396514161220043,90.35733571681284,0.0005807386860396
17.72,8.266666666666666,1543.7688111444334,0.0023289602168006,1007.2728691710817,1.97311046511628,3.4757317133770624,3.957122093023256,0.2398255813953488,90.35421014708808,0.0005872527071915
17.72,8.333333333333334,1543.7688505125368,0.0023683283202444,1007.2872960629742,1.9745454545454544,3.474374514374514,3.96,0.24,90.35108003108004,0.0005938142439845
17.72,8.4,1543.768890319666,0.0024081354495137,1007.3017442405912,1.975982532751092,3.4730153398275667,3.962882096069869,0.2401746724890829,90.3479453588624,0.0006004236365697
17.72,8.466666666666667,1543.7689305690217,0.0024483848051204,1007.316213751006,1.97742170429716,3.471654185419663,3.9657683903860166,0.2403495994173343,90.34480612047984,0.0006070811978133
17.72,8.533333333333333,1543.768971263826,0.0024890796094041,1007.330704641431,1.978862973760933,3.4702910468216586,3.96865889212828,0.2405247813411078,90.34166230594802,0.0006137872696854
17.72,8.6,1543.7690124073242,0.0025302231076693,1007.3452169592188,1.9803063457330417,3.468925919691784,3.971553610503282,0.2407002188183807,90.3385139052535,0.0006205421814229
17.72,8.666666666666666,1543.7690540027834,0.002571818566821,1007.3597507518616,1.9817518248175183,3.467558799675588,3.9744525547445257,0.2408759124087591,90.3353609083536,0.0006273462695389
17.72,8.733333333333333,1543.7690960534935,0.0026138692769563,1007.37430606699,1.983199415631848,3.466189682405899,3.977355734112491,0.2410518626734843,90.33220330517626,0.0006341998723655
17.72,8.8,1543.769138562766,0.0026563785495454,1007.3888829523784,1.9846491228070176,3.464818563502774,3.980263157894737,0.2412280701754386,90.32904108562003,0.0006411033245967
17.72,8.866666666666667,1543.769181533937,0.0026993497203875,1007.4034814559404,1.986100950987564,3.463445438573456,3.983174835405999,0.2414045354791514,90.32587423955384,0.0006480569827544
17.72,8.933333333333334,1543.769224970364,0.002742786147337,1007.4181016257328,1.9875549048316248,3.4620703032123235,3.9860907759882873,0.2415812591508052,90.32270275681697,0.0006550611797138
17.72,9.0,1543.7692688754275,0.0027866912109857,1007.4327435099538,1.9890109890109893,3.460693153000846,3.9890109890109895,0.2417582417582418,90.31952662721892,0.0006621162665396
17.72,9.066666666666666,1543.7693132525328,0.0028310683162544,1007.4474071569452,1.990469208211144,3.459313983507532,3.991935483870968,0.2419354838709677,90.31634584053938,0.000669222597935
17.72,9.133333333333333,1543.7693581051071,0.0028759208905739,1007.4620926151928,1.991929567131328,3.45793279028789,3.994864269992664,0.2421129860601614,90.31316038652795,0.0006763805195078
17.72,9.2,1543.769403436602,0.0029212523854766,1007.4767999333249,1.9933920704845816,3.456549568884371,3.997797356828194,0.2422907488986784,90.30997025490416,0.0006835903914179
17.72,9.266666666666666,1543.7694492504927,0.0029670662761418,1007.491529160116,1.994856722997796,3.455164314826328,4.000734753857458,0.242468772961058,90.30677543535737,0.0006908525701874
17.72,9.333333333333334,1543.7694955502775,0.0030133660611681,1007.506280344484,1.996323529411765,3.4537770236299647,4.003676470588236,0.2426470588235294,90.3035759175465,0.0006981674068811
17.72,9.4,1543.7695423394805,0.0030601552639382,1007.5210535354936,1.9977924944812364,3.452387690798287,4.006622516556291,0.2428256070640176,90.30037169110015,0.0007055352834868
17.72,9.466666666666669,1543.769589621649,0.0031074374323907,1007.5358487823562,1.9992636229749632,3.4509963118210543,4.009572901325479,0.2430044182621502,90.29716274561636,0.0007129565510695
17.72,9.533333333333331,1543.769637400354,0.0031552161374293,1007.5506661344286,2.0007369196757554,3.4496028821747315,4.012527634487841,0.2431834929992631,90.2939490706624,0.000720431580703
17.72,9.6,1543.7696856791931,0.0032034949765602,1007.5655056412154,2.002212389380531,3.448207397322442,4.015486725663717,0.2433628318584071,90.29073065577492,0.0007279607434611
17.72,9.666666666666666,1543.7697344617866,0.0032522775700272,1007.5803673523689,2.003690036900369,3.4468098527139115,4.018450184501845,0.2435424354243542,90.28750749045952,0.0007355444140557
17.72,9.733333333333333,1543.7697837517817,0.0033015675649039,1007.5952513176904,2.0051698670605616,3.4454102437854286,4.0214180206794685,0.2437223042836041,90.28427956419094,0.0007431829635606
17.72,9.8,1543.7698335528482,0.0033513686316837,1007.6101575871296,2.006651884700665,3.444008565959785,4.024390243902439,0.2439024390243902,90.28104686641272,0.0007508767703257
17.72,9.866666666666667,1543.7698838686842,0.0034016844676898,1007.6250862107852,2.008136094674557,3.442604814646235,4.027366863905326,0.2440828402366864,90.2778093865372,0.0007586262290715
17.72,9.933333333333334,1543.7699347030125,0.0034525187957115,1007.6400372389072,2.0096225018504814,3.4411989852404354,4.030347890451518,0.2442635085122131,90.27456711394537,0.000766431705415
17.72,10.0,1543.7699860595783,0.00350387536173,1007.6550107218948,2.011111111111111,3.4397910731244066,4.033333333333333,0.2444444444444444,90.2713200379867,0.0007742935904389
17.72,10.066666666666666,1543.7700379421576,0.0035557579410578,1007.6700067103,2.012601927353596,3.4383810736664704,4.036323202372128,0.2446256486286138,90.2680681479792,0.0007822122825018
17.72,10.133333333333333,1543.7700903545492,0.0036081703326544,1007.6850252548236,2.0140949554896146,3.436968982221208,4.039317507418398,0.244807121661721,90.26481143320906,0.0007901881635916
17.72,10.2,1543.770143300579,0.003661116362764,1007.7000664063228,2.0155902004454345,3.435554794129404,4.042316258351893,0.2449888641425389,90.26154988293072,0.000798221628429
17.72,10.266666666666666,1543.7701967841,0.0037145998833238,1007.7151302158044,2.0170876671619613,3.434138504718,4.045319465081724,0.2451708766716196,90.2582834863667,0.0008063130844675
17.72,10.333333333333334,1543.7702508089906,0.0037686247740111,1007.7302167344308,2.018587360594796,3.4327201093000355,4.048327137546469,0.2453531598513011,90.2550122327074,0.0008144629264279
17.72,10.4,1543.7703053791568,0.0038231949401961,1007.7453260135168,2.020089285714286,3.431299603174604,4.051339285714286,0.2455357142857143,90.25173611111111,0.0008226715544878
17.72,10.466666666666669,1543.770360498531,0.0038783143147611,1007.7604581045314,2.0215934475055843,3.429876981626796,4.054355919583023,0.2457185405807893,90.24845511070382,0.0008309393797389
17.72,10.533333333333331,1543.7704161710742,0.0039339868576462,1007.7756130591014,2.023099850968704,3.42845223992765,4.057377049180328,0.2459016393442623,90.24516922057906,0.0008392668078158
17.72,10.6,1543.7704724007724,0.0039902165558487,1007.7907909290074,2.0246085011185686,3.4270253733340983,4.060402684563758,0.2460850111856823,90.2418784297979,0.0008476542498101
17.72,10.666666666666666,1543.770529191641,0.004047007424333,1007.8059917661864,2.026119402985074,3.4255963770889144,4.063432835820896,0.2462686567164179,90.2385827273887,0.0008561021259083
17.72,10.733333333333333,1543.7705865477224,0.0041043635058031,1007.8212156227328,2.0276325616131445,3.4241652464206616,4.066467513069456,0.2464525765496639,90.23528210234709,0.0008646108490211
17.72,10.8,1543.7706444730875,0.0041622888709298,1007.8364625508992,2.0291479820627805,3.4227319765436355,4.0695067264574,0.2466367713004484,90.23197654363574,0.0008731808447919
17.72,10.866666666666667,1543.770702971835,0.004220787618351,1007.8517326030944,2.030665669409125,3.421296562657819,4.072550486163052,0.2468212415856395,90.22866604018436,0.0008818125297693
17.72,10.933333333333334,1543.7707620480917,0.004279863874899,1007.8670258318882,2.032185628742515,3.4198589999488203,4.07559880239521,0.2470059880239521,90.2253505808895,0.0008905063314159
17.72,11.0,1543.7708217060124,0.0043395217958277,1007.8823422900084,2.033707865168539,3.4184192835878227,4.078651685393258,0.247191011235955,90.22203015461442,0.0008992626881081
17.72,11.066666666666666,1543.7708819497832,0.0043997655666316,1007.8976820303428,2.035232383808096,3.4169774087315314,4.081709145427287,0.247376311844078,90.218704750189,0.0009080820309463
17.72,11.133333333333333,1543.7709427836164,0.0044605993998629,1007.91304510594,2.0367591897974493,3.4155333705221174,4.0847711927982,0.2475618904726181,90.2153743564096,0.0009169647892122
17.72,11.2,1543.771004211755,0.0045220275385418,1007.9284315700104,2.0382882882882885,3.414087164087164,4.087837837837838,0.2477477477477477,90.21203896203896,0.000925911403101
17.72,11.266666666666666,1543.7710662384702,0.0045840542536552,1007.9438414759248,2.039819684447784,3.412638784539612,4.090909090909092,0.2479338842975207,90.208698555806,0.0009349223182653
17.72,11.333333333333334,1543.771128868064,0.004646683847568,1007.9592748772176,2.0413533834586466,3.4111882269777003,4.093984962406015,0.2481203007518796,90.20535312640575,0.0009439979767194
17.72,11.4,1543.7711921048674,0.0047099206508391,1007.9747318275854,2.0428893905191874,3.409735486484922,4.0970654627539504,0.2483069977426636,90.20200266249928,0.0009531388404866
17.72,11.466666666666669,1543.7712559532429,0.0047737690263147,1007.990212380889,2.0444277108433737,3.4082805581299565,4.10015060240964,0.2484939759036145,90.19864715271342,0.0009623453424865
17.72,11.533333333333331,1543.7713204175798,0.0048382333632162,1008.0057165911534,2.0459683496608894,3.4068234369666173,4.103240391861341,0.2486812358703843,90.19528658564076,0.0009716179465613
17.72,11.6,1543.7713855023023,0.0049033180857804,1008.0212445125678,2.047511312217195,3.405364118033802,4.10633484162896,0.248868778280543,90.1919209498395,0.0009809571147343
17.72,11.666666666666666,1543.7714512118616,0.0049690276450746,1008.0367961994876,2.0490566037735856,3.403902596355427,4.109433962264152,0.2490566037735849,90.18855023383324,0.0009903632962959
17.72,11.733333333333333,1543.771517550742,0.0050353665253624,1008.0523717064344,2.050604229607251,3.4024388669403773,4.112537764350453,0.2492447129909365,90.18517442611098,0.0009998369732784
17.72,11.8,1543.771584523458,0.0051023392413753,1008.0679710880972,2.052154195011338,3.4009729247824487,4.115646258503402,0.2494331065759637,90.18179351512684,0.00100937859861
17.72,11.866666666666667,1543.771652134555,0.0051699503385407,1008.08359439933,2.053706505295008,3.399504764860287,4.118759455370651,0.2496217851739788,90.17840748930008,0.001018988650685
17.72,11.933333333333334,1543.7717203886114,0.0052382043948,1008.0992416951568,2.0552611657834974,3.3980343821373347,4.1218773656320975,0.2498107494322483,90.17501633701482,0.0010286676042596
17.72,12.0,1543.7717892902356,0.0053071060190177,1008.1149130307704,2.056818181818182,3.3965617715617724,4.125000000000001,0.25,90.17162004662003,0.0010384159413661
17.72,12.066666666666666,1543.77185884407,0.0053766598534821,1008.1306084615318,2.058377558756633,3.395086928066457,4.128127369219105,0.2501895375284306,90.16821860642936,0.0010482341385795
17.72,12.133333333333333,1543.7719290547873,0.0054468705707222,1008.1463280429736,2.059939301972686,3.393609846568876,4.131259484066768,0.2503793626707132,90.16481200472096,0.0010581226761132
17.72,12.2,1543.7719999270937,0.0055177428771457,1008.1620718307972,2.061503416856492,3.3921305219710685,4.134396355353076,0.2505694760820046,90.16140022973735,0.0010680820596462
17.72,12.266666666666666,1543.772071465729,0.0055892815121296,1008.1778398808768,2.06306990881459,3.3906489491595875,4.137537993920972,0.2507598784194529,90.1579832696854,0.0010781127693917
17.72,12.333333333333334,1543.772143675463,0.0056614912464283,1008.193632249258,2.064638783269962,3.389165123005427,4.140684410646388,0.2509505703422053,90.15456111273602,0.0010882152946578
17.72,12.4,1543.7722165611017,0.0057343768849023,1008.2094489921584,2.0662100456621006,3.3876790383639697,4.1438356164383565,0.2511415525114155,90.15113374702416,0.0010983901520376
17.72,12.466666666666669,1543.7722901274833,0.0058079432667454,1008.22529016597,2.067783701447068,3.3861906900749243,4.146991622239147,0.2513328255902513,90.1477011606486,0.0011086378362961
17.72,12.533333333333331,1543.7723643794798,0.0058821952632115,1008.2411558272584,2.0693597560975614,3.3847000729622683,4.150152439024391,0.2515243902439025,90.14426334167187,0.0011189588458364
17.72,12.6,1543.7724393219962,0.0059571377796601,1008.2570460327628,2.070938215102975,3.383207181834184,4.153318077803204,0.2517162471395881,90.14082027812005,0.0011293537099845
17.72,12.666666666666666,1543.7725149599744,0.0060327757578306,1008.2729608394,2.072519083969466,3.381712011483004,4.156488549618321,0.2519083969465649,90.13737195798264,0.0011398229326005
17.72,12.733333333333333,1543.7725912983872,0.0061091141706128,1008.2889003042604,2.074102368220016,3.380214556685145,4.159663865546219,0.2521008403361344,90.1339183692125,0.0011503670211823
17.72,12.8,1543.7726683422436,0.0061861580270488,1008.3048644846122,2.075688073394496,3.378714812201051,4.162844036697249,0.2522935779816514,90.13045949972556,0.0011609865068749
17.72,12.866666666666667,1543.7727460965882,0.0062639123716508,1008.3208534379008,2.077276205049732,3.3772127727751293,4.1660290742157615,0.252486610558531,90.12699533740084,0.0011716819171851
17.72,12.933333333333334,1543.7728245664991,0.0063423822825825,1008.3368672217496,2.078866768759571,3.375708433135692,4.169218989280245,0.2526799387442572,90.12352587008024,0.0011824537814391
17.72,13.0,1543.7729037570923,0.0064215728759791,1008.3529058939612,2.0804597701149428,3.374201787994892,4.172413793103449,0.2528735632183908,90.12005108556832,0.0011933026326005
17.72,13.066666666666666,1543.7729836735168,0.0065014893002626,1008.3689695125162,2.082055214723926,3.37269283204866,4.175613496932515,0.2530674846625766,90.11657097163231,0.0012042289999953
17.72,13.133333333333333,1543.7730643209593,0.0065821367427361,1008.3850581355772,2.083653108211819,3.3711815599766486,4.178818112049118,0.2532617037605525,90.11308551600187,0.0012152334256825
17.72,13.2,1543.7731457046402,0.0066635204236717,1008.4011718214864,2.0852534562211984,3.36966796644216,4.182027649769585,0.2534562211981567,90.1095947063689,0.0012263164608157
17.72,13.266666666666666,1543.7732278298206,0.0067456456040417,1008.4173106287676,2.0868562644119906,3.3681520460920926,4.185242121445042,0.2536510376633359,90.10609853038754,0.0012374786547297
17.72,13.333333333333334,1543.773310701794,0.0068285175775599,1008.4334746161272,2.0884615384615386,3.36663379355687,4.188461538461539,0.2538461538461539,90.1025969756739,0.0012487205476645
17.72,13.4,1543.7733943258938,0.0069121416772759,1008.4496638424548,2.0900692840646653,3.365113203450386,4.191685912240185,0.2540415704387991,90.09909002980596,0.0012600427107827
17.72,13.466666666666669,1543.7734787074887,0.0069965232721642,1008.465878366822,2.0916795069337444,3.363590270369932,4.194915254237288,0.2542372881355932,90.09557768032344,0.0012714456897811
17.72,13.533333333333331,1543.773563851986,0.0070816677693983,1008.4821182484872,2.0932922127987665,3.3620649888961385,4.198149575944488,0.2544333076329992,90.0920599147276,0.0012829300667362
17.72,13.6,1543.7736497648311,0.0071675806145776,1008.498383546892,2.0949074074074074,3.360537353592909,4.201388888888889,0.2546296296296296,90.08853672048116,0.001294496401897
17.72,13.666666666666666,1543.773736451506,0.0072542672894542,1008.5146743216652,2.096525096525097,3.3590073590073595,4.204633204633205,0.2548262548262548,90.08500808500808,0.001306145255512
17.72,13.733333333333333,1543.773823917532,0.0073417333153429,1008.53099063262,2.098145285935085,3.357474999669745,4.207882534775889,0.2550231839258114,90.08147399569349,0.0013178772187529
17.72,13.8,1543.7739121684683,0.0074299842519849,1008.54733253976,2.099767981438515,3.3559402700934022,4.211136890951276,0.2552204176334107,90.0779344398834,0.0013296928809722
17.72,13.866666666666667,1543.774001209916,0.0075190256993664,1008.5637001032736,2.101393188854489,3.354403164774682,4.214396284829721,0.2554179566563467,90.07438940488476,0.0013415928115136
17.72,13.933333333333334,1543.7740910475102,0.0076088632936262,1008.5800933835396,2.10302091402014,3.3528636781928807,4.217660728117739,0.2556158017041054,90.07083887796514,0.0013535775960917
17.72,14.0,1543.7741816869286,0.0076995027120574,1008.5965124411272,2.104651162790698,3.3513218048101763,4.22093023255814,0.2558139534883721,90.06728284635261,0.001365647842249
17.72,14.066666666666666,1543.7742731338892,0.0077909496726533,1008.6129573367932,2.1062839410395657,3.3497775390715656,4.224204809930179,0.2560124127230411,90.06372129723566,0.0013778041502519
17.72,14.133333333333333,1543.7743653941488,0.007883209932288,1008.6294281314878,2.1079192546583854,3.3482308754047883,4.22748447204969,0.2562111801242236,90.06015421776293,0.0013900471130909
17.72,14.2,1543.7744584735042,0.007976289287626,1008.6459248863516,2.1095571095571097,3.3466818082202696,4.230769230769231,0.2564102564102564,90.05658159504313,0.0014023773364897
17.72,14.266666666666666,1543.7745523777935,0.0080701935771685,1008.662447662718,2.111197511664075,3.345130331911048,4.234059097978228,0.2566096423017108,90.05300341614495,0.0014147954407235
17.72,14.333333333333334,1543.7746471128962,0.0081649286796618,1008.6789965221132,2.11284046692607,3.3435764408527047,4.237354085603113,0.2568093385214007,90.0494196680967,0.0014273020351538
17.72,14.4,1543.7747426847318,0.0082605005152345,1008.6955715262586,2.114485981308411,3.3420201294033074,4.240654205607477,0.2570093457943925,90.04583033788641,0.001439897740056
17.72,14.466666666666669,1543.7748390992615,0.0083569150451694,1008.7121727370692,2.116134060795012,3.3404613919033253,4.243959469992206,0.2572096648480125,90.04223541246144,0.0014525831866194
17.72,14.533333333333331,1543.77493636249,0.0084541782734959,1008.7288002166556,2.117784711388456,3.3389002226755733,4.247269890795632,0.2574102964118565,90.03863487872847,0.0014653590023954
17.72,14.6,1543.775034480462,0.0085522962453978,1008.7454540273262,2.1194379391100706,3.3373366160251408,4.250585480093677,0.2576112412177986,90.03502872355331,0.0014782258185732
17.72,14.666666666666666,1543.7751334592658,0.0086512750492602,1008.762134231584,2.12109375,3.3357705662393164,4.25390625,0.2578125,90.0314169337607,0.0014911842681613
17.72,14.733333333333333,1543.775233305031,0.0087511208143951,1008.778840892131,2.1227521501172792,3.3342020675875244,4.257232212666145,0.2580140734949179,90.02779949613412,0.0015042350041767
17.72,14.8,1543.775334023933,0.0088518397164989,1008.7955740718688,2.1244131455399065,3.332631114321256,4.260563380281691,0.2582159624413145,90.02417639741583,0.0015173786778177
17.72,14.866666666666667,1543.7754356221878,0.0089534379712858,1008.8123338338972,2.126076742364918,3.331057700673989,4.2638997650743935,0.2584181675802662,90.02054762430645,0.0015306159257306
17.72,14.933333333333334,1543.7755381060565,0.0090559218399448,1008.829120241516,2.127742946708464,3.329481820861131,4.267241379310345,0.2586206896551724,90.01691316346488,0.0015439474245795
17.72,15.0,1543.7756414818443,0.0091592976277752,1008.8459333582272,2.1294117647058823,3.3279034690799394,4.270588235294118,0.2588235294117647,90.0132730015083,0.0015573738219245
17.72,15.066666666666666,1543.7757457558994,0.0092635716828226,1008.862773247734,2.1310832025117743,3.326322639509453,4.273940345368917,0.2590266875981162,90.00962712501175,0.0015708957926108
17.72,15.133333333333333,1543.7758509346168,0.0093687504001991,1008.879639973942,2.1327572663000787,3.324739326310418,4.2772977219167325,0.2592301649646504,90.00597552050812,0.0015845140133023
17.72,15.2,1543.7759570244343,0.0094748402179902,1008.8965336009604,2.134433962264151,3.323153523625222,4.28066037735849,0.2594339622641509,90.00231817448798,0.0015982291497493
17.72,15.266666666666666,1543.7760640318368,0.0095818476202111,1008.9134541931024,2.1361132966168377,3.3215652255778143,4.28402832415421,0.2596380802517703,89.99865507339938,0.0016120418913487
17.72,15.333333333333334,1543.7761719633534,0.0096897791368064,1008.9304018148866,2.1377952755905514,3.319974426273639,4.28740157480315,0.2598425196850394,89.99498620364761,0.0016259529220405
17.72,15.4,1543.77628082556,0.0097986413434227,1008.9473765310372,2.1394799054373523,3.31838111979956,4.290780141843972,0.2600472813238771,89.99131155159525,0.0016399629384977
17.72,15.466666666666669,1543.7763906250786,0.009908440862091,1008.9643784064856,2.1411671924290223,3.3167853002237853,4.294164037854889,0.2602523659305993,89.9876311035617,0.0016540726373932
17.72,15.533333333333331,1543.7765013685782,0.0100191843616812,1008.9814075063692,2.142857142857143,3.3151869615958014,4.297553275453828,0.2604577742699289,89.98394484582329,0.0016682827153999
17.72,15.6,1543.776613062774,0.0101308785574474,1008.998463896036,2.144549763033176,3.3135860979462874,4.300947867298579,0.2606635071090047,89.98025276461296,0.0016825938855618
17.72,15.666666666666666,1543.7767257144296,0.0102435302130743,1009.0155476410408,2.1462450592885376,3.311982703287051,4.304347826086957,0.2608695652173913,89.97655484612005,0.0016970068591035
17.72,15.733333333333333,1543.7768393303552,0.0103571461386309,1009.0326588071516,2.147943037974684,3.3103767716109487,4.307753164556962,0.2610759493670886,89.97285107649031,0.0017115223508881
17.72,15.8,1543.77695391741,0.0104717331932988,1009.0497974603423,2.149643705463183,3.3087682968918126,4.311163895486937,0.2612826603325416,89.96914144182554,0.0017261410939681
17.72,15.866666666666667,1543.7770694825008,0.0105872982842356,1009.0669636668036,2.1513470681458005,3.307157273084373,4.314580031695722,0.2614896988906497,89.96542592818345,0.0017408638068445
17.72,15.933333333333334,1543.7771860325845,0.0107038483677115,1009.0841574929352,2.153053132434576,3.3055436941241862,4.318001586042823,0.2616970658207772,89.96170452157763,0.0017556912298459
17.72,16.0,1543.7773035746648,0.0108213904481999,1009.1013790053522,2.154761904761905,3.303927553927554,4.321428571428572,0.261904761904762,89.95797720797721,0.0017706240996631
17.72,16.066666666666666,1543.7774221157977,0.010939931581106,1009.1186282708832,2.15647339158062,3.302308846391451,4.324861000794281,0.2621127879269261,89.95424397330672,0.0017856631602626
17.72,16.133333333333333,1543.777541663086,0.0110594788695834,1009.1359053565716,2.1581875993640702,3.300687565393448,4.328298887122417,0.2623211446740858,89.95050480344598,0.0018008091628871
17.72,16.2,1543.777662223686,0.0111800394693091,1009.1532103296774,2.1599045346062056,3.299063704791629,4.331742243436755,0.2625298329355609,89.94675968422985,0.0018160628696932
17.72,16.266666666666666,1543.777783804802,0.0113016205855274,1009.1705432576772,2.161624203821656,3.297437258424519,4.335191082802548,0.2627388535031847,89.94300860144808,0.0018314250337425
17.72,16.333333333333332,1543.7779064136903,0.0114242294739597,1009.1879042082652,2.163346613545817,3.295808220111009,4.338645418326694,0.2629482071713148,89.93925154084516,0.0018468964262865
17.72,16.4,1543.778030057659,0.0115478734423959,1009.205293249354,2.1650717703349285,3.2941765836502674,4.342105263157895,0.2631578947368421,89.93548848812007,0.0018624778240337
17.72,16.466666666666665,1543.778154744067,0.0116725598504672,1009.2227104490764,2.1667996807661614,3.292542342821672,4.345570630486832,0.2633679169992019,89.93171942892613,0.0018781699982355
17.72,16.53333333333333,1543.7782804803253,0.0117982961087363,1009.2401558757848,2.1685303514377,3.290905491384725,4.349041533546327,0.2635782747603834,89.92794434887087,0.0018939737383334
17.72,16.6,1543.7784072738991,0.0119250896825633,1009.257629598054,2.1702637889688248,3.289266023078972,4.35251798561151,0.26378896882494,89.92416323351574,0.0019098898355878
17.72,16.666666666666668,1543.7785351323034,0.0120529480868754,1009.2751316846789,2.172,3.287623931623932,4.356,0.264,89.92037606837606,0.001925919075802
17.72,16.733333333333334,1543.778664063109,0.0121818788925338,1009.2926622046796,2.1737389911929546,3.2859792107190025,4.359487590072058,0.2642113690952762,89.91658283892072,0.0019420622775214
17.72,16.8,1543.7787940739404,0.0123118897238327,1009.310221227299,2.175480769230769,3.284331854043392,4.362980769230769,0.2644230769230769,89.91278353057199,0.0019583202447392
17.72,16.866666666666667,1543.778925172475,0.0124429882584991,1009.3278088220054,2.177225340817963,3.2826818552560333,4.366479550922214,0.264635124298316,89.90897812870547,0.0019746937796298
17.72,16.933333333333334,1543.7790573664445,0.0125751822279198,1009.345425058492,2.178972712680578,3.2810292079955,4.369983948635634,0.2648475120385233,89.90516661864977,0.0019911837098334
17.72,17.0,1543.7791906636364,0.0127084794198708,1009.36307000668,2.180722891566265,3.2793739058799294,4.373493975903615,0.2650602409638554,89.90134898568633,0.002007790864809
17.72,17.066666666666666,1543.779325071893,0.0128428876764701,1009.380743736717,2.182475884244373,3.27771594250694,4.377009646302251,0.2652733118971061,89.89752521504933,0.0020245160776539
17.72,17.133333333333333,1543.7794605991137,0.0129784148969065,1009.39844631898,2.184231697506034,3.276055311453541,4.380530973451328,0.2654867256637168,89.89369529192538,0.0020413601814652
17.72,17.2,1543.7795972532506,0.0131150690340291,1009.4161778240752,2.185990338164251,3.274392006276064,4.384057971014493,0.2657004830917874,89.88985920145339,0.002058324022073
17.72,17.266666666666666,1543.7797350423164,0.0132528580998041,1009.4339383228393,2.187751813053989,3.2727260205100657,4.387590652699437,0.2659145850120871,89.88601692872443,0.0020754084562213
17.72,17.333333333333332,1543.779873974378,0.0133917901614495,1009.4517278863402,2.1895161290322585,3.271057347670251,4.391129032258065,0.2661290322580645,89.88216845878136,0.0020926143333781
17.72,17.4,1543.7800140575607,0.0135318733441636,1009.469546585878,2.191283292978208,3.269385981250388,4.394673123486683,0.2663438256658595,89.87831377661885,0.0021099425193824
17.72,17.466666666666665,1543.7801553000472,0.0136731158306702,1009.4873944929864,2.193053311793215,3.267711914723224,4.398222940226172,0.2665589660743134,89.87445286718308,0.0021273938928061
17.72,17.53333333333333,1543.7802977100798,0.013815525863265,1009.5052716794328,2.19482619240097,3.2660351415403954,4.401778496362167,0.2667744543249797,89.87058571537148,0.0021449693213071
17.72,17.6,1543.780441295957,0.0139591117404052,1009.5231782172208,2.196601941747573,3.2643556551323543,4.405339805825244,0.2669902912621359,89.8667123060327,0.0021626696907333
17.72,17.666666666666668,1543.7805860660385,0.0141038818219385,1009.541114178589,2.19838056680162,3.262673448908267,4.408906882591094,0.2672064777327936,89.86283262396623,0.0021804958942084
17.72,17.733333333333334,1543.780732028743,0.0142498445263754,1009.5590796360134,2.200162074554295,3.260988516255939,4.4124797406807135,0.2674230145867099,89.85894665392235,0.0021984488266753
17.72,17.8,1543.7808791925488,0.0143970083322528,1009.5770746622084,2.201946472019465,3.2593008505417265,4.416058394160584,0.267639902676399,89.85505438060183,0.0022165293921716
17.72,17.866666666666667,1543.7810275659954,0.0145453817788165,1009.5950993301273,2.2037337662337664,3.257610445110445,4.419642857142858,0.2678571428571429,89.85115578865579,0.0022347385038301
17.72,17.933333333333334,1543.7811771576826,0.0146949734660211,1009.6131537129634,2.205523964256702,3.255917293285287,4.4232331437855406,0.2680747359870024,89.84725086268546,0.0022530770693265
17.72,18.0,1543.781327976271,0.0148457920545297,1009.6312378841504,2.207317073170732,3.2542213883677293,4.426829268292683,0.2682926829268293,89.84333958724203,0.0022715460163453
17.72,18.066666666666663,1543.7814800304848,0.0149978462682156,1009.649351917366,2.209113100081367,3.252522723637452,4.4304312449145655,0.2685109845402766,89.83942194682635,0.0022901462853042
17.72,18.133333333333333,1543.7816333291091,0.0151511448925703,1009.6674958865286,2.210912052117264,3.2508212923522373,4.434039087947883,0.2687296416938111,89.8354979258888,0.0023088788038876
17.72,18.2,1543.781787880992,0.0153056967753855,1009.6856698658014,2.212713936430318,3.2491170877478948,4.4376528117359415,0.2689486552567237,89.83156750882912,0.0023277445197891
17.72,18.266666666666666,1543.7819436950451,0.0154615108285725,1009.7038739295932,2.2145187601957588,3.2474101030381624,4.4412724306688425,0.269168026101142,89.8276306799961,0.0023467443843401
17.72,18.33333333333333,1543.7821007802434,0.0156185960267976,1009.7221081525588,2.216326530612245,3.245700331414617,4.444897959183673,0.2693877551020408,89.82368742368742,0.002365879357967
17.72,18.4,1543.7822591456263,0.015776961409756,1009.7403726095986,2.218137254901961,3.243987766046589,4.4485294117647065,0.2696078431372549,89.81973772414949,0.0023851504101912
17.72,18.466666666666665,1543.782418800298,0.0159366160814897,1009.7586673758634,2.2199509403107114,3.242272400081068,4.452166802943581,0.2698282910874898,89.81578156557715,0.0024045585087151
17.72,18.53333333333333,1543.7825797534274,0.0160975692108422,1009.776992526751,2.2217675941080195,3.240554226642606,4.455810147299509,0.2700490998363338,89.81181893211354,0.0024241046357929
17.72,18.6,1543.7827420142496,0.01625983003305,1009.7953481379112,2.223587223587224,3.238833238833239,4.45945945945946,0.2702702702702703,89.8078498078498,0.0024437897845928
17.72,18.666666666666668,1543.7829055920652,0.016423407848606,1009.8137342852428,2.2254098360655736,3.23710942973238,4.46311475409836,0.2704918032786885,89.80387417682499,0.002463614946464
17.72,18.73333333333333,1543.7830704962423,0.0165883120259877,1009.8321510448988,2.2272354388843314,3.235382792396737,4.4667760459392944,0.2707136997538966,89.79989202302573,0.0024835811327648
17.72,18.8,1543.7832367362162,0.016754551999611,1009.8505984932842,2.2290640394088674,3.2336533198602164,4.470443349753695,0.270935960591133,89.7959033303861,0.0025036893403012
17.72,18.866666666666667,1543.783404321488,0.0169221372714218,1009.8690767070592,2.230895645028759,3.231921005133823,4.474116680361544,0.2711585866885784,89.79190808278729,0.0025239405968022
17.72,18.933333333333334,1543.783573261629,0.0170910774124877,1009.8875857631392,2.2327302631578947,3.230185841205578,4.477796052631579,0.2713815789473684,89.78790626405757,0.002544335929997
17.72,19.0,1543.7837435662786,0.0172613820620881,1009.9061257386954,2.2345679012345685,3.228447821040414,4.481481481481482,0.271604938271605,89.78389785797194,0.0025648763694334
17.72,19.066666666666663,1543.783915245145,0.017433060928397,1009.924696711157,2.2364085667215816,3.2267069375800843,4.4851729818780885,0.271828665568369,89.77988284825187,0.0025855629592115
17.72,19.133333333333333,1543.7840883080064,0.0176061237898466,1009.943298758212,2.2382522671063483,3.224963183743068,4.488870568837593,0.2720527617477329,89.77586121856525,0.002606396752526
17.72,19.2,1543.784262764712,0.017780580495355,1009.9619319578076,2.2400990099009905,3.223216552424474,4.492574257425743,0.2722772277227723,89.77183295252603,0.0026273788025719
17.72,19.266666666666666,1543.7844386251802,0.0179564409636441,1009.980596388152,2.2419488026424443,3.221467036495938,4.496284062758051,0.2725020644095788,89.76779803369399,0.0026485101734579
17.72,19.33333333333333,1543.7846158994018,0.0181337151852858,1009.9992921277144,2.243801652892562,3.219714628805538,4.500000000000001,0.2727272727272727,89.76375644557463,0.0026697919456637
17.72,19.4,1543.7847945974397,0.0183124132229295,1010.01801925523,2.245657568238214,3.217959322177685,4.503722084367247,0.2729528535980149,89.75970817161884,0.0026912251942121
17.72,19.466666666666665,1543.7849747294276,0.0184925452110746,1010.036777849694,2.247516556291391,3.21620110941303,4.507450331125828,0.2731788079470199,89.75565319522272,0.0027128110159537
17.72,19.53333333333333,1543.7851563055751,0.0186741213585719,1010.0555679903688,2.2493786246893124,3.214439983288367,4.511184755592378,0.2734051367025683,89.75159149972737,0.0027345505113771
17.72,19.6,1543.7853393361625,0.0188571519458946,1010.0743897567831,2.251243781094528,3.212675936556535,4.5149253731343295,0.27363184079602,89.74752306841859,0.0027564447755139
17.72,19.666666666666668,1543.7855238315449,0.0190416473283221,1010.0932432287332,2.2531120331950207,3.2109089619463056,4.518672199170124,0.2738589211618257,89.74344788452672,0.0027784949288616
17.72,19.73333333333333,1543.785709802153,0.0192276179363943,1010.1121284862826,2.254983388704319,3.209139052162308,4.5224252491694354,0.2740863787375415,89.73936593122639,0.0028007021046505
17.72,19.8,1543.785897258492,0.0194150742754573,1010.1310456097658,2.256857855361596,3.207366199884903,4.526184538653366,0.2743142144638404,89.73527719163629,0.0028230674215592
17.72,19.866666666666667,1543.786086211143,0.0196040269261175,1010.1499946797874,2.2587354409317806,3.205590397770098,4.529950083194676,0.2745424292845258,89.73118164881892,0.00284559202737
17.72,19.933333333333334,1543.7862766707624,0.0197944865458339,1010.168975777224,2.260616153205662,3.20381163844944,4.533721898417985,0.2747710241465446,89.72707928578036,0.0028682770771411
17.72,20.0,1543.7864686480862,0.0199864638695999,1010.187988983226,2.2625,3.202029914529915,4.5375,0.275,89.72297008547008,0.0028910426335642
17.75,0.0,1543.7664821842166,0.0,1005.6348872124258,1.81,3.63,3.63,0.22,90.71,0.0007904624671937
17.75,0.0666666666666666,1543.7665350013908,5.281717426441901e-05,1005.6469896073852,1.8112074716477653,3.6288636869023794,3.632421614409607,0.2201467645096731,90.70736046253056,0.0007940527593746
17.75,0.1333333333333333,1543.766588057918,0.0001058737013863,1005.6591083677368,1.8124165554072096,3.62772585669782,3.634846461949266,0.2202937249666221,90.70471740097908,0.0007976544329721
17.75,0.2,1543.766641355315,0.000159171098403,1005.6712435266496,1.8136272545090184,3.6265865063460256,3.637274549098197,0.220440881763527,90.70207080828324,0.0008012789458007
17.75,0.2666666666666666,1543.7666948951105,0.0002127108939475,1005.683395117382,1.8148395721925137,3.6254456327985753,3.6397058823529416,0.2205882352941176,90.69942067736184,0.0008049264561122
17.75,0.3333333333333333,1543.7667486788423,0.0002664946259756,1005.6955631732844,1.8160535117056853,3.624303232998885,3.642140468227425,0.2207357859531772,90.69676700111482,0.0008085971239779
17.75,0.4,1543.76680270806,0.0003205238435839,1005.7077477277948,1.817269076305221,3.623159303882196,3.644578313253012,0.2208835341365461,90.69410977242303,0.0008122910785459
17.75,0.4666666666666667,1543.7668569843202,0.0003748001036001,1005.7199488144428,1.8184862692565305,3.6220138423755306,3.647019423978567,0.2210314802411252,90.69144898414824,0.0008160084835253
17.75,0.5333333333333333,1543.7669115091912,0.0004293249746751,1005.73216646685,1.81970509383378,3.6208668453976767,3.649463806970509,0.2211796246648793,90.68878462913317,0.0008197494844353
17.75,0.6,1543.766966284251,0.0004841000347823,1005.7444007187272,1.82092555331992,3.619718309859155,3.6519114688128775,0.221327967806841,90.6861167002012,0.0008235142377088
17.75,0.6666666666666666,1543.7670213110896,0.0005391268730363,1005.7566516038778,1.822147651006712,3.618568232662193,3.654362416107383,0.2214765100671141,90.6834451901566,0.0008273028979601
17.75,0.7333333333333333,1543.7670765913044,0.000594407087874,1005.7689191561968,1.8233713901947617,3.617416610700694,3.656816655473472,0.2216252518468771,90.68077009178418,0.0008311156179843
17.75,0.8,1543.7671321265054,0.0006499422888737,1005.7812034096708,1.8245967741935485,3.616263440860215,3.659274193548388,0.2217741935483871,90.67809139784949,0.0008349525578523
17.75,0.8666666666666667,1543.767187918312,0.0007057340953906,1005.79350439838,1.8258238063214527,3.6151087200179335,3.661735036987223,0.2219233355749832,90.6754091010984,0.0008388138667214
17.75,0.9333333333333332,1543.7672439683545,0.0007617841376941,1005.8058221564952,1.827052489905788,3.61395244504262,3.664199192462988,0.2220726783310901,90.67272319425751,0.0008426997064816
17.75,1.0,1543.7673002782726,0.0008180940560578,1005.8181567182828,1.8282828282828285,3.612794612794613,3.6666666666666674,0.2222222222222222,90.67003367003367,0.000846610233566
17.75,1.0666666666666669,1543.767356849719,0.0008746655021241,1005.8305081181004,1.829514824797844,3.611635220125786,3.669137466307278,0.2223719676549865,90.6673405211141,0.0008505456153216
17.75,1.1333333333333333,1543.7674136843548,0.0009315001382219,1005.8428763904004,1.8307484828051248,3.610474263879524,3.671611598111936,0.222521915037087,90.66464374016634,0.0008545060100004
17.75,1.2,1543.7674707838532,0.0009885996366847,1005.8552615697288,1.831983805668016,3.609311740890688,3.674089068825911,0.2226720647773279,90.66194331983806,0.0008584915740357
17.75,1.2666666666666666,1543.767528149898,0.0010459656814418,1005.8676636907262,1.833220796758947,3.608147647985596,3.676569885212694,0.2228224172856178,90.65923925275716,0.0008625024784123
17.75,1.3333333333333333,1543.767585784184,0.0011035999673367,1005.8800827881272,1.83445945945946,3.606981981981982,3.6790540540540544,0.222972972972973,90.65653153153154,0.0008665388850204
17.75,1.4,1543.767643688416,0.0011615041994446,1005.892518896762,1.835699797160244,3.60581473968898,3.6815415821501016,0.2231237322515213,90.65382014874916,0.0008706009593879
17.75,1.4666666666666666,1543.7677018643117,0.0012196800951187,1005.9049720515558,1.836941813261164,3.6046459179070816,3.6840324763193504,0.2232746955345061,90.6511050969779,0.000874688863405
17.75,1.5333333333333332,1543.7677603135978,0.0012781293812622,1005.9174422875294,1.8381855111712933,3.60347551342812,3.686526743398782,0.2234258632362898,90.64838636876551,0.0008788027698756
17.75,1.6,1543.7678190380143,0.0013368537977385,1005.929929639799,1.8394308943089432,3.6023035230352303,3.689024390243903,0.2235772357723577,90.64566395663957,0.0008829428497847
17.75,1.6666666666666667,1543.767878039311,0.0013958550944153,1005.9424341435785,1.840677966101695,3.601129943502825,3.6915254237288138,0.223728813559322,90.64293785310734,0.0008871092686604
17.75,1.7333333333333334,1543.7679373192502,0.001455135033666,1005.9549558341758,1.841926729986432,3.599954771596563,3.694029850746269,0.2238805970149254,90.6402080506558,0.0008913021993066
17.75,1.8,1543.7679968796042,0.001514695387641,1005.9674947469993,1.8431771894093685,3.59877800407332,3.696537678207739,0.2240325865580448,90.63747454175152,0.0008955218145274
17.75,1.8666666666666667,1543.7680567221587,0.0015745379421332,1005.9800509175514,1.8444293478260871,3.59759963768116,3.69904891304348,0.2241847826086956,90.63473731884058,0.0008997682853078
17.75,1.933333333333333,1543.768116848709,0.0016346644924851,1005.9926243814332,1.8456832087015635,3.596419669159302,3.7015635622025833,0.2243371855880353,90.63199637434852,0.0009040417880896
17.75,2.0,1543.7681772610638,0.001695076847227,1006.0052151743446,1.846938775510204,3.595238095238096,3.704081632653061,0.2244897959183673,90.62925170068029,0.000908342495677
17.75,2.0666666666666664,1543.7682379610417,0.0017557768251208,1006.0178233320828,1.8481960517358749,3.594054912638984,3.706603131381893,0.224642614023145,90.62650329022011,0.0009126705881499
17.75,2.1333333333333333,1543.7682989504758,0.0018167662592531,1006.0304488905432,1.8494550408719348,3.5928701180744778,3.709128065395096,0.2247956403269755,90.62375113533152,0.0009170262528641
17.75,2.2,1543.7683602312086,0.0018780469920329,1006.0430918857212,1.850715746421268,3.591683708248125,3.7116564417177913,0.2249488752556237,90.62099522835716,0.0009214096498908
17.75,2.2666666666666666,1543.7684218050956,0.0019396208790567,1006.055752353711,1.8519781718963169,3.59049567985448,3.714188267394271,0.2251023192360164,90.61823556161892,0.0009258209702238
17.75,2.333333333333333,1543.7684836740043,0.0020014897879718,1006.068430330706,1.8532423208191129,3.589306029579068,3.716723549488055,0.2252559726962457,90.61547212741752,0.0009302603939431
17.75,2.4,1543.7685458398148,0.0020636555982491,1006.0811258530003,1.8545081967213115,3.5881147540983607,3.719262295081968,0.2254098360655737,90.6127049180328,0.0009347281047666
17.75,2.466666666666667,1543.7686083044186,0.0021261202020923,1006.0938389569878,1.8557758031442244,3.586921850079745,3.721804511278196,0.2255639097744361,90.6099339257234,0.0009392242936883
17.75,2.533333333333333,1543.7686710697203,0.0021888855039833,1006.1065696791632,1.8570451436388509,3.5857273141814865,3.724350205198358,0.2257181942544459,90.60715914272684,0.00094374913715
17.75,2.6,1543.7687341376368,0.0022519534202274,1006.1193180561216,1.8583162217659133,3.584531143052703,3.726899383983573,0.2258726899383983,90.6043805612594,0.0009483028152317
17.75,2.6666666666666665,1543.7687975100955,0.0023153258791808,1006.1320841245608,1.8595890410958904,3.583333333333333,3.7294520547945207,0.226027397260274,90.60159817351598,0.0009528855243843
17.75,2.7333333333333334,1543.76886118904,0.0023790048235241,1006.1448679212784,1.860863605209048,3.582133881654101,3.7320082248115134,0.2261823166552433,90.5988119716701,0.0009574974646966
17.75,2.8,1543.7689251764243,0.0024429922077615,1006.1576694831766,1.8621399176954727,3.580932784636489,3.734567901234569,0.2263374485596708,90.5960219478738,0.0009621388089726
17.75,2.8666666666666667,1543.7689894742148,0.0025072899982205,1006.1704888472572,1.863417982155113,3.579730038892702,3.73713109128346,0.2264927934111187,90.5932280942576,0.0009668097554822
17.75,2.933333333333333,1543.7690540843917,0.0025719001750985,1006.183326050626,1.8646978021978025,3.578525641025641,3.7396978021978025,0.2266483516483516,90.5904304029304,0.0009715104952192
17.75,3.0,1543.7691190089477,0.0026368247310983,1006.1961811304932,1.8659793814432992,3.5773195876288666,3.742268041237114,0.2268041237113402,90.58762886597938,0.0009762412319105
17.75,3.0666666666666664,1543.7691842498891,0.0027020656725653,1006.2090541241704,1.8672627235213208,3.5761118752865664,3.7448418156808807,0.2269601100412655,90.58482347546996,0.0009810021492739
17.75,3.1333333333333333,1543.7692498092342,0.0027676250176682,1006.2219450690732,1.8685478320715765,3.5749025005735264,3.747419132828631,0.227116311080523,90.58201422344573,0.0009857934473984
17.75,3.2,1543.7693156890157,0.0028335047989003,1006.2348540027236,1.8698347107438016,3.5736914600550964,3.75,0.2272727272727273,90.5792011019284,0.0009906153281917
17.75,3.2666666666666666,1543.7693818912778,0.0028997070612604,1006.2477809627454,1.8711233631977944,3.5724787502871584,3.752584424534804,0.2274293590627153,90.57638410291752,0.0009954679862858
17.75,3.333333333333333,1543.7694484180804,0.0029662338638445,1006.2607259868686,1.872413793103448,3.571264367816092,3.7551724137931033,0.2275862068965517,90.5735632183908,0.0010003516254073
17.75,3.4,1543.7695152714944,0.0030330872777994,1006.2736891129288,1.873706004140787,3.5700483091787443,3.75776397515528,0.2277432712215321,90.57073844030366,0.0010052664474642
17.75,3.466666666666667,1543.7695824536067,0.0031002693901882,1006.2866703788668,1.875,3.568830570902393,3.7603591160221,0.2279005524861878,90.56790976058932,0.0010102126561832
17.75,3.533333333333333,1543.769649966515,0.0031677822987603,1006.2996698227294,1.8762957843814791,3.567611149504723,3.7629578438147897,0.2280580511402903,90.56507717115872,0.0010151904589292
17.75,3.6,1543.7697178123344,0.0032356281178635,1006.3126874826692,1.8775933609958508,3.566390041493776,3.765560165975104,0.2282157676348548,90.5622406639004,0.00102020005761
17.75,3.6666666666666665,1543.7697859931895,0.003303808972987,1006.325723396947,1.878892733564014,3.565167243367936,3.768166089965398,0.2283737024221453,90.55940023068052,0.0010252416577714
17.75,3.733333333333333,1543.7698545112223,0.0033723270057635,1006.3387776039297,1.8801939058171748,3.563942751615882,3.770775623268699,0.2285318559556787,90.55655586334257,0.001030315486787
17.75,3.8,1543.7699233685878,0.0034411843712405,1006.3518501420916,1.881496881496881,3.562716562716563,3.7733887733887737,0.2286902286902287,90.55370755370755,0.0010354217301937
17.75,3.866666666666666,1543.769992567453,0.0035103832365166,1006.3649410500152,1.8828016643550625,3.5614886731391584,3.776005547850208,0.2288488210818308,90.55085529357372,0.0010405606080894
17.75,3.933333333333333,1543.7700621100023,0.0035799257857433,1006.378050366392,1.88410825815406,3.5602590793430493,3.7786259541984735,0.2290076335877862,90.54799907471664,0.0010457323423906
17.75,4.0,1543.770131998432,0.0036498142155778,1006.391178130021,1.8854166666666667,3.559027777777777,3.78125,0.2291666666666666,90.5451388888889,0.0010509371386433
17.75,4.066666666666666,1543.770202234954,0.0037200507374564,1006.4043243798108,1.886726893676164,3.557794764883021,3.783877692842252,0.2293259207783182,90.54227472782024,0.001056175224221
17.75,4.133333333333333,1543.7702728217953,0.0037906375787315,1006.417489154778,1.888038942976356,3.556560037088549,3.786509040333797,0.2294853963838665,90.53940658321744,0.0010614468101266
17.75,4.2,1543.7703437611951,0.0038615769785792,1006.430672494052,1.8893528183716075,3.555323590814196,3.789144050104384,0.2296450939457202,90.5365344467641,0.0010667521073628
17.75,4.266666666666667,1543.7704150554096,0.0039328711930011,1006.44387443687,1.8906685236768803,3.554085422469824,3.791782729805015,0.2298050139275766,90.5336583101207,0.0010720913505792
17.75,4.333333333333333,1543.7704867067084,0.0040045224918685,1006.4570950225798,1.8919860627177705,3.5528455284552845,3.794425087108016,0.2299651567944251,90.53077816492451,0.0010774647507787
17.75,4.4,1543.7705587173764,0.0040765331598322,1006.4703342906414,1.893305439330544,3.5516039051603903,3.797071129707114,0.2301255230125523,90.5278940027894,0.0010828725371538
17.75,4.466666666666667,1543.7706310897136,0.0041489054970043,1006.4835922806254,1.8946266573621773,3.550360548964876,3.799720865317517,0.2302861130495464,90.52500581530587,0.0010883149407163
17.75,4.533333333333333,1543.770703826035,0.0042216418185034,1006.4968690322138,1.8959497206703912,3.549115456238362,3.8023743016759775,0.2304469273743017,90.52211359404096,0.0010937921833829
17.75,4.6,1543.7707769286712,0.0042947444546825,1006.5101645852012,1.8972746331236896,3.547868623340321,3.80503144654088,0.230607966457023,90.51921733053808,0.0010993044852511
17.75,4.666666666666667,1543.7708503999663,0.0043682157499915,1006.5234789794952,1.8986013986013988,3.546620046620048,3.807692307692308,0.2307692307692307,90.51631701631705,0.0011048520809708
17.75,4.733333333333333,1543.770924242282,0.0044420580654787,1006.5368122551156,1.899930020993702,3.5453697224166083,3.81035689293212,0.2309307207837648,90.5134126428738,0.0011104352124675
17.75,4.8,1543.770998457995,0.0045162737783357,1006.5501644521956,1.9012605042016808,3.544117647058824,3.8130252100840334,0.2310924369747899,90.51050420168067,0.0011160541052959
17.75,4.866666666666666,1543.7710730494962,0.0045908652796242,1006.5635356109818,1.9025928521373512,3.5428638168652187,3.8156972669936935,0.2312543798177996,90.50759168418594,0.0011217089904675
17.75,4.933333333333334,1543.7711480191936,0.0046658349770041,1006.5769257718364,1.9039270687237029,3.541608228143992,3.818373071528752,0.2314165497896213,90.50467508181394,0.0011274001062702
17.75,5.0,1543.7712233695106,0.0047411852940513,1006.5903349752346,1.9052631578947368,3.5403508771929824,3.8210526315789473,0.231578947368421,90.5017543859649,0.0011331276946293
17.75,5.066666666666666,1543.771299102886,0.0048169186695758,1006.6037632617666,1.9066011235955056,3.539091760299625,3.82373595505618,0.2317415730337079,90.49882958801496,0.0011388919883756
17.75,5.133333333333333,1543.7713752217755,0.0048930375589861,1006.6172106721394,1.9079409697821503,3.537830873740923,3.826423049894589,0.2319044272663387,90.495900679316,0.0011446932348917
17.75,5.2,1543.7714517286508,0.0049695444342887,1006.6306772471744,1.9092827004219413,3.536568213783404,3.8291139240506338,0.2320675105485232,90.4929676511955,0.0011505316742841
17.75,5.266666666666667,1543.7715286259988,0.0050464417822695,1006.6441630278088,1.9106263194933149,3.5353037766830875,3.831808585503168,0.2322308233638283,90.4900304949566,0.0011564075466594
17.75,5.333333333333333,1543.7716059163238,0.0051237321072221,1006.6576680550984,1.9119718309859155,3.5340375586854456,3.834507042253521,0.2323943661971831,90.48708920187794,0.0011623211066762
17.75,5.4,1543.7716836021464,0.0052014179298112,1006.6711923702138,1.9133192389006344,3.5327695560253702,3.8372093023255816,0.2325581395348837,90.48414376321352,0.001168272594441
17.75,5.466666666666667,1543.7717616860032,0.0052795017866174,1006.6847360144446,1.914668547249648,3.531499764927128,3.839915373765868,0.232722143864598,90.48119417019277,0.0011742622627934
17.75,5.533333333333333,1543.771840170448,0.0053579862315018,1006.6982990291972,1.9160197600564568,3.530228181604328,3.842625264643613,0.2328863796753705,90.47824041402022,0.001180290360935
17.75,5.6,1543.7719190580517,0.0054368738349239,1006.7118814559968,1.9173728813559323,3.528954802259887,3.845338983050848,0.2330508474576271,90.47528248587572,0.0011863571471621
17.75,5.666666666666667,1543.771998351401,0.0055161671843961,1006.7254833364872,1.9187279151943464,3.527679623085984,3.8480565371024738,0.2332155477031802,90.472320376914,0.0011924628688575
17.75,5.733333333333333,1543.7720780531008,0.0055958688842565,1006.7391047124308,1.92008486562942,3.5264026402640263,3.850777934936351,0.2333804809052334,90.46935407826496,0.0011986077879555
17.75,5.8,1543.772158165773,0.0056759815561235,1006.7527456257106,1.9214437367303607,3.5251238499646145,3.853503184713376,0.2335456475583864,90.46638358103328,0.0012047921572957
17.75,5.866666666666666,1543.772238692055,0.0057565078384413,1006.7664061183284,1.922804532577904,3.523843248347498,3.856232294617564,0.2337110481586402,90.4634088762984,0.0012110162351746
17.75,5.933333333333334,1543.7723196346042,0.0058374503876166,1006.7800862324073,1.924167257264352,3.522560831561541,3.858965272856131,0.2338766832034018,90.46042995511458,0.0012172802944405
17.75,6.0,1543.7724009960943,0.005918811877791,1006.7937860101904,1.925531914893617,3.521276595744681,3.861702127659575,0.2340425531914893,90.45744680851064,0.0012235845915711
17.75,6.066666666666666,1543.7724827792165,0.0060005949997048,1006.8075054940432,1.9268985095812632,3.5199905370238938,3.86444286728176,0.2342086586231369,90.45445942748997,0.0012299293848627
17.75,6.133333333333333,1543.772564986679,0.0060828024625152,1006.8212447264516,1.9282670454545456,3.518702651515152,3.8671875,0.234375,90.45146780303033,0.0012363149489829
17.75,6.2,1543.7726476212094,0.0061654369928874,1006.8350037500244,1.929637526652452,3.5174129353233834,3.8699360341151374,0.2345415778251599,90.44847192608384,0.0012427415549609
17.75,6.266666666666667,1543.7727306855531,0.0062485013365858,1006.8487826074924,1.9310099573257469,3.5161213845424366,3.872688477951636,0.2347083926031294,90.44547178757703,0.0012492094665503
17.75,6.333333333333333,1543.7728141824718,0.0063319982552911,1006.86258134171,1.9323843416370108,3.514827995255042,3.875444839857652,0.2348754448398576,90.44246737841044,0.0012557189602375
17.75,6.4,1543.772898114748,0.0064159305313751,1006.8763999956548,1.933760683760684,3.513532763532764,3.8782051282051286,0.235042735042735,90.43945868945868,0.0012622703125089
17.75,6.466666666666667,1543.7729824851804,0.0065003009638076,1006.890238612429,1.935138987883108,3.51223568543597,3.880969351389879,0.2352102637205987,90.43644571157044,0.0012688637925748
17.75,6.533333333333333,1543.773067296587,0.0065851123704305,1006.9040972352578,1.936519258202568,3.51093675701379,3.8837375178316695,0.2353780313837375,90.43342843556825,0.0012754996878356
17.75,6.6,1543.7731525518054,0.0066703675888675,1006.9179759074914,1.9379014989293364,3.509635974304069,3.886509635974305,0.2355460385438972,90.4304068522484,0.0012821782711398
17.75,6.666666666666667,1543.7732382536897,0.0067560694731128,1006.9318746726065,1.9392857142857147,3.5083333333333337,3.889285714285715,0.2357142857142857,90.42738095238094,0.0012888998207927
17.75,6.733333333333333,1543.773324405115,0.0068422208985339,1006.9457935742032,1.940671908506076,3.507028830116751,3.892065761258042,0.2358827734095783,90.42435072670956,0.0012956646332895
17.75,6.8,1543.773411008974,0.0069288247575514,1006.9597326560112,1.94206008583691,3.5057224606580832,3.894849785407725,0.2360515021459227,90.42131616595135,0.0013024729851167
17.75,6.866666666666666,1543.7734980681798,0.0070158839632767,1006.9736919618834,1.943450250536865,3.504414220949654,3.897637795275591,0.2362204724409449,90.41827726079696,0.0013093251673126
17.75,6.933333333333334,1543.773585585663,0.0071034014465567,1006.9876715358016,1.9448424068767909,3.503104106972302,3.9004297994269344,0.2363896848137535,90.41523400191022,0.0013162214654585
17.75,7.0,1543.7736735643757,0.0071913801589289,1007.0016714218752,1.946236559139785,3.50179211469534,3.903225806451613,0.2365591397849462,90.4121863799283,0.0013231621778686
17.75,7.066666666666666,1543.773762007287,0.0072798230703483,1007.0156916643402,1.947632711621234,3.500478240076519,3.9060258249641326,0.236728837876614,90.40913438546151,0.0013301475974003
17.75,7.133333333333333,1543.7738509173885,0.0073687331719156,1007.029732307562,1.9490308686288589,3.4991624790619764,3.908829863603733,0.2368987796123474,90.40607800909308,0.0013371780187299
17.75,7.2,1543.7739402976893,0.007458113472694,1007.0437933960357,1.950431034482759,3.497844827586208,3.911637931034483,0.2370689655172413,90.4030172413793,0.0013442537292576
17.75,7.266666666666667,1543.7740301512192,0.0075479670026652,1007.0578749743836,1.9518332135154568,3.4965252815720107,3.914450035945364,0.2372393961179008,90.39995207284927,0.0013513750454876
17.75,7.333333333333333,1543.7741204810286,0.0076382968120469,1007.0719770873602,1.9532374100719427,3.495203836930456,3.91726618705036,0.237410071942446,90.3968824940048,0.0013585422639152
17.75,7.399999999999999,1543.7742112901876,0.007729105971066,1007.0860997798484,1.954643628509719,3.4938804895608344,3.920086393088552,0.2375809935205183,90.39380849532036,0.0013657556828547
17.75,7.466666666666667,1543.774302581786,0.0078203975695032,1007.100243096864,1.9560518731988472,3.492555235350624,3.922910662824208,0.2377521613832853,90.39073006724304,0.0013730156078963
17.75,7.533333333333333,1543.7743943589355,0.0079121747189674,1007.114407083552,1.9574621485219896,3.4912280701754383,3.925739005046864,0.2379235760634462,90.38764720019226,0.0013803223646391
17.75,7.6,1543.774486624768,0.0080044405513035,1007.1285917851892,1.958874458874459,3.4898989898989905,3.928571428571429,0.2380952380952381,90.38455988455988,0.0013876762459403
17.75,7.666666666666667,1543.7745793824347,0.0080971982181381,1007.1427972471872,1.96028880866426,3.488567990373044,3.931407942238268,0.2382671480144404,90.38146811071,0.0013950775628472
17.75,7.733333333333333,1543.7746726351097,0.0081904508931529,1007.1570235150872,1.9617052023121389,3.48723506743738,3.934248554913295,0.2384393063583815,90.3783718689788,0.0014025266391399
17.75,7.8,1543.7747663859866,0.0082842017700386,1007.171270634566,1.963123644251627,3.48590021691974,3.93709327548807,0.2386117136659436,90.37527114967462,0.0014100237913226
17.75,7.866666666666666,1543.7748606382818,0.0083784540652231,1007.185538651432,1.9645441389290883,3.4845634346357937,3.939942112879885,0.2387843704775687,90.37216594307766,0.0014175693377183
17.75,7.933333333333334,1543.7749553952317,0.0084732110149161,1007.1998276116292,1.9659666908037647,3.48322471638909,3.942795076031861,0.2389572773352643,90.36905623944,0.0014251635911932
17.75,8.0,1543.775050660094,0.0085684758773822,1007.2141375612364,1.9673913043478264,3.481884057971014,3.945652173913044,0.2391304347826087,90.36594202898551,0.0014328068864415
17.75,8.066666666666666,1543.7751464361495,0.0086642519331689,1007.228468546466,1.9688179840464104,3.4805414551607448,3.948513415518492,0.2393038433647571,90.3628233019096,0.0014404995454242
17.75,8.133333333333333,1543.7752427267,0.0087605424835146,1007.2428206136684,1.9702467343976773,3.4791969037252053,3.951378809869376,0.239477503628447,90.35970004837928,0.0014482418955594
17.75,8.2,1543.7753395350692,0.0088573508526224,1007.257193809328,1.971677559912854,3.477850399419027,3.954248366013072,0.2396514161220043,90.35657225853303,0.0014560342642653
17.75,8.266666666666666,1543.775436864602,0.0089546803853863,1007.2715881800672,1.973110465116279,3.476501937984496,3.957122093023256,0.2398255813953488,90.35343992248062,0.0014638769898738
17.75,8.333333333333334,1543.7755347186676,0.0090525344510297,1007.2860037726446,1.9745454545454548,3.4751515151515155,3.96,0.24,90.35030303030304,0.001471770401622
17.75,8.4,1543.7756331006558,0.0091509164392391,1007.3004406339574,1.975982532751092,3.4737991266375547,3.962882096069869,0.2401746724890829,90.3471615720524,0.0014797148451179
17.75,8.466666666666667,1543.77573201398,0.0092498297635756,1007.3148988110404,1.97742170429716,3.4724447681476085,3.965768390386016,0.2403495994173343,90.34401553775189,0.0014877106495987
17.75,8.533333333333333,1543.7758314620758,0.0093492778592008,1007.329378351067,1.978862973760933,3.47108843537415,3.9686588921282806,0.2405247813411079,90.34086491739554,0.0014957581552152
17.75,8.6,1543.775931448401,0.0094492641844681,1007.3438793013504,1.9803063457330417,3.4697301239970826,3.971553610503282,0.2407002188183807,90.3377097009482,0.0015038577203085
17.75,8.666666666666666,1543.7760319764384,0.0095497922218328,1007.3584017093426,1.9817518248175183,3.4683698296836982,3.9744525547445257,0.2408759124087591,90.3345498783455,0.0015120096904865
17.75,8.733333333333333,1543.776133049693,0.0096508654764875,1007.3729456226364,1.9831994156318484,3.4670075480886298,3.977355734112491,0.2410518626734843,90.33138543949354,0.0015202144004433
17.75,8.8,1543.7762346716916,0.0097524874749979,1007.3875110889664,1.9846491228070176,3.465643274853801,3.980263157894737,0.2412280701754386,90.328216374269,0.0015284722012438
17.75,8.866666666666667,1543.7763368459866,0.0098546617700776,1007.402098156206,1.986100950987564,3.464277005608388,3.983174835405998,0.2414045354791514,90.32504267251888,0.0015367834675998
17.75,8.933333333333334,1543.776439576154,0.0099573919374051,1007.4167068723718,1.9875549048316248,3.4629087359687647,3.9860907759882873,0.2415812591508052,90.32186432406051,0.0015451485414814
17.75,9.0,1543.7765428657922,0.0100606815756236,1007.4313372856238,1.989010989010989,3.4615384615384617,3.989010989010989,0.2417582417582417,90.31868131868131,0.0015535677830484
17.75,9.066666666666666,1543.776646718525,0.0101645343083873,1007.4459894442616,1.990469208211144,3.460166177908113,3.991935483870968,0.2419354838709677,90.3154936461388,0.0015620415470039
17.75,9.133333333333333,1543.7767511379986,0.0102689537820879,1007.4606633967328,1.991929567131328,3.458791880655417,3.994864269992664,0.2421129860601614,90.31230129616044,0.0015705702116974
17.75,9.2,1543.7768561278865,0.010373943669947,1007.4753591916244,1.9933920704845816,3.45741556534508,3.997797356828194,0.2422907488986784,90.30910425844344,0.0015791541391081
17.75,9.266666666666666,1543.7769616918838,0.0104795076672417,1007.4900768776706,1.994856722997796,3.4560372275287783,4.000734753857459,0.2424687729610581,90.30590252265492,0.0015877936875767
17.75,9.333333333333334,1543.7770678337115,0.0105856494949421,1007.5048165037496,1.996323529411765,3.4546568627450984,4.003676470588236,0.2426470588235294,90.30269607843135,0.0015964892427291
17.75,9.4,1543.7771745571165,0.0106923728997117,1007.5195781188852,1.9977924944812364,3.4532744665195,4.006622516556291,0.2428256070640176,90.29948491537895,0.0016052411701821
17.75,9.466666666666669,1543.7772818658675,0.0107996816509512,1007.5343617722472,1.999263622974964,3.451890034364262,4.00957290132548,0.2430044182621502,90.29626902307317,0.0016140498519234
17.75,9.533333333333331,1543.7773897637633,0.0109075795467106,1007.549167513152,2.0007369196757554,3.450503561778433,4.012527634487841,0.2431834929992631,90.2930483910587,0.001622915664484
17.75,9.6,1543.777498254623,0.0110160704064128,1007.5639953910636,2.002212389380531,3.449115044247788,4.015486725663717,0.2433628318584071,90.28982300884957,0.0016318389880325
17.75,9.666666666666666,1543.7776073422951,0.0111251580785847,1007.5788454555928,2.003690036900369,3.4477244772447726,4.018450184501845,0.2435424354243542,90.28659286592868,0.0016408202172897
17.75,9.733333333333333,1543.7777170306515,0.0112348464351725,1007.5937177564994,2.005169867060561,3.446331856228459,4.0214180206794685,0.2437223042836041,90.2833579517479,0.0016498597215104
17.75,9.8,1543.7778273235913,0.0113451393747254,1007.6086123436922,2.006651884700665,3.444937176644493,4.024390243902439,0.2439024390243902,90.280118255728,0.0016589579063293
17.75,9.866666666666667,1543.7779382250392,0.0114560408226225,1007.6235292672284,2.008136094674557,3.4435404339250497,4.027366863905326,0.2440828402366864,90.2768737672584,0.001668115164648
17.75,9.933333333333334,1543.7780497389465,0.011567554729936,1007.638468577316,2.0096225018504814,3.4421416234887734,4.030347890451518,0.2442635085122131,90.27362447569702,0.0016773318839113
17.75,10.0,1543.7781618692902,0.0116796850736591,1007.6534303243126,2.0111111111111115,3.440740740740741,4.033333333333334,0.2444444444444445,90.27037037037036,0.001686608460659
17.75,10.066666666666666,1543.7782746200746,0.0117924358580694,1007.6684145587278,2.012601927353596,3.4393377810724,4.036323202372128,0.2446256486286138,90.26711144057326,0.0016959453078015
17.75,10.133333333333333,1543.7783879953313,0.0119058111147296,1007.683421331222,2.0140949554896146,3.437932739861524,4.039317507418398,0.244807121661721,90.26384767556874,0.0017053428255167
17.75,10.2,1543.778501999118,0.0120198149013504,1007.6984506926084,2.0155902004454345,3.43652561247216,4.042316258351893,0.2449888641425389,90.260579064588,0.001714801412163
17.75,10.266666666666666,1543.7786166355197,0.0121344513031544,1007.713502693852,2.0170876671619613,3.4351163942545817,4.045319465081724,0.2451708766716196,90.25730559683012,0.0017243214879272
17.75,10.333333333333334,1543.7787319086497,0.0122497244331043,1007.7285773860729,2.0185873605947955,3.4337050805452285,4.048327137546468,0.2453531598513011,90.2540272614622,0.0017339034602628
17.75,10.4,1543.7788478226478,0.0123656384312198,1007.7436748205432,2.020089285714286,3.4322916666666665,4.051339285714286,0.2455357142857143,90.25074404761904,0.0017435477457183
17.75,10.466666666666669,1543.7789643816825,0.0124821974659425,1007.75879504869,2.0215934475055843,3.4308761479275254,4.054355919583023,0.2457185405807893,90.24745594440309,0.0017532547626615
17.75,10.533333333333331,1543.7790815899496,0.012599405732999,1007.7739381220964,2.023099850968704,3.429458519622454,4.057377049180328,0.2459016393442623,90.24416294088424,0.0017630249367357
17.75,10.6,1543.779199451674,0.0127172674574467,1007.7891040925,2.0246085011185686,3.4280387770320657,4.060402684563758,0.2460850111856823,90.24086502609993,0.0017728586863086
17.75,10.666666666666666,1543.7793179711075,0.0128357868911734,1007.8042930117954,2.026119402985074,3.4266169154228856,4.063432835820896,0.2462686567164179,90.23756218905471,0.0017827564388426
17.75,10.733333333333333,1543.7794371525326,0.0129549683160803,1007.819504932033,2.0276325616131445,3.425192930047299,4.066467513069456,0.2464525765496639,90.23425441872044,0.0017927186308952
17.75,10.8,1543.7795570002584,0.0130748160418079,1007.8347399054228,2.0291479820627805,3.4237668161434978,4.0695067264574,0.2466367713004484,90.23094170403589,0.001802745680834
17.75,10.866666666666667,1543.7796775186237,0.0131953344071007,1007.8499979843295,2.030665669409125,3.4223385689354284,4.072550486163052,0.2468212415856395,90.22762403390676,0.0018128380470443
17.75,10.933333333333334,1543.779798711998,0.0133165277813986,1007.865279221279,2.0321856287425155,3.420908183632735,4.07559880239521,0.2470059880239521,90.2243013972056,0.0018229961606266
17.75,11.0,1543.7799205847784,0.0134384005618812,1007.8805836689558,2.03370786516854,3.419475655430712,4.078651685393259,0.2471910112359551,90.22097378277154,0.0018332204545004
17.75,11.066666666666666,1543.7800431413918,0.0135609571752866,1007.8959113802038,2.035232383808096,3.4180409795102444,4.081709145427286,0.2473763118440779,90.2176411794103,0.0018435113870509
17.75,11.133333333333333,1543.7801663862963,0.0136842020799576,1007.9112624080276,2.0367591897974493,3.41660415103776,4.0847711927982,0.2475618904726181,90.21430357589398,0.0018538694021117
17.75,11.2,1543.7802903239788,0.0138081397622045,1007.9266368055928,2.0382882882882885,3.415165165165165,4.087837837837838,0.2477477477477477,90.21096096096096,0.0018642949416971
17.75,11.266666666666666,1543.7804149589556,0.0139327747390325,1007.9420346262262,2.0398196844477834,3.4137240170298018,4.090909090909091,0.2479338842975206,90.2076133233158,0.0018747884823824
17.75,11.333333333333334,1543.7805402957763,0.0140581115597342,1007.957455923418,2.041353383458647,3.412280701754386,4.093984962406015,0.2481203007518797,90.20426065162908,0.0018853504716389
17.75,11.4,1543.7806663390186,0.0141841548020238,1007.9729007508204,2.0428893905191874,3.4108352144469527,4.0970654627539504,0.2483069977426636,90.20090293453724,0.001895981369671
17.75,11.466666666666669,1543.7807930932922,0.0143109090756752,1007.9883691622492,2.0444277108433737,3.409387550200804,4.100150602409639,0.2484939759036144,90.19754016064256,0.001906681638502
17.75,11.533333333333331,1543.780920563237,0.0144383790204756,1008.0038612116832,2.0459683496608894,3.407937704094449,4.103240391861342,0.2486812358703843,90.19417231851294,0.0019174517547071
17.75,11.6,1543.7810487535262,0.0145665693096361,1008.0193769532686,2.047511312217195,3.406485671191554,4.10633484162896,0.248868778280543,90.19079939668175,0.0019282921912235
17.75,11.666666666666666,1543.7811776688625,0.0146954846459266,1008.034916441314,2.049056603773585,3.4050314465408804,4.109433962264151,0.2490566037735849,90.1874213836478,0.0019392034137126
17.75,11.733333333333333,1543.7813073139812,0.0148251297646311,1008.050479730297,2.050604229607251,3.4035750251762336,4.112537764350453,0.2492447129909365,90.18403826787512,0.0019501859042065
17.75,11.8,1543.7814376936497,0.0149555094330935,1008.0660668748592,2.052154195011338,3.402116402116402,4.115646258503401,0.2494331065759637,90.18065003779289,0.0019612401447375
17.75,11.866666666666667,1543.7815688126673,0.0150866284507173,1008.081677929811,2.053706505295008,3.400655572365104,4.118759455370651,0.2496217851739788,90.17725668179528,0.0019723666282516
17.75,11.933333333333334,1543.781700675867,0.0152184916501028,1008.0973129501295,2.0552611657834974,3.399192530910926,4.1218773656320975,0.2498107494322483,90.17385818824124,0.001983565834962
17.75,12.0,1543.781833288112,0.0153511038954547,1008.1129719909618,2.0568181818181817,3.397727272727273,4.125,0.25,90.17045454545452,0.001994838255996
17.75,12.066666666666666,1543.7819666543007,0.0154844700841749,1008.1286551076234,2.058377558756634,3.3962597927723026,4.128127369219106,0.2501895375284306,90.16704574172353,0.0020061843897565
17.75,12.133333333333333,1543.782100779364,0.0156185951473162,1008.1443623556,2.059939301972686,3.3947900859888724,4.131259484066768,0.2503793626707132,90.16363176530096,0.0020176047364657
17.75,12.2,1543.7822356682657,0.015753484049128,1008.1600937905472,2.061503416856492,3.39331814730448,4.134396355353076,0.2505694760820046,90.16021260440394,0.0020290997999836
17.75,12.266666666666666,1543.7823713260038,0.0158891417872837,1008.1758494682912,2.06306990881459,3.3918439716312063,4.137537993920973,0.2507598784194529,90.15678824721378,0.0020406700878083
17.75,12.333333333333334,1543.7825077576106,0.0160255733940175,1008.1916294448328,2.064638783269962,3.390367553865653,4.140684410646388,0.2509505703422053,90.1533586818758,0.0020523161001619
17.75,12.4,1543.7826449681506,0.0161627839340781,1008.2074337763418,2.066210045662101,3.3888888888888897,4.143835616438357,0.2511415525114155,90.14992389649925,0.0020640383609134
17.75,12.466666666666669,1543.7827829627252,0.0163007785085937,1008.2232625191637,2.067783701447068,3.387407971566387,4.146991622239147,0.2513328255902513,90.14648387915716,0.0020758373884746
17.75,12.533333333333331,1543.782921746469,0.0164395622523443,1008.2391157298164,2.069359756097561,3.385924796747968,4.150152439024391,0.2515243902439024,90.14303861788618,0.0020877136885246
17.75,12.6,1543.7830613245503,0.0165791403337607,1008.2549934649928,2.070938215102975,3.384439359267735,4.153318077803204,0.2517162471395881,90.13958810068652,0.0020996678013034
17.75,12.666666666666666,1543.7832017021758,0.0167195179592454,1008.2708957815609,2.072519083969466,3.3829516539440205,4.156488549618321,0.2519083969465649,90.13613231552164,0.0021117002579558
17.75,12.733333333333333,1543.7833428845847,0.01686070036817,1008.2868227365644,2.074102368220016,3.381461675579322,4.159663865546219,0.2521008403361344,90.13267125031832,0.0021238115768937
17.75,12.8,1543.7834848770526,0.0170026928360584,1008.302774387224,2.075688073394496,3.3799694189602447,4.162844036697249,0.2522935779816514,90.12920489296636,0.0021360023001761
17.75,12.866666666666667,1543.7836276848914,0.0171455006748146,1008.3187507909367,2.077276205049732,3.378474878857434,4.1660290742157615,0.252486610558531,90.12573323131852,0.0021482729680428
17.75,12.933333333333334,1543.7837713134484,0.0172891292318126,1008.334752005278,2.078866768759571,3.3769780500255235,4.169218989280245,0.2526799387442572,90.1222562531904,0.0021606241225526
17.75,13.0,1543.7839157681078,0.0174335838912611,1008.3507780880026,2.0804597701149428,3.375478927203065,4.172413793103449,0.2528735632183908,90.11877394636016,0.0021730563184974
17.75,13.066666666666666,1543.7840610542908,0.0175788700742032,1008.3668290970428,2.082055214723926,3.373977505112474,4.175613496932515,0.2530674846625766,90.1152862985685,0.0021855701052118
17.75,13.133333333333333,1543.784207177455,0.0177249932385166,1008.3829050905116,2.0836531082118186,3.3724737784599634,4.178818112049117,0.2532617037605525,90.11179329751852,0.0021981660265737
17.75,13.2,1543.7843541430943,0.0178719588777767,1008.3990061267036,2.0852534562211984,3.3709677419354844,4.182027649769585,0.2534562211981567,90.10829493087556,0.0022108446501079
17.75,13.266666666666666,1543.784501956742,0.0180197725253492,1008.415132264094,2.0868562644119906,3.3694593902126564,4.185242121445042,0.2536510376633359,90.10479118626697,0.0022236065451579
17.75,13.333333333333334,1543.7846506239669,0.0181684397502976,1008.4312835613392,2.0884615384615386,3.367948717948718,4.188461538461539,0.2538461538461539,90.10128205128206,0.0022364522737916
17.75,13.4,1543.7848001503785,0.0183179661619306,1008.4474600772802,2.0900692840646653,3.36643571978445,4.191685912240185,0.2540415704387991,90.09776751347192,0.0022493824053526
17.75,13.466666666666669,1543.7849505416211,0.018468357404572,1008.4636618709404,2.0916795069337444,3.364920390344119,4.194915254237288,0.2542372881355932,90.09424756034925,0.0022623975164606
17.75,13.533333333333331,1543.7851018033805,0.0186196191639282,1008.4798890015264,2.0932922127987665,3.363402724235416,4.198149575944488,0.2544333076329992,90.09072217938834,0.0022754981964681
17.75,13.6,1543.7852539413805,0.0187717571639041,1008.4961415284322,2.0949074074074074,3.361882716049383,4.201388888888889,0.2546296296296296,90.0871913580247,0.0022886850183567
17.75,13.666666666666666,1543.785406961383,0.0189247771663758,1008.512419511236,2.096525096525097,3.360360360360361,4.204633204633205,0.2548262548262548,90.08365508365507,0.0023019585678412
17.75,13.733333333333333,1543.7855608691896,0.0190786849730102,1008.5287230097008,2.098145285935085,3.3588356517259146,4.207882534775889,0.2550231839258114,90.0801133436373,0.0023153194451879
17.75,13.8,1543.7857156706425,0.019233486425719,1008.5450520837802,2.099767981438516,3.357308584686776,4.211136890951277,0.2552204176334107,90.07656612529,0.0023287682506634
17.75,13.866666666666667,1543.7858713716228,0.0193891874062046,1008.5614067936132,2.101393188854489,3.35577915376677,4.214396284829721,0.2554179566563467,90.07301341589266,0.0023423055808962
17.75,13.933333333333334,1543.7860279780532,0.0195457938366416,1008.5777871995274,2.1030209140201395,3.35424735347276,4.217660728117738,0.2556158017041053,90.06945520268525,0.0023559320379717
17.75,14.0,1543.7861854958944,0.0197033116778584,1008.594193362041,2.104651162790698,3.3527131782945734,4.22093023255814,0.2558139534883721,90.06589147286822,0.0023696482312516
17.75,14.066666666666666,1543.786343931151,0.0198617469341115,1008.6106253418612,2.1062839410395657,3.35117662270494,4.224204809930179,0.2560124127230411,90.06232221360229,0.002383454786468
17.75,14.133333333333333,1543.786503289866,0.0200211056494481,1008.6270831998862,2.1079192546583854,3.3496376811594204,4.22748447204969,0.2562111801242236,90.05874741200829,0.0023973523038876
17.75,14.2,1543.7866635781245,0.0201813939079329,1008.6435669972058,2.1095571095571097,3.348096348096348,4.230769230769231,0.2564102564102564,90.05516705516705,0.0024113414183375
17.75,14.266666666666666,1543.7868248020552,0.0203426178386507,1008.6600767951028,2.111197511664075,3.346552617936755,4.234059097978228,0.2566096423017108,90.05158113011925,0.0024254227646451
17.75,14.333333333333334,1543.7869869678264,0.0205047836097946,1008.6766126550516,2.11284046692607,3.345006485084306,4.237354085603113,0.2568093385214008,90.0479896238651,0.0024395969594479
17.75,14.4,1543.78715008165,0.0206678974334408,1008.6931746387212,2.114485981308411,3.343457943925234,4.240654205607477,0.2570093457943925,90.04439252336448,0.002453864646668
17.75,14.466666666666669,1543.7873141497794,0.0208319655628201,1008.7097628079756,2.116134060795012,3.3419069888282675,4.243959469992206,0.2572096648480125,90.0407898155365,0.0024682264647708
17.75,14.533333333333331,1543.787479178512,0.0209969942955012,1008.7263772248735,2.117784711388456,3.3403536141445658,4.247269890795632,0.2574102964118565,90.03718148725949,0.0024826830685924
17.75,14.6,1543.7876451741886,0.0211629899720264,1008.7430179516708,2.11943793911007,3.3387978142076498,4.250585480093677,0.2576112412177986,90.0335675253708,0.0024972350984171
17.75,14.666666666666666,1543.7878121431918,0.0213299589752296,1008.7596850508183,2.12109375,3.337239583333333,4.25390625,0.2578125,90.02994791666667,0.002511883216357
17.75,14.733333333333333,1543.7879800919509,0.0214979077341013,1008.7763785849664,2.1227521501172792,3.335678915819651,4.257232212666145,0.2580140734949179,90.026322647902,0.0025266280808864
17.75,14.8,1543.7881490269358,0.0216668427192416,1008.7930986169628,2.1244131455399065,3.334115805946792,4.260563380281691,0.2582159624413145,90.0226917057903,0.0025414703559363
17.75,14.866666666666667,1543.7883189546646,0.0218367704480897,1008.8098452098546,2.126076742364918,3.33255024797703,4.2638997650743935,0.2584181675802662,90.01905507700339,0.0025564107072568
17.75,14.933333333333334,1543.788489881697,0.022007697480376,1008.82661842689,2.127742946708464,3.33098223615465,4.267241379310345,0.2586206896551724,90.01541274817136,0.0025714498169691
17.75,15.0,1543.78866181464,0.0221796304235795,1008.8434183315156,2.129411764705883,3.329411764705883,4.270588235294119,0.2588235294117647,90.01176470588236,0.002586588361737
17.75,15.066666666666666,1543.7888347601452,0.0223525759286076,1008.8602449873832,2.1310832025117743,3.3278388278388285,4.273940345368917,0.2590266875981162,90.00811093668237,0.0026018270200438
17.75,15.133333333333333,1543.7890087249095,0.0225265406929793,1008.8770984583442,2.1327572663000787,3.326263419743388,4.2772977219167325,0.2592301649646504,90.00445142707515,0.0026171664994762
17.75,15.2,1543.7891837156783,0.0227015314617347,1008.8939788084544,2.1344339622641515,3.324685534591196,4.280660377358491,0.259433962264151,90.00078616352202,0.0026326074803364
17.75,15.266666666666666,1543.78935973924,0.0228775550235695,1008.9108861019728,2.136113296616837,3.3231051665355364,4.284028324154209,0.2596380802517702,89.99711513244165,0.0026481506574782
17.75,15.333333333333334,1543.7895368024324,0.0230546182158377,1008.9278204033636,2.137795275590551,3.321522309711286,4.287401574803149,0.2598425196850393,89.99343832020996,0.0026637967439455
17.75,15.4,1543.7897149121393,0.023232727922732,1008.9447817772974,2.1394799054373523,3.3199369582348304,4.290780141843972,0.2600472813238771,89.98975571315998,0.0026795464473252
17.75,15.466666666666669,1543.789894075292,0.0234118910755114,1008.9617702886508,2.1411671924290223,3.318349106203996,4.294164037854889,0.2602523659305993,89.9860672975815,0.0026954004897561
17.75,15.533333333333331,1543.790074298871,0.0235921146547752,1008.9787860025071,2.142857142857143,3.3167587476979734,4.297553275453828,0.2604577742699289,89.98237305972113,0.002711359584282
17.75,15.6,1543.7902555899034,0.0237734056868248,1008.9958289841596,2.144549763033176,3.315165876777252,4.300947867298579,0.2606635071090047,89.97867298578198,0.0027274244548607
17.75,15.666666666666666,1543.7904379554654,0.0239557712488931,1009.0128992991072,2.1462450592885376,3.3135704874835312,4.304347826086957,0.2608695652173913,89.97496706192358,0.0027435958400019
17.75,15.733333333333333,1543.7906214026818,0.0241392184652795,1009.0299970130624,2.147943037974684,3.311972573839664,4.307753164556963,0.2610759493670886,89.97125527426161,0.0027598744654824
17.75,15.8,1543.790805938727,0.0243237545107604,1009.0471221919466,2.149643705463183,3.310372129849565,4.311163895486937,0.2612826603325416,89.96753760886777,0.0027762610789068
17.75,15.866666666666667,1543.7909915708256,0.0245093866089973,1009.0642749018912,2.1513470681458,3.308769149498151,4.314580031695721,0.2614896988906497,89.96381405176967,0.0027927564260608
17.75,15.933333333333334,1543.791178306251,0.0246961220343564,1009.0814552092436,2.153053132434576,3.307163626751256,4.318001586042823,0.2616970658207772,89.96008458895056,0.0028093612672819
17.75,16.0,1543.7913661523278,0.0248839681112258,1009.098663180561,2.1547619047619047,3.305555555555555,4.321428571428571,0.2619047619047619,89.9563492063492,0.0028260763501748
17.75,16.066666666666666,1543.791555116431,0.0250729322144707,1009.1158988826164,2.15647339158062,3.3039449298384964,4.324861000794281,0.2621127879269261,89.95260788985966,0.002842902440534
17.75,16.133333333333333,1543.791745205987,0.0252630217701153,1009.1331623823968,2.1581875993640702,3.302331743508214,4.328298887122417,0.2623211446740858,89.94886062533122,0.0028598403059731
17.75,16.2,1543.7919364284717,0.0254542442551155,1009.1504537471056,2.159904534606205,3.300715990453461,4.3317422434367545,0.2625298329355608,89.94510739856801,0.0028768907250196
17.75,16.266666666666666,1543.7921287914166,0.0256466072000876,1009.167773044164,2.161624203821656,3.299097664543524,4.335191082802548,0.2627388535031847,89.94134819532908,0.0028940544816578
17.75,16.333333333333332,1543.792322302403,0.0258401181861245,1009.1851203412076,2.163346613545817,3.2974767596281547,4.338645418326694,0.2629482071713148,89.93758300132802,0.0029113323580531
17.75,16.4,1543.7925169690643,0.0260347848477522,1009.2024957060936,2.1650717703349285,3.29585326953748,4.342105263157895,0.2631578947368421,89.93381180223284,0.0029287251436471
17.75,16.466666666666665,1543.7927127990883,0.0262306148717925,1009.219899206896,2.166799680766162,3.294227188081938,4.345570630486832,0.263367916999202,89.93003458366587,0.002946233640614
17.75,16.53333333333333,1543.7929098002164,0.0264276159998644,1009.2373309119116,2.1685303514377,3.2925985090521834,4.349041533546327,0.2635782747603834,89.9262513312034,0.0029638586493092
17.75,16.6,1543.7931079802418,0.0266257960252005,1009.2547908896554,2.170263788968825,3.2909672262190246,4.352517985611511,0.2637889688249401,89.9224620303757,0.0029816009810019
17.75,16.666666666666668,1543.7933073470138,0.0268251627971949,1009.2722792088666,2.1720000000000006,3.289333333333334,4.356000000000001,0.264,89.91866666666667,0.0029994614487804
17.75,16.733333333333334,1543.7935079084348,0.0270257242182196,1009.2897959385066,2.1737389911929546,3.287696824125968,4.359487590072058,0.2642113690952762,89.91486522551374,0.003017440878466
17.75,16.8,1543.793709672464,0.0272274882474903,1009.3073411477598,2.175480769230769,3.286057692307692,4.362980769230769,0.2644230769230769,89.91105769230768,0.0030355400995176
17.75,16.866666666666667,1543.793912647115,0.0274304628981099,1009.3249149060352,2.177225340817963,3.2844159315691,4.366479550922214,0.264635124298316,89.90724405239241,0.0030537599377566
17.75,16.933333333333334,1543.794116840456,0.0276346562393428,1009.3425172829697,2.178972712680578,3.2827715355805243,4.369983948635634,0.2648475120385233,89.90342429106474,0.0030721012408321
17.75,17.0,1543.7943222606136,0.0278400763970694,1009.3601483484238,2.180722891566265,3.281124497991968,4.373493975903615,0.2650602409638554,89.8995983935743,0.003090564858212
17.75,17.066666666666666,1543.7945289157703,0.0280467315537862,1009.3778081724868,2.182475884244373,3.279474812433012,4.377009646302251,0.2652733118971061,89.89576634512326,0.0031091516248125
17.75,17.133333333333333,1543.7947368141636,0.0282546299470141,1009.3954968254772,2.184231697506034,3.2778224725127383,4.380530973451328,0.2654867256637168,89.89192813086618,0.0031278624101105
17.75,17.2,1543.7949459640915,0.0284637798749827,1009.4132143779408,2.185990338164252,3.276167471819646,4.384057971014494,0.2657004830917875,89.88808373590983,0.00314669808904
17.75,17.266666666666666,1543.7951563739086,0.028674189692083,1009.4309609006554,2.1877518130539886,3.2745098039215685,4.387590652699436,0.265914585012087,89.88423314531292,0.0031656595201638
17.75,17.333333333333332,1543.7953680520277,0.0288858678111409,1009.4487364646274,2.189516129032258,3.272849462365591,4.391129032258064,0.2661290322580645,89.88037634408602,0.00318474758933
17.75,17.4,1543.7955810069209,0.0290988227040998,1009.4665411410996,2.191283292978208,3.2711864406779663,4.394673123486683,0.2663438256658595,89.8765133171913,0.0032039631732914
17.75,17.466666666666665,1543.7957952471174,0.0293130629008828,1009.4843750015436,2.1930533117932147,3.269520732364028,4.398222940226171,0.2665589660743134,89.87264404954227,0.0032233071615337
17.75,17.53333333333333,1543.796010781209,0.0295285969923497,1009.5022381176676,2.19482619240097,3.2678523309081107,4.401778496362167,0.2667744543249797,89.86876852600376,0.0032427804617327
17.75,17.6,1543.796227617846,0.0297454336293867,1009.5201305614136,2.196601941747573,3.266181229773463,4.405339805825244,0.2669902912621359,89.86488673139158,0.0032623839815641
17.75,17.666666666666668,1543.7964457657397,0.029963581523134,1009.5380524049588,2.19838056680162,3.2645074224021595,4.4089068825910935,0.2672064777327935,89.86099865047233,0.0032821186159708
17.75,17.733333333333334,1543.796665233661,0.0301830494447585,1009.55600372072,2.200162074554295,3.262830902215019,4.4124797406807135,0.2674230145867099,89.85710426796325,0.0033019852908182
17.75,17.8,1543.7968860304452,0.0304038462286371,1009.5739845813494,2.201946472019465,3.261151662611516,4.416058394160585,0.2676399026763991,89.85320356853204,0.00332198493561
17.75,17.866666666666667,1543.797108164986,0.0306259807694004,1009.5919950597388,2.2037337662337664,3.259469696969697,4.419642857142858,0.2678571428571429,89.84929653679653,0.0033421184743929
17.75,17.933333333333334,1543.7973316462417,0.0308494620251167,1009.6100352290196,2.205523964256702,3.257784998646087,4.4232331437855406,0.2680747359870024,89.84538315732466,0.0033623868494032
17.75,18.0,1543.7975564832327,0.0310742990161543,1009.6281051625645,2.207317073170732,3.2560975609756104,4.426829268292684,0.2682926829268293,89.84146341463415,0.0033827910046966
17.75,18.066666666666663,1543.7977826850424,0.0313005008258642,1009.6462049339884,2.209113100081367,3.254407377271494,4.4304312449145655,0.2685109845402766,89.8375372931923,0.0034033318879664
17.75,18.133333333333333,1543.7980102608178,0.031528076601262,1009.664334617147,2.2109120521172643,3.2527144408251907,4.434039087947884,0.2687296416938111,89.83360477741586,0.0034240104741911
17.75,18.2,1543.7982392197723,0.0317570355557563,1009.6824942861424,2.212713936430318,3.2510187449062755,4.4376528117359415,0.2689486552567237,89.82966585167074,0.003444827723797
17.75,18.266666666666666,1543.798469571181,0.0319873869643743,1009.7006840153198,2.2145187601957583,3.249320282762371,4.441272430668842,0.2691680261011419,89.82572050027188,0.0034657845990295
17.75,18.33333333333333,1543.7987013243855,0.0322191401689906,1009.7189038792704,2.2163265306122453,3.247619047619048,4.444897959183674,0.2693877551020408,89.821768707483,0.0034868820912379
17.75,18.4,1543.798934488793,0.032452304576509,1009.7371539528328,2.218137254901961,3.245915032679739,4.4485294117647065,0.2696078431372549,89.81781045751633,0.0035081211881333
17.75,18.466666666666665,1543.7991690738772,0.0326868896606811,1009.7554343110936,2.2199509403107114,3.2442082311256475,4.452166802943581,0.2698282910874898,89.81384573453256,0.003529502886522
17.75,18.53333333333333,1543.799405089178,0.0329229049614241,1009.7737450293868,2.22176759410802,3.242498636115658,4.45581014729951,0.2700490998363339,89.80987452264048,0.0035510281868482
17.75,18.6,1543.799642544302,0.0331603600855032,1009.7920861832984,2.223587223587224,3.240786240786241,4.45945945945946,0.2702702702702703,89.80589680589681,0.0035726981059269
17.75,18.666666666666668,1543.7998814489254,0.0333992647088052,1009.8104578486642,2.225409836065574,3.2390710382513657,4.463114754098361,0.2704918032786885,89.80191256830601,0.0035945136605732
17.75,18.73333333333333,1543.8001218127902,0.03363962857361,1009.8288601015716,2.227235438884332,3.237353021602407,4.466776045939295,0.2707136997538967,89.79792179382008,0.0036164758676022
17.75,18.8,1543.8003636457076,0.0338814614910916,1009.8472930183624,2.229064039408867,3.235632183908046,4.470443349753695,0.270935960591133,89.79392446633825,0.0036385857674758
17.75,18.866666666666667,1543.8006069575592,0.0341247733426826,1009.865756675631,2.23089564502876,3.2339085182141885,4.474116680361545,0.2711585866885785,89.78992056970694,0.0036608444115699
17.75,18.933333333333334,1543.800851758296,0.0343695740793918,1009.884251150228,2.2327302631578947,3.232182017543859,4.477796052631579,0.2713815789473684,89.7859100877193,0.0036832528367085
17.75,19.0,1543.8010980579377,0.0346158737208952,1009.90277651926,2.234567901234568,3.2304526748971187,4.481481481481482,0.2716049382716049,89.78189300411522,0.0037058121015434
17.75,19.066666666666663,1543.8013458665762,0.034863682359628,1009.92133286009,2.236408566721582,3.228720483250961,4.485172981878089,0.271828665568369,89.77786930258101,0.0037285232829162
17.75,19.133333333333333,1543.801595194375,0.0351130101585113,1009.939920250341,2.2382522671063483,3.22698543555922,4.488870568837593,0.2720527617477329,89.77383896674911,0.003751387439479
17.75,19.2,1543.801846051568,0.0353638673514069,1009.9585387678948,2.24009900990099,3.225247524752475,4.492574257425742,0.2722772277227723,89.76980198019803,0.0037744056553492
17.75,19.266666666666666,1543.8020984484626,0.0356162642460731,1009.977188490892,2.241948802642445,3.223506743737958,4.496284062758052,0.2725020644095789,89.76575832645197,0.0037975790310156
17.75,19.33333333333333,1543.802352395439,0.0358702112223454,1009.9958694977378,2.243801652892562,3.221763085399449,4.500000000000001,0.2727272727272727,89.76170798898072,0.0038209086560527
17.75,19.4,1543.80260790295,0.0361257187335013,1010.0145818670978,2.2456575682382134,3.2200165425971883,4.503722084367246,0.2729528535980149,89.75765095119932,0.0038443956382252
17.75,19.466666666666665,1543.802864981524,0.0363827973073966,1010.0333256779026,2.247516556291391,3.2182671081677703,4.507450331125828,0.2731788079470199,89.753587196468,0.0038680410889355
17.75,19.53333333333333,1543.803123641762,0.0366414575453291,1010.0521010093476,2.2493786246893124,3.216514774924054,4.511184755592378,0.2734051367025683,89.74951670809168,0.0038918461341381
17.75,19.6,1543.8033838943418,0.0369017101252211,1010.0709079408932,2.251243781094528,3.2147595356550585,4.5149253731343295,0.27363184079602,89.74543946932008,0.0039158119070634
17.75,19.666666666666668,1543.803645750016,0.0371635657995739,1010.0897465522688,2.2531120331950207,3.213001383125864,4.518672199170124,0.2738589211618257,89.74135546334716,0.0039399395409418
17.75,19.73333333333333,1543.803909219614,0.0374270353975134,1010.10861692347,2.254983388704319,3.21124031007752,4.5224252491694354,0.2740863787375415,89.73726467331117,0.0039642301908315
17.75,19.8,1543.8041743140416,0.0376921298250181,1010.1275191347632,2.2568578553615963,3.209476309226933,4.526184538653367,0.2743142144638404,89.73316708229427,0.0039886850154289
17.75,19.866666666666667,1543.8044410442826,0.0379588600660554,1010.1464532666856,2.2587354409317806,3.2077093732667774,4.529950083194676,0.2745424292845258,89.72906267332225,0.0040133051752491
17.75,19.933333333333334,1543.8047094213982,0.0382272371816725,1010.1654194000444,2.260616153205662,3.20593949486539,4.533721898417985,0.2747710241465446,89.72495142936441,0.0040380918453593
17.75,20.0,1543.8049794565288,0.03849727231227,1010.1844176159212,2.2625000000000006,3.2041666666666675,4.5375000000000005,0.275,89.72083333333335,0.0040629620780237
18.0,0.0,1543.7664821842166,0.0,1005.6348872124258,1.81,3.63,3.63,0.22,90.71,0.0068090571076027
18.0,0.0666666666666666,1543.7669365173228,0.0004543331062905,1005.6469119393888,1.8112074716477653,3.628910501738001,3.632421614409607,0.2201467645096731,90.70731364769496,0.0068209360797482
18.0,0.1333333333333333,1543.7673916423605,0.0009094581439512,1005.6589529254978,1.8124165554072096,3.62781954887218,3.634846461949266,0.2202937249666221,90.70462370880472,0.006832835249952
18.0,0.2,1543.7678475620226,0.0013653778059961,1005.6710102037003,1.8136272545090184,3.626727138487501,3.637274549098197,0.220440881763527,90.70193017614176,0.0068447749326878
18.0,0.2666666666666666,1543.768304279018,0.0018220948015823,1005.683083807034,1.8148395721925137,3.625633267661132,3.6397058823529416,0.2205882352941176,90.69923304249927,0.0068567553444154
18.0,0.3333333333333333,1543.7687617960685,0.0022796118519181,1005.695173768624,1.8160535117056853,3.6245379334624186,3.6421404682274248,0.2207357859531772,90.69653230065128,0.0068687766779476
18.0,0.4,1543.7692201159082,0.0027379316916267,1005.707280121686,1.817269076305221,3.623441132952864,3.644578313253012,0.2208835341365461,90.69382794335236,0.0068808391333732
18.0,0.4666666666666667,1543.7696792412864,0.0031970570698831,1005.719402899526,1.818486269256531,3.622342863186097,3.647019423978567,0.2210314802411253,90.69111996333768,0.0068929429344279
18.0,0.5333333333333333,1543.770139174966,0.0036569907495049,1005.7315421355402,1.81970509383378,3.621243121207845,3.649463806970509,0.2211796246648793,90.68840835332298,0.0069050882648298
18.0,0.6,1543.770599919722,0.0041177355053605,1005.7436978632142,1.82092555331992,3.6201419040559135,3.6519114688128775,0.221327967806841,90.68569310600444,0.0069172753355815
18.0,0.6666666666666666,1543.7710614783443,0.0045792941277795,1005.7558701161252,1.822147651006712,3.6190392087601553,3.654362416107383,0.2214765100671141,90.68297421405865,0.0069295043685997
18.0,0.7333333333333333,1543.7715238536375,0.0050416694209616,1005.7680589279416,1.8233713901947617,3.617935032342441,3.656816655473472,0.2216252518468771,90.68025167014244,0.0069417755566973
18.0,0.8,1543.7719870484186,0.0055048642020665,1005.7802643324231,1.8245967741935485,3.616829371816639,3.659274193548388,0.2217741935483871,90.67752546689304,0.0069540891199721
18.0,0.8666666666666667,1543.77245106552,0.0059688813034881,1005.7924863634212,1.8258238063214527,3.615722224188582,3.661735036987223,0.2219233355749832,90.67479559692777,0.0069664452676079
18.0,0.9333333333333332,1543.7729159077878,0.0064337235712628,1005.8047250548792,1.827052489905788,3.614613586456046,3.664199192462988,0.2220726783310901,90.6720620528441,0.0069788442124263
18.0,1.0,1543.7733815780816,0.0068993938650692,1005.8169804408336,1.8282828282828285,3.6135034556087184,3.6666666666666665,0.2222222222222222,90.66932482721955,0.0069912861727061
18.0,1.0666666666666669,1543.7738480792775,0.0073658950609569,1005.829252555412,1.829514824797844,3.612391828628174,3.669137466307278,0.2223719676549865,90.66658391261171,0.0070037713558122
18.0,1.1333333333333333,1543.7743154142624,0.0078332300458896,1005.8415414328364,1.8307484828051248,3.611278702487844,3.671611598111935,0.2225219150370869,90.663839301558,0.0070162999836611
18.0,1.2,1543.774783585942,0.0083014017254754,1005.853847107422,1.831983805668016,3.6101640741529937,3.674089068825911,0.2226720647773279,90.66109098657574,0.0070288722781697
18.0,1.2666666666666666,1543.775252597233,0.0087704130164638,1005.8661696135778,1.833220796758947,3.609047940580689,3.6765698852126953,0.2228224172856178,90.65833896016208,0.0070414884521596
18.0,1.3333333333333333,1543.775722451069,0.00924026685243,1005.8785089858052,1.83445945945946,3.607930298719772,3.679054054054054,0.2229729729729729,90.65558321479377,0.0070541487311857
18.0,1.4,1543.7761931503971,0.0097109661805916,1005.8908652587012,1.835699797160244,3.606811145510836,3.6815415821501016,0.2231237322515213,90.65282374292732,0.0070668533335265
18.0,1.4666666666666666,1543.77666469818,0.0101825139634001,1005.9032384669572,1.836941813261164,3.605690477886191,3.6840324763193504,0.2232746955345061,90.65006053699878,0.0070796024865558
18.0,1.5333333333333332,1543.777137097395,0.0106549131787687,1005.9156286453608,1.838185511171293,3.604568292769839,3.686526743398781,0.2234258632362897,90.6472935894238,0.0070923964121902
18.0,1.6,1543.777610351035,0.0111281668184801,1005.9280358287918,1.8394308943089432,3.60344458707745,3.689024390243903,0.2235772357723577,90.64452289259737,0.0071052353396225
18.0,1.6666666666666667,1543.7780844621072,0.0116022778906881,1005.9404600522286,1.840677966101695,3.6023193577163246,3.6915254237288138,0.223728813559322,90.64174843889384,0.0071181194962264
18.0,1.7333333333333334,1543.7785594336344,0.0120772494178709,1005.9529013507436,1.841926729986432,3.6011926015853755,3.694029850746269,0.2238805970149254,90.638970220667,0.0071310491075564
18.0,1.8,1543.779035268655,0.0125530844384229,1005.965359759506,1.8431771894093685,3.6000643155750884,3.696537678207739,0.2240325865580448,90.63618823024976,0.0071440244046243
18.0,1.8666666666666667,1543.7795119702218,0.0130297860052905,1005.977835313782,1.8444293478260871,3.598934496567506,3.69904891304348,0.2241847826086956,90.63340245995424,0.0071570456220797
18.0,1.933333333333333,1543.7799895414046,0.0135073571880184,1005.9903280489336,1.845683208701564,3.597803141436188,3.701563562202584,0.2243371855880354,90.63061290207165,0.0071701129927532
18.0,2.0,1543.7804679852875,0.0139858010709303,1006.0028380004223,1.846938775510204,3.5966702470461867,3.704081632653061,0.2244897959183673,90.62781954887218,0.0071832267458376
18.0,2.0666666666666664,1543.7809473049706,0.0144651207540391,1006.0153652038044,1.8481960517358749,3.595535810254022,3.706603131381893,0.224642614023145,90.62502239260506,0.0071963871250773
18.0,2.1333333333333333,1543.7814275035707,0.014945319354183,1006.0279096947356,1.8494550408719348,3.5943998279076443,3.709128065395096,0.2247956403269755,90.62222142549834,0.007209594363303
18.0,2.2,1543.781908584219,0.015426400002525,1006.0404715089696,1.850715746421268,3.5932622968464107,3.7116564417177913,0.2249488752556237,90.6194166397589,0.0072228486988024
18.0,2.2666666666666666,1543.782390550064,0.0159083658475083,1006.0530506823584,1.8519781718963169,3.592123213901056,3.714188267394271,0.2251023192360164,90.61660802757235,0.007236150373501
18.0,2.333333333333333,1543.782873404269,0.0163912200523554,1006.0656472508535,1.8532423208191129,3.59098257589366,3.716723549488055,0.2252559726962457,90.61379558110292,0.0072494996293244
18.0,2.4,1543.7833571500146,0.0168749657980242,1006.0782612505052,1.8545081967213115,3.589840379637619,3.719262295081968,0.2254098360655737,90.61097929249354,0.0072628967100172
18.0,2.466666666666667,1543.783841790497,0.017359606280479,1006.0908927174636,1.855775803144224,3.588696621937619,3.721804511278195,0.2255639097744361,90.60815915386551,0.007276341852048
18.0,2.533333333333333,1543.7843273289282,0.0178451447116003,1006.1035416879783,1.857045143638851,3.587551299589604,3.724350205198359,0.225718194254446,90.60533515731872,0.0072898353155324
18.0,2.6,1543.7848137685392,0.0183315843225955,1006.1162081984004,1.858316221765914,3.5864044093807417,3.726899383983573,0.2258726899383983,90.60250729493136,0.0073033773423958
18.0,2.6666666666666665,1543.7853011125735,0.0188189283571773,1006.128892285179,1.8595890410958904,3.5852559480894017,3.7294520547945207,0.226027397260274,90.59967555875993,0.0073169681709259
18.0,2.7333333333333334,1543.7857893642954,0.0193071800788402,1006.1415939848677,1.860863605209048,3.58410591248512,3.732008224811515,0.2261823166552433,90.59683994083908,0.0073306080685142
18.0,2.8,1543.7862785269826,0.0197963427660852,1006.1543133341194,1.8621399176954727,3.582954299328568,3.734567901234568,0.2263374485596707,90.59400043318172,0.0073442972770862
18.0,2.8666666666666667,1543.7867686039324,0.0202864197158305,1006.1670503696884,1.863417982155113,3.5818011053715275,3.73713109128346,0.2264927934111187,90.59115702777878,0.0073580360567575
18.0,2.933333333333333,1543.787259598457,0.0207774142404559,1006.1798051284312,1.8646978021978025,3.5806463273568534,3.7396978021978025,0.2266483516483516,90.58830971659918,0.0073718246512726
18.0,3.0,1543.787751513886,0.0212693296693942,1006.192577647308,1.865979381443299,3.579489962018448,3.7422680412371134,0.2268041237113402,90.5854584915898,0.0073856633298419
18.0,3.0666666666666664,1543.7882443535675,0.0217621693509499,1006.2053679633808,1.8672627235213208,3.578332006081228,3.7448418156808807,0.2269601100412655,90.5826033446753,0.0073995523489429
18.0,3.1333333333333333,1543.788738120866,0.0222559366493442,1006.2181761138144,1.8685478320715765,3.5771724562610934,3.747419132828631,0.227116311080523,90.57974426775816,0.0074134919595962
18.0,3.2,1543.789232819162,0.022750634945396,1006.2310021358772,1.8698347107438016,3.576011309264897,3.75,0.2272727272727273,90.57688125271858,0.0074274824291933
18.0,3.2666666666666666,1543.7897284518565,0.0232462676399336,1006.2438460669416,1.8711233631977944,3.574848561790416,3.752584424534804,0.2274293590627153,90.57401429141426,0.0074415240287635
18.0,3.333333333333333,1543.7902250223658,0.0237428381492463,1006.2567079444848,1.8724137931034484,3.573684210526316,3.755172413793104,0.2275862068965517,90.57114337568058,0.0074556170075084
18.0,3.4,1543.790722534124,0.0242403499075862,1006.2695878060874,1.873706004140787,3.57251825215212,3.75776397515528,0.2277432712215321,90.56826849733028,0.0074697616382763
18.0,3.466666666666667,1543.7912209905842,0.0247388063676226,1006.2824856894356,1.875,3.57135068333818,3.7603591160221,0.2279005524861878,90.56538964815353,0.0074839581957348
18.0,3.533333333333333,1543.7917203952168,0.0252382110002145,1006.2954016323208,1.8762957843814791,3.5701815007456448,3.7629578438147897,0.2280580511402903,90.5625068199178,0.0074982069418183
18.0,3.6,1543.7922207515098,0.0257385672932741,1006.30833567264,1.8775933609958504,3.5690107010264245,3.765560165975104,0.2282157676348547,90.55962000436776,0.0075125081511941
18.0,3.6666666666666665,1543.79272206297,0.0262398787535858,1006.3212878483962,1.878892733564014,3.567838280823165,3.768166089965398,0.2283737024221453,90.55672919322528,0.0075268620930728
18.0,3.733333333333333,1543.7932243331222,0.0267421489056687,1006.3342581976988,1.8801939058171748,3.5666642367692085,3.770775623268699,0.2285318559556787,90.55383437818924,0.0075412690439407
18.0,3.8,1543.7937275655092,0.0272453812926869,1006.3472467587626,1.881496881496881,3.565488565488565,3.773388773388773,0.2286902286902286,90.55093555093556,0.0075557292802841
18.0,3.866666666666666,1543.794231763693,0.027749579476449,1006.360253569913,1.8828016643550625,3.564311263595883,3.776005547850208,0.2288488210818308,90.54803270311702,0.0075702430785895
18.0,3.933333333333333,1543.794736931253,0.0282547470364988,1006.3732786695798,1.88410825815406,3.563132327696409,3.7786259541984735,0.2290076335877862,90.54512582636326,0.0075848107189813
18.0,4.0,1543.795243071789,0.028760887572389,1006.386322096302,1.8854166666666667,3.5619517543859653,3.78125,0.2291666666666666,90.5422149122807,0.0075994324906787
18.0,4.066666666666666,1543.7957501889184,0.029268004701862,1006.3993838887257,1.8867268936761643,3.5607695402509054,3.783877692842252,0.2293259207783183,90.53929995245235,0.0076141086665302
18.0,4.133333333333333,1543.796258286278,0.0297761020613052,1006.4124640856068,1.888038942976356,3.559585681868092,3.786509040333797,0.2294853963838665,90.53638093843789,0.0076288395302981
18.0,4.2,1543.7967673675223,0.0302851833059776,1006.4255627258106,1.8893528183716075,3.558400175804856,3.789144050104384,0.2296450939457202,90.53345786177344,0.0076436253766587
18.0,4.266666666666667,1543.7972774363282,0.0307952521116021,1006.43867984831,1.89066852367688,3.5572130186189708,3.7917827298050137,0.2298050139275766,90.53053071397156,0.0076584664948313
18.0,4.333333333333333,1543.7977884963884,0.0313063121718641,1006.4518154921892,1.8919860627177705,3.5560242068586105,3.794425087108016,0.2299651567944251,90.52759948652115,0.0076733631613024
18.0,4.4,1543.798300551416,0.0318183671995484,1006.4649696966432,1.8933054393305444,3.554833737062322,3.797071129707114,0.2301255230125523,90.52466417088746,0.007688315676205
18.0,4.466666666666667,1543.7988136051454,0.0323314209288128,1006.4781425009744,1.8946266573621773,3.553641605758989,3.799720865317516,0.2302861130495464,90.52172475851177,0.0077033243469486
18.0,4.533333333333333,1543.799327661329,0.0328454771124597,1006.4913339446002,1.8959497206703912,3.5524478094678043,3.8023743016759775,0.2304469273743017,90.51878124081152,0.0077183894500194
18.0,4.6,1543.7998427237387,0.0333605395221638,1006.5045440670466,1.8972746331236896,3.551252344698224,3.8050314465408808,0.230607966457023,90.51583360918018,0.0077335112855507
18.0,4.666666666666667,1543.8003587961668,0.0338766119502906,1006.517772907952,1.8986013986013988,3.550055207949945,3.807692307692308,0.2307692307692307,90.51288185498711,0.0077486901554948
18.0,4.733333333333333,1543.8008758824262,0.0343936982096693,1006.5310205070676,1.8999300209937025,3.5488563957128654,3.8103568929321208,0.2309307207837649,90.50992596957757,0.0077639263708988
18.0,4.8,1543.8013939863497,0.0349118021329104,1006.5442869042564,1.9012605042016808,3.547655904467051,3.8130252100840334,0.2310924369747899,90.50696594427244,0.0077792202137061
18.0,4.866666666666666,1543.801913111788,0.0354309275714967,1006.557572139495,1.9025928521373512,3.546453730682699,3.8156972669936935,0.2312543798177996,90.50400177036846,0.0077945720058778
18.0,4.933333333333334,1543.802433262617,0.0359510784003305,1006.5708762528724,1.9039270687237029,3.545249870820108,3.818373071528752,0.2314165497896213,90.5010334391378,0.0078099820548231
18.0,5.0,1543.8029544427288,0.0364722585122763,1006.5841992845918,1.9052631578947368,3.54404432132964,3.821052631578948,0.231578947368421,90.49806094182826,0.0078254506570374
18.0,5.066666666666666,1543.8034766560377,0.0369944718211172,1006.5975412749708,1.9066011235955056,3.542837078651685,3.82373595505618,0.2317415730337078,90.49508426966293,0.0078409781253867
18.0,5.133333333333333,1543.8039999064788,0.0375177222622369,1006.6109022644412,1.9079409697821503,3.541628139216629,3.826423049894589,0.2319044272663387,90.49210341384028,0.0078565647818322
18.0,5.2,1543.8045241980085,0.0380420137919372,1006.6242822935506,1.9092827004219413,3.5404174994448154,3.8291139240506338,0.2320675105485232,90.48911836553408,0.0078722109374211
18.0,5.266666666666667,1543.8050495346038,0.0385673503872112,1006.6376814029604,1.9106263194933144,3.539205155746509,3.831808585503167,0.2322308233638282,90.48612911589318,0.0078879168995626
18.0,5.333333333333333,1543.8055759202616,0.0390937360450607,1006.6510996334486,1.911971830985916,3.5379911045218684,3.8345070422535215,0.2323943661971831,90.4831356560415,0.0079036829938559
18.0,5.4,1543.806103359003,0.0396211747863617,1006.66453702591,1.9133192389006344,3.536775342160899,3.8372093023255816,0.2325581395348837,90.480137977078,0.0079195095440809
18.0,5.466666666666667,1543.8066318548676,0.0401496706510897,1006.6779936213554,1.914668547249648,3.5355578650434265,3.839915373765868,0.232722143864598,90.47713607007648,0.0079353968685609
18.0,5.533333333333333,1543.8071614119187,0.040679227702185,1006.6914694609123,1.9160197600564568,3.534338669539056,3.8426252646436136,0.2328863796753705,90.47412992608552,0.007951345289257
18.0,5.6,1543.8076920342394,0.0412098500228239,1006.7049645858256,1.9173728813559323,3.5331177520071364,3.845338983050848,0.2330508474576271,90.47111953612846,0.0079673551317682
18.0,5.666666666666667,1543.8082237259364,0.0417415417198299,1006.7184790374596,1.9187279151943464,3.531895108796727,3.8480565371024738,0.2332155477031802,90.46810489120328,0.0079834267344267
18.0,5.733333333333333,1543.8087564911373,0.0422743069207172,1006.7320128572932,1.92008486562942,3.530670736246557,3.850777934936351,0.2333804809052334,90.46508598228245,0.0079995604155556
18.0,5.8,1543.8092903339918,0.0428081497752828,1006.7455660869296,1.9214437367303607,3.529444630684993,3.853503184713376,0.2335456475583864,90.46206280031288,0.0080157565153058
18.0,5.866666666666666,1543.8098252586726,0.043343074456061,1006.7591387680856,1.922804532577904,3.528216788429998,3.856232294617564,0.2337110481586402,90.4590353362159,0.0080320153647335
18.0,5.933333333333334,1543.8103612693735,0.0438790851571866,1006.7727309426008,1.924167257264352,3.5269872057891005,3.8589652728561306,0.2338766832034018,90.456003580887,0.0080483373003517
18.0,6.0,1543.8108983703128,0.044416186096214,1006.7863426524336,1.9255319148936167,3.5257558790593504,3.861702127659575,0.2340425531914894,90.45296752519596,0.0080647226641303
18.0,6.066666666666666,1543.811436565729,0.0449543815125252,1006.799973939664,1.9268985095812632,3.5245228045272867,3.86444286728176,0.2342086586231369,90.44992715998654,0.0080811717980395
18.0,6.133333333333333,1543.811975859886,0.0454936756693769,1006.8136248464912,1.9282670454545456,3.5232879784688995,3.8671875,0.234375,90.44688247607657,0.0080976850404113
18.0,6.2,1543.8125162570675,0.046034072851171,1006.8272954152362,1.9296375266524524,3.522051397149591,3.869936034115139,0.2345415778251599,90.44383346425764,0.0081142627332155
18.0,6.266666666666667,1543.813057761584,0.0465755773673208,1006.8409856883418,1.9310099573257469,3.520813056824137,3.872688477951636,0.2347083926031294,90.44078011529534,0.0081309052402502
18.0,6.333333333333333,1543.8136003777663,0.0471181935497497,1006.8546957083736,1.9323843416370108,3.5195729537366547,3.875444839857652,0.2348754448398576,90.43772241992885,0.0081476128907524
18.0,6.4,1543.8141441099692,0.0476619257526635,1006.8684255180189,1.933760683760684,3.518331084120557,3.8782051282051286,0.235042735042735,90.4346603688709,0.0081643860485201
18.0,6.466666666666667,1543.814688962573,0.0482067783564161,1006.8821751600884,1.935138987883108,3.517087444198522,3.880969351389879,0.2352102637205987,90.4315939528079,0.008181225066437
18.0,6.533333333333333,1543.8152349399782,0.0487527557615976,1006.8959446775164,1.936519258202568,3.5158420301824465,3.8837375178316695,0.2353780313837375,90.4285231623996,0.0081981302955682
18.0,6.6,1543.8157820466122,0.0492998623956282,1006.9097341133602,1.9379014989293364,3.5145948382734145,3.886509635974305,0.2355460385438972,90.42544798827905,0.0082151021051686
18.0,6.666666666666667,1543.8163302869254,0.0498481027088928,1006.9235435108036,1.9392857142857145,3.513345864661654,3.889285714285714,0.2357142857142857,90.42236842105262,0.0082321408390271
18.0,6.733333333333333,1543.8168796653908,0.0503974811742864,1006.937372913152,1.940671908506076,3.512095105526504,3.8920657612580416,0.2358827734095782,90.4192844512998,0.0082492468736745
18.0,6.8,1543.8174301865083,0.0509480022919888,1006.9512223638386,1.94206008583691,3.5108425570363675,3.8948497854077258,0.2360515021459227,90.41619606957308,0.0082664205765468
18.0,6.866666666666666,1543.817981854801,0.0514996705844623,1006.9650919064223,1.9434502505368645,3.50958821534868,3.8976377952755903,0.2362204724409448,90.41310326639793,0.0082836623005277
18.0,6.933333333333334,1543.8185346748153,0.0520524905987258,1006.9789815845864,1.9448424068767909,3.5083320766098627,3.9004297994269344,0.2363896848137535,90.41000603227266,0.0083009724312432
18.0,7.0,1543.8190886511252,0.0526064669086281,1006.9928914421424,1.9462365591397848,3.507074136955292,3.903225806451613,0.2365591397849462,90.40690435766837,0.0083183513324911
18.0,7.066666666666666,1543.8196437883264,0.0531616041098459,1007.0068215230278,1.9476327116212333,3.5058143925092504,3.906025824964132,0.236728837876614,90.40379823302877,0.0083357993826211
18.0,7.133333333333333,1543.8202000910428,0.0537179068262503,1007.0207718713089,1.9490308686288589,3.504552839384895,3.908829863603733,0.2368987796123474,90.40068764877016,0.0083533169599832
18.0,7.2,1543.820757563921,0.0542753797044497,1007.0347425311784,1.950431034482759,3.5032894736842106,3.911637931034483,0.2370689655172413,90.3975725952813,0.008370904432013
18.0,7.266666666666667,1543.8213162116338,0.0548340274172005,1007.0487335469592,1.9518332135154568,3.502024291497976,3.914450035945363,0.2372393961179008,90.3944530629233,0.0083885621916124
18.0,7.333333333333333,1543.82187603888,0.0553938546634071,1007.062744963102,1.9532374100719427,3.5007572889057177,3.91726618705036,0.237410071942446,90.39132904202954,0.0084062906262261
18.0,7.399999999999999,1543.822437050384,0.0559548661674398,1007.0767768241866,1.9546436285097195,3.499488461975674,3.920086393088553,0.2375809935205183,90.38820052290554,0.0084240901178418
18.0,7.466666666666667,1543.8229992508957,0.0565170666789072,1007.0908291749246,1.9560518731988472,3.498217806764751,3.922910662824208,0.2377521613832853,90.3850674958289,0.0084419610520853
18.0,7.533333333333333,1543.8235626451908,0.0570804609742481,1007.104902060155,1.9574621485219896,3.496945319318484,3.925739005046864,0.2379235760634462,90.3819299510492,0.0084599038273154
18.0,7.6,1543.8241272380724,0.0576450538558219,1007.1189955248506,1.958874458874459,3.495670995670996,3.928571428571429,0.2380952380952381,90.37878787878788,0.0084779188273387
18.0,7.666666666666667,1543.8246930343678,0.0582108501512266,1007.1331096141134,1.96028880866426,3.494394831844956,3.931407942238268,0.2382671480144404,90.37564126923807,0.0084960064577899
18.0,7.733333333333333,1543.8252600389335,0.0587778547169364,1007.147244373178,1.9617052023121389,3.493116823851536,3.934248554913295,0.2384393063583815,90.37249011256463,0.0085141671261226
18.0,7.8,1543.8258282566514,0.0593460724348915,1007.1613998474112,1.963123644251627,3.4918369676903755,3.93709327548807,0.2386117136659436,90.369334398904,0.0085324012179626
18.0,7.866666666666666,1543.826397692429,0.059915508212498,1007.1755760823132,1.964544138929088,3.490555259349532,3.939942112879884,0.2387843704775687,90.36617411836392,0.0085507091407635
18.0,7.933333333333334,1543.8269683512033,0.0604861669867204,1007.1897731235156,1.9659666908037647,3.4892716948054425,3.942795076031861,0.2389572773352643,90.36300926102366,0.0085690913037979
18.0,8.0,1543.8275402379363,0.061058053719762,1007.2039910167858,1.9673913043478264,3.487986270022884,3.945652173913044,0.2391304347826087,90.35983981693364,0.0085875481217954
18.0,8.066666666666666,1543.8281133576197,0.0616311734029295,1007.2182298080246,1.9688179840464104,3.486698980954925,3.9485134155184913,0.239303843364757,90.3566657761154,0.0086060800040286
18.0,8.133333333333333,1543.8286877152702,0.0622055310536779,1007.2324895432674,1.970246734397678,3.485409823542892,3.951378809869376,0.239477503628447,90.35348712856162,0.0086246873579511
18.0,8.2,1543.829263315934,0.0627811317174291,1007.2467702686836,1.971677559912854,3.4841187937163167,3.954248366013072,0.2396514161220043,90.35030386423576,0.0086433706092066
18.0,8.266666666666666,1543.8298401646848,0.063357980468254,1007.2610720305814,1.973110465116279,3.482825887392901,3.957122093023256,0.2398255813953488,90.34711597307222,0.0086621301816194
18.0,8.333333333333334,1543.8304182666247,0.0639360824081904,1007.2753948754016,1.9745454545454548,3.481531100478469,3.96,0.24,90.34392344497608,0.0086809664844622
18.0,8.4,1543.830997626883,0.0645154426663339,1007.2897388497248,1.975982532751092,3.480234428866927,3.962882096069869,0.2401746724890829,90.34072626982302,0.0086998799561115
18.0,8.466666666666667,1543.8315782506188,0.0650960664022477,1007.304104000267,1.97742170429716,3.47893586844022,3.9657683903860166,0.2403495994173343,90.33752443745928,0.0087188710149348
18.0,8.533333333333333,1543.8321601430182,0.0656779588016434,1007.318490373882,1.978862973760933,3.4776354150682827,3.96865889212828,0.2405247813411078,90.3343179377014,0.0087379400956706
18.0,8.6,1543.8327433092984,0.0662611250818372,1007.332898017562,1.9803063457330417,3.476333064609006,3.971553610503282,0.2407002188183807,90.3311067603363,0.0087570876421523
18.0,8.666666666666666,1543.8333277547038,0.066845570487203,1007.347326978439,1.9817518248175188,3.475028812908183,3.974452554744526,0.2408759124087591,90.32789089512102,0.0087763140763854
18.0,8.733333333333333,1543.8339134845085,0.0674313002919007,1007.3617773037824,1.983199415631848,3.4737226557994694,3.977355734112491,0.2410518626734843,90.32467033178273,0.0087956198440224
18.0,8.8,1543.8345005040162,0.0680183197996484,1007.376249041002,1.9846491228070176,3.47241458910434,3.980263157894737,0.2412280701754386,90.32144506001846,0.0088150053870776
18.0,8.866666666666667,1543.8350888185605,0.0686066343437232,1007.3907422376492,1.986100950987564,3.471104608632041,3.983174835405999,0.2414045354791514,90.31821506949524,0.0088344711548415
18.0,8.933333333333334,1543.8356784335035,0.0691962492869606,1007.405256941414,1.9875549048316248,3.469792710179548,3.9860907759882873,0.2415812591508052,90.31498034984972,0.0088540175856905
18.0,9.0,1543.8362693542383,0.069787170021982,1007.41979320013,1.989010989010989,3.4684788895315206,3.989010989010989,0.2417582417582417,90.31174089068826,0.00887364513801
18.0,9.066666666666666,1543.8368615861884,0.070379401971877,1007.4343510617698,1.990469208211144,3.4671631424602563,3.991935483870968,0.2419354838709677,90.30849668158666,0.0088933542629092
18.0,9.133333333333333,1543.8374551348068,0.0709729505902032,1007.448930574451,1.991929567131328,3.465845464725644,3.994864269992664,0.2421129860601614,90.3052477120902,0.0089131454224116
18.0,9.2,1543.8380500055782,0.0715678213616684,1007.4635317864328,1.9933920704845816,3.4645258520751216,3.997797356828194,0.2422907488986784,90.30199397171342,0.0089330190658074
18.0,9.266666666666666,1543.8386462040155,0.0721640197989472,1007.4781547461184,1.994856722997796,3.463204300243629,4.000734753857459,0.2424687729610581,90.29873544994004,0.008952975664215
18.0,9.333333333333334,1543.8392437356663,0.0727615514499575,1007.4927995020548,1.9963235294117645,3.46188080495356,4.003676470588236,0.2426470588235294,90.2954721362229,0.0089730156869336
18.0,9.4,1543.8398426061071,0.0733604218905839,1007.5074661029324,1.9977924944812364,3.46055536191472,4.006622516556291,0.2428256070640176,90.29220401998371,0.0089931395923485
18.0,9.466666666666669,1543.8404428209456,0.073960636728998,1007.522154597588,1.999263622974964,3.459227966824278,4.00957290132548,0.2430044182621502,90.28893109061312,0.0090133478552161
18.0,9.533333333333331,1543.8410443858213,0.0745622016047491,1007.5368650350034,2.0007369196757554,3.4578986153667137,4.01252763448784,0.243183492999263,90.28565333747042,0.0090336409539304
18.0,9.6,1543.841647306406,0.0751651221894462,1007.551597464307,2.002212389380531,3.4565673032137867,4.015486725663717,0.2433628318584071,90.28237074988355,0.0090540193632477
18.0,9.666666666666666,1543.842251588403,0.0757694041865306,1007.5663519347728,2.003690036900369,3.4552340260244714,4.018450184501845,0.2435424354243542,90.27908331714896,0.0090744835688383
18.0,9.733333333333333,1543.8428572375483,0.076375053331958,1007.5811284958228,2.005169867060561,3.45389877944492,4.0214180206794685,0.2437223042836041,90.27579102853144,0.0090950340490962
18.0,9.8,1543.8434642596096,0.0769820753930616,1007.5959271970272,2.0066518847006654,3.452561559108414,4.02439024390244,0.2439024390243902,90.2724938732641,0.0091156712951487
18.0,9.866666666666667,1543.844072660388,0.0775904761715082,1007.6107480881024,2.008136094674557,3.4512223606353163,4.027366863905326,0.2440828402366864,90.26919184054812,0.0091363957981229
18.0,9.933333333333334,1543.844682445716,0.0782002614994326,1007.6255912189176,2.0096225018504814,3.4498811796330204,4.030347890451518,0.2442635085122131,90.26588491955278,0.009157208045508
18.0,10.0,1543.8452936214608,0.0788114372442123,1007.6404566394856,2.011111111111111,3.448538011695906,4.033333333333333,0.2444444444444444,90.2625730994152,0.0091781085466209
18.0,10.066666666666666,1543.845906193522,0.0794240093055123,1007.6553443999754,2.012601927353596,3.447192852405291,4.036323202372128,0.2446256486286138,90.25925636924038,0.0091990977907698
18.0,10.133333333333333,1543.846520167833,0.0800379836164211,1007.670254550702,2.0140949554896146,3.445845697329377,4.039317507418398,0.244807121661721,90.2559347181009,0.0092201762799959
18.0,10.2,1543.8471355503596,0.0806533661429966,1007.685187142134,2.0155902004454345,3.44449654202321,4.042316258351893,0.2449888641425389,90.25260813503692,0.0092413445290731
18.0,10.266666666666666,1543.8477523471036,0.0812701628869945,1007.70014222489,2.0170876671619618,3.443145382028624,4.045319465081724,0.2451708766716196,90.24927660905608,0.0092626030473184
18.0,10.333333333333334,1543.848370564099,0.0818883798824572,1007.7151198497425,2.0185873605947955,3.4417922128741925,4.048327137546468,0.2453531598513011,90.24594012913325,0.0092839523440488
18.0,10.4,1543.848990207416,0.0825080231995798,1007.7301200676152,2.020089285714286,3.440437030075188,4.051339285714286,0.2455357142857143,90.24259868421052,0.0093053929413144
18.0,10.466666666666669,1543.849611283158,0.0831290989412991,1007.7451429295865,2.0215934475055843,3.4390798291335187,4.054355919583023,0.2457185405807893,90.23925226319707,0.0093269253502512
18.0,10.533333333333331,1543.8502337974628,0.0837516132462496,1007.7601884868872,2.023099850968704,3.437720605537689,4.057377049180328,0.2459016393442623,90.23590085496902,0.009348550103823
18.0,10.6,1543.8508577565049,0.0843755722883088,1007.7752567909042,2.0246085011185686,3.4363593547627462,4.060402684563758,0.2460850111856823,90.23254444836924,0.0093702677240798
18.0,10.666666666666666,1543.8514831664927,0.0850009822761421,1007.7903478931796,2.026119402985074,3.434996072270228,4.063432835820896,0.2462686567164179,90.2291830322074,0.0093920787458046
18.0,10.733333333333333,1543.8521100336711,0.0856278494545677,1007.8054618454098,2.027632561613144,3.4336307535081168,4.066467513069455,0.2464525765496639,90.22581659525964,0.0094139836983231
18.0,10.8,1543.8527383643188,0.086256180102282,1007.8205986994476,2.02914798206278,3.4322633939107856,4.069506726457399,0.2466367713004484,90.22244512626858,0.0094359831182373
18.0,10.866666666666667,1543.8533681647536,0.0868859805370902,1007.8357585073046,2.030665669409125,3.4308939888989487,4.072550486163052,0.2468212415856395,90.21906861394322,0.009458077556701
18.0,10.933333333333334,1543.8539994413263,0.0875172571097664,1007.8509413211478,2.0321856287425155,3.4295225338796103,4.07559880239521,0.2470059880239521,90.21568704695872,0.009480267548497
18.0,11.0,1543.8546322004267,0.0881500162101929,1007.8661471933036,2.033707865168539,3.428149024246008,4.078651685393258,0.247191011235955,90.21230041395624,0.0095025536447792
18.0,11.066666666666666,1543.855266448479,0.0887842642623581,1007.8813761762564,2.035232383808096,3.4267734553775746,4.081709145427287,0.247376311844078,90.20890870354296,0.0095249363894254
18.0,11.133333333333333,1543.8559021919457,0.0894200077289042,1007.89662832265,2.0367591897974493,3.42539582263987,4.0847711927982,0.2475618904726181,90.20551190429184,0.0095474163608741
18.0,11.2,1543.8565394373272,0.0900572531106718,1007.911903685288,2.0382882882882885,3.4240161213845424,4.087837837837838,0.2477477477477477,90.20211000474158,0.0095699941030034
18.0,11.266666666666666,1543.8571781911592,0.0906960069426077,1007.9272023171342,2.039819684447784,3.4226343469492666,4.090909090909092,0.2479338842975207,90.19870299339634,0.0095926701669668
18.0,11.333333333333334,1543.8578184600162,0.0913362757996765,1007.9425242713148,2.041353383458647,3.421250494657697,4.093984962406015,0.2481203007518797,90.19529085872576,0.0096154451366601
18.0,11.4,1543.858460250511,0.0919780662943594,1007.9578696011166,2.0428893905191874,3.419864559819413,4.0970654627539504,0.2483069977426636,90.1918735891648,0.0096383195796079
18.0,11.466666666666669,1543.8591035692937,0.0926213850771091,1007.9732383599886,2.0444277108433737,3.418476537729867,4.100150602409639,0.2484939759036144,90.18845117311348,0.0096612940687919
18.0,11.533333333333331,1543.8597484230536,0.0932662388370317,1007.9886306015436,2.0459683496608894,3.417086423670329,4.103240391861342,0.2486812358703843,90.18502359893704,0.0096843691844696
18.0,11.6,1543.8603948185182,0.0939126343016596,1008.0040463795564,2.047511312217195,3.415694212907835,4.10633484162896,0.248868778280543,90.18159085496546,0.0097075454996229
18.0,11.666666666666666,1543.8610427624535,0.0945605782369511,1008.0194857479678,2.049056603773585,3.414299900695134,4.109433962264151,0.2490566037735849,90.17815292949354,0.0097308236090611
18.0,11.733333333333333,1543.861692261666,0.0952100774495647,1008.0349487608833,2.050604229607252,3.4129034822706315,4.112537764350454,0.2492447129909366,90.17470981078073,0.0097542041039559
18.0,11.8,1543.8623433230007,0.0958611387841301,1008.0504354725724,2.052154195011338,3.411504952858336,4.115646258503401,0.2494331065759637,90.17126148705096,0.0097776875645649
18.0,11.866666666666667,1543.8629959533416,0.0965137691250674,1008.065945937472,2.053706505295008,3.410104307667808,4.118759455370651,0.2496217851739788,90.16780794649256,0.0098012746002495
18.0,11.933333333333334,1543.863650159614,0.0971679753974967,1008.0814802101844,2.055261165783498,3.4087015418941,4.1218773656320975,0.2498107494322483,90.16434917725806,0.0098249658130953
18.0,12.0,1543.864305948783,0.0978237645667832,1008.0970383454812,2.0568181818181817,3.407296650717703,4.125,0.25,90.16088516746412,0.0098487618033686
18.0,12.066666666666666,1543.8649633278544,0.0984811436378549,1008.1126203983004,2.058377558756634,3.4058896293044976,4.128127369219106,0.2501895375284306,90.15741590519134,0.009872663184069
18.0,12.133333333333333,1543.8656223038745,0.0991401196579317,1008.1282264237489,2.059939301972686,3.404480472805686,4.131259484066768,0.2503793626707132,90.15394137848412,0.009896670562739
18.0,12.2,1543.8662828839294,0.0998006997128868,1008.1438564771032,2.061503416856492,3.403069176357751,4.134396355353076,0.2505694760820046,90.15046157535068,0.0099207845578348
18.0,12.266666666666666,1543.866945075149,0.1004628909324765,1008.1595106138096,2.06306990881459,3.401655735082388,4.137537993920973,0.2507598784194529,90.1469764837626,0.0099450058078218
18.0,12.333333333333334,1543.8676088847037,0.101126700487157,1008.175188889486,2.064638783269962,3.4002401440864527,4.140684410646388,0.2509505703422053,90.143486091655,0.0099693349184235
18.0,12.4,1543.8682743198049,0.1017921355883118,1008.1908913599192,2.0662100456621006,3.398822398461908,4.1438356164383565,0.2511415525114155,90.13999038692624,0.0099937725244672
18.0,12.466666666666669,1543.8689413877069,0.102459203490298,1008.2066180810704,2.067783701447068,3.397402493285766,4.146991622239147,0.2513328255902513,90.13648935743775,0.010018319264418
18.0,12.533333333333331,1543.8696100957068,0.103127911490219,1008.2223691090716,2.0693597560975614,3.395980423620026,4.150152439024391,0.2515243902439025,90.13298299101412,0.0100429757785605
18.0,12.6,1543.870280451144,0.1037982669274697,1008.238144500229,2.0709382151029745,3.394556184511622,4.153318077803204,0.251716247139588,90.1294712754426,0.0100677427017217
18.0,12.666666666666666,1543.8709524614003,0.1044702771839638,1008.2539443110225,2.072519083969466,3.3931297709923665,4.156488549618321,0.2519083969465649,90.12595419847328,0.0100926206905569
18.0,12.733333333333333,1543.8716261339027,0.1051439496861803,1008.2697685981066,2.074102368220016,3.391701178078888,4.159663865546219,0.2521008403361345,90.12243174781877,0.0101176103926263
18.0,12.8,1543.8723014761194,0.1058192919028897,1008.2856174183104,2.075688073394496,3.390270400772574,4.162844036697248,0.2522935779816513,90.11890391115404,0.0101427124591282
18.0,12.866666666666667,1543.8729784955642,0.1064963113476551,1008.30149082864,2.077276205049732,3.3888374340595178,4.1660290742157615,0.252486610558531,90.11537067611646,0.0101679275630885
18.0,12.933333333333334,1543.8736571997945,0.1071750155779227,1008.3173888862776,2.078866768759571,3.387402272910454,4.169218989280245,0.2526799387442572,90.11183203030546,0.0101932563629816
18.0,13.0,1543.8743375964125,0.1078554121959314,1008.333311648583,2.0804597701149423,3.3859649122807016,4.172413793103448,0.2528735632183908,90.10828796128251,0.0102186995172814
18.0,13.066666666666666,1543.8750196930637,0.1085375088468936,1008.3492591730934,2.082055214723926,3.384525347110107,4.175613496932516,0.2530674846625767,90.10473845657089,0.0102442577117471
18.0,13.133333333333333,1543.8757034974408,0.109221313224225,1008.3652315175246,2.083653108211819,3.38308357232298,4.178818112049118,0.2532617037605525,90.10118350365552,0.0102699316248617
18.0,13.2,1543.8763890172802,0.1099068330636328,1008.3812287397726,2.0852534562211984,3.381639582828038,4.182027649769585,0.2534562211981567,90.09762308998305,0.0102957219332893
18.0,13.266666666666666,1543.8770762603654,0.1105940761488,1008.3972508979128,2.0868562644119906,3.3801933735183463,4.185242121445042,0.2536510376633359,90.09405720296128,0.0103216293355217
18.0,13.333333333333334,1543.8777652345248,0.1112830503082022,1008.413298050202,2.0884615384615386,3.378744939271255,4.188461538461539,0.2538461538461539,90.0904858299595,0.01034765451368
18.0,13.4,1543.878455947634,0.1119737634173816,1008.4293702550776,2.0900692840646653,3.377294274948341,4.191685912240185,0.2540415704387991,90.08690895830802,0.0103737981680751
18.0,13.466666666666669,1543.8791484076137,0.1126662233971274,1008.4454675711592,2.0916795069337444,3.375841375395345,4.194915254237288,0.2542372881355932,90.08332657529805,0.01040006099538
18.0,13.533333333333331,1543.8798426224334,0.1133604382168869,1008.4615900572508,2.0932922127987665,3.374386235442113,4.198149575944488,0.2544333076329992,90.07973866818163,0.0104264437140955
18.0,13.6,1543.880538600109,0.1140564158924917,1008.4777377723382,2.0949074074074074,3.372928849902534,4.201388888888888,0.2546296296296296,90.07614522417153,0.0104529470263514
18.0,13.666666666666666,1543.8812363487036,0.1147541644870671,1008.4939107755928,2.096525096525097,3.371469213574477,4.204633204633205,0.2548262548262548,90.07254623044096,0.0104795716524677
18.0,13.733333333333333,1543.8819358763292,0.1154536921126236,1008.5101091263696,2.098145285935085,3.3700073212397306,4.207882534775889,0.2550231839258114,90.0689416741235,0.010506318305488
18.0,13.8,1543.8826371911443,0.1161550069277836,1008.5263328842112,2.099767981438515,3.368543167663939,4.211136890951276,0.2552204176334107,90.06533154231285,0.0105331877257413
18.0,13.866666666666667,1543.883340301359,0.1168581171425557,1008.542582108845,2.101393188854489,3.367076747596545,4.214396284829721,0.2554179566563467,90.06171582206291,0.0105601806262711
18.0,13.933333333333334,1543.884045215228,0.1175630310115138,1008.5588568601868,2.1030209140201395,3.36560805577072,4.217660728117738,0.2556158017041053,90.05809450038728,0.0105872977510443
18.0,14.0,1543.8847519410592,0.1182697568426647,1008.5751571983396,2.104651162790698,3.364137086903305,4.22093023255814,0.2558139534883721,90.05446756425948,0.0106145398494845
18.0,14.066666666666666,1543.885460487208,0.1189783029913087,1008.591483183596,2.1062839410395657,3.3626638356947454,4.224204809930179,0.2560124127230411,90.05083500061247,0.0106419076564634
18.0,14.133333333333333,1543.88617086208,0.1196886778634507,1008.6078348764364,2.1079192546583854,3.361188296829029,4.22748447204969,0.2562111801242236,90.04719679633867,0.0106694019250426
18.0,14.2,1543.8868830741312,0.1204008899146629,1008.6242123375332,2.1095571095571097,3.359710464973623,4.230769230769231,0.2564102564102564,90.04355293828979,0.0106970234064647
18.0,14.266666666666666,1543.8875971318676,0.1211149476509945,1008.640615627749,2.1111975116640744,3.3582303347794054,4.234059097978227,0.2566096423017107,90.03990341327658,0.0107247728738002
18.0,14.333333333333334,1543.8883130438476,0.121830859631018,1008.657044808138,2.11284046692607,3.356747900880606,4.237354085603113,0.2568093385214008,90.03624820806881,0.0107526510910247
18.0,14.4,1543.8890308186797,0.1225486344631008,1008.6734999399464,2.114485981308411,3.3552631578947363,4.240654205607477,0.2570093457943925,90.032587309395,0.0107806588184757
18.0,14.466666666666669,1543.889750465023,0.1232682808067693,1008.6899810846136,2.116134060795012,3.3537761004225293,4.243959469992206,0.2572096648480125,90.02892070394223,0.0108087968419567
18.0,14.533333333333331,1543.8904719915918,0.1239898073752101,1008.7064883037752,2.117784711388456,3.352286723047869,4.247269890795632,0.2574102964118565,90.0252483783562,0.0108370659454521
18.0,14.6,1543.891195407149,0.1247132229327689,1008.723021659258,2.1194379391100706,3.350795020337729,4.250585480093677,0.2576112412177986,90.02157031924072,0.0108654669074894
18.0,14.666666666666666,1543.8919207205129,0.1254385362963148,1008.7395812130868,2.12109375,3.3493009868421058,4.25390625,0.2578125,90.01788651315789,0.0108940005284239
18.0,14.733333333333333,1543.8926479405532,0.1261657563366043,1008.7561670274814,2.1227521501172792,3.347804617093946,4.257232212666145,0.2580140734949179,90.01419694662769,0.0109226676104299
18.0,14.8,1543.8933770761942,0.1268948919775994,1008.7727791648598,2.124413145539906,3.346305905609093,4.26056338028169,0.2582159624413145,90.01050160612799,0.0109514689484058
18.0,14.866666666666667,1543.8941081364128,0.1276259521962401,1008.7894176878364,2.126076742364918,3.344804846886205,4.2638997650743935,0.2584181675802662,90.00680047809422,0.0109804053499829
18.0,14.933333333333334,1543.894841130241,0.1283589460244911,1008.8060826592254,2.127742946708464,3.343301435406699,4.267241379310345,0.2586206896551724,90.00309354891931,0.0110094776446203
18.0,15.0,1543.8955760667654,0.1290938825488865,1008.8227741420396,2.129411764705883,3.3417956656346752,4.270588235294119,0.2588235294117647,89.99938080495356,0.0110386866399494
18.0,15.066666666666666,1543.8963129551264,0.129830770909848,1008.839492199493,2.131083202511774,3.3402875320168555,4.273940345368916,0.2590266875981161,89.99566223250433,0.0110680331636103
18.0,15.133333333333333,1543.8970518045203,0.1305696203039588,1008.8562368949988,2.1327572663000787,3.338777028982512,4.2772977219167325,0.2592301649646504,89.99193781783602,0.0110975180559762
18.0,15.2,1543.8977926242003,0.131310439983963,1008.8730082921736,2.134433962264151,3.337264150943396,4.28066037735849,0.2594339622641509,89.98820754716981,0.0111271421519631
18.0,15.266666666666666,1543.8985354234742,0.1320532392576296,1008.8898064548366,2.136113296616837,3.3357488922936764,4.284028324154209,0.2596380802517702,89.98447140668351,0.0111569062792113
18.0,15.333333333333334,1543.8992802117043,0.1327980274877518,1008.906631447009,2.1377952755905514,3.334231247409863,4.28740157480315,0.2598425196850394,89.9807293825114,0.0111868113017408
18.0,15.4,1543.9000269983146,0.1335448140980588,1008.9234833329172,2.1394799054373523,3.332711210650741,4.290780141843972,0.2600472813238771,89.97698146074406,0.0112168580853904
18.0,15.466666666666669,1543.9007757927825,0.1342936085657129,1008.9403621769932,2.1411671924290223,3.331188776357297,4.294164037854889,0.2602523659305993,89.9732276274282,0.0112470474668953
18.0,15.533333333333331,1543.9015266046435,0.1350444204269933,1008.9572680438728,2.1428571428571432,3.329663938852657,4.297553275453828,0.260457774269929,89.96946786856645,0.0112773803284653
18.0,15.6,1543.9022794434927,0.1357972592761598,1008.9742009984008,2.144549763033176,3.3281366924420057,4.300947867298579,0.2606635071090047,89.96570217011723,0.0113078575395775
18.0,15.666666666666666,1543.9030343189822,0.1365521347656795,1008.9911611056276,2.1462450592885376,3.326607031412524,4.304347826086957,0.2608695652173913,89.96193051799459,0.0113384799824416
18.0,15.733333333333333,1543.9037912408237,0.1373090566071368,1009.0081484308138,2.147943037974684,3.325074950033311,4.307753164556962,0.2610759493670886,89.95815289806795,0.0113692485392675
18.0,15.8,1543.904550218787,0.1380680345707787,1009.025163039427,2.149643705463183,3.3235404425553203,4.311163895486937,0.2612826603325416,89.95436929616201,0.0114001640959031
18.0,15.866666666666667,1543.905311262703,0.1388290784864239,1009.042204997146,2.1513470681458005,3.3220035032112776,4.314580031695722,0.2614896988906497,89.95057969805656,0.0114312275545671
18.0,15.933333333333334,1543.9060743824616,0.1395921982450545,1009.059274369861,2.153053132434576,3.3204641262156187,4.318001586042823,0.2616970658207772,89.9467840894862,0.0114624398265732
18.0,16.0,1543.906839588013,0.1403574037965427,1009.0763712236726,2.154761904761905,3.318922305764412,4.321428571428572,0.261904761904762,89.94298245614036,0.0114938018123211
18.0,16.066666666666666,1543.9076068893698,0.1411247051532882,1009.0934956248944,2.15647339158062,3.3173780360352825,4.324861000794281,0.2621127879269261,89.93917478366288,0.0115253144340385
18.0,16.133333333333333,1543.9083762966045,0.1418941123877175,1009.1106476400544,2.1581875993640702,3.315831311187348,4.328298887122417,0.2623211446740858,89.93536105765209,0.0115569786084961
18.0,16.2,1543.9091478198511,0.1426656356345574,1009.127827335892,2.1599045346062056,3.314282125361136,4.331742243436755,0.2625298329355609,89.93154126366035,0.0115887952651974
18.0,16.266666666666666,1543.9099214693065,0.1434392850896984,1009.1450347793656,2.161624203821656,3.312730472678512,4.335191082802548,0.2627388535031847,89.9277153871941,0.0116207653463789
18.0,16.333333333333332,1543.9106972552306,0.1442150710140595,1009.1622700376466,2.163346613545817,3.311176347242609,4.338645418326694,0.2629482071713148,89.92388341371358,0.0116528897888201
18.0,16.4,1543.911475187945,0.1449930037283593,1009.179533178124,2.1650717703349285,3.3096197431377488,4.342105263157895,0.2631578947368421,89.92004532863258,0.0116851695456716
18.0,16.466666666666665,1543.9122552778365,0.1457730936199368,1009.1968242684056,2.1667996807661614,3.308060654429369,4.345570630486832,0.2633679169992019,89.91620111731844,0.0117176055700838
18.0,16.53333333333333,1543.9130375353543,0.1465553511377493,1009.2141433763156,2.1685303514376995,3.306499075163948,4.349041533546326,0.2635782747603833,89.91235076509163,0.011750198818845
18.0,16.6,1543.9138219710126,0.1473397867960102,1009.2314905699004,2.170263788968825,3.3049349993689257,4.352517985611511,0.2637889688249401,89.9084942572258,0.0117829502687527
18.0,16.666666666666668,1543.91460859539,0.1481264111735072,1009.2488659174244,2.172,3.303368421052632,4.356,0.264,89.90463157894737,0.0118158608911471
18.0,16.733333333333334,1543.9153974191313,0.1489152349147389,1009.2662694873748,2.1737389911929546,3.3017993342042056,4.3594875900720576,0.2642113690952762,89.9007627154355,0.0118489316755585
18.0,16.8,1543.9161884529467,0.1497062687301422,1009.28370134846,2.1754807692307696,3.3002277327935228,4.36298076923077,0.264423076923077,89.89688765182187,0.0118821635987842
18.0,16.866666666666667,1543.916981707611,0.150499523394501,1009.301161569612,2.177225340817963,3.298653610771114,4.366479550922214,0.264635124298316,89.89300637319039,0.0119155576667253
18.0,16.933333333333334,1543.917777193969,0.1512950097524026,1009.318650219986,2.178972712680578,3.2970769620680915,4.369983948635634,0.2648475120385233,89.88911886457717,0.011949114879826
18.0,17.0,1543.9185749229284,0.1520927387118718,1009.336167368964,2.180722891566265,3.2954977805960683,4.373493975903616,0.2650602409638554,89.88522511097021,0.0119828362439875
18.0,17.066666666666666,1543.9193749054682,0.1528927212516464,1009.3537130861514,2.182475884244373,3.2939160602470805,4.377009646302251,0.2652733118971061,89.88132509730919,0.0120167227869387
18.0,17.133333333333333,1543.9201771526334,0.1536949684168576,1009.3712874413816,2.184231697506034,3.292331794893509,4.380530973451328,0.2654867256637168,89.87741880848542,0.0120507755236758
18.0,17.2,1543.920981675538,0.1544994913215305,1009.3888905047156,2.185990338164251,3.2907449783879987,4.384057971014493,0.2657004830917874,89.87350622934146,0.0120849954928417
18.0,17.266666666666666,1543.9217884853658,0.1553063011492668,1009.406522346442,2.1877518130539886,3.289155604563383,4.387590652699436,0.265914585012087,89.8695873446711,0.0121193837348982
18.0,17.333333333333332,1543.9225975933691,0.1561154091527896,1009.4241830370812,2.1895161290322585,3.2875636672325976,4.391129032258065,0.2661290322580645,89.86566213921903,0.0121539412884885
18.0,17.4,1543.923409010871,0.1569268266543986,1009.4418726473808,2.191283292978208,3.2859691601886074,4.394673123486683,0.2663438256658595,89.86173059768063,0.0121886692031694
18.0,17.466666666666665,1543.9242227492632,0.1577405650466516,1009.459591248323,2.193053311793215,3.28437207720432,4.398222940226172,0.2665589660743134,89.85779270470198,0.0122235685557825
18.0,17.53333333333333,1543.9250388200117,0.1585566357950938,1009.4773389111195,2.19482619240097,3.2827724120325064,4.401778496362167,0.2667744543249797,89.85384844487938,0.0122586404086177
18.0,17.6,1543.9258572346512,0.1593750504346189,1009.4951157072172,2.196601941747573,3.281170158405723,4.405339805825244,0.2669902912621359,89.84989780275933,0.0122938858385168
18.0,17.666666666666668,1543.92667800479,0.1601958205733353,1009.5129217082964,2.19838056680162,3.2795653100362245,4.408906882591094,0.2672064777327936,89.84594076283828,0.0123293059205025
18.0,17.733333333333334,1543.9275011421073,0.1610189578907466,1009.5307569862732,2.200162074554295,3.277957860615883,4.4124797406807135,0.2674230145867099,89.8419773095624,0.0123649017514253
18.0,17.8,1543.9283266583568,0.1618444741402527,1009.5486216132988,2.201946472019465,3.27634780381611,4.416058394160585,0.2676399026763991,89.83800742732744,0.0124006744408688
18.0,17.866666666666667,1543.929154565366,0.1626723811493775,1009.5665156617624,2.2037337662337664,3.274735133287765,4.419642857142858,0.2678571428571429,89.83403110047846,0.0124366250893217
18.0,17.933333333333334,1543.9299848750352,0.1635026908186319,1009.5844392042908,2.205523964256702,3.27311984266108,4.4232331437855406,0.2680747359870024,89.83004831330967,0.0124727548027294
18.0,18.0,1543.9308175993397,0.1643354151231051,1009.6023923137504,2.207317073170732,3.271501925545571,4.426829268292683,0.2682926829268293,89.82605905006417,0.0125090647161414
18.0,18.066666666666663,1543.9316527503308,0.1651705661142841,1009.6203750632476,2.209113100081367,3.2698813755299567,4.4304312449145655,0.2685109845402766,89.82206329493383,0.01254555595915
18.0,18.133333333333333,1543.9324903401343,0.1660081559177797,1009.638387526129,2.210912052117264,3.268258186182068,4.434039087947883,0.2687296416938111,89.81806103205898,0.0125822296631668
18.0,18.2,1543.9333303809526,0.1668481967360549,1009.6564297759844,2.212713936430318,3.266632351048772,4.4376528117359415,0.2689486552567237,89.81405224552825,0.0126190869777929
18.0,18.266666666666666,1543.9341728850648,0.1676907008481976,1009.6745018866458,2.2145187601957588,3.2650038636558776,4.4412724306688425,0.269168026101142,89.81003691937838,0.0126561290635436
18.0,18.33333333333333,1543.9350178648276,0.1685356806110576,1009.69260393219,2.216326530612245,3.263372717508056,4.444897959183673,0.2693877551020408,89.80601503759398,0.0126933570827532
18.0,18.4,1543.9358653326758,0.1693831484592465,1009.7107359869376,2.218137254901961,3.2617389060887514,4.4485294117647065,0.2696078431372549,89.80198658410733,0.0127307722050318
18.0,18.466666666666665,1543.9367153011217,0.1702331169051376,1009.7288981254568,2.219950940310712,3.2601024228600948,4.452166802943582,0.2698282910874898,89.79795154279813,0.0127683756090846
18.0,18.53333333333333,1543.9375677827568,0.1710855985402304,1009.7470904225614,2.2217675941080195,3.258463261262813,4.455810147299509,0.2700490998363338,89.79390989749332,0.0128061684845306
18.0,18.6,1543.938422790253,0.1719406060365145,1009.7653129533156,2.223587223587224,3.256821414716152,4.45945945945946,0.2702702702702703,89.7898616319669,0.0128441520300839
18.0,18.666666666666668,1543.9392803363603,0.1727981521439687,1009.7835657930297,2.225409836065574,3.255176876617774,4.463114754098361,0.2704918032786885,89.7858067299396,0.0128823274480964
18.0,18.73333333333333,1543.940140433913,0.1736582496964729,1009.8018490172664,2.2272354388843314,3.253529640343681,4.4667760459392944,0.2707136997538966,89.7817451750788,0.0129206959663861
18.0,18.8,1543.941003095823,0.1745209116061232,1009.8201627018386,2.2290640394088674,3.2518796992481205,4.470443349753695,0.270935960591133,89.77767695099818,0.0129592587873048
18.0,18.866666666666667,1543.9418683350846,0.1753861508680074,1009.8385069228128,2.23089564502876,3.250227046663496,4.474116680361545,0.2711585866885785,89.77360204125762,0.0129980171568604
18.0,18.933333333333334,1543.9427361647768,0.1762539805602045,1009.8568817565064,2.2327302631578947,3.248571675900277,4.477796052631579,0.2713815789473684,89.76952042936288,0.0130369723083276
18.0,19.0,1543.943606598059,0.1771244138424208,1009.8752872794936,2.234567901234568,3.246913580246914,4.481481481481482,0.2716049382716049,89.76543209876542,0.0130761254931712
18.0,19.066666666666663,1543.944479648176,0.1779974639594002,1009.8937235686028,2.236408566721582,3.24525275296974,4.485172981878089,0.271828665568369,89.76133703286222,0.0131154779737698
18.0,19.133333333333333,1543.9453553284554,0.178873144238878,1009.9121907009186,2.2382522671063483,3.2435891873128826,4.488870568837593,0.2720527617477329,89.75723521499545,0.0131550310161401
18.0,19.2,1543.946233652311,0.1797514680947642,1009.9306887537844,2.24009900990099,3.241922876498176,4.492574257425742,0.2722772277227723,89.7531266284523,0.0131947858953935
18.0,19.266666666666666,1543.9471146332417,0.1806324490250972,1009.949217804801,2.241948802642445,3.2402538137250643,4.496284062758052,0.2725020644095789,89.74901125646487,0.0132347438975557
18.0,19.33333333333333,1543.947998284831,0.1815161006145444,1009.96777793183,2.2438016528925617,3.238581992170509,4.5,0.2727272727272727,89.74488908220965,0.013274906319566
18.0,19.4,1543.948884620751,0.182402436534403,1009.9863692129924,2.2456575682382134,3.2369074049889,4.503722084367246,0.2729528535980149,89.74076008880762,0.0133152744638209
18.0,19.466666666666665,1543.9497736547596,0.1832914705430539,1010.0049917266726,2.2475165562913912,3.2352300453119565,4.5074503311258285,0.2731788079470199,89.73662425932382,0.0133558496418118
18.0,19.53333333333333,1543.9506654007032,0.1841832164866446,1010.0236455515176,2.2493786246893124,3.233549906248637,4.511184755592378,0.2734051367025683,89.7324815767671,0.0133966331814008
18.0,19.6,1543.9515598725172,0.1850776883006801,1010.0423307664375,2.2512437810945274,3.2318669808850484,4.514925373134329,0.2736318407960199,89.72833202409008,0.0134376264195452
18.0,19.666666666666668,1543.9524570842257,0.1859749000091142,1010.0610474506096,2.2531120331950207,3.2301812622843413,4.518672199170124,0.2738589211618257,89.72417558418867,0.0134788306968403
18.0,19.73333333333333,1543.9533570499434,0.1868748657268497,1010.0797956834748,2.254983388704319,3.2284927434866235,4.5224252491694354,0.2740863787375415,89.72001223990208,0.0135202473538811
18.0,19.8,1543.9542597838729,0.1877775996563286,1010.098575544744,2.2568578553615963,3.22680141750886,4.526184538653367,0.2743142144638404,89.71584197401235,0.0135618777640047
18.0,19.866666666666667,1543.9551653003118,0.1886831160952624,1010.1173871143956,2.2587354409317806,3.225107277344777,4.529950083194676,0.2745424292845258,89.71166476924424,0.0136037232987291
18.0,19.933333333333334,1543.956073613646,0.1895914294295835,1010.1362304726772,2.260616153205662,3.2234103159647662,4.533721898417985,0.2747710241465446,89.70748060826504,0.0136457853368483
18.0,20.0,1543.9569847383568,0.1905025541402665,1010.1551057001086,2.2625,3.22171052631579,4.5375,0.275,89.70328947368421,0.0136879559868248
20.0,0.0,1543.7664821842166,0.0,1005.6348872124258,1.81,3.63,3.63,0.22,90.71,0.0497990185958769
20.0,0.0666666666666666,1543.769804495722,0.0033223115053715,1005.6463571722192,1.8112074716477653,3.6292448934210113,3.632421614409607,0.2201467645096731,90.70697925601196,0.049870326567543
20.0,0.1333333333333333,1543.7731315610922,0.0066493768756572,1005.6578426407484,1.8124165554072096,3.6284887786890456,3.634846461949266,0.2202937249666221,90.70395447898784,0.049941718163609
20.0,0.2,1543.776463391477,0.0099812072603526,1005.6693436494093,1.8136272545090184,3.627731653783758,3.637274549098197,0.220440881763527,90.70092566084548,0.050013277294056
20.0,0.2666666666666666,1543.7797999980648,0.013317813848289,1005.6808602296804,1.8148395721925128,3.626973516679399,3.639705882352941,0.2205882352941176,90.69789279348105,0.0500850045500556
20.0,0.3333333333333333,1543.7831413920835,0.0166592078669509,1005.6923924131258,1.8160535117056853,3.6262143653448007,3.642140468227425,0.2207357859531772,90.69485586876893,0.0501569005173223
20.0,0.4,1543.7864875848002,0.0200054005836136,1005.7039402313952,1.817269076305221,3.6254541977433545,3.644578313253012,0.2208835341365461,90.69181487856189,0.0502289657815708
20.0,0.4666666666666667,1543.7898385875214,0.0233564033048878,1005.7155037162232,1.8184862692565305,3.6246930118329983,3.647019423978567,0.2210314802411252,90.68876981469076,0.0503012009485246
20.0,0.5333333333333333,1543.7931944115933,0.0267122273767199,1005.7270828994314,1.81970509383378,3.6239308055661934,3.649463806970509,0.2211796246648793,90.68572066896462,0.0503736065984412
20.0,0.6,1543.7965550684012,0.0300728841846193,1005.738677812926,1.82092555331992,3.623167576889912,3.6519114688128775,0.221327967806841,90.68266743317048,0.0504461833370442
20.0,0.6666666666666666,1543.7999205693714,0.0334383851547954,1005.7502884887004,1.822147651006712,3.6224033237456057,3.654362416107383,0.2214765100671141,90.6796100990732,0.050518931757324
20.0,0.7333333333333333,1543.803290925969,0.0368087417523383,1005.7619149588352,1.8233713901947617,3.621638044069206,3.656816655473472,0.2216252518468771,90.67654865841568,0.0505918524650041
20.0,0.8,1543.8066661497005,0.0401839654837203,1005.7735572554964,1.8245967741935485,3.6208717357910905,3.659274193548387,0.2217741935483871,90.67348310291858,0.0506649460730841
20.0,0.8666666666666667,1543.8100462521115,0.0435640678949766,1005.785215410939,1.8258238063214527,3.620104396836072,3.661735036987223,0.2219233355749832,90.67041342428028,0.0507382131727354
20.0,0.9333333333333332,1543.81343124479,0.0469490605735245,1005.7968894575048,1.827052489905788,3.6193360251233737,3.664199192462988,0.2220726783310901,90.66733961417675,0.0508116543987853
20.0,1.0,1543.8168211393647,0.0503389551481632,1005.8085794276232,1.8282828282828285,3.6185666185666174,3.6666666666666665,0.2222222222222222,90.66426166426166,0.0508852703533193
20.0,1.0666666666666669,1543.8202159475038,0.0537337632872549,1005.8202853538128,1.829514824797844,3.6177961750738032,3.669137466307277,0.2223719676549865,90.66117956616608,0.0509590616511559
20.0,1.1333333333333333,1543.8236156809182,0.057133496701681,1005.8320072686791,1.8307484828051248,3.6170246925472815,3.671611598111936,0.222521915037087,90.65809331149856,0.0510330289234843
20.0,1.2,1543.8270203513605,0.0605381671437044,1005.8437452049184,1.831983805668016,3.616252168883748,3.674089068825911,0.2226720647773279,90.655002891845,0.0511071727833041
20.0,1.2666666666666666,1543.8304299706228,0.0639477864062882,1005.8554991953146,1.833220796758947,3.615478601974213,3.676569885212694,0.2228224172856178,90.65190829876852,0.0511814938581665
20.0,1.3333333333333333,1543.8338445505417,0.0673623663249145,1005.8672692727404,1.83445945945946,3.61470398970399,3.679054054054054,0.2229729729729729,90.64880952380952,0.0512559927792608
20.0,1.4,1543.8372641029932,0.0707819187766745,1005.8790554701604,1.835699797160244,3.613928329952671,3.6815415821501016,0.2231237322515213,90.64570655848546,0.0513306701814144
20.0,1.4666666666666666,1543.8406886398989,0.0742064556823152,1005.8908578206272,1.836941813261164,3.613151620594111,3.6840324763193504,0.2232746955345061,90.64259939429084,0.0514055266958166
20.0,1.5333333333333332,1543.8441181732194,0.0776359890028288,1005.9026763572848,1.838185511171293,3.612373859496405,3.686526743398781,0.2234258632362897,90.63948802269724,0.0514805629627517
20.0,1.6,1543.8475527149606,0.0810705307440002,1005.9145111133678,1.839430894308943,3.611595044521873,3.6890243902439024,0.2235772357723577,90.63637243515292,0.0515557796261418
20.0,1.6666666666666667,1543.8509922771696,0.0845100929529962,1005.9263621222008,1.840677966101695,3.610815173527038,3.6915254237288138,0.223728813559322,90.63325262308314,0.0516311773226334
20.0,1.7333333333333334,1543.854436871937,0.087954687720412,1005.9382294172,1.841926729986432,3.610034244362603,3.694029850746269,0.2238805970149253,90.63012857788976,0.0517067567052436
20.0,1.8,1543.8578865113968,0.0914043271802711,1005.950113031874,1.8431771894093685,3.609252254873436,3.696537678207739,0.2240325865580448,90.6270002909514,0.0517825184215325
20.0,1.8666666666666667,1543.8613412077266,0.0948590235100255,1005.962012999822,1.844429347826087,3.6084692028985503,3.699048913043478,0.2241847826086956,90.6238677536232,0.0518584631263365
20.0,1.933333333333333,1543.864800973147,0.0983187889305554,1005.9739293547358,1.8456832087015635,3.6076850862710814,3.7015635622025833,0.2243371855880353,90.62073095723674,0.0519345914781297
20.0,2.0,1543.8682658199236,0.1017836357070791,1005.9858621304014,1.846938775510204,3.60689990281827,3.704081632653061,0.2244897959183673,90.61758989310007,0.0520109041353862
20.0,2.0666666666666664,1543.871735760365,0.1052535761484705,1005.9978113606942,1.8481960517358744,3.606113650361437,3.706603131381892,0.2246426140231449,90.61444455249764,0.0520874017620371
20.0,2.1333333333333333,1543.8752108068252,0.1087286226086234,1006.0097770795858,1.8494550408719348,3.605326326715972,3.709128065395096,0.2247956403269755,90.61129492669002,0.0521640850201947
20.0,2.2,1543.878690971701,0.1122087874844055,1006.0217593211396,1.850715746421268,3.604537929691305,3.711656441717792,0.2249488752556237,90.608141006914,0.052240954577428
20.0,2.2666666666666666,1543.8821762674356,0.1156940832190684,1006.0337581195135,1.8519781718963169,3.603748457090886,3.714188267394271,0.2251023192360164,90.6049827843825,0.0523180111158581
20.0,2.333333333333333,1543.8856667065163,0.1191845222999745,1006.0457735089584,1.8532423208191129,3.602957906712173,3.716723549488055,0.2252559726962457,90.60182025028442,0.0523952553048729
20.0,2.4,1543.8891623014763,0.1226801172597333,1006.0578055238216,1.8545081967213115,3.602166276346604,3.719262295081968,0.2254098360655737,90.59865339578454,0.0524726878247747
20.0,2.466666666666667,1543.8926630648932,0.1261808806766566,1006.0698541985428,1.8557758031442244,3.60137356377958,3.721804511278196,0.2255639097744361,90.59548221202355,0.0525503093576844
20.0,2.533333333333333,1543.8961690093906,0.1296868251740761,1006.0819195676584,1.857045143638851,3.6005797667904376,3.724350205198359,0.225718194254446,90.59230669011792,0.052628120585723
20.0,2.6,1543.899680147638,0.1331979634214803,1006.0940016658006,1.858316221765914,3.59978488315244,3.726899383983573,0.2258726899383983,90.58912682115968,0.0527061222019256
20.0,2.6666666666666665,1543.9031964923508,0.1367143081342874,1006.1061005276944,1.8595890410958904,3.5989889106327464,3.7294520547945207,0.226027397260274,90.58594259621655,0.052784314897508
20.0,2.7333333333333334,1543.906718056291,0.1402358720745269,1006.1182161881644,1.860863605209048,3.598191846992396,3.732008224811515,0.2261823166552433,90.5827540063318,0.0528626993709622
20.0,2.8,1543.910244852267,0.1437626680503854,1006.13034868213,1.8621399176954727,3.597393689986283,3.734567901234569,0.2263374485596708,90.579561042524,0.0529412763098662
20.0,2.8666666666666667,1543.9137768931323,0.1472947089159788,1006.1424980446068,1.863417982155113,3.5965944373631404,3.73713109128346,0.2264927934111187,90.57636369578717,0.0530200464309018
20.0,2.933333333333333,1543.917314191791,0.1508320075745359,1006.1546643107082,1.8646978021978025,3.5957940868655154,3.7396978021978025,0.2266483516483516,90.5731619570905,0.053099010430742
20.0,3.0,1543.9208567611902,0.1543745769736233,1006.1668475156448,1.8659793814432992,3.59499263622975,3.742268041237114,0.2268041237113402,90.5699558173785,0.0531781690242496
20.0,3.0666666666666664,1543.9244046143276,0.1579224301110571,1006.1790476947256,1.8672627235213208,3.594190083185957,3.7448418156808807,0.2269601100412655,90.56674526757058,0.0532575229171925
20.0,3.1333333333333333,1543.927957764246,0.161475580029446,1006.1912648833562,1.8685478320715765,3.593386425458001,3.747419132828631,0.227116311080523,90.56353029856126,0.0533370728262525
20.0,3.2,1543.931516224038,0.1650340398214211,1006.2034991170416,1.8698347107438016,3.592581660763479,3.75,0.2272727272727273,90.56031090121998,0.0534168194790254
20.0,3.2666666666666666,1543.935080006843,0.1685978226264524,1006.2157504313856,1.8711233631977948,3.591775786813692,3.752584424534804,0.2274293590627153,90.557087066391,0.053496763590374
20.0,3.333333333333333,1543.93864912585,0.1721669416335771,1006.2280188620904,1.8724137931034484,3.5909688013136294,3.755172413793104,0.2275862068965517,90.55385878489328,0.053576905893351
20.0,3.4,1543.9422235942952,0.1757414100786718,1006.2403044449582,1.873706004140787,3.590160701961944,3.75776397515528,0.2277432712215321,90.55062604752044,0.0536572471064573
20.0,3.466666666666667,1543.9458034254644,0.1793212412478624,1006.2526072158912,1.875,3.589351486450934,3.7603591160221,0.2279005524861878,90.54738884504076,0.0537377879754785
20.0,3.533333333333333,1543.9493886326918,0.1829064484752507,1006.2649272108916,1.8762957843814791,3.588541152466516,3.7629578438147897,0.2280580511402903,90.54414716819691,0.0538185292280104
20.0,3.6,1543.9529792293615,0.1864970451451881,1006.2772644660612,1.8775933609958508,3.5877296976882045,3.765560165975104,0.2282157676348548,90.540901007706,0.0538994716171146
20.0,3.6666666666666665,1543.9565752289077,0.1900930446909114,1006.289619017604,1.878892733564014,3.586917119789092,3.768166089965398,0.2283737024221453,90.53765035425936,0.0539806158703868
20.0,3.733333333333333,1543.960176644811,0.1936944605947701,1006.301990901824,1.8801939058171744,3.5861034164358263,3.770775623268698,0.2285318559556786,90.53439519852262,0.0540619627536216
20.0,3.8,1543.963783490608,0.1973013063914095,1006.3143801551269,1.881496881496881,3.585288585288586,3.7733887733887737,0.2286902286902287,90.53113553113552,0.0541435130107856
20.0,3.866666666666666,1543.967395779879,0.2009135956627687,1006.3267868140214,1.8828016643550625,3.584472624001057,3.776005547850208,0.2288488210818308,90.52787134271183,0.0542252673913026
20.0,3.933333333333333,1543.97101352626,0.2045313420435377,1006.3392109151176,1.88410825815406,3.5836555302204154,3.7786259541984735,0.2290076335877862,90.52460262383929,0.054307226659148
20.0,4.0,1543.9746367434338,0.2081545592172915,1006.3516524951284,1.8854166666666667,3.582837301587301,3.78125,0.2291666666666666,90.52132936507935,0.0543893915782973
20.0,4.066666666666666,1543.9782654451371,0.2117832609205834,1006.3641115908686,1.8867268936761643,3.5820179357357955,3.783877692842252,0.2293259207783183,90.51805155696746,0.0544717629181832
20.0,4.133333333333333,1543.9818996451563,0.2154174609397614,1006.376588239258,1.888038942976356,3.581197430293397,3.786509040333797,0.2294853963838665,90.51476919001256,0.0545543414446001
20.0,4.2,1543.9855393573296,0.2190571731130148,1006.3890824773192,1.8893528183716075,3.5803757828810023,3.789144050104384,0.2296450939457202,90.51148225469728,0.0546371279306185
20.0,4.266666666666667,1543.9891845955472,0.2227024113306015,1006.4015943421792,1.89066852367688,3.5795529911128794,3.7917827298050137,0.2298050139275766,90.50819074147763,0.054720123160223
20.0,4.333333333333333,1543.992835373751,0.2263531895343931,1006.4141238710693,1.8919860627177705,3.5787290525966484,3.794425087108016,0.2299651567944251,90.50489464078316,0.0548033279101218
20.0,4.4,1543.9964917059351,0.2300095217185571,1006.426671101325,1.893305439330544,3.577903964933254,3.797071129707114,0.2301255230125523,90.50159394301652,0.0548867429642996
20.0,4.466666666666667,1544.0001536061463,0.2336714219297846,1006.4392360703872,1.8946266573621773,3.5770777257169435,3.799720865317516,0.2302861130495464,90.49828863855382,0.0549703691231115
20.0,4.533333333333333,1544.0038210884848,0.2373389042681992,1006.451818815804,1.895949720670391,3.576250332535248,3.8023743016759775,0.2304469273743016,90.49497871774408,0.0550542071669042
20.0,4.6,1544.007494167102,0.2410119828853112,1006.4644193752266,1.8972746331236896,3.5754217829689527,3.8050314465408808,0.230607966457023,90.49166417090946,0.0551382578996708
20.0,4.666666666666667,1544.011172856205,0.2446906719881099,1006.4770377864144,1.8986013986013988,3.5745920745920747,3.807692307692308,0.2307692307692307,90.488344988345,0.0552225221254047
20.0,4.733333333333333,1544.014857170052,0.2483749858354258,1006.4896740872329,1.899930020993702,3.573761204971842,3.81035689293212,0.2309307207837648,90.48502116031857,0.0553070006444613
20.0,4.8,1544.0185471229572,0.2520649387406593,1006.5023283156544,1.9012605042016808,3.572929171668667,3.8130252100840334,0.2310924369747899,90.48169267707082,0.0553916942717478
20.0,4.866666666666666,1544.0222427292883,0.2557605450717801,1006.5150005097588,1.9025928521373512,3.5720959722361263,3.8156972669936935,0.2312543798177996,90.47835952881503,0.0554766038167144
20.0,4.933333333333334,1544.025944003466,0.259461819249509,1006.5276907077346,1.9039270687237029,3.571261604220932,3.818373071528752,0.2314165497896213,90.475021705737,0.0555617300942685
20.0,5.0,1544.0296509599675,0.2631687757511827,1006.5403989478764,1.9052631578947368,3.570426065162907,3.8210526315789473,0.231578947368421,90.47167919799496,0.0556470739375072
20.0,5.066666666666666,1544.0333636133244,0.2668814291077979,1006.5531252685896,1.9066011235955056,3.5695893525949702,3.82373595505618,0.2317415730337078,90.46833199571964,0.0557326361558807
20.0,5.133333333333333,1544.037081978122,0.2705997939053759,1006.5658697083873,1.9079409697821503,3.568751464043101,3.826423049894589,0.2319044272663387,90.46498008901384,0.0558184175952192
20.0,5.2,1544.0408060690036,0.2743238847870088,1006.5786323058916,1.909282700421941,3.5679123970263213,3.829113924050633,0.2320675105485232,90.46162346795258,0.0559044190777058
20.0,5.266666666666667,1544.0445359006658,0.2780537164492216,1006.5914130998354,1.9106263194933144,3.567072149056667,3.831808585503167,0.2322308233638282,90.45826212258302,0.0559906414491706
20.0,5.333333333333333,1544.0482714878635,0.2817893036469741,1006.604212129061,1.9119718309859155,3.566230717639168,3.834507042253521,0.2323943661971831,90.4548960429242,0.0560770855554437
20.0,5.4,1544.0520128454064,0.2855306611897958,1006.6170294325212,1.9133192389006344,3.565388100271821,3.8372093023255816,0.2325581395348837,90.45152521896708,0.0561637522278033
20.0,5.466666666666667,1544.0557599881606,0.28927780394406,1006.62986504928,1.914668547249648,3.564544294445564,3.839915373765868,0.232722143864598,90.44814964067432,0.0562506423320883
20.0,5.533333333333333,1544.0595129310504,0.2930307468338924,1006.6427190185126,1.9160197600564568,3.563699297644251,3.842625264643613,0.2328863796753705,90.4447692979803,0.0563377567159477
20.0,5.6,1544.063271689056,0.2967895048395803,1006.6555913795048,1.917372881355932,3.5628531073446323,3.8453389830508473,0.2330508474576271,90.44138418079096,0.0564250962434016
20.0,5.666666666666667,1544.0670362772162,0.3005540929996186,1006.6684821716564,1.9187279151943464,3.562005721016322,3.8480565371024738,0.2332155477031802,90.43799427898368,0.0565126617730129
20.0,5.733333333333333,1544.070806710626,0.3043245264095731,1006.681391434478,1.92008486562942,3.561157136121776,3.850777934936351,0.2333804809052334,90.43459958240724,0.0566004541869915
20.0,5.8,1544.074583004441,0.3081008202243538,1006.6943192075948,1.921443736730361,3.5603073501162674,3.853503184713376,0.2335456475583864,90.4312000808816,0.0566884743439004
20.0,5.866666666666666,1544.0783651738718,0.3118829896552597,1006.7072655307431,1.9228045325779035,3.5594563604478613,3.856232294617564,0.2337110481586402,90.42779576419802,0.0567767231204925
20.0,5.933333333333334,1544.0821532341904,0.3156710499738437,1006.720230443774,1.924167257264352,3.5586041645573894,3.8589652728561306,0.2338766832034018,90.42438662211872,0.0568652014080726
20.0,6.0,1544.0859472007264,0.3194650165098665,1006.7332139866533,1.925531914893617,3.55775075987842,3.861702127659575,0.2340425531914893,90.4209726443769,0.0569539100870315
20.0,6.066666666666666,1544.0897470888688,0.3232649046522056,1006.7462161994604,1.9268985095812632,3.5568961438372364,3.86444286728176,0.2342086586231369,90.4175538206766,0.0570428500486741
20.0,6.133333333333333,1544.093552914066,0.3270707298495381,1006.7592371223888,1.9282670454545447,3.5560403138528134,3.8671875,0.2343749999999999,90.41413014069263,0.0571320221861242
20.0,6.2,1544.097364691827,0.3308825076101129,1006.7722767957496,1.9296375266524524,3.555183267336786,3.869936034115139,0.2345415778251599,90.41070159407046,0.0572214274070574
20.0,6.266666666666667,1544.1011824377204,0.3347002535037973,1006.7853352599684,1.9310099573257469,3.554325001693423,3.872688477951636,0.2347083926031294,90.40726817042604,0.0573110666064167
20.0,6.333333333333333,1544.105006167374,0.3385239831575291,1006.7984125555864,1.9323843416370108,3.5534655143196074,3.875444839857652,0.2348754448398576,90.40382985934588,0.0574009406936966
20.0,6.4,1544.1088358964794,0.3423537122628204,1006.811508723262,1.933760683760684,3.5526048026048023,3.878205128205128,0.235042735042735,90.40038665038664,0.0574910505929437
20.0,6.466666666666667,1544.1126716407866,0.3461894565700731,1006.8246238037704,1.935138987883108,3.551742863931033,3.8809693513898793,0.2352102637205987,90.3969385330754,0.0575813972154719
20.0,6.533333333333333,1544.116513416108,0.3500312318915348,1006.837757838004,1.936519258202568,3.5508796956728483,3.883737517831669,0.2353780313837375,90.39348549690916,0.0576719814780517
20.0,6.6,1544.120361238317,0.3538790541003891,1006.8509108669735,1.9379014989293364,3.550015295197308,3.886509635974305,0.2355460385438972,90.39002753135516,0.0577628043174627
20.0,6.666666666666667,1544.1242151233505,0.3577329391337116,1006.8640829318078,1.9392857142857147,3.5491496598639456,3.889285714285715,0.2357142857142857,90.38656462585034,0.0578538666686654
20.0,6.733333333333333,1544.128075087206,0.3615929029895142,1006.8772740737542,1.940671908506076,3.5482827870247458,3.892065761258042,0.2358827734095783,90.38309676980155,0.0579451694575254
20.0,6.8,1544.131941145945,0.365458961728109,1006.8904843341784,1.94206008583691,3.5474146740241164,3.8948497854077258,0.2360515021459227,90.37962395258532,0.0580367136353743
20.0,6.866666666666666,1544.1358133156907,0.3693311314741549,1006.9037137545678,1.943450250536865,3.546545318198861,3.897637795275591,0.2362204724409449,90.37614616354774,0.0581285001444484
20.0,6.933333333333334,1544.1396916126305,0.3732094284139293,1006.9169623765268,1.9448424068767909,3.545674716878155,3.9004297994269344,0.2363896848137535,90.37266339200436,0.0582205299378983
20.0,7.0,1544.1435760530155,0.3770938687991929,1006.9302302417829,1.9462365591397848,3.544802867383513,3.903225806451613,0.2365591397849462,90.36917562724014,0.0583128039761504
20.0,7.066666666666666,1544.1474666531606,0.3809844689440069,1006.9435173921823,1.947632711621234,3.543929767028763,3.9060258249641326,0.236728837876614,90.36568285850925,0.0584053232141741
20.0,7.133333333333333,1544.1513634294445,0.3848812452279162,1006.9568238696944,1.9490308686288589,3.543055413120022,3.908829863603733,0.2368987796123474,90.36218507503504,0.0584980886251287
20.0,7.2,1544.1552663983105,0.3887842140939028,1006.9701497164089,1.950431034482759,3.542179802955665,3.911637931034484,0.2370689655172414,90.35868226600986,0.0585911011767166
20.0,7.266666666666667,1544.159175576268,0.3926933920515694,1006.9834949745382,1.9518332135154568,3.5413029338262985,3.914450035945364,0.2372393961179008,90.355174420595,0.0586843618457351
20.0,7.333333333333333,1544.16309097989,0.3966087956735009,1006.996859686417,1.9532374100719427,3.5404248030147314,3.91726618705036,0.237410071942446,90.35166152792053,0.0587778716126194
20.0,7.399999999999999,1544.1670126258166,0.4005304416000399,1007.0102438945028,1.9546436285097195,3.539545407795948,3.920086393088553,0.2375809935205183,90.34814357708524,0.0588716314778139
20.0,7.466666666666667,1544.1709405307536,0.4044583465370124,1007.0236476413776,1.9560518731988472,3.5386647454370794,3.922910662824208,0.2377521613832853,90.34462055715656,0.0589656424144777
20.0,7.533333333333333,1544.174874711472,0.4083925272555007,1007.0370709697472,1.95746214852199,3.537782813197377,3.925739005046864,0.2379235760634463,90.34109245717032,0.0590599054248741
20.0,7.6,1544.1788151848102,0.4123330005936623,1007.0505139224404,1.958874458874459,3.53689960832818,3.928571428571429,0.2380952380952381,90.3375592661307,0.0591544215185422
20.0,7.666666666666667,1544.1827619676744,0.4162797834578668,1007.0639765424124,1.96028880866426,3.53601512807289,3.931407942238268,0.2382671480144404,90.33402097301013,0.0592491916995641
20.0,7.733333333333333,1544.186715077037,0.4202328928204224,1007.077458872742,1.961705202312139,3.535129369666942,3.934248554913296,0.2384393063583815,90.33047756674924,0.0593442169756599
20.0,7.8,1544.190674529938,0.4241923457213943,1007.0909609566356,1.963123644251627,3.5342423303377752,3.93709327548807,0.2386117136659436,90.3269290362566,0.0594394983745587
20.0,7.866666666666666,1544.194640343487,0.4281581592704242,1007.1044828374248,1.9645441389290883,3.5333540073048035,3.939942112879885,0.2387843704775687,90.32337537040866,0.0595350369130756
20.0,7.933333333333334,1544.1986125348596,0.4321303506430922,1007.1180245585682,1.9659666908037647,3.532464397779388,3.942795076031861,0.2389572773352643,90.31981655804972,0.0596308336171205
20.0,8.0,1544.2025911213027,0.4361089370861464,1007.1315861636514,1.9673913043478264,3.531573498964803,3.945652173913044,0.2391304347826087,90.3162525879917,0.0597268895326124
20.0,8.066666666666666,1544.2065761201306,0.440093935914092,1007.1451676963871,1.9688179840464104,3.5306813080562174,3.948513415518492,0.2393038433647571,90.31268344901412,0.0598232056854612
20.0,8.133333333333333,1544.2105675487276,0.444085364511011,1007.158769200617,1.970246734397678,3.5297878222406527,3.951378809869376,0.239477503628447,90.30910912986386,0.059919783130681
20.0,8.2,1544.2145654245485,0.4480832403316981,1007.1723907203104,1.971677559912854,3.5288930386969604,3.954248366013072,0.2396514161220043,90.30552961925513,0.0600166229160095
20.0,8.266666666666666,1544.2185697651164,0.4520875808998426,1007.1860322995668,1.97311046511628,3.527996954595792,3.957122093023256,0.2398255813953488,90.30194490586932,0.0601137260982795
20.0,8.333333333333334,1544.222580588028,0.4560984038114384,1007.199693982614,1.9745454545454548,3.5270995670995675,3.96,0.24,90.29835497835498,0.060211093737962
20.0,8.4,1544.2265979109482,0.4601157267316011,1007.21337581381,1.975982532751092,3.5262008733624457,3.962882096069869,0.2401746724890829,90.29475982532752,0.0603087269009847
20.0,8.466666666666667,1544.2306217516148,0.464139567398206,1007.227077837644,1.97742170429716,3.5253008705302955,3.965768390386016,0.2403495994173343,90.2911594353692,0.0604066266587324
20.0,8.533333333333333,1544.2346521278362,0.468169943619614,1007.2408000987348,1.978862973760933,3.524399555740663,3.96865889212828,0.2405247813411078,90.287553797029,0.0605047940953227
20.0,8.6,1544.2386890574942,0.4722068732776279,1007.2545426418338,1.9803063457330417,3.523496926122747,3.971553610503282,0.2407002188183807,90.28394289882254,0.0606032303003303
20.0,8.666666666666666,1544.242732558543,0.4762503743263551,1007.268305511824,1.9817518248175183,3.5225929787973587,3.9744525547445257,0.2408759124087591,90.28032672923185,0.0607019363524159
20.0,8.733333333333333,1544.246782649008,0.4803004647912985,1007.28208875372,1.983199415631848,3.5216877108769005,3.977355734112491,0.2410518626734843,90.27670527670529,0.0608009133484301
20.0,8.8,1544.250839346989,0.4843571627727669,1007.2958924126696,1.9846491228070176,3.52078111946533,3.980263157894737,0.2412280701754386,90.27307852965748,0.0609001623943186
20.0,8.866666666666667,1544.2549026706606,0.4884204864440562,1007.3097165339552,1.986100950987564,3.5198732016581324,3.983174835405999,0.2414045354791514,90.26944647646916,0.0609996845996647
20.0,8.933333333333334,1544.2589726382691,0.4924904540525858,1007.3235611629908,1.9875549048316248,3.518963954542285,3.9860907759882873,0.2415812591508052,90.265809105487,0.0610994810704141
20.0,9.0,1544.263049268137,0.4965670839201266,1007.337426345327,1.989010989010989,3.5180533751962324,3.989010989010989,0.2417582417582417,90.26216640502356,0.0611995529343403
20.0,9.066666666666666,1544.2671325786605,0.5006503944439373,1007.3513121266468,1.990469208211144,3.5171414606898472,3.991935483870968,0.2419354838709677,90.25851836335708,0.0612999013137596
20.0,9.133333333333333,1544.2712225883115,0.5047404040951733,1007.365218552771,1.991929567131328,3.516228208084408,3.994864269992664,0.2421129860601614,90.25486496873144,0.0614005273328075
20.0,9.2,1544.2753193156382,0.5088371314216147,1007.3791456696543,1.9933920704845816,3.5153136144325576,3.997797356828194,0.2422907488986784,90.25120620935598,0.0615014321374474
20.0,9.266666666666666,1544.2794227792635,0.5129405950469845,1007.393093523389,1.994856722997796,3.5143976767782794,4.000734753857458,0.242468772961058,90.2475420734054,0.0616026168754615
20.0,9.333333333333334,1544.283532997888,0.5170508136714034,1007.4070621602038,1.996323529411765,3.513480392156863,4.003676470588236,0.2426470588235294,90.2438725490196,0.0617040826855372
20.0,9.4,1544.2876499902884,0.5211678060718441,1007.4210516264638,1.9977924944812364,3.5125617575948698,4.006622516556291,0.2428256070640176,90.2401976243036,0.0618058307300088
20.0,9.466666666666669,1544.2917737753187,0.5252915911021319,1007.4350619686736,1.9992636229749632,3.511641770110105,4.009572901325479,0.2430044182621502,90.2365172873273,0.0619078621657536
20.0,9.533333333333331,1544.2959043719104,0.5294221876938536,1007.4490932334752,2.0007369196757554,3.5107204267115835,4.01252763448784,0.243183492999263,90.23283152612557,0.0620101781642006
20.0,9.6,1544.3000417990738,0.5335596148572677,1007.463145467649,2.002212389380531,3.5097977243994944,4.015486725663717,0.2433628318584071,90.22914032869784,0.062112779904055
20.0,9.666666666666666,1544.3041860758976,0.5377038916810761,1007.4772187181162,2.003690036900369,3.5088736601651727,4.018450184501845,0.2435424354243542,90.22544368300828,0.062215668560384
20.0,9.733333333333333,1544.3083372215483,0.5418550373319704,1007.4913130319364,2.005169867060561,3.5079482309910666,4.0214180206794685,0.2437223042836041,90.2217415769853,0.0623188453173497
20.0,9.8,1544.3124952552732,0.5460130710566773,1007.5054284563112,2.006651884700665,3.507021433850702,4.024390243902439,0.2439024390243902,90.2180339985218,0.0624223113754851
20.0,9.866666666666667,1544.3166601963983,0.5501780121819593,1007.519565038582,2.008136094674557,3.5060932657086505,4.027366863905326,0.2440828402366864,90.2143209354748,0.0625260679316852
20.0,9.933333333333334,1544.3208320643307,0.5543498801141595,1007.533722826232,2.0096225018504814,3.505163723520496,4.030347890451518,0.2442635085122131,90.21060237566527,0.062630116193759
20.0,10.0,1544.3250108785576,0.558528694341021,1007.5479018668856,2.011111111111111,3.504232804232804,4.033333333333333,0.2444444444444444,90.20687830687832,0.0627344573767914
20.0,10.066666666666666,1544.3291966586476,0.5627144744310044,1007.562102208312,2.012601927353596,3.503300504783084,4.036323202372127,0.2446256486286137,90.20314871686256,0.0628390926940483
20.0,10.133333333333333,1544.33338942425,0.5669072400335153,1007.576323898421,2.0140949554896146,3.50236682209976,4.039317507418398,0.244807121661721,90.19941359333052,0.0629440233751665
20.0,10.2,1544.3375891950975,0.5711070108811782,1007.5905669852674,2.0155902004454345,3.5014317531021315,4.042316258351893,0.2449888641425389,90.195672923958,0.063049250657059
20.0,10.266666666666666,1544.3417959910043,0.5753138067877899,1007.6048315170502,2.0170876671619613,3.5004952947003463,4.045319465081724,0.2451708766716196,90.19192669638436,0.0631547757730004
20.0,10.333333333333334,1544.3460098318674,0.5795276476508207,1007.619117542112,2.0185873605947955,3.4995574437953616,4.048327137546468,0.2453531598513011,90.18817489821208,0.0632605999744555
20.0,10.4,1544.3502307376675,0.5837485534509597,1007.6334251089417,2.020089285714286,3.4986181972789123,4.051339285714287,0.2455357142857143,90.1844175170068,0.063366724509251
20.0,10.466666666666669,1544.354458728469,0.5879765442521148,1007.647754266173,2.0215934475055843,3.497677552033472,4.054355919583023,0.2457185405807893,90.18065454029714,0.0634731506397656
20.0,10.533333333333331,1544.358693824419,0.5922116402027768,1007.662105062588,2.023099850968704,3.4967355049322264,4.057377049180328,0.2459016393442623,90.17688595557448,0.0635798796374729
20.0,10.6,1544.3629360457537,0.5964538615369293,1007.676477547112,2.024608501118568,3.4957920528390325,4.060402684563758,0.2460850111856823,90.17311175029296,0.0636869127629324
20.0,10.666666666666666,1544.367185412788,0.6007032285713194,1007.6908717688224,2.026119402985075,3.4948471926083875,4.063432835820897,0.2462686567164179,90.16933191186924,0.0637942513094458
20.0,10.733333333333333,1544.3714419459282,0.6049597617115978,1007.7052877769406,2.027632561613144,3.493900921085386,4.066467513069455,0.2464525765496639,90.16554642768236,0.0639018965666764
20.0,10.8,1544.3757056656634,0.6092234814468611,1007.719725620838,2.0291479820627805,3.492953235105701,4.0695067264574,0.2466367713004484,90.16175528507368,0.0640098498170118
20.0,10.866666666666667,1544.3799765925703,0.6134944083539722,1007.7341853500365,2.030665669409125,3.4920041314955306,4.072550486163052,0.2468212415856395,90.15795847134665,0.0641181123719434
20.0,10.933333333333334,1544.384254747313,0.6177725630964233,1007.7486670142052,2.0321856287425155,3.491053607071572,4.07559880239521,0.2470059880239521,90.15415597376676,0.0642266855338675
20.0,11.0,1544.3885401506416,0.6220579664250181,1007.7631706631648,2.03370786516854,3.4901016586409845,4.078651685393259,0.2471910112359551,90.15034777956129,0.0643355706270085
20.0,11.066666666666666,1544.3928328233965,0.6263506391799183,1007.777696346887,2.035232383808096,3.4891482830013567,4.081709145427287,0.247376311844078,90.14653387591918,0.0644447689719527
20.0,11.133333333333333,1544.3971327865045,0.6306506022879148,1007.7922441154936,2.0367591897974493,3.488193476940664,4.0847711927982,0.2475618904726181,90.14271424999107,0.0645542818892863
20.0,11.2,1544.4014400609817,0.6349578767651565,1007.8068140192602,2.038288288288289,3.487237237237238,4.087837837837839,0.2477477477477478,90.13888888888889,0.0646641107305185
20.0,11.266666666666666,1544.4057546679353,0.6392724837187416,1007.8214061086136,2.039819684447784,3.4862795606597263,4.090909090909092,0.2479338842975207,90.13505777968588,0.0647742568362446
20.0,11.333333333333334,1544.41007662856,0.6435944443433073,1007.8360204341344,2.041353383458647,3.4853204439670606,4.093984962406015,0.2481203007518797,90.1312209094164,0.0648847215543355
20.0,11.4,1544.4144059641428,0.6479237799262592,1007.8506570465556,2.0428893905191874,3.484359883908417,4.0970654627539504,0.2483069977426636,90.12737826507578,0.0649955062563094
20.0,11.466666666666669,1544.4187426960607,0.6522605118441334,1007.8653159967664,2.0444277108433737,3.4833978772231795,4.10015060240964,0.2484939759036145,90.1235298336202,0.0651066123064083
20.0,11.533333333333331,1544.4230868457837,0.6566046615671439,1007.879997335809,2.0459683496608894,3.4824344206409017,4.103240391861342,0.2486812358703843,90.11967560196648,0.0652180410706932
20.0,11.6,1544.4274384348705,0.6609562506537259,1007.8947011148828,2.047511312217195,3.481469510881276,4.10633484162896,0.248868778280543,90.11581555699205,0.0653297939370531
20.0,11.666666666666666,1544.4317974849753,0.6653153007587207,1007.9094273853412,2.049056603773585,3.4805031446540884,4.109433962264151,0.2490566037735849,90.11194968553458,0.0654418723061098
20.0,11.733333333333333,1544.4361640178445,0.6696818336279193,1007.9241761986964,2.050604229607252,3.479535318659187,4.112537764350454,0.2492447129909366,90.1080779743922,0.0655542775675712
20.0,11.8,1544.4405380553171,0.6740558711007907,1007.9389476066164,2.052154195011338,3.478566029586438,4.115646258503402,0.2494331065759637,90.10420041032286,0.0656670111184212
20.0,11.866666666666667,1544.444919619327,0.6784374351104816,1007.953741660928,2.053706505295008,3.477595274115698,4.118759455370651,0.2496217851739788,90.10031698004464,0.0657800743920233
20.0,11.933333333333334,1544.4493087319029,0.682826547686318,1007.9685584136148,2.0552611657834974,3.476623048916766,4.1218773656320975,0.2498107494322483,90.0964276702354,0.0658934688017325
20.0,12.0,1544.4537054151674,0.687223230950849,1007.9833979168208,2.056818181818182,3.4756493506493515,4.125000000000001,0.25,90.09253246753246,0.0660071957736363
20.0,12.066666666666666,1544.4581096913394,0.6916275071228029,1007.99826022285,2.058377558756634,3.4746741759630315,4.128127369219106,0.2501895375284306,90.0886313585328,0.0661212567520124
20.0,12.133333333333333,1544.4625215827343,0.6960393985177689,1008.0131453841656,2.059939301972686,3.4736975214972183,4.131259484066768,0.2503793626707132,90.0847243297926,0.0662356531775003
20.0,12.2,1544.4669411117632,0.700458927546606,1008.028053453392,2.061503416856492,3.4727193838811155,4.134396355353076,0.2505694760820046,90.08081136782732,0.0663503865089296
20.0,12.266666666666666,1544.4713683009354,0.7048861167188534,1008.0429844833149,2.06306990881459,3.4717397597336817,4.137537993920973,0.2507598784194529,90.0768924591113,0.0664654582033108
20.0,12.333333333333334,1544.475803172857,0.7093209886404566,1008.057938526882,2.064638783269962,3.470758645663589,4.140684410646388,0.2509505703422053,90.07296759007788,0.0665808697340253
20.0,12.4,1544.4802457502335,0.7137635660169508,1008.0729156372056,2.0662100456621006,3.4697760382691887,4.1438356164383565,0.2511415525114155,90.06903674711894,0.0666966225817304
20.0,12.466666666666669,1544.484696055868,0.7182138716514146,1008.0879158675588,2.067783701447068,3.4687919341384683,4.146991622239147,0.2513328255902513,90.06509991658505,0.0668127182307216
20.0,12.533333333333331,1544.4891541126642,0.722671928447653,1008.10293927138,2.0693597560975614,3.467806329849013,4.150152439024391,0.2515243902439025,90.06115708478514,0.0669291581816651
20.0,12.6,1544.4936199436256,0.7271377594090609,1008.117985902272,2.070938215102975,3.466819221967964,4.153318077803204,0.2517162471395881,90.05720823798627,0.0670459439279511
20.0,12.666666666666666,1544.4980935718547,0.7316113876381678,1008.1330558140022,2.072519083969466,3.4658306070519806,4.156488549618321,0.2519083969465649,90.05325336241367,0.0671630769866169
20.0,12.733333333333333,1544.502575020557,0.7360928363405037,1008.1481490605048,2.074102368220016,3.464840481647204,4.159663865546219,0.2521008403361344,90.04929244425043,0.0672805588856135
20.0,12.8,1544.507064313039,0.7405821288227799,1008.1632656958808,2.075688073394496,3.463848842289209,4.162844036697249,0.2522935779816514,90.0453254696374,0.0673983911474351
20.0,12.866666666666667,1544.51156147271,0.7450792884935709,1008.1784057743964,2.077276205049732,3.4628556855029697,4.1660290742157615,0.252486610558531,90.04135242467301,0.0675165753073088
20.0,12.933333333333334,1544.5160665230803,0.7495843388637695,1008.1935693504882,2.078866768759571,3.4618610078028147,4.169218989280245,0.2526799387442572,90.03737329541312,0.0676351129186514
20.0,13.0,1544.520579487766,0.7540973035493153,1008.20875647876,2.0804597701149423,3.460864805692392,4.172413793103448,0.2528735632183908,90.03338806787082,0.0677540055348799
20.0,13.066666666666666,1544.525100390485,0.7586182062684657,1008.2239672139846,2.082055214723926,3.459867075664622,4.175613496932516,0.2530674846625767,90.02939672801637,0.0678732547166873
20.0,13.133333333333333,1544.5296292550615,0.7631470708449797,1008.239201611104,2.083653108211819,3.45886781420166,4.178818112049118,0.2532617037605525,90.02539926177685,0.0679928620447753
20.0,13.2,1544.5341661054244,0.7676839212078903,1008.2544597252324,2.0852534562211984,3.457867017774852,4.182027649769585,0.2534562211981567,90.0213956550362,0.0681128290925698
20.0,13.266666666666666,1544.5387109656072,0.772228781390595,1008.2697416116532,2.0868562644119906,3.456864682844698,4.185242121445042,0.2536510376633359,90.01738589363494,0.0682331574553245
20.0,13.333333333333334,1544.5432638597515,0.776781675535176,1008.2850473258234,2.0884615384615386,3.455860805860806,4.188461538461539,0.2538461538461539,90.01336996336997,0.068353848739207
20.0,13.4,1544.547824812106,0.781342627889444,1008.3003769233704,2.0900692840646653,3.45485538326185,4.191685912240185,0.2540415704387991,90.00934784999451,0.068474904544928
20.0,13.466666666666669,1544.5523938470244,0.7859116628078482,1008.3157304600962,2.0916795069337444,3.45384841147553,4.194915254237288,0.2542372881355932,90.00531953921784,0.0685963264986639
20.0,13.533333333333331,1544.5569709889724,0.7904888047557961,1008.331107991976,2.0932922127987665,3.4528398869185297,4.198149575944488,0.2544333076329992,90.00128501670521,0.0687181162193155
20.0,13.6,1544.5615562625203,0.7950740783037418,1008.34650957516,2.0949074074074074,3.451829805996473,4.201388888888889,0.2546296296296296,89.99724426807761,0.0688402753476111
20.0,13.666666666666666,1544.5661496923522,0.7996675081355988,1008.361935265972,2.096525096525097,3.45081816510388,4.204633204633205,0.2548262548262548,89.99319727891157,0.0689628055406501
20.0,13.733333333333333,1544.5707513032592,0.8042691190426012,1008.3773851209136,2.098145285935085,3.449804960624126,4.207882534775889,0.2550231839258114,89.98914403473908,0.0690857084373419
20.0,13.8,1544.5753611201435,0.8088789359271686,1008.392859196662,2.099767981438515,3.4487901889294,4.211136890951276,0.2552204176334107,89.98508452104738,0.0692089857093378
20.0,13.866666666666667,1544.5799791680204,0.813496983803816,1008.4083575500708,2.101393188854489,3.4477738463806578,4.214396284829721,0.2554179566563467,89.9810187232788,0.069332639039203
20.0,13.933333333333334,1544.5846054720157,0.8181232877991533,1008.4238802381728,2.1030209140201395,3.44675592932758,4.217660728117738,0.2556158017041053,89.97694662683044,0.0694566701113217
20.0,14.0,1544.5892400573684,0.8227578731518861,1008.4394273181784,2.104651162790698,3.445736434108527,4.22093023255814,0.2558139534883721,89.97286821705426,0.069581080604621
20.0,14.066666666666666,1544.5938829494296,0.8274007652130422,1008.4549988474778,2.1062839410395653,3.4447153570505,4.224204809930178,0.2560124127230411,89.96878347925671,0.0697058722344081
20.0,14.133333333333333,1544.5985341736664,0.8320519894498375,1008.470594883641,2.1079192546583854,3.4436926944690924,4.22748447204969,0.2562111801242236,89.96469239869862,0.0698310467232659
20.0,14.2,1544.6031937556593,0.83671157144272,1008.4862154844188,2.1095571095571097,3.442668442668443,4.230769230769231,0.2564102564102564,89.96059496059496,0.0699566057792253
20.0,14.266666666666666,1544.6078617211035,0.8413795368869614,1008.5018607077434,2.1111975116640744,3.441642597941198,4.234059097978227,0.2566096423017107,89.95649115011479,0.0700825511412404
20.0,14.333333333333334,1544.6125380958115,0.8460559115949309,1008.5175306117284,2.11284046692607,3.440615156568464,4.237354085603113,0.2568093385214008,89.95238095238095,0.0702088845628168
20.0,14.4,1544.617222905712,0.8507407214954128,1008.533225254671,2.114485981308411,3.43958611481976,4.240654205607477,0.2570093457943925,89.94826435246996,0.0703356077865464
20.0,14.466666666666669,1544.6219161768497,0.8554339926331522,1008.548944695052,2.116134060795012,3.4385554689529747,4.243959469992206,0.2572096648480125,89.9441413354118,0.070462722578668
20.0,14.533333333333331,1544.626617935389,0.8601357511724927,1008.5646889915369,2.117784711388456,3.4375232152143225,4.247269890795632,0.2574102964118565,89.94001188618974,0.0705902307199721
20.0,14.6,1544.6313282076123,0.8648460233957849,1008.5804582029738,2.1194379391100706,3.436489349838296,4.250585480093677,0.2576112412177986,89.93587598974015,0.0707181339894305
20.0,14.666666666666666,1544.636047019921,0.8695648357045229,1008.5962523883992,2.12109375,3.435453869047618,4.25390625,0.2578125,89.9317336309524,0.0708464341823855
20.0,14.733333333333333,1544.6407743988368,0.8742922146202545,1008.6120716070347,2.1227521501172792,3.4344167690532035,4.257232212666145,0.2580140734949179,89.92758479466845,0.0709751331069128
20.0,14.8,1544.645510371002,0.8790281867854901,1008.62791591829,2.124413145539906,3.433378046054102,4.26056338028169,0.2582159624413145,89.92342946568299,0.0711042325765447
20.0,14.866666666666667,1544.6502549631805,0.8837727789639303,1008.6437853817616,2.126076742364918,3.432337696237461,4.2638997650743935,0.2584181675802662,89.91926762874296,0.0712337344248226
20.0,14.933333333333334,1544.6550082022588,0.8885260180422847,1008.6596800572348,2.1277429467084645,3.4312957157784747,4.267241379310346,0.2586206896551725,89.91509926854755,0.0713636404834687
20.0,15.0,1544.659770115245,0.8932879310284534,1008.6756000046856,2.129411764705883,3.4302521008403364,4.270588235294119,0.2588235294117647,89.9109243697479,0.0714939525987574
20.0,15.066666666666666,1544.6645407292722,0.8980585450556191,1008.6915452842792,2.131083202511774,3.429206847574194,4.273940345368916,0.2590266875981161,89.906742916947,0.0716246726406097
20.0,15.133333333333333,1544.669320071597,0.9028378873804286,1008.7075159563716,2.1327572663000787,3.4281599521191035,4.2772977219167325,0.2592301649646504,89.90255489469942,0.0717558024662139
20.0,15.2,1544.674108169601,0.9076259853843568,1008.7235120815096,2.1344339622641515,3.427111410601977,4.280660377358491,0.259433962264151,89.89836028751124,0.0718873439600429
20.0,15.266666666666666,1544.6789050507916,0.9124228665750708,1008.739533720435,2.1361132966168377,3.4260612191375373,4.28402832415421,0.2596380802517703,89.89415907983964,0.0720192990193027
20.0,15.333333333333334,1544.6837107428032,0.9172285585866576,1008.7555809340809,2.1377952755905514,3.425009373828272,4.28740157480315,0.2598425196850394,89.88995125609298,0.0721516695430182
20.0,15.4,1544.688525273397,0.9220430891807608,1008.771653783574,2.1394799054373523,3.4239558707643813,4.290780141843972,0.2600472813238771,89.88573680063041,0.0722844574465852
20.0,15.466666666666669,1544.693348670463,0.9268664862461264,1008.7877523302376,2.1411671924290223,3.422900706023735,4.29416403785489,0.2602523659305994,89.88151569776177,0.0724176646526757
20.0,15.533333333333331,1544.6981809620177,0.9316987778011026,1008.8038766355888,2.1428571428571432,3.421843875671816,4.297553275453828,0.260457774269929,89.87728793174729,0.0725512931021512
20.0,15.6,1544.7030221762095,0.936539991993186,1008.8200267613416,2.144549763033176,3.4207853757616795,4.300947867298579,0.2606635071090047,89.87305348679756,0.0726853447467874
20.0,15.666666666666666,1544.7078723413172,0.9413901571006136,1008.8362027694076,2.1462450592885376,3.4197252023338978,4.304347826086957,0.2608695652173913,89.86881234707322,0.0728198215383599
20.0,15.733333333333333,1544.7127314857482,0.9462493015316796,1008.8524047218948,2.147943037974684,3.4186633514165163,4.307753164556963,0.2610759493670886,89.86456449668475,0.0729547254522913
20.0,15.8,1544.717599638044,0.9511174538274644,1008.8686326811128,2.149643705463183,3.4175998190249977,4.311163895486937,0.2612826603325416,89.86030991969234,0.0730900584730989
20.0,15.866666666666667,1544.722476826878,0.9559946426613806,1008.8848867095668,2.1513470681458005,3.416534601162177,4.314580031695722,0.2614896988906497,89.85604860010565,0.0732258225962141
20.0,15.933333333333334,1544.7273630810569,0.9608808968403082,1008.9011668699644,2.153053132434576,3.415467693818209,4.318001586042823,0.2616970658207772,89.85178052188361,0.0733620198279823
20.0,16.0,1544.7322584295216,0.9657762453050508,1008.9174732252146,2.154761904761905,3.414399092970522,4.321428571428572,0.261904761904762,89.84750566893425,0.0734986521838436
20.0,16.066666666666666,1544.737162901348,0.9706807171314722,1008.9338058384272,2.15647339158062,3.413328794583759,4.324861000794281,0.2621127879269261,89.84322402511441,0.0736357216974283
20.0,16.133333333333333,1544.742076525748,0.975594341531405,1008.9501647729152,2.1581875993640702,3.4122567946097364,4.328298887122417,0.2623211446740858,89.8389355742297,0.0737732304078235
20.0,16.2,1544.7469993320692,0.9805171478526518,1008.9665500921952,2.159904534606205,3.411183088987385,4.3317422434367545,0.2625298329355608,89.83464030003408,0.0739111803814012
20.0,16.266666666666666,1544.7519313497987,0.9854491655821676,1008.9829618599886,2.161624203821656,3.410107673642706,4.335191082802549,0.2627388535031847,89.83033818622991,0.0740495736772572
20.0,16.333333333333332,1544.7568726085594,0.9903904243428768,1008.99940014022,2.163346613545817,3.4090305444887123,4.338645418326694,0.2629482071713148,89.82602921646746,0.0741884123708587
20.0,16.4,1544.761823138115,0.9953409538984488,1009.015864997022,2.1650717703349285,3.407951697425382,4.342105263157895,0.2631578947368421,89.82171337434495,0.0743276985631382
20.0,16.466666666666665,1544.7667829683678,1.00030078415125,1009.032356494732,2.1667996807661614,3.406871128339604,4.345570630486832,0.2633679169992019,89.81739064340819,0.0744674343513907
20.0,16.53333333333333,1544.771752129362,1.0052699451453009,1009.048874697898,2.1685303514377,3.405788833105128,4.349041533546327,0.2635782747603834,89.81306100715048,0.0746076218674716
20.0,16.6,1544.7767306512835,1.0102484670669585,1009.0654196712736,2.170263788968825,3.404704807582506,4.352517985611511,0.2637889688249401,89.80872444901222,0.0747482632232277
20.0,16.666666666666668,1544.7817185644583,1.0152363802417312,1009.0819914798228,2.172,3.403619047619048,4.356,0.264,89.80438095238094,0.0748893605632474
20.0,16.733333333333334,1544.7867158993586,1.0202337151420124,1009.0985901887198,2.1737389911929546,3.402531549048762,4.3594875900720576,0.2642113690952762,89.80003050059095,0.0750309160594042
20.0,16.8,1544.7917226865995,1.0252405023829851,1009.1152158633496,2.1754807692307696,3.4014423076923084,4.36298076923077,0.264423076923077,89.79567307692308,0.0751729318635625
20.0,16.866666666666667,1544.7967389569403,1.0302567727239875,1009.1318685693094,2.177225340817963,3.400351319356933,4.366479550922214,0.264635124298316,89.79130866460459,0.0753154101657855
20.0,16.933333333333334,1544.8017647412885,1.035282557071696,1009.1485483724084,2.178972712680578,3.3992585798364297,4.369983948635634,0.2648475120385233,89.78693724680883,0.0754583531652315
20.0,17.0,1544.8068000706958,1.0403178864792153,1009.16525533867,2.180722891566265,3.398164084911073,4.373493975903615,0.2650602409638554,89.78255880665519,0.0756017630574206
20.0,17.066666666666666,1544.8118449763626,1.0453627921460793,1009.181989534332,2.182475884244373,3.3970678303475736,4.377009646302251,0.2652733118971061,89.7781733272087,0.0757456420706148
20.0,17.133333333333333,1544.816899489639,1.0504173054221155,1009.1987510258472,2.184231697506034,3.395969811899016,4.380530973451328,0.2654867256637168,89.77378079147991,0.0758899924458091
20.0,17.2,1544.821963642022,1.0554814578053993,1009.2155398798844,2.185990338164251,3.3948700253048085,4.384057971014493,0.2657004830917874,89.76938118242465,0.0760348164203605
20.0,17.266666666666666,1544.8270374651613,1.0605552809447545,1009.2323561633305,2.1877518130539886,3.393768466290626,4.387590652699436,0.265914585012087,89.76497448294386,0.0761801162607298
20.0,17.333333333333332,1544.8321209908568,1.0656388066402087,1009.2491999432888,2.1895161290322585,3.392665130568357,4.391129032258065,0.2661290322580645,89.76056067588327,0.0763258942515676
20.0,17.4,1544.8372142510616,1.0707320668450393,1009.2660712870828,2.191283292978208,3.391560013836044,4.394673123486683,0.2663438256658595,89.7561397440332,0.0764721526738867
20.0,17.466666666666665,1544.84231727788,1.0758350936634995,1009.282970262255,2.1930533117932147,3.3904531117778296,4.398222940226171,0.2665589660743134,89.75171167012847,0.0766188938287086
20.0,17.53333333333333,1544.847430103572,1.080947919355367,1009.2998969365684,2.19482619240097,3.3893444200639027,4.401778496362167,0.2667744543249797,89.74727643684797,0.0767661200370639
20.0,17.6,1544.8525527605516,1.0860705763350325,1009.3168513780092,2.196601941747573,3.388233934350439,4.405339805825244,0.2669902912621359,89.74283402681462,0.0769138336308969
20.0,17.666666666666668,1544.8576852813894,1.0912030971728657,1009.3338336547826,2.19838056680162,3.387121650279545,4.4089068825910935,0.2672064777327935,89.73838442259495,0.0770620369585231
20.0,17.733333333333334,1544.862827698813,1.0963455145961234,1009.3508438353208,2.200162074554295,3.3860075634792004,4.4124797406807135,0.2674230145867099,89.73392760669907,0.0772107323828095
20.0,17.8,1544.867980045707,1.101497861490543,1009.367881988278,2.201946472019465,3.3848916695632023,4.416058394160584,0.267639902676399,89.72946356158035,0.0773599222720804
20.0,17.866666666666667,1544.8731423551155,1.1066601708989765,1009.3849481825346,2.203733766233767,3.3837739641311075,4.4196428571428585,0.2678571428571429,89.72499226963514,0.0775096090146689
20.0,17.933333333333334,1544.8783146602425,1.1118324760259384,1009.4020424871956,2.205523964256702,3.3826544427681715,4.4232331437855406,0.2680747359870024,89.72051371320259,0.077659795020736
20.0,18.0,1544.8834969944517,1.117014810235105,1009.4191649715956,2.207317073170732,3.3815331010452963,4.426829268292683,0.2682926829268293,89.71602787456446,0.0778104827040806
20.0,18.066666666666663,1544.8886893912695,1.1222072070531794,1009.4363157052954,2.209113100081367,3.380409934518966,4.430431244914565,0.2685109845402766,89.71153473594482,0.0779616745076055
20.0,18.133333333333333,1544.893891884386,1.1274097001694372,1009.453494758084,2.210912052117264,3.3792849387311925,4.434039087947883,0.2687296416938111,89.70703427950986,0.0781133728705754
20.0,18.2,1544.8991045076525,1.1326223234357258,1009.4707021999824,2.212713936430318,3.378158109209454,4.4376528117359415,0.2689486552567237,89.70252648736756,0.078265580252264
20.0,18.266666666666666,1544.9043272950864,1.1378451108698755,1009.4879381012408,2.2145187601957583,3.3770294414666355,4.441272430668842,0.2691680261011419,89.69801134156762,0.0784182991410489
20.0,18.33333333333333,1544.9095602808711,1.1430780966545626,1009.5052025323416,2.216326530612245,3.375898931000972,4.444897959183673,0.2693877551020408,89.69348882410105,0.0785715320325834
20.0,18.4,1544.9148034993575,1.1483213151409473,1009.5224955639997,2.2181372549019613,3.374766573295985,4.448529411764707,0.2696078431372549,89.68895891690009,0.0787252814316161
20.0,18.466666666666665,1544.920056985062,1.1535748008454902,1009.5398172671642,2.2199509403107114,3.373632363820426,4.452166802943581,0.2698282910874898,89.68442160183778,0.0788795498629042
20.0,18.53333333333333,1544.9253207726724,1.1588385884558647,1009.557167713018,2.2217675941080195,3.3724962980282127,4.455810147299509,0.2700490998363338,89.67987686072793,0.0790343398712138
20.0,18.6,1544.9305948970448,1.1641127128282278,1009.5745469729804,2.223587223587224,3.3713583713583715,4.459459459459459,0.2702702702702702,89.67532467532467,0.0791896540049492
20.0,18.666666666666668,1544.9358793932065,1.1693972089897215,1009.5919551187068,2.225409836065574,3.3702185792349733,4.463114754098362,0.2704918032786886,89.6707650273224,0.0793454948416183
20.0,18.73333333333333,1544.9411742963568,1.174692112140292,1009.6093922220902,2.2272354388843314,3.3690769170670727,4.4667760459392944,0.2707136997538966,89.6661978983554,0.0795018649751
20.0,18.8,1544.9464796418697,1.1799974576529166,1009.626858355262,2.2290640394088674,3.3679333802486515,4.470443349753695,0.270935960591133,89.66162326999765,0.0796587669992732
20.0,18.866666666666667,1544.9517954652902,1.1853132810736042,1009.6443535905936,2.230895645028759,3.366787964158548,4.474116680361544,0.2711585866885784,89.65704112376257,0.0798162035353016
20.0,18.933333333333334,1544.957121802341,1.1906396181243508,1009.661878000696,2.232730263157895,3.3656406641604013,4.47779605263158,0.2713815789473685,89.65245144110277,0.0799741772298148
20.0,19.0,1544.9624586889208,1.1959765047042763,1009.6794316584236,2.234567901234568,3.3644914756025868,4.481481481481482,0.2716049382716049,89.64785420340976,0.0801326907330803
20.0,19.066666666666663,1544.9678061611053,1.201323976888716,1009.6970146368708,2.236408566721582,3.3633403938181536,4.485172981878089,0.271828665568369,89.6432493920138,0.0802917467062798
20.0,19.133333333333333,1544.9731642551485,1.20668207093172,1009.714627009378,2.238252267106348,3.3621874141247594,4.4888705688375925,0.2720527617477328,89.63863698818356,0.0804513478396984
20.0,19.2,1544.978533007484,1.2120508232674183,1009.7322688495274,2.2400990099009905,3.361032531824612,4.492574257425743,0.2722772277227723,89.6340169731259,0.0806114968490874
20.0,19.266666666666666,1544.9839124547282,1.2174302705116131,1009.7499402311494,2.2419488026424443,3.3598757422043963,4.496284062758051,0.2725020644095788,89.62938932798554,0.080772196439284
20.0,19.33333333333333,1544.9893026336758,1.2228204494592774,1009.76764122832,2.243801652892562,3.358717040535223,4.500000000000001,0.2727272727272727,89.62475403384494,0.0809334493496862
20.0,19.4,1544.9947035813082,1.2282213970916018,1009.7853719153622,2.245657568238213,3.357556422072552,4.503722084367245,0.2729528535980148,89.62011107172397,0.081095258343339
20.0,19.466666666666665,1545.0001153347882,1.233633150571677,1009.8031323668484,2.2475165562913912,3.356393882056134,4.5074503311258285,0.2731788079470199,89.61546042257963,0.0812576261796493
20.0,19.53333333333333,1545.0055379314654,1.2390557472488126,1009.8209226576,2.2493786246893124,3.355229415709946,4.511184755592378,0.2734051367025683,89.6108020673058,0.0814186742045421
20.0,19.6,1545.0109711580155,1.2444889737989795,1009.8387428627252,2.2512437810945274,3.3540630182421225,4.514925373134329,0.2736318407960199,89.606135986733,0.081575089629041
20.0,19.666666666666668,1545.0164146100824,1.2499324258658362,1009.8565930640772,2.2531120331950207,3.3528946848448924,4.518672199170124,0.2738589211618257,89.60146216162813,0.0817286250621691
20.0,19.73333333333333,1545.0218683080238,1.255386123807284,1009.8744733421188,2.25498338870432,3.3517244106945108,4.522425249169436,0.2740863787375416,89.5967805726942,0.0818825245387415
20.0,19.8,1545.0273322800208,1.260850095804244,1009.8923837727364,2.2568578553615963,3.350552190951193,4.526184538653367,0.2743142144638404,89.59209120057,0.0820368474633141
20.0,19.866666666666667,1545.0328065543522,1.266324370135635,1009.9103244320708,2.2587354409317806,3.3493780207590524,4.529950083194676,0.2745424292845258,89.58739402582997,0.0821915953238203
20.0,19.933333333333334,1545.0382911593974,1.2718089751808748,1009.9282953965192,2.260616153205662,3.348201895246025,4.533721898417985,0.2747710241465446,89.58268902898376,0.0823467696318402
20.0,20.0,1545.043786123637,1.2773039394201078,1009.9462967427362,2.2625000000000006,3.3470238095238103,4.5375000000000005,0.275,89.57797619047619,0.0825021575437858
30.0,0.0,1543.7664821842166,0.0,1005.6348872124258,1.81,3.63,3.63,0.22,90.71,0.1815424474098108
30.0,0.0666666666666666,1543.7785935431991,0.0121113589825654,1005.644657125546,1.8112074716477653,3.63026964212701,3.632421614409607,0.2201467645096731,90.70595450730596,0.1817983220662427
30.0,0.1333333333333333,1543.7907219604922,0.0242397762756354,1005.6544403405014,1.8124165554072096,3.6305396442568574,3.634846461949266,0.2202937249666221,90.70190361342004,0.1820544770034757
30.0,0.2,1543.802867473466,0.0363852892494378,1005.6642368842412,1.8136272545090184,3.630810007110997,3.637274549098197,0.220440881763527,90.69784730751826,0.1823111933554173
30.0,0.2666666666666666,1543.815030119606,0.0485479353894788,1005.6740467837856,1.8148395721925137,3.6310807314128,3.6397058823529416,0.2205882352941176,90.69378557874762,0.1825684728883061
30.0,0.3333333333333333,1543.8272099365176,0.0607277523010907,1005.6838700662285,1.8160535117056853,3.631351817887583,3.642140468227425,0.2207357859531772,90.68971841622611,0.1828263173956656
30.0,0.4,1543.839406961925,0.072924777708522,1005.6937067587352,1.817269076305221,3.6316232672626,3.644578313253012,0.2208835341365461,90.6856458090426,0.1830847286455537
30.0,0.4666666666666667,1543.8516212336708,0.0851390494542556,1005.7035568885466,1.8184862692565305,3.6318950802670527,3.647019423978567,0.2210314802411252,90.68156774625672,0.1833437084387696
30.0,0.5333333333333333,1543.863852789717,0.0973706055003731,1005.7134204829758,1.81970509383378,3.6321672576321022,3.649463806970509,0.2211796246648793,90.67748421689872,0.1836032585615612
30.0,0.6,1543.8761016681456,0.1096194839290092,1005.7232975694086,1.82092555331992,3.632439800090868,3.6519114688128775,0.221327967806841,90.6733952099695,0.1838633808183658
30.0,0.6666666666666666,1543.8883679071594,0.1218857229428067,1005.7331881753069,1.822147651006712,3.632712708378437,3.654362416107383,0.2214765100671141,90.66930071444035,0.1841240770281729
30.0,0.7333333333333333,1543.9006515450826,0.1341693608660534,1005.7430923282049,1.8233713901947617,3.632985983231873,3.656816655473472,0.2216252518468771,90.665200719253,0.1843853490063338
30.0,0.8,1543.9129526203606,0.1464704361439999,1005.7530100557116,1.8245967741935485,3.6332596253902185,3.659274193548388,0.2217741935483871,90.66109521331948,0.1846471985900279
30.0,0.8666666666666667,1543.9252711715612,0.1587889873446784,1005.762941385512,1.8258238063214527,3.633533635594507,3.661735036987223,0.2219233355749832,90.65698418552182,0.1849096276055206
30.0,0.9333333333333332,1543.9376072373746,0.1711250531579935,1005.7728863453646,1.827052489905788,3.633808014587765,3.664199192462988,0.2220726783310901,90.65286762471236,0.1851726378881721
30.0,1.0,1543.949960856613,0.1834786723964043,1005.782844963104,1.8282828282828285,3.6340827631150208,3.6666666666666665,0.2222222222222222,90.64874551971324,0.1854362312988087
30.0,1.0666666666666669,1543.9623320682144,0.1958498839978801,1005.7928172666392,1.829514824797844,3.6343578819233113,3.669137466307278,0.2223719676549865,90.64461785931658,0.1857004097037133
30.0,1.1333333333333333,1543.97472091124,0.2082387270233994,1005.8028032839568,1.8307484828051248,3.6346333717616863,3.671611598111936,0.222521915037087,90.64048463228416,0.1859651749564363
30.0,1.2,1543.987127424875,0.2206452406587686,1005.8128030431172,1.831983805668016,3.63490923338122,3.674089068825911,0.2226720647773279,90.63634582734753,0.1862305289323558
30.0,1.2666666666666666,1543.999551648431,0.2330694642143953,1005.8228165722584,1.833220796758947,3.635185467535013,3.676569885212694,0.2228224172856178,90.63220143320773,0.1864964735177636
30.0,1.3333333333333333,1544.0119936213443,0.2455114371277886,1005.8328438995944,1.83445945945946,3.635462074978204,3.6790540540540544,0.222972972972973,90.62805143853532,0.1867630106062279
30.0,1.4,1544.0244533831783,0.2579711989619682,1005.8428850534158,1.835699797160244,3.6357390564679712,3.6815415821501016,0.2231237322515213,90.62389583197016,0.1870301420913165
30.0,1.4666666666666666,1544.0369309736232,0.2704487894066005,1005.8529400620904,1.836941813261164,3.636016412763543,3.6840324763193504,0.2232746955345061,90.61973460212144,0.1872978698793304
30.0,1.5333333333333332,1544.0494264324957,0.2829442482791364,1005.8630089540638,1.8381855111712933,3.636294144626204,3.686526743398782,0.2234258632362898,90.61556773756745,0.1875661958856653
30.0,1.6,1544.0619397997414,0.2954576155248105,1005.8730917578582,1.8394308943089432,3.636572252819304,3.689024390243903,0.2235772357723577,90.61139522685548,0.1878351220348122
30.0,1.6666666666666667,1544.0744711154337,0.3079889312170962,1005.8831885020744,1.840677966101695,3.636850738108256,3.6915254237288138,0.223728813559322,90.60721705850192,0.1881046502585377
30.0,1.7333333333333334,1544.087020419776,0.3205382355592974,1005.89329921539,1.841926729986432,3.637129601260559,3.694029850746269,0.2238805970149253,90.60303322099182,0.1883747824904276
30.0,1.8,1544.099587753099,0.3331055688825017,1005.9034239265624,1.8431771894093685,3.637408843045792,3.696537678207739,0.2240325865580448,90.59884370277904,0.1886455206840764
30.0,1.8666666666666667,1544.112173155867,0.345690971650356,1005.9135626644272,1.8444293478260871,3.637688464235624,3.69904891304348,0.2241847826086956,90.59464849228613,0.1889168667948979
30.0,1.933333333333333,1544.1247766686718,0.3582944844552003,1005.923715457898,1.8456832087015635,3.6379684656038247,3.7015635622025833,0.2243371855880353,90.590447577904,0.1891888227801246
30.0,2.0,1544.1373983322376,0.3709161480210241,1005.9338823359684,1.846938775510204,3.638248847926268,3.704081632653062,0.2244897959183673,90.58624094799212,0.1894613906260929
30.0,2.0666666666666664,1544.1500381874218,0.3835560032052854,1005.9440633277112,1.8481960517358749,3.63852961198094,3.706603131381893,0.224642614023145,90.58202859087817,0.1897345723045873
30.0,2.1333333333333333,1544.1626962752116,0.3962140909950449,1005.954258462279,1.8494550408719348,3.638810758547948,3.709128065395096,0.2247956403269755,90.57781049485806,0.1900083697983063
30.0,2.2,1544.1753726367283,0.4088904525117414,1005.9644677689034,1.850715746421268,3.6390922884095263,3.7116564417177913,0.2249488752556237,90.5735866481958,0.1902827851190522
30.0,2.2666666666666666,1544.1880673132275,0.421585129010964,1005.9746912768976,1.8519781718963164,3.6393742023500417,3.71418826739427,0.2251023192360163,90.56935703912336,0.1905578202713513
30.0,2.333333333333333,1544.200780346098,0.4342981618813155,1005.9849290156544,1.8532423208191129,3.639656501156008,3.716723549488055,0.2252559726962457,90.56512165584056,0.1908334772670059
30.0,2.4,1544.213511776863,0.4470295926464587,1005.9951810146472,1.8545081967213115,3.639939185616076,3.719262295081968,0.2254098360655737,90.56088048651506,0.1911097581323702
30.0,2.466666666666667,1544.2262616471824,0.4597794629657983,1006.0054473034317,1.855775803144224,3.640222256521068,3.721804511278195,0.2255639097744361,90.55663351928206,0.1913866648974362
30.0,2.533333333333333,1544.2390299988494,0.4725478146328896,1006.0157279116432,1.857045143638851,3.640505714663961,3.724350205198359,0.225718194254446,90.5523807422444,0.1916641996049293
30.0,2.6,1544.2518168737963,0.4853346895799859,1006.026022869,1.858316221765914,3.640789560839902,3.726899383983573,0.2258726899383983,90.5481221434722,0.1919423643121263
30.0,2.6666666666666665,1544.264622314091,0.4981401298744004,1006.0363322053004,1.8595890410958904,3.641073795846222,3.7294520547945207,0.226027397260274,90.5438577110031,0.1922211610744852
30.0,2.7333333333333334,1544.2774463619398,0.510964177723281,1006.0466559504276,1.860863605209048,3.641358420482433,3.7320082248115134,0.2261823166552433,90.53958743284176,0.1925005919565592
30.0,2.8,1544.2902890596852,0.5238068754686083,1006.0569941343452,1.8621399176954727,3.641643435550245,3.734567901234568,0.2263374485596707,90.53531129696005,0.192780659037453
30.0,2.8666666666666667,1544.3031504498117,0.5366682655949262,1006.0673467871,1.863417982155113,3.641928841853566,3.73713109128346,0.2264927934111187,90.53102929129676,0.1930613644071854
30.0,2.933333333333333,1544.3160305749395,0.5495483907229755,1006.0777139388216,1.8646978021978025,3.642214640198511,3.7396978021978025,0.2266483516483516,90.52674140375753,0.1933427101557754
30.0,3.0,1544.3289294778322,0.5624472936156053,1006.0880956197238,1.8659793814432992,3.642500831393416,3.742268041237114,0.2268041237113402,90.52244762221484,0.1936246983987075
30.0,3.0666666666666664,1544.3418472013927,0.5753650171761819,1006.0984918601034,1.8672627235213208,3.642787416248835,3.7448418156808807,0.2269601100412655,90.5181479345077,0.1939073312387336
30.0,3.1333333333333333,1544.354783788664,0.5883016044474516,1006.1089026903398,1.8685478320715765,3.64307439557756,3.747419132828631,0.227116311080523,90.51384232844173,0.1941906108022522
30.0,3.2,1544.367739282833,0.6012570986165429,1006.1193281408994,1.8698347107438016,3.643361770194615,3.75,0.2272727272727273,90.50953079178886,0.1944745392283948
30.0,3.2666666666666666,1544.380713727228,0.6142315430113285,1006.1297682423308,1.8711233631977944,3.643649540917276,3.752584424534804,0.2274293590627153,90.5052133122874,0.1947591186508361
30.0,3.333333333333333,1544.3937071653197,0.6272249811031543,1006.1402230252664,1.872413793103448,3.643937708565072,3.7551724137931033,0.2275862068965517,90.50088987764182,0.1950443512214406
30.0,3.4,1544.4067196407238,0.6402374565072932,1006.1506925204272,1.873706004140787,3.644226273959794,3.75776397515528,0.2277432712215321,90.4965604755226,0.1953302391029865
30.0,3.466666666666667,1544.4197511972002,0.6532690129836283,1006.1611767586168,1.875,3.644515237925504,3.7603591160221,0.2279005524861878,90.49222509356622,0.1956167844691663
30.0,3.533333333333333,1544.432801878653,0.6663196944364245,1006.1716757707252,1.8762957843814791,3.64480460128854,3.7629578438147897,0.2280580511402903,90.4878837193749,0.1959039894973102
30.0,3.6,1544.4458717291332,0.679389544916603,1006.1821895877276,1.8775933609958508,3.645094364877527,3.765560165975104,0.2282157676348548,90.48353634051664,0.1961918563720246
30.0,3.6666666666666665,1544.4589607928358,0.6924786086192398,1006.1927182406864,1.878892733564014,3.6453845295233847,3.768166089965398,0.2283737024221453,90.47918294452504,0.1964803872906486
30.0,3.733333333333333,1544.4720691141054,0.7055869298887956,1006.2032617607504,1.8801939058171744,3.645675096059333,3.770775623268698,0.2285318559556786,90.47482351889911,0.1967695844759873
30.0,3.8,1544.4851967374325,0.718714553215932,1006.2138201791546,1.881496881496881,3.645966065320904,3.773388773388773,0.2286902286902286,90.4704580511032,0.1970594501344749
30.0,3.866666666666666,1544.4983437074568,0.7318615232402408,1006.2243935272212,1.8828016643550625,3.646257438145944,3.776005547850208,0.2288488210818307,90.46608652856696,0.1973499864980112
30.0,3.933333333333333,1544.5115100689654,0.7450278847488789,1006.2349818363608,1.88410825815406,3.6465492153746286,3.778625954198474,0.2290076335877863,90.46170893868506,0.1976411958003154
30.0,4.0,1544.5246958668968,0.7582136826802071,1006.2455851380704,1.885416666666667,3.646841397849464,3.78125,0.2291666666666667,90.4573252688172,0.1979330802951153
30.0,4.066666666666666,1544.5379011463383,0.7714189621217429,1006.2562034639358,1.8867268936761643,3.6471339864152976,3.783877692842252,0.2293259207783183,90.45293550628796,0.1982256422379578
30.0,4.133333333333333,1544.5511259525283,0.7846437683119802,1006.2668368456308,1.888038942976356,3.647426981919333,3.786509040333797,0.2294853963838665,90.44853963838663,0.1985188838953036
30.0,4.2,1544.5643703308576,0.7978881466410712,1006.277485314918,1.8893528183716075,3.647720385211125,3.789144050104384,0.2296450939457202,90.44413765236716,0.1988128075463464
30.0,4.266666666666667,1544.5776343268683,0.8111521426517356,1006.2881489036492,1.89066852367688,3.6480141971426,3.7917827298050137,0.2298050139275766,90.43972953544792,0.199107415484832
30.0,4.333333333333333,1544.5909179862556,0.8244358020390337,1006.2988276437648,1.89198606271777,3.648308418568056,3.7944250871080136,0.229965156794425,90.43531527481171,0.1994027099990489
30.0,4.4,1544.604221354868,0.8377391706515027,1006.3095215672956,1.893305439330544,3.648603050344176,3.797071129707114,0.2301255230125523,90.4308948576056,0.1996986933991138
30.0,4.466666666666667,1544.617544478709,0.8510622944925217,1006.3202307063608,1.8946266573621773,3.648898093330032,3.799720865317517,0.2302861130495464,90.42646827094072,0.199995368013333
30.0,4.533333333333333,1544.6308874039366,0.8644052197200836,1006.3309550931724,1.8959497206703912,3.649193548387097,3.8023743016759775,0.2304469273743017,90.42203550189224,0.2002927361627371
30.0,4.6,1544.644250176864,0.8777679926474775,1006.3416947600296,1.8972746331236896,3.649489416379252,3.8050314465408808,0.230607966457023,90.41759653749916,0.2005908001865464
30.0,4.666666666666667,1544.6576328439614,0.8911506597448806,1006.3524497393256,1.8986013986013988,3.649785698172795,3.807692307692308,0.2307692307692307,90.41315136476427,0.2008895624385331
30.0,4.733333333333333,1544.671035451856,0.9045532676393576,1006.3632200635424,1.899930020993702,3.6500823946364473,3.81035689293212,0.2309307207837648,90.40869997065396,0.2011890252761077
30.0,4.8,1544.6844580473316,0.9179758631150888,1006.374005765255,1.9012605042016808,3.650379506641366,3.8130252100840334,0.2310924369747899,90.40424234209812,0.2014891910730512
30.0,4.866666666666666,1544.6979006773322,0.9314184931156432,1006.3848068771292,1.902592852137351,3.6506770350611473,3.8156972669936926,0.2312543798177995,90.39977846599,0.2017900622049637
30.0,4.933333333333334,1544.7113633889587,0.9448812047421598,1006.3956234319234,1.903927068723703,3.650974980771841,3.818373071528753,0.2314165497896213,90.3953083291861,0.2020916410710924
30.0,5.0,1544.724846229475,0.9583640452583496,1006.406455462488,1.9052631578947368,3.651273344651953,3.821052631578948,0.231578947368421,90.39083191850594,0.2023939300797792
30.0,5.066666666666666,1544.7383492463027,0.9718670620861758,1006.4173030017668,1.9066011235955056,3.651572127582457,3.82373595505618,0.2317415730337079,90.38634922073214,0.2026969316302711
30.0,5.133333333333333,1544.7518724870258,0.9853903028092644,1006.4281660827965,1.9079409697821503,3.651871330446807,3.826423049894589,0.2319044272663387,90.38186022261011,0.2030006481600139
30.0,5.2,1544.7654159993906,0.9989338151740412,1006.4390447387066,1.909282700421941,3.6521709541309377,3.829113924050633,0.2320675105485232,90.37736491084796,0.2033050820955395
30.0,5.266666666666667,1544.7789798313054,1.0124976470888214,1006.4499390027212,1.9106263194933144,3.65247099952328,3.831808585503167,0.2322308233638282,90.3728632721164,0.2036102358906646
30.0,5.333333333333333,1544.7925640308426,1.0260818466260844,1006.460848908158,1.9119718309859155,3.652771467514766,3.834507042253521,0.2323943661971831,90.3683552930486,0.2039161120028438
30.0,5.4,1544.806168646239,1.0396864620224733,1006.4717744884292,1.9133192389006344,3.6530723589988408,3.8372093023255816,0.2325581395348837,90.36384096024008,0.2042227128913509
30.0,5.466666666666667,1544.819793725895,1.0533115416783403,1006.4827157770416,1.914668547249648,3.653373674871469,3.839915373765868,0.232722143864598,90.35932026024842,0.2045300410536583
30.0,5.533333333333333,1544.8334393183795,1.0669571341629762,1006.4936728075972,1.9160197600564568,3.653675416031143,3.8426252646436136,0.2328863796753705,90.35479317959344,0.2048380989726865
30.0,5.6,1544.8471054724246,1.080623288208017,1006.5046456137934,1.9173728813559323,3.653977583378896,3.845338983050848,0.2330508474576271,90.35025970475672,0.20514688914227
30.0,5.666666666666667,1544.8607922369315,1.0943100527151728,1006.5156342294234,1.9187279151943464,3.6542801778183054,3.8480565371024738,0.2332155477031802,90.34571982218168,0.2054564140871662
30.0,5.733333333333333,1544.8744996609696,1.108017476753048,1006.5266386883768,1.92008486562942,3.654583200255509,3.850777934936351,0.2333804809052334,90.34117351827348,0.2057666763284942
30.0,5.8,1544.8882277937755,1.1217456095589569,1006.5376590246386,1.921443736730361,3.6548866515992056,3.853503184713376,0.2335456475583864,90.33662077939866,0.2060776784055633
30.0,5.866666666666666,1544.9019766847568,1.1354945005402897,1006.5486952722918,1.922804532577904,3.655190532760669,3.856232294617564,0.2337110481586402,90.33206159188522,0.2063894228704157
30.0,5.933333333333334,1544.9157463834915,1.1492641992749668,1006.5597474655152,1.924167257264352,3.6554948446537576,3.8589652728561306,0.2338766832034018,90.32749594202237,0.2067019122769124
30.0,6.0,1544.929536939727,1.1630547555105295,1006.5708156385872,1.9255319148936167,3.655799588194921,3.861702127659575,0.2340425531914894,90.3229238160604,0.2070151491989236
30.0,6.066666666666666,1544.9433484033846,1.176866219168005,1006.5818998258808,1.926898509581264,3.6561047643032127,3.864442867281761,0.234208658623137,90.31834520021064,0.207329136219414
30.0,6.133333333333333,1544.9571808245564,1.1906986403398605,1006.5930000618706,1.9282670454545456,3.656410373900293,3.8671875,0.234375,90.31376008064515,0.2076438759340817
30.0,6.2,1544.971034253509,1.2045520692925038,1006.6041163811276,1.929637526652452,3.656716417910448,3.8699360341151374,0.2345415778251599,90.3091684434968,0.2079593709549954
30.0,6.266666666666667,1544.9849087406835,1.2184265564671932,1006.6152488183212,1.9310099573257469,3.657022897260588,3.872688477951636,0.2347083926031294,90.3045702748589,0.2082756238978618
30.0,6.333333333333333,1544.9988043366952,1.2323221524786732,1006.6263974082216,1.9323843416370103,3.657329812880266,3.875444839857651,0.2348754448398576,90.2999655607852,0.2085926373856637
30.0,6.4,1545.0127210923351,1.2462389081185847,1006.6375621856982,1.933760683760684,3.6576371657016815,3.8782051282051286,0.235042735042735,90.29535428728975,0.2089104140759445
30.0,6.466666666666667,1545.026659058572,1.2601768743554658,1006.6487431857194,1.935138987883108,3.657944956659693,3.8809693513898793,0.2352102637205987,90.29073644034672,0.209228956620791
30.0,6.533333333333333,1545.0406182865513,1.2741361023347508,1006.6599404433548,1.936519258202568,3.658253186691823,3.8837375178316695,0.2353780313837375,90.2861120058902,0.2095482676850224
30.0,6.6,1545.0545988275967,1.2881166433801354,1006.671153993774,1.9379014989293364,3.6585618567382734,3.886509635974305,0.2355460385438972,90.28148096981418,0.2098683499443723
30.0,6.666666666666667,1545.0686007332106,1.3021185489940308,1006.6823838722482,1.9392857142857145,3.658870967741936,3.889285714285714,0.2357142857142857,90.27684331797236,0.2101892060982209
30.0,6.733333333333333,1545.0826240550766,1.316141870860065,1006.6936301141496,1.940671908506076,3.659180520648389,3.8920657612580416,0.2358827734095782,90.27219903617792,0.2105108388514054
30.0,6.8,1545.0966688450574,1.330186660840809,1006.7048927549516,1.94206008583691,3.6594905164059255,3.894849785407725,0.2360515021459227,90.26754811020352,0.2108332509178581
30.0,6.866666666666666,1545.1107351551989,1.3442529709823248,1006.7161718302308,1.943450250536865,3.659800955965548,3.897637795275591,0.2362204724409449,90.26289052578106,0.2111564450315199
30.0,6.933333333333334,1545.1248230377282,1.3583408535116632,1006.727467375665,1.9448424068767909,3.660111840280987,3.9004297994269344,0.2363896848137535,90.25822626860152,0.2114804239317891
30.0,7.0,1545.1389325450566,1.3724503608400482,1006.7387794270362,1.9462365591397848,3.660423170308707,3.903225806451613,0.2365591397849462,90.25355532431496,0.2118051903744344
30.0,7.066666666666666,1545.1530637297783,1.3865815455617394,1006.7501080202286,1.947632711621234,3.6607349470079145,3.9060258249641326,0.236728837876614,90.24887767853008,0.2121307471279578
30.0,7.133333333333333,1545.1672166446735,1.400734460456988,1006.7614531912294,1.9490308686288589,3.661047171340574,3.908829863603733,0.2368987796123474,90.24419331681447,0.2124570969735941
30.0,7.2,1545.181391342708,1.414909158491355,1006.7728149761316,1.950431034482759,3.661359844271413,3.911637931034483,0.2370689655172413,90.23950222469408,0.212784242699854
30.0,7.266666666666667,1545.1955878770336,1.429105692817075,1006.784193411131,1.9518332135154568,3.661672966767932,3.914450035945363,0.2372393961179008,90.23480438765334,0.2131121871261712
30.0,7.333333333333333,1545.2098063009914,1.4433241167748747,1006.7955885325284,1.9532374100719427,3.6619865398004174,3.91726618705036,0.237410071942446,90.23009979113483,0.2134409330683411
30.0,7.399999999999999,1545.2240466681094,1.4575644838928383,1006.8070003767292,1.9546436285097195,3.6623005643419497,3.920086393088553,0.2375809935205183,90.22538842053926,0.2137704833494353
30.0,7.466666666666667,1545.2383090321048,1.4718268478882237,1006.8184289802458,1.9560518731988472,3.662615041368412,3.922910662824208,0.2377521613832853,90.22067026122524,0.2141008408289053
30.0,7.533333333333333,1545.2525934468863,1.486111262669965,1006.8298743796944,1.95746214852199,3.662929971858502,3.925739005046864,0.2379235760634463,90.2159452985092,0.2144320083571074
30.0,7.6,1545.2668999665525,1.5004177823357168,1006.8413366117984,1.958874458874459,3.663245356793744,3.928571428571429,0.2380952380952381,90.21121351766512,0.2147639888098638
30.0,7.666666666666667,1545.2812286453943,1.5147464611779924,1006.8528157133884,1.96028880866426,3.663561197158496,3.931407942238268,0.2382671480144404,90.20647490392454,0.2150967850811866
30.0,7.733333333333333,1545.2955795378966,1.529097353680072,1006.8643117214012,1.9617052023121389,3.663877493939959,3.934248554913295,0.2384393063583815,90.2017294424762,0.2154304000632692
30.0,7.8,1545.3099526987362,1.5434705145196403,1006.8758246728802,1.963123644251627,3.664194248128193,3.93709327548807,0.2386117136659436,90.19697711846617,0.2157648366683133
30.0,7.866666666666666,1545.3243481827856,1.5578659985690138,1006.8873546049774,1.9645441389290883,3.66451146071612,3.939942112879885,0.2387843704775687,90.19221791699734,0.2161000978248921
30.0,7.933333333333334,1545.3387660451128,1.5722838608962777,1006.898901554954,1.9659666908037647,3.66482913269954,3.942795076031861,0.2389572773352643,90.18745182312956,0.2164361864815873
30.0,8.0,1545.3532063409832,1.5867241567666497,1006.9104655601776,1.9673913043478264,3.6651472650771386,3.945652173913044,0.2391304347826087,90.18267882187938,0.2167731055924378
30.0,8.066666666666666,1545.3676691258586,1.6011869416420268,1006.922046658126,1.9688179840464104,3.6654658588504994,3.948513415518492,0.2393038433647571,90.17789889821984,0.2171108581169392
30.0,8.133333333333333,1545.382154455399,1.6156722711821203,1006.9336448863864,1.970246734397678,3.665784915024112,3.951378809869376,0.239477503628447,90.1731120370804,0.2174494470418722
30.0,8.2,1545.3966623854642,1.63018020124764,1006.945260282654,1.971677559912854,3.666104434605383,3.954248366013072,0.2396514161220043,90.16831822334667,0.2177888753685692
30.0,8.266666666666666,1545.4111929721146,1.6447107878980205,1006.9568928847368,1.973110465116279,3.666424418604651,3.957122093023256,0.2398255813953488,90.16351744186046,0.2181291461092769
30.0,8.333333333333334,1545.4257462716118,1.659264087395286,1006.9685427305508,1.9745454545454548,3.6667448680351904,3.96,0.24,90.15870967741937,0.2184702622798795
30.0,8.4,1545.4403223404188,1.6738401562022318,1006.9802098581248,1.975982532751092,3.6670657839132272,3.962882096069869,0.2401746724890829,90.15389491477671,0.2188122269344603
30.0,8.466666666666667,1545.454921235203,1.688439050986517,1006.9918943055976,1.97742170429716,3.6673871672579472,3.965768390386016,0.2403495994173343,90.14907313864154,0.2191550431180076
30.0,8.533333333333333,1545.4695430128345,1.7030608286179358,1007.0035961112216,1.978862973760933,3.667709019091508,3.9686588921282806,0.2405247813411079,90.14424433367816,0.2194987138973374
30.0,8.6,1545.4841877303895,1.7177055461729651,1007.015315313358,1.9803063457330417,3.668031340439049,3.971553610503282,0.2407002188183807,90.13940848450623,0.2198432423629128
30.0,8.666666666666666,1545.4988554451495,1.7323732609329454,1007.0270519504838,1.9817518248175183,3.668354132328703,3.9744525547445257,0.2408759124087591,90.13456557570048,0.2201886316088348
30.0,8.733333333333333,1545.5135462146038,1.7470640303872642,1007.0388060611868,1.983199415631848,3.668677395791607,3.977355734112491,0.2410518626734843,90.12971559179056,0.2205348847528512
30.0,8.8,1545.5282600964497,1.7617779122331283,1007.0505776841696,1.9846491228070176,3.6690011318619136,3.980263157894737,0.2412280701754386,90.1248585172609,0.2208820049145288
30.0,8.866666666666667,1545.5429971485928,1.776514964376247,1007.0623668582476,1.986100950987564,3.669325341576799,3.983174835405999,0.2414045354791514,90.11999433655048,0.2212299952407193
30.0,8.933333333333334,1545.5577574291483,1.7912752449319669,1007.0741736223512,1.9875549048316248,3.66965002597648,3.9860907759882873,0.2415812591508052,90.1151230340528,0.2215788588928262
30.0,9.0,1545.5725409964452,1.8060588122286845,1007.0859980155246,1.989010989010989,3.669975186104218,3.989010989010989,0.2417582417582417,90.11024459411556,0.2219285990468051
30.0,9.066666666666666,1545.5873479090214,1.8208657248048887,1007.097840076927,1.990469208211144,3.670300823006338,3.991935483870968,0.2419354838709677,90.10535900104055,0.2222792188731546
30.0,9.133333333333333,1545.6021782256282,1.8356960414116656,1007.1096998458344,1.991929567131328,3.6706269377322327,3.994864269992664,0.2421129860601614,90.10046623908362,0.2226307215878478
30.0,9.2,1545.617032005233,1.850549821016557,1007.1215773616372,1.9933920704845816,3.670953531334376,3.997797356828194,0.2422907488986784,90.09556629245417,0.222983110414134
30.0,9.266666666666666,1545.6319093070167,1.865427122800156,1007.1334726638426,1.994856722997796,3.6712806048683375,4.000734753857459,0.2424687729610581,90.09065914531536,0.2233363885789003
30.0,9.333333333333334,1545.6468101903763,1.8803280061599708,1007.1453857920744,1.996323529411765,3.6716081593927896,4.003676470588236,0.2426470588235294,90.08574478178367,0.223690559332681
30.0,9.4,1545.661734714928,1.895252530711332,1007.1573167860746,1.9977924944812364,3.6719361959695225,4.006622516556291,0.2428256070640176,90.08082318592894,0.2240456259441998
30.0,9.466666666666669,1545.6766829405024,1.910200756285804,1007.1692656857005,1.9992636229749632,3.672264715663452,4.009572901325479,0.2430044182621502,90.07589434177396,0.2244015916876378
30.0,9.533333333333331,1545.6916549271527,1.925172742936184,1007.1812325309296,2.0007369196757554,3.672593719542635,4.012527634487841,0.2431834929992631,90.0709582332945,0.2247584598644607
30.0,9.6,1545.706650735151,1.9401685509344588,1007.1932173618566,2.002212389380531,3.672923208678276,4.015486725663717,0.2433628318584071,90.06601484441907,0.2251162337888672
30.0,9.666666666666666,1545.721670424991,1.95518824077476,1007.205220218696,2.003690036900369,3.6732531841447447,4.018450184501845,0.2435424354243542,90.06106415902867,0.2254749167932459
30.0,9.733333333333333,1545.73671405739,1.9702318731735888,1007.2172411417816,2.0051698670605616,3.673583647019584,4.0214180206794685,0.2437223042836041,90.05610616095679,0.2258345122227183
30.0,9.8,1545.7517816932873,1.985299509070728,1007.2292801715656,2.0066518847006654,3.673914598383521,4.02439024390244,0.2439024390243902,90.051140833989,0.2261950234187679
30.0,9.866666666666667,1545.7668733938465,2.000391209629697,1007.2413373486222,2.008136094674557,3.6742460393204808,4.027366863905326,0.2440828402366864,90.04616816186295,0.226556453784724
30.0,9.933333333333334,1545.7819892204584,2.015507036241843,1007.253412713645,2.0096225018504814,3.6745779709176,4.030347890451518,0.2442635085122131,90.04118812826819,0.2269188067020877
30.0,10.0,1545.7971292347395,2.0306470505231573,1007.265506307449,2.011111111111111,3.6749103942652326,4.033333333333333,0.2444444444444444,90.03620071684587,0.2272820855832833
30.0,10.066666666666666,1545.8122934985363,2.045811314319735,1007.277618170972,2.012601927353596,3.675243310456969,4.036323202372127,0.2446256486286137,90.03120591118869,0.2276462938589247
30.0,10.133333333333333,1545.827482073921,2.0609998897043624,1007.2897483452708,2.0140949554896146,3.675576720589643,4.039317507418398,0.244807121661721,90.02620369484062,0.228011434966902
30.0,10.2,1545.8426950231983,2.0762128389819736,1007.3018968715286,2.0155902004454345,3.6759106257633447,4.042316258351893,0.2449888641425389,90.02119405129679,0.2283775123723899
30.0,10.266666666666666,1545.857932408904,2.091450224687378,1007.3140637910489,2.0170876671619618,3.676245027081437,4.045319465081724,0.2451708766716196,90.01617696400326,0.2287445295532961
30.0,10.333333333333334,1545.8731942938052,2.1067121095886705,1007.3262491452584,2.018587360594796,3.676579925650558,4.048327137546469,0.2453531598513011,90.01115241635688,0.2291124899911665
30.0,10.4,1545.8884807409029,2.121998556686321,1007.3384529757094,2.020089285714286,3.6769153225806455,4.051339285714286,0.2455357142857143,90.00612039170507,0.2294813972221163
30.0,10.466666666666669,1545.9037918134347,2.13730962921818,1007.3506753240764,2.0215934475055843,3.67725121898494,4.054355919583023,0.2457185405807893,90.00108087334567,0.2298512547549762
30.0,10.533333333333331,1545.91912757487,2.1526453906535608,1007.3629162321618,2.023099850968704,3.6775876159800007,4.057377049180328,0.2459016393442623,89.9960338445267,0.2302220661422325
30.0,10.6,1545.9344880889205,2.168005904703932,1007.3751757418888,2.0246085011185686,3.677924514685719,4.060402684563758,0.2460850111856823,89.99097928844627,0.2305938349563803
30.0,10.666666666666666,1545.9498734195308,2.183391235314275,1007.3874538953112,2.026119402985074,3.678261916225325,4.063432835820896,0.2462686567164179,89.98591718825227,0.2309665647608199
30.0,10.733333333333333,1545.9652836308885,2.1988014466719505,1007.399750734604,2.0276325616131445,3.6785998217254097,4.066467513069456,0.2464525765496639,89.98084752704233,0.2313402591680642
30.0,10.8,1545.9807187874196,2.2142366032030623,1007.4120663020734,2.0291479820627805,3.678938232315927,4.0695067264574,0.2466367713004484,89.97577028786345,0.2317149217851692
30.0,10.866666666666667,1545.996178953793,2.229696769576776,1007.4244006401494,2.030665669409125,3.679277149130215,4.072550486163052,0.2468212415856395,89.97068545371198,0.2320905562555708
30.0,10.933333333333334,1546.0116641949205,2.245182010703729,1007.4367537913909,2.032185628742515,3.6796165733050032,4.07559880239521,0.2470059880239521,89.96559300753333,0.2324671662263426
30.0,11.0,1546.027174575957,2.260692391740349,1007.449125798485,2.033707865168539,3.679956505980428,4.078651685393258,0.247191011235955,89.96049293222181,0.2328447553682053
30.0,11.066666666666666,1546.042710162303,2.2762279780861263,1007.4615167042472,2.035232383808096,3.680296948300044,4.081709145427286,0.2473763118440779,89.95538521062049,0.2332233273700694
30.0,11.133333333333333,1546.0582710196063,2.2917888353897524,1007.4739265516222,2.0367591897974493,3.680637901410836,4.0847711927982,0.2475618904726181,89.95026982552089,0.2336028859408543
30.0,11.2,1546.0738572137616,2.307375029545028,1007.4863553836828,2.038288288288289,3.680979366463238,4.087837837837839,0.2477477477477478,89.94514675966289,0.2339834348003933
30.0,11.266666666666666,1546.089468810913,2.322986626696548,1007.4988032436344,2.039819684447784,3.681321344611135,4.090909090909092,0.2479338842975207,89.94001599573448,0.2343649776976235
30.0,11.333333333333334,1546.1051058774544,2.338623693237878,1007.51127017481,2.041353383458647,3.681663837011885,4.093984962406015,0.2481203007518797,89.93487751637157,0.2347475183833012
30.0,11.4,1546.1207684800313,2.354286295814745,1007.5237562206772,2.0428893905191874,3.682006844826331,4.0970654627539504,0.2483069977426636,89.92973130415787,0.2351310606591141
30.0,11.466666666666669,1546.1364566855425,2.3699745013259417,1007.53626142483,2.0444277108433737,3.68235036921881,4.100150602409639,0.2484939759036144,89.92457734162456,0.2355156083140173
30.0,11.533333333333331,1546.15217056114,2.3856883769233264,1007.548785830999,2.0459683496608894,3.682694411357172,4.103240391861341,0.2486812358703843,89.91941561125022,0.2359011651587934
30.0,11.6,1546.1679101742302,2.4014279900136444,1007.5613294830453,2.047511312217195,3.6830389724127865,4.10633484162896,0.248868778280543,89.91424609546051,0.2362877350387862
30.0,11.666666666666666,1546.1836755924785,2.41719340826171,1007.5738924249624,2.0490566037735856,3.68338405356056,4.109433962264152,0.2490566037735849,89.90906877662813,0.236675321812072
30.0,11.733333333333333,1546.1994668838051,2.432984699588588,1007.586474700879,2.050604229607252,3.68372965597895,4.112537764350454,0.2492447129909366,89.90388363707241,0.2370639293494605
30.0,11.8,1546.215284116391,2.4488019321747743,1007.5990763550566,2.052154195011338,3.6840757808499744,4.115646258503402,0.2494331065759637,89.89869065905933,0.2374535615526838
30.0,11.866666666666667,1546.231127358679,2.464645174462476,1007.6116974318908,2.053706505295008,3.684422429359231,4.118759455370651,0.2496217851739788,89.89348982480114,0.2378442223362071
30.0,11.933333333333334,1546.2469966793694,2.4805144951528746,1007.6243379759128,2.0552611657834974,3.684769602695905,4.1218773656320975,0.2498107494322483,89.88828111645626,0.2382359156272286
30.0,12.0,1546.2628921474293,2.4964099632127272,1007.63699803179,2.0568181818181817,3.6851173020527854,4.125,0.25,89.88306451612902,0.2386286453856883
30.0,12.066666666666666,1546.2788138320875,2.512331647870951,1007.6496776443236,2.058377558756633,3.6854655286262807,4.128127369219105,0.2501895375284306,89.87784000586954,0.2390224155860778
30.0,12.133333333333333,1546.2947618028409,2.5282796186243104,1007.6623768584548,2.059939301972685,3.685814283616427,4.131259484066767,0.2503793626707132,89.8726075676734,0.239417230228355
30.0,12.2,1546.3107361294517,2.5442539452349138,1007.675095719258,2.0615034168564925,3.686163568226909,4.134396355353076,0.2505694760820046,89.86736718348152,0.2398130933124775
30.0,12.266666666666666,1546.3267368819493,2.5602546977327165,1007.6878342719476,2.06306990881459,3.6865133836650656,4.137537993920973,0.2507598784194529,89.86211883517993,0.2402100088893348
30.0,12.333333333333334,1546.3427641306366,2.5762819464200675,1007.700592561876,2.064638783269962,3.6868637311419112,4.140684410646388,0.2509505703422053,89.85686250459953,0.2406079810043593
30.0,12.4,1546.3588179460835,2.5923357618669343,1007.7133706345328,2.0662100456621006,3.6872146118721454,4.1438356164383565,0.2511415525114155,89.85159817351598,0.2410070137302682
30.0,12.466666666666669,1546.374898399134,2.608416214917497,1007.726168535548,2.067783701447068,3.6875660270741712,4.146991622239147,0.2513328255902513,89.84632582364935,0.2414071111707016
30.0,12.533333333333331,1546.3910055609065,2.6245233766896945,1007.7389863106904,2.069359756097561,3.6879179779701023,4.150152439024391,0.2515243902439024,89.84104543666405,0.2418082774383947
30.0,12.6,1546.4071395027925,2.6406573185759044,1007.7518240058708,2.0709382151029745,3.688270465785783,4.153318077803204,0.251716247139588,89.83575699416845,0.2422105166788242
30.0,12.666666666666666,1546.4233002964636,2.656818112247038,1007.764681667138,2.0725190839694663,3.6886234917508007,4.156488549618322,0.2519083969465649,89.83046047771485,0.2426138330429239
30.0,12.733333333333333,1546.4394880138648,2.6730058296482184,1007.7775593406844,2.074102368220016,3.6889770570985,4.159663865546219,0.2521008403361345,89.82515586879913,0.2430182307052746
30.0,12.8,1546.4557027272242,2.68922054300765,1007.7904570728429,2.075688073394496,3.689331163065996,4.162844036697249,0.2522935779816514,89.81984314886061,0.2434237138804746
30.0,12.866666666666667,1546.471944509049,2.705462324832524,1007.8033749100885,2.077276205049732,3.689685810894193,4.1660290742157615,0.252486610558531,89.81452229928178,0.2438302867849415
30.0,12.933333333333334,1546.488213432129,2.7217312479124303,1007.8163128990408,2.078866768759571,3.690041001827793,4.169218989280245,0.2526799387442572,89.80919330138813,0.2442379536605585
30.0,13.0,1546.5045095695373,2.73802738532072,1007.829271086462,2.0804597701149423,3.6903967371153135,4.172413793103448,0.2528735632183908,89.8038561364479,0.2446467187801317
30.0,13.066666666666666,1546.5208329946329,2.7543508104163266,1007.8422495192572,2.082055214723926,3.690753018009104,4.175613496932515,0.2530674846625766,89.79851078567187,0.2450565864237432
30.0,13.133333333333333,1546.5371837810603,2.7707015968437645,1007.8552482444774,2.083653108211819,3.691109845765356,4.178818112049118,0.2532617037605525,89.79315723021317,0.2454675608987599
30.0,13.2,1546.5535620027529,2.787079818536313,1007.868267309318,2.0852534562211984,3.691467221644121,4.182027649769585,0.2534562211981567,89.78779545116694,0.2458796465489285
30.0,13.266666666666666,1546.5699677339337,2.8034855497169247,1007.8813067611204,2.086856264411991,3.6918251469093257,4.185242121445043,0.2536510376633359,89.78242542957031,0.2462926019907172
30.0,13.333333333333334,1546.5864010163514,2.8199188321348174,1007.8943666473727,2.0884615384615386,3.692183622828785,4.188461538461539,0.2538461538461539,89.77704714640198,0.2467003332531021
30.0,13.4,1546.6028611117008,2.8363789274842475,1007.9074470200468,2.0900692840646653,3.692542650674216,4.191685912240185,0.2540415704387991,89.77166058258213,0.2471003529499285
30.0,13.466666666666669,1546.6193477300778,2.852865545861277,1007.9205479410076,2.0916795069337444,3.692902231721258,4.194915254237288,0.2542372881355932,89.76626571897211,0.247498621329214
30.0,13.533333333333331,1546.6358609278782,2.869378743661628,1007.9336694593218,2.0932922127987665,3.693262367249484,4.198149575944488,0.2544333076329992,89.76086253637426,0.2478977364207821
30.0,13.6,1546.6524007616008,2.885918577384245,1007.9468116231278,2.0949074074074074,3.693623058542413,4.201388888888888,0.2546296296296296,89.75545101553166,0.2482976999763195
30.0,13.666666666666666,1546.668967287875,2.902485103658364,1007.9599744807148,2.096525096525097,3.693984306887533,4.204633204633206,0.2548262548262548,89.75003113712792,0.2486985139566968
30.0,13.733333333333333,1546.6855605634616,2.919078379245093,1007.9731580805212,2.098145285935085,3.694346113576308,4.207882534775889,0.2550231839258114,89.74460288178692,0.2491001803373365
30.0,13.8,1546.7021806452533,2.9356984610367363,1007.9863624711352,2.099767981438516,3.694708479904199,4.211136890951277,0.2552204176334107,89.7391662300726,0.2495027011009369
30.0,13.866666666666667,1546.718827590275,2.9523454060583845,1007.9995877012964,2.101393188854489,3.695071407170678,4.214396284829721,0.2554179566563467,89.73372116248876,0.2499060782156448
30.0,13.933333333333334,1546.7355014556822,2.9690192714656405,1008.0128338198962,2.1030209140201395,3.695434896679244,4.217660728117738,0.2556158017041053,89.72826765947877,0.2503103136677964
30.0,14.0,1546.752202298764,2.985720114547576,1008.026100875976,2.104651162790698,3.695798949737434,4.22093023255814,0.2558139534883721,89.72280570142536,0.2507154094437283
30.0,14.066666666666666,1546.7689301769417,3.0024479927249104,1008.039388918732,2.1062839410395653,3.696163567656848,4.224204809930178,0.2560124127230411,89.71733526865036,0.2511213675315957
30.0,14.133333333333333,1546.7856851477684,3.019202963551834,1008.0526979975132,2.1079192546583854,3.696528751753156,4.22748447204969,0.2562111801242236,89.71185634141455,0.2515281899231922
30.0,14.2,1546.8024672689312,3.035985084714639,1008.066028161821,2.1095571095571097,3.696894503346116,4.230769230769231,0.2564102564102564,89.7063688999173,0.2519358786103112
30.0,14.266666666666666,1546.8192765982496,3.052794414033088,1008.0793794613136,2.111197511664075,3.697260823759596,4.234059097978228,0.2566096423017108,89.70087292429639,0.2523444355974789
30.0,14.333333333333334,1546.8361131936772,3.069631009460636,1008.0927519458016,2.11284046692607,3.6976277143215768,4.237354085603113,0.2568093385214008,89.69536839462783,0.2527538628728507
30.0,14.4,1546.8529771132996,3.0864949290830737,1008.106145665252,2.114485981308411,3.6979951763641847,4.240654205607477,0.2570093457943925,89.68985529092554,0.2531641624591429
30.0,14.466666666666669,1546.8698684153385,3.103386231121931,1008.119560669789,2.116134060795012,3.698363211223694,4.243959469992206,0.2572096648480125,89.68433359314106,0.2535753363554249
30.0,14.533333333333331,1546.886787158147,3.120304973930388,1008.1329970096932,2.117784711388456,3.698731820240552,4.247269890795632,0.2574102964118565,89.6788032811635,0.253987386564404
30.0,14.6,1546.9037334002137,3.13725121599714,1008.1464547354012,2.1194379391100706,3.6991010047593873,4.250585480093677,0.2576112412177986,89.67326433481908,0.2544003151087963
30.0,14.666666666666666,1546.9207072001616,3.1542250159450305,1008.1599338975096,2.12109375,3.699470766129033,4.25390625,0.2578125,89.66771673387098,0.2548141240076802
30.0,14.733333333333333,1546.937708616748,3.171226432531512,1008.1734345467726,2.12275215011728,3.6998411057025407,4.257232212666146,0.2580140734949179,89.66216045801912,0.2552288152801338
30.0,14.8,1546.9547377088657,3.188255524649094,1008.1869567341026,2.1244131455399065,3.700212024837196,4.260563380281691,0.2582159624413145,89.65659548689989,0.2556443909397785
30.0,14.866666666666667,1546.97179453554,3.2053123513233004,1008.200500510574,2.126076742364918,3.7005835248945367,4.2638997650743935,0.2584181675802662,89.65102180008589,0.2560608530147874
30.0,14.933333333333334,1546.988879155935,3.2223969717181262,1008.2140659274206,2.127742946708464,3.700955607240368,4.267241379310345,0.2586206896551724,89.64543937708565,0.2564782035497046
30.0,15.0,1547.0059916293465,3.2395094451298974,1008.2276530360368,2.1294117647058823,3.701328273244782,4.270588235294118,0.2588235294117647,89.63984819734345,0.2568964445599704
30.0,15.066666666666666,1547.0231320152093,3.2566498309927283,1008.2412618879804,2.131083202511774,3.701701524282169,4.273940345368916,0.2590266875981161,89.63424824023902,0.2573155780828529
30.0,15.133333333333333,1547.0403003730908,3.273818188874202,1008.2548925349696,2.1327572663000787,3.702075361731242,4.2772977219167325,0.2592301649646504,89.6286394850873,0.2577356061628961
30.0,15.2,1547.0574967626976,3.291014578481054,1008.268545028887,2.134433962264151,3.702449786975045,4.28066037735849,0.2594339622641509,89.62302191113817,0.2581565308337303
30.0,15.266666666666666,1547.074721243869,3.308239059652124,1008.282219421778,2.136113296616837,3.70282480140098,4.284028324154209,0.2596380802517702,89.61739549757621,0.2585783541398996
30.0,15.333333333333334,1547.0919738765829,3.325491692366313,1008.2959157658528,2.1377952755905514,3.703200406400813,4.28740157480315,0.2598425196850394,89.61176022352045,0.2590010781386809
30.0,15.4,1547.109254720954,3.342772536737357,1008.3096341134864,2.1394799054373523,3.703576603370701,4.290780141843972,0.2600472813238771,89.6061160680241,0.2594247048655234
30.0,15.466666666666669,1547.1265638372315,3.360081653014958,1008.3233745172192,2.1411671924290223,3.703953393711204,4.294164037854889,0.2602523659305993,89.60046301007428,0.2598492363740661
30.0,15.533333333333331,1547.1439012858036,3.3774191015870656,1008.3371370297588,2.142857142857143,3.704330778827303,4.297553275453828,0.2604577742699289,89.59480102859179,0.260274674730681
30.0,15.6,1547.1612671271955,3.394784942979186,1008.350921703978,2.144549763033176,3.704708760128421,4.300947867298579,0.2606635071090047,89.58913010243083,0.2607010219817312
30.0,15.666666666666666,1547.178661422068,3.412179237851433,1008.3647285929184,2.1462450592885376,3.705087339028433,4.304347826086957,0.2608695652173913,89.58345021037869,0.2611282801935886
30.0,15.733333333333333,1547.1960842312214,3.429602047004892,1008.3785577497896,2.147943037974684,3.705466516945693,4.307753164556963,0.2610759493670886,89.57776133115557,0.2615564514289872
30.0,15.8,1547.2135356155918,3.4470534313752523,1008.39240922797,2.149643705463183,3.705846295303042,4.311163895486937,0.2612826603325416,89.5720634434143,0.261985537756118
30.0,15.866666666666667,1547.2310156362553,3.4645334520387223,1008.4062830810076,2.1513470681458005,3.706226675527837,4.314580031695722,0.2614896988906497,89.56635652573999,0.2624155412322579
30.0,15.933333333333334,1547.248524354423,3.4820421702063413,1008.4201793626196,2.153053132434576,3.706607659051955,4.318001586042823,0.2616970658207772,89.56064055664986,0.262846463938331
30.0,16.0,1547.2660618314471,3.499579647230576,1008.4340981266956,2.1547619047619047,3.706989247311828,4.321428571428571,0.2619047619047619,89.55491551459292,0.2632783079552609
30.0,16.066666666666666,1547.283628128817,3.517145944600543,1008.4480394272964,2.15647339158062,3.7073714417484434,4.324861000794281,0.2621127879269261,89.54918137794974,0.2637110753494198
30.0,16.133333333333333,1547.3012233081604,3.534741123943832,1008.4620033186542,2.1581875993640702,3.707754243807375,4.328298887122417,0.2623211446740858,89.54343812503205,0.2641447681980935
30.0,16.2,1547.3188474312435,3.552365247026956,1008.4759898551748,2.159904534606205,3.7081376549387945,4.3317422434367545,0.2625298329355608,89.53768573408269,0.2645793885913008
30.0,16.266666666666666,1547.3365005599726,3.570018375756036,1008.4899990914378,2.161624203821656,3.7085216765974938,4.335191082802548,0.2627388535031847,89.53192418327512,0.2650149386154226
30.0,16.333333333333332,1547.3541827563922,3.587700572175663,1008.5040310821964,2.1633466135458166,3.708906310242899,4.338645418326693,0.2629482071713147,89.52615345071328,0.2654514203477447
30.0,16.4,1547.3718940826857,3.605411898469129,1008.5180858823796,2.1650717703349285,3.709291557339096,4.342105263157895,0.2631578947368421,89.52037351443124,0.265888835878286
30.0,16.466666666666665,1547.389634601176,3.623152416959329,1008.5321635470908,2.1667996807661614,3.70967741935484,4.345570630486832,0.2633679169992019,89.51458435239296,0.2663271873061603
30.0,16.53333333333333,1547.4074043743265,3.640922190109905,1008.5462641316116,2.1685303514377,3.710063897763579,4.349041533546327,0.2635782747603834,89.50878594249201,0.2667664767213864
30.0,16.6,1547.4252034647386,3.658721280522059,1008.5603876913988,2.170263788968825,3.7104509940434753,4.352517985611511,0.2637889688249401,89.50297826255125,0.267206706223078
30.0,16.666666666666668,1547.443031935156,3.676549750939557,1008.5745342820886,2.1720000000000006,3.71083870967742,4.356000000000001,0.264,89.49716129032258,0.267647877910349
30.0,16.733333333333334,1547.4608898484598,3.694407664243272,1008.5887039594948,2.1737389911929546,3.711227046153052,4.359487590072058,0.2642113690952762,89.49133500348665,0.2680899938786751
30.0,16.8,1547.4787772676732,3.712295083456638,1008.60289677961,2.1754807692307696,3.71161600496278,4.36298076923077,0.264423076923077,89.48549937965261,0.2685330562399031
30.0,16.866666666666667,1547.4966942559586,3.7302120717420166,1008.6171127986076,2.177225340817963,3.712005587603798,4.366479550922214,0.264635124298316,89.4796543963577,0.2689770670931466
30.0,16.933333333333334,1547.514640876619,3.748158692402512,1008.6313520728412,2.178972712680578,3.712395795578108,4.369983948635634,0.2648475120385233,89.47380003106714,0.2694220285502524
30.0,17.0,1547.5326171930983,3.766135008881976,1008.6456146588464,2.180722891566265,3.7127866303925376,4.373493975903615,0.2650602409638554,89.46793626117372,0.2698679427267052
30.0,17.066666666666666,1547.5506232689827,3.7841410847661336,1008.65990061334,2.182475884244373,3.71317809355876,4.377009646302251,0.2652733118971061,89.46206306399752,0.2703148117288947
30.0,17.133333333333333,1547.5686591679955,3.802176983779191,1008.6742099932216,2.184231697506034,3.7135701865933095,4.380530973451328,0.2654867256637168,89.45618041678561,0.2707626376650296
30.0,17.2,1547.5867249540047,3.8202427697881376,1008.6885428555748,2.185990338164251,3.713962911017609,4.384057971014493,0.2657004830917874,89.45028829671186,0.2712114226651465
30.0,17.266666666666666,1547.604820691018,3.838338506801392,1008.7028992576682,2.1877518130539886,3.714356268357984,4.387590652699436,0.265914585012087,89.4443866808765,0.2716611688465491
30.0,17.333333333333332,1547.6229464431842,3.8564642589676623,1008.717279256954,2.189516129032258,3.714750260145681,4.391129032258064,0.2661290322580645,89.43847554630594,0.2721118783210841
30.0,17.4,1547.641102274794,3.8746200905775368,1008.7316829110704,2.191283292978208,3.7151448879168942,4.394673123486683,0.2663438256658595,89.43255486995236,0.272563553220607
30.0,17.466666666666665,1547.6592882502805,3.892806066063713,1008.7461102778434,2.1930533117932147,3.715540153212778,4.398222940226171,0.2665589660743134,89.42662462869352,0.2730161956696975
30.0,17.53333333333333,1547.6775044342166,3.9110222500000873,1008.7605614152844,2.19482619240097,3.715936057579472,4.401778496362168,0.2667744543249798,89.4206847993324,0.2734698077874782
30.0,17.6,1547.6957508913188,3.92926870710221,1008.7750363815952,2.196601941747573,3.7163326025681176,4.405339805825244,0.2669902912621359,89.41473535859693,0.2739243917094427
30.0,17.666666666666668,1547.7140276864443,3.947545502227968,1008.789535235163,2.19838056680162,3.716729789734883,4.4089068825910935,0.2672064777327935,89.40877628313962,0.2743799495638086
30.0,17.733333333333334,1547.732334884594,3.9658527003773534,1008.804058034568,2.200162074554295,3.717127620640978,4.4124797406807135,0.2674230145867099,89.4028075495373,0.2748364834878884
30.0,17.8,1547.7506725509097,3.984190366692928,1008.8186048385784,2.201946472019465,3.71752609685268,4.416058394160585,0.2676399026763991,89.39682913429087,0.2752939956117188
30.0,17.866666666666667,1547.7690407506757,4.002558566458902,1008.8331757061547,2.2037337662337664,3.717925219941349,4.419642857142858,0.2678571428571429,89.39084101382488,0.2757524880726123
30.0,17.933333333333334,1547.7874395493193,4.020957365102731,1008.847770696449,2.205523964256702,3.718324991483452,4.4232331437855406,0.2680747359870024,89.3848431644873,0.2762119630078814
30.0,18.0,1547.80586901241,4.039386828193301,1008.8623898688044,2.207317073170732,3.718725413060583,4.426829268292684,0.2682926829268293,89.37883556254918,0.2766724225512007
30.0,18.066666666666663,1547.8243292056595,4.057847021442967,1008.8770332827604,2.209113100081367,3.719126486259482,4.4304312449145655,0.2685109845402766,89.37281818420432,0.2771338688580727
30.0,18.133333333333333,1547.8428201949243,4.0763380107077865,1008.8917009980483,2.210912052117264,3.719528212672061,4.434039087947883,0.2687296416938111,89.36679100556898,0.2775963040676288
30.0,18.2,1547.8613420462018,4.094859861985242,1008.9063930745958,2.212713936430318,3.719930593895418,4.4376528117359415,0.2689486552567237,89.36075400268159,0.2780597303080867
30.0,18.266666666666666,1547.8798948256322,4.113412641415607,1008.9211095725244,2.2145187601957583,3.720333631531864,4.441272430668842,0.2691680261011419,89.3547071515024,0.2785241497385868
30.0,18.33333333333333,1547.8984785995003,4.131996415283766,1008.9358505521546,2.216326530612245,3.72073732718894,4.444897959183673,0.2693877551020408,89.3486504279131,0.2789895645164506
30.0,18.4,1547.9170934342342,4.150611250017619,1008.9506160740028,2.2181372549019605,3.721141682479443,4.448529411764706,0.2696078431372549,89.34258380771664,0.2794559767717146
30.0,18.466666666666665,1547.935739396403,4.169257212186494,1008.9654061987836,2.219950940310712,3.7215466990214447,4.452166802943582,0.2698282910874898,89.33650726663679,0.2799233886526053
30.0,18.53333333333333,1547.954416552721,4.187934368504784,1008.9802209874108,2.22176759410802,3.7219523784383095,4.45581014729951,0.2700490998363339,89.33042078031784,0.2803918023273581
30.0,18.6,1547.973124970047,4.206642785830127,1008.9950605009988,2.223587223587224,3.722358722358723,4.45945945945946,0.2702702702702703,89.32432432432432,0.2808612199423805
30.0,18.666666666666668,1547.9918647153804,4.225382531163859,1009.0099248008602,2.225409836065574,3.722765732416711,4.463114754098361,0.2704918032786885,89.31821787414067,0.281331643653175
30.0,18.73333333333333,1548.0106358558671,4.244153671650565,1009.0248139485118,2.2272354388843314,3.7231734102516607,4.4667760459392944,0.2707136997538966,89.31210140517082,0.2818030756025109
30.0,18.8,1548.0294384587942,4.262956274577618,1009.0397280056712,2.2290640394088674,3.723581757508344,4.470443349753695,0.270935960591133,89.30597489273795,0.2822755179568048
30.0,18.866666666666667,1548.0482725915947,4.281790407378139,1009.0546670342582,2.23089564502876,3.723990775836934,4.474116680361545,0.2711585866885785,89.29983831208418,0.282748972878835
30.0,18.933333333333334,1548.0671383218446,4.300656137628039,1009.0696310963988,2.2327302631578947,3.724400466893039,4.477796052631579,0.2713815789473684,89.2936916383701,0.2832234425168281
30.0,19.0,1548.0860357172637,4.319553533047156,1009.084620254422,2.2345679012345685,3.7248108323377145,4.481481481481482,0.271604938271605,89.28753484667463,0.2836989290335623
30.0,19.066666666666663,1548.1049648457158,4.338482661499256,1009.0996345708628,2.236408566721582,3.725221873837487,4.485172981878089,0.271828665568369,89.28136791199448,0.2841754345863592
30.0,19.133333333333333,1548.1239257752086,4.357443590992034,1009.1146741084624,2.2382522671063483,3.725633593064383,4.488870568837593,0.2720527617477329,89.27519080924395,0.2846529613434541
30.0,19.2,1548.142918573895,4.376436389678474,1009.1297389301689,2.24009900990099,3.726045991695944,4.492574257425742,0.2722772277227723,89.26900351325456,0.2851315114676254
30.0,19.266666666666666,1548.161943310071,4.395461125854354,1009.14482909914,2.2419488026424443,3.726459071415252,4.496284062758051,0.2725020644095788,89.26280599877467,0.2856110871143755
30.0,19.33333333333333,1548.1810000521768,4.414517867960285,1009.1599446787404,2.2438016528925617,3.726872833910957,4.5,0.2727272727272727,89.2565982404692,0.286091690442845
30.0,19.4,1548.200088868797,4.433606684580127,1009.175085732546,2.245657568238213,3.7272872808772894,4.503722084367245,0.2729528535980148,89.25038021291923,0.286573323632183
30.0,19.466666666666665,1548.2192098286612,4.4527276444446215,1009.1902523243432,2.2475165562913912,3.7277024140141,4.5074503311258285,0.2731788079470199,89.24415189062167,0.28705598884153
30.0,19.53333333333333,1548.238363000642,4.471880816425482,1009.2054445181292,2.249378624689313,3.72811823502686,4.511184755592378,0.2734051367025684,89.23791324798889,0.2875396882245695
30.0,19.6,1548.257548453758,4.491066269541307,1009.220662378114,2.2512437810945274,3.7285347456267055,4.514925373134329,0.2736318407960199,89.23166425934842,0.2880244239659077
30.0,19.666666666666668,1548.2767662571707,4.510284072954164,1009.235905968722,2.2531120331950207,3.7289519475304513,4.518672199170124,0.2738589211618257,89.22540489894257,0.2885101982192282
30.0,19.73333333333333,1548.296016480187,4.529534295970507,1009.2511753545888,2.254983388704319,3.729369842460615,4.5224252491694354,0.2740863787375415,89.21913514092809,0.2889970131582231
30.0,19.8,1548.3152991922584,4.548817008041851,1009.2664706005684,2.256857855361596,3.729788432145442,4.526184538653366,0.2743142144638404,89.21285495937575,0.28948487094749
30.0,19.866666666666667,1548.33461446298,4.568132278763414,1009.2817917717284,2.2587354409317806,3.730207718318932,4.529950083194676,0.2745424292845258,89.20656432827008,0.2899737737516261
30.0,19.933333333333334,1548.353962362092,4.587480177875477,1009.2971389333547,2.2606161532056626,3.730627702720851,4.533721898417986,0.2747710241465446,89.20026322150896,0.290463723738867
30.0,20.0,1548.3733429594786,4.606860775262021,1009.31251215095,2.2625000000000006,3.731048387096775,4.5375000000000005,0.275,89.19395161290322,0.2909541978588095
