model,loss_g_per100g,delta_C_m_s,IDW_neighbor_switch,CW_m_s_per_g,CI_m_s_per_g,RhoW_kg_m3_per_g,RhoI_kg_m3_per_g,CT_m_s_K,RhoT_kg_m3_K,critical_water_IPA_ratio,critical_water_fraction,stable_IDW_neighbors,outside_field_box
physics,0.0,0.0,False,0.45820410912256193,-8.118301602621614,0.09293230942830633,1.751951812138941,1.6418692782508515,-0.31909789530573107,17.717653423422494,0.9465744996245822,True,False
physics,0.05,-2.159256860068126e-05,False,0.45844185713239144,-8.12248317012835,0.0930708720857481,1.7529423132401591,1.6415630035794493,-0.31912168047938394,17.717586306223108,0.9465743080523407,True,False
physics,0.1,-4.3113807805639226e-05,False,0.4586798673677528,-8.126669171359936,0.09320966693177309,1.753933935111496,1.6412564275810837,-0.31914548474105686,17.71751879583646,0.9465741153564413,True,False
physics,0.15000000000000002,-6.456317942138412e-05,False,0.45891813988100216,-8.13085961434324,0.09334869437211617,1.7549266798351342,1.6409495497555326,-0.3191693081021185,17.717450908459575,0.9465739215830914,True,False
physics,0.2,-8.594014229856839e-05,False,0.45915667506634494,-8.13505450552642,0.09348795498419736,1.755920549155685,1.64064236963668,-0.3191931506250967,17.71738264362804,0.9465737267309418,True,False
physics,0.25,-0.0001072441523319867,False,0.45939547388863544,-8.139253853308064,0.09362744928960848,1.7569155453911158,1.64033488675841,-0.3192170123327287,17.717313983117617,0.9465735307479499,True,False
physics,0.30000000000000004,-0.00012847466200582858,False,0.45963453583228786,-8.143457664393194,0.09376717746890097,1.7579116700088284,1.6400271006432376,-0.3192408931965929,17.71724496212485,0.9465733337345563,True,False
physics,0.35000000000000003,-0.00014963112175792048,False,0.4598738623201456,-8.147665946983398,0.09390714044454845,1.7589089249925556,1.6397190108364157,-0.319264793313323,17.71717554434812,0.9465731355871179,True,False
physics,0.4,-0.00017071297907023109,False,0.4601134540930488,-8.151878707812866,0.09404733862723162,1.7599073121017277,1.639410616837722,-0.3192887126601818,17.717105716635512,0.9465729362680676,True,False
physics,0.45,-0.00019171967710462923,False,0.4603533105229171,-8.156095954885531,0.09418777237135582,1.7609068336132128,1.639101918203778,-0.31931265124285346,17.71703552130643,0.9465727358981791,True,False
physics,0.5,-0.00021265065811348904,False,0.46059343246576356,-8.160317695992902,0.09432844186065167,1.76190749157994,1.6387929144343616,-0.31933660911249717,17.716964943045443,0.9465725344337109,True,False
physics,0.55,-0.00023350535911959014,False,0.46083382123658456,-8.164543937913303,0.09446934870816383,1.7629092874302303,1.638483605086094,-0.3193605862861659,17.716893946726533,0.9465723317743703,True,False
physics,0.6000000000000001,-0.0002542832162362174,False,0.4610744764374268,-8.16877468881119,0.0946104922427211,1.7639122233958913,1.638173989636016,-0.31938458278091275,17.71682256612569,0.9465721280165453,True,False
physics,0.65,-0.00027498366193867696,False,0.4613153988138416,-8.173009955952,0.09475187345104531,1.7649163011982845,1.6378640676066425,-0.31940859863652804,17.71675078908459,0.9465719231255038,True,False
physics,0.7000000000000001,-0.00029560612438217504,False,0.4615565888839059,-8.177249747302735,0.09489349274940445,1.7659215231346803,1.6375538385887012,-0.3194326338643805,17.71667861372365,0.9465717170958544,True,False
physics,0.75,-0.00031615003035767586,False,0.4617980470521943,-8.18149407050281,0.09503535084127006,1.7669278908769748,1.6372433020137578,-0.31945668847583875,17.716606041813996,0.9465715099326265,True,False
physics,0.8,-0.0003366148030181648,False,0.4620397738387011,-8.185742932519426,0.0951774479158156,1.7679354061577381,1.636932457461171,-0.31948076249932456,17.71653306924413,0.9465713016240574,True,False
physics,0.8500000000000001,-0.00035699986165127484,False,0.46228177010845367,-8.189996341595112,0.09531978467857258,1.7689440715156648,1.6366213044307187,-0.31950485596894396,17.716459681448605,0.9465710921285406,True,False
physics,0.9,-0.00037730462440777046,False,0.46252403558103206,-8.194254305415434,0.0954623614923385,1.769953888462099,1.636309842422179,-0.31952896890175,17.71638590656515,0.9465708815263726,True,False
physics,0.9500000000000001,-0.000397528503981448,False,0.4627665716971084,-8.198516831566701,0.09560517912236369,1.7709648589705447,1.6359980709580668,-0.3195531013261643,17.716311706569904,0.9465706697089805,True,False
physics,1.0,-0.0004176709121566091,False,0.46300937840740775,-8.202783927191202,0.09574823810577403,1.771976985420417,1.6356859896063725,-0.31957725325924,17.716237099572247,0.9465704567280324,True,False
physics,1.05,-0.0004377312552605872,False,0.46325245612212873,-8.20705560082439,0.09589153869354808,1.7729902694491346,1.635373597753187,-0.31960142473508313,17.716162089080726,0.9465702425935169,True,False
physics,1.1,-0.00045770893893859466,False,0.46349580559715314,-8.211331860099358,0.09603508136707446,1.7740047126974268,1.6350608950574497,-0.3196256157252719,17.716086663438393,0.9465700272721281,True,False
physics,1.1500000000000001,-0.00047760336360624933,False,0.4637394271298542,-8.21561271289467,0.09617886701124888,1.7750203177294175,1.6347478809279892,-0.3196498263378089,17.7160108290602,0.946569810782151,True,False
physics,1.2000000000000002,-0.0004974139274054323,False,0.4639833215935458,-8.219898166529498,0.09632289576481862,1.776037086193882,1.634434554910058,-0.31967405653858805,17.715934569152928,0.9465695930756153,True,False
physics,1.25,-0.0005171400252947933,False,0.46422748928768065,-8.224188228568087,0.09646716845756739,1.7770550202609992,1.634120916514803,-0.3196983063503467,17.715857889388314,0.9465693741686836,True,False
physics,1.3,-0.0005367810499592451,False,0.4644719308578709,-8.228482907857035,0.09661168522985497,1.7780741219901621,1.6338069652761078,-0.3197225758242439,17.71578078498561,0.9465691540476777,True,False
physics,1.35,-0.0005563363879446115,False,0.4647166459138545,-8.23278221130176,0.09675644708664533,1.7790943930992122,1.6334927006255384,-0.3197468649602797,17.71570328648802,0.946568932799765,True,False
physics,1.4000000000000001,-0.0005758054260240897,False,0.4649616363705984,-8.237086147435893,0.09690145417018292,1.7801158359436298,1.6331781221424535,-0.31977117378119146,17.715625340045282,0.9465687102711803,True,False
physics,1.4500000000000002,-0.0005951875450591615,False,0.46520690207048404,-8.241394723772144,0.09704670702675934,1.781138451903119,1.632863229292525,-0.3197955023438226,17.715546968654994,0.9465684865275479,True,False
physics,1.5,-0.0006144821245470666,False,0.46545244297099114,-8.24570794806933,0.09719220666544791,1.7821622436297864,1.6325480215755306,-0.3198198506254357,17.715468191415713,0.9465682616233628,True,False
physics,1.55,-0.0006336885392101976,False,0.46569826053071023,-8.250025828563917,0.09733795253843595,1.7831872125686192,1.6322324985367231,-0.3198442186885586,17.71538897130983,0.9465680354529115,True,False
physics,1.6,-0.0006528061614972103,False,0.4659443551713779,-8.25434837316252,0.09748394640750552,1.784213361669502,1.6319166596304058,-0.3198686065275069,17.71530931011388,0.9465678080212336,True,False
physics,1.6500000000000001,-0.0006718343595366605,False,0.4661907266220235,-8.258675589787822,0.09763018789952962,1.7852406918654204,1.6316005043904624,-0.3198930141877554,17.71522923595982,0.9465675794086145,True,False
physics,1.7000000000000002,-0.0006907724989559938,False,0.4664373764615722,-8.263007486378637,0.09777667849106927,1.7862692060573597,1.631284032282565,-0.319917441669304,17.71514870669759,0.9465673494946835,True,False
physics,1.75,-0.0007096199417446769,False,0.4666843043050625,-8.267344070889928,0.09792341792601415,1.7872989058793787,1.63096724281786,-0.31994188902899623,17.71506775485152,0.9465671183722663,True,False
physics,1.8,-0.0007283760469363187,False,0.4669315112717686,-8.271685351292868,0.0980704066423567,1.7883297927952102,1.6306501355074943,-0.3199663562554633,17.71498635584372,0.946566885971159,True,False
physics,1.85,-0.0007470401683349337,False,0.4671789973249479,-8.2760313356907,0.09821764571604504,1.7893618700090133,1.6303327098512455,-0.3199908433884957,17.71490452926821,0.946566652347272,True,False
physics,1.9000000000000001,-0.0007656116590624151,False,0.46742676405022554,-8.280382032203182,0.09836513558783293,1.7903951388772608,1.6300149653034168,-0.32001535045083074,17.714822233228915,0.9465664173809538,True,False
physics,1.9500000000000002,-0.0007840898670110619,False,0.4676748103696608,-8.284737448734745,0.09851287646747753,1.7914296013969044,1.629696901409261,-0.3200398774765745,17.714739526352297,0.9465661812395575,True,False
physics,2.0,-0.0008024741368899413,False,0.4679231379872808,-8.289097593437965,0.09866086926120594,1.7924652599169943,1.629378517600344,-0.3200644244373052,17.714656362351718,0.9465659437908942,True,False
physics,2.0500000000000003,-0.0008207638099975156,False,0.46817174768206227,-8.29346247459813,0.09880911447086398,1.7935021165592422,1.6290598134332868,-0.32008899144670977,17.714572730326864,0.9465657050038068,True,False
physics,2.1,-0.0008389582246763894,False,0.46842063884106794,-8.297832100052952,0.098957612309009,1.7945401732755086,1.628740788351024,-0.3201135784536291,17.714488671085974,0.9465654649947767,True,False
physics,2.15,-0.0008570567154038145,False,0.46866981282524894,-8.302206478237082,0.0991063635695568,1.7955794316149933,1.6284214418647025,-0.32013818552627527,17.714404152017984,0.9465652236706574,True,False
physics,2.2,-0.000875058611654822,False,0.4689192698358981,-8.306585617486185,0.09925536864119208,1.7966198944668763,1.6281017734627312,-0.3201628126475953,17.714319184180976,0.9465649810629879,True,False
physics,2.25,-0.0008929632426770695,False,0.4691690107725416,-8.31096952545515,0.09940462855306495,1.7976615630979949,1.6277817825880447,-0.32018745987443253,17.714233750797323,0.9465647371238273,True,False
physics,2.3000000000000003,-0.0009107699308970041,False,0.46941903548927866,-8.315358210163634,0.0995541432891636,1.7987044405814108,1.6274614688200018,-0.3202121272522618,17.714147875355074,0.9465644919202058,True,False
physics,2.35,-0.0009284779971494572,False,0.46966934546982825,-8.319751680928363,0.0997039132991344,1.7997485280172913,1.6271408315446934,-0.32023681471855525,17.714061522592658,0.9465642453514036,True,False
physics,2.4000000000000004,-0.0009460867574944132,False,0.4699199403372315,-8.324149944988475,0.09985394002364584,1.8007938281970548,1.6268198703073722,-0.32026152239268413,17.713974723044878,0.9465639975045722,True,False
physics,2.45,-0.0009635955250359984,False,0.4701708215784299,-8.32855301087991,0.10000422327473024,1.8018403432185879,1.62649858457371,-0.3202862502575954,17.71388743971772,0.946563748274042,True,False
physics,2.5,-0.0009810036094677343,False,0.4704219887011836,-8.332960887272725,0.10015476350534486,1.8028880746010727,1.6261769737866416,-0.32031099829055165,17.71379971051034,0.946563497767994,True,False
physics,2.5500000000000003,-0.000998310315708295,False,0.4706734429621682,-8.33737358192147,0.10030556169435423,1.8039370249750954,1.6258550374800507,-0.3203357666109241,17.713711505477082,0.9465632459008828,True,False
physics,2.6,-0.0010155149466299918,False,0.4709251846868666,-8.34179110364712,0.10045661853082886,1.8049871959845099,1.6255327751196091,-0.320360555173238,17.713622832029777,0.9465629926938346,True,False
physics,2.6500000000000004,-0.001032616799875541,False,0.4711772142014304,-8.346213460588073,0.10060793377100252,1.8060385902691891,1.625210186170989,-0.32038536405138984,17.71353369609259,0.9465627381637279,True,False
physics,2.7,-0.0010496151701318013,False,0.47142953276741456,-8.350640660665787,0.10075950868954825,1.8070912094228613,1.624887270088493,-0.3204101931999048,17.713444067972034,0.9465624822257334,True,False
physics,2.75,-0.0010665093482202792,False,0.4716821404799516,-8.355072712636307,0.10091134380389984,1.8081450562115453,1.624564026394637,-0.3204350427211011,17.71335396361362,0.9465622249253443,True,False
physics,2.8000000000000003,-0.0010832986213245022,False,0.47193503766829364,-8.359509625390663,0.10106343951559402,1.8092001322958164,1.6242404545550926,-0.3204599125808727,17.713263390429308,0.9465619662836874,True,False
physics,2.85,-0.0010999822727626452,False,0.47218822513045844,-8.363951407019039,0.10121579616848321,1.8102564399832894,1.6239165539673195,-0.32048480281900993,17.71317233653636,0.9465617062667905,True,False
physics,2.9000000000000004,-0.0011165595819875307,False,0.472441703431943,-8.368398065628279,0.10136841486816249,1.8113139811765437,1.6235923242106765,-0.32050971349235624,17.713080798832944,0.9465614448657558,True,False
physics,2.95,-0.0011330298241318815,False,0.4726954730222673,-8.372849609927643,0.10152129590250754,1.8123727584849354,1.6232677646598859,-0.3205346445838586,17.712988779846476,0.9465611820877604,True,False
physics,3.0,-0.0011493922729641781,False,0.4729495347034863,-8.377306048175539,0.10167443944278462,1.8134327735855758,1.6229428749284125,-0.3205595961446761,17.712896267944647,0.9465609178995446,True,False
physics,3.0500000000000003,-0.0011656461938400753,False,0.47320388892752024,-8.381767389820048,0.10182784659872036,1.814494028862618,1.6226176542886606,-0.3205845681577557,17.712803267142778,0.9465606523125336,True,False
physics,3.1,-0.0011817908527973486,False,0.4734585361472217,-8.386233642216919,0.10198151795437436,1.8155565267051352,1.6222921023540948,-0.3206095607026782,17.7127097769956,0.9465603853254142,True,False
physics,3.1500000000000004,-0.0011978255092799373,False,0.47371347669899416,-8.390704814380472,0.10213545397762787,1.8166202686854431,1.621966218522175,-0.3206345737794436,17.71261580491634,0.9465601169593151,True,False
physics,3.2,-0.0012137494197759224,False,0.47396871162460635,-8.395180915226211,0.10228965519605135,1.817685257612279,1.6216400022926791,-0.32065960741078925,17.71252133173588,0.946559847159451,True,False
physics,3.25,-0.0012295618371354067,False,0.47422424138045194,-8.399661952630513,0.1024441217857886,1.8187514951251293,1.6213134531085416,-0.32068466163650555,17.712426358001775,0.946559575927342,True,False
physics,3.3000000000000003,-0.0012452620101157663,False,0.47448006642386836,-8.404147935896846,0.10259885515779624,1.8198189838074028,1.620986570446803,-0.32070973643385514,17.7123308872351,0.9465593032730003,True,False
physics,3.35,-0.0012608491815626621,False,0.4747361875660215,-8.408638873406913,0.1027538550791677,1.8208877253656492,1.6206593537276603,-0.3207348318824188,17.712234907808718,0.9465590291631764,True,False
physics,3.4000000000000004,-0.0012763225934122602,False,0.4749926047959392,-8.413134773324392,0.10290912302299368,1.8219577227456787,1.6203318024622604,-0.3207599479935652,17.71213843832105,0.9465587536509416,True,False
physics,3.45,-0.001291681481689011,False,0.4752493192801181,-8.417635645360608,0.10306465899355148,1.8230289776630362,1.6200039160366941,-0.32078508476161005,17.712041456705684,0.9465584766732312,True,False
physics,3.5,-0.0013069250792341336,False,0.47550633159842176,-8.422141497597677,0.10322046317184257,1.824101492190253,1.6196756940189516,-0.32081024224908106,17.71194395937173,0.9465581982197442,True,False
physics,3.5500000000000003,-0.0013220526136592525,False,0.47576364186043096,-8.426652338488083,0.10337653662327827,1.8251752689345795,1.6193471357837552,-0.3208354204616626,17.711845961024714,0.946557918332434,True,False
physics,3.6,-0.0013370633100748819,False,0.4760212508835482,-8.431168177445306,0.10353288023858166,1.8262503093293498,1.6190182407854081,-0.32086061943346067,17.71174745202262,0.9465576369837171,True,False
physics,3.6500000000000004,-0.0013519563885893149,False,0.47627915936887927,-8.435689022722434,0.10368949437935357,1.8273266165807789,1.618689008535057,-0.3208858391872127,17.711648424635296,0.9465573541514695,True,False
physics,3.7,-0.0013667310645359976,False,0.47653736801898583,-8.440214883179964,0.10384637976211039,1.8284041926621633,1.6183594384187927,-0.320911079745656,17.711548872372365,0.9465570698171062,True,False
physics,3.75,-0.001381386550519892,False,0.47679587706542487,-8.444745767814926,0.10400353615992784,1.82948303925561,1.61802952987955,-0.3209363411258437,17.711448806542755,0.9465567840128801,True,False
physics,3.8000000000000003,-0.00139592205482586,False,0.47705468733112255,-8.449281685406694,0.10416096505898484,1.8305631591103213,1.6176992824512126,-0.32096162337893475,17.71134821602134,0.9465564967069683,True,False
physics,3.85,-0.0014103367802817957,False,0.4773137988130436,-8.453822644634672,0.10431866700263939,1.8316445543900228,1.6173686955312405,-0.3209869264992449,17.711247120148528,0.9465562079545631,True,False
physics,3.9000000000000004,-0.0014246299265323614,False,0.4775732134009552,-8.458368654669524,0.10447664212132832,1.8327272270854924,1.6170377685511994,-0.3210122505151958,17.711145469057428,0.9465559176131843,True,False
physics,3.95,-0.0014388006886747462,False,0.47783293026623047,-8.46291972422756,0.10463489119675183,1.8338111798426446,1.6167065009540238,-0.32103759543815613,17.711043312800438,0.946555625825745,True,False
physics,4.0,-0.0014528482579407864,False,0.47809295082856806,-8.467475862280102,0.10479341501223871,1.834896414602364,1.616374892228123,-0.32106296134770673,17.710940618566706,0.9465553324984791,True,False
physics,4.05,-0.0014667718207874714,False,0.4783532755627419,-8.472037077580195,0.10495221417502225,1.8359829337835232,1.6160429417595878,-0.32108834825521626,17.710837388149095,0.946555037636457,True,False
physics,4.1000000000000005,-0.0014805705600338115,False,0.47861390470742154,-8.476603379254788,0.10511128917505487,1.8370707392765755,1.6157106490481965,-0.3211137561436317,17.71073363285709,0.9465547412719326,True,False
physics,4.15,-0.0014942436528144754,False,0.47887483945064757,-8.481174776331258,0.10527064062192044,1.8381598338061842,1.6153780134686713,-0.32113918506979644,17.710629328658477,0.9465544433362094,True,False
physics,4.2,-0.0015077902735356474,False,0.47913607991490126,-8.485751277974503,0.1054302691264754,1.8392502196280145,1.6150450345435274,-0.3211646350337105,17.710524491250265,0.9465541438740727,True,False
physics,4.25,-0.001521209591828665,False,0.479397627291517,-8.490332892893628,0.10559017530085221,1.8403418990618117,1.6147117116361187,-0.321190106103586,17.710419095859937,0.946553842814709,True,False
physics,4.3,-0.0015345007718678971,False,0.4796594812299836,-8.49491962993474,0.10575035952087251,1.8414348737193982,1.6143780442348543,-0.32121559826805424,17.710313174986858,0.9465535402508994,True,False
physics,4.3500000000000005,-0.0015476629753266025,False,0.4799216430430564,-8.499511498556725,0.1059108229951436,1.8425291468205376,1.6140440317485627,-0.3212411115669056,17.710206700959695,0.9465532361035484,True,False
physics,4.4,-0.0015606953568294557,False,0.48018411309488307,-8.5041085078815,0.10607156550776986,1.8436247200457792,1.6137096735747036,-0.3212666460171931,17.71009968045551,0.9465529303916753,True,False
physics,4.45,-0.0015735970694095158,False,0.4804468921073179,-8.508710667050078,0.10623258862712649,1.8447215959120598,1.6133749692244237,-0.32129220166439154,17.709992106993333,0.9465526230967128,True,False
physics,4.5,-0.0015863672597333789,False,0.48070998056563924,-8.513317985103566,0.10639389231778178,1.8458197765844562,1.613039918083814,-0.3213177785028165,17.709883982617047,0.9465523142244454,True,False
physics,4.55,-0.0015990050706022885,False,0.48097337919435484,-8.517930471102018,0.10655547743752608,1.8469192645303474,1.612704519595809,-0.3213433766120488,17.709775300599407,0.9465520037556003,True,False
physics,4.6000000000000005,-0.001611509640042641,False,0.4812370884811539,-8.522548134243653,0.10671734436927366,1.848020062162701,1.6123687731578684,-0.3213689959579824,17.709666063232806,0.946551691696671,True,False
physics,4.65,-0.001623880102442854,False,0.48150110951090414,-8.527170983984446,0.10687949415251295,1.849122171541852,1.612032678247033,-0.321394636569039,17.709556251378356,0.9465513779929264,True,False
physics,4.7,-0.0016361155860522558,False,0.4817654422971072,-8.531799029203743,0.1070419270535052,1.8502255955675149,1.6116962342607621,-0.3214202985134307,17.709445884128275,0.9465510626988517,True,False
physics,4.75,-0.001648215215482196,False,0.4820300876887869,-8.536432279396319,0.10720464375681762,1.8513303354148274,1.611359440630622,-0.3214459818082105,17.709334951115533,0.9465507457847733,True,False
physics,4.800000000000001,-0.001660178111251298,False,0.48229504629791276,-8.541070743599219,0.10736764512758408,1.8524363945303555,1.6110222967654408,-0.3214716864476941,17.709223449754067,0.946550427243246,True,False
physics,4.8500000000000005,-0.0016720033879664697,False,0.4825603188572225,-8.545714431585377,0.10753093155483008,1.85354377493413,1.6106848021081532,-0.32149741248304053,17.70911137455925,0.9465501070585423,True,False
physics,4.9,-0.0016836901561418927,False,0.48282590610099474,-8.550363352311466,0.10769450384680508,1.8546524785308849,1.610346956090325,-0.3215231599199342,17.70899871831432,0.9465497852099858,True,False
physics,4.95,-0.0016952375221990224,False,0.4830918076885864,-8.555017514992217,0.10785836203601107,1.8557625081862212,1.6100087580525724,-0.3215489288095341,17.708885513759334,0.9465494617910535,True,False
physics,5.0,-0.0017066445873297198,False,0.4833580259113852,-8.55967692969946,0.10802250789023866,1.856873866352927,1.6096702075401481,-0.321574719163209,17.708771698907757,0.946549136624593,True,False
physics,5.050000000000001,-0.0017179104472688778,False,0.48362455995253756,-8.564341604969698,0.10818694084620128,1.857986555069889,1.6093313038709312,-0.3216005310378023,17.708657322552423,0.9465488098499433,True,False
physics,5.1000000000000005,-0.0017290341941134102,False,0.4838914111498048,-8.569011550555395,0.10835166261555794,1.8591005766797835,1.6089920464764873,-0.32162636442194525,17.70854235704252,0.9465484813880453,True,False
physics,5.15,-0.0017400149149580102,False,0.48415858036433046,-8.573686776229577,0.10851667305575294,1.8602159337699447,1.608652434799751,-0.3216522193099536,17.708426792266817,0.9465481512099483,True,False
physics,5.2,-0.0017508516914404026,False,0.4844260671399238,-8.578367290706582,0.10868197304327377,1.8613326290530883,1.6083124682268135,-0.3216780958041454,17.708310664109593,0.9465478194181146,True,False
physics,5.25,-0.0017615436011055863,False,0.4846938731791811,-8.583053104278966,0.10884756303650676,1.8624506638078229,1.6079721461892404,-0.3217039938988364,17.70819393276298,0.9465474858987465,True,False
physics,5.300000000000001,-0.001772089716496339,False,0.48496199886775043,-8.587744226300618,0.10901344439517718,1.8635700415363727,1.607631468107229,-0.3217299136110796,17.708076604663006,0.9465471506701685,True,False
physics,5.3500000000000005,-0.001782489104925844,False,0.48523044447198166,-8.592440665784862,0.10917961692041607,1.86469076442712,1.607290433378239,-0.321755854957928,17.707958689885974,0.9465468137611065,True,False
physics,5.4,-0.0017927408284776902,False,0.48549921146055175,-8.59714243320619,0.10934608209540314,1.8658128343726332,1.606949041331518,-0.3217818180132781,17.707840157645105,0.9465464750835312,True,False
physics,5.45,-0.001802843945370114,False,0.48576829962188506,-8.601849537137413,0.1095128398433365,1.866936254231403,1.6066072914782126,-0.3218078027487081,17.70772103456106,0.9465461347134385,True,False
physics,5.5,-0.001812797507909636,False,0.4860377099469939,-8.606561987492825,0.10967989116998358,1.8680610262664525,1.60626518323852,-0.32183380920969284,17.707601306144404,0.9465457926093628,True,False
physics,5.550000000000001,-0.0018226005645374244,False,0.4863074429475201,-8.61127979456881,0.10984723618048736,1.869187153046515,1.605922715896213,-0.3218598374303383,17.707480976181763,0.946545448782057,True,False
physics,5.6000000000000005,-0.0018322521568734373,False,0.48657749925662036,-8.616002967117973,0.11001487660603174,1.8703146366640417,1.6055798889624384,-0.32188588744475055,17.7073600408594,0.9465451032205578,True,False
physics,5.65,-0.001841751322899654,False,0.4868478797497831,-8.62073151523691,0.11018281219330618,1.8714434800593833,1.605236701789181,-0.32191195925861393,17.70723849032178,0.9465447558966359,True,False
physics,5.7,-0.0018510970955958328,False,0.48711858494267757,-8.62546544880251,0.11035104371321174,1.8725736851543768,1.6048931537511635,-0.3219380529174032,17.707116327367235,0.9465444068182187,True,False
physics,5.75,-0.0018602885018026427,False,0.48738961583455787,-8.630204777230137,0.11051957205890796,1.8737052545383635,1.6045492443026887,-0.32196416844954,17.706993536275135,0.9465440559403155,True,False
physics,5.800000000000001,-0.0018693245635859057,False,0.48766097246130624,-8.634949510558576,0.11068839806510739,1.8748381910475544,1.6042049728071106,-0.3219903058266027,17.706870137621525,0.9465437033216534,True,False
physics,5.8500000000000005,-0.0018782042996008386,False,0.4879326561871396,-8.639699658606434,0.11085752202491729,1.8759724970411829,1.6038603386732575,-0.3220164651736468,17.706746103283564,0.9465433488817988,True,False
physics,5.9,-0.001886926720089832,False,0.4882046672918401,-8.644455230367484,0.11102694471532759,1.8771081742794218,1.6035153412644831,-0.3220426464281445,17.706621442846597,0.9465429926480713,True,False
physics,5.95,-0.001895490833248914,False,0.48847700593490556,-8.649216236909568,0.11119666721717836,1.8782452262184952,1.6031699800464594,-0.32206884965830795,17.70649617448352,0.9465426346723315,True,False
physics,6.0,-0.0019038956393160333,False,0.488749673848438,-8.653982687147096,0.11136668934370314,1.8793836544473572,1.6028242543256965,-0.32209507489255884,17.706370254951228,0.9465422748309326,True,False
physics,6.050000000000001,-0.0019121401355732814,False,0.4890226708321018,-8.658754591344541,0.1115370127228551,1.8805234619499351,1.6024781634996543,-0.32212132212521283,17.70624371383671,0.9465419132083522,True,False
physics,6.1000000000000005,-0.001920223312708913,False,0.4892959982590739,-8.663531960030385,0.11170763735157946,1.8816646514138295,1.6021317070112673,-0.322147591424482,17.706116524262256,0.9465415497277065,True,False
physics,6.15,-0.0019281441564089619,False,0.4895696561729531,-8.66831480181735,0.11187856395363546,1.882807224502708,1.6017848841784144,-0.3221738827903664,17.705988703587145,0.9465411844385303,True,False
physics,6.2,-0.00193590164667512,False,0.4898436454658408,-8.673103127396962,0.11204979361792951,1.8839511848230057,1.6014376944667674,-0.3222001962797094,17.705860242708365,0.9465408173147339,True,False
physics,6.25,-0.0019434947591889795,False,0.490117967031741,-8.677896946877203,0.11222132664746219,1.8850965341092285,1.6010901371600994,-0.322226531875458,17.70573113128743,0.9465404483266955,True,False
physics,6.300000000000001,-0.001950922463038296,False,0.4903926210385823,-8.682696269659665,0.11239316413453027,1.8862432750702305,1.6007422117013448,-0.32225288966287735,17.70560138378702,0.9465400775156716,True,False
physics,6.3500000000000005,-0.0019581837227633514,False,0.49066760850442,-8.687501106501358,0.11256530583841329,1.88739141017786,1.6003939174879633,-0.3222792696135457,17.70547098672624,0.9465397048430579,True,False
physics,6.4,-0.001965277496537965,False,0.4909429302065641,-8.692311467332061,0.11273775358270145,1.8885409420914374,1.6000452538605714,-0.3223056717615691,17.70533993365537,0.9465393302903433,True,False
physics,6.45,-0.001972202738215856,False,0.49121858704551175,-8.697127361616676,0.11291050773658104,1.8896918734152062,1.5996962202166287,-0.32233209616947534,17.70520821275617,0.9465389538236713,True,False
physics,6.5,-0.0019789583950569067,False,0.4914945788293742,-8.701948800785797,0.11308356854843786,1.8908442064550042,1.5993468159081203,-0.3223585428372644,17.70507585559095,0.94653857553317,True,False
physics,6.550000000000001,-0.0019855434088640322,False,0.4917709074339916,-8.706775793131442,0.11325693675381028,1.8919979435216046,1.5989970403438747,-0.32238501179904233,17.70494281282818,0.9465381952777646,True,False
physics,6.6000000000000005,-0.0019919567175747943,False,0.4920475726699744,-8.711608350128119,0.11343061369841367,1.8931530874176097,1.5986468928531394,-0.3224115030889152,17.704809116030653,0.9465378131475842,True,False
physics,6.65,-0.001998197250031808,False,0.4923245758089541,-8.71644648144813,0.11360459951299076,1.8943096408907345,1.5982963728333743,-0.3224380167182517,17.7046747404918,0.9465374290719312,True,False
physics,6.7,-0.002004263933713446,False,0.4926019166630781,-8.72129019812488,0.11377889524244587,1.89546760687736,1.5979454796706705,-0.32246455272684216,17.704539716782968,0.9465370431381034,True,False
physics,6.75,-0.002010155686775761,False,0.49287959675091736,-8.726139509264769,0.11395350095859495,1.8966269869181283,1.5975942127283815,-0.32249111111468665,17.704404010204197,0.9465366552468365,True,False
physics,6.800000000000001,-0.0020158714246463205,False,0.49315761625250415,-8.730994426067431,0.11412841825817793,1.8977877839597765,1.5972425713357552,-0.32251769197841895,17.704267638435965,0.946536265448583,True,False
physics,6.8500000000000005,-0.0020214100541124935,False,0.4934359768128219,-8.735854957681745,0.11430364709372764,1.898950001138439,1.5968905548788825,-0.3225442952953017,17.70413056240439,0.9465358736315701,True,False
physics,6.9,-0.0020267704790057905,False,0.4937146778823611,-8.740721115718497,0.11447918839457588,1.9001136406200863,1.5965381627211173,-0.32257092105396623,17.70399282680669,0.9465354799234743,True,False
physics,6.95,-0.0020319515954270173,False,0.49399372086528265,-8.745592909858576,0.11465504315314104,1.9012787043920776,1.5961853942144444,-0.3225975693567307,17.703854402318594,0.9465350842403887,True,False
physics,7.0,-0.002036952294247385,False,0.49427310667979135,-8.750470350537155,0.11483121181387809,1.902445196218582,1.5958322487563237,-0.32262424020359504,17.7037152786183,0.9465346865527203,True,False
physics,7.050000000000001,-0.0020417714608811366,False,0.4945528353899003,-8.755353448334168,0.11500769494450809,1.903613117547985,1.5954787256873715,-0.3226509335945593,17.703575476281596,0.9465342869191978,True,False
physics,7.1000000000000005,-0.002046407974376052,False,0.49483290816113956,-8.760242213118074,0.11518449329753747,1.9047824721569235,1.5951248243368354,-0.3226776495978356,17.703434974994327,0.9465338852816632,True,False
physics,7.15,-0.0020508607076408225,False,0.495113325549343,-8.765136656003003,0.1153616082393006,1.9059532618098873,1.5947705441021753,-0.3227043882191083,17.703293778808767,0.9465334816516103,True,False
physics,7.2,-0.002055128529036665,False,0.49539408835655735,-8.770036787514504,0.11553903966898817,1.9071254893777358,1.5944158843126388,-0.3227311494924834,17.7031518817849,0.9465330760119687,True,False
physics,7.25,-0.0020592102994214656,False,0.495675197631705,-8.774942617465378,0.1157167888951676,1.9082991578600905,1.5940608443315796,-0.32275793346911996,17.70300926774494,0.946532668316398,True,False
physics,7.300000000000001,-0.002063104874423516,False,0.4959566530769371,-8.779854157161267,0.11589485612547387,1.9094742690979707,1.5937054235109827,-0.32278474014901803,17.70286597163414,0.9465322586647062,True,False
physics,7.3500000000000005,-0.0020668111033046443,False,0.4962384563570533,-8.784771416582473,0.11607324205881311,1.9106508262247797,1.5933496211914644,-0.32281156953786194,17.702721955635088,0.9465318469486896,True,False
physics,7.4,-0.002070327829414964,False,0.4965206075444129,-8.789694406958548,0.11625194819361855,1.9118288321965287,1.592993436679535,-0.32283842169817945,17.702577241312838,0.9465314332299046,True,False
physics,7.45,-0.002073653889965499,False,0.49680310830842994,-8.794623138069273,0.11643097480317878,1.9130082887472368,1.5926368694522353,-0.3228652966640766,17.702431790360926,0.9465310173987431,True,False
physics,7.5,-0.002076788116255557,False,0.4970859582327476,-8.799557621436227,0.11661032209992078,1.9141891994582396,1.5922799187023884,-0.3228921944355534,17.70228564234772,0.9465305995682318,True,False
physics,7.550000000000001,-0.0020797293329906097,False,0.4973691589906187,-8.80449786713027,0.11678999158792842,1.9153715666274258,1.5919225838956663,-0.3229191150467159,17.702138759464855,0.9465301796301818,True,False
physics,7.6000000000000005,-0.002082476359191787,False,0.497652710782465,-8.80944388585924,0.11696998335960748,1.9165553927422125,1.5915648642703673,-0.3229460585714605,17.701991157665056,0.9465297576301042,True,False
physics,7.65,-0.00208502800774113,False,0.49793661454776844,-8.814395688723483,0.11715029898481574,1.917740680910927,1.591206759223951,-0.32297302498704994,17.701842827382386,0.9465293335405511,True,False
physics,7.7,-0.0020873830842447205,False,0.4982208711048756,-8.819353286477885,0.1173309381892475,1.9189274334480189,1.590848268119771,-0.3230000143446432,17.701693762687448,0.9465289073444705,True,False
physics,7.75,-0.0020895403890790476,False,0.4985054809041936,-8.824316689037977,0.11751190266980654,1.9201156531042876,1.590489390230232,-0.3230270266271873,17.701543969049958,0.9465284790574005,True,False
physics,7.800000000000001,-0.0020914987155720155,False,0.49879044489032576,-8.829285908560292,0.11769319227750877,1.9213053428214584,1.590130124930056,-0.3230540619256317,17.7013934388853,0.9465280486575548,True,False
physics,7.8500000000000005,-0.0020932568515945604,False,0.4990757641332961,-8.834260955007052,0.11787480871361905,1.9224965050541523,1.589770471571228,-0.32308112023429203,17.70124215578528,0.9465276160979152,True,False
physics,7.9,-0.0020948135781964083,False,0.49936143847106834,-8.839241839843382,0.11805675195495817,1.9236891426943588,1.589410429437521,-0.32310820157022135,17.70109015006673,0.9465271814650639,True,False
physics,7.95,-0.002096167669606075,False,0.4996474693468256,-8.84422857295374,0.11823902296634065,1.9248832583933375,1.5890499979036576,-0.32313530602436913,17.70093739194865,0.9465267446737439,True,False
physics,8.0,-0.002097317893685613,False,0.4999338577125974,-8.849221165974088,0.1184216225911057,1.9260788546227523,1.5886891762420419,-0.3231624335455763,17.700783872616483,0.9465263056986452,True,False
physics,8.05,-0.0020982630123853596,False,0.5002206039042855,-8.85421963007114,0.1186045513035075,1.9272759341687442,1.5883279638273962,-0.32318958422479227,17.70062960414431,0.946525864574186,True,False
physics,8.1,-0.002099001780152321,False,0.5005077085059362,-8.859223976312208,0.11878781056848915,1.9284745001327845,1.587966360034443,-0.3232167580506484,17.700474589607914,0.9465254213090554,True,False
physics,8.15,-0.002099532946886029,False,0.5007951728455149,-8.864234214922279,0.11897140030700297,1.9296745556230992,1.5876043640560056,-0.32324395506293513,17.700318804104597,0.9465249758319356,True,False
physics,8.200000000000001,-0.002099855253163696,False,0.5010829970154613,-8.869250357510875,0.11915532155440589,1.93087610214474,1.5872419753009126,-0.32327117529575844,17.700162269200302,0.9465245282043875,True,False
physics,8.25,-0.002099967434332939,False,0.5013711825953286,-8.874272414969372,0.11933957534831173,1.9320791433744544,1.586879193087043,-0.32329841877754006,17.700004952482594,0.9465240783336135,True,False
physics,8.3,-0.002099868220057033,False,0.5016597296803923,-8.879300398336873,0.11952416248064349,1.9332836820671808,1.5865160167095382,-0.3233256855367017,17.699846874282457,0.9465236262776417,True,False
physics,8.35,-0.0020995563309043064,False,0.5019486393584919,-8.884334319048708,0.11970908312482956,1.9344897201775808,1.5861524454976461,-0.32335297558461207,17.69968802067718,0.9465231719965461,True,False
physics,8.4,-0.002099030483122988,False,0.5022379125957304,-8.889374188316953,0.11989433863374362,1.9356972618365487,1.5857884788033516,-0.3233802890008519,17.69952838162645,0.9465227154614998,True,False
physics,8.450000000000001,-0.002098289385003227,False,0.5025275492427005,-8.894420016881453,0.12007992924559426,1.9369063083899516,1.5854241158876903,-0.3234076257626839,17.699367985467017,0.9465222567534266,True,False
physics,8.5,-0.0020973317371044686,False,0.5028175511376349,-8.89947181637526,0.12026585644158987,1.9381168637336799,1.5850593560571724,-0.32343498589284536,17.699206792284844,0.9465217957580643,True,False
physics,8.55,-0.0020961562354386842,False,0.5031079185066807,-8.904529597213722,0.12045212033870399,1.9393289304046715,1.584694198663783,-0.3234623694709171,17.699044816555556,0.9465213325166946,True,False
physics,8.6,-0.0020947615678323928,False,0.5033986523227826,-8.909593371949487,0.12063872204923688,1.940542510634454,1.5843286430026637,-0.32348977649689914,17.698882050714346,0.9465208670075653,True,False
physics,8.65,-0.002093146413926661,False,0.5036897534365641,-8.91466315129592,0.12082566219011634,1.941757607966188,1.5839626883803248,-0.3235172070048975,17.69871848786508,0.9465203992108352,True,False
physics,8.700000000000001,-0.002091309449269829,False,0.5039812224514713,-8.919738946238887,0.12101294156640176,1.9429742247678536,1.5835963340691706,-0.3235446609949122,17.69855413035309,0.9465199291330919,True,False
physics,8.75,-0.002089249339860544,False,0.5042730603460381,-8.92482076878504,0.12120056129638776,1.9441923640355625,1.583229579455292,-0.32357213852378663,17.698388969382425,0.9465194567490576,True,False
physics,8.8,-0.0020869647462404828,False,0.5045652676023182,-8.929908629720797,0.12138852193986663,1.9454120284603562,1.5828624237428812,-0.32359963965973293,17.698223011178523,0.9465189820764165,True,False
physics,8.85,-0.0020844543214479927,False,0.5048578455764973,-8.935002541228219,0.12157682368368392,1.9466332212380797,1.582494866329398,-0.32362716435727634,17.698056234077807,0.9465185050530831,True,False
physics,8.9,-0.002081716710335968,False,0.5051507942550109,-8.940102514018587,0.12176546833741031,1.9478559446980406,1.5821269064531407,-0.32365471267894463,17.69788866154971,0.946518025746062,True,False
physics,8.950000000000001,-0.0020787505532098294,False,0.5054441149977464,-8.945208559825609,0.12195445615381655,1.9490802024857141,1.581758543397882,-0.3236822846645282,17.69772027094527,0.9465175440904462,True,False
physics,9.0,-0.002075554480370556,False,0.5057378082930661,-8.950320690533712,0.1221437880108819,1.950305996318163,1.5813897765042384,-0.3237098803367644,17.697551070469224,0.946517060109578,True,False
physics,9.05,-0.002072127116662159,False,0.5060318756304001,-8.95543891705346,0.12233346460101736,1.9515333302287121,1.5810206050218767,-0.3237374997183906,17.697381031376786,0.9465165737211076,True,False
physics,9.1,-0.0020684670782884496,False,0.5063263167515031,-8.960563251570104,0.12252348680575947,1.9527622061959387,1.5806510282914132,-0.3237651428491972,17.69721018859821,0.946516085024823,True,False
physics,9.15,-0.0020645729759962705,False,0.5066211336500249,-8.96569370516949,0.12271385550858539,1.953992627704417,1.580281045562515,-0.3237928097405529,17.69703849615364,0.9465155938890686,True,False
physics,9.200000000000001,-0.002060443411437518,False,0.5069163261955089,-8.970830289713115,0.12290457128190385,1.955224597620369,1.579910656141692,-0.32382050045498545,17.696865983861056,0.9465151003990087,True,False
physics,9.25,-0.0020560769810344937,False,0.5072118958857821,-8.975973017714994,0.12309563532575886,1.9564581181273215,1.5795398593354548,-0.32384821496975746,17.69669262594794,0.946514604480786,True,False
physics,9.3,-0.0020514722709776834,False,0.5075078425925051,-8.981121899209853,0.12328704790276197,1.9576931930430856,1.5791686543934702,-0.3238759533701341,17.696518448525914,0.9465141062089641,True,False
physics,9.35,-0.0020466278617732314,False,0.5078041684444886,-8.986276947139062,0.12347881059294015,1.958929824626234,1.5787970405881424,-0.3239037156561153,17.696343404714312,0.9465136054492961,True,False
physics,9.4,-0.0020415423259692034,False,0.5081008730655993,-8.991438172966774,0.12367092328579911,1.9601680161441832,1.578425017248719,-0.32393150186749153,17.69616753208357,0.9465131023091257,True,False
physics,9.450000000000001,-0.002036214229747202,False,0.5083979580876961,-8.996605588433559,0.12386338756554503,1.9614077704949104,1.5780525836021297,-0.3239593120213158,17.69599079877046,0.946512596697161,True,False
physics,9.5,-0.0020306421297391353,False,0.5086954238900361,-9.001779205431557,0.12405620388929779,1.9626490905199883,1.5776797390003594,-0.32398714614600976,17.695813216864043,0.9465120886478489,True,False
physics,9.55,-0.002024824575983075,False,0.508993271606857,-9.006959036130588,0.12424937315510395,1.9638919790672722,1.5773064826476002,-0.3240150043268386,17.695634772727413,0.9465115781220349,True,False
physics,9.600000000000001,-0.0020187601114685094,False,0.5092915016203468,-9.012145091595555,0.12444289588571755,1.9651364396197168,1.5769328138958372,-0.32404288648990587,17.695455476721644,0.9465110651492212,True,False
physics,9.65,-0.002012447270544726,False,0.5095901153201745,-9.017337384677464,0.12463677348585545,1.9663824740322053,1.576558731926525,-0.3240707927659514,17.695275307708606,0.9465105496687888,True,False
physics,9.700000000000001,-0.002005884579375561,False,0.5098891130918949,-9.022535926619101,0.12483100610435523,1.9676300864299117,1.5761842360348055,-0.32409872311518484,17.695094276298093,0.9465100317109493,True,False
physics,9.75,-0.0019990705584405077,False,0.5101884960777296,-9.02774072994785,0.12502559540200986,1.9688792789946352,1.57580932551582,-0.32412667760581826,17.694912369353837,0.9465095112379731,True,False
physics,9.8,-0.0019920037177598715,False,0.5104882650443174,-9.032951806714719,0.125220541467812,1.9701300550473602,1.5754339996192357,-0.3241546562833264,17.69472958586136,0.946508988246811,True,False
physics,9.850000000000001,-0.001984682561669615,False,0.5107884207599975,-9.0381691682408,0.12541584546287426,1.971382417853385,1.5750582576515626,-0.32418265911928756,17.694545923325727,0.9465084627301767,True,False
physics,9.9,-0.0019771055858655018,False,0.5110889642471721,-9.04339282751264,0.12561150810926178,1.972636369802006,1.5746820988056243,-0.3242106861932825,17.694361373725705,0.9465079346649699,True,False
physics,9.950000000000001,-0.001969271277403095,False,0.5113898961517679,-9.048622796156888,0.1258075305093892,1.9738919143609397,1.5743055223992997,-0.32423873751668,17.69417593943131,0.9465074040578213,True,False
physics,10.0,-0.001961178115607254,False,0.5116912175001037,-9.053859086078674,0.12600391313652737,1.975149054184537,1.5739285276595183,-0.32426681312358596,17.693989610202443,0.9465068708792777,True,False
physics,10.05,-0.001952824573209,False,0.5119929286888351,-9.05910171034709,0.12620065697055508,1.976407792501799,1.5735511138814218,-0.32429491304810654,17.693802399862403,0.9465063351687423,True,False
physics,10.100000000000001,-0.0019442091131622874,False,0.5122950315065518,-9.064350680416341,0.12639776286707197,1.9776681324224537,1.5731732802919396,-0.3243230373072947,17.693614270979744,0.9465057968189482,True,False
physics,10.15,-0.0019353301904629916,False,0.5125975261009401,-9.069606008778361,0.12659523199990605,1.9789300764937665,1.5727950261521073,-0.32435118595799395,17.69342524488186,0.9465052558907687,True,False
physics,10.200000000000001,-0.0019261862532857776,False,0.5129004132530156,-9.07486770795291,0.1267930646592994,1.9801936284713766,1.5724163506888544,-0.32437935899451986,17.69323532105685,0.9465047123825827,True,False
physics,10.25,-0.0019167757400282426,False,0.5132036943788868,-9.080135789980961,0.1269912619594996,1.9814587907892518,1.5720372531973226,-0.3244075564737159,17.693044476171092,0.946504166227457,True,False
physics,10.3,-0.0019070970815846522,False,0.5135073700106317,-9.085410266930332,0.12718982476375623,1.9827255670274568,1.5716577328930725,-0.32443577842968807,17.69285271746387,0.9465036174459478,True,False
physics,10.350000000000001,-0.0018971487008911936,False,0.513811440808327,-9.090691151529828,0.12738875393724472,1.9839939597595484,1.5712777890371399,-0.3244640248567521,17.692660049041287,0.9465030660496451,True,False
physics,10.4,-0.0018869290122438542,False,0.5141159083217011,-9.095978456663545,0.12758805034707166,1.985263972199241,1.5708974208791915,-0.32449229582312,17.69246644469103,0.9465025119633682,True,False
physics,10.450000000000001,-0.0018764364210710482,False,0.5144207728344092,-9.101272194228729,0.12778771473532677,1.9865356075039495,1.570516627680263,-0.3245205913742666,17.69227191989466,0.9465019552312592,True,False
physics,10.5,-0.0018656693246157374,False,0.5147260355199108,-9.106572376784335,0.1279877482903435,1.9878088687111215,1.5701354086104402,-0.3245489114760858,17.69207646080314,0.9465013958135162,True,False
physics,10.55,-0.001854626112162805,False,0.5150316969188123,-9.111879016790297,0.12818815156763524,1.989083759500471,1.569753762964865,-0.32457725621952704,17.691880075153236,0.9465008337321144,True,False
physics,10.600000000000001,-0.0018433051641295606,False,0.5153377584630947,-9.117192126861596,0.12838892537829108,1.990360281779614,1.5693716899590981,-0.32460562559890604,17.691682740368254,0.9465002689222674,True,False
physics,10.65,-0.0018317048525204882,False,0.5156442208245187,-9.122511719259736,0.1285900709169286,1.9916384394962394,1.5689891888769125,-0.32463401967675054,17.69148445932891,0.9464997013920476,True,False
physics,10.700000000000001,-0.0018198235402451246,False,0.5159510841671137,-9.127837807674078,0.12879158893525977,1.992918235142825,1.5686062588883942,-0.32466243848148224,17.691285255091397,0.9464991312072771,True,False
physics,10.75,-0.001807659582254928,False,0.5162583508207405,-9.13317040404134,0.12899347986823065,1.9941996724912356,1.5682228992432101,-0.3246908820074168,17.691085073048313,0.9464985582114784,True,False
physics,10.8,-0.0017952113241790357,False,0.5165660208263544,-9.138509520834805,0.12919574536255268,1.9954827547482612,1.5678391092023958,-0.324719350334135,17.690883938157345,0.9464979824759113,True,False
physics,10.850000000000001,-0.001782477103461133,False,0.5168740946075725,-9.143855170810793,0.12939838585716226,1.9967674843627479,1.5674548879360373,-0.3247478434388995,17.69068186277183,0.9464974040357615,True,False
physics,10.9,-0.0017694552482225845,False,0.5171825741200979,-9.149207367519818,0.1296014020471703,1.9980538650011863,1.5670702347506449,-0.3247763613956067,17.690478808350623,0.9464968227805264,True,False
physics,10.950000000000001,-0.001756144078399302,False,0.5174914596643647,-9.154566122883166,0.1298047952675804,1.9993418993808063,1.5666851487935674,-0.3248049042213097,17.6902747898886,0.9464962387529477,True,False
physics,11.0,-0.0017425419039227563,False,0.5178007524356484,-9.159931450126301,0.13000856621770612,2.0006315911191095,1.5662996293031028,-0.3248334719671675,17.690069794297344,0.946495651915376,True,False
physics,11.05,-0.001728647026766339,False,0.5181104529928622,-9.165303362120982,0.130212715790148,2.001922943458301,1.5659136755061809,-0.3248620646161271,17.689863829570815,0.946495062290512,True,False
physics,11.100000000000001,-0.0017144577402632422,False,0.518420562535586,-9.17068187189582,0.13041724526315998,2.0032159590084717,1.5655272866410996,-0.3248906822364006,17.689656882130937,0.9464944698392996,True,False
physics,11.15,-0.0016999723277422163,False,0.5187310820101921,-9.176066991868975,0.13062215444640587,2.004510641345241,1.5651404619006826,-0.3249193248677784,17.689448945896558,0.9464938745441418,True,False
physics,11.200000000000001,-0.0016851890638918121,False,0.5190420122371588,-9.181458735638813,0.13082744545358396,2.0058069934761664,1.5647532005118592,-0.3249479925102605,17.689240021371628,0.9464932764062918,True,False
physics,11.25,-0.0016701062140782597,False,0.5193533539107155,-9.186857115553362,0.13103311854573688,2.0071050189279718,1.5643655016788216,-0.324976685232059,17.689030110957404,0.9464926754324346,True,False
physics,11.3,-0.0016547220343454683,False,0.5196651087520172,-9.19226214565471,0.1312391748176013,2.0084047208508253,1.5639773645943933,-0.3250054030445426,17.688819185359684,0.9464920715385072,True,False
physics,11.350000000000001,-0.0016390347723245213,False,0.5199772763059822,-9.19767383770825,0.1314456151740201,2.009706102209637,1.5635887885196098,-0.3250341459647643,17.68860728501499,0.9464914648400887,True,False
physics,11.4,-0.0016230426654146868,False,0.5202898589394254,-9.203092206200553,0.13165244020109196,2.011009165911854,1.5631997726018199,-0.32506291402114584,17.688394359560295,0.9464908551927876,True,False
physics,11.450000000000001,-0.0016067439421476593,False,0.5206028568419253,-9.208517263211554,0.13185965138494948,2.0123139161553607,1.5628103160565843,-0.32509170727621495,17.688180428113956,0.9464902426511449,True,False
physics,11.5,-0.0015901368219601864,False,0.5209162712311666,-9.213949022646917,0.13206724899471659,2.0136203550921734,1.5624204180880952,-0.32512052575839334,17.687965478348534,0.9464896271796639,True,False
physics,11.55,-0.001573219514284574,False,0.5212301029419903,-9.219387497544021,0.13227523471398123,2.0149284868714252,1.5620300779119134,-0.32514936949610274,17.687749509298932,0.9464890087753796,True,False
physics,11.600000000000001,-0.0015559902196855546,False,0.5215443530683366,-9.224832700841146,0.1324836088154852,2.0162383145584934,1.5616392947094937,-0.3251782385007118,17.6875325110316,0.9464883874096444,True,False
physics,11.65,-0.0015384471282686718,False,0.5218590224492659,-9.230284646149242,0.13269237273068793,2.0175498408396617,1.5612480677077656,-0.32520713283474834,17.687314483571264,0.9464877630823231,True,False
physics,11.700000000000001,-0.0015205884214992693,False,0.5221741115394875,-9.235743347110091,0.13290152686428572,2.0188630700810575,1.5608563960768151,-0.32523605251526533,17.687095440026756,0.9464871358307481,True,False
physics,11.75,-0.0015024122703835019,False,0.5224896220829772,-9.241208816236979,0.13311107278130466,2.0201780043398765,1.5604642789526224,-0.32526499754794713,17.68687534767795,0.9464865055610133,True,False
physics,11.8,-0.001483916837059951,False,0.5228055545386989,-9.24668106761832,0.1333210104391115,2.0214946469024984,1.560071715630329,-0.32529396802942756,17.686654220376816,0.9464858723125752,True,False
physics,11.850000000000001,-0.0014651002732080087,False,0.5231219105273858,-9.252160114600684,0.1335313416650377,2.022813002610395,1.5596787052118088,-0.32532296393696924,17.686432031250828,0.9464852360082642,True,False
physics,11.9,-0.001445960721866868,False,0.5234386901249348,-9.257645970560935,0.13374206738726252,2.0241330736706513,1.5592852469467289,-0.3253519853103626,17.68620880575586,0.9464845967207659,True,False
physics,11.950000000000001,-0.0014264963144796639,False,0.5237558952150425,-9.263138649035437,0.13395318776137602,2.0254548630700597,1.5588913399597004,-0.3253810321950823,17.685984508550874,0.9464839543486514,True,False
physics,12.0,-0.0014067051740767056,False,0.5240735258770325,-9.26863816359132,0.13416470462278665,2.0267783750295045,1.5584969834662843,-0.3254101046479718,17.685759165339128,0.9464833089653144,True,False
physics,12.05,-0.0013865854130017397,False,0.5243915836123019,-9.274144528343616,0.13437661819528857,2.028103612163678,1.5581021766138292,-0.32543920262924075,17.68553275485112,0.9464826605096192,True,False
physics,12.100000000000001,-0.0013661351340488181,False,0.5247100694083177,-9.279657756016773,0.13458893019055562,2.029430578192584,1.5577069186406334,-0.3254683262468916,17.68530527054847,0.9464820089626158,True,False
physics,12.15,-0.001345352428870683,False,0.525028984125385,-9.28517786091713,0.13480164090064667,2.0307592763917603,1.5573112086713081,-0.32549747549524,17.68507671321187,0.9464813543263155,True,False
physics,12.200000000000001,-0.0013242353811619978,False,0.5253483284962848,-9.290704856477225,0.13501475158941473,2.0320897097204944,1.5569150458645709,-0.32552665041407636,17.684847086256465,0.9464806966102738,True,False
physics,12.25,-0.0013027820621118735,False,0.525668104291929,-9.296238756548888,0.13522826307014169,2.0334218824403965,1.5565184294359824,-0.3255558510318224,17.684616358968274,0.9464800357262878,True,False
physics,12.3,-0.0012809905335871008,False,0.5259883117316906,-9.301779575404433,0.13544217654685875,2.0347557975264814,1.556121358510154,-0.3255850773768998,17.684384553680577,0.9464793717380959,True,False
physics,12.350000000000001,-0.0012588588479047758,False,0.5263089522027915,-9.307327326181383,0.13565649270752242,2.036091457960549,1.5557238323253841,-0.325614329506152,17.684151651281788,0.9464787045907221,True,False
physics,12.4,-0.0012363850460133108,False,0.5266300265765034,-9.31288202282594,0.1358712124363293,2.037428867055658,1.5553258499494405,-0.32564360741389464,17.683917651575573,0.9464780342833682,True,False
physics,12.450000000000001,-0.001213567159311424,False,0.5269515354663808,-9.318443679186311,0.13608633707398346,2.0387680293660453,1.5549274106092525,-0.3256729111626555,17.68368256283565,0.9464773608394988,True,False
physics,12.5,-0.0011904032078291493,False,0.527273480916587,-9.324012310051849,0.1363018678343256,2.0401089470526905,1.5545285134521691,-0.32570224078654064,17.68344634712793,0.9464766841502064,True,False
physics,12.55,-0.0011668912009099586,False,0.5275958631559304,-9.329587928295702,0.13651780476395362,2.0414516239715463,1.5541291575914329,-0.32573159630260307,17.683209023832607,0.9464760042707662,True,False
physics,12.600000000000001,-0.0011430291397118708,False,0.5279186834543552,-9.335170548771616,0.13673414953552793,2.0427960639873857,1.5537293422539733,-0.3257609777676862,17.682970581166696,0.9464753211671785,True,False
physics,12.65,-0.001118815011523111,False,0.5282419423038072,-9.340760185456295,0.13695090278433125,2.0441422695421716,1.5533290665075583,-0.3257903851874744,17.682731031766792,0.9464746348754006,True,False
physics,12.700000000000001,-0.0010942467954464519,False,0.5285656416298399,-9.346356851967787,0.1371680656680037,2.0454902451670693,1.5529283295677487,-0.3258198186131267,17.68249033960694,0.9464739452919724,True,False
physics,12.75,-0.0010693224583064875,False,0.5288897819291195,-9.351960562476558,0.13738563934683895,2.046839993383979,1.5525271306046307,-0.32584927806169617,17.68224851757466,0.9464732524535637,True,False
physics,12.8,-0.0010440399571507442,False,0.5292143640905759,-9.357571331837448,0.13760362446229268,2.048191518480645,1.5521254687087094,-0.32587876359571055,17.682005566719436,0.9464725563629302,True,False
physics,12.850000000000001,-0.0010183972372033168,False,0.5295393893965272,-9.363189173243537,0.13782202217909104,2.049544823254481,1.5517233430273336,-0.32590827521516985,17.681761471821762,0.9464718569762103,True,False
physics,12.9,-0.000992392234138606,False,0.5298648588711877,-9.368814102398169,0.13804083346884785,2.050899911684044,1.5513207527192208,-0.3259378129655488,17.681516231058012,0.9464711542879213,True,False
physics,12.950000000000001,-0.0009660228704433393,False,0.5301907736717241,-9.374446132428778,0.13826005924010967,2.0522567871693354,1.5509176969203509,-0.3259673769036908,17.681269833324397,0.9464704482659868,True,False
physics,13.0,-0.0009392870601914183,False,0.5305171349579628,-9.380085278322419,0.13847970144890767,2.0536154527914845,1.55051417480081,-0.3259969670011742,17.68102227096902,0.9464697388882173,True,False
physics,13.05,-0.0009121827047238185,False,0.5308439427156522,-9.385731553793125,0.13869975924465458,2.0549759126193337,1.5501101854169974,-0.32602658334326406,17.68077357307365,0.9464690262376825,True,False
physics,13.100000000000001,-0.0008847076944675791,False,0.5311711991545296,-9.391384974025561,0.1389202352416651,2.056338170076961,1.5497057279389992,-0.3260562259697508,17.68052369739534,0.9464683101930685,True,False
physics,13.15,-0.0008568599093905505,False,0.5314989050495196,-9.39704555293036,0.13914112937681997,2.057702228399983,1.54930080154827,-0.3260858948749501,17.680272647137137,0.9464675907632828,True,False
physics,13.200000000000001,-0.0008286372167276568,False,0.531827061570259,-9.402713305498011,0.1393624433550253,2.0590680910279318,1.548895405312578,-0.326115590110021,17.680020414410276,0.9464668679254454,True,False
physics,13.25,-0.0008000374739367544,False,0.5321556696269789,-9.408388245443055,0.13958417809881107,2.060435761801425,1.5484895383792718,-0.32614531174885997,17.679766997574188,0.9464661416745795,True,False
physics,13.3,-0.0007710585255154001,False,0.5324847298697566,-9.414070388740823,0.13980633453283556,2.0618052443076857,1.5480831998502254,-0.3261750597516766,17.67951240788344,0.9464654120426633,True,False
physics,13.350000000000001,-0.0007416982070935774,False,0.5328142441309912,-9.419759748648264,0.14002891351828992,2.0631765420766146,1.5476763888955247,-0.326204834203736,17.679256612239588,0.9464646789345594,True,False
physics,13.4,-0.000711954338612486,False,0.5331442130658107,-9.425456340290841,0.14025191591835426,2.0645496586462655,1.5472691045715692,-0.3262346351277756,17.678999620178516,0.9464639423773143,True,False
physics,13.450000000000001,-0.0006818247331921157,False,0.5334746373308571,-9.4311601796171,0.14047534338632703,2.0659245977598992,1.5468613460598135,-0.32626446253516406,17.678741442712603,0.9464632024022077,True,False
physics,13.5,-0.0006513071887184196,False,0.533805519030019,-9.436871279063844,0.14069919659360533,2.0673013625779975,1.5464531123711822,-0.32629431652253515,17.678482036325953,0.9464624588842286,True,False
physics,13.55,-0.0006203994926181622,False,0.5341368585624758,-9.442589655436349,0.14092347660765703,2.068679956728622,1.5460444027667108,-0.3263241970728359,17.678221422219803,0.9464617118838525,True,False
physics,13.600000000000001,-0.0005890994211767975,False,0.5344686571178231,-9.448315322683982,0.14114818443263008,2.0700603843745626,1.5456352162459552,-0.3263541042088036,17.677959590062752,0.9464609613711751,True,False
physics,13.65,-0.0005574047379468539,False,0.5348009154934368,-9.454048295710033,0.14137332120665644,2.071442648766643,1.545225551922158,-0.32638403797022875,17.677696544306038,0.946460207358661,True,False
physics,13.700000000000001,-0.0005253131944300549,False,0.5351336354106825,-9.459788589584063,0.1415988876753022,2.0728267535584246,1.5448154089199306,-0.3264139984310077,17.677432259185597,0.9464594497721603,True,False
physics,13.75,-0.0004928225309868139,False,0.5354668174086196,-9.46553621954239,0.14182488537672736,2.0742127024119403,1.5444047863979904,-0.3264439855854562,17.67716674835362,0.9464586886505069,True,False
physics,13.8,-0.0004599304754719924,False,0.5358004630826565,-9.471291200197243,0.1420513153251116,2.0756004989977206,1.5439936833445245,-0.32647399950178624,17.676899989420374,0.9464579239292144,True,False
physics,13.850000000000001,-0.00042663474346227304,False,0.5361345732401224,-9.477053546458698,0.14227817814109736,2.0769901467308873,1.5435820989750937,-0.32650404017431356,17.676631986600395,0.9464571556200575,True,False
physics,13.9,-0.0003929330391656549,False,0.5364691493504241,-9.482823274195756,0.1425054750409511,2.0783816497607193,1.5431700323006226,-0.3265341076541972,17.67636272407816,0.9464563836773866,True,False
physics,13.950000000000001,-0.0003588230526929692,False,0.5368041918294464,-9.48860039772889,0.14273320730982467,2.079775011651612,1.542757482422985,-0.32656420200396497,17.67609221789313,0.9464556081468732,True,False
physics,14.0,-0.0003243024646053527,False,0.537139702283787,-9.494384932733821,0.14296137577317958,2.0811702356457653,1.5423444484213178,-0.3265943232236168,17.675820447392013,0.9464548289689921,True,False
physics,14.05,-0.0002893689404572797,False,0.5374756820592408,-9.500176894525934,0.14318998158907556,2.0825673255881427,1.5419309294884442,-0.32662447134157446,17.675547399889286,0.9464540461070541,True,False
physics,14.100000000000001,-0.0002540201355714089,False,0.5378121313136038,-9.505976298059215,0.1434190255873986,2.083966285795875,1.5415169245784455,-0.32665464643173436,17.675273101112296,0.9464532596345036,True,False
physics,14.15,-0.00021825369094585767,False,0.5381490523238406,-9.511783158852207,0.14364850926209322,2.0853671194043297,1.5411024328386702,-0.32668484848841217,17.67499750817795,0.9464524694280634,True,False
physics,14.200000000000001,-0.0001820672362100595,False,0.538486445914699,-9.517597492194612,0.1438784335143265,2.08676983021869,1.5406874533596238,-0.3267150775570826,17.67472062556294,0.9464516755002402,True,False
physics,14.25,-0.00014545838735102734,False,0.5388243125151125,-9.523419313411793,0.14410879918107772,2.088174422053016,1.5402719851977054,-0.3267453337002735,17.67444247079086,0.9464508779009535,True,False
physics,14.3,-0.00010842474875971675,False,0.5391626542795533,-9.529248638130198,0.14433960749924973,2.0895808981333137,1.5398560273979456,-0.3267756169407221,17.67416300534296,0.9464500765194196,True,False
physics,14.350000000000001,-7.096391095728904e-05,False,0.5395014717747144,-9.53508548214549,0.14457085997410196,2.0909892630204627,1.5394395790963245,-0.3268059272954815,17.67388224313716,0.9464492713952124,True,False
physics,14.4,-3.307345264147443e-05,False,0.539840766232671,-9.540929860227747,0.14480255738394632,2.092399520024288,1.5390226393151352,-0.3268362648100265,17.673600174381075,0.9464484624999131,True,False
physics,14.450000000000001,5.249060905043734e-06,False,0.5401805387554895,-9.54678178877625,0.14503470057535903,2.093811673591912,1.5386052071562517,-0.32686662952414736,17.67331679658597,0.9464476498260432,True,False
physics,14.5,4.400607849674998e-05,False,0.5405207904478145,-9.552641282633038,0.1452672909952483,2.095225726651739,1.538187281687442,-0.3268970214151068,17.673032104313318,0.946446833357663,True,False
physics,14.55,8.320005963469157e-05,False,0.5408615225499208,-9.558508358138381,0.1455003294286846,2.0966416830038175,1.537768861908262,-0.32692744064206636,17.67274609048593,0.9464460130741286,True,False
physics,14.600000000000001,0.00012283347859920468,False,0.5412027365712332,-9.564383031005198,0.14573381699538387,2.0980595471892722,1.5373499469546914,-0.3269578871424983,17.67245873810605,0.9464451889263391,True,False
physics,14.65,0.0001629088235404197,False,0.5415444333587098,-9.57026531658363,0.14596775521728814,2.09947932242786,1.536930535871761,-0.3269883609675617,17.672170051177403,0.9464443609254222,True,False
physics,14.700000000000001,0.0002034285935224034,False,0.5418866141611313,-9.576155230659644,0.1462021449535137,2.100901012746562,1.5365106276703955,-0.3270188621684156,17.671880021402693,0.9464435290472225,True,False
physics,14.75,0.00024439530284325883,False,0.5422292798301365,-9.58205278972303,0.14643698739858488,2.102324621981769,1.5360902214524685,-0.3270493907564287,17.671588654756505,0.9464426933085175,True,False
physics,14.8,0.00028581147876138857,False,0.5425724324202816,-9.587958008967929,0.14667228314937147,2.103750153578574,1.5356693162402735,-0.3270799467998131,17.671295915641007,0.9464418536068353,True,False
physics,14.850000000000001,0.00032767966240498936,False,0.5429160722552707,-9.593870904825796,0.14690803393901075,2.1051776124588093,1.5352479111015782,-0.3271105303497279,17.671001827175427,0.9464410100081234,True,False
physics,14.9,0.00037000240786255745,False,0.5432602003275293,-9.599791493232331,0.1471442406363649,2.1066070008840345,1.5348260050814133,-0.32714114137206707,17.670706389764348,0.9464401625131752,True,False
physics,14.950000000000001,0.00041278228331975697,False,0.5436048188348522,-9.605719790160713,0.14738090478069218,2.1080383244628917,1.534403597167966,-0.3271717799691487,17.670409564707963,0.9464393110106022,True,False
physics,15.0,0.00045602186992255156,False,0.5439499282414652,-9.611655811755448,0.14761802697862816,2.109471585941612,1.5339806864858474,-0.32720244612960414,17.67011137004642,0.9464384555517777,True,False
physics,15.05,0.0004997237640509411,False,0.5442955302171388,-9.617599574466713,0.1478556081728065,2.1109067892104303,1.5335572720118762,-0.3272331398932238,17.66981178520777,0.9464375960773044,True,False
physics,15.100000000000001,0.0005438905741357303,False,0.5446416253643227,-9.623551093712177,0.1480936503793353,2.112343938838277,1.5331333528138202,-0.32726386135664143,17.66951082241423,0.9464367326218628,True,False
physics,15.15,0.0005885249242965074,False,0.5449882156267436,-9.629510386419698,0.1483321541452328,2.1137830384669543,1.5327089279480788,-0.3272946104800667,17.669208453150926,0.9464358651032565,True,False
physics,15.200000000000001,0.0006336294522952812,False,0.5453353017461302,-9.635477468618602,0.14857112035396877,2.1152240918138863,1.5322839963573642,-0.3273253873601334,17.668904686284556,0.9464349935465326,True,False
physics,15.25,0.0006792068083996128,False,0.5456828847342493,-9.641452357046765,0.14881055056181694,2.116667103141843,1.5318585571321819,-0.3273561919684198,17.66859952322347,0.9464341179553392,True,False
physics,15.3,0.0007252596594753413,False,0.5460309668132631,-9.64743506713935,0.1490504462616141,2.1181120761196586,1.5314326092834563,-0.32738702441292844,17.66829292383095,0.9464332382141137,True,False
physics,15.350000000000001,0.0007717906851212319,False,0.5463795481960508,-9.653425615979618,0.14929080767385308,2.119559014626287,1.5310061518448492,-0.3274178846425002,17.66798491607485,0.9464323544027022,True,False
physics,15.4,0.0008188025799427123,False,0.5467286303054291,-9.659424020019308,0.1495316364977456,2.1210079230201893,1.53057918387276,-0.3274487727765063,17.667675487605408,0.9464314664852643,True,False
physics,15.450000000000001,0.0008662980524150043,False,0.5470782147020415,-9.665430296152463,0.14977293416760065,2.1224588047961386,1.5301517042644264,-0.32747968883199974,17.667364622472864,0.9464305744156225,True,False
physics,15.5,0.0009142798260199925,False,0.5474283022775223,-9.671444460371319,0.15001470178477042,2.1239116642644245,1.5297237121558283,-0.32751063279761183,17.667052324723098,0.9464296782049743,True,False
physics,15.55,0.0009627506387914764,False,0.5477788943294779,-9.677466529379094,0.15025693957818353,2.1253665050724417,1.529295206489678,-0.3275416047699764,17.66673858660625,0.946428777830664,True,False
physics,15.600000000000001,0.0010117132428604236,False,0.5481299926973903,-9.683496520053282,0.1504996498651618,2.1268233321558796,1.5288661863110065,-0.32757260473772476,17.666423383256305,0.9464278732209087,True,False
physics,15.65,0.001061170406273959,False,0.5484815976077438,-9.689534449311397,0.15074283348594264,2.1282821485752104,1.5284366505852631,-0.32760363277475335,17.666106741909392,0.9464269644534504,True,False
physics,15.700000000000001,0.0011111249109490018,False,0.5488337118498973,-9.69558033343679,0.15098649141761694,2.1297429589490573,1.5280065983574787,-0.3276346889094839,17.665788606091446,0.9464260513657775,True,False
physics,15.75,0.001161579553354386,False,0.5491863348463344,-9.701634189696051,0.1512306245046551,2.1312057669624274,1.5275760285817341,-0.3276657731589694,17.665469029579235,0.9464251341118031,True,False
physics,15.8,0.0012125371465572243,False,0.5495394689886068,-9.707696034586654,0.15147523514626338,2.1326705769841805,1.5271449403257975,-0.32769688555163157,17.665147969176925,0.9464242125671133,True,False
physics,15.850000000000001,0.0012640005170396762,False,0.5498931153229486,-9.713765885185692,0.15172032311289596,2.134137392177659,1.5267133325323812,-0.32772802617273555,17.664825426084597,0.9464232867347115,True,False
physics,15.9,0.001315972507427432,False,0.550247275438803,-9.719843758340499,0.15196589040494002,2.1356062176738444,1.526281204201041,-0.32775919503365003,17.664501383653853,0.9464223565663646,True,False
physics,15.950000000000001,0.0013684559755802184,False,0.5506019501178308,-9.725929671614812,0.152211938215977,2.1370770574662115,1.525848554319964,-0.32779039212869066,17.664175852507295,0.9464214220921165,True,False
physics,16.0,0.0014214537943644245,False,0.5509571408202603,-9.732023641666792,0.15245846740407656,2.1385499151517164,1.5254153818773375,-0.32782161752606953,17.663848819851648,0.9464204832747917,True,False
physics,16.05,0.001474968851880476,False,0.5513128491452213,-9.738125685465132,0.15270547937104093,2.1400247953515525,1.5249816858954546,-0.32785287133378915,17.66352026905147,0.9464195400661773,True,False
physics,16.1,0.0015290040516902081,False,0.5516690756116331,-9.744235820560982,0.15295297545426248,2.1415017018171603,1.524547465271553,-0.3278841534836374,17.66319021916824,0.9464185925205361,True,False
physics,16.150000000000002,0.0015835623139537347,False,0.5520258226378228,-9.750354064005023,0.15320095672315637,2.1429806382411347,1.5241127190279258,-0.32791546407224814,17.66285862754306,0.9464176405149328,True,False
physics,16.2,0.0016386465740652056,False,0.5523830907485867,-9.756480433024295,0.15344942452101912,2.144461610020692,1.5236774461868663,-0.32794680310530566,17.662525512506843,0.9464166841015252,True,False
physics,16.25,0.0016942597826528072,False,0.5527408808772104,-9.762614945158468,0.15369837937988218,2.1459446202582635,1.5232416456683495,-0.3279781706567064,17.662190879865825,0.9464157232965141,True,False
physics,16.3,0.0017504049062608829,False,0.5530991957249554,-9.768757617989122,0.15394782393836012,2.1474296736256986,1.522805316449194,-0.3280095667093974,17.661854679041912,0.9464147579542003,True,False
physics,16.35,0.0018070849271225597,False,0.5534580351454785,-9.77490846818852,0.1541977577154979,2.1489167737187556,1.5223684574948493,-0.3280409913600124,17.661516948830908,0.9464137881854965,True,False
physics,16.400000000000002,0.0018643028458882327,False,0.5538174015758782,-9.781067513692712,0.15444818308495953,2.150405925501684,1.5219310677935027,-0.32807244461992013,17.661177647832744,0.94641281387104,True,False
physics,16.45,0.001922061676168596,False,0.5541772954180305,-9.787234772208537,0.15469910133752776,2.1518971328620546,1.5214931462651293,-0.3281039265061736,17.660836799215616,0.9464118350768689,True,False
physics,16.5,0.0019803644488547434,False,0.5545377185724452,-9.793410261485255,0.15495051335862145,2.153390399628674,1.5210546918865475,-0.3281354370585632,17.66049437844657,0.9464108517320403,True,False
physics,16.55,0.002039214211890794,False,0.5548986728079529,-9.799593998497254,0.1552024196951976,2.154885730048224,1.5206157036459444,-0.32816697636235403,17.66015036386442,0.9464098637738466,True,False
physics,16.6,0.0020986140293643984,False,0.55526015839816,-9.805786001350159,0.1554548230084099,2.156383129468093,1.5201761804519265,-0.32819854440617746,17.65980478347004,0.946408871282198,True,False
physics,16.650000000000002,0.002158566981279364,False,0.5556221776632827,-9.811986288056634,0.15570772330605734,2.157882600725157,1.519736121247206,-0.32823014125824557,17.65945759998601,0.9464078741495278,True,False
physics,16.7,0.002219076164692524,False,0.5559847308819266,-9.818194875717245,0.1559611226431397,2.1593841488467636,1.519295525031339,-0.3282617669356114,17.659108839451772,0.946406872450111,True,False
physics,16.75,0.0022801446932589897,False,0.5563478207914596,-9.824411782839245,0.15621502185054667,2.1608877779164124,1.5188543907243002,-0.3282934214951183,17.65875845233482,0.9464058660411637,True,False
physics,16.8,0.002341775696777404,False,0.5567114476762597,-9.830637027017877,0.15646942258102242,2.162393492232385,1.5184127172233275,-0.32832510494813505,17.65840646541656,0.9464048549990854,True,False
physics,16.85,0.0024039723234636767,False,0.5570756133253634,-9.836870626437607,0.1567243258760239,2.163901296240025,1.5179705035279767,-0.328356817351505,17.65805285878189,0.946403839266147,True,False
physics,16.900000000000002,0.0024667377367677545,False,0.5574403192584982,-9.843112599189855,0.15697973271111088,2.165411193711339,1.5175277485354854,-0.3283885587450186,17.657697620945445,0.9464028188088233,True,False
physics,16.95,0.002530075118102104,False,0.5578055667252728,-9.849362963135832,0.15723564468019585,2.1669231895225343,1.5170844511885662,-0.32842032915141317,17.657340748603147,0.9464017936170851,True,False
physics,17.0,0.0025939876663869654,False,0.5581713567043625,-9.85562173617979,0.15749206324405998,2.1684372876712503,1.5166406104526686,-0.32845212861616346,17.65698224711996,0.9464007637058042,True,False
physics,17.05,0.0026584785962313617,False,0.5585376911361845,-9.861888937228528,0.1577489895243698,2.1699534927129815,1.5161962252022931,-0.3284839572131659,17.65662209325095,0.9463997290076562,True,False
physics,17.1,0.002723551141571079,False,0.5589045712801511,-9.868164583451676,0.15800642443979204,2.171471808597098,1.5157512943574147,-0.32851581490263015,17.656260282232072,0.9463986895084014,True,False
physics,17.150000000000002,0.0027892085524854338,False,0.5592719983987151,-9.874448694118614,0.1582643701461917,2.1729922405174813,1.5153058169062206,-0.32854770180392734,17.65589681298319,0.9463976452043801,True,False
physics,17.2,0.002855454096561516,False,0.5596399737573782,-9.880741287309535,0.15852282681374863,2.174514791964273,1.5148597916549988,-0.3285796179056888,17.655531682218882,0.9463965960855928,True,False
physics,17.25,0.0029222910602584307,False,0.5600084993116303,-9.887042381835267,0.1587817964677636,2.1760394677412176,1.514413217614674,-0.3286115632590736,17.655164866227114,0.9463955420833414,True,False
physics,17.3,0.0029897227466335607,False,0.5603775763343462,-9.893351995039964,0.15904128003868367,2.177566271907595,1.5139660936370092,-0.3286435378868191,17.654796360261837,0.9463944831834141,True,False
physics,17.35,0.003057752475797315,False,0.5607472058263756,-9.899670146235486,0.15930127969717658,2.179095209426599,1.5135184186988226,-0.3286755418628218,17.654426171676235,0.9463934194063637,True,False
physics,17.400000000000002,0.003126383587868986,False,0.5611173893415338,-9.905996854229905,0.15956179541699958,2.1806262842411734,1.51307019162914,-0.32870757519276594,17.654054289521312,0.9463923507201467,True,False
physics,17.45,0.003195619440475639,False,0.5614881288505569,-9.912332136775115,0.15982282944420592,2.1821595014055664,1.512621411359305,-0.3287396379562324,17.65368068790166,0.9463912770497579,True,False
physics,17.5,0.003265463407842617,False,0.561859424950936,-9.918676013595276,0.16008438265227157,2.183694864539355,1.5121720768092928,-0.3287717301475368,17.653305387662435,0.9463901984545101,True,False
physics,17.55,0.0033359188842041476,False,0.562231280034127,-9.925028502807763,0.16034645681304888,2.1852323784429246,1.5117221868649722,-0.32880385182352256,17.652928350420705,0.946389114823494,True,False
physics,17.6,0.003406989280392736,False,0.5626036944278489,-9.931389623815653,0.16060905315081314,2.1867720473074526,1.5112717403553688,-0.32883600300692706,17.652549604949854,0.9463880262388028,True,False
physics,17.650000000000002,0.0034786780281592655,False,0.5629766708075205,-9.937759394274446,0.1608721722715732,2.18831387657677,1.5108207362686699,-0.32886818378869975,17.652169103241807,0.9463869325618436,True,False
physics,17.7,0.0035509885753981507,False,0.5633502099211433,-9.94413783450716,0.1611358165785931,2.189857870326569,1.5103691734339009,-0.32890039412905026,17.651786862561252,0.9463858338416226,True,False
physics,17.75,0.003623924389557942,False,0.5637243130714222,-9.95052496253647,0.16139998696054886,2.1914040319513464,1.5099170507141935,-0.3289326341530341,17.651402878690043,0.9463847300653969,True,False
physics,17.8,0.003697488957641326,False,0.5640989822557572,-9.956920797673646,0.16166468416997343,2.192952366997587,1.509464367086366,-0.3289649038549669,17.65101712798211,0.9463836211645691,True,False
physics,17.85,0.0037716857841587625,False,0.5644742189228541,-9.963325359138594,0.16192991034512536,2.194502880194945,1.5090111213112323,-0.3289972032462174,17.650629603865518,0.9463825071196127,True,False
physics,17.900000000000002,0.0038465183934022207,False,0.5648500238325792,-9.969738666059552,0.16219566652168305,2.1960555761461205,1.5085573123542417,-0.3290295323893133,17.65024032116279,0.9463813879725035,True,False
physics,17.95,0.003921990328308311,False,0.5652263989936731,-9.976160738027064,0.16246195449991838,2.1976104582872895,1.5081029389989453,-0.32906189134678243,17.64984925649011,0.9463802636553751,True,False
physics,18.0,0.003998105151367781,False,0.5656033464197763,-9.982591593570316,0.1627287747673907,2.1991675319346853,1.5076480001425807,-0.3290942801243091,17.64945638451278,0.9463791340947376,True,False
physics,18.05,0.004074866445307634,False,0.5659808667421722,-9.98903125209608,0.16299612982439166,2.200726802140059,1.507192494705123,-0.32912669880147405,17.649061724636883,0.94637799934573,True,False
physics,18.1,0.004152277809453153,False,0.5663589617041808,-9.995479733474957,0.16326401988692468,2.2022882727875994,1.506736421504229,-0.32915914740669905,17.648665262395497,0.9463768593660978,True,False
physics,18.150000000000002,0.004230342865639614,False,0.5667376331922772,-10.001937057487194,0.16353244690772775,2.2038519483960197,1.5062797793916616,-0.3291916259570371,17.64826697875882,0.9463757141004554,True,False
physics,18.2,0.004309065253210065,False,0.5671168824026427,-10.008403242432609,0.16380141207991541,2.2054178337730446,1.5058225672078152,-0.3292241344752256,17.647866873634744,0.9463745635478636,True,False
physics,18.25,0.004388448633108055,False,0.5674967108125173,-10.01487830915899,0.1640709170862537,2.206985934224893,1.5053647838726647,-0.32925667305221396,17.64746494269565,0.9463734076951995,True,False
physics,18.3,0.004468496683784906,False,0.567877119902758,-10.021362276060437,0.16434096312659768,2.208556253261806,1.504906428135655,-0.3292892416993709,17.64706117720762,0.9463722465166627,True,False
physics,18.35,0.0045492131068840536,False,0.5682581122717426,-10.027855164082355,0.16461155161259636,2.210128796630406,1.5044474988940237,-0.3293218404394338,17.64665553826182,0.9463710798996603,True,False
physics,18.400000000000002,0.004630601620192465,False,0.5686396875984536,-10.03435699213166,0.16488268333240938,2.2117035680015737,1.5039879949995338,-0.3293544693633521,17.646248074083505,0.9463699079821906,True,False
physics,18.45,0.004712665964916596,False,0.569021848349237,-10.0408677802769,0.16515436144605725,2.2132805728674874,1.5035279152584735,-0.3293871284824945,17.64583874838198,0.9463687306591785,True,False
physics,18.5,0.0047954099009075435,False,0.5694045965780113,-10.047387548635864,0.16542658535500263,2.2148598151296346,1.503067258545343,-0.32941981782528273,17.64542753784974,0.9463675478628728,True,False
physics,18.55,0.004878837209162157,False,0.56978793322711,-10.053916316817435,0.1656993573903909,2.2164413003740258,1.5026060236323246,-0.3294525374258228,17.64501445278954,0.9463663596221892,True,False
physics,18.6,0.0049629516911409155,False,0.5701718602188318,-10.060454104758,0.1659726790511086,2.218025032524425,1.502144209416656,-0.3294852873580112,17.644599473739024,0.9463651658804201,True,False
physics,18.650000000000002,0.005047757168313183,False,0.5705563790609514,-10.067000933001953,0.16624655142047642,2.219611017400869,1.5016818146932565,-0.32951806764458524,17.644182595190152,0.9463639666209888,True,False
physics,18.7,0.005133257483521447,False,0.570941490565771,-10.073556821025548,0.16652097649341543,2.2211992583206634,1.501218838245677,-0.32955087830828234,17.643763831287192,0.9463627618838509,True,False
physics,18.75,0.005219456500526576,False,0.5713271970867377,-10.080121789612281,0.16679595445076795,2.2227897604982276,1.500755278914312,-0.3295837194343676,17.643343150845904,0.9463615515785522,True,False
physics,18.8,0.005306358103553066,False,0.571713500003036,-10.086695859456821,0.1670714884139984,2.2243825296508537,1.500291135550924,-0.32961659102852536,17.642920552695113,0.9463603357009729,True,False
physics,18.85,0.005393966198880662,False,0.5721004015378176,-10.093279048783145,0.16734757807994458,2.2259775700389315,1.4998264069618017,-0.32964949314759906,17.642496005337883,0.9463591141597311,True,False
physics,18.900000000000002,0.0054822847125706176,False,0.5724879023777256,-10.099871380345968,0.16762422650904213,2.2275748856529964,1.4993610918736522,-0.32968242580295737,17.64206953264509,0.9463578870227446,True,False
physics,18.95,0.005571317592966807,False,0.5728760043332367,-10.10647287358972,0.1679014336833926,2.2291744821065036,1.4988951891609759,-0.32971538906849673,17.641641118050526,0.946356654241578,True,False
physics,19.0,0.0056610688111504714,False,0.5732647092192991,-10.113083548989334,0.16817920253249022,2.2307763641846474,1.4984286975959549,-0.3297483829669545,17.64121074671044,0.9463554157727407,True,False
physics,19.05,0.005751542357074868,False,0.5736540189957853,-10.119703427351212,0.1684575331842505,2.232380536403563,1.4979616160303522,-0.3297814075494898,17.640778399960208,0.946354171561734,True,False
physics,19.1,0.005842742245022237,False,0.5740439345031917,-10.12633252883054,0.1687364279450832,2.233987004133713,1.4974939431908751,-0.3298144628445243,17.64034409246813,0.9463529216499784,True,False
physics,19.150000000000002,0.0059346725086015795,False,0.5744344579902401,-10.132970874476069,0.16901588793188027,2.2355957718448543,1.4970256778610747,-0.32984754889753276,17.639907797188993,0.946351665958841,True,False
physics,19.200000000000003,0.006027337205978256,False,0.5748255905856051,-10.139618485247933,0.1692959147567533,2.2372068445806104,1.496556818915451,-0.32988066575967423,17.639469521386772,0.9463504045084218,True,False
physics,19.25,0.006120740415326509,False,0.5752173345470667,-10.146275382017402,0.169576509824624,2.2388202271155224,1.4960873650466056,-0.3299138134707391,17.63902923754324,0.9463491372187038,True,False
physics,19.3,0.00621488623892219,False,0.5756096912927449,-10.15294158528484,0.16985767426214404,2.240435924729028,1.4956173150608265,-0.3299469920534648,17.638586943320302,0.9463478640821332,True,False
physics,19.35,0.006309778799504784,False,0.57600266196235,-10.159617115601447,0.17013941018550166,2.2420539415154708,1.495146667730296,-0.3299802015476416,17.63814264501702,0.9463465851160145,True,False
physics,19.400000000000002,0.006405422243915382,False,0.5763962488268256,-10.166301995262033,0.17042171894035738,2.243674283201436,1.4946754218613023,-0.33001344203285043,17.63769631734094,0.9463453002467062,True,False
physics,19.450000000000003,0.006501820740140829,False,0.576790453598201,-10.172996244781958,0.17070460117002184,2.245296953975206,1.4942035761919215,-0.3300467135602503,17.637247949094153,0.9463440094411254,True,False
physics,19.5,0.006598978480724327,False,0.5771852775690813,-10.179699884868777,0.17098805970840517,2.2469219595889554,1.4937311294715983,-0.33008001608436643,17.636797542276888,0.9463427127041791,True,False
physics,19.55,0.006696899678445334,False,0.5775807221765991,-10.186412937412051,0.1712720949941306,2.2485493050319336,1.493258080506621,-0.33011334969614836,17.636345096534384,0.94634141003399,True,False
physics,19.6,0.006795588572458655,False,0.5779767904168783,-10.193135423224561,0.17155670909303,2.2501789948108946,1.4927844280236968,-0.33014671447517685,17.635890562097728,0.9463401012863946,True,False
physics,19.650000000000002,0.006895049422382726,False,0.5783734823222212,-10.199867363595379,0.17184190336862987,2.251811033868281,1.4923101707836395,-0.33018011039871453,17.635433980551806,0.9463387865802528,True,False
physics,19.700000000000003,0.006995286511937593,False,0.5787708007565617,-10.20660878085762,0.1721276794002189,2.253445427371208,1.491835307524525,-0.3302135375463422,17.634975308905826,0.9463374657908942,True,False
physics,19.75,0.007096304148035415,False,0.5791687468909826,-10.213359695133429,0.17241403855852325,2.2550821804288383,1.4913598370299042,-0.3302469959294285,17.6345145520359,0.9463361389314676,True,False
physics,19.8,0.007198106662826831,False,0.5795673226082572,-10.220120129430196,0.17270098264294967,2.2567212983757057,1.490883757969641,-0.33028048566166035,17.63405169814622,0.9463348059671057,True,False
physics,19.85,0.0073006984089261096,False,0.5799665297958573,-10.226890104401416,0.1729885129609461,2.258362786275972,1.4904070691613924,-0.33031400671461597,17.63358673129152,0.9463334668509797,True,False
physics,19.900000000000002,0.00740408376555024,False,0.5803663699201737,-10.233669642313384,0.17327663068129376,2.2600066485677517,1.4899297692977598,-0.33034755915082314,17.633119651162716,0.9463321215812833,True,False
physics,19.950000000000003,0.007508267134198832,False,0.5807668448773204,-10.240458764351866,0.1735653381118523,2.261652890481357,1.4894518571395565,-0.3303811429759662,17.632650442562767,0.9463307701133227,True,False
physics,20.0,0.007613252942064719,False,0.5811679559997174,-10.247257493034567,0.17385463621621966,2.2633015174733373,1.4889733313680154,-0.33041475832078504,17.632179109750417,0.9463294124584338,True,False
hybrid,0.0,0.0,False,0.46479807201649237,-8.07227402560784,0.09801123360375641,1.5113812251001946,1.6418692782508515,-0.31909789530573107,17.367270889457156,0.9455553301294205,True,False
hybrid,0.05,0.0004113370721370302,False,0.464924842626947,-8.076146030802413,0.09828390348944134,1.5125222943651921,1.6415630035794493,-0.31912168047938394,17.370863611352913,0.9455659776722736,True,False
hybrid,0.1,0.0008182878123079718,False,0.46505158525224083,-8.08004212184723,0.09855797943091094,1.5136742281716031,1.6412564275810837,-0.31914548474105686,17.374507211849778,0.9455767717484638,True,False
hybrid,0.15000000000000002,0.0012207870502152218,False,0.4651783441409487,-8.083962656231552,0.09883345283780055,1.5148370502414668,1.6409495497555326,-0.3191693081021185,17.378200765472688,0.945587709441138,True,False
hybrid,0.2,0.001618770827917615,False,0.46530516545295497,-8.087907982706144,0.09911031504557313,1.5160107818382402,1.64064236963668,-0.3191931506250967,17.381943256170185,0.9455987875675584,True,False
hybrid,0.25,0.002012176465086668,False,0.465432096808356,-8.091878445136393,0.09938855674547431,1.5171954424444638,1.64033488675841,-0.3192170123327287,17.385733602442688,0.9456100027541384,True,False
hybrid,0.30000000000000004,0.0024009426267639356,False,0.4655591851245728,-8.095874377700863,0.09966816769784484,1.5183910487310388,1.6400271006432376,-0.3192408931965929,17.38957072780037,0.9456213516453512,True,False
hybrid,0.35000000000000003,0.002785009388162507,False,0.46568648037943006,-8.099896108403652,0.09994913832699105,1.5195976155199031,1.6397190108364157,-0.319264793313323,17.39345342773115,0.945632830510646,True,False
hybrid,0.4,0.0031643183003779995,False,0.46581403265110977,-8.103943954835584,0.10023145772534173,1.5208151552086744,1.639410616837722,-0.3192887126601818,17.397380471157597,0.945644435545172,True,False
hybrid,0.45,0.0035388124592827808,False,0.4659418918900014,-8.10801822745989,0.10051511456370932,1.5220436783355653,1.639101918203778,-0.31931265124285346,17.40135061599916,0.9456561629160773,True,False
hybrid,0.5,0.003908436566234741,False,0.46607010986076947,-8.112119226737848,0.1008000970902306,1.5232831929462927,1.6387929144343616,-0.31933660911249717,17.405362530459648,0.9456680085303907,True,False
hybrid,0.55,0.004273136998563132,False,0.46619873968965114,-8.116247242417726,0.10108639421530205,1.5245337040162323,1.638483605086094,-0.3193605862861659,17.40941480841565,0.9456799680811766,True,False
hybrid,0.6000000000000001,0.004632861868230975,False,0.4663278341522857,-8.120402555452209,0.10137399231079942,1.5257952152154814,1.638173989636016,-0.31938458278091275,17.413506037472303,0.9456920372489108,True,False
hybrid,0.65,0.004987561089365045,False,0.4664574470459989,-8.124585435458767,0.10166287897990087,1.527067727017467,1.6378640676066425,-0.31940859863652804,17.417634742269588,0.9457042115345605,True,False
hybrid,0.7000000000000001,0.00533718644169312,False,0.46658763330686426,-8.128796141263575,0.10195304054144531,1.528351238350978,1.6375538385887012,-0.3194326338643805,17.42179938129103,0.945716486250763,True,False
hybrid,0.75,0.005681691628979024,False,0.4667184480962033,-8.133034920759771,0.10224446345852148,1.52964574476354,1.6372433020137578,-0.31945668847583875,17.425998380683964,0.9457288566220485,True,False
hybrid,0.8,0.00602103234336937,False,0.4668499473741723,-8.137302008473243,0.10253713290628565,1.53095123984544,1.636932457461171,-0.31948076249932456,17.430230107643848,0.9457413177068661,True,False
hybrid,0.8500000000000001,0.006355166323828598,False,0.46698218801643726,-8.141597628854095,0.10283103443130527,1.5322677150527977,1.6366213044307187,-0.31950485596894396,17.434492873136136,0.9457538644061502,True,False
hybrid,0.9,0.006684053413209767,False,0.46711522632513275,-8.14592199246549,0.10312615240378534,1.5335951587270689,1.636309842422179,-0.31952896890175,17.438784979352334,0.9457664916034437,True,False
hybrid,0.9500000000000001,0.007007655619645448,False,0.46724912066729046,-8.15027529755549,0.10342247150670306,1.5349335569480131,1.6359980709580668,-0.3195531013261643,17.443104624607688,0.9457791938855159,True,False
hybrid,1.0,0.007325937166797303,False,0.46738392814983276,-8.15465772830342,0.10371997547341068,1.536282893815069,1.6356859896063725,-0.31957725325924,17.447450023761235,0.9457919658970779,True,False
hybrid,1.05,0.007638864552973246,False,0.46751970737382686,-8.1590694569673,0.10401864737246924,1.5376431501210817,1.635373597753187,-0.31960142473508313,17.45181931003251,0.9458048020524304,True,False
hybrid,1.1,0.00794640659887591,False,0.4676565168289427,-8.163510640864976,0.10431847018072461,1.5390143040336486,1.6350608950574497,-0.3196256157252719,17.45621058853113,0.9458176966933066,True,False
hybrid,1.1500000000000001,0.008248534502172333,False,0.4677944153532095,-8.167981423716444,0.10461942649555188,1.5403963323535865,1.6347478809279892,-0.3196498263378089,17.46062192202356,0.9458306440474252,True,False
hybrid,1.2000000000000002,0.00854522188296869,False,0.4679334619037618,-8.172481933883438,0.10492149813115852,1.541789208152586,1.634434554910058,-0.31967405653858805,17.465051335790648,0.9458436382431438,True,False
hybrid,1.25,0.008836444831786139,False,0.46807371590251867,-8.177012285366663,0.10522466669223107,1.543192902663347,1.634120916514803,-0.3196983063503467,17.469496806929474,0.9458566732784612,True,False
hybrid,1.3,0.009122181951397579,False,0.46821523643107144,-8.181572578921282,0.10552891299748338,1.5446073843534476,1.6338069652761078,-0.3197225758242439,17.47395629686164,0.9458697431166989,True,False
hybrid,1.35,0.00940241440457612,False,0.46835808165360826,-8.18616289775936,0.10583421823009091,1.5460326188030944,1.6334927006255384,-0.3197468649602797,17.478427763767602,0.945882841723104,True,False
hybrid,1.4000000000000001,0.009677125945700027,False,0.4685023122736193,-8.19078331165623,0.10614056209379794,1.5474685695625587,1.6331781221424535,-0.31977117378119146,17.482909042447943,0.9458959627132615,True,False
hybrid,1.4500000000000002,0.009946302964863207,False,0.4686479866952375,-8.195433873455602,0.10644792436651851,1.5489151968203925,1.632863229292525,-0.3197955023438226,17.487398017534012,0.9459090998608041,True,False
hybrid,1.5,0.01020993451720642,False,0.4687951630949286,-8.200114621334984,0.10675628490052479,1.5503724592992956,1.6325480215755306,-0.3198198506254357,17.4918925511066,0.9459222468854246,True,False
hybrid,1.55,0.010468012358614942,False,0.4689439011530637,-8.204825577036257,0.1070656214285779,1.5518403121738111,1.6322324985367231,-0.3198442186885586,17.496390414422287,0.9459353972534952,True,False
hybrid,1.6,0.01072053097141179,False,0.4690942588227493,-8.209566747210353,0.10737591377558536,1.5533187093720198,1.6319166596304058,-0.3198686065275069,17.500889411465593,0.9459485445396874,True,False
hybrid,1.6500000000000001,0.010967487594143677,False,0.4692462932501891,-8.21433812164499,0.10768713895116816,1.5548076002201405,1.6316005043904624,-0.3198930141877554,17.50538734094024,0.9459616823157407,True,False
hybrid,1.7000000000000002,0.011208882241362517,False,0.4694000632013443,-8.219139674147005,0.10799927565296545,1.5563069335365078,1.631284032282565,-0.319917441669304,17.509881907752302,0.945974803892121,True,False
hybrid,1.75,0.011444717725680675,False,0.469555624437583,-8.223971362964527,0.10831230022101683,1.5578166543903467,1.63096724281786,-0.31994188902899623,17.514370896557583,0.9459879028249385,True,False
hybrid,1.8,0.011674999674823994,False,0.4697130339915472,-8.228833129358133,0.10862618941025755,1.5593367050183966,1.6306501355074943,-0.3199663562554633,17.51885200934453,0.9460009724417363,True,False
hybrid,1.85,0.011899736547093198,False,0.46987234704298964,-8.233724899179188,0.10894092015991576,1.5608670269605434,1.6303327098512455,-0.3199908433884957,17.52332298547858,0.946014006191872,True,False
hybrid,1.9000000000000001,0.012118939638185111,False,0.47003361934771476,-8.238646581903465,0.10925646843509498,1.5624075573496057,1.6300149653034168,-0.32001535045083074,17.527781509196252,0.946026997376688,True,False
hybrid,1.9500000000000002,0.012332623093016082,False,0.47019690399250863,-8.243598070705339,0.10957280951415997,1.5639582315668976,1.629696901409261,-0.3200398774765745,17.53222533093642,0.9460399395030736,True,False
hybrid,2.0,0.012540803908677844,False,0.47036225510055374,-8.248579242880234,0.1098899191470546,1.5655189827737337,1.629378517600344,-0.3200644244373052,17.53665213021155,0.9460528258837975,True,False
hybrid,2.0500000000000003,0.012743501935119639,False,0.47052972551274985,-8.253589959920156,0.11020777210567788,1.5670897413834624,1.6290598134332868,-0.32008899144670977,17.54105960240021,0.946065649890336,True,False
hybrid,2.1,0.0129407398726471,False,0.47069936550705993,-8.258630067473348,0.11052634252976314,1.5686704352867036,1.628740788351024,-0.3201135784536291,17.545445506553328,0.9460784050916096,True,False
hybrid,2.15,0.013132543267374786,False,0.47087122650987495,-8.263699395419971,0.11084560508711057,1.5702609896125281,1.6284214418647025,-0.32013818552627527,17.54980752735943,0.9460910848522238,True,False
hybrid,2.2,0.013318940502813348,False,0.4710453573791363,-8.268797758761783,0.1111655332893965,1.57186132823258,1.6281017734627312,-0.3201628126475953,17.554143415761065,0.9461036827412611,True,False
hybrid,2.25,0.013499962783043884,False,0.47122180660753515,-8.273924955606894,0.11148610111746755,1.5734713711410218,1.6277817825880447,-0.32018745987443253,17.55845090271463,0.9461161922812359,True,False
hybrid,2.3000000000000003,0.013675644123850361,False,0.4714006204597678,-8.279080770384732,0.1118072813352752,1.575091037877331,1.6274614688200018,-0.3202121272522618,17.562727775601896,0.9461286071697739,True,False
hybrid,2.35,0.013846021327708513,False,0.4715818455281321,-8.284264973345314,0.11212904665098782,1.5767202435085481,1.6271408315446934,-0.32023681471855525,17.56697178210419,0.9461409210001681,True,False
hybrid,2.4000000000000004,0.014011133964231703,False,0.47176552535537686,-8.289477317843843,0.11245137041574248,1.578358902636466,1.6268198703073722,-0.32026152239268413,17.571180750436252,0.9461531276100197,True,False
hybrid,2.45,0.014171024343340832,False,0.47195170380660734,-8.294717544959077,0.11277422429445012,1.5800069267742354,1.62649858457371,-0.3202862502575954,17.575352473688753,0.9461652207452613,True,False
hybrid,2.5,0.014325737485933132,False,0.4721404213388525,-8.299985381129842,0.11309758012710237,1.5816642247465587,1.6261769737866416,-0.32031099829055165,17.57948484392314,0.9461771944485815,True,False
hybrid,2.5500000000000003,0.0144753210925046,False,0.4723317184921724,-8.305280538700755,0.11342140998755128,1.5833307041993891,1.6258550374800507,-0.3203357666109241,17.58357572346349,0.9461890426858267,True,False
hybrid,2.6,0.014619825505178596,False,0.4725256336721613,-8.310602717636888,0.1137456855421409,1.5850062696710026,1.6255327751196091,-0.320360555173238,17.58762303126774,0.9462007595958978,True,False
hybrid,2.6500000000000004,0.014759303671780799,False,0.47272220337802895,-8.31595160409059,0.11407037705601754,1.5866908245109095,1.625210186170989,-0.32038536405138984,17.591624731534868,0.9462123394571421,True,False
hybrid,2.7,0.014893811101273968,False,0.47292146383348493,-8.321326871417579,0.11439545631056876,1.5883842691241812,1.624887270088493,-0.3204101931999048,17.595578775311218,0.9462237765179071,True,False
hybrid,2.75,0.015023405819874824,False,0.4731234479465871,-8.326728182014461,0.1147208938601325,1.590086502658949,1.624564026394637,-0.3204350427211011,17.599483217653802,0.9462350653349957,True,False
hybrid,2.8000000000000003,0.01514814832285083,False,0.47332818740652616,-8.332155186003977,0.11504666008149723,1.5917974215411541,1.6242404545550926,-0.3204599125808727,17.603336136936548,0.9462462005395623,True,False
hybrid,2.85,0.01526810152267899,False,0.473535712563467,-8.337607521671496,0.11537272505642304,1.5935169206377595,1.6239165539673195,-0.32048480281900993,17.607135640385355,0.946257176852649,True,False
hybrid,2.9000000000000004,0.015383330696522535,False,0.4737460518396898,-8.34308481660536,0.11569905939045755,1.595244892608785,1.6235923242106765,-0.32050971349235624,17.610879888511587,0.9462679891552416,True,False
hybrid,2.95,0.015493903429160127,False,0.47395923160748143,-8.34858668825505,0.11602563263286082,1.5969812287216185,1.6232677646598859,-0.3205346445838586,17.614567100929673,0.9462786325044296,True,False
hybrid,3.0,0.015599889551140222,False,0.4741752766526635,-8.354112743905041,0.1163524142701079,1.5987258177339998,1.6229428749284125,-0.3205595961446761,17.618195539166592,0.9462891020831569,True,False
hybrid,3.0500000000000003,0.015701361084211385,False,0.4743942098187118,-8.359662582407557,0.11667937425341211,1.6004785471774476,1.6226176542886606,-0.3205845681577557,17.621763523636123,0.9462993932486187,True,False
hybrid,3.1,0.015798392167425845,False,0.47461605176709676,-8.365235791345027,0.11700648217865688,1.60223930294346,1.6222921023540948,-0.3206095607026782,17.625269436630873,0.9463095015402424,True,False
hybrid,3.1500000000000004,0.01589105899779497,False,0.47484082167595804,-8.37083195204854,0.1173337071094018,1.6040079682228225,1.621966218522175,-0.3206345737794436,17.628711707017015,0.9463194226349361,True,False
hybrid,3.2,0.015979439758893932,False,0.47506853664904797,-8.37645063735023,0.11766101822145587,1.6057844259649785,1.6216400022926791,-0.32065960741078925,17.63208882750795,0.9463291523962883,True,False
hybrid,3.25,0.016063614549921112,False,0.4752992118278775,-8.382091411561326,0.1179883842156386,1.6075685564097861,1.6213134531085416,-0.32068466163650555,17.635399350497504,0.9463386868619318,True,False
hybrid,3.3000000000000003,0.01614366531316591,False,0.4755328605042093,-8.387753833741979,0.11831577484491694,1.609360239020359,1.620986570446803,-0.32070973643385514,17.638641890801008,0.9463480222508301,True,False
hybrid,3.35,0.01621967576170391,False,0.4757694941152735,-8.393437455688014,0.11864315821169774,1.6111593509519027,1.6206593537276603,-0.3207348318824188,17.641815121619338,0.9463571549510608,True,False
hybrid,3.4000000000000004,0.016291731297542356,False,0.4760091211797738,-8.39914182297133,0.11897050411767082,1.6129657691641306,1.6203318024622604,-0.3207599479935652,17.644917816184527,0.9463660816390427,True,False
hybrid,3.45,0.016359918939087947,False,0.47625174988081237,-8.404866477278764,0.11929778071235726,1.6147793681835214,1.6200039160366941,-0.32078508476161005,17.647948756896287,0.9463747990174959,True,False
hybrid,3.5,0.016424327239292325,False,0.47649738547319653,-8.41061095451706,0.11962495637379228,1.616600021334024,1.6196756940189516,-0.32081024224908106,17.650906827462887,0.9463833040800177,True,False
hybrid,3.5500000000000003,0.01648504620652602,False,0.47674603086520473,-8.416374786094478,0.11995200029847389,1.6184276013232963,1.6193471357837552,-0.3208354204616626,17.653790993960314,0.9463915940559334,True,False
hybrid,3.6,0.016542167219995463,False,0.4769976879097573,-8.42215750091397,0.12027888156002617,1.6202619785310872,1.6190182407854081,-0.32086061943346067,17.656600261147073,0.9463996662841875,True,False
hybrid,3.6500000000000004,0.016595782950162175,False,0.47725235622174245,-8.427958623832774,0.12060556857790933,1.6221030238350425,1.618689008535057,-0.3208858391872127,17.659333712994705,0.9464075183293613,True,False
hybrid,3.7,0.016645987274387153,False,0.4775100335263707,-8.433777677186608,0.12093203035529747,1.623950605896736,1.6183594384187927,-0.320911079745656,17.661990502909187,0.9464151479530486,True,False
hybrid,3.75,0.016692875190528866,False,0.477770715181802,-8.439614181846189,0.1212582348269681,1.6258045919827266,1.61802952987955,-0.3209363411258437,17.664569873510843,0.9464225531701526,True,False
hybrid,3.8000000000000003,0.016736542733951865,False,0.4780343953547696,-8.445467656977044,0.12158415169278762,1.6276648494972419,1.6176992824512126,-0.32096162337893475,17.66707111254893,0.946429732121835,True,False
hybrid,3.85,0.016777086892716397,False,0.47830106536213657,-8.451337620153339,0.12190974976192237,1.6295312444454282,1.6173686955312405,-0.3209869264992449,17.669493614350554,0.9464366832514762,True,False
hybrid,3.9000000000000004,0.016814605520266923,False,0.4785707166209952,-8.457223589483137,0.12223499771947509,1.631403641725462,1.6170377685511994,-0.3210122505151958,17.671836775129826,0.9464434050038418,True,False
hybrid,3.95,0.01684919725016698,False,0.47884333603280466,-8.463125082071079,0.12255986471797273,1.6332819060133859,1.6167065009540238,-0.32103759543815613,17.674100160164464,0.9464498963043372,True,False
hybrid,4.0,0.016880961410606687,False,0.4791189109454308,-8.469041616265827,0.12288432014173623,1.6351659008151387,1.616374892228123,-0.32106296134770673,17.67628332506042,0.9464561560458783,True,False
hybrid,4.05,0.016909997938682864,False,0.4793974261921714,-8.474972710833908,0.12320833337051329,1.637055489233663,1.6160429417595878,-0.32108834825521626,17.67838592324154,0.946462183396923,True,False
hybrid,4.1000000000000005,0.01693640729422441,False,0.4796788642037487,-8.480917886501915,0.12353187372019296,1.6389505333751186,1.6157106490481965,-0.3211137561436317,17.680407704808847,0.9464679777977987,True,False
hybrid,4.15,0.01696029037725566,False,0.47996320737422493,-8.486876666198839,0.12385491085777094,1.6408508955323733,1.6153780134686713,-0.32113918506979644,17.682348429640488,0.946473538711362,True,False
hybrid,4.2,0.016981748439548028,False,0.48025043450077587,-8.492848574468457,0.12417741444625262,1.6427564372954564,1.6150450345435274,-0.3211646350337105,17.684207997223034,0.9464788659948216,True,False
hybrid,4.25,0.017000883003220224,False,0.4805405246924886,-8.498833139254549,0.12449935461957493,1.6446670196684587,1.6147117116361187,-0.321190106103586,17.685986306135558,0.9464839594968745,True,False
hybrid,4.3,0.01701779577842899,False,0.48083345321335036,-8.504829891315804,0.12482070121166862,1.6465825027710137,1.6143780442348543,-0.32121559826805424,17.687683405717884,0.9464888194919854,True,False
hybrid,4.3500000000000005,0.017032588578331342,False,0.481129196107626,-8.510838365540602,0.12514142506310263,1.6485027479754126,1.6140440317485627,-0.3212411115669056,17.68929932831757,0.9464934461997286,True,False
hybrid,4.4,0.01704536324155015,False,0.48142772687215907,-8.516858101195654,0.1254614961804676,1.6504276149963597,1.6137096735747036,-0.3212666460171931,17.690834212083647,0.9464978401363435,True,False
hybrid,4.45,0.017056221547818495,False,0.4817290174015583,-8.52288864134255,0.12578088617331473,1.6523569641472826,1.6133749692244237,-0.32129220166439154,17.692288264707262,0.9465020020107388,True,False
hybrid,4.5,0.014382617719320478,True,0.4815538152259594,-9.931190989912738,0.12691662276384796,3.521382412309894,1.613039918083814,-0.3213177785028165,20.62322148824161,0.9537534219614878,False,False
hybrid,4.55,0.014379281395576982,False,0.481858497985025,-8.53049359583822,0.12723947822194695,1.6484896254577317,1.612704519595809,-0.3213433766120488,17.70331670295317,0.9465335471840616,True,False
hybrid,4.6000000000000005,0.014374108352285475,False,0.4821659485559636,-8.536602745467382,0.12756143489462543,1.6505094189510248,1.6123687731578684,-0.3213689959579824,17.704698498584587,0.9465374969783303,True,False
hybrid,4.65,0.014367203605161194,False,0.48247613421209606,-8.542721087771133,0.12788246418327087,1.6525335133230818,1.612032678247033,-0.321394636569039,17.705997213150777,0.9465412087575329,True,False
hybrid,4.7,0.01435867178429362,False,0.48278901941430785,-8.548848171257577,0.12820253695207798,1.6545617545355615,1.6116962342607621,-0.3214202985134307,17.707213353005734,0.9465446840675859,True,False
hybrid,4.75,0.014348617055475188,False,0.4831045690262868,-8.554983551006245,0.12852162489923588,1.656593986675051,1.611359440630622,-0.3214459818082105,17.708347425173596,0.9465479244492532,True,False
hybrid,4.800000000000001,0.014337143047441714,False,0.48342274616603975,-8.561126789043618,0.12883970020086147,1.6586300567846097,1.6110222967654408,-0.3214716864476941,17.709400016736392,0.9465509316650744,True,False
hybrid,4.8500000000000005,0.014324352782296046,False,0.483743512918196,-8.567277455556185,0.12915673515380982,1.6606698105104545,1.6106848021081532,-0.32149741248304053,17.71037177092846,0.9465537076310924,True,False
hybrid,4.9,0.014310348603430612,False,0.4840668305703799,-8.57343512711874,0.12947270259439764,1.6627130941305455,1.610346956090325,-0.3215231599199342,17.711263374556342,0.9465562543809948,True,False
hybrid,4.95,0.014295232108452183,False,0.4843926580562181,-8.579599388266061,0.12978757524198123,1.6647597552738898,1.6100087580525724,-0.3215489288095341,17.712075617938705,0.9465585742374122,True,False
hybrid,5.0,0.014279104082788763,False,0.48472095649661867,-8.58576983283025,0.13010132791255036,1.666809641547891,1.6096702075401481,-0.321574719163209,17.712809231284275,0.9465606693447081,True,False
hybrid,5.050000000000001,0.014262064438753441,False,0.4850516825004609,-8.591946061211335,0.13041393339344728,1.66886260107709,1.6093313038709312,-0.3216005310378023,17.713465123797754,0.9465625423520144,True,False
hybrid,5.1000000000000005,0.014244212150288149,False,0.4853847945019214,-8.598127683030098,0.13072536746947372,1.6709184828639174,1.6089920464764873,-0.32162636442194525,17.714044157178606,0.9465641957665037,True,False
hybrid,5.15,0.014225645195665493,False,0.48572024928935675,-8.604314316912657,0.13103560419633697,1.6729771367910085,1.608652434799751,-0.3216522193099536,17.714547271812076,0.9465656323139485,True,False
hybrid,5.2,0.014206460501327456,False,0.48605800200096266,-8.610505589195064,0.13134461937385175,1.6750384139233292,1.6083124682268135,-0.3216780958041454,17.714975483888878,0.946566854930648,True,False
hybrid,5.25,0.014186753885269354,False,0.48639800912007325,-8.616701136103401,0.1316523888107438,1.6771021647115063,1.6079721461892404,-0.3217039938988364,17.715329780423225,0.9465678664638852,True,False
hybrid,5.300000000000001,0.014166620005426012,False,0.4867402252373765,-8.622900602699438,0.13195888970524192,1.6791682427117383,1.607631468107229,-0.3217299136110796,17.71561123491318,0.9465686700023699,True,False
hybrid,5.3500000000000005,0.014146152310559046,False,0.4870846043671566,-8.629103642063182,0.13226409812637788,1.6812365012308363,1.607290433378239,-0.321755854957928,17.71582095737664,0.946569268733795,True,False
hybrid,5.4,0.014125442991144155,False,0.48743110126771133,-8.635309918318484,0.1325679924360284,1.683306794347066,1.606949041331518,-0.3217818180132781,17.715960052322803,0.9465696658250832,True,False
hybrid,5.45,0.014104582934123755,False,0.4877796686778003,-8.641519102934785,0.13287055004850015,1.6853789782348252,1.6066072914782126,-0.3218078027487081,17.716029711445156,0.946569864687248,True,False
hybrid,5.5,0.01408366168016073,False,0.48813025983767744,-8.647730877633856,0.13317174959348646,1.6874529095460915,1.60626518323852,-0.32183380920969284,17.71603112765344,0.94656986873021,True,False
hybrid,5.550000000000001,0.014062767382711172,False,0.48848282752748,-8.653944934296552,0.13347156983597938,1.6895284466755434,1.605922715896213,-0.3218598374303383,17.715965529637206,0.946569681461719,True,False
hybrid,5.6000000000000005,0.01404198677118984,False,0.4888373243068723,-8.660160972460668,0.1337699914228771,1.691605448741511,1.6055798889624384,-0.32188588744475055,17.715834167818514,0.9465693064475064,True,False
hybrid,5.65,0.014021405112544016,False,0.4891937027554509,-8.666378702474097,0.134066993634611,1.693683777033831,1.605236701789181,-0.32191195925861393,17.715638311898793,0.9465687473045346,True,False
hybrid,5.7,0.01400110617851169,False,0.48955191499056266,-8.672597843473985,0.13436255733521074,1.6957632932112243,1.6048931537511635,-0.3219380529174032,17.715379263997306,0.9465680077387642,True,False
hybrid,5.75,0.01398117221560824,False,0.4899119135104376,-8.678818124133793,0.13465666407183496,1.697843861111613,1.6045492443026887,-0.32196416844954,17.715058329458014,0.9465670914620675,True,False
hybrid,5.800000000000001,0.013961683915113099,False,0.49027364962627257,-8.685039282447212,0.13494929601624103,1.6999253461544712,1.6042049728071106,-0.3219903058266027,17.714676872941617,0.9465660023526328,True,False
hybrid,5.8500000000000005,0.03010893754208155,True,0.49336229137717197,-8.707426776208452,0.11575930506150704,1.8407660428082149,1.6038603386732575,-0.3220164651736468,17.64915342820898,0.9463782630214524,True,False
hybrid,5.9,0.03017662816819211,False,0.49372447085800547,-8.713373586806629,0.11596829775089597,1.8419754985607277,1.6035153412644831,-0.3220426464281445,17.648251405615632,0.9463756693188475,True,False
hybrid,5.95,0.030245584393696845,False,0.4940878008380812,-8.719321716643455,0.1161776268855279,1.8431855270368627,1.6031699800464594,-0.32206884965830795,17.64731228306705,0.9463729686713048,True,False
hybrid,6.0,0.030315856422475917,False,0.49445224191158754,-8.725271006727432,0.11638729003916912,1.8443961238895004,1.6028242543256965,-0.32209507489255884,17.646337233693014,0.9463701644206536,True,False
hybrid,6.050000000000001,0.030387492961608586,False,0.49481775325774047,-8.73122130607814,0.11659728647453037,1.8456072859723458,1.6024781634996543,-0.32212132212521283,17.64532749400005,0.9463672600912055,True,False
hybrid,6.1000000000000005,0.030460541220691084,False,0.4951842953006052,-8.737172470778985,0.11680761393934894,1.8468190100718662,1.6021317070112673,-0.322147591424482,17.644284266880923,0.9463642591109616,True,False
hybrid,6.15,0.030535046908653385,False,0.4955518282587716,-8.743124361452153,0.11701827078224614,1.8480312920591553,1.6017848841784144,-0.3221738827903664,17.64320876823926,0.9463611649458323,True,False
hybrid,6.2,0.030611054234213952,False,0.49592031287201443,-8.749076847633951,0.11722925577252688,1.8492441299781268,1.6014376944667674,-0.3222001962797094,17.642102209860248,0.9463579810504914,True,False
hybrid,6.25,0.03068860590406075,False,0.4962897110090126,-8.755029804160587,0.11744056688864174,1.8504575198069995,1.6010901371600994,-0.322226531875458,17.640965770498507,0.9463547107852848,True,False
hybrid,6.300000000000001,0.030767743128535585,False,0.4966599834864098,-8.760983111910317,0.1176522028327105,1.851671458910711,1.6007422117013448,-0.32225288966287735,17.639800674921993,0.9463513576437863,True,False
hybrid,6.3500000000000005,0.03084850562322572,False,0.49703109297949627,-8.766936658912115,0.11786416096873115,1.8528859443450834,1.6003939174879633,-0.3222792696135457,17.63860809262042,0.9463479249614176,True,False
hybrid,6.4,0.030930931615330337,False,0.497403002205269,-8.7728903387858,0.1180764407198943,1.854100973524028,1.6000452538605714,-0.3223056717615691,17.637389199282296,0.946344416092437,True,False
hybrid,6.45,0.03101505784843539,False,0.4977756742871187,-8.778844050270864,0.11828904017138003,1.8553165439166899,1.5996962202166287,-0.32233209616947534,17.636145162865464,0.9463408343699421,True,False
hybrid,6.5,0.031100919592290666,False,0.49814907190478497,-8.784797700279931,0.11850195710029704,1.8565326528652106,1.5993468159081203,-0.3223585428372644,17.634877179815437,0.9463371832102463,True,False
hybrid,6.550000000000001,0.031188550650540492,False,0.49852316045620615,-8.790751197959498,0.11871518982644527,1.8577492975843881,1.5989970403438747,-0.32238501179904233,17.6335863511636,0.9463334657561746,True,False
hybrid,6.6000000000000005,0.031277983369136564,False,0.4988979036828613,-8.796704461147108,0.11892873727462876,1.8589664762568192,1.5986468928531394,-0.3224115030889152,17.63227385044092,0.9463296853606338,True,False
hybrid,6.65,0.0313692486522541,False,0.4992732673189015,-8.802657411523196,0.11914259727127774,1.8601841868176359,1.5982963728333743,-0.3224380167182517,17.630940784780016,0.9463258451866843,True,False
hybrid,6.7,0.03146237596774881,False,0.49964921629391956,-8.808609977545808,0.11935676818649193,1.8614024277458734,1.5979454796706705,-0.32246455272684216,17.62958829973252,0.9463219485094925,True,False
hybrid,6.75,0.03155739336716579,False,0.5000257179006137,-8.81456209056745,0.11957124789921057,1.862621196054309,1.5975942127283815,-0.32249111111468665,17.628217459645654,0.9463179983717549,True,False
hybrid,6.800000000000001,0.031654327493697565,False,0.500402738263661,-8.820513689356183,0.11978603538165554,1.8638404903350723,1.5972425713357552,-0.32251769197841895,17.626829381394543,0.9463139979690343,True,False
hybrid,6.8500000000000005,0.031753203602875146,False,0.5007802458759463,-8.82646471523362,0.12000112820030076,1.8650603096654563,1.5968905548788825,-0.3225442952953017,17.62542509997513,0.9463099502624863,True,False
hybrid,6.9,0.031854045573481926,False,0.5011582080636571,-8.832415117210537,0.12021652483223699,1.866280651899647,1.5965381627211173,-0.32257092105396623,17.624005703381883,0.9463058583676006,True,False
hybrid,6.95,0.03195687592778995,False,0.5015365939154254,-8.838364846631679,0.12043222381237077,1.8675015151926642,1.5961853942144444,-0.3225975693567307,17.622572218772337,0.9463017252261233,True,False
hybrid,7.0,0.03206171584702133,False,0.5019153730646267,-8.844313859993637,0.12064822300011636,1.8687228994069731,1.5958322487563237,-0.32262424020359504,17.62112566106805,0.9462975537461336,True,False
hybrid,7.050000000000001,0.032168585190220256,False,0.5022945150792971,-8.850262118836408,0.12086452061721122,1.8699448022643255,1.5954787256873715,-0.3226509335945593,17.61966705417681,0.9462933468632739,True,False
hybrid,7.1000000000000005,0.03227750251267025,False,0.5026739910528384,-8.8562095875542,0.12108111482037662,1.8711672239902648,1.5951248243368354,-0.3226776495978356,17.618197370834896,0.9462891073672641,True,False
hybrid,7.15,0.032388485085903085,False,0.5030537721388284,-8.862156236219274,0.12129800455823252,1.8723901628517585,1.5947705441021753,-0.3227043882191083,17.616717589732282,0.9462848380666454,True,False
hybrid,7.2,0.03250154891543389,False,0.5034338305312429,-8.868102038392102,0.12151518730704461,1.8736136183983672,1.5944158843126388,-0.3227311494924834,17.6152286568309,0.946280541677201,True,False
hybrid,7.25,0.032616708765317526,False,0.503814138976965,-8.874046970517908,0.12173266170208386,1.8748375903625387,1.5940608443315796,-0.32275793346911996,17.613731501337718,0.9462762208680117,True,False
hybrid,7.300000000000001,0.03273397817474688,False,0.50419467004144,-8.87999101426459,0.12195042551720021,1.876062077556348,1.5937054235109827,-0.32278474014901803,17.612227066055137,0.9462718783490562,True,False
hybrid,7.3500000000000005,0.03285336948215445,False,0.5045753983168886,-8.885934153714599,0.12216847701226102,1.877287079955011,1.5933496211914644,-0.32281156953786194,17.610716224681973,0.9462675166324993,True,False
hybrid,7.4,0.0329748938463581,False,0.5049562980951104,-8.891876377335784,0.1223868151186209,1.8785125979020036,1.592993436679535,-0.32283842169817945,17.609199867155564,0.9462631382789887,True,False
hybrid,7.45,0.03309856126725208,False,0.5053373453320869,-8.897817675659336,0.12260543753694239,1.879738630267487,1.5926368694522353,-0.3228652966640766,17.60767882653133,0.9462587456865295,True,False
hybrid,7.5,0.033224380610135995,False,0.5057185149485736,-8.90375804411215,0.12282434214727332,1.880965178192914,1.5922799187023884,-0.3228921944355534,17.606153978795046,0.9462543413786817,True,False
hybrid,7.550000000000001,0.03335235962731531,False,0.5060997845164381,-8.909697479709864,0.12304352774735927,1.88219224140804,1.5919225838956663,-0.3229191150467159,17.604626107918204,0.94624992761481,True,False
hybrid,7.6000000000000005,0.033482504981066086,False,0.5064811305747,-8.915635983152777,0.12326299196348525,1.883419820134186,1.5915648642703673,-0.3229460585714605,17.603096038417615,0.9462455067729113,True,False
hybrid,7.65,0.03361482226637236,False,0.5068625314581351,-8.921573558097215,0.12348273395559956,1.884647915331778,1.591206759223951,-0.32297302498704994,17.601564535519632,0.9462410810611924,True,False
hybrid,7.7,0.03374931603593723,False,0.5072439655777448,-8.927510210547673,0.12370275078792319,1.8858765272242966,1.590848268119771,-0.3230000143446432,17.600032363873165,0.9462366526876427,True,False
hybrid,7.75,0.0338859898206465,False,0.5076254119139135,-8.933445948616704,0.12392304173659194,1.8871056565902768,1.590489390230232,-0.3230270266271873,17.598500269981947,0.9462322238092497,True,False
hybrid,7.800000000000001,0.03402484615594403,False,0.5080068506344769,-8.939380784996738,0.12414360404164575,1.8883353046415103,1.590130124930056,-0.3230540619256317,17.59696896573711,0.9462277964843416,True,False
hybrid,7.8500000000000005,0.03416588660297748,False,0.5083882621109693,-8.945314732160991,0.12436443703444974,1.8895654721606154,1.589770471571228,-0.32308112023429203,17.595439153173125,0.9462233727440978,True,False
hybrid,7.9,0.034309111773154655,False,0.5087696269191789,-8.951247807053575,0.12458553800818235,1.8907961605491062,1.589410429437521,-0.32310820157022135,17.593911533707836,0.9462189546192495,True,False
hybrid,7.95,0.034454521352699885,False,0.5091509273217669,-8.957180026284881,0.12480690548519599,1.8920273710880333,1.5890499979036576,-0.32313530602436913,17.592386747484472,0.946214543964599,True,False
hybrid,8.0,0.42488544664774963,True,0.5982817133767443,202.96153920654714,0.14621385906079729,54.55827641123566,1.5886891762420419,-0.3231624335455763,,1.0029564740199783,False,False
hybrid,8.05,0.5313284266301253,True,0.5678731155649397,-9.163327854997362,0.14207128748099032,1.8059270812054136,1.5883279638273962,-0.32318958422479227,16.13622410330408,0.9416440871704528,True,False
hybrid,8.1,0.5337012456188859,False,0.5678993981773037,-9.164994040767933,0.14228326792523402,1.8076950780787238,1.587966360034443,-0.3232167580506484,16.138411257668796,0.9416515343828888,True,False
hybrid,8.15,0.5360707117633865,False,0.567922984509733,-9.166718039597171,0.14249396694487718,1.8094601282492264,1.5876043640560056,-0.32324395506293513,16.140776636308285,0.9416595863059226,True,False
hybrid,8.200000000000001,0.5384365464162784,False,0.5679440098501721,-9.168499606624136,0.14270339377761995,1.8112222093165016,1.5872419753009126,-0.32327117529575844,16.143315974127194,0.9416682279257287,True,False
hybrid,8.25,0.5407984780163133,False,0.5679626097814711,-9.17033847786772,0.14291155817693663,1.8129813029822641,1.586879193087043,-0.32329841877754006,16.146024967023962,0.9416774440767905,True,True
hybrid,8.3,0.5431562420315004,False,0.5679789154710664,-9.172234371042364,0.1431184697316086,1.8147373917141691,1.5865160167095382,-0.3233256855367017,16.148899406653435,0.9416872199033356,True,True
hybrid,8.35,0.5455095809056729,False,0.5679930570081403,-9.174186987368806,0.1433241379272976,1.816490459244081,1.5861524454976461,-0.32335297558461207,16.151935088244088,0.9416975405483315,True,True
hybrid,8.4,0.547858243988685,False,0.56800516191133,-9.176196011280828,0.14352857382177975,1.8182404930537686,1.5857884788033516,-0.3233802890008519,16.155127852012907,0.9417083912969693,True,True
hybrid,8.450000000000001,0.5502019874768393,False,0.5680153546249889,-9.178261111000321,0.14373178737936748,1.819987479914663,1.5854241158876903,-0.3234076257626839,16.15847359805956,0.9417197576296594,True,True
hybrid,8.5,0.5525405743424017,False,0.5680237589957436,-9.180381941226441,0.14393379044987178,1.8217314105452123,1.5850593560571724,-0.32343498589284536,16.1619682202329,0.9417316249996862,True,True
hybrid,8.55,0.5548737742599315,False,0.5680304951629659,-9.182558141109594,0.1441345936658606,1.823472276389463,1.584694198663783,-0.3234623694709171,16.16560769061378,0.9417439791224634,True,True
hybrid,8.6,0.5572013635360236,False,0.5680356812900044,-9.184789338686716,0.14433420898919833,1.8252100701165765,1.5843286430026637,-0.32348977649689914,16.169388017717715,0.9417568058355916,True,True
hybrid,8.65,0.5595231250335928,False,0.5680394336832301,-9.18707514773957,0.14453264822126058,1.8269447873665112,1.5839626883803248,-0.3235172070048975,16.17330523722546,0.9417700910694602,True,True
hybrid,8.700000000000001,0.5618388480882004,False,0.5680418655417498,-9.18941516987255,0.14472992350057498,1.828676424267755,1.5835963340691706,-0.3235446609949122,16.177355450919926,0.9417838209812184,True,True
hybrid,8.75,0.5641483284341575,False,0.5680430880701887,-9.191808997344845,0.1449260476775099,1.8304049791828991,1.583229579455292,-0.32357213852378663,16.181534799714147,0.9417979818650056,True,True
hybrid,8.8,0.5664513681174412,False,0.5680432099745958,-9.194256210177723,0.14512103325664452,1.8321304518421682,1.5828624237428812,-0.32359963965973293,16.185839472650173,0.9418125601841321,True,True
hybrid,8.85,0.5687477754140673,False,0.5680423382039413,-9.196756379987445,0.14531489252054536,1.833852843970793,1.582494866329398,-0.32362716435727634,16.190265692282924,0.9418275425231547,True,True
hybrid,8.9,0.5710373647450524,False,0.5680405761981866,-9.199309067840703,0.1455076398378359,1.8355721578593645,1.5821269064531407,-0.32365471267894463,16.19480976061666,0.9418429157448186,True,True
hybrid,8.950000000000001,0.5733199565852374,False,0.568038026126165,-9.201913827472069,0.145699288110358,1.837288398862622,1.581758543397882,-0.3236822846645282,16.19946800080645,0.9418586667940477,True,True
hybrid,9.0,0.5755953773809779,False,0.5680347875078531,-9.20457020426441,0.1458898509554274,1.839001571472561,1.5813897765042384,-0.3237098803367644,16.204236794453646,0.9418747828254501,True,True
hybrid,9.05,0.5778634594560117,False,0.568030957957085,-9.207277735725922,0.14607934239530215,1.8407116844410285,1.5810206050218767,-0.3237374997183906,16.209112561117728,0.9418912511352038,True,True
hybrid,9.1,0.5801240409232378,False,0.5680266311752225,-9.21003595396984,0.14626777648309255,1.8424187454135168,1.5806510282914132,-0.3237651428491972,16.214091819805482,0.9419080593697391,True,True
hybrid,9.15,0.5823769655912656,False,0.5680219011950403,-9.21284438332198,0.14645516767825628,1.8441227650556322,1.580281045562515,-0.3237928097405529,16.219171063544238,0.9419251951031974,True,True
hybrid,9.200000000000001,0.5846220828752848,False,0.5680168569977925,-9.215702543554666,0.1466415302216886,1.8458237549329155,1.579910656141692,-0.32382050045498545,16.224346918617034,0.9419426463758028,True,True
hybrid,9.25,0.5868592476997492,False,0.5680115878861093,-9.218609949748899,0.14682687919995555,1.8475217269495827,1.5795398593354548,-0.32384821496975746,16.229615990857745,0.9419604011760556,True,True
hybrid,9.3,0.5890883204115198,False,0.5680061780950997,-9.22156611027592,0.14701122885548334,1.849216696107022,1.5791686543934702,-0.3238759533701341,16.234975015944244,0.9419784479481467,True,True
hybrid,9.35,0.5913091666795935,False,0.5680007129236101,-9.224570531795237,0.14719459515519603,1.850908677063481,1.5787970405881424,-0.3239037156561153,16.240420692985715,0.9419967750318964,True,True
hybrid,9.4,0.5935216574048354,False,0.5679952723375696,-9.227622716238326,0.1473769922817733,1.8525976866427625,1.578425017248719,-0.32393150186749153,16.24594986198087,0.9420153712609055,True,True
hybrid,9.450000000000001,0.5957256686231176,False,0.5679899366050817,-9.230722162302184,0.14755843633249233,1.854283742459136,1.5780525836021297,-0.3239593120213158,16.251559345355485,0.9420342254296437,True,True
hybrid,9.5,0.5979210814143698,False,0.5679847822773919,-9.233868366068513,0.14773894230961684,1.8559668632335753,1.5776797390003594,-0.32398714614600976,16.257246063960363,0.9420533266841239,True,True
hybrid,9.55,0.6001077818048088,False,0.5679798845667312,-9.237060822002006,0.14791852600272487,1.8576470689225069,1.5773064826476002,-0.3240150043268386,16.263006970833587,0.9420726642994739,True,True
hybrid,9.600000000000001,0.6022856606732603,False,0.5679753155819743,-9.240299021185232,0.1480972028590476,1.8593243810356255,1.5769328138958372,-0.32404288648990587,16.268839098609742,0.9420922278394206,True,True
hybrid,9.65,0.604454613658163,False,0.5679711472141296,-9.243582454958348,0.14827498930373081,1.8609988205010932,1.576558731926525,-0.3240707927659514,16.27473948333056,0.9421120069008879,True,True
hybrid,9.700000000000001,0.6066145410636636,False,0.5679674474846627,-9.246910612275913,0.14845190053930893,1.8626704116926995,1.5761842360348055,-0.32409872311518484,16.280705264407985,0.9421319914494671,True,True
hybrid,9.75,0.6087653477623007,False,0.5679642831801226,-9.250282982219666,0.14862795343960042,1.8643391779045277,1.57580932551582,-0.32412667760581826,16.28673361364531,0.9421521715814115,True,True
hybrid,9.8,0.6109069431067837,False,0.5679617192185259,-9.25369905336868,0.14880316352941325,1.866005144561949,1.5754339996192357,-0.3241546562833264,16.29282175232003,0.9421725375810436,True,True
hybrid,9.850000000000001,0.613039240832677,False,0.567959818139741,-9.257158313167428,0.1489775471877029,1.8676683379033918,1.5750582576515626,-0.32418265911928756,16.29896696475418,0.942193079966136,True,True
hybrid,9.9,0.61516215896836,False,0.567958641108317,-9.260660251203282,0.1491511207036037,1.869328784351707,1.5746820988056243,-0.3242106861932825,16.305166575390047,0.9422137894111856,True,True
hybrid,9.950000000000001,0.6172756197429408,False,0.5679582466471806,-9.264204356182484,0.14932390071804932,1.8709865120296607,1.5743055223992997,-0.32423873751668,16.311417979880954,0.9422346568512076,True,True
hybrid,10.0,0.6193795494950791,False,0.5679586921461225,-9.267790118327767,0.14949590327735982,1.8726415491225152,1.5739285276595183,-0.32426681312358596,16.31771860609782,0.9422556733513452,True,True
hybrid,10.05,0.6214738785797636,False,0.56796003234198,-9.271417029508942,0.1496671450322836,1.8742939254580615,1.5735511138814218,-0.32429491304810654,16.324065958089175,0.9422768302534045,True,True
hybrid,10.100000000000001,0.6235585412828186,False,0.5679623215875271,-9.275084582109367,0.14983764248092316,1.8759436712465973,1.5731732802919396,-0.3243230373072947,16.33045754898727,0.9422981189519467,True,True
hybrid,10.15,0.625633475729046,False,0.5679656105606353,-9.278792270925301,0.15000741260095818,1.8775908168289317,1.5727950261521073,-0.32435118595799395,16.336890999027673,0.9423195312206736,True,True
hybrid,10.200000000000001,0.6276986237935489,False,0.5679699495456443,-9.282539592413032,0.15017647139508022,1.8792353947023477,1.5724163506888544,-0.32437935899451986,16.34336394000903,0.9423410588938216,True,True
hybrid,10.25,0.6297539310169213,False,0.5679753867855483,-9.28632604545352,0.15034483578833552,1.8808774366131875,1.5720372531973226,-0.3244075564737159,16.349874064102323,0.9423626940284803,True,True
hybrid,10.3,0.6317993465158906,False,0.5679819687297889,-9.290151130978932,0.1505125223632836,1.8825169760895821,1.5716577328930725,-0.32443577842968807,16.356419116182575,0.9423844288786716,True,True
hybrid,10.350000000000001,0.6338348228994164,False,0.567989739902442,-9.29401435311967,0.1506795479296959,1.8841540462272135,1.5712777890371399,-0.3244640248567521,16.36299689976092,0.9424062559146243,True,True
hybrid,10.4,0.6358603161834253,False,0.567998744419437,-9.297915219086406,0.15084592920798304,1.8857886814644635,1.5708974208791915,-0.32449229582312,16.369605233177044,0.9424281676770674,True,True
hybrid,10.450000000000001,0.6378757857082746,False,0.5680090230674874,-9.30185323790916,0.15101168257503836,1.8874209167609663,1.570516627680263,-0.3245205913742666,16.376242031641056,0.9424501570489716,True,True
hybrid,10.5,0.6398811940550786,False,0.5680206163433773,-9.305827922982857,0.15117682527001022,1.8890507872815026,1.5701354086104402,-0.3245489114760858,16.38290522426626,0.9424722169799318,True,True
hybrid,10.55,0.6418765069638539,False,0.568033562419624,-9.309838790681482,0.15134137342673318,1.8906783297310732,1.569753762964865,-0.32457725621952704,16.38959281036992,0.9424943406723318,True,True
hybrid,10.600000000000001,0.6438616932541663,False,0.5680478991726425,-9.313885360875075,0.15150534385096767,1.8923035791800469,1.5693716899590981,-0.32460562559890604,16.396302802000815,0.9425165213906839,True,True
hybrid,10.65,0.6458367247450951,False,0.5680636618916395,-9.317967156812276,0.1516687533860921,1.8939265733220458,1.5689891888769125,-0.32463401967675054,16.403033289937348,0.9425387526794992,True,True
hybrid,10.700000000000001,0.6478015761776987,False,0.5680808839079147,-9.322083707421347,0.15183161859493569,1.8955473489802965,1.5686062588883942,-0.32466243848148224,16.40978242973662,0.9425610283163586,True,True
hybrid,10.75,0.6497562251367981,False,0.5680995996465013,-9.32623454337729,0.15199395563161258,1.897165944398034,1.5682228992432101,-0.3246908820074168,16.416548346769684,0.9425833419981018,True,True
hybrid,10.8,0.6517006519761708,False,0.5681198396586187,-9.33041920003813,0.1521557817697955,1.8987823978405143,1.5678391092023958,-0.324719350334135,16.423329284970485,0.9426056878312797,True,True
hybrid,10.850000000000001,0.6536348397428355,False,0.5681416336713636,-9.334637217330528,0.15231711304667828,1.9003967470849854,1.5674548879360373,-0.3247478434388995,16.43012351868947,0.9426280600405529,True,True
hybrid,10.9,0.6555587741042928,False,0.5681650114785604,-9.338888140400567,0.15247796579064216,1.90200903146083,1.5670702347506449,-0.3247763613956067,16.436929328149887,0.9426504528876184,True,True
hybrid,10.950000000000001,0.6574724432748553,False,0.5681900001322894,-9.343171516819757,0.15263835681357288,1.9036192898750974,1.5666851487935674,-0.3248049042213097,16.443745075845094,0.9426728609222378,True,True
hybrid,11.0,0.6593758379460724,False,0.5682166262344703,-9.34748690004076,0.1527983023903146,1.9052275620248276,1.5662996293031028,-0.3248334719671675,16.450569146464204,0.9426952787839233,True,True
hybrid,11.05,0.6865532558203995,True,0.6316523399324783,-9.575167537377766,0.13901358269342312,1.9695086746011141,1.5659136755061809,-0.3248620646161271,15.158920393457771,0.9381146774876825,True,True
hybrid,11.100000000000001,0.6908468690842255,False,0.6319753528033658,-9.579436128528773,0.13924839859857818,1.9707833712294596,1.5655272866410996,-0.3248906822364006,15.157926786282976,0.9381108719437363,True,True
hybrid,11.15,0.6951442278748345,False,0.6322939994152939,-9.583723140904436,0.13948338864388854,1.972058954429621,1.5651404619006826,-0.3249193248677784,15.15706799331777,0.9381075823649699,True,True
hybrid,11.200000000000001,0.699445077210612,False,0.632608313745132,-9.588028489246312,0.13971855325153557,1.973335433764807,1.5647532005118592,-0.3249479925102605,15.156342844253512,0.9381048044325402,True,True
hybrid,11.25,0.7037491639741802,False,0.6329183303587087,-9.592352085926162,0.13995389105128223,1.974612819524314,1.5643655016788216,-0.324976685232059,15.155750158933875,0.9381025337627534,True,True
hybrid,11.3,0.7080562369387735,False,0.6332240853096618,-9.596693843759015,0.14018940156699225,1.975891121636129,1.5639773645943933,-0.3250054030445426,15.155288730159405,0.9381007658418907,True,True
hybrid,11.350000000000001,0.7123660467918853,False,0.6335256126810909,-9.601053672028899,0.14042508406497048,1.9771703499223945,1.5635887885196098,-0.3250341459647643,15.154957400060088,0.9380994963195458,True,True
hybrid,11.4,0.7166783461609612,False,0.6338229503541593,-9.605431481739794,0.14066093761739343,1.9784505142274253,1.5631997726018199,-0.32506291402114584,15.15475493017821,0.9380987205115733,True,True
hybrid,11.450000000000001,0.7209928896361362,False,0.6341161338562332,-9.6098271803566,0.1408969620004716,1.9797316258300293,1.5628103160565843,-0.32509170727621495,15.154680140239641,0.9380984339325231,True,True
hybrid,11.5,0.7253094337918355,False,0.6344052005934022,-9.614240676291239,0.1411331562191514,1.9810136940433778,1.5624204180880952,-0.32512052575839334,15.154731813828745,0.9380986319349491,True,True
hybrid,11.55,0.729627737210194,False,0.6346901876707401,-9.618671876077613,0.14136952036865397,1.9822967302582177,1.5620300779119134,-0.32514936949610274,15.154908745914812,0.9380993098922409,True,True
hybrid,11.600000000000001,0.7339475604999279,False,0.6349711331775045,-9.623120685523748,0.1416060531940633,1.9835807446693192,1.5616392947094937,-0.3251782385007118,15.155209713814864,0.9381004630880857,True,True
hybrid,11.65,0.7382686663190725,False,0.635248074774465,-9.62758700983841,0.1418427547244005,1.984865747494531,1.5612480677077656,-0.32520713283474834,15.155633510981572,0.9381020868466555,True,True
hybrid,11.700000000000001,0.7425908193911255,False,0.6355210507226956,-9.632070753886907,0.14207962389437181,1.9861517504554778,1.5608563960768151,-0.32523605251526533,15.156178922686516,0.9381041764401482,True,True
hybrid,11.75,0.7469137865252833,False,0.6357901004005704,-9.636571820515421,0.14231666098891713,1.9874387631747594,1.5604642789526224,-0.32526499754794713,15.156844710925883,0.9381067270316858,True,True
hybrid,11.8,0.7512373366334941,False,0.6360552627601694,-9.641090113252101,0.14255386448906945,1.988726796585761,1.560071715630329,-0.32529396802942756,15.157629655345472,0.9381097338328231,True,True
hybrid,11.850000000000001,0.755561240747511,False,0.6363165776157688,-9.645625534761368,0.14279123493593157,1.9900158630653422,1.5596787052118088,-0.32532296393696924,15.15853251993342,0.9381131919766609,True,True
hybrid,11.9,0.7598852720341256,False,0.6365740838396851,-9.65017798658338,0.143028771839491,1.9913059726956872,1.5592852469467289,-0.3253519853103626,15.159552095453641,0.9381170966810806,True,True
hybrid,11.950000000000001,0.7642092058119943,False,0.6368278225875066,-9.65474737016376,0.14326647425671554,1.9925971361629038,1.5588913399597004,-0.3253810321950823,15.160687124088552,0.9381214429608359,True,True
hybrid,12.0,0.7685328195641432,False,0.6370778330413239,-9.659333586853336,0.1435043425989203,1.993889365663067,1.5584969834662843,-0.3254101046479718,15.16193640067647,0.9381262260159529,True,True
hybrid,12.05,0.7728558929536575,False,0.6373241565405366,-9.663936537261558,0.14374237572719942,1.9951826716103025,1.5581021766138292,-0.32543920262924075,15.16329867318765,0.9381314408513133,True,True
hybrid,12.100000000000001,0.7771782078341403,False,0.6375668336132488,-9.668556120737028,0.14398057437543568,1.9964770658651343,1.5577069186406334,-0.3254683262468916,15.164772712443229,0.9381370825443016,True,True
hybrid,12.15,0.7814995482654012,False,0.6378059052680615,-9.673192237952136,0.14421893753214543,1.9977725597327425,1.5573112086713081,-0.32549747549524,15.166357285272579,0.9381431461427002,True,True
hybrid,12.200000000000001,0.7858197005198235,False,0.6380414124775053,-9.677844788187658,0.14445746534889572,1.9990691642203495,1.5569150458645709,-0.32552665041407636,15.168051162398267,0.9381496266955364,True,True
hybrid,12.25,0.7901384530991891,False,0.6382733977326301,-9.682513670624362,0.1446961573945896,2.000366891914957,1.5565184294359824,-0.3255558510318224,15.169853083365261,0.9381565191195985,True,True
hybrid,12.3,0.7944555967399083,False,0.6385019015472826,-9.687198785120529,0.14493501382048896,2.001665754006326,1.556121358510154,-0.3255850773768998,15.171761840717352,0.9381638185220985,True,True
hybrid,12.350000000000001,0.7987709244234793,False,0.6387269663436296,-9.69190003013857,0.14517403419452599,2.0029657616448944,1.5557238323253841,-0.325614329506152,15.173776184242723,0.9381715198350372,True,True
hybrid,12.4,0.803084231386265,False,0.6389486339917956,-9.696617304298426,0.14541321834320564,2.004266926590568,1.5553258499494405,-0.32564360741389464,15.17589488175185,0.9381796180483277,True,True
hybrid,12.450000000000001,0.8073953151258593,False,0.6391669461978461,-9.701350506507861,0.14565256661205092,2.0055692617988004,1.5549274106092525,-0.3256729111626555,15.178116709910293,0.9381881081753214,True,True
hybrid,12.5,0.8117039754095003,False,0.6393819461923806,-9.706099536482983,0.1458920790875189,2.0068727778509903,1.5545285134521691,-0.32570224078654064,15.180440414816717,0.9381969851028107,True,True
hybrid,12.55,0.8160100142808915,False,0.6395936758748454,-9.710864291890534,0.14613175494624983,2.008177487107768,1.5541291575914329,-0.32573159630260307,15.1828647752151,0.9382062438331962,True,True
hybrid,12.600000000000001,0.8203132360613381,False,0.6398021778909477,-9.71564467224429,0.1463715947938409,2.009483402023083,1.5537293422539733,-0.3257609777676862,15.185388559118488,0.9382158793193369,True,True
hybrid,12.65,0.8246134473631628,False,0.6400074944634352,-9.720440576437507,0.1466115983912949,2.010790533582668,1.5533290665075583,-0.3257903851874744,15.188010547574695,0.9382258865559103,True,True
hybrid,12.700000000000001,0.8289104570862946,False,0.6402096689535892,-9.725251903131811,0.14685176601996894,2.0120988949461407,1.5529283295677487,-0.3258198186131267,15.190729498083892,0.9382362604403744,True,True
hybrid,12.75,0.8332040764273643,False,0.6404087439099864,-9.730078551408033,0.14709209796186518,2.0134084973487862,1.5525271306046307,-0.32584927806169617,15.193544191794574,0.9382469959536893,True,True
hybrid,12.8,0.8374941188799312,False,0.6406047622395409,-9.734920421158535,0.14733259384775846,2.014719353811716,1.5521254687087094,-0.32587876359571055,15.19645340619301,0.938258088056634,True,True
hybrid,12.850000000000001,0.8417804002390312,False,0.6407977668171843,-9.739777411132795,0.1475732541554987,2.0160314758205278,1.5517233430273336,-0.32590827521516985,15.199455921186903,0.9382695317135853,True,True
hybrid,12.9,0.8460627386011765,False,0.6409878008773469,-9.744649422719338,0.14781407903772187,2.017344876127177,1.5513207527192208,-0.3259378129655488,15.202550515597064,0.9382813218797021,True,True
hybrid,12.950000000000001,0.8503409543686757,False,0.6411749073619932,-9.749536354598739,0.1480550685168152,2.0186595670558187,1.5509176969203509,-0.3259673769036908,15.205735974153407,0.9382934535281271,True,True
hybrid,13.0,0.8546148702464507,False,0.6413591295731539,-9.754438107832136,0.14829622398729983,2.0199755605015772,1.55051417480081,-0.3259969670011742,15.209011079836102,0.9383059216213386,True,True
hybrid,13.05,0.8588843112459017,False,0.6415405098664648,-9.759354582730111,0.14853754364353774,2.021292869367563,1.5501101854169974,-0.32602658334326406,15.212374639851657,0.9383187212105315,True,True
hybrid,13.100000000000001,0.8631491046824067,False,0.6417190918724662,-9.764285681205337,0.14877902966589454,2.0226115059978675,1.5497057279389992,-0.3260562259697508,15.215825436507144,0.9383318472491278,True,True
hybrid,13.15,0.8674090801748662,False,0.641894918929472,-9.769231304028322,0.1490206810327016,2.02393148269956,1.54930080154827,-0.3260858948749501,15.219362259980302,0.9383452947180665,True,True
hybrid,13.200000000000001,0.8716640696457034,False,0.6420680339517512,-9.774191353836544,0.14926249894652185,2.0252528116770923,1.548895405312578,-0.326115590110021,15.22298391601759,0.9383590586555004,True,True
hybrid,13.25,0.8759139073158622,False,0.6422384800835613,-9.779165732125648,0.14950448376085826,2.0265755059493578,1.5484895383792718,-0.32614531174885997,15.226689205625433,0.9383731340800363,True,True
hybrid,13.3,0.8801584297059435,False,0.642406299650799,-9.784154343442227,0.14974663576446617,2.027899578040777,1.5480831998502254,-0.3261750597516766,15.2304769563448,0.9383875161099883,True,True
hybrid,13.350000000000001,0.8843974756282478,False,0.6425715367826851,-9.789157089619698,0.149988955181166,2.0292250404390764,1.5476763888955247,-0.326204834203736,15.234345951010196,0.938402199693313,True,True
hybrid,13.4,0.88863088619064,False,0.6427342336099059,-9.794173875021615,0.1502314424322124,2.030551905923379,1.5472691045715692,-0.3262346351277756,15.238295025943778,0.9384171799808841,True,True
hybrid,13.450000000000001,0.8928585047829074,False,0.6428944330172733,-9.79920460576084,0.15047409846524917,2.031880187105307,1.5468613460598135,-0.32626446253516406,15.242323004370384,0.9384324520740706,True,True
hybrid,13.5,0.8970801770815342,False,0.6430521785144744,-9.804249184578843,0.15071692370439174,2.033209896362783,1.5464531123711822,-0.32629431652253515,15.246428691413197,0.938448011006349,True,True
hybrid,13.55,0.9012957510387878,False,0.6432075122652896,-9.809307519120809,0.15095991870624254,2.034541046365377,1.5460444027667108,-0.3263241970728359,15.25061093359087,0.9384638519692237,True,True
hybrid,13.600000000000001,0.9055050768786259,False,0.6433604769258469,-9.814379514844415,0.15120308389711043,2.0358736505356863,1.5456352162459552,-0.3263541042088036,15.25486856410611,0.9384799701051909,True,True
hybrid,13.65,0.9097080070919219,False,0.6435111149877563,-9.819465078963232,0.15144642003343722,2.0372077210108173,1.545225551922158,-0.32638403797022875,15.259200424455857,0.93849636059004,True,True
hybrid,13.700000000000001,0.9139043964296434,False,0.6436594694363055,-9.824564119266213,0.15168992760994884,2.038543270614676,1.5448154089199306,-0.3264139984310077,15.26360534689286,0.9385130185668794,True,True
hybrid,13.75,0.9180941018942121,False,0.6438055820383495,-9.829676544251159,0.15193360764976163,2.0398803123327154,1.5444047863979904,-0.3264439855854562,15.26808219513952,0.9385299393004805,True,True
hybrid,13.8,0.922276982735184,False,0.6439494957127491,-9.834802262863008,0.1521774609145913,2.0412188588507996,1.5439936833445245,-0.32647399950178624,15.272629807679957,0.9385471179631922,True,True
hybrid,13.850000000000001,0.9264529004399265,False,0.6440912518944356,-9.839941184759049,0.15242148777203027,2.0425589228182592,1.5435820989750937,-0.32650404017431356,15.277247060594734,0.9385645498727558,True,True
hybrid,13.9,0.9306217187247512,False,0.6442308931709133,-9.84509322163141,0.15266568905266653,2.043900517375952,1.5431700323006226,-0.3265341076541972,15.281932806999873,0.9385822302638368,True,True
hybrid,13.950000000000001,0.9347833035303665,False,0.6443684607753805,-9.850258283513687,0.1529100657211358,2.045243655364984,1.542757482422985,-0.32656420200396497,15.286685930687375,0.9386001544908654,True,True
hybrid,14.0,0.9389375230068708,False,0.6445039968300904,-9.855436283270707,0.15315461854602605,2.0465883491275485,1.5423444484213178,-0.3265943232236168,15.291505299801702,0.9386183178535275,True,True
hybrid,14.05,0.9430842475107966,False,0.6446375428939577,-9.860627134225899,0.15339934836384927,2.047934611629778,1.5419309294884442,-0.32662447134157446,15.29638979752683,0.9386367157128407,True,True
hybrid,14.100000000000001,0.9472233495905584,False,0.6447691395638745,-9.865830749500871,0.15364425588071695,2.049282456463557,1.5415169245784455,-0.32665464643173436,15.301338330451385,0.9386553435228093,True,True
hybrid,14.15,0.9513547039809964,False,0.6448988292528346,-9.871047044266076,0.15388934240029822,2.050631895795762,1.5411024328386702,-0.32668484848841217,15.306349766059354,0.9386741965954001,True,True
hybrid,14.200000000000001,0.955478187589506,False,0.6450266526176662,-9.876275933759226,0.1541346086330413,2.051982942616643,1.5406874533596238,-0.3267150775570826,15.31142301434992,0.9386932704080905,True,True
hybrid,14.25,0.9595936794876252,False,0.645152650012286,-9.88151733421355,0.1543800554236308,2.0533356097478777,1.5402719851977054,-0.3267453337002735,15.316556994728876,0.9387125604793307,True,True
hybrid,14.3,0.963701060898984,False,0.6452768628133827,-9.886771163126015,0.15462568381770786,2.0546899096430975,1.5398560273979456,-0.3267756169407221,15.32175060488,0.9387320622518879,True,True
hybrid,14.350000000000001,0.9678002151892997,False,0.6453993311669207,-9.892037338862814,0.1548714953279248,2.056045855913253,1.5394395790963245,-0.3268059272954815,15.327002773581151,0.9387517712915375,True,True
hybrid,14.4,0.9718910278536441,False,0.645520095312664,-9.897315779732207,0.15511749074000372,2.0574034610057907,1.5390226393151352,-0.3268362648100265,15.332312427761595,0.9387716831634813,True,True
hybrid,14.450000000000001,0.9759733865053022,False,0.6456391955844492,-9.90260640664216,0.15536367084150368,2.058762738393929,1.5386052071562517,-0.32686662952414736,15.337678496544912,0.9387917934477974,True,True
hybrid,14.5,0.9800471808650855,False,0.6457566714796921,-9.90790913938486,0.15561003695369413,2.0601237000532793,1.538187281687442,-0.3268970214151068,15.343099927534308,0.9388120978006607,True,True
hybrid,14.55,0.9841123027447338,False,0.6458725629873884,-9.913223900624788,0.15585659020136983,2.061486358852275,1.537768861908262,-0.32692744064206636,15.348575661385322,0.9388325918592431,True,True
hybrid,14.600000000000001,0.9881686460396395,False,0.6459869099239396,-9.918550613111563,0.15610333144571406,2.0628507283551,1.5373499469546914,-0.3269578871424983,15.354104643203069,0.9388532712846734,True,True
hybrid,14.65,0.9922161067133857,False,0.6460997511334422,-9.923889199813383,0.15635026254893375,2.064216820759115,1.536930535871761,-0.3269883609675617,15.359685841704886,0.9388741318338306,True,True
hybrid,14.700000000000001,0.9962545827829672,False,0.6462111256843487,-9.929239585650294,0.1565973843113716,2.0655846490899528,1.5365106276703955,-0.3270188621684156,15.36531822341353,0.9388951692629282,True,True
hybrid,14.75,1.0002839743094682,False,0.6463210722033389,-9.934601696966482,0.15684469813535423,2.066954226070412,1.5360902214524685,-0.3270493907564287,15.371000767619966,0.9389163793836056,True,True
hybrid,14.8,1.0043041833812367,False,0.646429630074943,-9.939975459399504,0.1570922048260417,2.06832556411957,1.5356693162402735,-0.3270799467998131,15.376732434506637,0.9389377579441338,True,True
hybrid,14.850000000000001,1.0083151141020608,False,0.6465368367734922,-9.945360801082508,0.157339906191837,2.0696986770875645,1.5352479111015782,-0.3271105303497279,15.382512233509082,0.9389593008845992,True,True
hybrid,14.9,1.0123166725757073,False,0.6466427301285734,-9.950757650781307,0.15758780337743308,2.0710735760516523,1.5348260050814133,-0.32714114137206707,15.388339166517461,0.9389810041249896,True,True
hybrid,14.950000000000001,1.0163087668931894,False,0.6467473489944268,-9.956165937628885,0.15783589806489717,2.0724502755237393,1.534403597167966,-0.3271717799691487,15.394212211474686,0.9390028635044703,True,True
hybrid,15.0,1.0202913071168496,False,0.646850730310475,-9.961585592463962,0.15808419120463335,2.0738287871073924,1.5339806864858474,-0.32720244612960414,15.400130394353278,0.9390248750495112,True,True
hybrid,15.05,1.0242642052676274,False,0.6469529119060764,-9.967016547166889,0.15833268395002537,2.075209123370294,1.5335572720118762,-0.3272331398932238,15.406092721341494,0.9390470347214865,True,True
hybrid,15.100000000000001,1.0282273753080062,False,0.6470539300928231,-9.972458733725354,0.15858137859538135,2.0765912976462197,1.5331333528138202,-0.32726386135664143,15.412098234678453,0.9390693386244168,True,True
hybrid,15.15,1.0321807331304171,False,0.6471538226077539,-9.97791208624449,0.15883027610056072,2.077975322362474,1.5327089279480788,-0.3272946104800667,15.418145945638953,0.9390917827560411,True,True
hybrid,15.200000000000001,1.0361241965397312,False,0.6472526254000049,-9.98337653907622,0.1590793776287837,2.0793612099086385,1.5322839963573642,-0.3273253873601334,15.42423490813413,0.939114363281254,True,True
hybrid,15.25,1.0400576852364338,False,0.647350374637692,-9.988852028563837,0.15932868501673447,2.0807489731059645,1.5318585571321819,-0.3273561919684198,15.430364173581243,0.9391370763645078,True,True
hybrid,15.3,1.043981120807075,False,0.6474471075138937,-9.99433849022921,0.15957820023965694,2.0821386243361975,1.5314326092834563,-0.32738702441292844,15.436532767295958,0.9391599180826191,True,True
hybrid,15.350000000000001,1.0478944267024417,False,0.6475428584892172,-9.999835862396512,0.1598279238001374,2.083530175943185,1.5310061518448492,-0.3274178846425002,15.442739783629362,0.9391828847771698,True,True
hybrid,15.4,1.0517975282266434,False,0.6476376634495531,-10.00534408405041,0.16007785801610197,2.0849236409718657,1.53057918387276,-0.3274487727765063,15.44898428352409,0.9392059726750644,True,True
hybrid,15.450000000000001,1.0556903525180132,False,0.6477315578278341,-10.010863095241387,0.16032800460588487,2.0863190312878848,1.5301517042644264,-0.32747968883199974,15.455265339877506,0.9392291780566667,True,True
hybrid,15.5,1.0595728285356927,False,0.647824576064533,-10.016392836147112,0.16057836522461713,2.087716359659486,1.5297237121558283,-0.32751063279761183,15.461582048948587,0.9392524972978602,True,True
hybrid,15.55,1.063444887042806,False,0.6479167533547882,-10.021933248688265,0.16082894045438717,2.0891156381447415,1.529295206489678,-0.3275416047699764,15.46793349114161,0.9392759267252374,True,True
hybrid,15.600000000000001,1.067306460589407,False,0.6480081243036383,-10.027484276264298,0.16107973330326356,2.0905168799752456,1.5288661863110065,-0.32757260473772476,15.474318762654436,0.9392994627330572,True,True
hybrid,15.65,1.0711574834990643,False,0.6480987219808149,-10.033045862544796,0.16133074496691874,2.091920096661827,1.5284366505852631,-0.32760363277475335,15.480736996179104,0.93932310185935,True,True
hybrid,15.700000000000001,1.0749978918495344,False,0.6481885818271235,-10.038617952279443,0.16158197711587122,2.093325301091224,1.5280065983574787,-0.3276346889094839,15.4871872688384,0.9393468404468209,True,True
hybrid,15.75,1.0788276234579826,False,0.6482777354542462,-10.044200491975925,0.1618334310197856,2.0947325050337757,1.5275760285817341,-0.3276657731589694,15.493668751307625,0.9393706751919144,True,True
hybrid,15.8,1.0826466178659757,False,0.6483662173843721,-10.049793428149881,0.16208510970660217,2.0961417210979008,1.5271449403257975,-0.32769688555163157,15.50018054409526,0.9393946025422213,True,True
hybrid,15.850000000000001,1.086454816319474,False,0.6484540601952362,-10.055396709081247,0.1623370136445537,2.097552960503431,1.5267133325323812,-0.32772802617273555,15.506721796226818,0.9394186191331713,True,True
hybrid,15.9,1.0902521617563252,False,0.6485412968124082,-10.06101028387321,0.16258914539828465,2.098966236592178,1.526281204201041,-0.32775919503365003,15.513291649002541,0.9394427215811691,True,True
hybrid,15.950000000000001,1.094038598787165,False,0.6486279592929787,-10.066634102995733,0.1628415066593461,2.1003815612498324,1.525848554319964,-0.32779039212869066,15.519889265903101,0.9394669065933758,True,True
hybrid,16.0,1.0978140736795012,False,0.6487140797703649,-10.072268117206866,0.1630940991909873,2.1017989460520288,1.5254153818773375,-0.32782161752606953,15.526513808321068,0.9394911708786096,True,True
hybrid,16.05,1.1015785343413427,False,0.6487996901836933,-10.077912278772414,0.1633469248960803,2.1032184036853563,1.5249816858954546,-0.32785287133378915,15.533164443896506,0.9395155111779483,True,True
hybrid,16.1,1.1053319303036915,False,0.6488848214642047,-10.083566541063922,0.16359998595303876,2.1046399455793696,1.524547465271553,-0.3278841534836374,15.539840365367793,0.939539924333619,True,True
hybrid,16.150000000000002,1.1090742127062185,False,0.648969505837169,-10.089230858155206,0.16385328400313798,2.106063583258677,1.5241127190279258,-0.32791546407224814,15.546540734822548,0.9395644070850726,True,True
hybrid,16.2,1.112805334277482,False,0.649053773434135,-10.094905185231468,0.16410682116639608,2.107489329971198,1.5236774461868663,-0.32794680310530566,15.55326476544379,0.9395889563678352,True,True
hybrid,16.25,1.1165252493201479,False,0.6491376544586069,-10.100589478999826,0.16436059882129375,2.1089171964173254,1.5232416456683495,-0.3279781706567064,15.560011670288805,0.939613569126032,True,True
hybrid,16.3,1.1202339136928003,False,0.6492211806803527,-10.10628369660726,0.16461462025117757,2.110347194885025,1.522805316449194,-0.3280095667093974,15.566780624773145,0.939638242175752,True,True
hybrid,16.35,1.1239312847944802,False,0.6493043805474049,-10.111987795777834,0.16486888575727368,2.111779336604381,1.5223684574948493,-0.3280409913600124,15.573570884047918,0.9396629726329828,True,True
hybrid,16.400000000000002,1.127617321549451,False,0.649387284751678,-10.117701736310288,0.16512339863328765,2.1132136340562444,1.5219310677935027,-0.32807244461992013,15.58038165188165,0.9396877574355165,True,True
hybrid,16.45,1.1312919843858253,False,0.6494699220174994,-10.123425478315347,0.16537816088814045,2.1146500985267083,1.5214931462651293,-0.3281039265061736,15.587212178923014,0.9397125937009068,True,True
hybrid,16.5,1.1349552352219234,False,0.64955232195491,-10.129158983578172,0.16563317433133717,2.1160887413289005,1.5210546918865475,-0.3281354370585632,15.594061696359095,0.9397374784848841,True,True
hybrid,16.55,1.1386070374505834,False,0.64963451369998,-10.134902213519862,0.16588844023178548,2.117529573939293,1.5206157036459444,-0.32816697636235403,15.600929445384196,0.9397624088886154,True,True
hybrid,16.6,1.14224735592029,False,0.6497165248228697,-10.14065513178636,0.1661439621787938,2.118972609020561,1.5201761804519265,-0.32819854440617746,15.60781470742333,0.9397873821681656,True,True
hybrid,16.650000000000002,1.145876156918348,False,0.6497983844602597,-10.146417702891158,0.16639974111054293,2.1204178566742202,1.519736121247206,-0.32823014125824557,15.614716726818349,0.9398123954538528,True,True
hybrid,16.7,1.1494934081563315,False,0.649880119498648,-10.152189891399026,0.16665577994640887,2.121865329004983,1.519295525031339,-0.3282617669356114,15.621634801247597,0.9398374460781113,True,True
hybrid,16.75,1.153099078751211,False,0.6499617588009746,-10.157971663838007,0.16691208045201464,2.123315037190717,1.5188543907243002,-0.3282934214951183,15.62856818311443,0.9398625312180843,True,True
hybrid,16.8,1.1566931392092101,False,0.6500433285667057,-10.16376298747555,0.16716864514876306,2.124766992572802,1.5184127172233275,-0.32832510494813505,15.635516189183646,0.9398876482925009,True,True
hybrid,16.85,1.1602755614117086,False,0.6501248566990244,-10.169563830047268,0.16742547601722174,2.1262212064515356,1.5179705035279767,-0.328356817351505,15.642478095181142,0.9399127945801802,True,True
hybrid,16.900000000000002,1.1638463185945511,False,0.6502063696633895,-10.175374161126424,0.1676825750427249,2.1276776896071823,1.5175277485354854,-0.3283885587450186,15.649453213437749,0.9399379675007644,True,True
hybrid,16.95,1.1674053853344049,False,0.6502878938521044,-10.181193950349897,0.1679399447629464,2.12913645373575,1.5170844511885662,-0.32842032915141317,15.656440857355737,0.9399631644861042,True,True
hybrid,17.0,1.1709527375321613,False,0.6503694550362076,-10.18702316837718,0.16819758765318896,2.130597509397168,1.5166406104526686,-0.32845212861616346,15.663440356081983,0.9399883830330985,True,True
hybrid,17.05,1.174488352394519,False,0.6504510797341472,-10.192861787578732,0.16845550585208674,2.13206086806768,1.5161962252022931,-0.3284839572131659,15.670451022611516,0.9400136205886922,True,True
hybrid,17.1,1.1780122084205686,False,0.6505327931569752,-10.198709779846945,0.16871370122915894,2.133526540154121,1.5157512943574147,-0.32851581490263015,15.677472199907946,0.9400388747159465,True,True
hybrid,17.150000000000002,1.1815242853833752,False,0.6506146205766029,-10.204567119750758,0.1689721769620284,2.134994537392035,1.5153058169062206,-0.32854770180392734,15.6845032328155,0.9400641429926919,True,True
hybrid,17.2,1.185024564313835,False,0.6506965867767734,-10.210433781660381,0.16923093431375233,2.136464869966333,1.5148597916549988,-0.3285796179056888,15.691543476872654,0.9400894230431373,True,True
hybrid,17.25,1.1885130274865787,False,0.6507787171506736,-10.216309741670095,0.16948997640515026,2.1379375487734684,1.514413217614674,-0.3286115632590736,15.698592274806572,0.9401147124534135,True,True
hybrid,17.3,1.1919896584008711,False,0.6508610357782109,-10.222194974579152,0.1697493051273684,2.1394125843925758,1.5139660936370092,-0.3286435378868191,15.705648998264039,0.9401400089212987,True,True
hybrid,17.35,1.19545444176606,False,0.6509435662473539,-10.228089458702167,0.17000892368287446,2.140889988116149,1.5135184186988226,-0.3286755418628218,15.712713035427045,0.94016531021144,True,True
hybrid,17.400000000000002,1.1989073634867964,False,0.6510263327537266,-10.233993172576527,0.170268833286177,2.142369769887672,1.51307019162914,-0.32870757519276594,15.719783759419593,0.9401906140420854,True,True
hybrid,17.45,1.2023484106464366,False,0.6511093592761356,-10.239906094136744,0.170529037289368,2.1438519411207646,1.512621411359305,-0.3287396379562324,15.726860546930027,0.9402159181518652,True,True
hybrid,17.5,1.20577757148817,False,0.651192668335694,-10.245828204571092,0.17078953746794,2.145336511258585,1.5121720768092928,-0.3287717301475368,15.733942814124715,0.940241220427984,True,True
hybrid,17.55,1.2091948354050146,False,0.6512762836112306,-10.251759483643347,0.17105033698055033,2.1468234912149993,1.5117221868649722,-0.32880385182352256,15.741029946306135,0.9402665186546275,True,True
hybrid,17.6,1.212600192918444,False,0.6513602269074751,-10.257699913965546,0.17131143795875212,2.1483128911025466,1.5112717403553688,-0.32883600300692706,15.74812137773134,0.9402918107979787,True,True
hybrid,17.650000000000002,1.215993635668383,False,0.6514445218768046,-10.263649476450832,0.17157284233219522,2.1498047221627488,1.5108207362686699,-0.32886818378869975,15.755216494693009,0.9403170946602369,True,True
hybrid,17.7,1.2193751563925161,False,0.6515291897426074,-10.269608156110094,0.17183455355472715,2.1512989942140104,1.5103691734339009,-0.32890039412905026,15.76231474781229,0.9403423682799827,True,True
hybrid,17.75,1.2227447489140104,False,0.6516142523327633,-10.275575935844454,0.17209657370638298,2.152795716407503,1.5099170507141935,-0.3289326341530341,15.769415569193185,0.9403676296365937,True,True
hybrid,17.8,1.226102408126735,False,0.6516997318048707,-10.281552801141231,0.17235890473395352,2.154294899852936,1.509464367086366,-0.3289649038549669,15.776518386261499,0.9403928766996784,True,True
hybrid,17.85,1.2294481299770723,False,0.6517856494017483,-10.287538737590799,0.17262154997286258,2.1557965548567326,1.5090111213112323,-0.3289972032462174,15.783622648079744,0.940418107522549,True,True
hybrid,17.900000000000002,1.2327819114520935,False,0.6518720254486469,-10.293533732133163,0.1728845115896335,2.1573006914734725,1.5085573123542417,-0.3290295323893133,15.790727827365659,0.940443320249037,True,True
hybrid,17.95,1.2361037505618242,False,0.651958881013151,-10.29953777195361,0.17314779272597644,2.1588073186045014,1.5081029389989453,-0.32906189134678243,15.797833378614335,0.9404685129647065,True,True
hybrid,18.0,1.2394136463267387,False,0.6520462376301578,-10.305550845176674,0.1734113949368759,2.160316446767266,1.5076480001425807,-0.3290942801243091,15.804938745804108,0.9404936837243943,True,True
hybrid,18.05,1.242711598762753,False,0.6521341141125782,-10.311572940314083,0.17367532207010797,2.161828086366153,1.507192494705123,-0.32912669880147405,15.812043438865386,0.9405188308228944,True,True
hybrid,18.1,1.2459976088625808,False,0.6522225308461945,-10.317604047515259,0.17393957541482744,2.1633422464428396,1.506736421504229,-0.32915914740669905,15.819146931537588,0.9405439524328729,True,True
hybrid,18.150000000000002,1.2492716785875473,False,0.6523115082666009,-10.323644158016716,0.17420415834678737,2.1648589366166804,1.5062797793916616,-0.3291916259570371,15.826248697420533,0.9405690467327218,True,True
hybrid,18.2,1.2525338108478081,False,0.6524010650525977,-10.32969326150475,0.17446907320763366,2.166378166669532,1.5058225672078152,-0.3292241344752256,15.833348249779378,0.9405941120470133,True,True
hybrid,18.25,1.2557840094916628,False,0.6524912203458815,-10.335751351256153,0.17473432290100685,2.1678999469634475,1.5053647838726647,-0.32925667305221396,15.840445095609466,0.9406191466839131,True,True
hybrid,18.3,1.2590222792871373,False,0.6525819933350085,-10.341818419000601,0.17499990998977671,2.169424285868151,1.504906428135655,-0.3292892416993709,15.847538737851046,0.9406441489430549,True,True
hybrid,18.35,1.2622486259142534,False,0.6526734035340095,-10.347894459371467,0.17526583711270893,2.170951193792798,1.5044474988940237,-0.3293218404394338,15.85462867544634,0.9406691171157754,True,True
hybrid,18.400000000000002,1.2654630559425186,False,0.6527654674396575,-10.35397946559576,0.17553210635774838,2.1724806793608704,1.5039879949995338,-0.3293544693633521,15.861714477953594,0.9406940497475815,True,True
hybrid,18.45,1.2686655768252422,False,0.652858204516742,-10.360073432835582,0.1757987221878886,2.174012752541371,1.5035279152584735,-0.3293871284824945,15.868795645302956,0.9407189451442288,True,True
hybrid,18.5,1.2718561968804352,False,0.6529516327433951,-10.366176357078121,0.1760656853107628,2.175547421863089,1.503067258545343,-0.32941981782528273,15.875871714301919,0.9407438017466959,True,True
hybrid,18.55,1.2750349252789874,False,0.6530457693044219,-10.37228823444029,0.17633299922731543,2.1770846974809106,1.5026060236323246,-0.3294525374258228,15.882942240768386,0.9407686180679318,True,True
hybrid,18.6,1.2782017720314798,False,0.6531406321251731,-10.378409061448457,0.17660066688843518,2.178624587689204,1.502144209416656,-0.3294852873580112,15.890006762677498,0.9407933925633624,True,True
hybrid,18.650000000000002,1.2813567479731773,False,0.6532362381968169,-10.384538836716697,0.17686869062338922,2.1801671026194813,1.5016818146932565,-0.32951806764458524,15.897064843466149,0.9408181237828009,True,True
hybrid,18.7,1.2844998647519787,False,0.6533326034336304,-10.390677557736993,0.17713707374602833,2.1817122499810453,1.501218838245677,-0.32955087830828234,15.904116070632533,0.9408428103651455,True,True
hybrid,18.75,1.2876311348152285,False,0.6534297458878988,-10.396825224373831,0.1774058178293322,2.183260039111282,1.500755278914312,-0.3295837194343676,15.91115998284763,0.9408674507831359,True,True
hybrid,18.8,1.2907505713956198,False,0.6535276812762273,-10.40298183663137,0.1776749273203274,2.1848104799306083,1.500291135550924,-0.32961659102852536,15.918196175433815,0.9408920437125528,True,True
hybrid,18.85,1.0931874106595387,True,-122.99486642367553,113.22181658198602,28.723840597033405,-26.367935678680592,1.4998264069618017,-0.32964949314759906,,0.4793133793148402,False,True
hybrid,18.900000000000002,1.095599794062764,False,0.640543133295461,-10.437359946570368,0.17278436707761413,2.176592370995851,1.4993610918736522,-0.32968242580295737,16.29454661838669,0.9421783049844827,True,True
hybrid,18.95,1.0980016082539805,False,0.6406785968774705,-10.443706261804351,0.17303532374908168,2.178235254505933,1.4988951891609759,-0.32971538906849673,16.301006952167164,0.9421998960658912,True,True
hybrid,19.0,1.100392876316164,False,0.6408149917863031,-10.450060314449301,0.17328700527073515,2.1798806625594334,1.4984286975959549,-0.3297483829669545,16.307452928526605,0.942221423098498,True,True
hybrid,19.05,1.1027736219164126,False,0.6409523305616458,-10.456422110275719,0.1735394106684455,2.181528602081373,1.4979616160303522,-0.3297814075494898,16.31388421836784,0.9422428851095627,True,True
hybrid,19.1,1.1051438693000364,False,0.6410906253526032,-10.462791655068362,0.17379254093306173,2.1831790805760014,1.4974939431908751,-0.3298144628445243,16.320300502466047,0.9422642811620028,True,True
hybrid,19.150000000000002,1.107503643275777,False,0.6412298883383338,-10.46916895575123,0.17404639621419718,2.1848321046521413,1.4970256778610747,-0.32984754889753276,16.326701462529698,0.9422856103244709,True,True
hybrid,19.200000000000003,1.1098529692076227,False,0.6413701315874404,-10.475554019968953,0.1743009768025367,2.1864876814274252,1.496556818915451,-0.32988066575967423,16.333086784133762,0.9423068716810804,True,True
hybrid,19.25,1.11219187300253,False,0.6415113671984175,-10.481946855948264,0.17455628298948542,2.1881458176147515,1.4960873650466056,-0.3299138134707391,16.339456152935526,0.9423280643187473,True,True
hybrid,19.3,1.1145203811008741,False,0.64165360673624,-10.48834747137277,0.1748123148558566,2.1898065201549675,1.4956173150608265,-0.3299469920534648,16.345809267279847,0.9423491873690585,True,True
hybrid,19.35,1.1168385204646256,False,0.6417968609487825,-10.49475587535477,0.17506907318748016,2.1914697950898723,1.495146667730296,-0.3299802015476416,16.352145848516834,0.9423702400423591,True,True
hybrid,19.400000000000002,1.1191463185687098,False,0.6419411418800458,-10.501172078862831,0.1753265583489839,2.193135649534137,1.4946754218613023,-0.33001344203285043,16.358465587839046,0.9423912214510147,True,True
hybrid,19.450000000000003,1.121443803388729,False,0.6420864606159669,-10.507596091340236,0.1755847697885025,2.1948040894204226,1.4942035761919215,-0.3300467135602503,16.364768198444928,0.9424121307827447,True,True
hybrid,19.5,1.1237310033941412,False,0.6422328275638962,-10.514027923383527,0.17584370935363955,2.196475121896549,1.4937311294715983,-0.33008001608436643,16.371053412615346,0.9424329672906439,True,True
hybrid,19.55,1.1260079475332532,False,0.6423802532983716,-10.520467586746117,0.17610337621163255,2.198148753280227,1.493258080506621,-0.33011334969614836,16.377320960175265,0.9424537302216052,True,True
hybrid,19.6,1.1282746652300375,False,0.6425287496928482,-10.526915093352038,0.17636377136586723,2.199824989409974,1.4927844280236968,-0.33014671447517685,16.383570538103207,0.9424744187157585,True,True
hybrid,19.650000000000002,1.1305311863673069,False,0.6426783253960776,-10.533370455155023,0.17662489518552416,2.2015038364218222,1.4923101707836395,-0.33018011039871453,16.389801925657583,0.9424950321875396,True,True
hybrid,19.700000000000003,1.1327775412821666,False,0.6428289916267486,-10.539833686262217,0.17688674811149194,2.2031853006086606,1.491835307524525,-0.3302135375463422,16.396014839949927,0.9425155698474399,True,True
hybrid,19.75,1.135013760754191,False,0.6429807582148516,-10.546304798690954,0.17714933030242652,2.2048693880665655,1.4913598370299042,-0.3302469959294285,16.40220903028472,0.9425360310142396,True,True
hybrid,19.8,1.137239875998148,False,0.6431336350148905,-10.552783808174139,0.1774126426261502,2.2065561051903226,1.490883757969641,-0.33028048566166035,16.40838425116704,0.9425564150255379,True,True
hybrid,19.85,1.1394559186503557,False,0.6432876316222749,-10.559270728072617,0.17767668538528059,2.208245457823306,1.4904070691613924,-0.33031400671461597,16.414540260075764,0.9425767212303283,True,True
hybrid,19.900000000000002,1.141661920765273,False,0.6434427576563719,-10.56576557376762,0.17794145845739726,2.209937451397685,1.4899297692977598,-0.33034755915082314,16.4206768170825,0.9425969489876873,True,True
hybrid,19.950000000000003,1.1438579148016288,False,0.6435990224765431,-10.572268360820837,0.1782069632819917,2.2116320917142493,1.4894518571395565,-0.3303811429759662,16.426793689243304,0.9426170976811844,True,True
hybrid,20.0,1.146043933617193,False,0.6437564348971136,-10.578779105259173,0.1784731998100142,2.213329384943563,1.4889733313680154,-0.33041475832078504,16.43289065832778,0.9426371667442144,True,True
all_nodes,0.0,0.0,False,0.4707214324071174,-8.698042485434598,0.09661822639372986,1.522222736070944,1.6418692782508515,-0.31909789530573107,18.47811016582699,0.9486603170694439,True,False
all_nodes,0.05,-0.0009755324249454134,False,0.47140814512522117,-8.707312214608756,0.09691121010854485,1.52154775102848,1.6415630035794493,-0.31912168047938394,18.47085652772464,0.9486411910756933,True,False
all_nodes,0.1,-0.0019430532363458042,False,0.4721047338483863,-8.716533655144971,0.09720768649149851,1.520892066206567,1.6412564275810837,-0.31914548474105686,18.463135465920228,0.9486208169412893,True,False
all_nodes,0.15000000000000002,-0.002901961448515067,False,0.47281116092450987,-8.725702809601454,0.09750763853029781,1.5202571331361823,1.6409495497555326,-0.3191693081021185,18.45494254522181,0.9485991799936926,True,False
all_nodes,0.2,-0.003851647368946942,False,0.4735273763232502,-8.734815622972635,0.09781104507762899,1.5196444256796344,1.64064236963668,-0.3191931506250967,18.446273773641067,0.9485762665053356,True,False
all_nodes,0.25,-0.00479149304578641,False,0.47425331851677704,-8.743867992232476,0.0981178799860057,1.51905543911777,1.64033488675841,-0.3192170123327287,18.437125584231744,0.9485520636440584,True,False
all_nodes,0.30000000000000004,-0.0057208727444049146,False,0.47498891114410324,-8.752855766100055,0.09842811209523118,1.5184916868968437,1.6400271006432376,-0.3192408931965929,18.42749495986569,0.9485265598026996,True,False
all_nodes,0.35000000000000003,-0.006639153456717395,False,0.47573406639645527,-8.761774754729894,0.09874170601842519,1.5179547001607023,1.6397190108364157,-0.319264793313323,18.41737931676355,0.9484997442916164,True,False
all_nodes,0.4,-0.007545695438011535,False,0.4764886822490973,-8.770620731555605,0.09905862041926387,1.5174460247704067,1.639410616837722,-0.3192887126601818,18.406776610426448,0.948471607620673,True,False
all_nodes,0.45,-0.008439852773790335,False,0.47725264139782364,-8.77938944233373,0.09937880902484544,1.5169672197994808,1.639101918203778,-0.31931265124285346,18.395685389230756,0.948442141644799,True,False
all_nodes,0.5,-0.00932097398094811,False,0.47802581361998936,-8.788076609758791,0.09970221992773817,1.5165198544250118,1.6387929144343616,-0.31933660911249717,18.384104705995956,0.9484113393335789,True,False
all_nodes,0.55,-0.010188402631001736,False,0.4788080550561414,-8.796677938778137,0.10002879705791833,1.5161055052094718,1.638483605086094,-0.3193605862861659,18.372034149982515,0.9483791948611188,True,False
all_nodes,0.6000000000000001,-0.011041478011975414,False,0.479599204515783,-8.805189125925912,0.10035847679829538,1.5157257547468197,1.638173989636016,-0.31938458278091275,18.359474000412245,0.9483457040217774,True,False
all_nodes,0.65,-0.011879535810294328,False,0.4803990881254183,-8.81360586445125,0.1006911912842092,1.515382187729818,1.6378640676066425,-0.31940859863652804,18.34642505014554,0.9483108637689899,True,False
all_nodes,0.7000000000000001,-0.012701908823601116,False,0.4812075158619738,-8.821923852324193,0.10102686673265665,1.5150763890090184,1.6375538385887012,-0.3194326338643805,18.332888746597657,0.9482746726002866,True,False
all_nodes,0.75,-0.01350792770449516,False,0.4820242826575785,-8.830138799234883,0.10136542371374871,1.5148099398131434,1.6372433020137578,-0.31945668847583875,18.31886715447416,0.948237130469195,True,False
all_nodes,0.8,-0.014296921724280764,False,0.4828491680178382,-8.838246433957728,0.1017067764488575,1.5145844152186783,1.636932457461171,-0.31948076249932456,18.30436297579208,0.9481982388512891,True,False
all_nodes,0.8500000000000001,-0.015068219564909668,False,0.4836819366709064,-8.846242514260416,0.10205083405588432,1.514401381611805,1.6366213044307187,-0.31950485596894396,18.28937953554245,0.9481580007196494,True,False
all_nodes,0.9,-0.015821150137071527,False,0.48452233657997745,-8.854122832483567,0.10239749956127094,1.5142623918482694,1.636309842422179,-0.31952896890175,18.273920857768474,0.9481164207646445,True,False
all_nodes,0.9500000000000001,-0.016555043414200554,False,0.48537010188517987,-8.861883225498858,0.10274667034373391,1.5141689833827952,1.6359980709580668,-0.3195531013261643,18.25799156371449,0.9480735051372554,True,False
all_nodes,1.0,-0.017269231295585996,False,0.48622494976811914,-8.869519581596728,0.10309823800516732,1.5141226748999708,1.6356859896063725,-0.31957725325924,18.241596992969214,0.9480292617933224,True,False
all_nodes,1.05,-0.017963048482215527,False,0.487086582936683,-8.877027851646064,0.10345208806881454,1.5141249616710997,1.635373597753187,-0.31960142473508313,18.224743120875495,0.9479837002912078,True,False
all_nodes,1.1,-0.01863583337694763,False,0.4879546887837948,-8.884404055344778,0.10380810076856156,1.514177312908609,1.6350608950574497,-0.3196256157252719,18.207436591067005,0.947936831900563,True,False
all_nodes,1.1500000000000001,-0.019286928993096808,False,0.48882893957869983,-8.891644290824672,0.10416615080554097,1.5142811690549283,1.6347478809279892,-0.3196498263378089,18.189684715655314,0.9478886696255004,True,False
all_nodes,1.2000000000000002,-0.01991568388439191,False,0.48970899334923856,-8.89874474278958,0.104526107046463,1.5144379365891827,1.634434554910058,-0.31967405653858805,18.171495446569004,0.9478392281506156,True,False
all_nodes,1.25,-0.020521453083119923,False,0.4905944925794066,-8.905701692174839,0.10488783348741489,1.5146489858113767,1.634120916514803,-0.3196983063503467,18.152877431116657,0.9477885240170048,True,False
all_nodes,1.3,-0.021103599049183686,False,0.4914850663584842,-8.91251152583616,0.10525118820486602,1.5149156466617175,1.6338069652761078,-0.3197225758242439,18.13383993916809,0.9477365754506527,True,False
all_nodes,1.35,-0.021661492623252343,False,0.49238032873369475,-8.919170742349703,0.10561602495406294,1.5152392049305705,1.6334927006255384,-0.3197468649602797,18.114392923226752,0.947683402553431,True,False
all_nodes,1.4000000000000001,-0.02219451399423633,False,0.4932798827076021,-8.925675963710129,0.10598219194741174,1.515620899955797,1.6331781221424535,-0.31977117378119146,18.094546882222918,0.947629026958948,True,False
all_nodes,1.4500000000000002,-0.02270205365766742,False,0.49418331594178927,-8.932023941988476,0.10634953287865306,1.516061919140695,1.632863229292525,-0.3197955023438226,18.07431302079934,0.947573472297033,True,False
all_nodes,1.5,-0.02318351338476532,False,0.49509020383421154,-8.938211568664915,0.10671788754619317,1.5165633970719696,1.6325480215755306,-0.3198198506254357,18.053703142262155,0.9475167639312095,True,False
all_nodes,1.55,-0.023638307180590346,False,0.4960001115666351,-8.944235882604215,0.10708708976463097,1.5171264098427275,1.6322324985367231,-0.3198442186885586,18.032729578131562,0.9474589287944809,True,False
all_nodes,1.6,-0.024065862245151948,False,0.4969125913058316,-8.950094078633214,0.10745697173990075,1.5177519739795833,1.6319166596304058,-0.3198686065275069,18.011405295875782,0.947399995716417,True,False
all_nodes,1.6500000000000001,-0.024465619918601078,False,0.4978271847135663,-8.955783514063752,0.10782735973040271,1.5184410403381456,1.6316005043904624,-0.3198930141877554,17.98974380882117,0.9473399952064926,True,False
all_nodes,1.7000000000000002,-0.02483703662392145,False,0.4987434243077165,-8.961301717779895,0.10819807842668869,1.51919449462992,1.631284032282565,-0.319917441669304,17.967759134305737,0.9472789593689342,True,False
all_nodes,1.75,-0.025179584788929787,False,0.4996608319347511,-8.966646396228644,0.10856894741826287,1.5200131515866675,1.63096724281786,-0.31994188902899623,17.945465850322176,0.9472169220909923,True,False
all_nodes,1.8,-0.02549275375849902,False,0.5005789222156846,-8.971815441281327,0.10893978448006081,1.5208977528694878,1.6306501355074943,-0.3199663562554633,17.922878976945096,0.947153918744692,True,False
all_nodes,1.85,-0.025776050680860862,False,0.5014972005585681,-8.976806936381543,0.10931040504659381,1.5218489669406126,1.6303327098512455,-0.3199908433884957,17.90001405069294,0.9470899864244632,True,False
all_nodes,1.9000000000000001,-0.026029001381175476,False,0.50241516777056,-8.981619162711917,0.10968062220598454,1.5228673823870968,1.6300149653034168,-0.32001535045083074,17.876886962962057,0.9470251635260583,True,False
all_nodes,1.9500000000000002,-0.02625115120144983,False,0.5033323149444906,-8.986250604568085,0.11005024663601057,1.5239535086447413,1.629696901409261,-0.3200398774765745,17.853514145141112,0.9469594902944013,True,False
all_nodes,2.0,-0.026442065818173432,False,0.5042481316705766,-8.990699955213168,0.11041908851207062,1.5251077734760379,1.629378517600344,-0.3200644244373052,17.82991228034288,0.9468930080442313,True,False
all_nodes,2.0500000000000003,-0.02660133203062287,False,0.5051621018542022,-8.994966121589501,0.1107869563452403,1.5263305202662871,1.6290598134332868,-0.32008899144670977,17.806098455472796,0.946825759613686,True,False
all_nodes,2.1,-0.026728558513696044,False,0.506073705211034,-8.999048227883556,0.11115365784896329,1.5276220068791304,1.628740788351024,-0.3201135784536291,17.78209010905028,0.9467577892452905,True,False
all_nodes,2.15,-0.026823376536640353,False,0.5069824205094905,-9.002945620379812,0.11151900104076887,1.5289824036952713,1.6284214418647025,-0.32013818552627527,17.757904921697932,0.9466891423016403,True,False
all_nodes,2.2,-0.026885440644036862,False,0.5078877244058796,-9.006657870004663,0.11188279366182848,1.5304117944350504,1.6281017734627312,-0.3201628126475953,17.73356085843684,0.9466198654085756,True,False
all_nodes,2.25,-0.026914429301314158,False,0.5087890943465874,-9.010184773947666,0.11224484451374088,1.5319101718080248,1.6277817825880447,-0.32018745987443253,17.70907606720423,0.9465500061890852,True,False
all_nodes,2.3000000000000003,-0.026910045487966272,False,0.509686006824653,-9.013526359731417,0.11260496253034032,1.5334774408873453,1.6274614688200018,-0.3202121272522618,17.68446894566665,0.9464796134742741,True,False
all_nodes,2.35,-0.026872017258483538,False,0.5105779421506612,-9.016682886499774,0.11296295846616507,1.5351134142866916,1.6271408315446934,-0.32023681471855525,17.659757976460202,0.9464087368517037,True,False
all_nodes,2.4000000000000004,-0.026800098246667403,False,0.5114643813174956,-9.019654842932068,0.1133186458329807,1.536817816058568,1.6268198703073722,-0.32026152239268413,17.634961831942398,0.9463374269816917,True,False
all_nodes,2.45,-0.026694068130836968,False,0.5123448113630242,-9.022442951094503,0.11367183875081667,1.5385902793695772,1.62649858457371,-0.3202862502575954,17.610099196850477,0.9462657351031618,True,False
all_nodes,2.5,-0.026553733042646854,False,0.513218722353952,-9.025048164589977,0.11402235474797168,1.5404303467337925,1.6261769737866416,-0.32031099829055165,17.58518887073193,0.9461937133404758,True,False
all_nodes,2.5500000000000003,-0.02637892592792923,False,0.5140856113600877,-9.027471666118853,0.11437001476975697,1.5423374725800743,1.6258550374800507,-0.3203357666109241,17.560249628919536,0.9461214143132075,True,False
all_nodes,2.6,-0.02616950685592201,False,0.514944982355598,-9.029714868884037,0.1147146430121846,1.5443110219754836,1.6255327751196091,-0.320360555173238,17.535300232614983,0.9460488911725107,True,False
all_nodes,2.6500000000000004,-0.025925363272335744,False,0.5157963468206459,-9.031779411227062,0.1150560666967523,1.5463502738408528,1.625210186170989,-0.32038536405138984,17.51035940230809,0.945976197529946,True,False
all_nodes,2.7,-0.025646410201034087,False,0.5166392260975081,-9.033667155103421,0.11539411864873146,1.548454420086817,1.624887270088493,-0.3204101931999048,17.485445740038422,0.9459033872343118,True,False
all_nodes,2.75,-0.025332590388870813,False,0.5174731505976151,-9.035380183501045,0.11572863573340056,1.5506225698323963,1.624564026394637,-0.3204350427211011,17.460577757640838,0.9458305144547223,True,False
all_nodes,2.8000000000000003,-0.0249838743957298,False,0.5182976616962663,-9.036920795394654,0.11605945956820686,1.5528537487826901,1.6242404545550926,-0.3204599125808727,17.43577380962696,0.9457576334833414,True,False
all_nodes,2.85,-0.02460026062885845,False,0.5191123130480854,-9.0382915006845,0.11638643700308311,1.5551469032855263,1.6239165539673195,-0.32048480281900993,17.41105204693398,0.9456847985953888,True,False
all_nodes,2.9000000000000004,-0.024181775320130328,False,0.5199166706186347,-9.039495014651159,0.11670942148036509,1.5575009016492118,1.6235923242106765,-0.32050971349235624,17.386430413734015,0.9456120640332103,True,False
all_nodes,2.95,-0.02372847244987497,False,0.5207103142389818,-9.040534254501738,0.11702827147034914,1.5599145378657773,1.6232677646598859,-0.3205346445838586,17.36192659773694,0.9455394838511527,True,False
all_nodes,3.0,-0.023240433615683287,False,0.5214928378758412,-9.041412330162464,0.11734285153907718,1.5623865327672752,1.6229428749284125,-0.3205595961446761,17.337558013241736,0.945467111854376,True,False
all_nodes,3.0500000000000003,-0.022717767838457803,False,0.5222638509579218,-9.042132540905953,0.11765303406437454,1.5649155387035563,1.6226176542886606,-0.3205845681577557,17.313341760723294,0.9453950014658328,True,False
all_nodes,3.1,-0.022160611330264146,False,0.5230229778291998,-9.042698363520705,0.11795869726149805,1.5675001420640347,1.6222921023540948,-0.3206095607026782,17.289294633005053,0.9453232057295753,True,False
all_nodes,3.1500000000000004,-0.021569127191924053,False,0.5237698602524926,-9.043113448895644,0.11825972654812553,1.570138865807267,1.621966218522175,-0.3206345737794436,17.265433036823175,0.945251777059761,True,False
all_nodes,3.2,-0.02094350507013587,False,0.5245041569846649,-9.04338161225203,0.11855601456295704,1.5728301751106633,1.6216400022926791,-0.32065960741078925,17.241772999935318,0.9451807672421125,True,False
all_nodes,3.25,-0.020283960760480113,False,0.5252255445255767,-9.04350682369762,0.11884746106686818,1.5755724785137462,1.6213134531085416,-0.32068466163650555,17.218330140180818,0.945110227320204,True,False
all_nodes,3.3000000000000003,-0.01959073575903858,False,0.525933717399086,-9.043493202043352,0.11913397454847115,1.578364133943967,1.620986570446803,-0.32070973643385514,17.195119656458573,0.9450402075457065,True,False
all_nodes,3.35,-0.018864096768766103,False,0.5266283890230637,-9.04334500319002,0.11941546977651618,1.5812034507030819,1.6206593537276603,-0.3207348318824188,17.17215629025644,0.9449707572383041,True,False
all_nodes,3.4000000000000004,-0.01810433516334342,False,0.5273092914052254,-9.04306661118567,0.11969187087603851,1.5840886958141625,1.6203318024622604,-0.3207599479935652,17.14945433084788,0.9449019247757581,True,False
all_nodes,3.45,-0.017311766401007844,False,0.5279761771930033,-9.042662531139237,0.11996310864435371,1.5870180951484876,1.6200039160366941,-0.32078508476161005,17.127027547369178,0.9448337573611105,True,False
all_nodes,3.5,-0.01648672940086726,False,0.5286288179598635,-9.042137375632555,0.12022912180535039,1.589989839680685,1.6196756940189516,-0.32081024224908106,17.104889231216838,0.9447663011229156,True,False
all_nodes,3.5500000000000003,-0.015629585878741636,False,0.529267005315205,-9.041495857337301,0.12048985826768444,1.5930020894648358,1.6193471357837552,-0.3208354204616626,17.083052158055153,0.9446996009711476,True,False
all_nodes,3.6,-0.014740719648216327,False,0.529890551545981,-9.040742779014453,0.1207452737334094,1.5960529762667315,1.6190182407854081,-0.32086061943346067,17.06152856026146,0.9446337004831267,True,False
all_nodes,3.6500000000000004,-0.013820535883269258,False,0.5304992889623903,-9.03988302183068,0.12099533154120784,1.5991406108650756,1.618689008535057,-0.3208858391872127,17.04033013788179,0.9445686419063828,True,False
all_nodes,3.7,-0.012869460350884765,False,0.531093070894297,-9.038921536235556,0.12124000309940831,1.6022630835872735,1.6183594384187927,-0.320911079745656,17.019468020953646,0.9445044660121394,True,False
all_nodes,3.75,-0.01188793861706472,False,0.5316717698559688,-9.037863332337878,0.12147926731636466,1.6054184704574124,1.61802952987955,-0.3209363411258437,16.998952821561804,0.9444412122241883,True,False
all_nodes,3.8000000000000003,-0.010876435221916836,False,0.5322352801958384,-9.036713468361118,0.12171311233352163,1.608604837768017,1.6176992824512126,-0.32096162337893475,16.978794538077253,0.9443789182927642,True,False
all_nodes,3.85,-0.00983543283086874,False,0.5327835153155385,-9.03547704142764,0.12194153336199962,1.6118202447742447,1.6173686955312405,-0.3209869264992449,16.95900263745289,0.9443176205167133,True,False
all_nodes,3.9000000000000004,-0.00876543136860164,False,0.5333164106769809,-9.034159177722657,0.12216453293758728,1.615062748348448,1.6170377685511994,-0.3210122505151958,16.93958595096461,0.9442573533896845,True,False
all_nodes,3.95,-0.007666947130928747,False,0.5338339191252907,-9.032765022390716,0.12238212153161693,1.6183304074717366,1.6167065009540238,-0.32103759543815613,16.920552813862564,0.944198150002022,True,False
all_nodes,4.0,-0.0065405118818944175,False,0.5343360155526019,-9.031299729755915,0.12259431727557057,1.6216212856079437,1.616374892228123,-0.32106296134770673,16.90191090790668,0.9441400415215823,True,False
all_nodes,4.05,-0.005386671938140353,False,0.5348226932824514,-9.029768453511508,0.12280114527012562,1.6249334559286674,1.6160429417595878,-0.32108834825521626,16.883667366640132,0.9440830574904685,True,False
all_nodes,4.1000000000000005,-0.004205987243039999,False,0.535293964354922,-9.028176338775603,0.12300263754404908,1.6282650035909767,1.6157106490481965,-0.3211137561436317,16.865828759446927,0.9440272257467357,True,False
all_nodes,4.15,-0.002999030431283245,False,0.5357498608801599,-9.026528511631195,0.12319883301296318,1.6316140306909506,1.6153780134686713,-0.32113918506979644,16.8484010370099,0.9439725722250173,True,False
all_nodes,4.2,-0.0017663858932337462,False,0.5361904321239735,-9.02483007148153,0.12338977731931071,1.634978658206618,1.6150450345435274,-0.3211646350337105,16.8313896160588,0.9439191211940426,True,False
all_nodes,4.25,-0.0005086488320102944,False,0.5366157458586905,-9.02308608112563,0.12357552237498669,1.6383570299060803,1.6147117116361187,-0.321190106103586,16.814799324769943,0.9438668950590094,True,False
all_nodes,4.3,0.0007735756782949466,False,0.5370258863919865,-9.021301560247725,0.12375612596193357,1.6417473143077683,1.6143780442348543,-0.32121559826805424,16.798634458494032,0.943815914511196,True,False
all_nodes,4.3500000000000005,0.002079673627122247,False,0.5374209560363887,-9.019481476984568,0.12393165275776931,1.6451477100342715,1.6140440317485627,-0.3212411115669056,16.78289872338707,0.9437661983259874,True,False
all_nodes,4.4,0.003409023006042844,False,0.5378010726590562,-9.017630740417642,0.12410217149975716,1.6485564453559276,1.6137096735747036,-0.3212666460171931,16.767595304025082,0.9437177635527607,True,False
all_nodes,4.45,0.004760994728485457,False,0.5381663703173832,-9.015754193279754,0.1242677580294561,1.6519717831466345,1.6133749692244237,-0.32129220166439154,16.752726834199468,0.9436706254008503,True,False
all_nodes,4.5,0.006134953550372302,False,0.5385169977538138,-9.01385660547202,0.12442849174000403,1.6553920218077436,1.613039918083814,-0.3213177785028165,16.73829543555607,0.9436247973412644,True,False
all_nodes,4.55,0.007530258973474702,False,0.5388531183151979,-9.01194266720317,0.12458445749111896,1.6588154985174246,1.612704519595809,-0.3213433766120488,16.724302710505437,0.9435802910651439,True,False
all_nodes,4.6000000000000005,0.008946266136717895,False,0.5391749096335569,-9.010016984133133,0.12473574443173822,1.6622405904047999,1.6123687731578684,-0.3213689959579824,16.710749745860156,0.9435371164773108,True,False
all_nodes,4.65,0.010382326690660193,False,0.5394825623519965,-9.008084071428257,0.12488244636895784,1.6656657165027746,1.612032678247033,-0.321394636569039,16.697637143553763,0.9434952817775315,True,False
all_nodes,4.7,0.011837789658784459,False,0.5397762789659024,-9.006148347201366,0.12502466046802224,1.6690893403034814,1.6116962342607621,-0.3214202985134307,16.684965045991365,0.9434547935266251,True,False
all_nodes,4.75,0.013312002274687984,False,0.5400562746895419,-9.004214129989247,0.12516248761920695,1.6725099688604437,1.611359440630622,-0.3214459818082105,16.672733105759086,0.9434156565362193,True,False
all_nodes,4.800000000000001,0.014804310802674081,False,0.5403227755787615,-9.002285632520222,0.1252960323878914,1.6759261580976945,1.6110222967654408,-0.3214716864476941,16.66094053295738,0.943377874007679,True,False
all_nodes,4.8500000000000005,0.016314061335833685,False,0.5405760182010279,-9.000366959643907,0.12542540194887958,1.6793365100108784,1.6106848021081532,-0.32149741248304053,16.649586101869723,0.943341447542837,True,False
all_nodes,4.9,0.01784060057093484,False,0.5408162489457926,-8.998462102548583,0.12555070639212115,1.6827396751792554,1.610346956090325,-0.3215231599199342,16.63866816148588,0.9433063771683451,True,False
all_nodes,4.95,0.019383276557391582,False,0.5410437223758233,-8.996574937026939,0.12567205777351942,1.6861343547473997,1.6100087580525724,-0.3215489288095341,16.628184682600715,0.9432726614790339,True,False
all_nodes,5.0,0.020941439425769204,False,0.5412587035224485,-8.994709221138022,0.1257895719151604,1.6895192993017287,1.6096702075401481,-0.321574719163209,16.61813318215763,0.9432402973878795,True,False
all_nodes,5.050000000000001,0.022514442086730924,False,0.5414614626448531,-8.992868590946037,0.12590336422456094,1.692893309898681,1.6093313038709312,-0.3216005310378023,16.60851087539816,0.9432092806100285,True,False
all_nodes,5.1000000000000005,0.02410164090224498,False,0.5416522787179467,-8.991056560438563,0.12601355388645255,1.6962552385570613,1.6089920464764873,-0.32162636442194525,16.599314567123706,0.9431796053087178,True,False
all_nodes,5.15,0.025702396333826982,False,0.5418314366985665,-8.98927651928704,0.1261202597975106,1.699603988871804,1.608652434799751,-0.3216522193099536,16.590540729898596,0.943151264344006,True,False
all_nodes,5.2,0.027316073558949938,False,0.5419992258623312,-8.98753173012047,0.12622360278416678,1.7029385157902155,1.6083124682268135,-0.3216780958041454,16.582185547998034,0.9431242494131304,True,False
all_nodes,5.25,0.0289420430606242,False,0.5421559426947042,-8.985825330709925,0.12632370422786074,1.7062578239476789,1.6079721461892404,-0.3217039938988364,16.574244830827155,0.9430985507698237,True,False
all_nodes,5.300000000000001,0.030579681188328323,False,0.5423018864681963,-8.984160329797351,0.1264206870269008,1.7095609711602104,1.607631468107229,-0.3217299136110796,16.566714138333047,0.9430741576298632,True,False
all_nodes,5.3500000000000005,0.03222837069029083,False,0.542437360330743,-8.98253960855645,0.12651467271776146,1.7128470646012002,1.607290433378239,-0.321755854957928,16.559588747868478,0.9430510580652758,True,False
all_nodes,5.4,0.033887501216895544,False,0.5425626716764754,-8.980965921697678,0.12660578477633447,1.7161152615327329,1.606949041331518,-0.3217818180132781,16.5528636423645,0.9430292389677967,True,False
all_nodes,5.45,0.03555646979270932,False,0.5426781286699901,-8.979441894488572,0.1266941451360993,1.7193647696785055,1.6066072914782126,-0.3218078027487081,16.546533608228554,0.9430086863691958,True,False
all_nodes,5.5,0.037234681264180836,False,0.5427840425341548,-8.97797002662195,0.12677987634950633,1.7225948457332267,1.60626518323852,-0.32183380920969284,16.540593169809352,0.9429893852323542,True,False
all_nodes,5.550000000000001,0.03892154871414277,False,0.5428807255119599,-8.976552691883516,0.12686309978410687,1.7258047945293018,1.605922715896213,-0.3218598374303383,16.535036648092895,0.9429713196459866,True,False
all_nodes,5.6000000000000005,0.04061649385198507,False,0.5429684908692206,-8.975192137818418,0.1269439377269572,1.7289939685621587,1.6055798889624384,-0.32188588744475055,16.529858157054978,0.9429544728177082,True,False
all_nodes,5.65,0.04231894737085895,False,0.5430476519333287,-8.973890488770607,0.1270225093504794,1.7321617677550587,1.605236701789181,-0.32191195925861393,16.52505163556504,0.9429388271832183,True,False
all_nodes,5.7,0.044028349280779366,False,0.5431185222139744,-8.972649747123477,0.12709893438124406,1.7353076368722615,1.6048931537511635,-0.3219380529174032,16.520610843002128,0.9429243643979793,True,False
all_nodes,5.75,0.04574414921421521,False,0.5431814145592714,-8.971471793941344,0.12717333099054373,1.7384310661807696,1.6045492443026887,-0.32196416844954,16.516529383135563,0.942911065421283,True,False
all_nodes,5.800000000000001,0.047465806703485214,False,0.5432366399471344,-8.9703583920267,0.1272458162730122,1.7415315900021624,1.6042049728071106,-0.3219903058266027,16.512800743520646,0.9428989106514001,True,False
all_nodes,5.8500000000000005,0.04919279142950472,False,0.5432845088085718,-8.969311187417452,0.12731650533813485,1.7446087850183138,1.6038603386732575,-0.3220164651736468,16.509418255063515,0.9428878798008716,True,False
all_nodes,5.9,0.0509245834534795,False,0.5433253289723786,-8.96833171076811,0.12738551202986406,1.747662268571711,1.6035153412644831,-0.3220426464281445,16.506375154146436,0.9428779521063132,True,False
all_nodes,5.95,0.05266067341199232,False,0.5433594055373404,-8.967421382240891,0.12745294886281577,1.7506917004054026,1.6031699800464594,-0.32206884965830795,16.503664592633314,0.9428691063686819,True,False
all_nodes,6.0,0.05440056269890192,False,0.5433870425581808,-8.966581510728073,0.12751892538599738,1.7536967772728416,1.6028242543256965,-0.32209507489255884,16.501279582440567,0.9428613207800347,True,False
all_nodes,6.050000000000001,0.056143763612908515,False,0.5434085386865024,-8.965813298638249,0.12758355089759213,1.7566772355170295,1.6024781634996543,-0.32212132212521283,16.49921313402606,0.9428545733833273,True,False
all_nodes,6.1000000000000005,0.057889799493068494,False,0.5434241915150019,-8.965117844639613,0.12764693123587675,1.7596328476042873,1.6021317070112673,-0.322147591424482,16.49745812685654,0.9428488416574567,True,False
all_nodes,6.15,0.05963820482384108,False,0.5434342930925898,-8.964496143504768,0.1277091707081929,1.7625634205851375,1.6017848841784144,-0.3221738827903664,16.49600744275703,0.9428441029605312,True,False
all_nodes,6.2,0.06138852532353667,False,0.5434391324548428,-8.963949093469488,0.12777037202626618,1.7654687972772898,1.6014376944667674,-0.3222001962797094,16.49485390015477,0.942840334323046,True,False
all_nodes,6.25,0.06314031801002784,False,0.5434389944033077,-8.963477495732757,0.12783063472549355,1.7683488516316481,1.6010901371600994,-0.322226531875458,16.49399028786036,0.9428375125660191,True,False
all_nodes,6.300000000000001,0.06489315124917994,False,0.5434341584022303,-8.96308205832312,0.12789005691576352,1.7712034900286837,1.6007422117013448,-0.32225288966287735,16.49340940340554,0.9428356144340094,True,False
all_nodes,6.3500000000000005,0.06664660478168116,False,0.5434249007494237,-8.962763399977392,0.127948733213928,1.7740326488157028,1.6003939174879633,-0.3222792696135457,16.49310399213777,0.9428346164037299,True,False
all_nodes,6.4,0.06840026973577551,False,0.5434114916527654,-8.962522051967007,0.12800675764951963,1.776836293354472,1.6000452538605714,-0.3223056717615691,16.49306683726514,0.9428344949857667,True,False
all_nodes,6.45,0.07015374861771306,False,0.5433941970367994,-8.962358461266966,0.12806422056428954,1.7796144167012165,1.5996962202166287,-0.32233209616947534,16.493290708917936,0.9428352265654508,True,False
all_nodes,6.5,0.07190665529196849,False,0.543373276342661,-8.96227299531566,0.1281212098182487,1.782367037735226,1.5993468159081203,-0.3223585428372644,16.493768437857238,0.9428367876508552,True,False
all_nodes,6.550000000000001,0.0736586149419054,False,0.5433489857954237,-8.962265941193804,0.12817781114799465,1.7850942006804895,1.5989970403438747,-0.32238501179904233,16.49449281307426,0.9428391545450998,True,False
all_nodes,6.6000000000000005,0.07540926401566139,False,0.5433215740135572,-8.962337513808063,0.12823410858704914,1.7877959739563294,1.5986468928531394,-0.3224115030889152,16.495456728512735,0.9428423038324986,True,False
all_nodes,6.65,0.07715825016521194,False,0.5432912852767667,-8.962487854967039,0.12829018239094234,1.790472448476308,1.5982963728333743,-0.3224380167182517,16.49665308067902,0.9428462120504482,True,False
all_nodes,6.7,0.07890523215951362,False,0.5432583571992015,-8.962717038546852,0.12834611134225551,1.793123736977398,1.5979454796706705,-0.32246455272684216,16.498074847397906,0.9428508559529503,True,False
all_nodes,6.75,0.08064987980105798,False,0.5432230227841589,-8.963025071528163,0.128401970552181,1.795749970786751,1.5975942127283815,-0.32249111111468665,16.499715026050136,0.9428562123148064,True,False
all_nodes,6.800000000000001,0.08239187381764168,False,0.5431855084600118,-8.96341189930592,0.1284578345002136,1.798351301762281,1.5972425713357552,-0.32251769197841895,16.501566701803473,0.9428622581601822,True,False
all_nodes,6.8500000000000005,0.084130905754364,False,0.5431460356491737,-8.963877406012243,0.1285137733710435,1.800927900028869,1.5968905548788825,-0.3225442952953017,16.50362299947292,0.9428689706108208,True,False
all_nodes,6.9,0.08586667784584279,False,0.5431048179460667,-8.9644214208239,0.12856985591266956,1.8034799514630522,1.5965381627211173,-0.32257092105396623,16.50587717988927,0.9428763272057685,True,False
all_nodes,6.95,0.08759890289024952,False,0.5430620652501492,-8.96504371720376,0.12862614851620288,1.806007657490988,1.5961853942144444,-0.3225975693567307,16.508322512039605,0.9428843054888697,True,False
all_nodes,7.0,0.08932730410469958,False,0.5430179804553977,-8.965744017763017,0.12868271472055517,1.808511236169325,1.5958322487563237,-0.32262424020359504,16.510952381805048,0.9428928833682935,True,False
all_nodes,7.050000000000001,0.09105161498018788,False,0.5429727600430133,-8.966521996448316,0.12873961557169675,1.8109909167871556,1.5954787256873715,-0.3226509335945593,16.513760277289055,0.9429020390728569,True,False
all_nodes,7.1000000000000005,0.09277157912697476,False,0.5429265957774206,-8.967377281225417,0.128796910227825,1.8134469438122565,1.5951248243368354,-0.3226776495978356,16.516739741557444,0.942911751001954,True,False
all_nodes,7.15,0.09448695011337804,False,0.5428796724896239,-8.968309457016437,0.1288546560155025,1.8158795714833165,1.5947705441021753,-0.3227043882191083,16.51988444490496,0.9429219979649571,True,False
all_nodes,7.2,0.09619749129842603,False,0.5428321697736308,-8.969318067911525,0.1289129065871121,1.8182890658576316,1.5944158843126388,-0.3227311494924834,16.523188136863492,0.9429327590282329,True,False
all_nodes,7.25,0.09790297566314621,False,0.542784261114323,-8.9704026188974,0.1289717145462816,1.820675703249504,1.5940608443315796,-0.32275793346911996,16.526644675513214,0.9429440136139055,True,False
all_nodes,7.300000000000001,0.09960318563184956,False,0.5427361137483411,-8.97156258041221,0.12903112948282316,1.8230397678664356,1.5937054235109827,-0.32278474014901803,16.530248039790834,0.9429557415428371,True,False
all_nodes,7.3500000000000005,0.10129791289432433,False,0.5426878901196936,-8.972797388006883,0.1290911991916583,1.825381553486954,1.5933496211914644,-0.32281156953786194,16.53399228427203,0.9429679228901566,True,False
all_nodes,7.4,0.10298695822120862,False,0.5426397461480095,-8.974106447284598,0.12915197003628745,1.827701361337939,1.592993436679535,-0.32283842169817945,16.537871600796517,0.9429805381883066,True,False
all_nodes,7.45,0.10467013127822611,False,0.542591833544843,-8.975489133082856,0.1292134852251879,1.8299994979036585,1.5926368694522353,-0.3228652966640766,16.541880246233138,0.9429935681943367,True,False
all_nodes,7.5,0.10634725043792059,False,0.5425442958693492,-8.976944795166846,0.12927578584797605,1.832276277951137,1.5922799187023884,-0.3228921944355534,16.546012673089823,0.9430069943165097,True,False
all_nodes,7.550000000000001,0.10801814258866216,False,0.5424972744088553,-8.978472756931943,0.12933891234533193,1.8345320199411408,1.5919225838956663,-0.3229191150467159,16.55026334780307,0.9430207980255076,True,False
all_nodes,7.6000000000000005,0.10968264294274377,False,0.5424509025129791,-8.9800723193926,0.12940290161585719,1.8367670473915816,1.5915648642703673,-0.3229460585714605,16.554626930826675,0.9430349614411938,True,False
all_nodes,7.65,0.1113405948426589,False,0.5424053097576875,-8.981742762968324,0.12946779026875097,1.8389816883987926,1.591206759223951,-0.32297302498704994,16.559098152967564,0.9430494669322755,True,False
all_nodes,7.7,0.11299184956874342,False,0.5423606198411687,-8.983483348536437,0.12953361135899416,1.8411762737407773,1.590848268119771,-0.3230000143446432,16.563671881574415,0.9430642973324346,True,False
all_nodes,7.75,0.11463626614272471,False,0.5423169514305667,-8.985293318981196,0.12960039788999386,1.843351137500665,1.590489390230232,-0.3230270266271873,16.568343097664705,0.9430794358670668,True,False
all_nodes,7.800000000000001,0.11627371113490881,False,0.5422744186415599,-8.987171903337382,0.1296681793609149,1.8455066161508922,1.590130124930056,-0.3230540619256317,16.57310688903776,0.9430948661318502,True,False
all_nodes,7.8500000000000005,0.11790405846863905,False,0.5422331304091532,-8.989118314532012,0.12973698552000335,1.8476430476960775,1.589770471571228,-0.32308112023429203,16.577958465483448,0.9431105721427419,True,False
all_nodes,7.9,0.11952718922771055,False,0.5421931903501791,-8.991131754648507,0.12980684260038958,1.8497607717389073,1.589410429437521,-0.32310820157022135,16.58289317289567,0.943126538382118,True,False
all_nodes,7.95,0.12114299146492158,False,0.54215469847793,-8.993211413044618,0.12987777627467376,1.851860128619932,1.5890499979036576,-0.32313530602436913,16.5879064375769,0.9431427496189382,True,False
all_nodes,8.0,0.12275136000812381,False,0.5421177495859214,-8.995356471260772,0.1299498106648215,1.8539414587399223,1.5886891762420419,-0.3231624335455763,16.592993824923784,0.9431591910989412,True,False
all_nodes,8.05,0.1243521962712748,False,0.5420824340991802,-8.997566102133346,0.13002296784338885,1.8560051029927747,1.5883279638273962,-0.32318958422479227,16.598151012004823,0.9431758484560204,True,False
all_nodes,8.1,0.1259454080670821,False,0.5420488376912386,-8.999839471626581,0.13009726943613925,1.8580514021483154,1.587966360034443,-0.3232167580506484,16.603373802921173,0.9431927077618464,True,False
all_nodes,8.15,0.12753090941646406,False,0.5420170427564949,-9.002175739061435,0.1301727342691131,1.8600806962330916,1.5876043640560056,-0.32324395506293513,16.608658084402208,0.94320975538245,True,False
all_nodes,8.200000000000001,0.12910862036983417,False,0.5419871262959717,-9.004574060812747,0.1302493807759195,1.8620933226087968,1.5872419753009126,-0.32327117529575844,16.613999897657113,0.9432269782099287,True,False
all_nodes,8.25,0.13067846681906303,False,0.541959163000354,-9.007033588814286,0.1303272262532109,1.8640896193105634,1.586879193087043,-0.32329841877754006,16.619395341431662,0.943244363349489,True,True
all_nodes,8.3,0.13224038031899,False,0.5419332217723367,-9.00955347315017,0.1304062862996872,1.8660699218873866,1.5865160167095382,-0.3233256855367017,16.624840683664594,0.9432618984790689,True,True
all_nodes,8.35,0.13379429791234543,False,0.5419093688119507,-9.012132862918133,0.13048657474944209,1.86803456302321,1.5861524454976461,-0.32335297558461207,16.63033226879946,0.9432795715501229,True,True
all_nodes,8.4,0.13534016194944343,False,0.5418876668645124,-9.014770906599166,0.13056810546677455,1.8699838753836877,1.5857884788033516,-0.3233802890008519,16.635866541788484,0.943297370864625,True,True
all_nodes,8.450000000000001,0.13687791992038,False,0.5418681733484894,-9.017466752800914,0.13065089011103068,1.8719181865247523,1.5854241158876903,-0.3234076257626839,16.641440107244588,0.9433152852646455,True,True
all_nodes,8.5,0.13840752428404812,False,0.5418509448138705,-9.020219552121738,0.1307349404291653,1.8738378234137016,1.5850593560571724,-0.32343498589284536,16.647049596305944,0.9433333037036781,True,True
all_nodes,8.55,0.139928932299199,False,0.541836032464422,-9.023028456410264,0.13082026564534904,1.8757431092575383,1.584694198663783,-0.3234623694709171,16.652691803036802,0.9433514156844924,True,True
all_nodes,8.6,0.141442105863689,False,0.5418234850038925,-9.025892622749089,0.1309068752527043,1.877634363554873,1.5843286430026637,-0.32348977649689914,16.65836360467883,0.9433696110020616,True,True
all_nodes,8.65,0.14294701135418109,False,0.5418133478824594,-9.02881120961109,0.1309947770228106,1.8795119040147827,1.5839626883803248,-0.3235172070048975,16.66406197798175,0.9433878797953438,True,True
all_nodes,8.700000000000001,0.14444361946470963,False,0.5418056634123404,-9.031783379976238,0.13108397830845142,1.8813760437502087,1.5835963340691706,-0.3235446609949122,16.669784001690314,0.943406212554475,True,True
all_nodes,8.75,0.14593190505706843,False,0.5418004712575492,-9.034808303088179,0.1311744854818194,1.883227092822717,1.583229579455292,-0.32357213852378663,16.675526844998647,0.9434246000829699,True,True
all_nodes,8.8,0.14741184700642407,False,0.5417978075540401,-9.037885152227583,0.1312663038071717,1.8850653573615388,1.5828624237428812,-0.32359963965973293,16.681287790789234,0.9434430335712914,True,True
all_nodes,8.85,0.14888342805511456,False,0.5417977068956312,-9.041013107966071,0.1313594372507037,1.8868911402387711,1.582494866329398,-0.32362716435727634,16.687064180778602,0.9434615044204595,True,True
all_nodes,8.9,0.1503466346687219,False,0.5418001994595234,-9.044191356064738,0.13145389072326913,1.888704739562919,1.5821269064531407,-0.32365471267894463,16.69285350039892,0.9434800045127004,True,True
all_nodes,8.950000000000001,0.15180145689100755,False,0.5418053143654468,-9.047419090235353,0.1315496667117001,1.8905064507260374,1.581758543397882,-0.3236822846645282,16.69865328071124,0.9434985258968915,True,True
all_nodes,9.0,0.15324788821180846,False,0.5418130777987964,-9.050695511662495,0.13164676770829428,1.8922965630856077,1.5813897765042384,-0.3237098803367644,16.70446115555648,0.9435170609704688,True,True
all_nodes,9.05,0.15468592542742954,False,0.5418235138775618,-9.05401982827408,0.13174519527333542,1.8940753641354258,1.5810206050218767,-0.3237374997183906,16.71027483373499,0.9435356023896831,True,True
all_nodes,9.1,0.1561155685126323,False,0.5418366431458248,-9.057391257261287,0.13184495065787014,1.8958431351230964,1.5806510282914132,-0.3237651428491972,16.71609215034884,0.9435541432324109,True,True
all_nodes,9.15,0.15753682048898554,False,0.54185248631803,-9.060809023477251,0.13194603430230956,1.8976001547869488,1.580281045562515,-0.3237928097405529,16.721910948580906,0.9435726766204028,True,True
all_nodes,9.200000000000001,0.1589496873043572,False,0.5418710593964297,-9.064272360960645,0.13204844595940315,1.899346696532,1.579910656141692,-0.32382050045498545,16.72772923332906,0.9435911962080317,True,True
all_nodes,9.25,0.1603541777067221,False,0.5418923784185428,-9.067780513587348,0.13215218525608077,1.9010830289789988,1.5795398593354548,-0.32384821496975746,16.733545026137357,0.9436096957192649,True,True
all_nodes,9.3,0.16175030313115712,False,0.5419164555715937,-9.071332732089305,0.13225725056501142,1.9028094180194095,1.5791686543934702,-0.3238759533701341,16.73935647981236,0.943628169311665,True,True
all_nodes,9.35,0.1631380775809248,False,0.5419433035713476,-9.074928279089967,0.13236364094504502,1.9045261234844444,1.5787970405881424,-0.3239037156561153,16.745161752691054,0.9436466111756716,True,True
all_nodes,9.4,0.16451751751606025,False,0.5419729308952457,-9.078566426000036,0.13247135331975715,1.9062334019516884,1.578425017248719,-0.32393150186749153,16.75095915030998,0.9436650159840777,True,True
all_nodes,9.450000000000001,0.16588864174514129,False,0.5420053461650054,-9.08224645392059,0.13258038592421864,1.9079315050411716,1.5780525836021297,-0.3239593120213158,16.756746991856488,0.9436833784668659,True,True
all_nodes,9.5,0.16725147132046914,False,0.5420405551321188,-9.085967654046721,0.13269073535652928,1.9096206800297788,1.5776797390003594,-0.32398714614600976,16.762523704212644,0.9437016937090513,True,True
all_nodes,9.55,0.1686060294350682,False,0.5420785630580346,-9.089729328198189,0.1328023982701119,1.9113011699649356,1.5773064826476002,-0.3240150043268386,16.7682877495103,0.9437199569200155,True,True
all_nodes,9.600000000000001,0.1699523413208226,False,0.5421193724491263,-9.093530787339684,0.13291537061930656,1.912973213841551,1.5769328138958372,-0.32404288648990587,16.774037692580414,0.9437381636465506,True,True
all_nodes,9.65,0.17129043415570777,False,0.5421629855656575,-9.097371353996898,0.13302964885281532,1.9146370447662784,1.576558731926525,-0.3240707927659514,16.779772127942845,0.9437563095407511,True,True
all_nodes,9.700000000000001,0.17262033696852086,False,0.5422094026585127,-9.101250360022343,0.13314522790068617,1.9162928938440846,1.5761842360348055,-0.32409872311518484,16.785489730347546,0.9437743905193856,True,True
all_nodes,9.75,0.17394208054565752,False,0.5422586228454134,-9.105167148762655,0.13326210375246642,1.9179409857008116,1.57580932551582,-0.32412667760581826,16.791189231781654,0.9437924026903368,True,True
all_nodes,9.8,0.17525569734789315,False,0.5423106441077771,-9.109121073325916,0.133380270750309,1.9195815421203397,1.5754339996192357,-0.3241546562833264,16.796869418472262,0.9438103423424543,True,True
all_nodes,9.850000000000001,0.17656122142102504,False,0.5423654630353493,-9.113111497239263,0.13349972379130312,1.9212147802711874,1.5750582576515626,-0.32418265911928756,16.802529140107335,0.9438282059739984,True,True
all_nodes,9.9,0.17785868831560947,False,0.5424230753270562,-9.117137795361046,0.133620457319586,1.922840912378258,1.5746820988056243,-0.3242106861932825,16.808167296097846,0.9438459902485798,True,True
all_nodes,9.950000000000001,0.17914813500715354,False,0.5424834754097854,-9.121199352271063,0.13374246570383103,1.9244601474765952,1.5743055223992997,-0.32423873751668,16.813782844502352,0.9438636920226847,True,True
all_nodes,10.0,0.18042959981880813,False,0.5425466569401276,-9.125295563055465,0.13386574260544473,1.9260726895709015,1.5739285276595183,-0.32426681312358596,16.819374788005526,0.9438813083008326,True,True
all_nodes,10.05,0.18170312234474295,False,0.5426126120439021,-9.129425834726236,0.1339902818613233,1.9276787393278068,1.5735511138814218,-0.32429491304810654,16.824942200177954,0.9438988363176843,True,True
all_nodes,10.100000000000001,0.18296874338193447,False,0.5426813330823289,-9.133589582713515,0.13411607723142238,1.9292784929916833,1.5731732802919396,-0.3243230373072947,16.83048416431873,0.9439162733448854,True,True
all_nodes,10.15,0.18422650485808845,False,0.542752810248622,-9.137786234178764,0.13424312239854289,1.930872142435606,1.5727950261521073,-0.32435118595799395,16.835999854137953,0.9439336169444966,True,True
all_nodes,10.200000000000001,0.18547644976365518,False,0.5428270337141533,-9.142015226781448,0.13437141008191594,1.932459876668382,1.5724163506888544,-0.32437935899451986,16.841488464989627,0.9439508647519907,True,True
all_nodes,10.25,0.18671862208952916,False,0.5429039928683698,-9.146276007441557,0.1345009335545657,1.934041879356498,1.5720372531973226,-0.3244075564737159,16.84694923520138,0.9439680145429228,True,True
all_nodes,10.3,0.18795306676247492,False,0.5429836761898716,-9.15056803388632,0.13463168601114683,1.9356183316609055,1.5716577328930725,-0.32443577842968807,16.852381452967528,0.9439850642540593,True,True
all_nodes,10.350000000000001,0.18917982958510038,False,0.5430660711170614,-9.15489077455352,0.13476366025069642,1.9371894096937974,1.5712777890371399,-0.3244640248567521,16.857784460226615,0.9440020119949801,True,True
all_nodes,10.4,0.19039895717787658,False,0.5431511655678329,-9.15924370760633,0.13489684905617796,1.9387552867249676,1.5708974208791915,-0.32449229582312,16.863157603704806,0.9440188558940665,True,True
all_nodes,10.450000000000001,0.19161049692388588,False,0.5432389455287937,-9.163626320960455,0.13503124500400635,1.940316131967817,1.570516627680263,-0.3245205913742666,16.868500309823144,0.944035594332992,True,True
all_nodes,10.5,0.19281449691402486,False,0.5433293974633341,-9.168038112311377,0.13516684090805614,1.9418721110761208,1.5701354086104402,-0.3245489114760858,16.87381201001566,0.9440522257121399,True,True
all_nodes,10.55,0.1940110058940263,False,0.5434225062794332,-9.172478589670066,0.13530362905775303,1.9434233866424608,1.569753762964865,-0.32457725621952704,16.87909220482945,0.9440687486510146,True,True
all_nodes,10.600000000000001,0.19520007321580124,False,0.5435182576143062,-9.176947270755996,0.1354416018524395,1.944970115964252,1.5693716899590981,-0.32460562559890604,16.88434039186993,0.9440851617622649,True,True
all_nodes,10.65,0.19638174878900827,False,0.5436166359278798,-9.18144368213365,0.13558075199253902,1.9465124551005324,1.5689891888769125,-0.32463401967675054,16.889556123429102,0.9441014638317188,True,True
all_nodes,10.700000000000001,0.19755608303512417,False,0.5437176246268057,-9.185967361656147,0.13572107171654546,1.9480505549219187,1.5686062588883942,-0.32466243848148224,16.894739007147628,0.9441176538198979,True,True
all_nodes,10.75,0.19872312684105964,False,0.5438212088638746,-9.190517854802835,0.13586255279972925,1.94958456453534,1.5682228992432101,-0.3246908820074168,16.899888612294518,0.9441337305689628,True,True
all_nodes,10.8,0.19988293151936887,False,0.5439273712095547,-9.195094716357536,0.1360051884008874,1.951114628921239,1.5678391092023958,-0.324719350334135,16.905004607343088,0.9441496932321434,True,True
all_nodes,10.850000000000001,0.20103554876436647,False,0.5440360941952133,-9.19969751094474,0.13614897032447687,1.9526408891770481,1.5674548879360373,-0.3247478434388995,16.91008668193928,0.9441655410295468,True,True
all_nodes,10.9,0.2021810306146108,False,0.544147361716547,-9.204325812929604,0.13629389048415294,1.9541634844840083,1.5670702347506449,-0.3247763613956067,16.915134503076484,0.9441812731113867,True,True
all_nodes,10.950000000000001,0.20331942941402303,False,0.5442611554627567,-9.208979203891989,0.13643994173290686,1.9556825498038,1.5666851487935674,-0.3248049042213097,16.92014782142973,0.9441968888892672,True,True
all_nodes,11.0,0.20445079777641695,False,0.5443774581037993,-9.213657275201482,0.13658711601350293,1.9571982181659724,1.5662996293031028,-0.3248334719671675,16.925126377008553,0.9442123877417881,True,True
all_nodes,11.05,0.20557518854980117,False,0.5444962512481876,-9.218359626766803,0.13673540557011377,1.9587106191287953,1.5659136755061809,-0.3248620646161271,16.930069960325532,0.9442277692048757,True,True
all_nodes,11.100000000000001,0.20669265478341003,False,0.5446175169745853,-9.223085867187713,0.13688480294916777,1.960219878513735,1.5655272866410996,-0.3248906822364006,16.934978365042397,0.9442430328241082,True,True
all_nodes,11.15,0.20780324969609865,False,0.5447412368095006,-9.227835612627873,0.1370352994647556,1.9617261204421974,1.5651404619006826,-0.3249193248677784,16.93985141766476,0.9442581782469317,True,True
all_nodes,11.200000000000001,0.20890702664610217,False,0.5448673921098096,-9.232608488756538,0.13718688852382946,1.963229465410358,1.5647532005118592,-0.3249479925102605,16.9446889691939,0.9442732051964386,True,True
all_nodes,11.25,0.21000403910079513,False,0.5449959640622772,-9.237404128085268,0.13733956185321186,1.9647300319442187,1.5643655016788216,-0.324976685232059,16.949490890229235,0.944288113455945,True,True
all_nodes,11.3,0.21109434060963395,False,0.5451269344520993,-9.242222172806958,0.13749331180192145,1.9662279353123584,1.5639773645943933,-0.3250054030445426,16.95425705225189,0.9443029028107528,True,True
all_nodes,11.350000000000001,0.21217798477619,False,0.5452602830997423,-9.2470622704629,0.13764813095820033,1.9677232878373492,1.5635887885196098,-0.3250341459647643,16.958987399365327,0.9443175732705654,True,True
all_nodes,11.4,0.21325502523495743,False,0.5453959922181004,-9.251924079347091,0.13780401118782892,1.9692161994007047,1.5631997726018199,-0.32506291402114584,16.96368182266969,0.9443321246795839,True,True
all_nodes,11.450000000000001,0.2143255156242958,False,0.5455340421824738,-9.256807262759173,0.13796094562208727,1.970706778398891,1.5628103160565843,-0.32509170727621495,16.968340281252136,0.9443465570916761,True,True
all_nodes,11.5,0.2153895095648295,False,0.5456744139661108,-9.261711493257739,0.13811892609213583,1.9721951289130186,1.5624204180880952,-0.32512052575839334,16.972962734208274,0.944360870559383,True,True
all_nodes,11.55,0.2164470606373925,False,0.5458170882421728,-9.266636449601727,0.1382779458887857,1.973681354359816,1.5620300779119134,-0.32514936949610274,16.97754916293538,0.9443750652028967,True,True
all_nodes,11.600000000000001,0.2174982223605184,False,0.5459620458973055,-9.27158181843982,0.13843799693731607,1.9751655549176512,1.5616392947094937,-0.3251782385007118,16.982099558224217,0.9443891411699674,True,True
all_nodes,11.65,0.21854304817293269,False,0.5461092677748871,-9.276547293046,0.13859907243150524,1.9766478277747228,1.5612480677077656,-0.32520713283474834,16.98661392589643,0.9444030986532579,True,True
all_nodes,11.700000000000001,0.21958159141126998,False,0.5462587340311525,-9.281532574625803,0.13876116445533468,1.9781282696956084,1.5608563960768151,-0.32523605251526533,16.991092309192236,0.9444169379593996,True,True
all_nodes,11.75,0.2206139052943854,False,0.5464104261944251,-9.286537369247034,0.13892426642749386,1.9796069728332966,1.5604642789526224,-0.32526499754794713,16.995534719066058,0.9444306592934684,True,True
all_nodes,11.8,0.22164004290448247,False,0.5465643244621754,-9.291561391849319,0.13908837033388552,1.9810840283896687,1.560071715630329,-0.32529396802942756,16.999941225568108,0.9444442630412845,True,True
all_nodes,11.850000000000001,0.2226600571718791,False,0.5467204104056121,-9.29660436265815,0.1392534697543515,1.9825595269997134,1.5596787052118088,-0.32532296393696924,17.004311867122343,0.9444577494891043,True,True
all_nodes,11.9,0.2236740008581819,False,0.54687866387655,-9.301666009006453,0.13941955780250856,1.9840335545360197,1.5592852469467289,-0.3253519853103626,17.008646750033332,0.9444711191306949,True,True
all_nodes,11.950000000000001,0.22468192654378072,False,0.5470390670051303,-9.306746063805395,0.1395866265434018,1.9855061955813949,1.5588913399597004,-0.3253810321950823,17.012945921315914,0.9444843722749073,True,True
all_nodes,12.0,0.22568388661079553,False,0.5472015996846578,-9.311844266981305,0.1397546701556704,1.9869775340711469,1.5584969834662843,-0.3254101046479718,17.01720951171844,0.9444975094867163,True,True
all_nodes,12.05,0.22667993323284463,False,0.5473662435723968,-9.316960364461515,0.13992368086577014,1.9884476502535637,1.5581021766138292,-0.32543920262924075,17.021437609404238,0.9445105311976797,True,True
all_nodes,12.100000000000001,0.22767011836072015,False,0.5475329796371935,-9.322094107156733,0.1400936528871864,1.989916623589498,1.5577069186406334,-0.3254683262468916,17.025630334329346,0.9445234379351758,True,True
all_nodes,12.15,0.22865449371147406,False,0.5477017893222081,-9.327245252916379,0.14026457873789855,1.991384531391322,1.5573112086713081,-0.32549747549524,17.02978780562143,0.9445362302218436,True,True
all_nodes,12.200000000000001,0.22963311075614,False,0.5478726533809112,-9.332413564994539,0.14043645214893946,1.99285144855784,1.5569150458645709,-0.32552665041407636,17.03391017493646,0.9445489086781744,True,True
all_nodes,12.25,0.23060602071177527,False,0.5480455540775976,-9.337598812065352,0.1406092663836019,1.9943174497698921,1.5565184294359824,-0.3255558510318224,17.037997558033734,0.9445614738120073,True,True
all_nodes,12.3,0.23157327452918253,False,0.5482204724694333,-9.342800769275527,0.14078301527315762,1.9957826064433957,1.556121358510154,-0.3255850773768998,17.042050121169904,0.9445739262842068,True,True
all_nodes,12.350000000000001,0.23253492288449706,False,0.5483973900891812,-9.348019215279566,0.14095769224568577,1.9972469884710502,1.5557238323253841,-0.325614329506152,17.046068023335007,0.944586266730962,True,True
all_nodes,12.4,0.2334910161712287,False,0.5485762892061192,-9.35325393523471,0.14113329084404094,1.998710664477556,1.5553258499494405,-0.32564360741389464,17.050051413578988,0.9445984957556574,True,True
all_nodes,12.450000000000001,0.23444160449071205,False,0.5487571508803385,-9.358504719650824,0.14130980511574126,2.0001737024652577,1.5549274106092525,-0.3256729111626555,17.054000489355868,0.9446106141079607,True,True
all_nodes,12.5,0.23538673764733176,False,0.5489399582074838,-9.363771364145837,0.14148722928959093,2.0016361666941,1.5545285134521691,-0.32570224078654064,17.057915395196275,0.9446226223727896,True,True
all_nodes,12.55,0.23632646513851796,False,0.5491246928145164,-9.369053668030318,0.14166555634617542,2.0030981215059898,1.5541291575914329,-0.32573159630260307,17.061796329007922,0.9446345212965356,True,True
all_nodes,12.600000000000001,0.2372608361483799,False,0.549311337196889,-9.374351437439874,0.14184478100604975,2.0045596295689982,1.5537293422539733,-0.3257609777676862,17.065643475113344,0.9446463115815626,True,True
all_nodes,12.65,0.23818989954520475,False,0.5494998734195223,-9.379664481710453,0.14202489700154894,2.006020750961515,1.5533290665075583,-0.3257903851874744,17.06945703798085,0.9446579939896332,True,True
all_nodes,12.700000000000001,0.2391137038709985,False,0.5496902846782785,-9.384992615210681,0.14220589870177652,2.007481546290243,1.5529283295677487,-0.3258198186131267,17.07323719702179,0.9446695692034194,True,True
all_nodes,12.75,0.24003229734012166,False,0.5498825534789994,-9.390335656835068,0.14238778052807857,2.0089420727175593,1.5525271306046307,-0.32584927806169617,17.07698416220746,0.9446810379968886,True,True
all_nodes,12.8,0.24094572783224066,False,0.5500766624177774,-9.395693430668864,0.1425705365630691,2.010402387732509,1.5521254687087094,-0.32587876359571055,17.08069815100233,0.9446924011645775,True,True
all_nodes,12.850000000000001,0.24185404288982681,False,0.5502725950943615,-9.401065763915742,0.14275416133235577,2.011862546086175,1.5517233430273336,-0.32590827521516985,17.084379356205506,0.9447036594232437,True,True
all_nodes,12.9,0.24275728971201715,False,0.5504703345487447,-9.406452489908832,0.14293864928371391,2.0133226025248394,1.5513207527192208,-0.3259378129655488,17.088027999946437,0.944714813577082,True,True
all_nodes,12.950000000000001,0.24365551515415973,False,0.550669864173752,-9.411853444079735,0.14312399504806148,2.014782609765672,1.5509176969203509,-0.3259673769036908,17.09164429798909,0.944725864408513,True,True
all_nodes,13.0,0.24454876572008288,False,0.5508711681080779,-9.417268467100726,0.14331019409335816,2.0162426190789366,1.55051417480081,-0.3259969670011742,17.095228453221768,0.9447368126583694,True,True
all_nodes,13.05,0.24543708756368687,False,0.5510742286234386,-9.422697403069359,0.14349723945827045,2.0177026813952077,1.5501101854169974,-0.32602658334326406,17.098780733417495,0.9447476592633887,True,True
all_nodes,13.100000000000001,0.24632052648416902,False,0.5512790309597204,-9.428140100957352,0.14368512756689042,2.019162845996134,1.5497057279389992,-0.3260562259697508,17.102301323785024,0.9447584049058957,True,True
all_nodes,13.15,0.24719912792329524,False,0.5514855591447185,-9.433596412530251,0.1438738522170714,2.020623160640603,1.54930080154827,-0.3260858948749501,17.105790452900557,0.9447690503984708,True,True
all_nodes,13.200000000000001,0.2480729369654,False,0.55169379703845,-9.439066194058148,0.14406340915701035,2.0220836722807154,1.548895405312578,-0.326115590110021,17.109248363363957,0.9447795965942432,True,True
all_nodes,13.25,0.24894199833329367,False,0.551903729381079,-9.444549304493934,0.14425379327326943,2.0235444271249845,1.5484895383792718,-0.32614531174885997,17.112675275967653,0.9447900442776211,True,True
all_nodes,13.3,0.24980635638985405,False,0.5521153402219354,-9.450045608365842,0.14444499976843192,2.0250054701772537,1.5480831998502254,-0.3261750597516766,17.116071443635636,0.9448003943287986,True,True
all_nodes,13.350000000000001,0.2506660551323421,False,0.5523286150167581,-9.455554970807828,0.1446370236372045,2.026466845233216,1.5476763888955247,-0.326204834203736,17.119437077365507,0.9448106474980295,True,True
all_nodes,13.4,0.2515211381978588,False,0.5525435384000281,-9.461077262418618,0.14482986012529037,2.0279285950082064,1.5472691045715692,-0.3262346351277756,17.122772424078242,0.9448208046429263,True,True
all_nodes,13.450000000000001,0.2523716488553873,False,0.5527600952334275,-9.466612358226664,0.1450235050584994,2.0293907615938216,1.5468613460598135,-0.32626446253516406,17.126077732201285,0.9448308666235342,True,True
all_nodes,13.5,0.25321763001193176,False,0.5529782716579356,-9.47216013244574,0.14521795379298552,2.0308533854703894,1.5464531123711822,-0.32629431652253515,17.129353209568933,0.9448408341742615,True,True
all_nodes,13.55,0.2540591242081973,False,0.5531980524674095,-9.477720467020479,0.14541320173991212,2.0323165066201123,1.5460444027667108,-0.3263241970728359,17.132599120237934,0.9448507081985895,True,True
all_nodes,13.600000000000001,0.25489617361972705,False,0.5534194236047455,-9.483293244411724,0.14560924469456632,2.0337801647229985,1.5456352162459552,-0.3263541042088036,17.135815694074253,0.9448604894939056,True,True
all_nodes,13.65,0.25572882005712927,False,0.5536423707169648,-9.488878350494517,0.14580607824500919,2.0352443974444294,1.545225551922158,-0.32638403797022875,17.139003176737457,0.9448701789036313,True,True
all_nodes,13.700000000000001,0.2565571049674418,False,0.5538668802082326,-9.494475674699709,0.14600369796907714,2.0367092423394757,1.5448154089199306,-0.3264139984310077,17.14216179730796,0.9448797772188104,True,True
all_nodes,13.75,0.25738106943254024,False,0.5540929379239442,-9.500085109628843,0.14620210022521726,2.038174735666278,1.5444047863979904,-0.3264439855854562,17.145291808308233,0.9448892852997753,True,True
all_nodes,13.8,0.2582007541709572,False,0.5543205307317517,-9.505706549744477,0.14640128103370942,2.0396409133054965,1.5439936833445245,-0.32647399950178624,17.148393434383735,0.9448987039202372,True,True
all_nodes,13.850000000000001,0.2590161995397011,False,0.5545496448090006,-9.511339892431282,0.14660123567979313,2.041107809835469,1.5435820989750937,-0.32650404017431356,17.15146692719856,0.9449080339340741,True,True
all_nodes,13.9,0.25982744553289194,False,0.5547802673572522,-9.516985039192909,0.146801960758161,2.042575459650775,1.5431700323006226,-0.3265341076541972,17.154512514527525,0.9449172761207559,True,True
all_nodes,13.950000000000001,0.26063453178676355,False,0.5550123846235009,-9.522641892493136,0.147003452327122,2.0440438962350553,1.542757482422985,-0.32656420200396497,17.15753045574457,0.9449264313537954,True,True
all_nodes,14.0,0.2614374975753435,False,0.5552459841446973,-9.528310358534728,0.14720570663410948,2.0455131514973948,1.5423444484213178,-0.3265943232236168,17.16052097740458,0.944935500405291,True,True
all_nodes,14.05,0.2622363818177291,False,0.5554810534287914,-9.533990345815345,0.14740871991782478,2.0469832574872644,1.5419309294884442,-0.32662447134157446,17.163484311418614,0.9449444840618305,True,True
all_nodes,14.100000000000001,0.2630312230749041,False,0.5557175788958645,-9.539681764869506,0.1476124883420378,2.0484542459978847,1.5415169245784455,-0.32665464643173436,17.166420727275824,0.9449533832221249,True,True
all_nodes,14.15,0.26382205955519566,False,0.5559555495828616,-9.545384529201513,0.14781700885613136,2.0499261469763823,1.5411024328386702,-0.32668484848841217,17.169330419245746,0.9449621985551676,True,True
all_nodes,14.200000000000001,0.26460892911336487,False,0.5561949526461424,-9.55109855463159,0.14802227767361542,2.051398990174686,1.5406874533596238,-0.3267150775570826,17.172213644139465,0.9449709309177916,True,True
all_nodes,14.25,0.2653918692535626,False,0.5564357756098488,-9.556823758904889,0.14822829119803765,2.0528728049500886,1.5402719851977054,-0.3267453337002735,17.17507065111098,0.9449795811418827,True,True
all_nodes,14.3,0.2661709171309212,False,0.5566780075608889,-9.562560062758365,0.14843504628885118,2.0543476191365144,1.5398560273979456,-0.3267756169407221,17.177901646693705,0.9449881499286313,True,True
all_nodes,14.350000000000001,0.26694610955451026,False,0.5569216362333455,-9.568307389000369,0.1486425399309099,2.0558234616283877,1.5394395790963245,-0.3268059272954815,17.180706883133787,0.9449966381159965,True,True
all_nodes,14.4,0.2677174829877913,False,0.5571666502623247,-9.574065661587012,0.14885076870358777,2.0573003591298447,1.5390226393151352,-0.3268362648100265,17.183486587144724,0.9450050464630378,True,True
all_nodes,14.450000000000001,0.26848507355202855,False,0.5574130381234746,-9.579834808416203,0.14905972924470665,2.058778339005452,1.5386052071562517,-0.32686662952414736,17.186240997639057,0.9450133757641384,True,True
all_nodes,14.5,0.2692489170299268,False,0.557660788664387,-9.585614757350157,0.14926941871609195,2.0602574266892817,1.538187281687442,-0.3268970214151068,17.188970342182333,0.9450216267778014,True,True
all_nodes,14.55,0.27000904886403987,False,0.5579098909726402,-9.591405440472727,0.149479833940314,2.0617376476084135,1.537768861908262,-0.32692744064206636,17.191674848695392,0.9450298002620845,True,True
all_nodes,14.600000000000001,0.27076550416290956,False,0.5581603346427478,-9.59720679064057,0.1496909717325018,2.0632190275822815,1.5373499469546914,-0.3269578871424983,17.194354731034927,0.9450378969310599,True,True
all_nodes,14.65,0.2715183177031122,False,0.558412108312435,-9.603018742417817,0.1499028298327265,2.064701590559411,1.536930535871761,-0.3269883609675617,17.197010235753822,0.9450459175961125,True,True
all_nodes,14.700000000000001,0.2722675239288037,False,0.5586652019255749,-9.608841232747473,0.15011540510944818,2.0661853607443987,1.5365106276703955,-0.3270188621684156,17.19964157357264,0.9450538629589234,True,True
all_nodes,14.75,0.2730131569578589,False,0.5589196046023056,-9.614674200958389,0.15032869482385108,2.0676703615984815,1.5360902214524685,-0.3270493907564287,17.202248984985285,0.9450617338096582,True,True
all_nodes,14.8,0.27375525058323547,False,0.5591753073053205,-9.620517586904178,0.15054269576366708,2.0691566157039265,1.5356693162402735,-0.3270799467998131,17.204832654835364,0.9450695307691065,True,True
all_nodes,14.850000000000001,0.27449383827547535,False,0.5594322985728399,-9.626371333501499,0.15075740591070533,2.0706441466306336,1.5352479111015782,-0.3271105303497279,17.207392848176987,0.9450772546987624,True,True
all_nodes,14.9,0.27522895318543306,False,0.5596905687864367,-9.632235384735191,0.15097282244047971,2.0721329749312805,1.5348260050814133,-0.32714114137206707,17.209929775340918,0.9450849062935895,True,True
all_nodes,14.950000000000001,0.27596062814723155,False,0.5599501091070886,-9.638109686329754,0.1511889431233798,2.073623123813453,1.534403597167966,-0.3271717799691487,17.21244362591328,0.9450924861847113,True,True
all_nodes,15.0,0.27668889568030863,False,0.5602109093374833,-9.64399418575447,0.15140576512267753,2.0751146134631093,1.5339806864858474,-0.32720244612960414,17.214934634456963,0.9450999951375992,True,True
all_nodes,15.05,0.27741378799464655,False,0.5604729601930967,-9.649888832630026,0.15162328579570813,2.076607464515217,1.5335572720118762,-0.3272331398932238,17.217403011387745,0.9451074338436221,True,True
all_nodes,15.100000000000001,0.27813533699008985,False,0.560736252099719,-9.655793576860146,0.15184150356483558,2.0781016979211664,1.5331333528138202,-0.32726386135664143,17.219848976596932,0.9451148030214476,True,True
all_nodes,15.15,0.27885357426271185,False,0.5610007765324588,-9.661708371178158,0.15206041564283423,2.079597333475862,1.5327089279480788,-0.3272946104800667,17.222272722859845,0.9451221033068229,True,True
all_nodes,15.200000000000001,0.27956853110617885,False,0.5612665242759952,-9.667633169144365,0.15228001943700173,2.0810943902835386,1.5322839963573642,-0.3273253873601334,17.224674465691876,0.9451293354028074,True,True
all_nodes,15.25,0.28028023851243233,False,0.5615334858249731,-9.673567926489921,0.15250031322045174,2.082592887828874,1.5318585571321819,-0.3273561919684198,17.22705443341115,0.945136500049786,True,True
all_nodes,15.3,0.2809887271801017,False,0.5618016539333821,-9.679512599109895,0.1527212951951088,2.084092844770105,1.5314326092834563,-0.32738702441292844,17.229412785348764,0.9451435977793143,True,True
all_nodes,15.350000000000001,0.2816940275122306,False,0.5620710189206523,-9.685467145749799,0.15294296228277796,2.0855942792051927,1.5310061518448492,-0.3274178846425002,17.231749760642078,0.9451506293620398,True,True
all_nodes,15.4,0.28239616962264336,False,0.5623415725615257,-9.691431525863909,0.15316531301056655,2.0870972096780265,1.53057918387276,-0.3274487727765063,17.234065555065413,0.945157595436954,True,True
all_nodes,15.450000000000001,0.28309518333617234,False,0.5626133068802102,-9.697405700558582,0.15338834576763666,2.08860165323006,1.5301517042644264,-0.32747968883199974,17.236360359715633,0.9451644966279009,True,True
all_nodes,15.5,0.2837910981947971,False,0.5628862134784135,-9.703389631789907,0.1536120584684456,2.0901076277503243,1.5297237121558283,-0.32751063279761183,17.238634380165056,0.9451713336011864,True,True
all_nodes,15.55,0.2844839434583264,False,0.5631602843418158,-9.709383282904698,0.15383644821478978,2.0916151496893933,1.529295206489678,-0.3275416047699764,17.240887812698613,0.9451781069941213,True,True
all_nodes,15.600000000000001,0.28517374810780893,False,0.5634355123800052,-9.715386619048708,0.15406151452619862,2.093124236816474,1.5288661863110065,-0.32757260473772476,17.243120828522134,0.9451848173676209,True,True
all_nodes,15.65,0.2858605408500807,False,0.5637118885988404,-9.721399606363292,0.15428725510153374,2.0946349044494768,1.5284366505852631,-0.32760363277475335,17.245333658878042,0.9451914654619973,True,True
all_nodes,15.700000000000001,0.28654435011867463,False,0.5639894073543368,-9.727422211718634,0.15451366817363674,2.096147169291253,1.5280065983574787,-0.3276346889094839,17.247526433784955,0.9451980517124492,True,True
all_nodes,15.75,0.28722520407745833,False,0.564268058940916,-9.733454404065313,0.15474075149886468,2.0976610466674357,1.5275760285817341,-0.3276657731589694,17.249699411187997,0.9452045769374727,True,True
all_nodes,15.8,0.2879031306260913,False,0.564547837410506,-9.739496152280152,0.1549685047860352,2.09917655241263,1.5271449403257975,-0.32769688555163157,17.25185273395736,0.9452110416089697,True,True
all_nodes,15.850000000000001,0.28857815739866055,False,0.5648287353147952,-9.745547427732909,0.15519692504126947,2.1006937009129745,1.5267133325323812,-0.32772802617273555,17.25398659524898,0.9452174463489378,True,True
all_nodes,15.9,0.28925031177072924,False,0.5651107458636616,-9.751608201995612,0.15542601149404775,2.102212508075803,1.526281204201041,-0.32775919503365003,17.256101168439436,0.9452237917190792,True,True
all_nodes,15.950000000000001,0.2899196208604735,False,0.5653938617097825,-9.757678448601569,0.15565576269571213,2.1037329884936944,1.525848554319964,-0.32779039212869066,17.25819664736686,0.9452300783415969,True,True
all_nodes,16.0,0.2905861115316384,False,0.5656780761650485,-9.76375814102106,0.15588617672046026,2.105255155981922,1.5254153818773375,-0.32782161752606953,17.260273205589602,0.9452363067769495,True,True
all_nodes,16.05,0.29124981039672093,False,0.5659633827962611,-9.769847254150815,0.1561172524504344,2.106779025268916,1.5249816858954546,-0.32785287133378915,17.26233101138245,0.9452424775688972,True,True
all_nodes,16.1,0.2919107438201536,False,0.566249774206367,-9.775945764724755,0.15634898862960922,2.108304609898691,1.524547465271553,-0.3278841534836374,17.264370265624084,0.9452485913581082,True,True
all_nodes,16.150000000000002,0.2925689379223968,False,0.5665372454211736,-9.782053649421307,0.1565813837277963,2.1098319230408147,1.5241127190279258,-0.32791546407224814,17.266391095168263,0.9452546485624894,True,True
all_nodes,16.2,0.2932244185813033,False,0.5668257888769914,-9.788170886219886,0.15681443661814878,2.1113609793885977,1.5236774461868663,-0.32794680310530566,17.268393708078175,0.9452606498425854,True,True
all_nodes,16.25,0.29387721143507406,False,0.5671153983495236,-9.794297454676263,0.15704814549240131,2.112891791091273,1.5232416456683495,-0.3279781706567064,17.2703782742994,0.9452665957438505,True,True
all_nodes,16.3,0.29452734188566865,False,0.567406068957866,-9.800433334704842,0.15728251043953975,2.114424371617457,1.522805316449194,-0.3280095667093974,17.272344923460086,0.9452724866901956,True,True
all_nodes,16.35,0.2951748351022161,False,0.5676977932271975,-9.806578506443817,0.157517528626746,2.1159587331768455,1.5223684574948493,-0.3280409913600124,17.27429386451594,0.9452783233424004,True,True
all_nodes,16.400000000000002,0.29581971602533486,False,0.5679905665205838,-9.812732952159685,0.15775320000220008,2.1174948890282606,1.5219310677935027,-0.32807244461992013,17.276225223723102,0.9452841061127891,True,True
all_nodes,16.45,0.2964620093657686,False,0.5682843820128644,-9.81889665448471,0.15798952369753552,2.1190328511695946,1.5214931462651293,-0.3281039265061736,17.278139194510608,0.9452898356141021,True,True
all_nodes,16.5,0.29710173961029795,False,0.5685792347686582,-9.82506959737108,0.15822649822962243,2.120572631491326,1.5210546918865475,-0.3281354370585632,17.280035915079935,0.9452955122930006,True,True
all_nodes,16.55,0.2977389310253784,False,0.5688751195682882,-9.831251764460045,0.15846412183930927,2.122114241844313,1.5206157036459444,-0.32816697636235403,17.281915531691478,0.9453011366196002,True,True
all_nodes,16.6,0.2983736076585046,False,0.5691720300890392,-9.837443141125732,0.15870239508058367,2.1236576951983546,1.5201761804519265,-0.32819854440617746,17.283778227097347,0.9453067091725081,True,True
all_nodes,16.650000000000002,0.2990057933409389,False,0.5694699617661844,-9.843643713798338,0.158941315780824,2.1252030016218364,1.519736121247206,-0.32823014125824557,17.28562413242788,0.9453122303751944,True,True
all_nodes,16.7,0.29963551169134917,False,0.5697689083862919,-9.849853468466053,0.1591808837411347,2.126750173254502,1.519295525031339,-0.3282617669356114,17.287453428027437,0.9453177007976739,True,True
all_nodes,16.75,0.30026278611808266,False,0.5700688663156572,-9.85607239326837,0.1594210978062172,2.1282992213093315,1.5188543907243002,-0.3282934214951183,17.289266219655097,0.945323120786261,True,True
all_nodes,16.8,0.3008876398218945,False,0.570369829315627,-9.862300476316276,0.1596619575012098,2.1298501566163326,1.5184127172233275,-0.32832510494813505,17.291062691990238,0.9453284909226238,True,True
all_nodes,16.85,0.3015100958000403,False,0.5706717927732421,-9.868537706922687,0.15990346187157117,2.1314029903733744,1.5179705035279767,-0.328356817351505,17.29284298241805,0.9453338116463834,True,True
all_nodes,16.900000000000002,0.3021301768469584,False,0.5709747522012486,-9.874784074648405,0.16014560975525174,2.132957732779221,1.5175277485354854,-0.3283885587450186,17.294607224888097,0.9453390833863001,True,True
all_nodes,16.95,0.30274790555881737,False,0.571278702827807,-9.881039569987328,0.1603884008087413,2.134514394741646,1.5170844511885662,-0.32842032915141317,17.29635556353943,0.9453443066009946,True,True
all_nodes,17.0,0.30336330433533476,False,0.5715836397326076,-9.887304183958333,0.16063183468770195,2.1360729865783328,1.5166406104526686,-0.32845212861616346,17.298088147840815,0.9453494817644105,True,True
all_nodes,17.05,0.3039763953815964,False,0.5718895583946411,-9.89357790892919,0.16087591036169213,2.1376335187688955,1.5161962252022931,-0.3284839572131659,17.29980511744538,0.9453546093205828,True,True
all_nodes,17.1,0.30458720071374046,False,0.5721964546934029,-9.899860736289293,0.16112062700349042,2.139196000789701,1.5157512943574147,-0.32851581490263015,17.30150659810342,0.9453596896714705,True,True
all_nodes,17.150000000000002,0.3051957421582756,False,0.5725043242240015,-9.906152660426091,0.16136598488163906,2.140760443718023,1.5153058169062206,-0.32854770180392734,17.303192729335873,0.9453647232596079,True,True
all_nodes,17.2,0.30580204135594613,False,0.5728131621589969,-9.912453674889663,0.16161198220578482,2.1423268563923936,1.5148597916549988,-0.3285796179056888,17.30486366187627,0.9453697105604392,True,True
all_nodes,17.25,0.30640611976605214,False,0.5731229653079123,-9.918763774450968,0.16185861937942184,2.1438952489091805,1.514413217614674,-0.3286115632590736,17.306519499043418,0.9453746519073573,True,True
all_nodes,17.3,0.3070079986662222,False,0.5734337292353342,-9.925082952768571,0.1621058955010648,2.145465630564354,1.5139660936370092,-0.3286435378868191,17.30816037975919,0.9453795477395116,True,True
all_nodes,17.35,0.30760769915514174,False,0.5737454497702208,-9.931411206786938,0.16235381083624015,2.1470380112265866,1.5135184186988226,-0.3286755418628218,17.30978644059725,0.9453843984885179,True,True
all_nodes,17.400000000000002,0.30820524215869227,False,0.5740581228690658,-9.937748532754965,0.16260236379303927,2.1486123999626354,1.51307019162914,-0.32870757519276594,17.31139781297306,0.9453892045700886,True,True
all_nodes,17.45,0.3088006484297239,False,0.5743717453048793,-9.944094926637018,0.16285155484147829,2.1501888064809576,1.512621411359305,-0.3287396379562324,17.312994603100893,0.9453939663242912,True,True
all_nodes,17.5,0.30939393854851005,False,0.5746863127404306,-9.950450386868122,0.16310138321249257,2.151767238997722,1.5121720768092928,-0.3287717301475368,17.3145769548934,0.9453986842031415,True,True
all_nodes,17.55,0.309985132930251,False,0.5750018222068257,-9.956814910914304,0.16335184903140967,2.153347706852113,1.5117221868649722,-0.32880385182352256,17.316144969246515,0.9454033585299179,True,True
all_nodes,17.6,0.3105742518223451,False,0.5753182694862403,-9.96318849761514,0.1636029518029989,2.1549302187851223,1.5112717403553688,-0.32883600300692706,17.317698786990157,0.945407989746494,True,True
all_nodes,17.650000000000002,0.31116131531211977,False,0.5756356518691906,-9.96957114497906,0.16385469061666685,2.15651478431826,1.5108207362686699,-0.32886818378869975,17.319238502004005,0.9454125781543482,True,True
all_nodes,17.7,0.31174634332433016,False,0.5759539651201014,-9.975962854186815,0.16410706635538982,2.1581014118220123,1.5103691734339009,-0.32890039412905026,17.320764259529955,0.9454171242075872,True,True
all_nodes,17.75,0.3123293556259341,False,0.5762732063753087,-9.982363623934042,0.1643600782456381,2.15969010865056,1.5099170507141935,-0.3289326341530341,17.322276159118946,0.9454216282237236,True,True
all_nodes,17.8,0.31291037182973014,False,0.5765933724875701,-9.988773455402699,0.164613725512,2.1612808843197064,1.509464367086366,-0.3289649038549669,17.32377431309797,0.9454260905579266,True,True
all_nodes,17.85,0.3134894113932205,False,0.5769144603019821,-9.99519234963924,0.16486800883026403,2.1628737474688933,1.5090111213112323,-0.3289972032462174,17.3252588337053,0.9454305115646869,True,True
all_nodes,17.900000000000002,0.31406649362406824,False,0.5772364662405339,-10.001620308385025,0.1651229277008392,2.1644687062047114,1.5085573123542417,-0.3290295323893133,17.326729846997154,0.9454348916392278,True,True
all_nodes,17.95,0.3146416376803245,False,0.5775593875478413,-10.008057333801332,0.16537848266210164,2.166065767891444,1.5081029389989453,-0.32906189134678243,17.328187454960776,0.9454392311046919,True,True
all_nodes,18.0,0.31521486257452125,False,0.57788322201637,-10.01450342791608,0.1656346724513885,2.167664941159118,1.5076480001425807,-0.3290942801243091,17.32963174285132,0.9454435302340427,True,True
all_nodes,18.05,0.3157861871757177,False,0.5782079659071999,-10.02095859359449,0.16589149830004252,2.1692662344507325,1.507192494705123,-0.32912669880147405,17.33106284323107,0.9454477894406836,True,True
all_nodes,18.1,0.3163556302079087,False,0.5785336164439636,-10.027422834958093,0.1661489590826136,2.17086965511941,1.506736421504229,-0.32915914740669905,17.332480861860763,0.9454520090578455,True,True
all_nodes,18.150000000000002,0.31692321025889214,False,0.5788601716768879,-10.033896155999583,0.16640705533766004,2.1724752108834795,1.5062797793916616,-0.3291916259570371,17.3338858794389,0.9454561893438269,True,True
all_nodes,18.2,0.31748894577640385,False,0.5791876282616185,-10.040378559887536,0.16666578684065905,2.1740829096191248,1.5058225672078152,-0.3292241344752256,17.33527801694049,0.9454603306764113,True,True
all_nodes,18.25,0.3180528550744839,False,0.5795159838190843,-10.046870052579605,0.16692515406187086,2.1756927597780638,1.5053647838726647,-0.32925667305221396,17.336657371155578,0.9454644333610636,True,True
all_nodes,18.3,0.31861495633211234,False,0.5798452356860876,-10.053370638099915,0.16718515670737333,2.177304767745432,1.504906428135655,-0.3292892416993709,17.33802404395806,0.9454684977180255,True,True
all_nodes,18.35,0.3191752675995758,False,0.5801753824460375,-10.059880322988697,0.1674457950394713,2.178918942289028,1.5044474988940237,-0.3293218404394338,17.33937810421381,0.9454725239690526,True,True
all_nodes,18.400000000000002,0.3197338067952842,False,0.5805064201710737,-10.066399112826963,0.16770706855484108,2.1805352896903436,1.5039879949995338,-0.3293544693633521,17.340719694125728,0.945476512553633,True,True
all_nodes,18.45,0.3202905917125918,False,0.5808383470148156,-10.072927013767044,0.16796897904914873,2.182153818267685,1.5035279152584735,-0.3293871284824945,17.34204889456121,0.9454804637285359,True,True
all_nodes,18.5,0.3208456400191153,False,0.5811711616843241,-10.079464033092309,0.16823152483514056,2.183774534685855,1.503067258545343,-0.32941981782528273,17.343365771764137,0.9454843777067731,True,True
all_nodes,18.55,0.3213989692603718,False,0.581504861068962,-10.086010177406123,0.16849470694320412,2.185397446812439,1.5026060236323246,-0.3294525374258228,17.344670444999082,0.9454882548586415,True,True
all_nodes,18.6,0.3219505968602334,False,0.5818394434470939,-10.092565454305724,0.16875852570793662,2.187022561277376,1.502144209416656,-0.3294852873580112,17.345962993695583,0.9454920954357293,True,True
all_nodes,18.650000000000002,0.3225005401236558,False,0.582174906953101,-10.099129871966024,0.16902298097563187,2.18864988633403,1.5016818146932565,-0.32951806764458524,17.347243502509105,0.945495899704866,True,True
all_nodes,18.7,0.323048816238952,False,0.5825112485980858,-10.105703438302383,0.16928807364097714,2.190279427459346,1.501218838245677,-0.32955087830828234,17.348512089034347,0.9454996680304322,True,True
all_nodes,18.75,0.32359544227938386,False,0.5828484673447049,-10.112286162089173,0.16955380264195044,2.191911192382507,1.500755278914312,-0.3295837194343676,17.349768814110348,0.945503400607912,True,True
all_nodes,18.8,0.3241404352047539,False,0.5831865610329924,-10.118878052962426,0.1698201701341075,2.1935451887817283,1.500291135550924,-0.32961659102852536,17.351013773429486,0.9455070977360442,True,True
all_nodes,18.85,0.32468381186481565,False,0.5835255286184167,-10.125479117920126,0.17008717442571272,2.195181423233391,1.4998264069618017,-0.32964949314759906,17.35224702489658,0.9455107596010776,True,True
all_nodes,18.900000000000002,0.325225588998137,False,0.583865367371698,-10.1320893693044,0.17035481774592837,2.1968199016992815,1.4993610918736522,-0.32968242580295737,17.353468685622776,0.945514386564794,True,True
all_nodes,18.95,0.325765783236875,False,0.5842060758192286,-10.138708815840861,0.17062309889286245,2.198460631909238,1.4988951891609759,-0.32971538906849673,17.354678829081696,0.945517978859125,True,True
all_nodes,19.0,0.326304411108822,False,0.5845476522030546,-10.145337467820578,0.17089201974944623,2.2001036205595335,1.4984286975959549,-0.3297483829669545,17.355877539811566,0.9455215367485903,True,True
all_nodes,19.05,0.3268414890355871,False,0.5848900958844055,-10.151975335981362,0.17116157939444676,2.2017488740821003,1.4979616160303522,-0.3297814075494898,17.357064869820846,0.9455250604009137,True,True
all_nodes,19.1,0.3273770333387347,False,0.5852334042555445,-10.158622430947036,0.1714317790825315,2.2033963996976738,1.4974939431908751,-0.3298144628445243,17.358240929308323,0.9455285501562661,True,True
all_nodes,19.150000000000002,0.32791106023773864,False,0.5855775765302732,-10.165278764211399,0.17170261887624838,2.2050462035199367,1.4970256778610747,-0.32984754889753276,17.359405775821873,0.9455320061983197,True,True
all_nodes,19.200000000000003,0.32844358585566624,False,0.5859226105134313,-10.171944347296693,0.17197409940110608,2.20669829238121,1.496556818915451,-0.32988066575967423,17.36055950867511,0.9455354288344255,True,True
all_nodes,19.25,0.328974626217132,False,0.5862685058346748,-10.17861919245765,0.17224622114337407,2.208352672778769,1.4960873650466056,-0.3299138134707391,17.36170217427299,0.9455388182147338,True,True
all_nodes,19.3,0.32950419725329994,False,0.5866152607139825,-10.185303311274986,0.17251898430877505,2.2100093515781762,1.4956173150608265,-0.3299469920534648,17.36283385958665,0.9455421746095072,True,True
all_nodes,19.35,0.3300323148002917,False,0.5869628735078826,-10.191996715921992,0.17279238980835804,2.211668334322874,1.495146667730296,-0.3299802015476416,17.363954648462308,0.9455454982794932,True,True
all_nodes,19.400000000000002,0.33055899460396176,False,0.58731134369723,-10.198699420012671,0.1730664382733314,2.21332962847424,1.4946754218613023,-0.33001344203285043,17.365064593866062,0.9455487893936403,True,True
all_nodes,19.450000000000003,0.3310842523194424,False,0.587660669914762,-10.205411436206862,0.17334112927793402,2.2149932395362453,1.4942035761919215,-0.3300467135602503,17.36616377217676,0.9455520481901115,True,True
all_nodes,19.5,0.331608103514327,False,0.5880108507898179,-10.212132777337077,0.173616464796187,2.2166591746506312,1.4937311294715983,-0.33008001608436643,17.367252260090286,0.9455552749077839,True,True
all_nodes,19.55,0.33213056366753335,False,0.5883618852309582,-10.21886345768088,0.17389244433403012,2.2183274402703286,1.493258080506621,-0.33011334969614836,17.368330128437062,0.9455584697679272,True,True
all_nodes,19.6,0.3326516481758972,False,0.5887137732752398,-10.225603490420125,0.17416906916369312,2.2199980420866074,1.4927844280236968,-0.33014671447517685,17.369397412822845,0.9455616328872092,True,True
all_nodes,19.650000000000002,0.3331713723505345,False,0.5890665124130007,-10.23235288961843,0.17444633971163556,2.2216709865123567,1.4923101707836395,-0.33018011039871453,17.370454225454967,0.9455647646091215,True,True
all_nodes,19.700000000000003,0.33368975142070667,False,0.5894201028183025,-10.239111670365459,0.1747242566177452,2.2233462797640655,1.491835307524525,-0.3302135375463422,17.371500601026867,0.9455678650472294,True,True
all_nodes,19.75,0.33420680053563956,False,0.5897745432489828,-10.245879846230181,0.175002820452672,2.225023928144553,1.4913598370299042,-0.3302469959294285,17.372536613376205,0.9455709344309079,True,True
all_nodes,19.8,0.334722534767252,False,0.5901298328850438,-10.252657433225213,0.17528203214287416,2.226703938255862,1.490883757969641,-0.33028048566166035,17.37356232797404,0.9455739729645414,True,True
all_nodes,19.85,0.3352369691065178,False,0.5904859713299699,-10.259444445701028,0.17556189226251548,2.228386316220063,1.4904070691613924,-0.33031400671461597,17.374577794953133,0.9455769808068915,True,True
all_nodes,19.900000000000002,0.3357501184718785,False,0.5908429574765989,-10.266240899605162,0.1758424011033308,2.230071067464855,1.4899297692977598,-0.33034755915082314,17.37558308801839,0.9455799581863586,True,True
all_nodes,19.950000000000003,0.33626199770537823,False,0.5912007907830821,-10.273046809646821,0.17612356016495223,2.2317581984256365,1.4894518571395565,-0.3303811429759662,17.37657826208171,0.9455829052754939,True,True
all_nodes,20.0,0.33677262157766563,False,0.5915594701377813,-10.279862192561495,0.17640536967178377,2.2334477152696763,1.4889733313680154,-0.33041475832078504,17.377563392176263,0.9455858223062519,True,True
